Date,Winner,gofpval_student,gofpval_bb7,lam_emp,actual_returns,lam_student,lam_student_ci_lo,lam_student_ci_hi,lam_bb7,lam_bb7_ci_lo,lam_bb7_ci_hi,es_student,es_bb7
2015-06-04,student,1.0,1.0,0.11344678011344678,-7.277385247293802,0.12766666666666668,0.08341675008341674,0.1901901901901902,0.153,0.09676343009676343,0.22022022022022023,-8.035786170749965,-8.165549875175158
2015-06-05,student,1.0,1.0,0.11344678011344678,-7.220437412208912,0.132,0.08341675008341674,0.1901901901901902,0.15233333333333332,0.09676343009676343,0.21688355021688355,-7.918745183969633,-8.036511854193172
2015-06-08,student,1.0,1.0,0.11344678011344678,-6.945571325897765,0.13566666666666669,0.08341675008341676,0.1901901901901902,0.16,0.09676343009676343,0.22022022022022023,-7.9303568225852,-8.040808551981499
2015-06-09,student,1.0,1.0,0.11344678011344678,-5.840672178859421,0.14633333333333334,0.08341675008341676,0.19027360694027354,0.164,0.09676343009676343,0.22022022022022023,-7.812513594031651,-7.8901882519670306
2015-06-10,student,1.0,1.0,0.10677344010677342,-3.3020459312058597,0.13766666666666666,0.08341675008341676,0.19027360694027354,0.15566666666666665,0.09676343009676343,0.21688355021688355,-8.319289949917998,-8.425037479457325
2015-06-11,student,1.0,1.0,0.10343677010343676,-6.308246943119317,0.12466666666666666,0.08341675008341674,0.1901901901901902,0.14233333333333334,0.09676343009676343,0.21688355021688355,-8.302946333212834,-8.398137375077608
2015-06-12,student,1.0,1.0,0.10677344010677342,-7.5401550930270975,0.118,0.08341675008341674,0.1901901901901902,0.136,0.09676343009676343,0.21688355021688355,-8.134597539296637,-8.230156779227087
2015-06-15,student,1.0,1.0,0.10343677010343676,-7.381609270197304,0.12966666666666668,0.08008008008008008,0.18693693693693686,0.14533333333333334,0.09676343009676343,0.21688355021688355,-8.322156905859565,-8.457297216168229
2015-06-16,student,1.0,1.0,0.10677344010677342,-3.292501608270082,0.13233333333333333,0.08341675008341674,0.1901901901901902,0.1486666666666667,0.09676343009676343,0.22022022022022023,-8.634603827812752,-8.773118474316062
2015-06-17,student,1.0,1.0,0.10677344010677342,-0.6122812223228472,0.126,0.08341675008341674,0.1901901901901902,0.147,0.09676343009676343,0.22022022022022023,-8.55072530638971,-8.652224024713032
2015-06-18,student,1.0,1.0,0.10677344010677342,0.9900749516179884,0.126,0.08341675008341674,0.1901901901901902,0.14633333333333332,0.09676343009676343,0.22022022022022023,-8.432381240222186,-8.530640979034258
2015-06-19,student,1.0,1.0,0.10677344010677342,0.9343350772920305,0.13166666666666668,0.08341675008341674,0.1901901901901902,0.147,0.09676343009676343,0.22022022022022023,-8.270494358451455,-8.369686624104764
2015-06-22,student,1.0,1.0,0.10677344010677342,4.3834929077496625,0.13433333333333333,0.08341675008341674,0.1901901901901902,0.14433333333333334,0.09676343009676343,0.21696696696696688,-8.409483007543193,-8.502031623912213
2015-06-23,student,1.0,1.0,0.10677344010677342,3.1329788637510925,0.12433333333333334,0.08341675008341674,0.1901901901901902,0.147,0.09676343009676343,0.22022022022022023,-8.21071193070449,-8.319602679880528
2015-06-24,student,1.0,1.0,0.11344678011344678,1.6593090427885424,0.119,0.08333333333333333,0.1901901901901902,0.13833333333333334,0.09676343009676343,0.22022022022022023,-8.156638469269462,-8.252573324382963
2015-06-25,student,1.0,1.0,0.12012012012012012,3.554877248783172,0.137,0.08341675008341674,0.19352686019352683,0.15533333333333332,0.10001668335001669,0.2236403069736402,-8.650442245320216,-8.755355981150894
2015-06-26,student,1.0,1.0,0.11344678011344678,5.244721321553045,0.14500000000000002,0.08341675008341674,0.19352686019352683,0.16166666666666665,0.09676343009676343,0.22689356022689355,-8.499066046902625,-8.594408010219395
2015-06-29,student,1.0,1.0,0.11344678011344678,3.572725656698074,0.133,0.08008008008008008,0.1901901901901902,0.15566666666666665,0.09676343009676343,0.22355689022355688,-8.251791501149858,-8.324151395699602
2015-06-30,student,1.0,1.0,0.11344678011344678,3.0849325778322014,0.13333333333333333,0.08008008008008008,0.19019019019019015,0.15433333333333332,0.09676343009676343,0.22022022022022023,-8.130263588188075,-8.191148231598344
2015-07-01,student,1.0,1.0,0.11344678011344678,3.710002699878722,0.13899999999999998,0.08341675008341674,0.1901901901901902,0.159,0.09676343009676343,0.22355689022355688,-8.279004986986646,-8.413832768967067
2015-07-02,student,1.0,1.0,0.11011011011011011,2.0296888647919444,0.13799999999999998,0.08341675008341674,0.1901901901901902,0.16233333333333333,0.09668001334668001,0.22355689022355688,-7.993943948780434,-8.10950681232361
2015-07-03,student,1.0,1.0,0.11011011011011011,2.627054386533637,0.13933333333333334,0.08333333333333333,0.1901901901901902,0.15866666666666665,0.09676343009676343,0.22030363697030356,-8.26799148675492,-8.405405697606739
2015-07-06,student,1.0,1.0,0.11678345011678344,0.3972755929173698,0.106,0.07999666332999665,0.18685352018685353,0.12833333333333333,0.09676343009676343,0.22022022022022023,-8.223419219935987,-8.348100443997982
2015-07-07,student,1.0,1.0,0.10677344010677342,1.0691791269959974,0.12233333333333334,0.07999666332999665,0.18685352018685353,0.14566666666666667,0.09668001334668001,0.22355689022355688,-8.20003109287853,-8.315762746917011
2015-07-08,student,1.0,1.0,0.10677344010677342,-1.1738426411482958,0.14833333333333334,0.07674341007674342,0.18685352018685353,0.163,0.09342676009342676,0.22022022022022023,-8.406328405757556,-8.525979146540958
2015-07-09,student,1.0,1.0,0.11344678011344678,-2.1070864833771483,0.13066666666666665,0.07674341007674342,0.19019019019019015,0.151,0.09342676009342676,0.22030363697030356,-8.118020971768106,-8.20589629479766
2015-07-10,student,1.0,1.0,0.11344678011344678,-3.028672829972746,0.14533333333333334,0.0800800800800801,0.1901901901901902,0.17266666666666666,0.09342676009342676,0.22022022022022023,-8.075171596386657,-8.175721502902185
2015-07-13,student,1.0,1.0,0.11344678011344678,-1.0042602730506878,0.13066666666666668,0.0800800800800801,0.1901901901901902,0.15033333333333332,0.09676343009676343,0.22355689022355688,-8.096452802845139,-8.214394181943584
2015-07-14,student,1.0,1.0,0.10343677010343677,-2.4763335447159904,0.147,0.0800800800800801,0.1901901901901902,0.17166666666666666,0.09676343009676343,0.22022022022022023,-8.063500193434972,-8.145294143638917
2015-07-15,student,1.0,1.0,0.11344678011344678,-3.0164952600899526,0.13799999999999998,0.0800800800800801,0.1901901901901902,0.15766666666666665,0.09676343009676343,0.22355689022355688,-7.846189541145384,-7.947270354619662
2015-07-16,student,1.0,1.0,0.11344678011344678,-1.6865483607859253,0.144,0.08008008008008008,0.19019019019019015,0.16333333333333333,0.09668001334668001,0.22355689022355688,-8.002477225107112,-8.106264951744613
2015-07-17,student,1.0,1.0,0.11344678011344678,-1.670924722709585,0.11499999999999999,0.08008008008008008,0.19019019019019015,0.1406666666666667,0.09668001334668001,0.22355689022355688,-7.880701679465186,-7.955751585522952
2015-07-20,student,1.0,1.0,0.11344678011344678,-2.7055868274498573,0.13333333333333333,0.08008008008008008,0.18693693693693686,0.15766666666666665,0.09668001334668001,0.22355689022355688,-7.88539740529933,-7.967575605438339
2015-07-21,student,1.0,1.0,0.11344678011344678,-1.1384964184934667,0.148,0.08008008008008008,0.18693693693693686,0.158,0.09668001334668001,0.22355689022355688,-7.71610886256123,-7.807503371972238
2015-07-22,student,1.0,1.0,0.10677344010677343,2.489223873205793,0.13266666666666665,0.08008008008008008,0.1901901901901902,0.15933333333333333,0.09676343009676343,0.22689356022689355,-8.636880348288633,-8.734403053086156
2015-07-23,student,1.0,1.0,0.10677344010677343,3.899556221498716,0.12666666666666668,0.08008008008008008,0.1901901901901902,0.15,0.10001668335001669,0.22689356022689355,-8.481396160416868,-8.58557486777721
2015-07-24,student,1.0,1.0,0.10677344010677343,2.4748162898284853,0.13899999999999998,0.08008008008008008,0.19019019019019015,0.166,0.1001001001001001,0.22689356022689355,-8.167801106700379,-8.248921824770685
2015-07-27,student,1.0,1.0,0.10677344010677343,-0.44772031690866454,0.15166666666666667,0.08008008008008008,0.1901901901901902,0.17433333333333334,0.1001001001001001,0.22689356022689355,-8.080437118901653,-8.18153766455718
2015-07-28,student,1.0,1.0,0.10677344010677343,-0.2640179953837172,0.14033333333333334,0.08341675008341674,0.1901901901901902,0.15866666666666665,0.1001001001001001,0.2236403069736402,-8.582886413763124,-8.672433091791282
2015-07-29,student,1.0,1.0,0.10677344010677343,-0.9066812306454295,0.148,0.08341675008341676,0.1901901901901902,0.17233333333333334,0.1001001001001001,0.22689356022689355,-8.344806652541488,-8.459176853821823
2015-07-30,student,1.0,1.0,0.10677344010677343,-1.07600611995682,0.125,0.08341675008341676,0.1901901901901902,0.14400000000000002,0.1001001001001001,0.22689356022689355,-8.171920619659131,-8.26320777209933
2015-07-31,student,0.999,1.0,0.10343677010343677,0.7325093884039657,0.1426666666666667,0.08341675008341674,0.1901901901901902,0.165,0.1001001001001001,0.22689356022689355,-8.081345862824264,-8.161764030889264
2015-08-03,student,1.0,1.0,0.10677344010677343,2.85152471983623,0.131,0.08341675008341674,0.1901901901901902,0.14966666666666664,0.1001001001001001,0.22689356022689355,-8.080436752648511,-8.162432091295099
2015-08-04,student,1.0,1.0,0.10677344010677343,0.8465829906366473,0.13566666666666669,0.07674341007674342,0.1901901901901902,0.16,0.10001668335001669,0.22689356022689355,-8.709807493905373,-8.922762097563792
2015-08-05,student,1.0,1.0,0.11011011011011011,-0.04609371208459018,0.15833333333333333,0.08008008008008008,0.18693693693693686,0.18633333333333332,0.10001668335001669,0.22689356022689355,-8.169680119182305,-8.361362156412676
2015-08-06,student,1.0,1.0,0.11011011011011011,0.3800812296038382,0.13366666666666666,0.07999666332999665,0.18693693693693686,0.156,0.10001668335001669,0.22689356022689355,-7.846264800068373,-8.010575761241984
2015-08-07,student,1.0,1.0,0.12012012012012012,1.9883236682288148,0.14666666666666667,0.07674341007674342,0.1901901901901902,0.17266666666666666,0.10001668335001669,0.23023023023023023,-8.033860293995073,-8.220785592987538
2015-08-10,student,1.0,1.0,0.11344678011344678,3.4356614588467727,0.13099999999999998,0.07999666332999666,0.1901901901901902,0.15833333333333333,0.10001668335001669,0.23023023023023023,-8.20265284319773,-8.37505714649565
2015-08-11,student,1.0,1.0,0.11344678011344678,1.4493880094468432,0.119,0.07999666332999666,0.1901901901901902,0.14833333333333332,0.09676343009676343,0.23023023023023023,-8.120338733672636,-8.299633195276233
2015-08-12,student,1.0,1.0,0.11344678011344678,-0.7900865151263761,0.133,0.08008008008008008,0.1901901901901902,0.16133333333333333,0.09676343009676343,0.22689356022689355,-8.170662359330105,-8.305879448677416
2015-08-13,student,1.0,1.0,0.11344678011344678,-1.2277789746827446,0.14233333333333334,0.07999666332999665,0.1901901901901902,0.161,0.09676343009676343,0.22689356022689355,-8.254812313445543,-8.411006285273496
2015-08-14,student,1.0,1.0,0.11344678011344678,-1.8835874343193588,0.12033333333333333,0.07674341007674342,0.19019019019019015,0.1426666666666667,0.09676343009676343,0.22689356022689355,-8.298755296776806,-8.476030336314343
2015-08-17,student,1.0,1.0,0.12012012012012012,-1.890032322446209,0.12833333333333333,0.07674341007674342,0.18685352018685353,0.154,0.09676343009676343,0.22689356022689355,-8.31858295227231,-8.497475409281408
2015-08-18,student,1.0,1.0,0.11678345011678344,-1.1142897589505392,0.132,0.07674341007674342,0.18685352018685353,0.155,0.09676343009676343,0.22355689022355688,-8.298675338119182,-8.472768050769123
2015-08-19,student,1.0,1.0,0.11678345011678344,-1.3205680852973072,0.12933333333333333,0.07674341007674342,0.18685352018685353,0.15533333333333332,0.09676343009676343,0.22355689022355688,-8.113195796889359,-8.27578459936931
2015-08-20,student,1.0,1.0,0.11678345011678344,-4.40762850263207,0.12066666666666666,0.07674341007674342,0.18685352018685353,0.14633333333333332,0.09676343009676343,0.2236403069736402,-7.905208390612781,-8.059838173891732
2015-08-21,student,1.0,1.0,0.11678345011678344,-4.838985186128147,0.13033333333333333,0.07674341007674342,0.18351685018351685,0.16333333333333333,0.09676343009676343,0.22355689022355688,-8.09022264779106,-8.227292949535594
2015-08-24,student,1.0,1.0,0.11678345011678344,-10.572086711129618,0.13266666666666668,0.07674341007674342,0.18351685018351685,0.15366666666666665,0.09668001334668001,0.22355689022355688,-8.05961207011787,-8.205099823039927
2015-08-25,student,1.0,1.0,0.12679346012679346,-5.539540556876874,0.14966666666666667,0.07674341007674342,0.18693693693693686,0.17400000000000002,0.09676343009676343,0.22689356022689355,-8.46140782438355,-8.60440446742126
2015-08-26,student,1.0,1.0,0.1334668001334668,-4.653830377042709,0.12933333333333333,0.07674341007674342,0.19019019019019015,0.15166666666666664,0.09676343009676343,0.23023023023023023,-8.737795866626017,-8.87452018213152
2015-08-27,student,1.0,1.0,0.13680347013680347,-4.023662687056379,0.1436666666666667,0.07674341007674342,0.18685352018685353,0.17033333333333334,0.09676343009676343,0.23023023023023023,-8.377123278363943,-8.529231048741014
2015-08-28,student,1.0,1.0,0.14014014014014012,-4.293503960571034,0.131,0.07674341007674342,0.18685352018685353,0.157,0.09676343009676343,0.22689356022689355,-8.354541835223667,-8.500622061558511
2015-08-31,student,1.0,1.0,0.13680347013680347,-5.62947603541121,0.13033333333333333,0.07674341007674342,0.18685352018685353,0.156,0.09676343009676343,0.2236403069736402,-8.246257047988053,-8.426579898734788
2015-09-01,student,1.0,1.0,0.14014014014014012,-7.976725658070866,0.134,0.07674341007674342,0.18685352018685353,0.16066666666666665,0.09668001334668001,0.22355689022355688,-8.236104188849183,-8.405233474078756
2015-09-02,bb7,1.0,1.0,0.14014014014014012,-9.672302289672606,0.13266666666666668,0.07674341007674342,0.18685352018685353,0.15966666666666665,0.09342676009342676,0.22355689022355688,-8.276570272988149,-8.45597392742122
2015-09-03,bb7,1.0,1.0,0.14014014014014012,-6.366885877307093,0.13,0.07674341007674342,0.18685352018685353,0.15466666666666665,0.09676343009676343,0.22689356022689355,-8.420141311515737,-8.602641823480436
2015-09-04,bb7,1.0,1.0,0.13680347013680347,-8.322043801230834,0.126,0.07674341007674342,0.18685352018685353,0.15366666666666665,0.09342676009342676,0.22355689022355688,-8.24093032419153,-8.388605277887907
2015-09-07,bb7,1.0,1.0,0.16016016016016013,-3.160803396868937,0.13866666666666666,0.07999666332999665,0.1901901901901902,0.17333333333333334,0.10343677010343677,0.23356690023356688,-10.027590346911632,-10.256298109473256
2015-09-08,bb7,1.0,1.0,0.1534868201534868,-5.014046679147658,0.14433333333333334,0.07674341007674342,0.1901901901901902,0.18466666666666667,0.10343677010343677,0.23356690023356688,-9.515359296907318,-9.778239021084666
2015-09-09,bb7,1.0,1.0,0.14681348014681347,-1.758943913810417,0.11733333333333333,0.07674341007674342,0.18685352018685353,0.14466666666666664,0.1001001001001001,0.23023023023023023,-9.37129484515915,-9.623845450563637
2015-09-10,bb7,1.0,1.0,0.14681348014681347,-2.959010581404793,0.13166666666666668,0.07674341007674342,0.18685352018685353,0.16333333333333333,0.1001001001001001,0.23031364698031356,-9.176501809765108,-9.427676754698982
2015-09-11,bb7,1.0,1.0,0.13680347013680347,-3.8936631523588896,0.13,0.07674341007674342,0.18685352018685353,0.156,0.1001001001001001,0.23031364698031356,-8.965014652822378,-9.196211940294175
2015-09-14,bb7,1.0,1.0,0.14681348014681347,-2.646713152872043,0.12666666666666668,0.07674341007674342,0.18693693693693686,0.15966666666666665,0.1001001001001001,0.23356690023356688,-8.88837912051437,-9.10985281300258
2015-09-15,bb7,1.0,1.0,0.1434768101434768,-1.571102442880712,0.1406666666666667,0.07674341007674342,0.18685352018685353,0.17499999999999996,0.10343677010343677,0.23356690023356688,-8.971226780478952,-9.181193473460441
2015-09-16,bb7,1.0,1.0,0.15015015015015012,1.01997792721272,0.14466666666666667,0.07674341007674342,0.19019019019019015,0.17633333333333331,0.10343677010343677,0.23690357023690356,-9.148419493361871,-9.374530427270285
2015-09-18,bb7,1.0,1.0,0.1534868201534868,-0.20510513028712535,0.118,0.07674341007674342,0.19352686019352683,0.15633333333333332,0.10677344010677343,0.24024024024024024,-8.762696323554074,-8.983397561184063
2015-09-21,bb7,1.0,1.0,0.14681348014681347,2.3019398129524027,0.12866666666666668,0.07674341007674342,0.19352686019352683,0.162,0.10677344010677343,0.24024024024024024,-8.873810034939881,-9.08274154633994
2015-09-22,bb7,0.987,0.998,0.15015015015015012,1.351130894431785,0.136,0.07674341007674342,0.1901901901901902,0.17633333333333334,0.10677344010677343,0.24024024024024024,-8.669286302881485,-8.875046234118845
2015-09-23,bb7,1.0,1.0,0.14681348014681347,0.4348516251233326,0.12866666666666668,0.07674341007674342,0.18685352018685353,0.16866666666666666,0.10343677010343677,0.23356690023356688,-8.714407410137785,-8.938980568129445
2015-09-24,bb7,1.0,1.0,0.1434768101434768,-1.9294151576368672,0.148,0.07674341007674342,0.1901901901901902,0.17766666666666667,0.10677344010677343,0.2336503169836502,-8.641287017134625,-8.836013973200195
2015-09-28,bb7,0.998,1.0,0.1434768101434768,-3.551951794097972,0.13266666666666668,0.08008008008008008,0.18693693693693686,0.165,0.10669002335669002,0.24024024024024024,-8.509250268502102,-8.684671903140192
2015-09-29,bb7,0.997,1.0,0.1434768101434768,-2.812503400415787,0.14733333333333334,0.08008008008008008,0.1901901901901902,0.18699999999999997,0.10343677010343677,0.24024024024024024,-8.337267690725145,-8.442537132741192
2015-09-30,bb7,0.997,1.0,0.1434768101434768,-1.5432141667924348,0.137,0.08008008008008008,0.19027360694027354,0.17,0.10669002335669002,0.24024024024024024,-8.216569782272122,-8.35717859135841
2015-10-01,bb7,0.973,0.991,0.1434768101434768,-0.6683944639646526,0.13366666666666666,0.08008008008008008,0.18685352018685353,0.16566666666666666,0.10677344010677343,0.24024024024024024,-8.217431804671978,-8.355920388444547
2015-10-05,bb7,0.997,1.0,0.1434768101434768,0.42785998034282513,0.119,0.08008008008008008,0.19027360694027354,0.14566666666666664,0.10343677010343677,0.24024024024024024,-8.01252896850022,-8.124320979858528
2015-10-06,bb7,0.986,0.998,0.1434768101434768,2.13945339894149,0.125,0.08008008008008008,0.19027360694027354,0.15333333333333332,0.10343677010343677,0.23690357023690356,-7.943999165096799,-8.05013205692037
2015-10-07,bb7,1.0,1.0,0.1434768101434768,2.1986039853921877,0.13233333333333333,0.08008008008008007,0.19027360694027354,0.162,0.10343677010343677,0.23356690023356688,-7.877313159801096,-8.004087517680938
2015-10-08,bb7,1.0,1.0,0.14014014014014012,4.310828494604385,0.14333333333333334,0.07999666332999665,0.18693693693693686,0.18033333333333335,0.10343677010343677,0.23356690023356688,-8.34307111810624,-8.499668231920952
2015-10-09,bb7,0.985,0.998,0.1434768101434768,5.9883740646002845,0.14266666666666666,0.07999666332999665,0.18685352018685353,0.17766666666666667,0.10343677010343677,0.23356690023356688,-8.005872306191977,-8.15481249690484
2015-10-12,bb7,0.988,0.999,0.14014014014014012,5.656066635281977,0.13299999999999998,0.07674341007674342,0.18685352018685353,0.167,0.10343677010343677,0.23356690023356688,-8.040965238877654,-8.157875888463444
2015-10-13,bb7,0.997,1.0,0.14014014014014012,6.921095124661848,0.13566666666666666,0.08333333333333333,0.19019019019019015,0.16433333333333333,0.10669002335669002,0.24024024024024024,-8.342636423000288,-8.526496902277616
2015-10-14,bb7,0.997,1.0,0.14014014014014012,5.074664865800758,0.13133333333333333,0.08008008008008008,0.1901901901901902,0.16033333333333333,0.10343677010343677,0.24024024024024024,-8.079624707490506,-8.27801105120324
2015-10-15,bb7,0.999,1.0,0.14014014014014012,5.173775817159047,0.13666666666666666,0.08008008008008007,0.18693693693693686,0.17066666666666666,0.10343677010343677,0.23356690023356688,-8.379811823122084,-8.581608597519415
2015-10-16,bb7,1.0,1.0,0.1334668001334668,6.264692511167925,0.12633333333333333,0.08008008008008007,0.19019019019019015,0.15233333333333335,0.10343677010343677,0.23356690023356688,-8.105113668842087,-8.299605983138635
2015-10-19,bb7,1.0,1.0,0.14014014014014012,4.477901233102252,0.1406666666666667,0.08008008008008008,0.18693693693693686,0.17066666666666666,0.10343677010343677,0.23356690023356688,-8.016840105886542,-8.236100467115085
2015-10-20,bb7,1.0,1.0,0.13680347013680347,3.4479936231538897,0.123,0.08008008008008007,0.18693693693693686,0.15633333333333332,0.10335335335335336,0.23356690023356688,-8.079647572570815,-8.262873953653525
2015-10-21,bb7,1.0,1.0,0.13680347013680347,2.9327348054425904,0.13433333333333333,0.08008008008008007,0.18685352018685353,0.16033333333333333,0.10343677010343677,0.23356690023356688,-7.812683362982917,-8.007827552888743
2015-10-23,bb7,1.0,1.0,0.1301301301301301,3.912960134152775,0.12433333333333334,0.08008008008008007,0.18685352018685353,0.146,0.10343677010343677,0.23023023023023023,-7.870686862495734,-8.088233480505302
2015-10-26,student,1.0,1.0,0.13680347013680347,2.5077189242723223,0.15533333333333335,0.08008008008008008,0.1901901901901902,0.19166666666666665,0.10343677010343677,0.23023023023023023,-7.835961306862287,-8.025494298195532
2015-10-27,bb7,1.0,1.0,0.14014014014014012,2.7760815782074024,0.11533333333333334,0.07999666332999665,0.18693693693693686,0.14633333333333332,0.10343677010343677,0.23023023023023023,-7.6776428441549385,-7.871936902420338
2015-10-28,bb7,1.0,1.0,0.1334668001334668,3.3091459389921694,0.127,0.07999666332999665,0.18693693693693686,0.158,0.10343677010343677,0.23023023023023023,-7.662422777353421,-7.83291004446001
2015-10-29,bb7,1.0,1.0,0.14014014014014012,3.487538654403887,0.11833333333333333,0.07999666332999665,0.18685352018685353,0.15066666666666664,0.1001001001001001,0.23023023023023023,-7.739038215896022,-7.917826398107336
2015-10-30,bb7,1.0,1.0,0.14014014014014012,0.5894283401527095,0.12533333333333332,0.07674341007674342,0.18685352018685353,0.16033333333333333,0.1001001001001001,0.23023023023023023,-7.692111222025087,-7.89302754639817
2015-11-02,bb7,1.0,1.0,0.1301301301301301,-0.3567747117652875,0.121,0.07674341007674342,0.18351685018351685,0.14933333333333332,0.1001001001001001,0.22355689022355688,-7.801166301413073,-7.9564083043835945
2015-11-03,bb7,1.0,1.0,0.1334668001334668,-0.5986648383990298,0.13933333333333334,0.07674341007674342,0.18360026693360018,0.166,0.1001001001001001,0.22355689022355688,-7.936410906267916,-8.079279874532006
2015-11-04,bb7,1.0,1.0,0.1334668001334668,0.4493590102637175,0.13533333333333333,0.07674341007674342,0.1868535201868535,0.17,0.1001001001001001,0.22355689022355688,-7.843932134149697,-7.986590232907684
2015-11-05,bb7,1.0,1.0,0.1334668001334668,-0.1649646009288599,0.13899999999999998,0.07674341007674342,0.18351685018351685,0.17133333333333334,0.1001001001001001,0.22355689022355688,-8.034569561707979,-8.201642842377256
2015-11-06,bb7,1.0,1.0,0.1334668001334668,-0.4931745089972548,0.144,0.07340674007340674,0.18351685018351685,0.17166666666666666,0.1001001001001001,0.22355689022355688,-7.845980245373033,-8.043410832825861
2015-11-09,student,1.0,1.0,0.13680347013680347,0.6176190863855555,0.10766666666666667,0.07674341007674342,0.18351685018351685,0.14133333333333334,0.1001001001001001,0.22355689022355688,-7.830032521223744,-8.012056430100548
2015-11-10,student,1.0,1.0,0.1334668001334668,-0.5283745567462097,0.13966666666666666,0.07665999332666,0.18351685018351685,0.17766666666666667,0.1001001001001001,0.22355689022355688,-7.6307825783770005,-7.818373420669288
2015-11-13,student,1.0,1.0,0.1334668001334668,-0.9071483139873824,0.12333333333333334,0.07665999332665999,0.18351685018351682,0.14966666666666664,0.09676343009676343,0.22355689022355688,-7.553482875934702,-7.769716184281838
2015-11-16,student,1.0,1.0,0.1334668001334668,-0.2632397199994022,0.12866666666666668,0.07340674007340674,0.1801801801801802,0.15533333333333332,0.09676343009676343,0.22022022022022023,-7.501130970633114,-7.706921766931948
2015-11-17,student,1.0,1.0,0.1334668001334668,0.7798674695740053,0.10866666666666665,0.07665999332666,0.1801801801801802,0.13266666666666668,0.09676343009676343,0.22355689022355688,-7.503860511541107,-7.693418055607511
2015-11-18,student,1.0,1.0,0.1334668001334668,-1.2953763882358795,0.115,0.07340674007340674,0.1801801801801802,0.14466666666666664,0.09676343009676343,0.22022022022022023,-7.537897501952953,-7.753575402664359
2015-11-19,student,1.0,1.0,0.1334668001334668,-0.1297760249022748,0.133,0.07665999332665999,0.1801801801801802,0.163,0.09676343009676343,0.22022022022022023,-7.551723980420398,-7.8090092400749205
2015-11-20,student,1.0,1.0,0.1334668001334668,-1.7317093372420693,0.13966666666666666,0.07674341007674342,0.1801801801801802,0.18033333333333335,0.09676343009676343,0.22022022022022023,-7.51952443164458,-7.752495948294971
2015-11-23,student,1.0,1.0,0.1334668001334668,-1.1439151049613496,0.135,0.07665999332665999,0.18018018018018014,0.15966666666666665,0.09676343009676343,0.22022022022022023,-7.652330708593378,-7.839153467603688
2015-11-24,student,1.0,1.0,0.1334668001334668,-1.6939233392532071,0.138,0.07340674007340674,0.18018018018018014,0.16766666666666666,0.09676343009676343,0.22022022022022023,-7.694404663068915,-7.907742572840591
2015-11-26,student,1.0,1.0,0.1334668001334668,-1.1871260535269348,0.11633333333333333,0.07340674007340674,0.17692692692692685,0.14866666666666664,0.09676343009676343,0.22022022022022023,-7.639479138289772,-7.844912905093582
2015-11-27,student,1.0,1.0,0.1301301301301301,1.010417463812583,0.13833333333333334,0.07340674007340674,0.18018018018018014,0.17333333333333334,0.09668001334668001,0.22022022022022023,-7.810809411172509,-8.031716423552552
2015-11-30,student,1.0,1.0,0.1301301301301301,2.221569624678578,0.11166666666666668,0.07340674007340674,0.17692692692692685,0.13966666666666663,0.09668001334668001,0.22022022022022023,-7.699865888936179,-7.9090196818542555
2015-12-01,student,1.0,1.0,0.13680347013680347,2.7331168935188703,0.14366666666666666,0.07340674007340674,0.17684351017684352,0.165,0.09676343009676343,0.22022022022022023,-7.782733609985496,-8.00579383165282
2015-12-02,student,1.0,1.0,0.13680347013680347,0.965920163472116,0.12866666666666668,0.07340674007340674,0.17684351017684352,0.16566666666666666,0.09668001334668001,0.22022022022022023,-7.685714244897564,-7.872548905999426
2015-12-03,student,1.0,1.0,0.13680347013680347,1.5962604702926884,0.13533333333333333,0.07340674007340674,0.17684351017684352,0.16333333333333333,0.09668001334668001,0.21688355021688355,-7.600985328787982,-7.800748199823922
2015-12-04,student,1.0,1.0,0.13680347013680347,-0.0604324483048394,0.12633333333333333,0.07340674007340674,0.1801801801801802,0.159,0.09676343009676343,0.22022022022022023,-7.29261892901411,-7.474406156162717
2015-12-07,student,1.0,1.0,0.13680347013680347,0.2597857043602527,0.11933333333333333,0.07674341007674342,0.1801801801801802,0.14133333333333334,0.09676343009676343,0.22022022022022023,-7.423090700194408,-7.628920086448796
2015-12-08,student,1.0,1.0,0.12679346012679346,0.16039677743842307,0.124,0.07340674007340674,0.18018018018018014,0.156,0.09676343009676343,0.22022022022022023,-7.214601271776195,-7.430290451545416
2015-12-09,student,1.0,1.0,0.12679346012679346,-1.2376761314700346,0.13,0.07340674007340674,0.17684351017684352,0.16033333333333333,0.10001668335001669,0.22355689022355688,-7.375874552087141,-7.5659377495714235
2015-12-10,student,1.0,1.0,0.12679346012679346,-3.265218207842062,0.11933333333333333,0.07340674007340674,0.17684351017684352,0.15666666666666665,0.09676343009676343,0.22355689022355688,-7.108728346967044,-7.324238011979999
2015-12-11,student,1.0,1.0,0.1334668001334668,-4.986424354585412,0.12333333333333334,0.07340674007340674,0.17359025692359017,0.16233333333333333,0.10001668335001669,0.22022022022022023,-7.331860093052745,-7.559920862905614
2015-12-14,student,0.992,1.0,0.1334668001334668,-5.270388871229611,0.12366666666666666,0.07340674007340674,0.17684351017684352,0.16166666666666665,0.09676343009676343,0.23023023023023023,-7.239213540914622,-7.449135140914341
2015-12-15,student,0.997,1.0,0.13680347013680347,-4.16457409165222,0.12466666666666665,0.07340674007340674,0.17684351017684352,0.15366666666666665,0.09676343009676343,0.22689356022689355,-7.361958466911566,-7.59352386057305
2015-12-16,student,0.993,1.0,0.13680347013680347,-2.3236033695408853,0.13,0.07340674007340674,0.17350684017350684,0.169,0.09676343009676343,0.22689356022689355,-7.305818980446457,-7.541622939751774
2015-12-17,student,0.997,1.0,0.14014014014014012,0.04056602174959778,0.119,0.07340674007340674,0.17359025692359017,0.151,0.09676343009676343,0.22689356022689355,-7.33618219612376,-7.574857094751129
2015-12-18,student,0.998,1.0,0.14014014014014012,-0.8973227608102075,0.134,0.07340674007340674,0.17359025692359017,0.17066666666666666,0.10001668335001669,0.23023023023023023,-7.221805545521453,-7.434157618894425
2015-12-21,student,0.998,1.0,0.1334668001334668,-0.22558393066521976,0.126,0.07340674007340674,0.17684351017684352,0.155,0.1001001001001001,0.23023023023023023,-7.1894697887512,-7.386772561353986
2015-12-22,student,0.998,1.0,0.1334668001334668,-0.6848681879795327,0.122,0.07340674007340674,0.17684351017684352,0.165,0.1001001001001001,0.23023023023023023,-7.144131269536109,-7.33473543790485
2015-12-23,student,1.0,1.0,0.13680347013680347,1.4719313092501773,0.11533333333333333,0.07340674007340674,0.17684351017684352,0.1396666666666667,0.09676343009676343,0.23023023023023023,-7.062056820721251,-7.275658094545194
2015-12-24,student,0.998,1.0,0.13680347013680347,1.719474583002445,0.136,0.07340674007340674,0.17684351017684352,0.17233333333333334,0.09676343009676343,0.23023023023023023,-6.987629293605476,-7.191106814942237
2015-12-28,student,1.0,1.0,0.13680347013680347,3.71547682010632,0.11399999999999999,0.07340674007340674,0.17350684017350684,0.14733333333333332,0.10001668335001669,0.23023023023023023,-7.187271037434252,-7.419255704071092
2015-12-29,student,0.998,1.0,0.1334668001334668,2.940729514493104,0.10866666666666665,0.07340674007340674,0.17359025692359017,0.14666666666666664,0.09676343009676343,0.22689356022689355,-7.139954199935419,-7.372072728343221
2015-12-30,student,0.998,1.0,0.1301301301301301,1.0048255948594038,0.09833333333333334,0.07340674007340674,0.1768435101768435,0.133,0.10001668335001669,0.23023023023023023,-7.156997743191622,-7.375545188865897
2015-12-31,student,0.998,1.0,0.1301301301301301,0.818370524465456,0.12533333333333332,0.07340674007340674,0.17359025692359017,0.16166666666666665,0.09676343009676343,0.23023023023023023,-7.151515578082864,-7.408056897480167
2016-01-01,student,0.998,1.0,0.1301301301301301,0.6040076217747338,0.10866666666666668,0.07340674007340674,0.17359025692359017,0.146,0.09676343009676343,0.23023023023023023,-7.126810288303632,-7.392036940888312
2016-01-04,student,0.998,1.0,0.1301301301301301,-0.769422283893141,0.12633333333333333,0.07340674007340674,0.17350684017350684,0.16133333333333333,0.09676343009676343,0.23023023023023023,-7.330570755209666,-7.557505056047568
2016-01-05,student,0.998,1.0,0.12679346012679346,-2.577340857749226,0.11833333333333333,0.07340674007340674,0.17350684017350684,0.14533333333333331,0.09676343009676343,0.23023023023023023,-7.139666218481531,-7.385267729610523
2016-01-06,student,0.998,1.0,0.1301301301301301,-2.6940779925448815,0.12566666666666668,0.07340674007340674,0.17350684017350684,0.16866666666666666,0.09676343009676343,0.22697697697697689,-7.235588641410596,-7.434636886187647
2016-01-07,student,0.999,1.0,0.1301301301301301,-7.149273513184051,0.11333333333333334,0.07340674007340674,0.17359025692359017,0.13899999999999998,0.09676343009676343,0.23023023023023023,-7.203726371198072,-7.441016935716481
2016-01-08,student,0.998,1.0,0.12679346012679346,-6.579897325068371,0.13866666666666666,0.07340674007340674,0.17359025692359017,0.16866666666666666,0.09676343009676343,0.23023023023023023,-7.075918416220164,-7.336003803105688
2016-01-11,student,0.997,1.0,0.12679346012679346,-7.83303738406631,0.134,0.07340674007340674,0.17350684017350684,0.171,0.09676343009676343,0.23023023023023023,-6.9442177300817125,-7.168023671494597
2016-01-12,bb7,0.998,1.0,0.12679346012679346,-8.25128807862479,0.12366666666666666,0.07340674007340674,0.17359025692359017,0.15966666666666665,0.10001668335001669,0.23023023023023023,-7.016335891160416,-7.2254330211125
2016-01-13,bb7,0.998,1.0,0.12679346012679346,-5.62246282340887,0.12133333333333333,0.07340674007340674,0.17350684017350684,0.15166666666666664,0.09676343009676343,0.23023023023023023,-7.1155288078049175,-7.324148870302037
2016-01-14,bb7,0.998,1.0,0.1301301301301301,-6.299245681707515,0.13299999999999998,0.07340674007340674,0.17350684017350684,0.17766666666666667,0.09676343009676343,0.23023023023023023,-7.023621877987729,-7.225652199132619
2016-01-15,bb7,0.997,1.0,0.1301301301301301,-10.186954951203111,0.123,0.07340674007340674,0.17350684017350684,0.155,0.09676343009676343,0.23023023023023023,-7.037842924860947,-7.276770883782836
2016-01-18,bb7,0.994,1.0,0.13680347013680347,-7.799803887828711,0.12333333333333334,0.07340674007340674,0.17350684017350684,0.16033333333333333,0.1001001001001001,0.23690357023690356,-7.648902478351063,-7.944020879322434
2016-01-19,bb7,0.994,0.999,0.13680347013680347,-5.395506916146512,0.119,0.07340674007340674,0.17350684017350684,0.15366666666666665,0.1001001001001001,0.23356690023356688,-7.711664801854922,-7.989783475688546
2016-01-20,bb7,0.995,0.999,0.13680347013680347,-7.50527327632615,0.12033333333333333,0.07340674007340674,0.17350684017350684,0.15266666666666664,0.1001001001001001,0.23356690023356688,-7.645329906098141,-7.9263429517199055
2016-01-21,bb7,0.995,1.0,0.14681348014681347,-4.96210820147721,0.12566666666666668,0.0767434100767434,0.17684351017684352,0.16266666666666665,0.1001001001001001,0.23690357023690356,-8.45086954264476,-8.718121746993202
2016-01-22,bb7,0.991,0.999,0.13680347013680347,-3.651121350788409,0.12933333333333333,0.07665999332665999,0.1768435101768435,0.16233333333333333,0.1001001001001001,0.23690357023690356,-7.957743579858723,-8.208316380315503
2016-01-25,bb7,0.991,1.0,0.14681348014681347,-3.7752788881154835,0.13499999999999998,0.07340674007340674,0.17684351017684352,0.17433333333333334,0.1001001001001001,0.23690357023690356,-7.770186098743631,-8.032251274076954
2016-01-27,bb7,0.994,1.0,0.14681348014681347,-2.8600444933295592,0.11800000000000001,0.07340674007340674,0.17684351017684352,0.15766666666666665,0.1001001001001001,0.23690357023690356,-7.702298442084239,-7.970831613154465
2016-01-28,bb7,0.993,1.0,0.14681348014681347,-4.4222676583052305,0.12133333333333333,0.07340674007340674,0.17684351017684352,0.163,0.1001001001001001,0.23690357023690356,-7.687000099574546,-7.9458411442871615
2016-01-29,bb7,0.997,1.0,0.13680347013680347,-3.028766017565846,0.123,0.07340674007340674,0.17684351017684352,0.14600000000000002,0.1001001001001001,0.23690357023690356,-7.885021459105102,-8.173322906592448
2016-02-01,bb7,0.991,1.0,0.14681348014681347,-1.2036501708703242,0.13066666666666668,0.07340674007340674,0.17684351017684352,0.17866666666666667,0.11011011011011011,0.2535869202535869,-8.620680552155523,-8.983124990899913
2016-02-02,bb7,0.993,1.0,0.15015015015015015,-1.8109379084187172,0.13,0.07340674007340674,0.17684351017684352,0.17900000000000002,0.11011011011011011,0.2535869202535869,-8.418098862205039,-8.779721110405138
2016-02-03,bb7,0.99,1.0,0.15015015015015015,-4.200212069466884,0.12033333333333333,0.07340674007340674,0.17684351017684352,0.16633333333333333,0.11011011011011011,0.2535869202535869,-8.14070379977483,-8.473090817612167
2016-02-04,bb7,0.989,1.0,0.14681348014681347,-0.3686367159632673,0.13533333333333333,0.07340674007340674,0.17692692692692685,0.19299999999999998,0.11344678011344678,0.2535869202535869,-8.727263702055673,-9.077098783973058
2016-02-05,bb7,0.983,1.0,0.13680347013680347,2.52129904507126,0.123,0.07665999332665999,0.17684351017684352,0.17866666666666667,0.11336336336336336,0.2535869202535869,-8.586664267925444,-8.945419038029994
2016-02-08,bb7,0.998,1.0,0.13680347013680347,-0.8403393578382896,0.13,0.07340674007340674,0.17684351017684352,0.171,0.10343677010343677,0.23690357023690356,-8.730394485205691,-9.101442898783747
2016-02-09,bb7,0.989,1.0,0.13680347013680347,-3.310375073651315,0.11233333333333334,0.07340674007340674,0.17684351017684352,0.14200000000000002,0.10343677010343677,0.23690357023690356,-8.599746423484678,-8.93018893634342
2016-02-10,bb7,0.997,1.0,0.13680347013680347,-6.217587542976515,0.12533333333333332,0.07340674007340674,0.17350684017350684,0.17066666666666666,0.10343677010343677,0.23690357023690356,-8.247053776769816,-8.607907729514077
2016-02-11,bb7,0.987,0.999,0.14014014014014012,-10.143640683807645,0.124,0.07665999332665999,0.17359025692359017,0.16966666666666666,0.10343677010343677,0.23690357023690356,-8.185317395311841,-8.556246928926893
2016-02-12,bb7,0.987,1.0,0.14014014014014012,-8.711046946420732,0.13999999999999999,0.07340674007340674,0.17350684017350684,0.18800000000000003,0.10669002335669002,0.2336503169836502,-8.315125216085287,-8.66691764920293
2016-02-15,bb7,0.989,1.0,0.14014014014014012,-4.025464219161354,0.12466666666666666,0.07340674007340674,0.17350684017350684,0.16633333333333333,0.10343677010343677,0.23356690023356688,-8.195207448551308,-8.562881579551508
2016-02-16,bb7,0.998,1.0,0.14014014014014012,-6.291522748360331,0.12066666666666666,0.07340674007340674,0.17350684017350684,0.16666666666666666,0.10343677010343677,0.23356690023356688,-8.037131795685667,-8.372413958516157
2016-02-17,bb7,0.998,1.0,0.14014014014014012,-3.501473384728517,0.13233333333333333,0.07340674007340674,0.17350684017350684,0.17066666666666666,0.10669002335669002,0.23031364698031356,-8.233536921406472,-8.570329413354035
2016-02-18,bb7,0.998,1.0,0.14014014014014012,-2.818070475169245,0.13233333333333333,0.07340674007340674,0.17350684017350684,0.17366666666666666,0.10343677010343677,0.23356690023356688,-8.059340653652871,-8.362768042772622
2016-02-19,bb7,0.997,1.0,0.1334668001334668,-3.517678963036223,0.13333333333333333,0.07340674007340674,0.17350684017350684,0.17433333333333334,0.10677344010677343,0.23690357023690356,-7.9175114421565915,-8.234840156519407
2016-02-22,bb7,0.991,1.0,0.1334668001334668,-0.9915231024460001,0.13033333333333333,0.07340674007340674,0.17350684017350684,0.17700000000000002,0.10669002335669002,0.24024024024024024,-8.212950417775824,-8.542959927538552
2016-02-23,bb7,0.989,1.0,0.13680347013680347,-0.005894552447901269,0.11566666666666668,0.07340674007340674,0.17359025692359017,0.15766666666666665,0.10677344010677343,0.2435769102435769,-8.519869169874248,-8.867013867278043
2016-02-24,bb7,0.998,1.0,0.13680347013680347,1.5488865452331644,0.12633333333333333,0.07674341007674342,0.17684351017684352,0.17700000000000002,0.10677344010677343,0.24024024024024024,-9.226200286613228,-9.58598984089254
2016-02-25,bb7,0.976,0.998,0.14014014014014012,3.4469799249084656,0.12133333333333333,0.07340674007340674,0.17684351017684352,0.17466666666666666,0.10677344010677343,0.24366032699366022,-9.50724616821996,-9.845939868382985
2016-02-26,student,0.987,1.0,0.14014014014014012,2.413885971759378,0.13933333333333334,0.07340674007340674,0.17350684017350684,0.19033333333333333,0.1100266933600267,0.24691358024691357,-9.05915800246349,-9.383906563881911
2016-02-29,bb7,0.997,1.0,0.14014014014014012,-2.2072016885164176,0.11333333333333333,0.07674341007674342,0.17684351017684352,0.15733333333333333,0.10677344010677343,0.24366032699366022,-9.504336301594961,-9.847302226805459
2016-03-01,bb7,0.998,1.0,0.1334668001334668,3.7330203893790848,0.10200000000000002,0.07674341007674342,0.17684351017684352,0.13933333333333334,0.1100266933600267,0.24691358024691357,-10.68953186403945,-11.03154587316879
2016-03-02,bb7,0.997,1.0,0.12679346012679346,6.217132598029515,0.12233333333333334,0.07674341007674342,0.17684351017684352,0.17466666666666666,0.11011011011011011,0.24691358024691357,-10.107835917509437,-10.482942423559663
2016-03-03,bb7,0.997,1.0,0.1334668001334668,6.742350477662465,0.125,0.07674341007674342,0.17692692692692685,0.17299999999999996,0.11011011011011011,0.24691358024691357,-10.017639792746312,-10.371455661128241
2016-03-04,bb7,0.998,1.0,0.1434768101434768,6.849039785870608,0.1386666666666667,0.07674341007674342,0.18351685018351685,0.17966666666666664,0.11011011011011011,0.2469969969969969,-9.530672459919925,-9.890771055057906
2016-03-08,bb7,0.997,1.0,0.1434768101434768,4.445157540281333,0.12733333333333333,0.07340674007340674,0.17684351017684352,0.17600000000000002,0.11011011011011011,0.2502502502502502,-9.633638305883688,-10.002258612233467
2016-03-09,bb7,0.997,1.0,0.13680347013680347,7.106344766021708,0.11333333333333334,0.07674341007674342,0.17692692692692685,0.159,0.11011011011011011,0.2469969969969969,-9.572305960680492,-9.96700601246888
2016-03-10,bb7,0.998,1.0,0.14014014014014012,7.227678684171364,0.12933333333333333,0.07340674007340674,0.17684351017684352,0.17666666666666667,0.10677344010677343,0.24366032699366022,-9.382609081851621,-9.750896120456149
2016-03-11,bb7,0.998,1.0,0.1334668001334668,9.564993253056752,0.11933333333333333,0.07340674007340674,0.17684351017684352,0.15433333333333332,0.10677344010677343,0.24691358024691357,-9.203929587661504,-9.55977966202586
2016-03-14,bb7,0.998,1.0,0.1334668001334668,9.343371747667506,0.12533333333333332,0.07340674007340674,0.17684351017684352,0.16366666666666665,0.10677344010677343,0.24691358024691357,-9.012210918237319,-9.314723729497533
2016-03-15,bb7,0.998,1.0,0.1434768101434768,9.923103334998071,0.12566666666666668,0.07665999332665999,0.17684351017684352,0.16966666666666666,0.10677344010677343,0.24691358024691357,-8.844076277351714,-9.050205336052395
2016-03-16,bb7,0.998,1.0,0.13680347013680347,7.80965750556052,0.11933333333333333,0.07665999332666,0.17692692692692685,0.16466666666666666,0.11011011011011011,0.2502502502502502,-8.714699873607447,-8.98285579035386
2016-03-17,bb7,0.998,1.0,0.1301301301301301,4.077942427084305,0.12666666666666668,0.07665999332666,0.17692692692692685,0.16166666666666665,0.10677344010677343,0.2369869869869869,-9.93642412572889,-10.219380226062722
2016-03-18,bb7,0.998,1.0,0.1434768101434768,3.7198218367394498,0.11733333333333333,0.07340674007340674,0.17684351017684352,0.16466666666666666,0.11011011011011011,0.2469969969969969,-9.737288974090868,-10.013592812405154
2016-03-21,bb7,1.0,1.0,0.1434768101434768,4.670555581303002,0.11566666666666668,0.07340674007340674,0.17684351017684352,0.15633333333333332,0.11011011011011011,0.2469969969969969,-9.372808570750134,-9.620168406617946
2016-03-22,bb7,1.0,1.0,0.1434768101434768,5.870593270066528,0.13733333333333334,0.07340674007340674,0.17684351017684352,0.18233333333333335,0.11011011011011011,0.2502502502502502,-9.341814513037487,-9.61547939953535
2016-03-23,bb7,0.989,1.0,0.12679346012679346,5.365065518953919,0.12933333333333333,0.07665999332665999,0.17684351017684352,0.17166666666666666,0.10677344010677343,0.24024024024024024,-8.983478476595334,-9.250121344740908
2016-03-28,bb7,0.991,1.0,0.12679346012679346,4.19401180510054,0.112,0.07665999332665999,0.17684351017684352,0.15466666666666665,0.10677344010677343,0.2369869869869869,-8.879531876635683,-9.149126592374605
2016-03-29,bb7,0.998,1.0,0.13680347013680347,3.9624945211324047,0.13133333333333333,0.07665999332665999,0.17359025692359017,0.17200000000000001,0.10677344010677343,0.23690357023690356,-8.42782059269384,-8.68744111299849
2016-03-30,bb7,0.997,1.0,0.13680347013680347,5.061785257081519,0.11399999999999999,0.07340674007340674,0.17359025692359017,0.15866666666666665,0.10677344010677343,0.23690357023690356,-8.0149078044335,-8.252294605956209
2016-03-31,bb7,0.998,1.0,0.13680347013680347,5.556569553368567,0.12366666666666666,0.07665999332665999,0.1768435101768435,0.163,0.10677344010677343,0.23690357023690356,-7.882974491994917,-8.150813671727736
2016-04-01,bb7,0.998,1.0,0.14014014014014012,4.5470429404567625,0.10899999999999999,0.07340674007340674,0.1768435101768435,0.15866666666666665,0.10677344010677343,0.23690357023690356,-7.765765467159857,-8.039186157954541
2016-04-04,bb7,0.998,1.0,0.1334668001334668,5.290640617601623,0.12266666666666666,0.07665999332665999,0.17684351017684352,0.16566666666666666,0.10677344010677343,0.23690357023690356,-7.579791230004395,-7.815235858765989
2016-04-05,bb7,0.998,1.0,0.14014014014014012,0.5173281715611964,0.129,0.07665999332666,0.17684351017684352,0.17500000000000002,0.10677344010677343,0.23690357023690356,-7.574686831897823,-7.802714954955697
2016-04-06,bb7,0.998,1.0,0.14014014014014012,-1.6745204933031632,0.11666666666666665,0.07340674007340674,0.17684351017684352,0.159,0.10677344010677343,0.23690357023690356,-7.744158054832371,-7.956283322988309
2016-04-07,bb7,0.998,1.0,0.1334668001334668,-2.654575282208831,0.11733333333333333,0.07674341007674342,0.17684351017684352,0.15666666666666665,0.10677344010677343,0.23690357023690356,-7.489585804547885,-7.715905789431853
2016-04-08,bb7,0.997,1.0,0.1301301301301301,-3.7080384728702356,0.122,0.07674341007674342,0.17684351017684352,0.167,0.1100266933600267,0.24024024024024024,-7.440105813773964,-7.697769125499772
2016-04-11,bb7,0.998,1.0,0.1334668001334668,1.1298956309421668,0.09900000000000002,0.07665999332666,0.17684351017684352,0.141,0.10677344010677343,0.24024024024024024,-8.107199304011631,-8.362226149562211
2016-04-12,bb7,0.998,1.0,0.1334668001334668,1.305956966893807,0.128,0.07340674007340674,0.17684351017684352,0.17333333333333334,0.10677344010677343,0.24024024024024024,-7.92622174505299,-8.15237207370544
2016-04-13,bb7,0.998,1.0,0.1334668001334668,0.8640867478769946,0.12533333333333332,0.07340674007340674,0.17359025692359017,0.16333333333333333,0.10677344010677343,0.24024024024024024,-7.847817620454103,-8.075091036750392
2016-04-18,bb7,0.998,1.0,0.14014014014014012,1.5761087264176648,0.124,0.07340674007340674,0.17684351017684352,0.16833333333333333,0.10677344010677343,0.24024024024024024,-7.952637124171209,-8.158326564533773
2016-04-20,bb7,0.999,1.0,0.1434768101434768,2.2733217721961,0.11033333333333332,0.07340674007340674,0.17692692692692685,0.14566666666666664,0.10677344010677343,0.24024024024024024,-7.746048368976257,-7.976074499689213
2016-04-21,bb7,0.998,1.0,0.13680347013680347,1.9437593995150144,0.13033333333333333,0.07674341007674342,0.17684351017684352,0.17833333333333334,0.10677344010677343,0.24024024024024024,-7.586800683049095,-7.798878943334377
2016-04-22,bb7,0.991,1.0,0.13680347013680347,5.283632135687884,0.11433333333333333,0.07674341007674342,0.1801801801801802,0.158,0.1100266933600267,0.2435769102435769,-8.646650365363366,-8.884728908629015
2016-04-25,bb7,0.998,1.0,0.13680347013680347,4.652923439670484,0.13566666666666669,0.07674341007674342,0.17684351017684352,0.18499999999999997,0.10677344010677343,0.2435769102435769,-8.356649861975502,-8.621673431114464
2016-04-26,bb7,0.997,1.0,0.13680347013680347,7.033339870771246,0.11966666666666666,0.07674341007674342,0.1801801801801802,0.16633333333333333,0.10677344010677343,0.2435769102435769,-8.245745219139241,-8.516051781301565
2016-04-27,bb7,0.986,1.0,0.13680347013680347,7.451997254483525,0.11833333333333333,0.07674341007674342,0.1801801801801802,0.169,0.11011011011011011,0.2435769102435769,-8.266520544057814,-8.538960043983048
2016-04-28,bb7,0.988,1.0,0.13680347013680347,2.9186055720259505,0.12833333333333333,0.07674341007674342,0.1801801801801802,0.16966666666666666,0.11011011011011011,0.2435769102435769,-8.169057219585866,-8.415588911544857
2016-04-29,bb7,0.986,1.0,0.13680347013680347,1.3492676717067487,0.12166666666666666,0.07674341007674342,0.1801801801801802,0.17433333333333334,0.11011011011011011,0.2435769102435769,-7.872767299445808,-8.08818049939767
2016-05-02,student,0.987,1.0,0.1334668001334668,-1.2058255446525665,0.12833333333333333,0.07674341007674342,0.18026359693026353,0.17133333333333334,0.11344678011344678,0.2502502502502502,-7.953878221925997,-8.161347528640633
2016-05-03,student,0.988,1.0,0.13680347013680347,-2.8596232536529715,0.10833333333333332,0.07674341007674342,0.1801801801801802,0.15366666666666665,0.11011011011011011,0.24366032699366022,-7.9781950903187004,-8.207914591716232
2016-05-04,student,0.988,1.0,0.13680347013680347,-4.988344401758886,0.12766666666666668,0.07674341007674342,0.18018018018018014,0.18200000000000002,0.11011011011011011,0.2435769102435769,-7.749977119109986,-7.972007289012823
2016-05-05,student,0.988,1.0,0.13680347013680347,-5.373560712598688,0.13033333333333333,0.07665999332665999,0.17684351017684352,0.18366666666666664,0.1100266933600267,0.2435769102435769,-7.878315109702044,-8.127087759789841
2016-05-06,student,0.997,1.0,0.13680347013680347,-4.685772784697551,0.126,0.07340674007340674,0.17684351017684352,0.17133333333333334,0.10677344010677343,0.2435769102435769,-7.816298070994589,-8.054948277957434
2016-05-09,student,0.986,1.0,0.13680347013680347,-3.090384933652925,0.12733333333333333,0.07340674007340674,0.1768435101768435,0.17066666666666666,0.1100266933600267,0.2435769102435769,-7.771302594306138,-7.967626833582416
2016-05-10,student,0.986,1.0,0.13680347013680347,-4.392314451463246,0.12533333333333332,0.07340674007340674,0.17350684017350684,0.17766666666666667,0.11011011011011011,0.2435769102435769,-7.561307893004315,-7.797768382087834
2016-05-11,student,0.998,1.0,0.1434768101434768,-5.517773205859241,0.125,0.07665999332665999,0.17350684017350684,0.165,0.10677344010677343,0.24032365699032357,-7.752943151326616,-7.983132257904213
2016-05-12,student,0.998,1.0,0.1434768101434768,-2.6434357745550248,0.11133333333333334,0.07674341007674342,0.1801801801801802,0.15066666666666664,0.11011011011011011,0.2435769102435769,-7.920226227130242,-8.192566037086504
2016-05-13,student,0.998,1.0,0.1434768101434768,-2.787423492595047,0.12366666666666666,0.07674341007674342,0.17692692692692685,0.17733333333333334,0.11011011011011011,0.2435769102435769,-7.923966521237503,-8.192831096252345
2016-05-16,student,0.991,1.0,0.13680347013680347,-2.4341303498166145,0.12333333333333334,0.07674341007674342,0.17692692692692685,0.16333333333333333,0.11011011011011011,0.2435769102435769,-7.814410533855821,-8.06559264487317
2016-05-17,student,0.999,1.0,0.1434768101434768,-1.9867977071807967,0.12766666666666668,0.07674341007674342,0.1801801801801802,0.16566666666666666,0.11011011011011011,0.2435769102435769,-7.845977315026809,-8.162405587237643
2016-05-18,student,0.998,1.0,0.1434768101434768,-0.19430782431384958,0.13799999999999998,0.07665999332665999,0.1768435101768435,0.19299999999999998,0.11344678011344678,0.2503336670003336,-8.886135807476101,-9.28926055897143
2016-05-19,student,0.998,1.0,0.1434768101434768,-2.131961157085309,0.10799999999999998,0.07340674007340674,0.17359025692359017,0.15166666666666667,0.11344678011344678,0.2535869202535869,-8.73299606919222,-9.156699860031786
2016-05-20,student,0.998,1.0,0.1434768101434768,-3.547244968882909,0.13233333333333333,0.07340674007340674,0.17359025692359017,0.19000000000000003,0.11344678011344678,0.2535869202535869,-8.5927379058198,-9.034033800825307
2016-05-23,student,0.998,1.0,0.15015015015015015,-5.230646276048569,0.146,0.07340674007340674,0.17359025692359017,0.20433333333333334,0.11011011011011011,0.2435769102435769,-8.520414542019903,-8.862671237885966
2016-05-24,student,0.998,1.0,0.1434768101434768,-4.468028798025502,0.10866666666666668,0.07340674007340674,0.17684351017684352,0.15266666666666664,0.11011011011011011,0.24032365699032357,-8.51377214892703,-8.832866895213709
2016-05-25,student,0.998,1.0,0.1434768101434768,-0.7892168774637165,0.13966666666666666,0.07340674007340674,0.17684351017684352,0.19099999999999998,0.11011011011011011,0.24032365699032357,-8.563544187259886,-8.880835875743548
2016-05-26,student,0.998,1.0,0.1434768101434768,0.6084258830489802,0.12066666666666666,0.07340674007340674,0.17684351017684352,0.17266666666666666,0.11011011011011011,0.24024024024024024,-8.343490536891826,-8.6438765248964
2016-05-27,student,0.998,1.0,0.14681348014681347,4.018485119402871,0.12266666666666666,0.07340674007340674,0.17692692692692685,0.17433333333333334,0.10677344010677343,0.23690357023690356,-8.365000554076554,-8.658532299712707
2016-05-30,student,0.998,1.0,0.14681348014681347,5.9904828658301374,0.11699999999999999,0.07665999332665999,0.18018018018018014,0.15933333333333333,0.10669002335669002,0.23356690023356688,-8.584556831771344,-8.875676718732935
2016-05-31,student,0.998,1.0,0.14681348014681347,8.932801503021258,0.10933333333333332,0.07340674007340674,0.17359025692359017,0.15033333333333332,0.10669002335669002,0.23356690023356688,-8.321205083252305,-8.606591210914534
2016-06-01,student,0.987,1.0,0.14014014014014015,8.148453538046322,0.13799999999999998,0.07340674007340674,0.17350684017350684,0.18866666666666668,0.11011011011011011,0.2502502502502502,-8.179227861902266,-8.528305403518624
2016-06-02,student,0.998,1.0,0.14014014014014015,10.414423109452304,0.11566666666666665,0.0767434100767434,0.17350684017350684,0.159,0.11011011011011011,0.24366032699366022,-8.523338841002811,-8.905527414943078
2016-06-03,student,0.985,1.0,0.14014014014014015,11.375743595452532,0.12466666666666666,0.07665999332665999,0.1768435101768435,0.171,0.11011011011011011,0.24691358024691357,-8.268958429432097,-8.615706307529651
2016-06-06,student,0.987,1.0,0.13680347013680347,12.540157866806322,0.13599999999999998,0.07665999332665999,0.17350684017350684,0.18499999999999997,0.11011011011011011,0.24691358024691357,-8.046591266172248,-8.37820636984084
2016-06-07,student,0.998,1.0,0.1434768101434768,13.625892329302657,0.11633333333333333,0.07340674007340674,0.17350684017350684,0.15766666666666665,0.11011011011011011,0.24691358024691357,-7.8123331675858765,-8.167950251781889
2016-06-08,student,0.998,1.0,0.1434768101434768,11.213251765012696,0.13766666666666666,0.07665999332665999,0.1768435101768435,0.19566666666666666,0.11011011011011011,0.2469969969969969,-7.924269406738126,-8.262163750727447
2016-06-09,student,0.998,1.0,0.1434768101434768,7.570524441240602,0.131,0.07340674007340674,0.1768435101768435,0.18733333333333335,0.11011011011011011,0.2502502502502502,-8.054087173715962,-8.427512467823679
2016-06-10,student,0.998,1.0,0.1434768101434768,3.960998532846881,0.13099999999999998,0.07340674007340674,0.17684351017684352,0.18333333333333335,0.11336336336336336,0.2503336670003336,-8.419433598422756,-8.827853452035907
2016-06-13,student,0.99,1.0,0.13680347013680347,1.1158073406654225,0.12566666666666668,0.07665999332665999,0.17684351017684352,0.18666666666666668,0.11344678011344678,0.2502502502502502,-8.335065060133513,-8.692111321319487
2016-06-14,student,0.994,1.0,0.1434768101434768,-0.679967815233685,0.13599999999999998,0.07665999332665999,0.17684351017684352,0.18233333333333335,0.11011011011011011,0.24032365699032357,-8.048149869490391,-8.33409743857079
2016-06-15,student,0.995,1.0,0.1434768101434768,2.0954355751104874,0.13233333333333333,0.07665999332665999,0.17684351017684352,0.18200000000000002,0.11011011011011011,0.24024024024024024,-8.344069224448114,-8.630497381553862
2016-06-16,student,0.992,1.0,0.1434768101434768,1.298572721609355,0.15066666666666664,0.07665999332665999,0.18018018018018014,0.19699999999999998,0.11011011011011011,0.24032365699032357,-8.06939757374738,-8.308897316594216
2016-06-17,student,0.989,0.998,0.1434768101434768,1.0280256321844046,0.121,0.0767434100767434,0.18018018018018014,0.16433333333333333,0.10677344010677343,0.23690357023690356,-7.912824491933113,-8.156147612370516
2016-06-20,student,0.991,1.0,0.1434768101434768,2.3128428610240226,0.11966666666666666,0.0767434100767434,0.18018018018018014,0.17233333333333334,0.1100266933600267,0.24024024024024024,-7.571753768157443,-7.814258808121608
2016-06-21,student,0.987,1.0,0.1434768101434768,0.09631932322671227,0.13799999999999998,0.0767434100767434,0.1801801801801802,0.19633333333333333,0.11670003336670003,0.2569235902569236,-7.969519271476128,-8.27255897260335
2016-06-22,student,0.985,0.999,0.1434768101434768,-0.6999640445289901,0.11833333333333333,0.0767434100767434,0.17684351017684352,0.17633333333333334,0.11670003336670003,0.2569235902569236,-7.856598780647763,-8.134050138154313
2016-06-23,student,0.984,0.998,0.14681348014681347,2.5935341984212346,0.12933333333333333,0.07674341007674342,0.1801801801801802,0.17333333333333334,0.10677344010677343,0.24366032699366022,-7.6295455686714915,-7.9258929527776925
2016-06-24,student,0.974,0.998,0.14014014014014012,0.3383224299125618,0.122,0.0767434100767434,0.1801801801801802,0.18766666666666668,0.11678345011678344,0.2602602602602602,-7.732350616806879,-7.998840924308072
2016-06-27,student,0.981,0.998,0.14681348014681347,1.6142686882548567,0.11900000000000001,0.0767434100767434,0.17692692692692685,0.16133333333333333,0.10677344010677343,0.24691358024691357,-7.684701723968903,-7.963806205938365
2016-06-28,student,0.976,0.998,0.14014014014014012,1.0816384166148971,0.12233333333333334,0.0767434100767434,0.17692692692692685,0.17333333333333334,0.11011011011011011,0.24691358024691357,-7.786350322160922,-8.11242778612871
2016-06-29,student,0.975,0.998,0.14014014014014012,0.1209166095033547,0.13599999999999998,0.0767434100767434,0.17692692692692685,0.19933333333333336,0.11678345011678344,0.26034367701034355,-7.846452159403096,-8.216407021599588
2016-06-30,student,0.985,0.998,0.14681348014681347,1.0792411996467572,0.12133333333333333,0.07665999332665999,0.17692692692692685,0.17300000000000001,0.11011011011011011,0.24032365699032357,-7.634463577214816,-7.919897827157078
2016-07-01,student,0.987,0.998,0.14681348014681347,0.9379588983048521,0.12533333333333332,0.07674341007674342,0.18018018018018014,0.17533333333333334,0.11011011011011011,0.24032365699032357,-7.614175208628758,-7.8912381282079656
2016-07-04,student,0.984,0.998,0.14014014014014012,0.29064327704990744,0.13266666666666668,0.07665999332665999,0.17684351017684352,0.18833333333333332,0.11011011011011011,0.2435769102435769,-7.689026011353817,-7.99369735493171
2016-07-05,student,0.972,0.998,0.14681348014681347,0.014381808607270008,0.12133333333333333,0.0767434100767434,0.1801801801801802,0.18000000000000002,0.11678345011678344,0.2602602602602602,-7.59391360798354,-7.917558508076461
2016-07-07,student,0.973,0.999,0.14681348014681347,0.6451046933676774,0.12766666666666668,0.0767434100767434,0.1801801801801802,0.19200000000000003,0.11670003336670003,0.2602602602602602,-7.675256017490547,-7.960349523127864
2016-07-08,student,0.977,1.0,0.15015015015015015,-0.7407129714644203,0.128,0.07674341007674342,0.1801801801801802,0.17899999999999996,0.11011011011011011,0.2502502502502502,-7.440484508727968,-7.72933439628737
2016-07-11,student,0.979,1.0,0.15015015015015015,4.983240782567318,0.12466666666666666,0.07674341007674342,0.1801801801801802,0.1743333333333333,0.11011011011011011,0.25033366700033355,-8.833427090792323,-9.129134049202444
2016-07-12,student,0.977,1.0,0.14681348014681347,5.054789967855145,0.123,0.07674341007674342,0.1801801801801802,0.17899999999999996,0.11011011011011011,0.2503336670003336,-8.768709168664023,-9.10226030721948
2016-07-13,student,0.98,1.0,0.14681348014681347,5.370212781919197,0.13333333333333333,0.07674341007674342,0.1801801801801802,0.18566666666666665,0.11011011011011011,0.2503336670003336,-8.977422690302301,-9.285307703085186
2016-07-14,student,0.989,1.0,0.15015015015015015,5.070655100131862,0.11866666666666666,0.07674341007674342,0.1801801801801802,0.1703333333333333,0.11011011011011011,0.2502502502502502,-8.43161706104158,-8.695331178976533
2016-07-15,student,0.985,1.0,0.15015015015015015,2.210149897412635,0.14466666666666667,0.0767434100767434,0.1801801801801802,0.20166666666666666,0.11011011011011011,0.2502502502502502,-8.330022836397715,-8.571838286751436
2016-07-18,student,0.978,0.998,0.1434768101434768,1.5213337250729673,0.12033333333333333,0.0767434100767434,0.1801801801801802,0.168,0.10677344010677343,0.24691358024691357,-7.52609564158733,-7.747467634633269
2016-07-19,student,0.987,1.0,0.15015015015015015,0.19695721723260007,0.12933333333333333,0.0767434100767434,0.1801801801801802,0.17800000000000002,0.11011011011011011,0.2502502502502502,-7.767929996010562,-8.010822193260736
2016-07-20,student,0.987,0.998,0.1434768101434768,0.9993680952408224,0.12866666666666668,0.0767434100767434,0.18018018018018014,0.18133333333333335,0.11011011011011011,0.24366032699366022,-7.190293564310378,-7.41121041043413
2016-07-21,student,0.984,0.999,0.1434768101434768,0.5812877121837874,0.12766666666666665,0.0767434100767434,0.18018018018018014,0.17566666666666667,0.11011011011011011,0.2435769102435769,-7.4130158574949,-7.624504593930905
2016-07-22,student,0.984,0.998,0.14681348014681347,0.29776961478353503,0.12366666666666666,0.0767434100767434,0.18018018018018014,0.18433333333333332,0.11011011011011011,0.24691358024691357,-7.19114284969423,-7.390623047776142
2016-07-25,student,0.988,1.0,0.15015015015015015,-0.8901948370070727,0.13233333333333333,0.07674341007674342,0.18018018018018014,0.17466666666666666,0.11336336336336336,0.24691358024691357,-7.49400757569411,-7.735246610247901
2016-07-26,student,0.993,1.0,0.15015015015015015,-1.588557878430125,0.12066666666666666,0.07674341007674342,0.17692692692692685,0.16833333333333333,0.11336336336336336,0.24691358024691357,-7.436582955192508,-7.682942062247939
2016-07-27,student,0.99,1.0,0.15015015015015015,-1.3823396803897372,0.121,0.07674341007674342,0.17684351017684352,0.16633333333333333,0.11336336336336336,0.24691358024691357,-7.364084055419431,-7.59262212571427
2016-07-28,student,0.988,1.0,0.15015015015015015,-1.8842116586932571,0.11933333333333333,0.07674341007674342,0.17692692692692685,0.17800000000000002,0.11336336336336336,0.24691358024691357,-7.3269180346411265,-7.537748417861505
2016-07-29,student,0.99,1.0,0.15015015015015015,-0.23441865903175504,0.13133333333333333,0.0767434100767434,0.17684351017684352,0.17300000000000001,0.11011011011011011,0.24691358024691357,-7.6402610420978165,-7.861690011008397
2016-08-01,student,0.988,1.0,0.15015015015015015,0.7790969762729527,0.12466666666666666,0.07674341007674342,0.18018018018018014,0.17033333333333334,0.1100266933600267,0.2435769102435769,-7.309676238418919,-7.517670080726995
2016-08-02,student,0.99,1.0,0.15015015015015015,0.3432078995486749,0.122,0.07340674007340674,0.1801801801801802,0.16866666666666666,0.11678345011678344,0.2602602602602602,-7.3262220217501,-7.61087646465712
2016-08-03,student,0.99,1.0,0.15015015015015015,-1.057650038066785,0.12966666666666668,0.07674341007674342,0.1801801801801802,0.19033333333333333,0.11678345011678344,0.2602602602602602,-7.227920358426626,-7.5072499930436285
2016-08-04,student,0.977,1.0,0.15015015015015015,0.4821397550670725,0.145,0.07340674007340674,0.1801801801801802,0.20533333333333337,0.11678345011678344,0.26359693026359693,-7.427829791779458,-7.742951323297962
2016-08-05,student,0.988,1.0,0.15015015015015015,1.9690447799995825,0.12633333333333333,0.07340674007340674,0.1801801801801802,0.19333333333333336,0.12012012012012012,0.26359693026359693,-7.296167603653692,-7.579996929767086
2016-08-08,student,0.978,1.0,0.15015015015015015,1.2091307698721674,0.121,0.07340674007340674,0.1801801801801802,0.18133333333333335,0.1200367033700367,0.2669336002669336,-7.14926404398791,-7.409797350860975
2016-08-09,student,0.982,1.0,0.15015015015015015,2.1704177170407553,0.12066666666666666,0.0767434100767434,0.1801801801801802,0.17600000000000002,0.11678345011678344,0.26034367701034355,-7.1960233369884605,-7.462457961808499
2016-08-10,student,0.984,1.0,0.15015015015015015,0.4238143035961748,0.11733333333333335,0.0767434100767434,0.1801801801801802,0.17766666666666667,0.11678345011678344,0.26034367701034355,-7.078687885501345,-7.336717248629868
2016-08-11,student,0.983,1.0,0.15015015015015015,0.10955375537111994,0.13466666666666668,0.07674341007674342,0.1801801801801802,0.2066666666666667,0.11678345011678344,0.26034367701034355,-7.174244452314551,-7.504374104431545
2016-08-12,student,0.988,1.0,0.15015015015015015,2.2080679859574417,0.12133333333333333,0.0767434100767434,0.18026359693026353,0.17466666666666666,0.11678345011678344,0.26359693026359693,-7.244610044178762,-7.575757361578118
2016-08-16,student,0.988,1.0,0.15015015015015015,1.270357383862762,0.13833333333333334,0.0767434100767434,0.1801801801801802,0.20633333333333334,0.11678345011678344,0.26359693026359693,-7.13925945943074,-7.456442258683832
2016-08-17,student,0.99,1.0,0.15015015015015015,1.192842538427854,0.11833333333333333,0.0767434100767434,0.1801801801801802,0.171,0.11678345011678344,0.26359693026359693,-7.310208485492587,-7.558156692968049
2016-08-18,student,0.99,1.0,0.1434768101434768,2.3417921542180244,0.12933333333333333,0.07340674007340674,0.1801801801801802,0.18533333333333335,0.11678345011678344,0.2602602602602602,-7.327776851702384,-7.52878842401405
2016-08-19,student,0.99,1.0,0.1434768101434768,2.4839215149651466,0.125,0.07340674007340674,0.1801801801801802,0.19633333333333333,0.11678345011678344,0.2602602602602602,-7.16368618484406,-7.3565873511979705
2016-08-22,student,0.983,1.0,0.1434768101434768,0.513952466773107,0.12033333333333333,0.07665999332665999,0.1801801801801802,0.164,0.11678345011678344,0.2602602602602602,-7.203559951081667,-7.417992525686122
2016-08-23,student,0.984,1.0,0.1434768101434768,0.5417540149171846,0.12833333333333333,0.07340674007340674,0.1801801801801802,0.18966666666666665,0.11678345011678344,0.2602602602602602,-7.204166829774509,-7.449020945484616
2016-08-24,student,0.984,1.0,0.1434768101434768,0.19597715581785458,0.11166666666666665,0.0767434100767434,0.1801801801801802,0.17633333333333331,0.11678345011678344,0.2602602602602602,-7.249543565192481,-7.512117185901194
2016-08-25,student,0.98,1.0,0.1434768101434768,-0.020269128120915303,0.11166666666666668,0.07665999332665999,0.1801801801801802,0.17600000000000002,0.11678345011678344,0.2602602602602602,-7.397990688173918,-7.683229715390944
2016-08-26,student,0.983,1.0,0.1434768101434768,-0.1291479715487977,0.13066666666666665,0.07340674007340674,0.17692692692692685,0.18000000000000002,0.10677344010677343,0.24691358024691357,-7.416868237839851,-7.6632723818025585
2016-08-29,student,0.99,1.0,0.1434768101434768,-0.7711574902397502,0.13899999999999998,0.0767434100767434,0.1801801801801802,0.19933333333333336,0.11678345011678344,0.2602602602602602,-7.853470778201279,-8.163600057327967
2016-08-30,student,0.992,1.0,0.15015015015015015,1.2732319706248099,0.13066666666666668,0.07340674007340674,0.1801801801801802,0.19433333333333333,0.11678345011678344,0.2602602602602602,-7.857942100986733,-8.175270127039761
2016-08-31,student,0.99,0.999,0.15015015015015015,2.096042589381305,0.12433333333333334,0.0767434100767434,0.1801801801801802,0.18600000000000003,0.11678345011678344,0.2602602602602602,-7.74854808583321,-8.103910567031866
2016-09-01,student,0.99,1.0,0.1434768101434768,2.715750870986275,0.13699999999999998,0.07340674007340674,0.1768435101768435,0.18400000000000002,0.10677344010677343,0.2435769102435769,-7.720579921823913,-7.998627199983245
2016-09-02,student,0.99,1.0,0.1434768101434768,2.033492802728575,0.12933333333333333,0.07340674007340674,0.1768435101768435,0.17366666666666666,0.10677344010677343,0.2435769102435769,-7.707502199671828,-7.962512745280035
2016-09-06,student,0.989,0.998,0.1434768101434768,5.326576117695877,0.12633333333333333,0.07340674007340674,0.1768435101768435,0.169,0.10677344010677343,0.24366032699366022,-7.833433558191857,-8.096963387235977
2016-09-07,student,0.99,1.0,0.14681348014681347,5.639308623515787,0.11233333333333333,0.07340674007340674,0.17350684017350682,0.162,0.10677344010677343,0.2435769102435769,-7.533563902720962,-7.78099177149477
2016-09-08,student,0.984,1.0,0.1434768101434768,5.696037334954752,0.133,0.07340674007340674,0.17684351017684352,0.18800000000000003,0.1100266933600267,0.24366032699366022,-7.477139076508836,-7.751915647225188
2016-09-09,student,0.976,1.0,0.14014014014014012,5.588433805613015,0.13033333333333333,0.07340674007340674,0.17684351017684352,0.19633333333333333,0.11678345011678344,0.2602602602602602,-7.391412505227305,-7.698717455105159
2016-09-12,student,0.987,1.0,0.1434768101434768,4.164357401303858,0.10766666666666667,0.07340674007340674,0.17692692692692685,0.163,0.11678345011678344,0.2602602602602602,-7.382970250359744,-7.707345980316507
2016-09-14,student,0.987,1.0,0.1434768101434768,3.1012658027621822,0.11900000000000001,0.07340674007340674,0.17684351017684352,0.18466666666666667,0.11678345011678344,0.2602602602602602,-7.322596623428879,-7.644998321602784
2016-09-15,student,0.984,1.0,0.1434768101434768,1.4325519746166047,0.12766666666666665,0.07340674007340674,0.17684351017684352,0.19600000000000004,0.11678345011678344,0.2602602602602602,-7.239196517341899,-7.542374865329353
2016-09-16,student,0.98,1.0,0.1434768101434768,1.1172911208597527,0.13799999999999998,0.07340674007340674,0.17692692692692685,0.19899999999999998,0.11678345011678344,0.2602602602602602,-7.100603706822854,-7.370940241067716
2016-09-19,student,0.98,1.0,0.14681348014681347,1.0379028486061295,0.12999999999999998,0.07340674007340674,0.18018018018018014,0.18400000000000002,0.11678345011678344,0.2602602602602602,-7.02530204849343,-7.285846637597652
2016-09-20,student,0.98,1.0,0.14681348014681347,-0.12839369391870525,0.11199999999999999,0.07340674007340674,0.17692692692692685,0.165,0.11678345011678344,0.2602602602602602,-6.98565718194885,-7.253287372612334
2016-09-21,student,0.984,1.0,0.14681348014681347,-2.9940132616633552,0.144,0.07340674007340674,0.17684351017684352,0.20366666666666666,0.11678345011678344,0.2602602602602602,-7.293133012655561,-7.560015398309203
2016-09-22,student,0.98,1.0,0.1434768101434768,-2.6263106438561588,0.13,0.0767434100767434,0.18018018018018014,0.19000000000000003,0.11678345011678344,0.2602602602602602,-7.096634770240265,-7.348993187137357
2016-09-23,student,0.983,0.998,0.15015015015015012,-3.6730537827801575,0.12033333333333333,0.07340674007340674,0.17684351017684352,0.19833333333333333,0.12012012012012012,0.2602602602602602,-6.831783403885623,-7.124718224904989
2016-09-26,student,0.969,1.0,0.13680347013680347,-3.934741419353862,0.13699999999999998,0.07340674007340674,0.17692692692692685,0.20400000000000004,0.12012012012012012,0.26359693026359693,-7.1642474674950165,-7.422808764193045
2016-09-27,student,0.989,1.0,0.15015015015015012,-2.2869692826400225,0.11966666666666666,0.07665999332665999,0.17692692692692685,0.17466666666666666,0.11011011011011011,0.2502502502502502,-7.514467010070676,-7.778023094465063
2016-09-28,student,0.984,1.0,0.14681348014681347,-2.0557614046425745,0.11299999999999999,0.07340674007340674,0.17692692692692685,0.15466666666666665,0.11011011011011011,0.2502502502502502,-7.490622855011617,-7.772785054449706
2016-09-29,student,0.987,1.0,0.14681348014681347,-3.621310407226112,0.11766666666666666,0.07340674007340674,0.17692692692692685,0.16366666666666665,0.11011011011011011,0.2502502502502502,-7.474191196752615,-7.7353018502464215
2016-09-30,student,0.989,1.0,0.1434768101434768,-2.7479718369142794,0.12066666666666666,0.07340674007340674,0.17684351017684352,0.16433333333333333,0.11011011011011011,0.2502502502502502,-7.511302656081374,-7.796544274441153
2016-10-03,student,0.99,1.0,0.15015015015015012,-2.4208780770698874,0.123,0.07340674007340674,0.17684351017684352,0.169,0.11011011011011011,0.2469969969969969,-7.378764775443878,-7.645318305347537
2016-10-04,student,0.991,1.0,0.15015015015015012,-0.6443237269024173,0.11266666666666668,0.07665999332665999,0.17692692692692685,0.16266666666666665,0.11011011011011011,0.2502502502502502,-7.51716058427087,-7.815126027547655
2016-10-05,student,0.984,1.0,0.15015015015015012,-0.13312710771488745,0.122,0.07340674007340674,0.17684351017684352,0.17633333333333331,0.11011011011011011,0.2502502502502502,-7.450049718973652,-7.744473304448591
2016-10-06,student,0.984,1.0,0.15015015015015012,-1.8909144707717447,0.10700000000000003,0.07340674007340674,0.17684351017684352,0.15933333333333335,0.11011011011011011,0.2502502502502502,-7.455943042893601,-7.7411648108395035
2016-10-07,student,0.984,1.0,0.15015015015015012,-0.6916785790728397,0.11833333333333333,0.07340674007340674,0.17684351017684352,0.16066666666666665,0.11011011011011011,0.2502502502502502,-7.462014107723406,-7.708695084269218
2016-10-10,student,0.984,1.0,0.15015015015015015,1.0970333885828476,0.10066666666666667,0.07340674007340674,0.17684351017684352,0.146,0.11011011011011011,0.2502502502502502,-7.5421445389885395,-7.8191485492935175
2016-10-13,student,0.959,1.0,0.14347681014347682,-0.03659452930520213,0.13999999999999999,0.0767434100767434,0.18018018018018014,0.20533333333333334,0.11011011011011011,0.2502502502502502,-7.473086873183576,-7.738451648677243
2016-10-14,student,0.975,1.0,0.15348682015348683,-1.0126148389944722,0.11733333333333333,0.07340674007340674,0.17684351017684352,0.17233333333333334,0.12012012012012012,0.2602602602602602,-7.283592194900402,-7.591817498261161
2016-10-17,student,0.988,1.0,0.15682349015682348,0.5774616755630354,0.13066666666666665,0.07340674007340674,0.17684351017684352,0.18999999999999997,0.11011011011011011,0.2502502502502502,-7.698143468681245,-8.015791889788323
2016-10-18,student,0.989,1.0,0.15682349015682348,1.1635823283605453,0.11933333333333333,0.07340674007340674,0.17684351017684352,0.18266666666666667,0.11011011011011011,0.25033366700033355,-7.615589574469974,-7.923136361297634
2016-10-19,student,0.99,1.0,0.15682349015682348,-0.12022483546037221,0.125,0.07340674007340674,0.17684351017684352,0.17500000000000002,0.11011011011011011,0.2502502502502502,-7.532382964312567,-7.804959162589033
2016-10-20,student,0.996,1.0,0.15682349015682348,-0.9898537107237972,0.12133333333333333,0.07665999332665999,0.18018018018018014,0.17666666666666667,0.11011011011011011,0.2502502502502502,-7.380590739572241,-7.668365237218075
2016-10-21,student,0.99,1.0,0.15015015015015012,-1.2960130096550073,0.11866666666666666,0.07340674007340674,0.17684351017684352,0.168,0.11011011011011011,0.2502502502502502,-7.3994597140611305,-7.682349955962466
2016-10-24,student,0.98,1.0,0.15015015015015012,0.1849470824734678,0.11433333333333333,0.07340674007340674,0.17684351017684352,0.16433333333333333,0.11011011011011011,0.2502502502502502,-7.468944471877657,-7.781643482032457
2016-10-25,student,0.989,1.0,0.15015015015015012,-1.1993951101974447,0.11733333333333335,0.07340674007340674,0.17684351017684352,0.17166666666666666,0.11011011011011011,0.2502502502502502,-7.330188613658611,-7.615212696253888
2016-10-26,student,0.989,1.0,0.15015015015015012,-2.3441610031659543,0.11433333333333333,0.07340674007340674,0.17684351017684352,0.16766666666666666,0.11011011011011011,0.24691358024691357,-7.235072137786407,-7.4764379733450586
2016-10-27,student,0.989,1.0,0.15015015015015012,-2.0622571220400774,0.13999999999999999,0.07340674007340674,0.17684351017684352,0.19766666666666666,0.11011011011011011,0.2469969969969969,-7.49130049841753,-7.758785973667742
2016-10-28,student,0.979,1.0,0.1534868201534868,-0.932252030971202,0.121,0.07340674007340674,0.17684351017684352,0.18633333333333332,0.11678345011678344,0.2602602602602602,-7.267448717473795,-7.551069364941225
2016-11-01,student,0.979,1.0,0.15015015015015012,-0.9825090072213896,0.125,0.07340674007340674,0.17684351017684352,0.18033333333333335,0.11011011011011011,0.2502502502502502,-7.370735691136574,-7.638035061560007
2016-11-02,student,0.973,1.0,0.14681348014681347,-3.8812431041795947,0.12466666666666666,0.07340674007340674,0.17684351017684352,0.18433333333333332,0.11011011011011011,0.2535869202535869,-7.298145848449302,-7.5799165300197595
2016-11-03,student,0.975,1.0,0.14681348014681347,-4.459256582216435,0.11966666666666666,0.07340674007340674,0.17684351017684352,0.17033333333333334,0.11011011011011011,0.2535869202535869,-7.1538316725751026,-7.432553473283289
2016-11-04,student,0.972,1.0,0.14681348014681347,-4.28752944374772,0.12533333333333332,0.07340674007340674,0.17684351017684352,0.18366666666666664,0.11011011011011011,0.25033366700033355,-7.189443062538147,-7.466879687364873
2016-11-07,student,0.974,1.0,0.14681348014681347,-4.07143728473659,0.124,0.07340674007340674,0.17684351017684352,0.17866666666666667,0.11011011011011011,0.2535869202535869,-7.1631447694246475,-7.460022326963302
2016-11-08,student,0.975,1.0,0.14681348014681347,-2.89794933905416,0.11766666666666666,0.07340674007340674,0.17684351017684352,0.18333333333333335,0.1200367033700367,0.2669336002669336,-7.073502656085285,-7.372806277298137
2016-11-09,student,0.974,1.0,0.14681348014681347,-2.47571274413515,0.11866666666666666,0.07340674007340674,0.17684351017684352,0.16766666666666666,0.11011011011011011,0.2535869202535869,-7.243580973349709,-7.546171919265766
2016-11-10,student,0.989,1.0,0.15015015015015012,-0.1760740746334577,0.13133333333333333,0.07340674007340674,0.17684351017684352,0.17566666666666667,0.11011011011011011,0.2502502502502502,-7.588214679851361,-7.903046131858615
2016-11-11,student,0.983,1.0,0.15015015015015012,-2.141869993847183,0.11666666666666665,0.07340674007340674,0.17684351017684352,0.16699999999999995,0.11011011011011011,0.25033366700033355,-7.287983971462969,-7.588223525111911
2016-11-15,student,0.982,1.0,0.15015015015015012,-4.787708320530763,0.124,0.07340674007340674,0.17684351017684352,0.17733333333333334,0.11011011011011011,0.2502502502502502,-7.200611497386875,-7.496437095019208
2016-11-16,student,0.983,1.0,0.15015015015015012,-4.0151574883161425,0.126,0.07340674007340674,0.17692692692692685,0.17633333333333331,0.11011011011011011,0.2502502502502502,-7.107617271678275,-7.400316264255126
2016-11-17,student,0.988,1.0,0.14681348014681347,-1.7847234784611952,0.11833333333333333,0.07340674007340674,0.17684351017684352,0.17,0.11011011011011011,0.2502502502502502,-7.456920917203711,-7.7563769801992
2016-11-18,student,0.975,1.0,0.14681348014681347,-1.4458739617563676,0.126,0.07340674007340674,0.17684351017684352,0.17633333333333331,0.1200367033700367,0.2669336002669336,-7.423015785687545,-7.72448169808067
2016-11-21,student,0.988,1.0,0.15015015015015012,-4.527553881159715,0.15066666666666667,0.07340674007340674,0.17684351017684352,0.22366666666666668,0.11678345011678344,0.2602602602602602,-7.397399770488815,-7.692078593132312
2016-11-22,student,0.977,1.0,0.15015015015015012,-3.9026630377210725,0.123,0.07340674007340674,0.17684351017684352,0.19633333333333333,0.11678345011678344,0.2602602602602602,-7.3459694777411,-7.644865131960258
2016-11-23,student,0.988,1.0,0.15682349015682348,-4.83745310750384,0.12833333333333333,0.07340674007340674,0.17684351017684352,0.19833333333333333,0.12012012012012012,0.26368034701368026,-7.324146760490965,-7.632334564909021
2016-11-24,student,0.988,1.0,0.15682349015682348,-4.75628442071868,0.11533333333333333,0.07007007007007007,0.1701701701701702,0.16633333333333333,0.11011011011011011,0.24691358024691357,-7.487237024499732,-7.756089556400107
2016-11-25,bb7,0.975,1.0,0.16016016016016016,-4.562358663147215,0.10833333333333334,0.07007007007007007,0.1701701701701702,0.17,0.11344678011344678,0.2502502502502502,-7.804270238005522,-8.146836166974811
2016-11-28,student,0.986,0.998,0.15682349015682348,-1.9523181812977417,0.122,0.07007007007007007,0.1701701701701702,0.17499999999999996,0.11344678011344678,0.2535869202535869,-8.776811509440329,-9.096629194482267
2016-11-29,student,0.986,1.0,0.15682349015682348,-0.1443698697269974,0.12233333333333334,0.07007007007007007,0.1701701701701702,0.18000000000000002,0.11011011011011011,0.24691358024691357,-10.182580449648642,-10.54737272626787
2016-11-30,student,0.979,1.0,0.15682349015682348,0.25637623098592044,0.11433333333333333,0.07007007007007007,0.1701701701701702,0.17133333333333334,0.11011011011011011,0.24691358024691357,-9.769543006881761,-10.116403497880336
2016-12-01,student,0.978,1.0,0.15682349015682348,-1.0839420680708471,0.11033333333333334,0.07007007007007007,0.1701701701701702,0.16766666666666666,0.11011011011011011,0.24691358024691357,-9.543674983747499,-9.8813330021105
2016-12-02,student,0.979,0.999,0.1434768101434768,-2.1147628325834695,0.12666666666666668,0.07007007007007007,0.1701701701701702,0.17400000000000002,0.11011011011011011,0.24691358024691357,-7.920095327843713,-8.239838447210477
2016-12-05,student,0.978,0.998,0.15348682015348683,1.7569761990369681,0.118,0.07007007007007007,0.1701701701701702,0.17766666666666667,0.11011011011011011,0.2502502502502502,-9.9368959788313,-10.390174473097925
2016-12-06,student,0.978,0.998,0.15015015015015012,0.735305458754986,0.107,0.07007007007007007,0.1701701701701702,0.16266666666666665,0.11011011011011011,0.2502502502502502,-9.779410288026837,-10.255619511026849
2016-12-07,student,0.983,1.0,0.14014014014014012,-0.43965040680935435,0.123,0.07007007007007007,0.17025358692025352,0.17933333333333334,0.11336336336336336,0.2502502502502502,-8.331488858078268,-8.720395009700729
2016-12-08,student,0.982,0.998,0.1534868201534868,2.2428664573130654,0.112,0.07007007007007007,0.1701701701701702,0.17299999999999996,0.11344678011344678,0.2502502502502502,-9.311293462344771,-9.822779383770259
2016-12-09,student,0.976,1.0,0.15682349015682348,1.8235984301690826,0.12433333333333334,0.07007007007007007,0.1701701701701702,0.19266666666666665,0.11336336336336336,0.2502502502502502,-9.277049265287806,-9.774544119071374
2016-12-12,student,0.98,0.998,0.16016016016016016,0.7415698272765159,0.119,0.07007007007007007,0.1701701701701702,0.18400000000000002,0.11344678011344678,0.2502502502502502,-9.048830906873327,-9.501343411058794
2016-12-13,student,0.976,1.0,0.16349683016349684,2.2785560964623155,0.1366666666666667,0.07007007007007007,0.1701701701701702,0.19633333333333333,0.11011011011011011,0.2502502502502502,-8.922234389145062,-9.349483322593303
2016-12-14,student,0.945,0.998,0.16349683016349684,1.0830947665496584,0.12799999999999997,0.07007007007007007,0.1701701701701702,0.19566666666666666,0.11336336336336336,0.2502502502502502,-8.694020833514951,-9.091439398439787
2016-12-15,student,0.975,1.0,0.16016016016016016,1.2212079926683304,0.11533333333333333,0.07007007007007007,0.1701701701701702,0.18400000000000002,0.11011011011011011,0.2502502502502502,-8.71122938957113,-9.111379944643483
2016-12-16,student,0.986,1.0,0.14681348014681347,3.8413209053138075,0.12866666666666668,0.07007007007007007,0.17025358692025352,0.18633333333333332,0.11011011011011011,0.2502502502502502,-7.88848253658804,-8.289730311156989
2016-12-19,student,0.988,1.0,0.14681348014681347,2.2449461044875982,0.13399999999999998,0.07007007007007007,0.17350684017350682,0.19566666666666666,0.11011011011011011,0.2502502502502502,-7.68370515420763,-8.036577581574054
2016-12-20,student,0.988,1.0,0.14681348014681347,1.407656674635098,0.11299999999999999,0.07007007007007007,0.1701701701701702,0.17366666666666664,0.11011011011011011,0.2469969969969969,-7.449618075093482,-7.764680346779608
2016-12-21,student,0.978,1.0,0.14681348014681347,1.0038323547769576,0.11733333333333333,0.07007007007007007,0.1701701701701702,0.16933333333333334,0.11011011011011011,0.2502502502502502,-7.4585425867137145,-7.782992328266055
2016-12-22,student,0.981,1.0,0.1434768101434768,-2.274231295781769,0.12066666666666669,0.07007007007007007,0.17350684017350682,0.17,0.11344678011344678,0.2502502502502502,-7.563715344930669,-7.846128996483684
2016-12-23,student,0.983,1.0,0.15015015015015012,-3.3363464193952743,0.10833333333333334,0.07007007007007007,0.17025358692025352,0.15866666666666665,0.11011011011011011,0.25033366700033355,-7.503694919835409,-7.769602835392947
2016-12-26,student,0.986,1.0,0.16016016016016016,-2.5313823538878797,0.11666666666666665,0.07007007007007007,0.17350684017350682,0.17833333333333332,0.11011011011011011,0.2502502502502502,-7.999549914017125,-8.288987500844392
2016-12-27,student,0.979,1.0,0.16016016016016016,-2.412563554844597,0.128,0.07007007007007007,0.17350684017350682,0.20033333333333334,0.11011011011011011,0.2502502502502502,-7.930768921581374,-8.205503976919209
2016-12-28,student,0.978,1.0,0.16016016016016016,-2.348364189520907,0.12366666666666666,0.07007007007007007,0.17350684017350682,0.17966666666666664,0.11344678011344678,0.2535869202535869,-7.951336557838902,-8.230244463190662
2016-12-29,student,0.977,1.0,0.14681348014681347,-1.243425383736502,0.11366666666666668,0.07007007007007007,0.17350684017350682,0.17200000000000001,0.11011011011011011,0.2502502502502502,-7.552835569273246,-7.789503988821964
2016-12-30,student,0.986,1.0,0.14681348014681347,-1.0527742594105671,0.116,0.07332332332332332,0.17350684017350684,0.163,0.11344678011344678,0.25033366700033355,-7.506447728576934,-7.740170855807162
2017-01-02,student,0.986,1.0,0.14681348014681347,-0.5744809808517646,0.11533333333333334,0.07007007007007007,0.17350684017350684,0.16533333333333333,0.11344678011344678,0.25033366700033355,-7.392529430442146,-7.644535666985423
2017-01-03,student,0.967,1.0,0.1434768101434768,-0.1336389565537574,0.13266666666666665,0.07007007007007007,0.17350684017350682,0.18466666666666667,0.11011011011011011,0.2502502502502502,-7.472654856414708,-7.743689218023227
2017-01-04,student,0.982,1.0,0.14681348014681347,0.37180538054799284,0.13066666666666668,0.07007007007007007,0.1701701701701702,0.18100000000000002,0.11011011011011011,0.2502502502502502,-7.486425573510327,-7.77995914609331
2017-01-05,student,0.988,1.0,0.16016016016016016,2.9381287060377206,0.13399999999999998,0.07007007007007007,0.17025358692025352,0.19666666666666668,0.11011011011011011,0.2502502502502502,-7.588135748169944,-7.880185625621746
2017-01-06,student,0.988,1.0,0.16016016016016016,2.2885565741240823,0.13533333333333333,0.07007007007007007,0.17350684017350684,0.19766666666666666,0.11011011011011011,0.25033366700033355,-7.449503389850012,-7.713386944473543
2017-01-09,student,0.989,1.0,0.16016016016016016,3.0775643172966154,0.114,0.07340674007340674,0.1801801801801802,0.17699999999999996,0.12012012012012012,0.26359693026359693,-7.409049918751645,-7.663337204222968
2017-01-10,student,0.989,1.0,0.15682349015682348,2.4697565497249228,0.12266666666666666,0.07340674007340674,0.1801801801801802,0.18166666666666664,0.12012012012012012,0.26359693026359693,-7.3183026156987765,-7.585544796172821
2017-01-11,student,0.988,1.0,0.15682349015682348,3.4850413185974003,0.11666666666666665,0.07340674007340674,0.1801801801801802,0.16666666666666666,0.12012012012012012,0.26359693026359693,-7.445602554894639,-7.706830301513932
2017-01-12,student,0.988,1.0,0.15682349015682348,3.1743461034295475,0.13466666666666666,0.07665999332665999,0.1801801801801802,0.21033333333333334,0.12012012012012012,0.26368034701368026,-7.364669248426139,-7.671866024815619
2017-01-13,student,0.988,1.0,0.15682349015682348,1.4145713550035124,0.126,0.0767434100767434,0.1801801801801802,0.18366666666666664,0.12012012012012012,0.26368034701368026,-7.257542576113056,-7.578568085824954
2017-01-16,student,0.988,1.0,0.15682349015682348,2.062655245225535,0.12766666666666668,0.07340674007340674,0.1801801801801802,0.19733333333333336,0.12337337337337337,0.2669336002669336,-7.30398711954385,-7.603702510608187
2017-01-17,student,0.988,1.0,0.15682349015682348,2.566136668270485,0.12733333333333333,0.07665999332665999,0.1801801801801802,0.18833333333333332,0.12337337337337337,0.2669336002669336,-7.22328233697048,-7.488740224543746
2017-01-18,student,0.986,1.0,0.1434768101434768,3.3967166164449747,0.12366666666666666,0.07340674007340674,0.1801801801801802,0.17666666666666667,0.12012012012012012,0.26359693026359693,-7.250565316517057,-7.506958737231522
2017-01-19,student,0.981,0.999,0.1434768101434768,2.5413768919614976,0.112,0.07007007007007007,0.1768435101768435,0.17133333333333334,0.11336336336336336,0.2502502502502502,-7.226734180317002,-7.479062165777188
2017-01-20,student,0.986,1.0,0.1534868201534868,1.9398692237215096,0.112,0.07340674007340674,0.1768435101768435,0.17300000000000001,0.11344678011344678,0.2535869202535869,-7.019123806326222,-7.3013676320087235
2017-01-23,student,0.988,1.0,0.1534868201534868,2.7514115991449346,0.13633333333333333,0.07340674007340674,0.18018018018018014,0.18299999999999997,0.11344678011344678,0.2535869202535869,-6.9838109331906395,-7.285376870920442
2017-01-24,student,0.982,1.0,0.1434768101434768,2.0808213247379745,0.11633333333333333,0.07332332332332332,0.1768435101768435,0.17033333333333334,0.11011011011011011,0.2502502502502502,-7.176768365250247,-7.454566109725883
2017-01-25,student,0.988,1.0,0.14681348014681347,2.0345569100001777,0.12966666666666668,0.07332332332332332,0.1768435101768435,0.19699999999999998,0.11011011011011011,0.2502502502502502,-7.213051404830155,-7.4951662448132215
2017-01-27,student,0.983,1.0,0.1534868201534868,1.9887893418854752,0.11966666666666666,0.07007007007007007,0.17359025692359017,0.18066666666666667,0.11344678011344678,0.2535869202535869,-7.058640811439509,-7.351803744484492
2017-01-30,student,0.983,0.999,0.14681348014681347,2.17520120573942,0.12166666666666666,0.07340674007340674,0.17350684017350684,0.19266666666666668,0.11344678011344678,0.2535869202535869,-7.019454721085914,-7.299556314678166
2017-01-31,student,0.986,1.0,0.15015015015015012,0.4210972639773527,0.11333333333333334,0.07007007007007007,0.17350684017350682,0.16766666666666666,0.11011011011011011,0.2535869202535869,-6.954956759199749,-7.213850438455453
2017-02-01,student,0.989,1.0,0.15015015015015012,1.629030477653293,0.125,0.07340674007340674,0.1801801801801802,0.19099999999999998,0.12012012012012012,0.26359693026359693,-7.096844970881499,-7.378041903321335
2017-02-02,student,0.989,1.0,0.14681348014681347,0.8663391562054928,0.13733333333333334,0.07340674007340674,0.1801801801801802,0.222,0.12012012012012012,0.26359693026359693,-7.258928748752344,-7.544708563822755
2017-02-03,student,0.989,1.0,0.14681348014681347,0.4782724942695152,0.11733333333333333,0.07340674007340674,0.1801801801801802,0.18533333333333335,0.12012012012012012,0.26359693026359693,-7.18553662451771,-7.4906506648857185
2017-02-06,student,0.989,1.0,0.14681348014681347,2.2358802339808257,0.12166666666666666,0.07340674007340674,0.1801801801801802,0.18066666666666667,0.12012012012012012,0.26368034701368026,-7.3237281949537625,-7.647698293531554
2017-02-07,student,0.998,1.0,0.14681348014681347,0.5035039917940002,0.132,0.07340674007340674,0.1801801801801802,0.19733333333333336,0.12012012012012012,0.26368034701368026,-7.146323219234189,-7.4087637653835285
2017-02-08,student,0.998,1.0,0.14681348014681347,0.2887597325567254,0.125,0.07340674007340674,0.1801801801801802,0.19133333333333336,0.12012012012012012,0.26368034701368026,-7.088109976119763,-7.3816974543010785
2017-02-09,student,0.998,1.0,0.14681348014681347,-0.42860444785155494,0.12366666666666666,0.07340674007340674,0.1801801801801802,0.17366666666666664,0.12012012012012012,0.26359693026359693,-7.109462600915995,-7.438721446857069
2017-02-10,student,0.998,1.0,0.14681348014681347,-0.09260052580486983,0.13899999999999998,0.07340674007340674,0.1801801801801802,0.21933333333333335,0.12012012012012012,0.26359693026359693,-7.246940277342457,-7.553955684494804
2017-02-13,student,0.998,1.0,0.14681348014681347,0.577580980470555,0.11833333333333333,0.07340674007340674,0.1801801801801802,0.17833333333333332,0.12012012012012012,0.26359693026359693,-7.251935504338343,-7.551498798739865
2017-02-14,student,0.998,1.0,0.15015015015015012,0.19349386803169266,0.13966666666666666,0.07340674007340674,0.1801801801801802,0.204,0.12012012012012012,0.26359693026359693,-7.279814162816676,-7.548844521015131
2017-02-15,student,0.983,0.999,0.13680347013680347,-3.9920184102492278,0.11533333333333333,0.07340674007340674,0.17025358692025352,0.165,0.11011011011011011,0.2502502502502502,-7.445300745170955,-7.674200131456299
2017-02-16,student,0.989,1.0,0.1668335001668335,-2.661558129006658,0.11833333333333333,0.07340674007340674,0.1701701701701702,0.163,0.11336336336336336,0.2535869202535869,-7.346731377169399,-7.599293337376844
2017-02-17,student,0.998,1.0,0.16349683016349684,-2.92361283654497,0.12033333333333335,0.07332332332332332,0.1701701701701702,0.18333333333333335,0.11011011011011011,0.2502502502502502,-7.429063418507085,-7.652487691566161
2017-02-20,student,0.998,1.0,0.16016016016016016,-2.51943106697728,0.11966666666666666,0.07340674007340674,0.1768435101768435,0.16366666666666665,0.11011011011011011,0.2502502502502502,-7.294333811152134,-7.533267634409433
2017-02-21,student,0.999,1.0,0.14681348014681347,-1.1088766283265754,0.11433333333333334,0.07332332332332332,0.17350684017350682,0.163,0.11011011011011011,0.2502502502502502,-7.532707710868614,-7.778702459431888
2017-02-22,student,0.999,1.0,0.1634968301634968,-1.4530102683142851,0.13399999999999998,0.07340674007340674,0.1701701701701702,0.19533333333333336,0.11011011011011011,0.24691358024691357,-7.399665600842429,-7.654276878831215
2017-02-23,student,0.999,1.0,0.1634968301634968,-1.2582506228903876,0.127,0.07340674007340674,0.17359025692359017,0.17600000000000002,0.11011011011011011,0.24691358024691357,-7.30922736758489,-7.569362936737814
2017-02-27,student,0.999,1.0,0.1634968301634968,-1.8549428513768027,0.118,0.07340674007340674,0.17025358692025352,0.16666666666666666,0.11011011011011011,0.24691358024691357,-7.250796783157064,-7.470958719543098
2017-02-28,bb7,0.999,1.0,0.16683350016683351,-1.9453052254150427,0.10966666666666665,0.07340674007340674,0.1701701701701702,0.15233333333333335,0.11011011011011011,0.24691358024691357,-7.289642455100715,-7.511229520248667
2017-03-01,student,0.999,1.0,0.15348682015348683,0.11624299141051758,0.125,0.07332332332332332,0.1701701701701702,0.17800000000000002,0.11011011011011011,0.24691358024691357,-7.5865847250407095,-7.813301402411421
2017-03-02,student,0.994,1.0,0.1434768101434768,3.0817336843681975,0.12533333333333332,0.07340674007340674,0.1701701701701702,0.18699999999999997,0.11011011011011011,0.2435769102435769,-8.402471045514618,-8.639587605605422
2017-03-03,student,0.993,1.0,0.14014014014014012,1.6295334587648678,0.10766666666666667,0.07340674007340674,0.1701701701701702,0.15466666666666665,0.11011011011011011,0.24691358024691357,-7.460237159356076,-7.683486769118112
2017-03-06,student,0.992,1.0,0.14014014014014012,2.772640470806702,0.11133333333333334,0.07007007007007007,0.1701701701701702,0.17066666666666666,0.11011011011011011,0.24691358024691357,-7.299843035695544,-7.540455186365185
2017-03-07,student,0.983,0.999,0.14014014014014012,1.2283206780732001,0.122,0.07007007007007007,0.1701701701701702,0.18766666666666665,0.11011011011011011,0.24691358024691357,-7.216517770355098,-7.453394837433527
2017-03-08,student,0.981,0.999,0.14014014014014012,0.25426516051464987,0.10833333333333332,0.07007007007007007,0.1701701701701702,0.16666666666666666,0.11011011011011011,0.24691358024691357,-7.1648041943897445,-7.437587904799523
2017-03-09,student,0.985,0.999,0.14014014014014012,1.2058728213669876,0.12533333333333332,0.07332332332332332,0.17350684017350682,0.18533333333333335,0.11011011011011011,0.24691358024691357,-7.029290658294817,-7.2802157141014
2017-03-10,student,0.984,0.999,0.14014014014014012,1.3188287351680048,0.12666666666666668,0.07340674007340674,0.1701701701701702,0.18566666666666667,0.11011011011011011,0.24691358024691357,-6.886463634735101,-7.143906089899026
2017-03-14,student,0.979,0.999,0.14014014014014012,3.1095881639163974,0.12066666666666666,0.07007007007007007,0.17350684017350682,0.16866666666666666,0.11011011011011011,0.24691358024691357,-6.943752196763895,-7.2139969897844
2017-03-15,student,0.978,0.999,0.14014014014014012,2.6117992247790194,0.11466666666666665,0.07340674007340674,0.1701701701701702,0.16866666666666666,0.11011011011011011,0.24691358024691357,-6.958289140910837,-7.198120191464981
2017-03-16,student,0.977,0.999,0.1434768101434768,3.3302591674435993,0.11866666666666666,0.07340674007340674,0.1701701701701702,0.16533333333333333,0.11011011011011011,0.24691358024691357,-6.997358478957658,-7.201940083638543
2017-03-17,student,0.979,0.999,0.1434768101434768,2.536993720331802,0.12233333333333334,0.07332332332332331,0.17017017017017014,0.167,0.11011011011011011,0.24691358024691357,-7.0218487163633245,-7.2343862562823
2017-03-20,student,0.978,0.999,0.1434768101434768,2.042175554998432,0.11833333333333333,0.07332332332332331,0.1701701701701702,0.16866666666666666,0.11011011011011011,0.24691358024691357,-7.007355515776011,-7.22064272021785
2017-03-21,student,0.98,0.999,0.1434768101434768,1.2155669804234401,0.10966666666666668,0.07007007007007007,0.17017017017017014,0.16133333333333333,0.11011011011011011,0.24691358024691357,-7.005496142491528,-7.232872461896395
2017-03-22,student,0.98,0.999,0.1434768101434768,0.6782946974607122,0.12633333333333333,0.07007007007007007,0.17017017017017014,0.17899999999999996,0.1100266933600267,0.24691358024691357,-7.097504719487591,-7.349418177023836
2017-03-23,student,0.985,1.0,0.14014014014014012,2.0724982665768223,0.10433333333333332,0.07332332332332331,0.17017017017017014,0.159,0.11011011011011011,0.24691358024691357,-7.160555949603915,-7.423965028595032
2017-03-24,student,0.984,1.0,0.14681348014681347,1.775151006602445,0.122,0.07340674007340674,0.1701701701701702,0.17400000000000002,0.11011011011011011,0.24691358024691357,-7.068725230230588,-7.305581910997597
2017-03-27,student,0.985,1.0,0.1434768101434768,1.2739020560229222,0.123,0.07340674007340674,0.1701701701701702,0.18233333333333332,0.11011011011011011,0.24691358024691357,-7.068198531011775,-7.275194093028
2017-03-28,student,0.985,1.0,0.14014014014014012,0.5250947125969825,0.11666666666666665,0.07332332332332331,0.1701701701701702,0.18133333333333335,0.11011011011011011,0.24691358024691357,-7.440978032317883,-7.678022398092404
2017-03-29,student,0.984,0.999,0.14014014014014012,1.5667791645102422,0.10799999999999998,0.07340674007340674,0.1701701701701702,0.15866666666666665,0.11011011011011011,0.24691358024691357,-7.318274038698408,-7.558070949450417
2017-03-30,student,0.98,0.999,0.14014014014014012,0.6437587503869926,0.11599999999999999,0.07340674007340674,0.17025358692025352,0.16466666666666666,0.11011011011011011,0.24691358024691357,-7.233440598199384,-7.468135194714235
2017-03-31,student,0.981,0.999,0.1434768101434768,0.9474074709157772,0.11066666666666665,0.07340674007340674,0.1701701701701702,0.16666666666666666,0.11011011011011011,0.24691358024691357,-7.223225887125622,-7.488735581616993
2017-04-03,student,0.988,0.999,0.1434768101434768,1.6996250724823825,0.12266666666666666,0.07340674007340674,0.1701701701701702,0.18800000000000003,0.1100266933600267,0.24691358024691357,-7.11516512434515,-7.3998051951901616
2017-04-05,student,0.986,1.0,0.1434768101434768,2.1403474213179847,0.12166666666666666,0.07340674007340674,0.1701701701701702,0.19066666666666668,0.11011011011011011,0.24691358024691357,-6.966848920136169,-7.233510692693208
2017-04-06,student,0.986,0.999,0.1434768101434768,3.0904818513562646,0.12433333333333334,0.07332332332332331,0.1701701701701702,0.18099999999999997,0.10677344010677343,0.24691358024691357,-7.192959329795088,-7.40927555917689
2017-04-07,student,0.98,0.999,0.14014014014014012,0.7929911595281247,0.12366666666666666,0.07007007007007007,0.1701701701701702,0.18400000000000002,0.1100266933600267,0.24691358024691357,-7.065103221202979,-7.256559120616947
2017-04-10,student,0.985,1.0,0.14681348014681347,0.11282059854035537,0.11333333333333334,0.07007007007007007,0.1701701701701702,0.16233333333333333,0.11011011011011011,0.24691358024691357,-7.110867040008803,-7.317064040713511
2017-04-11,student,0.99,1.0,0.14681348014681347,0.8486995838044826,0.11533333333333333,0.07007007007007007,0.17025358692025352,0.169,0.11011011011011011,0.24691358024691357,-7.051225748418161,-7.2572809768262605
2017-04-12,student,0.977,0.999,0.1434768101434768,-0.8050989672238859,0.12266666666666666,0.07007007007007007,0.1701701701701702,0.18766666666666668,0.11011011011011011,0.24691358024691357,-7.049416033340136,-7.257060861401063
2017-04-13,student,0.912,0.999,0.14014014014014012,-2.8366988780678435,0.12266666666666666,0.07007007007007007,0.1701701701701702,0.19000000000000003,0.11678345011678344,0.2535869202535869,-7.011672638414046,-7.2275980861279026
2017-04-17,student,0.974,0.999,0.1434768101434768,-3.867042365504131,0.12133333333333333,0.07340674007340674,0.1701701701701702,0.18333333333333335,0.11011011011011011,0.24691358024691357,-6.882946229189359,-7.076781307916748
2017-04-18,student,0.974,0.999,0.1434768101434768,-4.018804323297428,0.13499999999999998,0.07007007007007007,0.1701701701701702,0.18600000000000003,0.11011011011011011,0.2469969969969969,-6.878882871776403,-7.097350722814273
2017-04-19,student,0.966,0.999,0.1434768101434768,-4.941952257805344,0.11333333333333334,0.07007007007007007,0.1701701701701702,0.164,0.11011011011011011,0.2469969969969969,-6.859633730419366,-7.108294544761669
2017-04-20,student,0.969,0.999,0.1434768101434768,-5.005364831105903,0.134,0.07007007007007007,0.1701701701701702,0.19933333333333336,0.11011011011011011,0.24691358024691357,-6.907044606931489,-7.165611142401422
2017-04-21,student,0.972,0.999,0.1434768101434768,-5.452107860679028,0.11966666666666666,0.07007007007007007,0.1701701701701702,0.18333333333333335,0.11011011011011011,0.24699699699699693,-6.929186068170195,-7.1709533301282065
2017-04-24,student,0.975,0.999,0.14681348014681347,-3.6229669636052515,0.11699999999999999,0.07007007007007007,0.1701701701701702,0.16866666666666666,0.11011011011011011,0.2502502502502502,-6.994256925852421,-7.277106326113352
2017-04-25,student,0.975,0.999,0.14681348014681347,-2.567460595338919,0.11566666666666668,0.07007007007007007,0.1701701701701702,0.18133333333333332,0.11011011011011011,0.24691358024691357,-6.988969130619018,-7.2637594180792835
2017-04-26,student,0.976,1.0,0.15015015015015012,-2.7880424277521634,0.122,0.07007007007007007,0.1701701701701702,0.18033333333333332,0.11011011011011011,0.24691358024691357,-6.905872494274079,-7.227314631979878
2017-04-27,student,0.974,1.0,0.15682349015682348,-1.729702050406945,0.12433333333333334,0.07007007007007007,0.1701701701701702,0.18499999999999997,0.11011011011011011,0.24699699699699693,-7.020268142462988,-7.3475235688484135
2017-04-28,student,0.974,1.0,0.15015015015015012,0.1115177883153955,0.11466666666666668,0.07007007007007007,0.17025358692025352,0.17766666666666664,0.11011011011011011,0.2502502502502502,-6.991108961484223,-7.3365523681836144
2017-05-02,student,0.974,0.999,0.14681348014681347,0.2945749022762528,0.11633333333333333,0.07007007007007007,0.1701701701701702,0.17333333333333334,0.11011011011011011,0.2502502502502502,-7.0409378785734615,-7.372050930243659
2017-05-03,student,0.974,1.0,0.15015015015015012,1.0088227162421881,0.12466666666666666,0.07007007007007007,0.17350684017350684,0.18866666666666668,0.11011011011011011,0.2502502502502502,-7.065689520281512,-7.353341708920781
2017-05-04,student,0.968,1.0,0.15682349015682348,2.7019763420327627,0.11533333333333333,0.07332332332332332,0.17350684017350684,0.16533333333333333,0.11011011011011011,0.2502502502502502,-7.1598426433919835,-7.4387473501169605
2017-05-05,bb7,0.975,1.0,0.15682349015682348,0.6887861245340505,0.10433333333333333,0.07340674007340674,0.17359025692359017,0.15833333333333333,0.11011011011011011,0.2502502502502502,-7.006224414623848,-7.2804909106828655
2017-05-08,student,0.975,1.0,0.16016016016016013,2.3242889414045926,0.12033333333333333,0.07007007007007007,0.17350684017350682,0.18499999999999997,0.11011011011011011,0.2502502502502502,-6.999216362399904,-7.285747964344306
2017-05-09,student,0.977,1.0,0.15682349015682348,1.7337736297874156,0.122,0.07007007007007007,0.1701701701701702,0.18466666666666667,0.11011011011011011,0.2502502502502502,-6.771011208021167,-7.056197836836573
2017-05-10,student,0.977,1.0,0.15682349015682348,2.2296287437892177,0.13033333333333333,0.07340674007340674,0.17350684017350684,0.18800000000000003,0.11336336336336336,0.2535869202535869,-6.9440346540302365,-7.2196538890418145
2017-05-11,student,0.977,1.0,0.1534868201534868,1.4441934302570578,0.12,0.07007007007007007,0.17350684017350682,0.18200000000000002,0.11011011011011011,0.2535869202535869,-6.976405099068137,-7.249110134544959
2017-05-12,student,0.978,1.0,0.1534868201534868,1.8698719294103752,0.126,0.07007007007007007,0.17350684017350682,0.20133333333333334,0.11011011011011011,0.2535869202535869,-6.984838217423469,-7.253887318488072
2017-05-15,student,0.979,1.0,0.1534868201534868,1.60031864209793,0.128,0.07007007007007007,0.1701701701701702,0.18566666666666665,0.11011011011011011,0.2535869202535869,-6.949722948880288,-7.222977989590116
2017-05-16,student,0.978,1.0,0.1534868201534868,3.562212012119638,0.12933333333333333,0.07007007007007007,0.1701701701701702,0.18499999999999997,0.11011011011011011,0.2535869202535869,-7.031308857026036,-7.289740459316078
2017-05-17,student,0.978,1.0,0.1534868201534868,4.064902283238438,0.13399999999999998,0.07007007007007007,0.1701701701701702,0.19699999999999998,0.11011011011011011,0.2535869202535869,-6.86347102614064,-7.149953997700573
2017-05-18,bb7,0.979,1.0,0.15682349015682348,1.9029741353458276,0.106,0.07007007007007007,0.1701701701701702,0.16466666666666666,0.11011011011011011,0.25033366700033355,-7.027465987555236,-7.3207864530583375
2017-05-19,student,0.983,1.0,0.15682349015682348,4.44904454144032,0.11199999999999999,0.07340674007340674,0.1701701701701702,0.17166666666666666,0.11011011011011011,0.2535869202535869,-7.233294528463594,-7.521841652387198
2017-05-22,student,0.98,1.0,0.15015015015015012,3.1525694153321777,0.12766666666666668,0.07007007007007007,0.1701701701701702,0.18233333333333335,0.11336336336336336,0.2535869202535869,-6.9354641342228005,-7.230304354715575
2017-05-23,student,0.994,1.0,0.15015015015015012,2.8181365434228574,0.10333333333333335,0.07332332332332332,0.1701701701701702,0.162,0.11011011011011011,0.2502502502502502,-6.920376576800433,-7.2065153733115555
2017-05-24,student,0.99,1.0,0.14681348014681347,2.40674185544907,0.10100000000000002,0.07340674007340674,0.1701701701701702,0.15633333333333335,0.11011011011011011,0.2503336670003336,-7.22053890497519,-7.496012655172408
2017-05-25,student,0.991,1.0,0.15682349015682348,4.62677312031818,0.12466666666666666,0.07332332332332332,0.1701701701701702,0.20033333333333334,0.11011011011011011,0.25367033700367025,-7.110002880754306,-7.417362310287363
2017-05-26,student,0.985,1.0,0.15682349015682348,4.4827349540002,0.108,0.07340674007340674,0.17350684017350682,0.17366666666666666,0.11336336336336336,0.25367033700367025,-6.858095962457062,-7.153437418151918
2017-05-29,student,0.99,1.0,0.1534868201534868,4.49009145499297,0.11833333333333335,0.07340674007340674,0.17350684017350682,0.16966666666666666,0.11336336336336336,0.2569235902569236,-6.827131018846069,-7.1071406184107175
2017-05-30,student,0.988,1.0,0.1534868201534868,3.858578407819513,0.11699999999999999,0.07340674007340674,0.17350684017350682,0.17733333333333334,0.11344678011344678,0.2569235902569236,-6.905637306692088,-7.178899636454965
2017-05-31,student,0.984,1.0,0.1534868201534868,2.07891701701338,0.12866666666666668,0.07340674007340674,0.17350684017350682,0.19833333333333333,0.11344678011344678,0.2569235902569236,-6.85865311020389,-7.147764257003133
2017-06-01,student,0.979,1.0,0.15015015015015012,4.180720192092315,0.12233333333333331,0.07340674007340674,0.17350684017350682,0.17766666666666664,0.11344678011344678,0.2570070070070069,-6.955746179177471,-7.235418484697373
2017-06-02,student,0.979,1.0,0.15015015015015012,2.9356180810818477,0.115,0.07340674007340674,0.17350684017350684,0.18066666666666667,0.11344678011344678,0.2570070070070069,-6.77741088998234,-7.066971196039543
2017-06-05,student,0.979,1.0,0.15015015015015012,3.336106329022783,0.12766666666666668,0.07340674007340674,0.17350684017350682,0.20133333333333334,0.11344678011344678,0.2569235902569236,-7.170034615631763,-7.433554596283862
2017-06-06,student,0.99,1.0,0.1534868201534868,3.1936918297030426,0.11933333333333333,0.07340674007340674,0.17684351017684352,0.16566666666666666,0.11344678011344678,0.2535869202535869,-7.11251671650501,-7.37985897454523
2017-06-07,student,0.99,1.0,0.1434768101434768,2.3903759827668978,0.11966666666666666,0.07340674007340674,0.17350684017350684,0.18766666666666665,0.11678345011678344,0.2602602602602602,-7.20883583416078,-7.479443286653983
2017-06-08,student,0.979,0.999,0.1434768101434768,0.14355355234603995,0.10866666666666668,0.07332332332332332,0.17025358692025352,0.19200000000000003,0.1200367033700367,0.27027027027027023,-6.9493155641048,-7.233124808319662
2017-06-09,student,0.987,1.0,0.14681348014681347,-0.28729830678217244,0.09899999999999999,0.07332332332332332,0.17350684017350682,0.17200000000000001,0.12012012012012012,0.27027027027027023,-6.928623475031131,-7.179646411625038
2017-06-12,student,0.978,0.999,0.14681348014681347,-0.7984910976474,0.12033333333333333,0.07340674007340674,0.17359025692359017,0.19299999999999998,0.12012012012012012,0.27027027027027023,-7.0296929900018545,-7.291729465881448
2017-06-13,student,0.985,0.999,0.1434768101434768,-2.0520275741606424,0.11733333333333333,0.07007007007007007,0.17025358692025352,0.19233333333333333,0.12012012012012012,0.27027027027027023,-6.9867111915238205,-7.261175255758568
2017-06-14,student,0.984,0.999,0.1434768101434768,-0.6874998589973199,0.13399999999999998,0.07340674007340674,0.17350684017350682,0.19800000000000004,0.12012012012012012,0.27027027027027023,-7.015813732618123,-7.288194838013178
2017-06-15,student,0.984,0.999,0.1434768101434768,-2.139913647946945,0.11633333333333333,0.07340674007340674,0.17350684017350684,0.18233333333333335,0.12012012012012012,0.27027027027027023,-7.000455110126668,-7.293710657309192
2017-06-16,student,0.985,0.999,0.1434768101434768,-1.9674623832316227,0.10966666666666668,0.07340674007340674,0.17350684017350682,0.18666666666666668,0.12012012012012012,0.27027027027027023,-7.0101867279762775,-7.291006750468496
2017-06-19,student,0.985,0.999,0.14681348014681347,-2.060894587028495,0.12033333333333333,0.07007007007007007,0.17350684017350682,0.19100000000000003,0.12012012012012012,0.2670170170170169,-6.869120456633757,-7.170240362050345
2017-06-20,student,0.985,0.999,0.14014014014014012,-0.30951259989804036,0.10666666666666665,0.07007007007007007,0.17350684017350682,0.16566666666666666,0.12012012012012012,0.26359693026359693,-7.09721333916913,-7.3396901708171445
2017-06-21,student,0.977,0.999,0.14014014014014012,-0.09592516183274535,0.10733333333333335,0.07332332332332332,0.17350684017350682,0.17600000000000002,0.12012012012012012,0.26359693026359693,-6.987267583163397,-7.2842035222545
2017-06-22,student,0.978,0.999,0.14014014014014012,-0.13105915923623285,0.121,0.07340674007340674,0.17350684017350682,0.19033333333333333,0.12012012012012012,0.26368034701368026,-6.889401075146205,-7.1806109065758905
2017-06-23,student,0.976,0.999,0.14014014014014012,-1.1409751666145305,0.12,0.07332332332332332,0.17350684017350684,0.19633333333333333,0.1200367033700367,0.26368034701368026,-6.905285410148062,-7.195540128498922
2017-06-27,student,0.977,0.999,0.1434768101434768,-2.1676061452299455,0.13066666666666668,0.07007007007007007,0.17025358692025352,0.20033333333333334,0.11678345011678344,0.26359693026359693,-6.95879937920546,-7.257159092999132
2017-06-28,student,0.916,0.999,0.12679346012679346,-2.006533467383688,0.12466666666666666,0.07340674007340674,0.17359025692359017,0.18099999999999997,0.12012012012012012,0.2669336002669336,-6.78024516561645,-7.037028184710596
2017-06-29,student,0.916,0.997,0.12679346012679346,-3.0864616949081656,0.13466666666666666,0.07340674007340674,0.17350684017350684,0.206,0.12012012012012012,0.2669336002669336,-6.588391380678106,-6.824402795835287
2017-06-30,student,0.911,0.996,0.12679346012679346,-2.5958262225193502,0.11466666666666668,0.07340674007340674,0.1768435101768435,0.19033333333333335,0.12012012012012012,0.2670170170170169,-6.524063955997,-6.744990406588713
2017-07-03,student,0.937,0.999,0.12679346012679346,-1.7619754946733983,0.104,0.07340674007340674,0.1768435101768435,0.1743333333333333,0.12012012012012012,0.2669336002669336,-6.534287568121555,-6.790365757820267
2017-07-04,student,0.938,0.999,0.12679346012679346,-1.9542168502343054,0.10933333333333334,0.07007007007007007,0.17025358692025352,0.16033333333333333,0.12012012012012012,0.2669336002669336,-6.569925116243276,-6.832939774718514
2017-07-05,student,0.914,0.995,0.12345679012345678,-2.82806858224202,0.133,0.07007007007007007,0.17025358692025352,0.21066666666666667,0.12012012012012012,0.2669336002669336,-6.566796440851187,-6.81858143675694
2017-07-06,student,0.915,0.996,0.12345679012345678,-2.373382941242955,0.13233333333333333,0.07340674007340674,0.17350684017350682,0.20033333333333334,0.12012012012012012,0.2669336002669336,-6.598459970455055,-6.837790519471841
2017-07-07,student,0.922,0.999,0.12345679012345678,-2.1876659725101355,0.14366666666666666,0.07340674007340674,0.17350684017350682,0.225,0.1200367033700367,0.26368034701368026,-6.571174216644892,-6.814619742415991
2017-07-10,student,0.924,0.999,0.12345679012345678,0.24303577671797005,0.11966666666666666,0.07340674007340674,0.17025358692025352,0.19966666666666666,0.11678345011678344,0.26368034701368026,-6.670991016447381,-6.911413117642359
2017-07-11,student,0.906,0.991,0.12345679012345678,2.7569622572746226,0.12633333333333333,0.07340674007340674,0.17350684017350682,0.19566666666666666,0.1200367033700367,0.26359693026359693,-6.809762063544636,-7.056931459212085
2017-07-12,student,0.904,0.99,0.12679346012679346,4.214962052209332,0.10066666666666667,0.07340674007340674,0.17350684017350682,0.16233333333333333,0.12012012012012012,0.26359693026359693,-6.8565656152937935,-7.08461572214742
2017-07-13,student,0.876,0.99,0.12345679012345678,5.0403647821530475,0.11399999999999999,0.07340674007340674,0.1701701701701702,0.17600000000000002,0.12012012012012012,0.26359693026359693,-6.806988010680475,-7.0267741949079
2017-07-14,student,0.871,0.988,0.12345679012345678,4.951592279668485,0.11599999999999999,0.07340674007340674,0.17350684017350682,0.18600000000000003,0.12012012012012012,0.26359693026359693,-6.667157261419713,-6.8852070722082654
2017-07-17,student,0.895,0.99,0.12679346012679346,5.00714909714368,0.12166666666666665,0.07340674007340674,0.17350684017350682,0.18733333333333335,0.12012012012012012,0.26359693026359693,-6.667468195690591,-6.877159872786591
2017-07-18,student,0.888,0.99,0.1301301301301301,5.408377876252414,0.12466666666666666,0.07340674007340674,0.17350684017350682,0.18400000000000002,0.12012012012012012,0.26359693026359693,-6.651096832490221,-6.884097958314009
2017-07-19,student,0.933,0.995,0.12679346012679346,5.267354825910343,0.11933333333333333,0.07340674007340674,0.17350684017350682,0.17700000000000002,0.11344678011344678,0.2535869202535869,-6.696985994161862,-6.9214379325608215
2017-07-20,student,0.882,0.99,0.12679346012679346,4.085722750283894,0.13999999999999999,0.07340674007340674,0.17350684017350682,0.20166666666666666,0.11344678011344678,0.25367033700367025,-6.699111119297309,-6.940074410719743
2017-07-21,student,0.876,0.99,0.1301301301301301,4.981974525981061,0.121,0.07340674007340674,0.17359025692359017,0.19266666666666668,0.12012012012012012,0.2669336002669336,-6.71824998681833,-6.953442421147718
2017-07-24,student,0.896,0.99,0.1301301301301301,3.970970244423107,0.121,0.07340674007340674,0.1768435101768435,0.18566666666666665,0.12012012012012012,0.2669336002669336,-6.684978262016146,-6.926212576924241
2017-07-25,student,0.907,0.994,0.1301301301301301,2.462346373409912,0.12466666666666666,0.07340674007340674,0.17350684017350682,0.19233333333333333,0.12012012012012012,0.26368034701368026,-6.677417490843716,-6.90848451757829
2017-07-26,student,0.904,0.991,0.1301301301301301,1.7652494048453475,0.10966666666666665,0.07340674007340674,0.17350684017350682,0.17300000000000001,0.11344678011344678,0.2535869202535869,-6.661293752814138,-6.881695015698309
2017-07-27,student,0.904,0.992,0.1301301301301301,0.7154434012534199,0.119,0.07340674007340674,0.17359025692359017,0.18499999999999997,0.11344678011344678,0.25367033700367025,-6.626983232540637,-6.848950340437075
2017-07-28,student,0.898,0.994,0.1301301301301301,1.2907473318247826,0.11633333333333333,0.07340674007340674,0.17359025692359017,0.19200000000000003,0.12012012012012012,0.2669336002669336,-6.593356631844178,-6.845491484032094
2017-07-31,student,0.903,0.99,0.1301301301301301,1.8205293855065747,0.13466666666666666,0.07340674007340674,0.1768435101768435,0.19933333333333336,0.11344678011344678,0.2535869202535869,-6.4669916009974155,-6.688716444224397
2017-08-01,student,0.89,0.99,0.1301301301301301,1.8345053598554997,0.09766666666666667,0.07340674007340674,0.1768435101768435,0.17233333333333334,0.11344678011344678,0.25367033700367025,-6.418170723055034,-6.642881128122526
2017-08-02,student,0.874,0.99,0.1301301301301301,0.7262492359556924,0.12633333333333333,0.07340674007340674,0.1768435101768435,0.18366666666666664,0.11344678011344678,0.2569235902569236,-6.414146136339179,-6.649645820276655
2017-08-03,student,0.87,0.99,0.1301301301301301,-0.06008742906196041,0.13,0.07340674007340674,0.1768435101768435,0.18733333333333335,0.11670003336670003,0.2569235902569236,-6.354030568338818,-6.573942469083073
2017-08-04,student,0.871,0.99,0.1301301301301301,0.41842274048762496,0.12,0.07340674007340674,0.1768435101768435,0.19600000000000004,0.11670003336670003,0.2569235902569236,-6.250160351021206,-6.4556690707454765
2017-08-07,student,0.878,0.99,0.1301301301301301,-0.5225658277553026,0.122,0.07340674007340674,0.1768435101768435,0.18833333333333335,0.11678345011678344,0.2569235902569236,-6.160195453848461,-6.373289153842135
2017-08-08,student,0.86,0.99,0.1301301301301301,-0.7254843612000901,0.12066666666666666,0.07340674007340674,0.17684351017684352,0.17600000000000002,0.11344678011344678,0.2569235902569236,-6.096925355801364,-6.2932240521613725
2017-08-09,student,0.875,0.99,0.1334668001334668,-2.0064067265863255,0.13033333333333333,0.07340674007340674,0.17684351017684352,0.19899999999999998,0.11678345011678344,0.2569235902569236,-6.092292214429757,-6.316404590196289
2017-08-10,student,0.872,0.99,0.1334668001334668,-3.859908304531718,0.14133333333333334,0.07340674007340674,0.1768435101768435,0.20766666666666667,0.11670003336670003,0.2569235902569236,-6.234172006059654,-6.4702294912672045
2017-08-11,student,0.89,0.992,0.1334668001334668,-6.261920530382271,0.107,0.07340674007340674,0.1768435101768435,0.16433333333333333,0.11344678011344678,0.2569235902569236,-6.13766166365639,-6.359894180922305
2017-08-14,student,0.906,0.995,0.1334668001334668,-7.883807114779141,0.12,0.07340674007340674,0.17692692692692685,0.17733333333333334,0.11344678011344678,0.2569235902569236,-6.4306617700360444,-6.655134532208903
2017-08-16,student,0.896,0.997,0.1301301301301301,-6.1448575992294465,0.12266666666666666,0.07340674007340674,0.17684351017684352,0.19333333333333336,0.11344678011344678,0.2602602602602602,-6.4316526068469,-6.686862836376552
2017-08-17,bb7,0.858,0.994,0.1301301301301301,-4.756387969212192,0.11466666666666665,0.07340674007340674,0.17684351017684352,0.17866666666666667,0.11678345011678344,0.2602602602602602,-6.56975691781233,-6.846933769618008
2017-08-18,student,0.855,0.99,0.12679346012679346,-5.94743177491258,0.12566666666666668,0.07332332332332332,0.1768435101768435,0.17833333333333334,0.11344678011344678,0.2570070070070069,-6.659190111160632,-6.926617154266936
2017-08-21,bb7,0.884,0.994,0.12679346012679346,-9.417257378937324,0.10633333333333334,0.07007007007007007,0.17359025692359017,0.169,0.11344678011344678,0.2570070070070069,-6.623785914986453,-6.854506655571726
2017-08-22,student,0.86,0.99,0.12679346012679346,-8.948315689026646,0.11633333333333333,0.07340674007340674,0.1768435101768435,0.18233333333333332,0.11344678011344678,0.2570070070070069,-6.525611616369957,-6.782831319421843
2017-08-23,student,0.878,0.993,0.12679346012679346,-7.184458829121393,0.12733333333333333,0.07340674007340674,0.1768435101768435,0.17800000000000002,0.11011011011011011,0.25033366700033355,-6.700263604297932,-6.9322171902315075
2017-08-24,student,0.857,0.99,0.1301301301301301,-5.523272076971209,0.12333333333333334,0.07340674007340674,0.1768435101768435,0.18766666666666665,0.11336336336336336,0.25033366700033355,-6.735240974468164,-6.983261609110591
2017-08-28,bb7,0.89,0.991,0.12345679012345678,-2.0010165048993933,0.10766666666666667,0.07007007007007007,0.1768435101768435,0.15966666666666665,0.10677344010677343,0.2435769102435769,-8.02859811830062,-8.269958084941868
2017-08-29,bb7,0.872,0.994,0.12679346012679346,-0.9461741088877729,0.113,0.07007007007007007,0.17359025692359017,0.15966666666666665,0.10343677010343677,0.24032365699032357,-7.809053788351057,-8.109911930039702
2017-08-30,bb7,0.853,0.99,0.12679346012679346,-0.3451719774531755,0.11166666666666665,0.07007007007007007,0.17025358692025352,0.16233333333333333,0.11336336336336336,0.2502502502502502,-7.253883136591107,-7.555695603336114
2017-08-31,student,0.881,0.99,0.12012012012012012,-2.206469695906228,0.12266666666666666,0.07007007007007007,0.1701701701701702,0.17933333333333334,0.11011011011011011,0.2535869202535869,-7.3034682264645205,-7.597799789760319
2017-09-01,student,0.886,0.99,0.12679346012679346,-1.7010671028269906,0.11366666666666665,0.07007007007007007,0.1701701701701702,0.18700000000000003,0.11011011011011011,0.2535869202535869,-7.130544426923116,-7.415080816092211
2017-09-04,bb7,0.827,0.99,0.12679346012679346,-0.6262949708690781,0.11133333333333334,0.07007007007007007,0.17350684017350682,0.17333333333333334,0.11678345011678344,0.2570070070070069,-7.147889879555456,-7.4391811172794196
2017-09-05,student,0.837,0.99,0.12679346012679346,2.1669851029369798,0.12933333333333333,0.07007007007007007,0.17350684017350682,0.18933333333333335,0.11011011011011011,0.2502502502502502,-7.129977031172256,-7.427053432220259
2017-09-06,student,0.852,0.994,0.12012012012012012,1.3452050688285422,0.12266666666666666,0.07007007007007007,0.17359025692359017,0.18633333333333332,0.11678345011678344,0.2602602602602602,-6.8962786751436305,-7.196857088127226
2017-09-07,student,0.819,0.99,0.12345679012345678,-0.04036208895223503,0.12266666666666666,0.07340674007340674,0.1768435101768435,0.18466666666666667,0.11678345011678344,0.26034367701034355,-6.830879701993071,-7.111172928819135
2017-09-08,student,0.812,0.99,0.12679346012679346,-1.5610562442038376,0.138,0.07340674007340674,0.1768435101768435,0.211,0.11678345011678344,0.26359693026359693,-6.7899886571070525,-7.0607445469416
2017-09-11,student,0.828,0.988,0.12345679012345678,-2.3233658079202177,0.12533333333333332,0.07340674007340674,0.17684351017684352,0.19766666666666666,0.11678345011678344,0.26034367701034355,-6.924833965276812,-7.1896593580817445
2017-09-12,bb7,0.815,0.989,0.12345679012345678,0.4905700914895952,0.11299999999999999,0.07332332332332332,0.18018018018018014,0.16599999999999998,0.11678345011678344,0.26359693026359693,-6.721388053538229,-6.998615946857725
2017-09-13,student,0.84,0.989,0.12679346012679346,0.19998485882487246,0.12466666666666666,0.07340674007340674,0.17684351017684352,0.18866666666666668,0.11678345011678344,0.26359693026359693,-6.756917984552017,-7.02876091860174
2017-09-14,student,0.905,0.992,0.12679346012679346,1.4077925711620654,0.12233333333333334,0.07340674007340674,0.18018018018018014,0.18666666666666668,0.11678345011678344,0.26359693026359693,-6.678023662283179,-6.925282443379677
2017-09-15,bb7,0.895,0.997,0.1301301301301301,0.3958897707940803,0.10333333333333333,0.07340674007340674,0.17684351017684352,0.167,0.11678345011678344,0.26359693026359693,-6.702128758307481,-6.954959382142127
2017-09-18,bb7,0.814,0.989,0.1301301301301301,2.6164865944391424,0.12,0.07340674007340674,0.17684351017684352,0.17600000000000002,0.12012012012012012,0.2669336002669336,-6.628631673280468,-6.872830142381117
2017-09-19,bb7,0.798,0.986,0.1301301301301301,3.161054818403363,0.11166666666666668,0.07340674007340674,0.17684351017684352,0.17833333333333334,0.12012012012012012,0.2669336002669336,-6.591711930923482,-6.848927446700825
2017-09-20,bb7,0.796,0.987,0.1334668001334668,3.1744975105088504,0.131,0.07340674007340674,0.17692692692692685,0.18066666666666667,0.12012012012012012,0.2669336002669336,-6.6348362200036775,-6.892023581834991
2017-09-21,student,0.821,0.989,0.12679346012679346,3.0728215700457593,0.12166666666666666,0.07340674007340674,0.1768435101768435,0.19066666666666668,0.12012012012012012,0.2669336002669336,-6.579252134450296,-6.835180637119491
2017-09-22,bb7,0.827,0.989,0.12345679012345678,2.4440958620410775,0.10966666666666668,0.07340674007340674,0.1801801801801802,0.16133333333333336,0.11678345011678344,0.26368034701368026,-6.590470077608144,-6.859580977131567
2017-09-25,bb7,0.82,0.989,0.12679346012679346,1.970559796448453,0.10933333333333332,0.07340674007340674,0.1801801801801802,0.15766666666666668,0.11678345011678344,0.26359693026359693,-6.538438270862512,-6.783580626364748
2017-09-26,student,0.858,0.99,0.12679346012679346,-0.03826922253719478,0.13766666666666666,0.07340674007340674,0.1801801801801802,0.19866666666666666,0.11344678011344678,0.25367033700367025,-6.63001975282983,-6.87021575587258
2017-09-27,student,0.857,0.99,0.12679346012679346,-1.7040926119279498,0.116,0.07340674007340674,0.1801801801801802,0.18233333333333332,0.11344678011344678,0.2569235902569236,-6.519301360133922,-6.759175808854283
2017-09-28,student,0.874,0.999,0.12679346012679346,-3.060968361221853,0.11566666666666665,0.07340674007340674,0.17692692692692685,0.18666666666666668,0.11678345011678344,0.26359693026359693,-6.560122516665568,-6.820873626872606
2017-09-29,student,0.838,0.989,0.1301301301301301,-3.417091208467425,0.11599999999999999,0.07332332332332332,0.17692692692692685,0.18299999999999997,0.11678345011678344,0.2602602602602602,-6.429876599401275,-6.668465629860827
2017-10-03,student,0.856,0.993,0.1301301301301301,-3.21187492361938,0.124,0.07340674007340674,0.1801801801801802,0.20166666666666666,0.11678345011678344,0.26359693026359693,-6.4165298416814585,-6.658247735410278
2017-10-04,bb7,0.854,0.994,0.13346680013346682,-3.4084445287842975,0.11533333333333333,0.07340674007340674,0.1801801801801802,0.17033333333333334,0.11678345011678344,0.26359693026359693,-6.569262100833128,-6.806294476856745
2017-10-05,bb7,0.774,0.985,0.13680347013680347,-2.9932498922174577,0.122,0.07340674007340674,0.1801801801801802,0.18433333333333332,0.11678345011678344,0.2602602602602602,-6.477919396123242,-6.711981140364617
2017-10-06,student,0.855,0.99,0.13346680013346682,-1.1636929520057229,0.12433333333333334,0.07340674007340674,0.17692692692692685,0.18733333333333335,0.11678345011678344,0.26359693026359693,-6.415988397251357,-6.674050539904943
2017-10-09,student,0.784,0.984,0.13680347013680347,0.65930890505829,0.13299999999999998,0.07340674007340674,0.1801801801801802,0.20000000000000004,0.11678345011678344,0.26034367701034355,-6.681026647714518,-6.911401146763436
2017-10-10,bb7,0.853,0.994,0.13346680013346682,1.074065997649745,0.11466666666666665,0.07340674007340674,0.1801801801801802,0.17333333333333334,0.11678345011678344,0.2669336002669336,-6.684855630956256,-6.915634764225106
2017-10-11,student,0.84,0.989,0.12679346012679346,0.3093180368552375,0.12733333333333333,0.07340674007340674,0.1801801801801802,0.19466666666666668,0.11344678011344678,0.2602602602602602,-6.61776948638083,-6.849795781114478
2017-10-12,bb7,0.847,0.99,0.12679346012679346,2.473937842607655,0.11166666666666665,0.07340674007340674,0.1801801801801802,0.17166666666666666,0.11344678011344678,0.2570070070070069,-6.9496705452879945,-7.19188917352862
2017-10-13,bb7,0.858,0.994,0.1301301301301301,3.2399752480802277,0.11633333333333333,0.07340674007340674,0.1801801801801802,0.17433333333333334,0.11678345011678344,0.2602602602602602,-6.786015444558878,-7.02267330472834
2017-10-16,bb7,0.763,0.98,0.1301301301301301,5.1949823545006675,0.11699999999999999,0.07340674007340674,0.1801801801801802,0.168,0.11344678011344678,0.2569235902569236,-6.809538380383668,-7.034663295310836
2017-10-17,student,0.857,0.99,0.1301301301301301,3.622140520947182,0.11733333333333335,0.07340674007340674,0.18026359693026353,0.18533333333333335,0.11344678011344678,0.2569235902569236,-6.718687506040757,-6.942540666140892
2017-10-18,student,0.857,0.99,0.1334668001334668,1.6409370903200573,0.121,0.07007007007007007,0.17350684017350684,0.18500000000000003,0.11011011011011011,0.2570070070070069,-6.636094288061399,-6.889843566812229
2017-10-19,bb7,0.822,0.986,0.1301301301301301,1.4051827989054702,0.115,0.07340674007340674,0.1768435101768435,0.17333333333333334,0.11670003336670003,0.26359693026359693,-6.519461622914719,-6.764595186610577
2017-10-23,bb7,0.884,0.99,0.1301301301301301,0.18995741652755238,0.11166666666666668,0.07332332332332332,0.17350684017350682,0.16966666666666666,0.11011011011011011,0.2569235902569236,-6.5815499909683055,-6.828759189472297
2017-10-24,bb7,0.871,0.991,0.1301301301301301,0.2682046136995525,0.11033333333333332,0.07332332332332332,0.17350684017350684,0.15300000000000002,0.11011011011011011,0.2569235902569236,-6.559964536806792,-6.8191799947573655
2017-10-25,bb7,0.837,0.989,0.1301301301301301,7.038949963439354,0.11166666666666668,0.07332332332332332,0.17350684017350684,0.168,0.11011011011011011,0.2570070070070069,-6.467527478065194,-6.7662718242805635
2017-10-26,bb7,0.876,0.994,0.1301301301301301,7.829864178054249,0.11766666666666666,0.07007007007007007,0.17350684017350682,0.17166666666666666,0.11670003336670003,0.26034367701034355,-6.685335952938407,-7.033368100502297
2017-10-27,bb7,0.91,0.999,0.14014014014014012,6.807338939054209,0.119,0.07007007007007007,0.17350684017350682,0.18100000000000002,0.11344678011344678,0.2602602602602602,-6.728105291861423,-7.0761569149505155
2017-10-30,bb7,0.761,0.981,0.13680347013680347,6.095042591776895,0.11666666666666665,0.07007007007007006,0.17350684017350684,0.18100000000000002,0.11011011011011011,0.2535869202535869,-6.509414108531778,-6.8255482352113
2017-10-31,student,0.768,0.98,0.12679346012679346,3.34808785892709,0.11833333333333333,0.06998665331998664,0.17350684017350682,0.17766666666666667,0.11011011011011011,0.2535869202535869,-6.632067497815674,-6.9123686143754535
2017-11-01,bb7,0.899,0.999,0.12012012012012012,6.298776147018229,0.102,0.06998665331998664,0.1701701701701702,0.163,0.1100266933600267,0.25033366700033355,-6.669996765484821,-6.92369349567019
2017-11-02,bb7,0.798,0.982,0.1301301301301301,6.478526646946545,0.11366666666666665,0.07007007007007006,0.17350684017350682,0.171,0.1100266933600267,0.24699699699699693,-6.795425878508636,-7.034581351085863
2017-11-03,bb7,0.879,0.992,0.12345679012345678,8.617516698694168,0.11033333333333334,0.07007007007007006,0.1701701701701702,0.16466666666666666,0.1100266933600267,0.24699699699699693,-6.742742989973643,-6.994172781858296
2017-11-06,student,0.883,0.992,0.12012012012012012,9.573513136286097,0.105,0.07007007007007006,0.17025358692025352,0.171,0.10677344010677343,0.24691358024691357,-6.6248095664566335,-6.881513125614953
2017-11-07,student,0.882,0.994,0.12012012012012012,8.137793613555523,0.11266666666666665,0.07007007007007006,0.1701701701701702,0.165,0.1100266933600267,0.24691358024691357,-6.692528371002076,-6.933542389996546
2017-11-08,student,0.902,0.999,0.12345679012345678,-0.046887037876690574,0.13599999999999998,0.06998665331998664,0.1701701701701702,0.20833333333333334,0.10677344010677343,0.24699699699699693,-12.469456179982597,-12.73970364668403
2017-11-09,student,0.725,0.975,0.1301301301301301,0.9562549965328898,0.11366666666666665,0.06673340006673341,0.17350684017350682,0.16366666666666665,0.10677344010677343,0.24699699699699693,-11.683608744257787,-11.957785231811574
2017-11-10,student,0.812,0.986,0.1334668001334668,2.8328692271931675,0.12566666666666668,0.06998665331998664,0.17350684017350682,0.17333333333333334,0.1100266933600267,0.2502502502502502,-10.927481708036636,-11.205143048528578
2017-11-13,student,0.776,0.98,0.12345679012345678,2.019050374001277,0.11533333333333334,0.06998665331998664,0.17350684017350682,0.17866666666666667,0.10677344010677343,0.2502502502502502,-10.14498342207621,-10.384305242029388
2017-11-14,student,0.785,0.981,0.12345679012345678,2.8107577612710766,0.106,0.06998665331998664,0.17350684017350682,0.169,0.10677344010677343,0.2502502502502502,-9.553929221773794,-9.835473549400856
2017-11-15,student,0.918,0.999,0.12012012012012012,-0.5268336688142301,0.11333333333333333,0.07007007007007006,0.17350684017350684,0.15966666666666665,0.10677344010677343,0.2502502502502502,-9.376001081836733,-9.69265248931605
2017-11-16,student,0.747,0.978,0.1334668001334668,2.6156139788778825,0.11833333333333335,0.07007007007007006,0.17350684017350682,0.17133333333333334,0.1100266933600267,0.2502502502502502,-8.85194224129933,-9.109794938040727
2017-11-17,student,0.75,0.978,0.11678345011678344,1.3888196356940403,0.10966666666666668,0.07007007007007007,0.17359025692359017,0.158,0.11011011011011011,0.2535869202535869,-8.807860823809726,-9.064480482595672
2017-11-20,student,0.75,0.978,0.12012012012012012,-0.43437420014940764,0.10866666666666668,0.07007007007007006,0.17350684017350682,0.17366666666666666,0.10677344010677343,0.2535869202535869,-8.452065850961294,-8.729654612139553
2017-11-21,student,0.749,0.977,0.12012012012012012,0.6013266230567228,0.10333333333333333,0.07007007007007006,0.17350684017350682,0.15733333333333333,0.11011011011011011,0.2535869202535869,-8.57812722360274,-8.906672227001275
2017-11-22,student,0.752,0.978,0.12345679012345678,2.510153163307449,0.12433333333333334,0.07007007007007006,0.17350684017350682,0.19066666666666665,0.11011011011011011,0.2535869202535869,-8.479049439551039,-8.859952295180959
2017-11-23,student,0.76,0.98,0.12679346012679346,2.07048886861174,0.10400000000000002,0.07007007007007006,0.17350684017350682,0.164,0.11011011011011011,0.2535869202535869,-8.209434774186525,-8.537705210356597
2017-11-24,student,0.883,0.999,0.12679346012679346,0.8093475734447645,0.1366666666666667,0.07007007007007007,0.17350684017350684,0.19099999999999998,0.11011011011011011,0.2535869202535869,-8.757058723141755,-9.07203555294887
2017-11-27,student,0.853,0.991,0.12679346012679346,1.3633514136992622,0.11766666666666666,0.07007007007007007,0.17350684017350684,0.18166666666666664,0.11011011011011011,0.2535869202535869,-8.330546347047243,-8.651730802034454
2017-11-28,student,0.857,0.994,0.12679346012679346,0.9247797245784519,0.12366666666666666,0.07007007007007007,0.17350684017350684,0.18366666666666667,0.11011011011011011,0.2535869202535869,-7.865186477576509,-8.161506486982253
2017-11-29,student,0.861,0.994,0.12679346012679346,1.6423313409319147,0.11099999999999999,0.07007007007007007,0.17350684017350684,0.16466666666666666,0.11011011011011011,0.2535869202535869,-7.5910377954311015,-7.879792184272894
2017-11-30,student,0.875,0.999,0.1301301301301301,-1.959496450286018,0.12933333333333333,0.07007007007007007,0.17350684017350684,0.19299999999999998,0.11011011011011011,0.2535869202535869,-7.500624536517902,-7.783875762962299
2017-12-01,student,0.878,0.999,0.1301301301301301,-4.161116351301445,0.12366666666666666,0.07340674007340674,0.1768435101768435,0.16366666666666665,0.11011011011011011,0.2535869202535869,-7.215560136383261,-7.47763642758459
2017-12-04,student,0.864,0.998,0.1301301301301301,-2.1499438815642806,0.119,0.07007007007007007,0.17350684017350684,0.18833333333333332,0.11344678011344678,0.2602602602602602,-7.107446154939376,-7.378121270332521
2017-12-05,student,0.74,0.978,0.12345679012345678,-2.078214255141676,0.12133333333333333,0.07007007007007007,0.17350684017350684,0.18833333333333332,0.11011011011011011,0.2535869202535869,-6.943426966193977,-7.169761889164774
2017-12-06,student,0.888,0.998,0.12345679012345678,-2.96559417653364,0.12033333333333333,0.07007007007007006,0.17350684017350682,0.171,0.1100266933600267,0.2535869202535869,-6.988632384424807,-7.212910856527701
2017-12-07,student,0.905,0.998,0.12679346012679346,-2.19633396712937,0.11033333333333334,0.07007007007007007,0.17350684017350684,0.171,0.11344678011344678,0.2602602602602602,-6.916367468760438,-7.167749055752112
2017-12-08,student,0.912,0.998,0.1334668001334668,-1.37363545477855,0.11066666666666665,0.07007007007007007,0.17350684017350684,0.16666666666666666,0.11344678011344678,0.2602602602602602,-6.843952002433138,-7.088051223768918
2017-12-11,student,0.909,0.998,0.12679346012679346,-0.5984450812853701,0.11199999999999999,0.07007007007007006,0.17350684017350684,0.18266666666666667,0.11344678011344678,0.26034367701034355,-6.72574062248125,-6.964761482059805
2017-12-12,student,0.906,0.998,0.12679346012679346,-0.041962590258132704,0.10999999999999999,0.07007007007007007,0.17350684017350684,0.15933333333333333,0.11344678011344678,0.2602602602602602,-6.843108420523107,-7.060978077898277
2017-12-13,student,0.898,0.998,0.12679346012679346,-0.6697253432834449,0.12366666666666666,0.07007007007007007,0.17350684017350684,0.19166666666666665,0.11670003336670003,0.2602602602602602,-6.8250206536892195,-7.073094995522797
2017-12-14,student,0.904,0.998,0.1334668001334668,1.2685874199722773,0.13233333333333333,0.07007007007007007,0.17350684017350684,0.18766666666666665,0.11670003336670003,0.2602602602602602,-7.179091583871506,-7.4054061779898515
2017-12-15,student,0.909,0.998,0.12679346012679346,3.4016774798972653,0.12599999999999997,0.07007007007007007,0.17350684017350684,0.19099999999999998,0.11678345011678344,0.26359693026359693,-7.173095657633867,-7.457063161022898
2017-12-18,student,0.847,0.993,0.13680347013680347,2.546838277959383,0.10166666666666667,0.07007007007007007,0.17350684017350684,0.17,0.11336336336336336,0.2570070070070069,-6.87783557367281,-7.1086206646107515
2017-12-19,student,0.807,0.989,0.13680347013680347,3.3325765821307485,0.12133333333333333,0.07007007007007007,0.17359025692359017,0.18133333333333335,0.11336336336336336,0.26034367701034355,-6.791203071962414,-7.011811318204281
2017-12-20,student,0.884,0.998,0.14014014014014012,4.2511256727099775,0.12033333333333333,0.07007007007007007,0.17359025692359017,0.18499999999999997,0.11670003336670003,0.26034367701034355,-7.0088400890648535,-7.283495367479349
2017-12-21,student,0.905,0.998,0.1334668001334668,2.7906151109729778,0.11699999999999999,0.07007007007007007,0.17350684017350684,0.16866666666666666,0.11344678011344678,0.2603436770103436,-7.021845869764759,-7.302878709593427
2017-12-22,student,0.723,0.979,0.1334668001334668,2.659367309342035,0.11,0.07340674007340674,0.17692692692692685,0.16533333333333333,0.11011011011011011,0.2570070070070069,-7.032294104804791,-7.319962828283904
2017-12-26,student,0.728,0.978,0.1334668001334668,1.9361100012024024,0.12766666666666665,0.07340674007340674,0.17684351017684352,0.19233333333333333,0.11011011011011011,0.2569235902569236,-6.971797673708053,-7.260909116155698
2017-12-27,student,0.699,0.973,0.1334668001334668,1.9458989113415774,0.11433333333333334,0.07332332332332332,0.1768435101768435,0.17,0.11011011011011011,0.2569235902569236,-6.886230126785984,-7.1433058351175625
2017-12-28,student,0.734,0.978,0.1334668001334668,2.0837156898902127,0.12799999999999997,0.07332332332332332,0.17684351017684352,0.18000000000000002,0.11011011011011011,0.2569235902569236,-6.894487890548064,-7.156645633871638
2017-12-29,student,0.751,0.978,0.1334668001334668,3.00151860893533,0.12866666666666668,0.07340674007340674,0.1768435101768435,0.20299999999999999,0.11344678011344678,0.2602602602602602,-6.849750849984259,-7.1191409924193705
2018-01-01,student,0.873,0.998,0.1334668001334668,1.3834229736863803,0.11666666666666668,0.07332332332332332,0.17684351017684352,0.17933333333333334,0.11344678011344678,0.2602602602602602,-7.0310721180787406,-7.314073735171769
2018-01-02,student,0.901,0.998,0.1334668001334668,1.1734126404139125,0.11066666666666665,0.07332332332332332,0.17350684017350684,0.18466666666666667,0.11336336336336336,0.2602602602602602,-6.852002158860173,-7.171637633743599
2018-01-03,student,0.888,0.998,0.1334668001334668,-0.11302321939367233,0.11733333333333333,0.07007007007007007,0.17350684017350684,0.18666666666666668,0.11011011011011011,0.2602602602602602,-6.8506213011121675,-7.180744337855741
2018-01-04,student,0.887,0.998,0.1334668001334668,-0.4904435759792849,0.13533333333333333,0.07340674007340674,0.17350684017350684,0.19866666666666669,0.11011011011011011,0.2602602602602602,-6.566660939697906,-6.840767464419572
2018-01-05,student,0.896,0.998,0.1301301301301301,-0.29839278852385986,0.134,0.07007007007007007,0.17350684017350684,0.2086666666666667,0.11678345011678344,0.26359693026359693,-6.43509343415661,-6.715853956661272
2018-01-08,student,0.902,0.998,0.1334668001334668,-0.3091258115631851,0.12533333333333332,0.07332332332332332,0.17350684017350684,0.19466666666666668,0.11336336336336336,0.2602602602602602,-6.4609192729883,-6.747016967649466
2018-01-09,student,0.912,0.998,0.1334668001334668,0.1226509059202125,0.12833333333333333,0.07332332332332332,0.1768435101768435,0.18633333333333332,0.11344678011344678,0.2602602602602602,-6.5125917071187125,-6.751424905110188
2018-01-10,student,0.902,0.998,0.1334668001334668,0.19454908991218495,0.131,0.07340674007340674,0.17359025692359017,0.2006666666666667,0.11678345011678344,0.26359693026359693,-6.651995149200953,-6.941895559411238
2018-01-11,student,0.901,0.998,0.14014014014014012,1.8893671247180648,0.11099999999999999,0.07007007007007007,0.17350684017350684,0.18866666666666668,0.11678345011678344,0.26359693026359693,-6.743230103994769,-7.007761441425238
2018-01-12,student,0.912,0.999,0.14014014014014012,0.6477345258503774,0.12366666666666666,0.07007007007007007,0.17359025692359017,0.20266666666666666,0.11678345011678344,0.26359693026359693,-6.7216335633789495,-6.9792000901808136
2018-01-15,student,0.836,0.994,0.13680347013680347,1.6361976670849847,0.13933333333333334,0.07332332332332332,0.1768435101768435,0.209,0.11678345011678344,0.26359693026359693,-6.629053210185127,-6.849516105650766
2018-01-16,student,0.85,0.998,0.1334668001334668,1.3601041852755598,0.11933333333333333,0.07332332332332332,0.17359025692359017,0.18133333333333335,0.11678345011678344,0.26359693026359693,-6.762011497991246,-6.960924571510509
2018-01-17,student,0.856,0.996,0.14347681014347682,3.105206746108015,0.11266666666666665,0.07332332332332332,0.1768435101768435,0.17933333333333334,0.11678345011678344,0.26359693026359693,-6.639421425441793,-6.827491016252038
2018-01-18,student,0.907,0.998,0.1434768101434768,2.1803050784012745,0.11033333333333332,0.07007007007007007,0.1768435101768435,0.17566666666666664,0.11678345011678344,0.2669336002669336,-6.521820430502645,-6.757034231065345
2018-01-19,student,0.907,0.998,0.13680347013680347,2.599614758646587,0.10833333333333332,0.07332332332332332,0.17684351017684352,0.18266666666666667,0.11678345011678344,0.2669336002669336,-6.46824941786311,-6.716671987579738
2018-01-22,student,0.9,0.998,0.13680347013680347,1.7406945139356171,0.105,0.07340674007340674,0.17692692692692685,0.14933333333333335,0.11344678011344678,0.26359693026359693,-6.457027498035216,-6.72633572579533
2018-01-23,student,0.902,0.998,0.14014014014014015,3.1585792134348925,0.12666666666666668,0.07332332332332332,0.1768435101768435,0.18733333333333335,0.11344678011344678,0.26359693026359693,-6.312825098134008,-6.585403089018518
2018-01-24,student,0.889,0.998,0.14347681014347682,3.49753166461478,0.12566666666666668,0.07340674007340674,0.17692692692692685,0.18200000000000002,0.11344678011344678,0.26359693026359693,-6.462904423684303,-6.706952156406007
2018-01-25,student,0.824,0.99,0.14681348014681347,0.9322868198663901,0.114,0.07340674007340674,0.18018018018018014,0.17733333333333334,0.11011011011011011,0.2570070070070069,-6.5214617249741895,-6.787373910025324
2018-01-29,student,0.899,0.998,0.14347681014347682,1.26886840308144,0.11866666666666666,0.07340674007340674,0.17684351017684352,0.18933333333333335,0.11678345011678344,0.2669336002669336,-6.356737650367877,-6.67316936363527
2018-01-30,student,0.896,0.998,0.14347681014347682,1.2691630166367451,0.13333333333333333,0.07340674007340674,0.17684351017684352,0.19966666666666666,0.11678345011678344,0.2669336002669336,-6.370577548928916,-6.664113260594833
2018-01-31,student,0.905,0.998,0.14014014014014015,0.4123669691865204,0.12433333333333334,0.07340674007340674,0.17692692692692685,0.19466666666666668,0.11678345011678344,0.2669336002669336,-6.608662872593268,-6.885149052723495
2018-02-01,student,0.896,0.998,0.14681348014681347,-2.042793175881547,0.10266666666666667,0.07332332332332332,0.17684351017684352,0.16633333333333333,0.11678345011678344,0.26368034701368026,-6.682839638505914,-6.960705289132007
2018-02-02,student,0.888,0.998,0.14681348014681347,-2.6116038162177646,0.11933333333333333,0.07340674007340674,0.17684351017684352,0.19133333333333336,0.11678345011678344,0.2669336002669336,-6.705109370557928,-7.016190334784633
2018-02-05,student,0.876,0.998,0.13680347013680347,-2.5278056142982948,0.12466666666666666,0.07007007007007007,0.17684351017684352,0.20600000000000004,0.11678345011678344,0.2669336002669336,-6.724531570294918,-7.023901077569384
2018-02-06,student,0.879,0.998,0.14681348014681347,-5.639835976288802,0.11066666666666668,0.07007007007007007,0.17684351017684352,0.17899999999999996,0.11678345011678344,0.2669336002669336,-6.648009850760558,-6.959926237328367
2018-02-07,student,0.798,0.995,0.15682349015682348,-7.127495097168915,0.12,0.07007007007007007,0.17684351017684352,0.19533333333333336,0.11678345011678344,0.2669336002669336,-6.770682842967499,-7.080679104280945
2018-02-08,student,0.777,0.99,0.1434768101434768,-5.891724890783527,0.12,0.07007007007007007,0.18018018018018014,0.18000000000000002,0.11678345011678344,0.26368034701368026,-6.992046417170867,-7.292599093166974
2018-02-09,bb7,0.779,0.99,0.14014014014014012,-5.610720857285028,0.108,0.07007007007007007,0.17684351017684352,0.15566666666666665,0.11670003336670003,0.26359693026359693,-7.595793586891563,-7.895748149696312
2018-02-12,bb7,0.799,0.994,0.14681348014681347,-6.4416852550778545,0.11566666666666668,0.07332332332332332,0.18018018018018014,0.16666666666666666,0.11344678011344678,0.26359693026359693,-7.363720967148725,-7.640202972468371
2018-02-14,bb7,0.813,0.998,0.15015015015015012,-6.932713084179267,0.11766666666666666,0.07332332332332332,0.18018018018018014,0.18366666666666667,0.11344678011344678,0.26359693026359693,-7.1737492284727775,-7.458520683565693
2018-02-15,bb7,0.841,0.998,0.14347681014347682,-5.44632076893925,0.11566666666666665,0.07007007007007007,0.17692692692692685,0.17266666666666666,0.11670003336670003,0.26359693026359693,-7.148100451116538,-7.440465343957128
2018-02-16,student,0.798,0.998,0.1301301301301301,-5.194911469643015,0.12033333333333333,0.07340674007340674,0.1801801801801802,0.19366666666666665,0.11011011011011011,0.2602602602602602,-7.185538677857501,-7.43265476552855
2018-02-19,student,0.742,0.989,0.1334668001334668,-4.471283207169928,0.136,0.07340674007340674,0.1801801801801802,0.20333333333333337,0.11336336336336336,0.2570070070070069,-7.307701322239157,-7.571942525979897
2018-02-20,bb7,0.803,0.998,0.14014014014014015,-4.708960736766464,0.129,0.07332332332332332,0.17684351017684352,0.18966666666666665,0.11336336336336336,0.2569235902569236,-7.212274339746091,-7.4607106501441285
2018-02-21,student,0.775,0.998,0.13680347013680347,-1.3985568996327176,0.126,0.07340674007340674,0.17692692692692685,0.19400000000000003,0.11678345011678344,0.2669336002669336,-7.741082174093596,-8.054531157154146
2018-02-22,bb7,0.796,0.998,0.1434768101434768,-1.6975015436752101,0.11599999999999999,0.07332332332332332,0.18351685018351682,0.18800000000000003,0.11678345011678344,0.2669336002669336,-7.107690425088542,-7.404297914694488
2018-02-23,student,0.748,0.998,0.13680347013680347,-2.846413855254475,0.126,0.07340674007340674,0.18018018018018014,0.18699999999999997,0.11344678011344678,0.2602602602602602,-6.947674626971315,-7.208937927140521
2018-02-26,bb7,0.716,0.995,0.13680347013680347,-1.04096563026367,0.11333333333333333,0.07340674007340674,0.1801801801801802,0.18400000000000002,0.11344678011344678,0.2602602602602602,-6.961664586826229,-7.22685895639365
2018-02-27,student,0.687,0.99,0.13680347013680347,-0.763936763918615,0.12433333333333334,0.07340674007340674,0.1801801801801802,0.18699999999999997,0.11344678011344678,0.2602602602602602,-7.118243033483662,-7.3645640019024
2018-02-28,bb7,0.747,0.991,0.14681348014681347,-0.1631652556903172,0.10566666666666667,0.07332332332332332,0.1801801801801802,0.16866666666666666,0.11011011011011011,0.2570070070070069,-7.447317826299668,-7.669440396674643
2018-03-01,bb7,0.747,0.99,0.14014014014014015,-1.483012947575575,0.11399999999999999,0.07007007007007007,0.17684351017684352,0.17766666666666667,0.11678345011678344,0.26359693026359693,-7.344027237314313,-7.602936531955351
2018-03-05,student,0.74,0.99,0.14681348014681347,-2.43285512072259,0.13266666666666665,0.07007007007007007,0.17684351017684352,0.205,0.12012012012012012,0.2769436102769436,-7.273141612348573,-7.545381766490766
2018-03-06,bb7,0.848,0.998,0.14347681014347682,-3.0769648695663223,0.11633333333333333,0.07007007007007007,0.1801801801801802,0.18899999999999997,0.12012012012012012,0.27027027027027023,-7.045418936402329,-7.363562193478642
2018-03-07,student,0.835,0.998,0.14014014014014015,-4.294408525083307,0.12166666666666666,0.07007007007007007,0.18018018018018014,0.19099999999999998,0.12012012012012012,0.2670170170170169,-7.002670286761572,-7.343142055187924
2018-03-08,bb7,0.836,0.998,0.13680347013680347,-3.430058581841495,0.10966666666666665,0.07007007007007007,0.17692692692692685,0.16966666666666663,0.12012012012012012,0.27027027027027023,-6.9849574133411805,-7.349557464056199
2018-03-09,student,0.827,0.998,0.14014014014014015,-3.4873370933319072,0.125,0.07007007007007007,0.18351685018351682,0.19899999999999998,0.12012012012012012,0.27027027027027023,-6.888886695305994,-7.232249756026614
2018-03-12,student,0.826,0.998,0.14347681014347682,-2.0651206360134293,0.12233333333333334,0.07332332332332332,0.1801801801801802,0.21466666666666667,0.12345679012345678,0.2869536202869536,-6.7327091080022745,-7.071066067335194
2018-03-13,bb7,0.835,0.998,0.15682349015682348,-2.437417533527717,0.11299999999999999,0.07007007007007007,0.1801801801801802,0.19833333333333333,0.12345679012345678,0.2837003670337003,-6.738412860435102,-7.086289673906655
2018-03-14,student,0.835,0.998,0.1534868201534868,-2.175400976886345,0.12833333333333333,0.07007007007007007,0.1801801801801802,0.212,0.12345679012345678,0.2869536202869536,-6.792510927307704,-7.1562920882457774
2018-03-15,bb7,0.841,0.998,0.14681348014681347,-2.662707574934667,0.10966666666666668,0.07007007007007007,0.18351685018351682,0.18666666666666668,0.12345679012345678,0.28361695028361694,-6.619942306478262,-6.991761727172019
2018-03-16,bb7,0.861,0.999,0.14681348014681347,-3.379792998742297,0.11866666666666666,0.07007007007007007,0.1801801801801802,0.18533333333333335,0.12345679012345678,0.28361695028361694,-6.732499456223107,-7.072522105624426
2018-03-19,student,0.861,0.998,0.14681348014681347,-2.7232952340971646,0.12066666666666666,0.07007007007007007,0.1768435101768435,0.207,0.12345679012345678,0.2837003670337003,-7.264810136662147,-7.671949072784904
2018-03-20,bb7,0.858,0.998,0.14347681014347682,-0.6289322378173394,0.13,0.07007007007007007,0.18018018018018014,0.19166666666666665,0.12012012012012012,0.27360694027360694,-7.35574339009345,-7.71757783923445
2018-03-21,student,0.878,0.998,0.15015015015015012,0.0360010511307276,0.13533333333333333,0.07007007007007007,0.1801801801801802,0.20600000000000004,0.12012012012012012,0.27035368702035356,-7.531142885258481,-7.911954695075925
2018-03-22,bb7,0.84,0.998,0.1534868201534868,-1.5798244645557598,0.11566666666666665,0.07007007007007007,0.1768435101768435,0.19899999999999998,0.12679346012679346,0.2803636970303636,-7.393469122156265,-7.765558715712495
2018-03-23,bb7,0.813,0.998,0.15682349015682348,-2.5757560526008545,0.10766666666666667,0.07007007007007006,0.1768435101768435,0.18300000000000002,0.12679346012679346,0.28361695028361694,-7.280716035844559,-7.6642560125574954
2018-03-26,bb7,0.82,0.998,0.16016016016016013,-2.7640807205547624,0.12233333333333334,0.07007007007007006,0.1768435101768435,0.20133333333333336,0.12679346012679346,0.28361695028361694,-7.260443695036942,-7.641474880890088
2018-03-27,student,0.794,0.998,0.16016016016016013,-2.0489572695236125,0.14566666666666667,0.07007007007007006,0.1768435101768435,0.22166666666666665,0.12679346012679346,0.28361695028361694,-6.980791709360055,-7.331920869911932
2018-03-28,bb7,0.802,0.998,0.1534868201534868,-3.45288845296305,0.11966666666666666,0.07007007007007007,0.17684351017684352,0.19299999999999998,0.12679346012679346,0.28361695028361694,-6.829007628275456,-7.162720142793711
2018-04-02,bb7,0.805,0.998,0.1534868201534868,-1.7721166586886676,0.10533333333333332,0.07332332332332332,0.17684351017684352,0.18833333333333335,0.12679346012679346,0.2803636970303636,-6.861916916941434,-7.17325788958537
2018-04-03,student,0.808,0.998,0.14347681014347682,0.31641370500780486,0.13333333333333333,0.07332332332332332,0.17684351017684352,0.22666666666666666,0.12671004337671005,0.2803636970303636,-6.972462764903486,-7.282525177883754
2018-04-04,bb7,0.825,0.998,0.15015015015015012,1.7785653863212925,0.119,0.07007007007007007,0.17684351017684352,0.18066666666666667,0.12671004337671005,0.2803636970303636,-6.9596606853581156,-7.281138438592604
2018-04-05,student,0.828,0.998,0.15015015015015012,3.5845965697724376,0.11900000000000001,0.07007007007007007,0.17684351017684352,0.2073333333333333,0.12671004337671005,0.28028028028028024,-6.8200827666044335,-7.156205754671275
2018-04-06,bb7,0.847,0.998,0.14681348014681347,3.538620853226715,0.10266666666666668,0.07007007007007006,0.1768435101768435,0.16533333333333333,0.12345679012345678,0.28028028028028024,-6.676867984444467,-7.021515818616844
2018-04-09,bb7,0.856,0.998,0.14347681014347682,3.7199030505534454,0.12066666666666666,0.07007007007007007,0.1768435101768435,0.19066666666666665,0.12345679012345678,0.28028028028028024,-6.886814225790029,-7.233730882132485
2018-04-10,student,0.873,0.998,0.15682349015682348,4.982203974530681,0.13033333333333333,0.07007007007007006,0.1768435101768435,0.211,0.12345679012345678,0.28028028028028024,-7.048566382011841,-7.431961687953811
2018-04-11,bb7,0.884,0.998,0.16016016016016013,3.6247708466969684,0.11966666666666666,0.07007007007007007,0.17684351017684352,0.19799999999999998,0.12345679012345678,0.28028028028028024,-7.188200088763742,-7.558262701304826
2018-04-12,bb7,0.883,0.998,0.1534868201534868,3.5648585123070187,0.119,0.07007007007007007,0.17684351017684352,0.19466666666666668,0.12345679012345678,0.28028028028028024,-7.054450903577758,-7.4303732340920865
2018-04-13,bb7,0.895,0.999,0.15682349015682348,4.582138196184996,0.10866666666666668,0.07007007007007007,0.18018018018018014,0.18433333333333335,0.12337337337337337,0.28028028028028024,-7.110444582951732,-7.437502691058243
2018-04-16,bb7,0.9,0.998,0.16016016016016013,1.4317440649692736,0.11666666666666665,0.07007007007007006,0.17684351017684352,0.18766666666666665,0.12345679012345678,0.2803636970303636,-7.131931365169344,-7.446389032354264
2018-04-17,bb7,0.867,0.998,0.1534868201534868,0.6777861240142312,0.11699999999999999,0.07007007007007007,0.1768435101768435,0.19600000000000004,0.12345679012345678,0.28028028028028024,-6.954449494848353,-7.2867063409720885
2018-04-18,bb7,0.904,0.998,0.15682349015682348,0.10347989827673415,0.11133333333333334,0.07007007007007006,0.1768435101768435,0.18666666666666668,0.12345679012345678,0.277027027027027,-7.105752997801484,-7.41696346782676
2018-04-19,bb7,0.907,0.999,0.15682349015682348,-2.3616317676718266,0.11733333333333335,0.07332332332332332,0.17692692692692685,0.18733333333333332,0.12345679012345678,0.2802802802802803,-7.1729589913123695,-7.487122255887294
2018-04-20,student,0.889,0.998,0.1534868201534868,-1.1030290674422059,0.127,0.07007007007007007,0.17684351017684352,0.20533333333333328,0.12671004337671005,0.28028028028028024,-6.945402127285768,-7.239004838579705
2018-04-23,bb7,0.902,0.998,0.16016016016016013,-0.8231385058202183,0.108,0.07007007007007007,0.1768435101768435,0.19066666666666668,0.12671004337671005,0.28361695028361694,-6.85898759477063,-7.1180429535278975
2018-04-24,bb7,0.907,0.998,0.15015015015015015,-1.7373066769515249,0.11233333333333334,0.07007007007007007,0.17684351017684352,0.20000000000000004,0.12679346012679346,0.28361695028361694,-6.717505616166108,-6.986770096619304
2018-04-25,student,0.925,0.999,0.16016016016016013,-2.33468286978079,0.12833333333333333,0.07332332332332332,0.17684351017684352,0.19999999999999998,0.12671004337671005,0.2803636970303636,-6.821927185881485,-7.0821422082782695
2018-04-26,student,0.927,0.999,0.15682349015682348,-2.5132654683860673,0.12166666666666666,0.07007007007007006,0.17684351017684352,0.19233333333333333,0.12679346012679346,0.28361695028361694,-6.754216194758155,-7.004958949746681
2018-04-27,student,0.923,0.999,0.15682349015682348,-0.9073447669491199,0.11666666666666665,0.07007007007007006,0.17684351017684352,0.20133333333333336,0.12679346012679346,0.28361695028361694,-6.648741506740022,-6.88984330349703
2018-04-30,student,0.924,0.999,0.15015015015015015,2.7779361646647303,0.119,0.07007007007007007,0.17684351017684352,0.20166666666666666,0.12679346012679346,0.2837003670337003,-7.187553393150061,-7.451264753905213
2018-05-02,student,0.924,0.999,0.16016016016016013,1.2392917208268828,0.11833333333333333,0.07007007007007007,0.17684351017684352,0.19200000000000003,0.12671004337671005,0.2869536202869536,-6.857516678206556,-7.093351136696638
2018-05-03,student,0.916,0.999,0.15015015015015015,0.6923075218745303,0.12,0.07340674007340674,0.17692692692692685,0.19800000000000004,0.12671004337671005,0.2837003670337003,-6.759187211723565,-6.997579384013192
2018-05-04,student,0.918,0.999,0.15015015015015015,0.6251220154804825,0.11766666666666666,0.07007007007007007,0.17692692692692685,0.20299999999999999,0.12345679012345678,0.2837003670337003,-6.716415158307065,-6.995778384223222
2018-05-07,student,0.936,0.999,0.14681348014681347,1.0838972812378371,0.10833333333333334,0.07007007007007006,0.18018018018018014,0.19000000000000003,0.12671004337671005,0.2869536202869536,-6.851083166092712,-7.138066564078418
2018-05-08,student,0.928,0.998,0.14681348014681347,0.8926506801641022,0.11933333333333333,0.07007007007007006,0.17692692692692685,0.19166666666666668,0.12671004337671005,0.2869536202869536,-6.7736920553439255,-7.03824027999823
2018-05-09,student,0.925,0.998,0.14681348014681347,2.4927854976090478,0.131,0.07007007007007006,0.17684351017684352,0.21366666666666667,0.12345679012345678,0.2837003670337003,-6.729345619364591,-6.972693410146871
2018-05-10,bb7,0.926,0.998,0.15015015015015015,2.113300238467035,0.09999999999999999,0.07007007007007007,0.18018018018018014,0.167,0.12345679012345678,0.2837003670337003,-6.749941431292675,-7.00786912928311
2018-05-11,student,0.926,0.998,0.15015015015015015,2.1214014637717877,0.11399999999999999,0.07007007007007007,0.18018018018018014,0.19633333333333333,0.12345679012345678,0.28036369703036357,-6.924383026716927,-7.199576874347567
2018-05-14,student,0.927,0.998,0.15015015015015015,0.6850756056570879,0.12,0.07007007007007007,0.18018018018018014,0.18933333333333335,0.12345679012345678,0.28361695028361694,-7.013363219717357,-7.3234295139861105
2018-05-15,student,0.912,0.999,0.15015015015015015,-2.163108421757787,0.12899999999999998,0.07007007007007007,0.17692692692692685,0.205,0.12671004337671005,0.2837003670337003,-6.97711830082284,-7.306543584902749
2018-05-16,student,0.938,0.999,0.15015015015015015,-0.2514787577089648,0.12,0.07340674007340674,0.18018018018018014,0.19466666666666668,0.12679346012679346,0.2869536202869536,-6.9715255160736,-7.28102167288858
2018-05-17,student,0.932,0.999,0.15015015015015015,0.6019615194298726,0.12,0.07340674007340674,0.18018018018018014,0.21033333333333334,0.12679346012679346,0.2869536202869536,-6.979015118699344,-7.287741305008346
2018-05-18,student,0.934,0.999,0.15015015015015015,-0.13368967152842215,0.118,0.07340674007340674,0.18018018018018014,0.19999999999999998,0.12679346012679346,0.2870370370370369,-6.799253464489233,-7.123209062774756
2018-05-21,student,0.935,0.999,0.15015015015015015,-2.0841280640142394,0.11466666666666665,0.07340674007340674,0.18018018018018014,0.18633333333333335,0.12671004337671005,0.2870370370370369,-6.911312488905553,-7.223338935208347
2018-05-22,student,0.943,0.999,0.15015015015015015,0.34477447415860585,0.12,0.07340674007340674,0.18018018018018014,0.20333333333333334,0.12679346012679346,0.2870370370370369,-6.850448448888393,-7.168528188421295
2018-05-23,student,0.948,0.999,0.15015015015015015,0.46859764865971987,0.12366666666666666,0.07340674007340674,0.18018018018018014,0.18966666666666668,0.12679346012679346,0.29029029029029024,-6.849310946854079,-7.174665531315676
2018-05-24,student,0.946,0.999,0.15348682015348683,0.70598738532542,0.12533333333333332,0.07340674007340674,0.18018018018018014,0.20433333333333334,0.12679346012679346,0.2869536202869536,-6.866009525869524,-7.226097027971976
2018-05-25,bb7,0.94,0.999,0.16016016016016013,0.8198847076131247,0.11,0.07340674007340674,0.18018018018018014,0.18066666666666667,0.12679346012679346,0.2869536202869536,-6.775390148069318,-7.125153363966106
2018-05-28,student,0.941,0.999,0.15348682015348683,1.35937211132111,0.121,0.07332332332332332,0.18018018018018014,0.19333333333333336,0.12679346012679346,0.2869536202869536,-6.760388521358972,-7.103914106925457
2018-05-29,student,0.933,0.999,0.15015015015015015,1.6992512909072244,0.13033333333333333,0.07332332332332332,0.17692692692692685,0.20766666666666667,0.12679346012679346,0.2870370370370369,-7.1075373532189685,-7.477636998696581
2018-05-30,student,0.941,0.999,0.15015015015015015,1.2139457764569477,0.11,0.07007007007007007,0.17684351017684352,0.18866666666666668,0.12679346012679346,0.2869536202869536,-7.099825878576828,-7.4603515705103005
2018-05-31,student,0.936,0.999,0.15015015015015015,1.57612080818576,0.129,0.07007007007007007,0.17684351017684352,0.214,0.12679346012679346,0.2869536202869536,-6.935151243397542,-7.286300164499427
2018-06-01,student,0.94,0.999,0.15015015015015015,1.803506699398635,0.11233333333333333,0.07340674007340674,0.17684351017684352,0.18966666666666668,0.12679346012679346,0.29029029029029024,-7.116387306310625,-7.484118680379334
2018-06-04,student,0.94,0.999,0.15015015015015015,2.0271413835964873,0.12733333333333333,0.07332332332332332,0.17692692692692685,0.2066666666666667,0.12679346012679346,0.2870370370370369,-7.0477441507305185,-7.4111188106999615
2018-06-05,student,0.938,0.999,0.15015015015015015,-0.6119213339607953,0.125,0.07340674007340674,0.17684351017684352,0.20966666666666667,0.12679346012679346,0.2869536202869536,-7.129209117805947,-7.4524304648399395
2018-06-06,student,0.926,0.999,0.15015015015015015,0.6445139011450649,0.12,0.07007007007007007,0.17684351017684352,0.19433333333333333,0.12679346012679346,0.2869536202869536,-7.0056465576578075,-7.349166945551428
2018-06-07,student,0.917,0.999,0.14681348014681347,2.815761279071732,0.11066666666666665,0.07007007007007006,0.17692692692692685,0.19033333333333333,0.1300467133800467,0.2969636302969636,-7.656196640740204,-8.026845028877863
2018-06-08,student,0.921,0.999,0.14681348014681347,2.8192571619282276,0.108,0.07007007007007007,0.17692692692692685,0.18733333333333335,0.1301301301301301,0.2969636302969636,-7.15304317236292,-7.532000275206243
2018-06-11,student,0.92,0.999,0.15015015015015012,2.5487762770402447,0.11599999999999999,0.07007007007007007,0.18018018018018014,0.19866666666666663,0.1301301301301301,0.297047047047047,-6.924930528827611,-7.322749630087314
2018-06-12,student,0.936,0.999,0.15015015015015012,4.655737688454471,0.11833333333333333,0.07007007007007007,0.17692692692692685,0.20599999999999996,0.1301301301301301,0.2969636302969636,-7.04484400253077,-7.403036135518231
2018-06-13,student,0.934,0.999,0.15348682015348683,5.30669989605614,0.11399999999999999,0.07007007007007006,0.17692692692692685,0.19766666666666666,0.1301301301301301,0.2969636302969636,-6.967908047381784,-7.310749043265112
2018-06-14,student,0.936,0.999,0.15015015015015012,3.7078485699403347,0.109,0.07007007007007006,0.17684351017684352,0.19266666666666668,0.1301301301301301,0.2937103770437103,-6.920698515811527,-7.236694033278364
2018-06-15,student,0.933,0.999,0.15015015015015012,4.441611774748315,0.12066666666666666,0.07007007007007006,0.17684351017684352,0.21233333333333335,0.1301301301301301,0.2937103770437103,-6.90540933073111,-7.2073449391245115
2018-06-18,student,0.941,0.999,0.15015015015015012,4.822589546323773,0.10566666666666669,0.07007007007007006,0.17684351017684352,0.18899999999999997,0.1301301301301301,0.2969636302969636,-6.9431764354820045,-7.212760834070775
2018-06-19,student,0.939,0.999,0.14681348014681347,3.978476664473313,0.11533333333333333,0.07007007007007006,0.17684351017684352,0.18800000000000003,0.1301301301301301,0.29362696029362695,-6.858991557227158,-7.117256528696875
2018-06-20,student,0.946,0.999,0.15015015015015012,2.1298852249446676,0.12,0.07007007007007006,0.1768435101768435,0.20433333333333337,0.1301301301301301,0.2969636302969636,-7.064615288663978,-7.383098213698713
2018-06-21,student,0.946,0.999,0.1534868201534868,0.36274511135879517,0.11366666666666668,0.07007007007007006,0.1768435101768435,0.19200000000000003,0.12345679012345678,0.29029029029029024,-6.983012835062612,-7.284406588172725
2018-06-22,student,0.948,0.999,0.1534868201534868,0.3918659772704327,0.12,0.07007007007007007,0.1768435101768435,0.19333333333333336,0.12345679012345678,0.2869536202869536,-6.729153044850008,-7.056518330839193
2018-06-25,student,0.955,0.999,0.1534868201534868,-1.20529037423197,0.12233333333333334,0.07007007007007006,0.1768435101768435,0.19666666666666668,0.12345679012345678,0.2869536202869536,-6.694864462694126,-7.022246336620883
2018-06-26,student,0.952,0.999,0.15015015015015012,-3.3350826628250476,0.13299999999999998,0.07007007007007006,0.17684351017684352,0.20366666666666666,0.12345679012345678,0.2869536202869536,-6.958015293908736,-7.252305243019602
2018-06-27,bb7,0.923,0.998,0.1701701701701702,-5.28062441471127,0.112,0.07007007007007007,0.1768435101768435,0.17533333333333334,0.12012012012012012,0.27360694027360694,-6.716456234745769,-6.948976053851697
2018-06-28,student,0.905,0.998,0.16349683016349684,-5.050391338561232,0.12233333333333334,0.07007007007007007,0.1768435101768435,0.18900000000000003,0.12012012012012012,0.27360694027360694,-6.858176463036023,-7.113273876617322
2018-06-29,student,0.914,0.998,0.16349683016349684,-3.636671283497849,0.11433333333333333,0.07007007007007007,0.17684351017684352,0.18666666666666668,0.12012012012012012,0.27360694027360694,-6.946135575925609,-7.205011741067919
2018-07-02,student,0.942,0.999,0.15015015015015012,-3.326898702289534,0.11133333333333333,0.07007007007007007,0.17684351017684352,0.19533333333333336,0.1301301301301301,0.2937103770437103,-6.975868747492395,-7.312211884228946
2018-07-03,student,0.937,0.999,0.15015015015015012,-1.5221101019969574,0.121,0.07332332332332332,0.17684351017684352,0.2233333333333333,0.1301301301301301,0.2969636302969636,-6.984061012811754,-7.366035500340449
2018-07-04,student,0.939,0.999,0.14681348014681347,-1.5816732637722999,0.11266666666666665,0.07332332332332332,0.18018018018018014,0.20299999999999999,0.1301301301301301,0.2969636302969636,-6.8264882918481815,-7.171831583044143
2018-07-05,student,0.925,0.999,0.1534868201534868,-2.986359120965978,0.10633333333333332,0.07332332332332332,0.18018018018018014,0.18633333333333335,0.1301301301301301,0.2969636302969636,-6.86991006220242,-7.210484196620368
2018-07-06,student,0.921,0.999,0.1534868201534868,-2.921364249327357,0.11966666666666666,0.07007007007007007,0.17692692692692685,0.20033333333333334,0.1301301301301301,0.2969636302969636,-6.915730415888142,-7.23667882046114
2018-07-09,student,0.926,0.999,0.14681348014681347,-0.3896949481773655,0.122,0.07007007007007007,0.17692692692692685,0.19133333333333336,0.1301301301301301,0.29362696029362695,-7.476308062813042,-7.823001667736199
2018-07-10,student,0.917,0.998,0.16349683016349684,0.9723442967569371,0.11399999999999999,0.07007007007007007,0.1768435101768435,0.17333333333333334,0.12012012012012012,0.2769436102769436,-7.152498783669338,-7.429131253944375
2018-07-11,student,0.925,0.998,0.16016016016016013,2.058926324809852,0.11266666666666665,0.07007007007007007,0.1768435101768435,0.17500000000000002,0.12012012012012012,0.277027027027027,-7.021809352350987,-7.297504291757223
2018-07-12,student,0.916,0.998,0.15682349015682348,2.9926420025603124,0.12733333333333333,0.07007007007007007,0.17684351017684352,0.2006666666666667,0.12345679012345678,0.2769436102769436,-7.127068250708303,-7.385779263801678
2018-07-13,student,0.905,0.998,0.15682349015682348,1.0050181373352145,0.11299999999999999,0.07007007007007007,0.17684351017684352,0.17700000000000002,0.12345679012345678,0.2769436102769436,-7.096764938641219,-7.364232054565939
2018-07-16,student,0.907,0.998,0.15682349015682348,-0.5640441823340328,0.12833333333333333,0.07007007007007007,0.17692692692692685,0.20733333333333337,0.12345679012345678,0.2769436102769436,-6.840568111972714,-7.091332220454559
2018-07-17,student,0.946,0.999,0.14681348014681347,-0.8479669569470406,0.11833333333333335,0.07332332332332332,0.17692692692692685,0.21133333333333335,0.12679346012679346,0.29362696029362695,-6.8121877446870815,-7.123308694539355
2018-07-18,student,0.949,0.999,0.14681348014681347,-2.172236075313048,0.12666666666666665,0.07007007007007007,0.17692692692692685,0.207,0.1300467133800467,0.2937103770437103,-6.813545322362226,-7.142321550122836
2018-07-19,student,0.957,0.999,0.14681348014681347,-0.49661185837663774,0.11766666666666666,0.07007007007007007,0.17692692692692685,0.19700000000000004,0.12679346012679346,0.29029029029029024,-6.751120896842864,-7.076712983327674
2018-07-20,student,0.955,0.999,0.14681348014681347,-0.3740318492948602,0.11233333333333333,0.07007007007007007,0.18018018018018014,0.20633333333333334,0.12679346012679346,0.29029029029029024,-6.730295983363859,-7.025051009572883
2018-07-23,student,0.95,0.999,0.14681348014681347,0.11097020983807959,0.11466666666666668,0.07007007007007007,0.17692692692692685,0.19500000000000003,0.12679346012679346,0.29029029029029024,-6.692083965502939,-7.012612067051262
2018-07-24,bb7,0.926,0.998,0.15682349015682348,-0.1369086822844502,0.10600000000000002,0.07007007007007007,0.18018018018018014,0.15233333333333335,0.12345679012345678,0.28361695028361694,-6.627181174013082,-6.885060731289294
2018-07-25,student,0.92,0.998,0.15682349015682348,0.457792536033905,0.13,0.07007007007007007,0.17684351017684352,0.21500000000000005,0.12345679012345678,0.28028028028028024,-6.70308234966441,-6.9874738722676035
2018-07-26,student,0.895,0.998,0.15682349015682348,1.9375378377671173,0.128,0.07007007007007007,0.17684351017684352,0.209,0.12345679012345678,0.28361695028361694,-6.670235727586079,-6.929983727189656
2018-07-27,student,0.897,0.998,0.15682349015682348,2.90520754678235,0.10966666666666668,0.07007007007007007,0.18018018018018014,0.18333333333333335,0.12345679012345678,0.28361695028361694,-6.769981198857127,-7.013740584970694
2018-07-30,student,0.887,0.998,0.1534868201534868,5.092142885052637,0.13033333333333333,0.07007007007007007,0.17684351017684352,0.19566666666666666,0.12345679012345678,0.28028028028028024,-7.1735470753722606,-7.4167349640730995
2018-07-31,student,0.894,0.998,0.1534868201534868,5.132934728129498,0.10533333333333333,0.07007007007007007,0.17684351017684352,0.17133333333333334,0.11344678011344678,0.27027027027027023,-6.980321363026791,-7.25062983960945
2018-08-01,student,0.935,0.999,0.13680347013680347,6.415298826285928,0.10966666666666668,0.07007007007007007,0.17684351017684352,0.19133333333333336,0.12012012012012012,0.28028028028028024,-7.010649019283509,-7.33274370720972
2018-08-02,student,0.927,0.999,0.14014014014014012,6.038220593741945,0.12533333333333332,0.07007007007007007,0.17684351017684352,0.20166666666666666,0.12345679012345678,0.287037037037037,-7.01310919678279,-7.35125451021918
2018-08-03,student,0.942,0.999,0.1434768101434768,5.7269755616364755,0.12,0.07007007007007007,0.17684351017684352,0.215,0.12012012012012012,0.28028028028028024,-7.00819389164957,-7.352567636352545
2018-08-06,student,0.928,0.999,0.1434768101434768,3.895322157127727,0.123,0.07007007007007007,0.17684351017684352,0.20299999999999999,0.12012012012012012,0.28028028028028024,-7.054060022685433,-7.37435162510332
2018-08-07,student,0.94,0.999,0.14014014014014012,3.304305089536487,0.11733333333333333,0.07007007007007007,0.17684351017684352,0.21233333333333335,0.12345679012345678,0.29029029029029024,-6.864187621574809,-7.1998695428316974
2018-08-08,student,0.928,0.999,0.1434768101434768,4.060811690785345,0.13166666666666668,0.07340674007340674,0.18026359693026353,0.20233333333333334,0.12345679012345678,0.29029029029029024,-6.827728026878005,-7.199323446968443
2018-08-09,student,0.926,0.999,0.1434768101434768,3.769515247761737,0.12433333333333331,0.07007007007007007,0.17684351017684352,0.19933333333333333,0.1234567901234568,0.29029029029029024,-7.067216909148807,-7.5052336765861805
2018-08-10,student,0.927,0.999,0.14014014014014012,1.3462894105241694,0.11366666666666665,0.07007007007007007,0.17684351017684352,0.19200000000000003,0.12012012012012012,0.2803636970303636,-7.11645284256149,-7.508508983585035
2018-08-13,student,0.886,0.998,0.15682349015682348,-0.46262090774198283,0.12766666666666668,0.07007007007007006,0.1768435101768435,0.19466666666666668,0.11670003336670003,0.27360694027360694,-7.034137435865711,-7.3544858648416485
2018-08-14,student,0.888,0.998,0.15015015015015015,-0.41285500464523284,0.11233333333333333,0.07007007007007007,0.17684351017684352,0.16333333333333333,0.11670003336670003,0.27360694027360694,-7.108979601059258,-7.427323509880476
2018-08-16,student,0.937,1.0,0.14014014014014012,-0.13479161836552017,0.118,0.07007007007007007,0.17684351017684352,0.20633333333333334,0.12012012012012012,0.28361695028361694,-7.136278278782464,-7.490772674446829
2018-08-17,student,0.887,0.998,0.15015015015015012,2.328387021536362,0.11433333333333333,0.07007007007007007,0.17359025692359017,0.18400000000000002,0.11344678011344678,0.27360694027360694,-6.958336863686506,-7.252455045421996
2018-08-20,student,0.886,0.999,0.15015015015015012,2.3586592127869177,0.122,0.07007007007007006,0.1768435101768435,0.19899999999999998,0.11678345011678344,0.27369035702369027,-6.900929857822106,-7.203046597328466
2018-08-21,student,0.881,0.999,0.15015015015015012,2.032255474389345,0.119,0.07007007007007006,0.1768435101768435,0.19033333333333335,0.11670003336670003,0.27360694027360694,-7.014274376116215,-7.337649592106105
2018-08-23,student,0.947,0.999,0.15682349015682348,1.5320180468437805,0.11399999999999999,0.07007007007007006,0.17684351017684352,0.18733333333333335,0.11344678011344678,0.27360694027360694,-7.040086881054374,-7.374618043760578
2018-08-24,student,0.885,0.999,0.15015015015015012,-0.02293950279465984,0.11833333333333333,0.07007007007007006,0.1768435101768435,0.19000000000000003,0.11344678011344678,0.27360694027360694,-6.94983601768077,-7.238690855300347
2018-08-27,student,0.873,0.998,0.15348682015348683,0.5116611936972282,0.13099999999999998,0.07007007007007006,0.17684351017684352,0.19366666666666665,0.11344678011344678,0.2769436102769436,-6.940054950035476,-7.243412529103611
2018-08-28,student,0.923,0.999,0.14681348014681347,2.005221620230223,0.12199999999999998,0.07007007007007006,0.17684351017684352,0.19133333333333336,0.12012012012012012,0.28361695028361694,-7.722652391193458,-8.127637941220613
2018-08-29,student,0.923,0.999,0.13680347013680347,2.9730005466845677,0.13499999999999998,0.07007007007007006,0.17684351017684352,0.21000000000000005,0.12012012012012012,0.2802802802802803,-7.7829757944418905,-8.171918821474092
2018-08-30,student,0.869,0.998,0.15015015015015015,2.7199070246441455,0.10966666666666668,0.07007007007007006,0.17684351017684352,0.17633333333333334,0.11670003336670003,0.27360694027360694,-7.43487918964803,-7.762537723977663
2018-08-31,student,0.864,0.998,0.15015015015015012,3.7732867027153674,0.12433333333333334,0.07007007007007007,0.1768435101768435,0.19366666666666665,0.11344678011344678,0.27360694027360694,-7.2356519030781286,-7.571203364418683
2018-09-03,student,0.864,0.998,0.14347681014347682,-0.016631504270082198,0.10766666666666665,0.07007007007007006,0.1768435101768435,0.17400000000000002,0.11344678011344678,0.27360694027360694,-7.324936578889449,-7.649286206582275
2018-09-04,bb7,0.867,0.998,0.15015015015015015,-1.9572662059401402,0.09833333333333333,0.07007007007007006,0.1768435101768435,0.169,0.11344678011344678,0.27360694027360694,-7.277269242207265,-7.618005065540045
2018-09-05,student,0.867,0.998,0.15015015015015015,-1.8405378404922748,0.11366666666666668,0.07007007007007006,0.1768435101768435,0.19000000000000003,0.11344678011344678,0.27027027027027023,-7.051946621926559,-7.406920579049187
2018-09-06,student,0.866,0.998,0.14347681014347682,-0.6943089869639527,0.11299999999999999,0.07007007007007007,0.1768435101768435,0.17133333333333334,0.11344678011344678,0.27360694027360694,-7.210959495729785,-7.539247738100715
2018-09-07,student,0.863,0.998,0.14347681014347682,0.7677942147957024,0.123,0.07007007007007007,0.1768435101768435,0.19866666666666666,0.11344678011344678,0.27035368702035356,-6.9245816733537175,-7.212056647423295
2018-09-10,student,0.884,0.998,0.14347681014347682,-2.2442570776859005,0.11033333333333332,0.07007007007007006,0.1768435101768435,0.16466666666666666,0.11344678011344678,0.27035368702035356,-6.834547074893564,-7.148466270845609
2018-09-11,student,0.885,0.998,0.14347681014347682,-3.17255945126454,0.11033333333333334,0.07007007007007006,0.1768435101768435,0.17666666666666667,0.11344678011344678,0.27027027027027023,-6.780499003830435,-7.082154267015723
2018-09-12,student,0.884,0.998,0.14347681014347682,-2.58515876628388,0.12633333333333333,0.07007007007007007,0.17684351017684352,0.19833333333333336,0.11344678011344678,0.27035368702035356,-6.749855984593614,-7.02958186629562
2018-09-14,student,0.881,0.998,0.14347681014347682,-2.03195697588505,0.12233333333333334,0.07007007007007006,0.1768435101768435,0.19233333333333333,0.11344678011344678,0.27360694027360694,-6.79047197451373,-7.053032670124096
2018-09-17,student,0.922,0.999,0.14347681014347682,-5.1253888379201475,0.13266666666666665,0.07007007007007006,0.1768435101768435,0.219,0.11344678011344678,0.27360694027360694,-6.87630697441488,-7.15870735713305
2018-09-18,student,0.924,0.999,0.14014014014014015,-4.704753339848928,0.112,0.07007007007007006,0.17684351017684352,0.17700000000000002,0.11344678011344678,0.27360694027360694,-6.928572762855878,-7.213090875710383
2018-09-19,student,0.893,0.999,0.14014014014014015,-3.7616924643826923,0.12433333333333334,0.07007007007007007,0.1768435101768435,0.19400000000000003,0.11344678011344678,0.2669336002669336,-7.359983497677293,-7.650687308687876
2018-09-21,student,0.889,0.998,0.14014014014014015,-4.560847944312185,0.10466666666666667,0.07007007007007006,0.1768435101768435,0.16966666666666666,0.11344678011344678,0.2669336002669336,-7.38256841736327,-7.646383175842123
2018-09-24,student,0.889,0.999,0.14014014014014015,-6.375802637539293,0.10699999999999998,0.07007007007007006,0.1768435101768435,0.18000000000000002,0.11670003336670003,0.27027027027027023,-7.391838268383189,-7.685376172370238
2018-09-25,student,0.883,0.998,0.14014014014014015,-5.72946149147903,0.11633333333333333,0.07007007007007006,0.1768435101768435,0.18233333333333335,0.11344678011344678,0.27027027027027023,-7.446267187761265,-7.744644730196658
2018-09-26,student,0.886,0.998,0.14014014014014015,-6.525607571576613,0.12566666666666668,0.07007007007007006,0.1768435101768435,0.18366666666666667,0.11670003336670003,0.27027027027027023,-7.438718696420779,-7.723755139268193
2018-09-27,student,0.877,0.998,0.14014014014014015,-5.720507767151675,0.124,0.07007007007007006,0.1768435101768435,0.19566666666666666,0.11678345011678344,0.27360694027360694,-7.690580499780488,-8.009815384343222
2018-09-28,student,0.893,0.999,0.13680347013680347,-6.508621426151881,0.13566666666666666,0.07007007007007007,0.1768435101768435,0.205,0.11670003336670003,0.27027027027027023,-7.499228332416934,-7.78175215422367
2018-10-01,student,0.889,0.998,0.14014014014014015,-4.614893080872445,0.12933333333333333,0.07007007007007007,0.1768435101768435,0.19533333333333336,0.11344678011344678,0.2670170170170169,-7.332994570871409,-7.632130966165566
2018-10-03,student,0.866,0.998,0.14014014014014015,-4.276931506075608,0.12533333333333332,0.07007007007007007,0.17684351017684352,0.20366666666666666,0.11670003336670003,0.27360694027360694,-7.417213926829254,-7.770634215155912
2018-10-04,student,0.941,0.998,0.13680347013680347,-5.025819962315476,0.11033333333333332,0.07007007007007007,0.17684351017684352,0.18000000000000002,0.11678345011678344,0.28028028028028024,-8.082947842071553,-8.454144526870293
2018-10-05,student,0.893,0.996,0.1434768101434768,-6.339073499571403,0.11599999999999999,0.07007007007007007,0.17684351017684352,0.18600000000000003,0.11678345011678344,0.27035368702035356,-7.619388367811146,-7.92222260012617
2018-10-08,student,0.899,0.996,0.1434768101434768,-5.219477238455258,0.11433333333333333,0.07007007007007007,0.17684351017684352,0.18800000000000003,0.11678345011678344,0.27035368702035356,-7.514328259962223,-7.788394103318091
2018-10-09,student,0.935,0.998,0.1334668001334668,-8.02320421620785,0.14166666666666666,0.07007007007007007,0.17692692692692685,0.2146666666666667,0.12012012012012012,0.28028028028028024,-7.879909024158569,-8.257194983865432
2018-10-10,student,0.923,0.999,0.12679346012679346,-7.920249520005909,0.11499999999999999,0.07340674007340674,0.17692692692692685,0.19600000000000004,0.1200367033700367,0.28028028028028024,-7.604411970776652,-7.961263880330917
2018-10-11,student,0.97,1.0,0.1301301301301301,-9.194260381503149,0.13133333333333333,0.07340674007340674,0.18018018018018014,0.19800000000000004,0.12012012012012012,0.28028028028028024,-7.81857095186293,-8.177760810966454
2018-10-12,student,0.971,0.999,0.1301301301301301,-7.672975975644857,0.12133333333333333,0.07332332332332332,0.17692692692692685,0.19266666666666668,0.12012012012012012,0.28028028028028024,-7.8189694194006885,-8.146990034139831
2018-10-15,student,0.975,0.999,0.1301301301301301,-7.4578018046364445,0.119,0.07340674007340674,0.17692692692692685,0.205,0.12012012012012012,0.28028028028028024,-7.66882996113145,-8.05481156959628
2018-10-16,student,0.97,0.999,0.1334668001334668,-8.874505238401728,0.11933333333333333,0.07340674007340674,0.1801801801801802,0.19766666666666666,0.12345679012345678,0.2837003670337003,-7.800861468515354,-8.187920643720316
2018-10-17,student,0.975,0.999,0.1334668001334668,-8.563919682947237,0.13033333333333333,0.07340674007340674,0.18026359693026353,0.18966666666666665,0.12345679012345678,0.2869536202869536,-7.602978672214489,-8.000183257257
2018-10-19,student,0.975,1.0,0.13680347013680347,-7.872959939555514,0.113,0.07340674007340674,0.18351685018351685,0.19399999999999998,0.12012012012012012,0.28028028028028024,-7.605284530573626,-7.945780170456308
2018-10-22,student,0.979,1.0,0.1301301301301301,-6.883959828081656,0.13733333333333334,0.07340674007340674,0.18351685018351682,0.21466666666666664,0.11678345011678344,0.2802802802802803,-8.227708856843542,-8.597932357977616
2018-10-23,bb7,0.96,0.999,0.14347681014347682,-8.624414584488754,0.122,0.07340674007340674,0.18351685018351682,0.18266666666666667,0.11344678011344678,0.2769436102769436,-7.989890737192447,-8.350857842471475
2018-10-24,student,0.975,0.999,0.1334668001334668,-3.9296115816474266,0.13,0.07340674007340674,0.18351685018351682,0.18833333333333335,0.11344678011344678,0.27027027027027023,-10.528082105563774,-11.00337314918323
2018-10-25,student,0.981,1.0,0.13680347013680347,-6.861949896156187,0.12933333333333333,0.07332332332332332,0.1801801801801802,0.2006666666666667,0.11011011011011011,0.2670170170170169,-8.954816645454379,-9.35939556394531
2018-10-26,bb7,0.993,1.0,0.14014014014014012,-4.020991066146324,0.11266666666666665,0.07340674007340674,0.1801801801801802,0.18566666666666665,0.12012012012012012,0.2869536202869536,-9.336425134093504,-9.761767625645385
2018-10-29,student,0.924,0.999,0.1334668001334668,-1.9204704389330596,0.11866666666666666,0.07332332332332332,0.17684351017684352,0.19366666666666665,0.12345679012345678,0.28361695028361694,-8.691439406109293,-9.064067198714556
2018-10-30,student,0.994,0.999,0.14014014014014012,-0.014328487679491353,0.13033333333333333,0.07332332332332332,0.1801801801801802,0.19700000000000004,0.12337337337337337,0.28361695028361694,-8.624380953739252,-9.048172341077068
2018-10-31,bb7,0.955,1.0,0.1334668001334668,1.3658750423724624,0.114,0.07340674007340674,0.1801801801801802,0.17900000000000002,0.12012012012012012,0.28361695028361694,-8.37547787996677,-8.793866632086335
2018-11-01,student,0.951,1.0,0.1334668001334668,1.918480784730498,0.12466666666666666,0.07340674007340674,0.1801801801801802,0.20099999999999998,0.12012012012012012,0.2869536202869536,-8.690065247426089,-9.098229477330191
2018-11-02,bb7,0.997,1.0,0.14681348014681347,4.913722786934437,0.10833333333333334,0.07340674007340674,0.1801801801801802,0.17733333333333334,0.12012012012012012,0.2869536202869536,-8.68603922572771,-9.168177423432992
2018-11-05,student,0.985,1.0,0.13680347013680347,6.5136832047281725,0.12966666666666668,0.07340674007340674,0.1801801801801802,0.19366666666666668,0.12012012012012012,0.2837003670337003,-8.48974388244974,-8.94470675492565
2018-11-06,student,0.985,1.0,0.13680347013680347,7.955353347289291,0.135,0.07340674007340674,0.1801801801801802,0.19366666666666668,0.12012012012012012,0.28361695028361694,-8.312130724316708,-8.716141971403774
2018-11-07,bb7,0.985,1.0,0.13680347013680347,8.442284098407615,0.10900000000000003,0.07340674007340674,0.1801801801801802,0.18266666666666667,0.12012012012012012,0.2837003670337003,-8.384614242226002,-8.79596329925619
2018-11-09,student,0.982,1.0,0.13680347013680347,9.290959296036833,0.12466666666666666,0.07340674007340674,0.1801801801801802,0.18933333333333335,0.12012012012012012,0.2837003670337003,-8.475187831534946,-8.873149533516603
2018-11-12,bb7,0.996,1.0,0.14681348014681347,7.991733329265257,0.12133333333333333,0.07340674007340674,0.18018018018018014,0.19166666666666668,0.12012012012012012,0.2837003670337003,-8.286517862742373,-8.761621148710152
2018-11-13,bb7,0.991,0.999,0.14681348014681347,4.147824922115029,0.12666666666666668,0.07340674007340674,0.1801801801801802,0.19299999999999998,0.11670003336670003,0.27027027027027023,-8.651078289201049,-9.090820563593512
2018-11-14,bb7,0.985,0.999,0.14681348014681347,2.4826448962554255,0.12033333333333333,0.07340674007340674,0.1801801801801802,0.18700000000000003,0.11670003336670003,0.27027027027027023,-8.577123831383407,-8.969491093314707
2018-11-15,student,0.912,0.999,0.1301301301301301,0.65632770302773,0.12333333333333334,0.07340674007340674,0.17684351017684352,0.19166666666666665,0.11344678011344678,0.27027027027027023,-8.285446138693423,-8.64212481444094
2018-11-16,student,0.907,0.999,0.1301301301301301,1.1300902957189032,0.11833333333333333,0.07340674007340674,0.17684351017684352,0.19000000000000003,0.11344678011344678,0.27027027027027023,-8.020944993612163,-8.360747156673217
2018-11-19,student,0.913,0.999,0.1301301301301301,0.02490240327319282,0.13166666666666665,0.07340674007340674,0.17692692692692685,0.20333333333333337,0.11344678011344678,0.27027027027027023,-8.10141688290904,-8.444231933985806
2018-11-20,student,0.91,0.999,0.1301301301301301,-1.9358890733781824,0.12333333333333334,0.07340674007340674,0.18351685018351682,0.19833333333333333,0.12012012012012012,0.28036369703036357,-7.921357074810723,-8.286027385880635
2018-11-21,student,0.965,1.0,0.1301301301301301,-2.1229256095708724,0.125,0.07340674007340674,0.17684351017684352,0.19833333333333333,0.12012012012012012,0.28028028028028024,-8.027505890595672,-8.479829785571903
2018-11-22,student,0.97,1.0,0.1334668001334668,-3.61063181663359,0.10899999999999999,0.07340674007340674,0.17692692692692685,0.19099999999999998,0.12012012012012012,0.28028028028028024,-7.9323973573774165,-8.404032984863575
2018-11-26,student,0.957,1.0,0.1301301301301301,-1.9553341103742166,0.14133333333333334,0.07340674007340674,0.17692692692692685,0.23666666666666666,0.12012012012012012,0.28028028028028024,-7.894073922326523,-8.316412040370102
2018-11-27,student,0.964,1.0,0.1301301301301301,0.3850328178086124,0.121,0.07340674007340674,0.17692692692692685,0.18300000000000002,0.11344678011344678,0.27027027027027023,-8.137727765890508,-8.571698349121082
2018-11-28,student,0.97,1.0,0.1301301301301301,0.7883052442614928,0.12666666666666665,0.07340674007340674,0.17692692692692685,0.18133333333333335,0.11344678011344678,0.2669336002669336,-7.977623657168303,-8.392535968866959
2018-11-29,bb7,0.991,1.0,0.14681348014681347,1.3684856699131749,0.12333333333333334,0.07340674007340674,0.1801801801801802,0.19533333333333336,0.11678345011678344,0.2702702702702703,-7.946997240559367,-8.379399337479626
2018-11-30,bb7,0.99,1.0,0.15015015015015012,-0.12706842402213003,0.11933333333333333,0.07340674007340674,0.18026359693026353,0.18200000000000002,0.11678345011678344,0.2703536870203536,-7.745506467301516,-8.1961421083694
2018-12-03,student,0.921,1.0,0.13680347013680347,1.6998003741388672,0.11733333333333333,0.07340674007340674,0.17684351017684352,0.19499999999999998,0.11678345011678344,0.27360694027360694,-7.451728401989659,-7.795401723644979
2018-12-04,bb7,0.987,0.999,0.15015015015015012,1.0505321801001375,0.12799999999999997,0.07340674007340674,0.17684351017684352,0.18966666666666665,0.11344678011344678,0.27027027027027023,-7.565924709542968,-7.944797278637105
2018-12-05,bb7,0.99,1.0,0.15015015015015012,1.3339030309105677,0.12033333333333333,0.07340674007340674,0.17684351017684352,0.18400000000000002,0.11678345011678344,0.27360694027360694,-7.505308250286504,-7.859480881336492
2018-12-06,student,0.991,1.0,0.15015015015015012,-0.5995991573430222,0.12166666666666666,0.07340674007340674,0.17692692692692685,0.20566666666666666,0.12012012012012012,0.28036369703036357,-7.486569747733035,-7.856221212536097
2018-12-07,bb7,0.991,1.0,0.15015015015015012,0.9368398874472426,0.12,0.07340674007340674,0.18018018018018014,0.19433333333333336,0.12012012012012012,0.28028028028028024,-7.554308742477237,-7.973739216959202
2018-12-10,bb7,0.992,1.0,0.15015015015015012,-2.149611786274812,0.13099999999999998,0.07340674007340674,0.17684351017684352,0.18566666666666665,0.11678345011678344,0.27027027027027023,-7.680605989641764,-8.093698110376605
2018-12-11,bb7,0.991,1.0,0.15015015015015012,-1.7356629638159773,0.11133333333333333,0.07332332332332332,0.17684351017684352,0.18100000000000002,0.11670003336670003,0.27027027027027023,-7.621044966074417,-7.992218235982242
2018-12-12,bb7,0.99,0.999,0.15015015015015012,0.47933217868436007,0.12033333333333333,0.07007007007007007,0.17684351017684352,0.17700000000000002,0.11011011011011011,0.2669336002669336,-7.942936727949138,-8.317412701708943
2018-12-13,student,0.99,1.0,0.1434768101434768,1.2663109998570525,0.12733333333333333,0.07340674007340674,0.17692692692692685,0.2066666666666667,0.12012012012012012,0.28028028028028024,-7.734506638681442,-8.124747025299126
2018-12-14,bb7,0.991,0.999,0.1434768101434768,2.5385915187326975,0.12199999999999998,0.07007007007007007,0.17684351017684352,0.17266666666666666,0.11011011011011011,0.26368034701368026,-7.635404954808329,-7.982064405983035
2018-12-17,student,0.991,1.0,0.1434768101434768,1.2421752241209147,0.12433333333333331,0.07340674007340674,0.17684351017684352,0.20299999999999999,0.11678345011678344,0.28028028028028024,-7.5205455788529285,-7.890008761438608
2018-12-18,bb7,0.991,1.0,0.1434768101434768,0.8799783220612324,0.11599999999999999,0.07007007007007007,0.1768435101768435,0.18466666666666667,0.12012012012012012,0.28361695028361694,-7.428177951733184,-7.789177238168846
2018-12-19,bb7,0.993,1.0,0.1434768101434768,1.7952912219992867,0.11433333333333333,0.07007007007007007,0.17359025692359017,0.18766666666666665,0.11678345011678344,0.28361695028361694,-7.711955447942037,-8.093147514662972
2018-12-20,bb7,0.991,1.0,0.1434768101434768,4.040395056061475,0.11833333333333333,0.07007007007007007,0.17359025692359017,0.18900000000000003,0.12012012012012012,0.28361695028361694,-7.737288855836039,-8.170274480878088
2018-12-21,bb7,0.992,0.999,0.1434768101434768,1.836686156033179,0.12433333333333334,0.07340674007340674,0.17692692692692685,0.19266666666666665,0.12012012012012012,0.28361695028361694,-7.596513570096562,-8.023835882064674
2018-12-24,student,0.997,1.0,0.1434768101434768,3.0780389759957743,0.11599999999999999,0.07332332332332332,0.18018018018018014,0.20033333333333334,0.12012012012012012,0.2869536202869536,-7.754075254241788,-8.16243323503315
2018-12-26,bb7,0.997,1.0,0.1434768101434768,1.8665271519732687,0.11766666666666666,0.07340674007340674,0.18018018018018014,0.18933333333333335,0.12012012012012012,0.2869536202869536,-7.663665137390826,-8.076130826776817
2018-12-27,student,0.994,1.0,0.1434768101434768,0.07812748427624505,0.137,0.07340674007340674,0.18018018018018014,0.21533333333333338,0.12012012012012012,0.2869536202869536,-7.812722453299861,-8.154353499413437
2018-12-28,bb7,0.993,1.0,0.1434768101434768,-0.8727675824222579,0.11466666666666665,0.07340674007340674,0.1801801801801802,0.18766666666666668,0.12012012012012012,0.2869536202869536,-7.695763889510397,-8.076157021740393
2018-12-31,student,0.993,1.0,0.1434768101434768,-0.8625450401092452,0.11966666666666666,0.07340674007340674,0.18018018018018014,0.19500000000000003,0.12012012012012012,0.2869536202869536,-7.676074085585169,-8.064085581210566
2019-01-01,student,0.995,1.0,0.1434768101434768,-0.9734439616148953,0.12133333333333333,0.07340674007340674,0.1801801801801802,0.20233333333333334,0.12012012012012012,0.2869536202869536,-7.668048043015849,-8.042687878073526
2019-01-02,student,0.99,1.0,0.14014014014014012,-1.8600860094411122,0.13133333333333333,0.07340674007340674,0.18351685018351682,0.2106666666666667,0.12012012012012012,0.2869536202869536,-7.645321999634663,-8.003428709482323
2019-01-03,student,0.989,1.0,0.1434768101434768,-2.581004889132648,0.12999999999999998,0.07340674007340674,0.18018018018018014,0.20133333333333334,0.12012012012012012,0.2869536202869536,-7.613620986599094,-7.966070612466026
2019-01-04,student,0.989,0.999,0.1434768101434768,-1.4329438882988876,0.11699999999999999,0.07007007007007007,0.17692692692692685,0.19800000000000004,0.12012012012012012,0.2869536202869536,-7.797256135229699,-8.178446155750336
2019-01-07,student,0.989,0.999,0.1434768101434768,0.9551431404984195,0.12233333333333334,0.07332332332332332,0.17692692692692685,0.19533333333333333,0.12012012012012012,0.2837003670337003,-7.828534445513948,-8.22854733857243
2019-01-08,student,0.991,0.999,0.1434768101434768,2.684757898718475,0.13066666666666665,0.07007007007007007,0.18018018018018014,0.223,0.12012012012012012,0.2869536202869536,-7.8588260347885095,-8.24101191318908
2019-01-09,student,0.992,1.0,0.1434768101434768,3.768999709952442,0.14333333333333334,0.07340674007340674,0.18018018018018014,0.21466666666666664,0.12012012012012012,0.2869536202869536,-7.792176190183963,-8.170650565698345
2019-01-10,student,0.996,1.0,0.1434768101434768,4.0532269337079345,0.12699999999999997,0.07007007007007007,0.18018018018018014,0.20099999999999998,0.12012012012012012,0.2869536202869536,-7.705996930162693,-8.076512875230867
2019-01-11,student,0.996,1.0,0.1434768101434768,2.2685878836774824,0.11066666666666668,0.07007007007007007,0.1801801801801802,0.19000000000000003,0.12012012012012012,0.2869536202869536,-7.545885124241131,-7.878959573546805
2019-01-14,student,0.994,1.0,0.1434768101434768,2.54414999721008,0.12533333333333332,0.07007007007007007,0.18018018018018014,0.19133333333333336,0.12012012012012012,0.2869536202869536,-7.332828907268575,-7.671268529125596
2019-01-15,student,0.994,1.0,0.1434768101434768,3.88559848704452,0.12999999999999998,0.07332332332332332,0.18351685018351685,0.19966666666666666,0.12012012012012012,0.2869536202869536,-7.320070650729622,-7.677449212502355
2019-01-16,student,0.994,0.999,0.1434768101434768,5.40559084683789,0.12066666666666666,0.07007007007007007,0.18018018018018014,0.20666666666666667,0.12012012012012012,0.2869536202869536,-7.5863662248890344,-7.977741732263047
2019-01-17,student,0.992,0.999,0.13680347013680347,4.992583701522393,0.12366666666666666,0.07007007007007007,0.17684351017684352,0.205,0.12012012012012012,0.2869536202869536,-7.480423054108844,-7.82851739102446
2019-01-18,student,0.981,1.0,0.1301301301301301,3.495674727880875,0.11100000000000003,0.07007007007007007,0.18018018018018014,0.18400000000000002,0.12012012012012012,0.2869536202869536,-7.332911589718241,-7.702662848191446
2019-01-21,student,0.978,1.0,0.12679346012679346,2.5854395382581923,0.13733333333333334,0.07007007007007007,0.18018018018018014,0.21599999999999997,0.12345679012345678,0.2870370370370369,-7.532660752495536,-7.978016553739955
2019-01-22,student,0.978,1.0,0.12679346012679346,1.2302198198138274,0.11866666666666666,0.07007007007007007,0.17684351017684352,0.19166666666666665,0.12345679012345678,0.29029029029029024,-7.60190115453379,-8.008816966770869
2019-01-23,student,0.991,1.0,0.14014014014014012,-0.23771799243665737,0.12866666666666668,0.07007007007007007,0.17684351017684352,0.20333333333333337,0.11678345011678344,0.27360694027360694,-7.492110975011158,-7.820943914966243
2019-01-24,student,0.989,0.999,0.1434768101434768,-1.4310866250810326,0.11299999999999999,0.07007007007007007,0.17684351017684352,0.18966666666666665,0.11678345011678344,0.27360694027360694,-7.367786317500879,-7.725276551629848
2019-01-25,student,0.978,1.0,0.13680347013680347,-0.9937949184101801,0.12933333333333333,0.07007007007007007,0.17684351017684352,0.19566666666666666,0.11678345011678344,0.27360694027360694,-7.348012321800112,-7.695629209660393
2019-01-28,student,0.978,1.0,0.13680347013680347,-2.42675699425518,0.12533333333333332,0.07007007007007007,0.17684351017684352,0.21266666666666667,0.11678345011678344,0.27360694027360694,-7.175447464395988,-7.506129543643274
2019-01-29,student,0.977,1.0,0.13680347013680347,-3.8684097859284834,0.13933333333333334,0.07007007007007007,0.17684351017684352,0.22866666666666666,0.11678345011678344,0.27360694027360694,-7.099042854801835,-7.423772711457621
2019-01-30,student,0.974,1.0,0.14014014014014012,-3.7683494164975686,0.112,0.07007007007007007,0.17684351017684352,0.17800000000000002,0.11678345011678344,0.27360694027360694,-6.893915593162878,-7.188597488834383
2019-01-31,student,0.974,1.0,0.14014014014014012,-0.10917758737773298,0.13999999999999999,0.07007007007007007,0.17684351017684352,0.21533333333333335,0.11678345011678344,0.27360694027360694,-7.11041602196723,-7.396009392278119
2019-02-01,student,0.974,1.0,0.14681348014681347,0.5194260596700113,0.11366666666666668,0.07007007007007007,0.17684351017684352,0.17933333333333334,0.11678345011678344,0.27360694027360694,-7.215736683140298,-7.5131260359877965
2019-02-04,student,0.978,1.0,0.14681348014681347,0.2376486252547117,0.12666666666666668,0.07007007007007007,0.17684351017684352,0.20000000000000004,0.11678345011678344,0.27360694027360694,-7.341371824949833,-7.616812084597857
2019-02-05,student,0.978,1.0,0.14681348014681347,0.11911251965470138,0.10633333333333332,0.07007007007007007,0.17684351017684352,0.16533333333333333,0.11678345011678344,0.27360694027360694,-7.259574952435587,-7.535867486102905
2019-02-06,student,0.978,1.0,0.1434768101434768,1.8955670837911718,0.11733333333333333,0.07007007007007007,0.17684351017684352,0.20299999999999999,0.11344678011344678,0.27027027027027023,-7.210154671466819,-7.48246217186092
2019-02-07,student,0.977,1.0,0.1434768101434768,3.158614291823199,0.145,0.07340674007340674,0.18018018018018014,0.20966666666666667,0.11344678011344678,0.27027027027027023,-7.304776486870392,-7.532950947916905
2019-02-08,student,0.974,1.0,0.1434768101434768,-1.5627085382527057,0.12033333333333333,0.07007007007007007,0.17350684017350684,0.18633333333333335,0.11344678011344678,0.27027027027027023,-7.197030153013153,-7.443239473055177
2019-02-11,student,0.98,1.0,0.1434768101434768,-1.084949593879183,0.11966666666666666,0.07007007007007007,0.17350684017350684,0.18033333333333335,0.11344678011344678,0.27027027027027023,-7.152244062936633,-7.351024788440115
2019-02-12,student,0.984,1.0,0.14014014014014012,-2.5274173257102692,0.10699999999999998,0.07007007007007007,0.1768435101768435,0.18366666666666667,0.11670003336670001,0.27027027027027023,-7.1521866285457945,-7.377729048076864
2019-02-14,student,0.98,1.0,0.14014014014014012,-2.82479352583549,0.10566666666666669,0.07007007007007007,0.17350684017350684,0.17966666666666667,0.11344678011344678,0.27027027027027023,-7.147154397098295,-7.38439048714413
2019-02-15,student,0.98,1.0,0.14014014014014012,-5.734551514170526,0.10966666666666668,0.07007007007007007,0.17350684017350684,0.18333333333333335,0.11344678011344678,0.27027027027027023,-7.4041825419479,-7.633182064505466
2019-02-18,student,0.981,1.0,0.13680347013680347,-6.172390133062132,0.12133333333333333,0.07007007007007007,0.17350684017350684,0.18766666666666665,0.11344678011344678,0.26701701701701697,-7.64130768964448,-7.8528552502384805
2019-02-19,student,0.981,1.0,0.13680347013680347,-6.306396329956569,0.09999999999999999,0.07007007007007007,0.17350684017350684,0.16733333333333333,0.11344678011344678,0.2669336002669336,-7.495083971643444,-7.705237519251295
2019-02-20,student,0.978,1.0,0.1434768101434768,-4.860534591091829,0.11933333333333333,0.07007007007007007,0.17350684017350684,0.19400000000000003,0.11344678011344678,0.27027027027027023,-7.636314631682929,-7.88082949796001
2019-02-21,student,0.979,1.0,0.1434768101434768,-5.201285278352442,0.12266666666666665,0.07007007007007007,0.17684351017684352,0.17733333333333334,0.11344678011344678,0.26701701701701697,-7.557350234828811,-7.805984674849528
2019-02-22,student,0.978,1.0,0.13680347013680347,-4.61708175811265,0.11666666666666665,0.07007007007007006,0.1768435101768435,0.19066666666666668,0.11678345011678344,0.27369035702369027,-7.457909912573404,-7.713928561985641
2019-02-25,student,0.973,0.999,0.13680347013680347,1.563823825238373,0.09433333333333334,0.07007007007007006,0.17025358692025352,0.159,0.11678345011678344,0.27369035702369027,-12.184507770457076,-12.431118517738739
2019-02-26,student,0.968,0.999,0.13680347013680347,2.0622168302504473,0.12666666666666668,0.07007007007007007,0.17350684017350684,0.18500000000000003,0.11678345011678344,0.27035368702035356,-8.767951367869191,-9.062926592679165
2019-02-27,student,0.981,0.999,0.14014014014014012,1.8424875048081724,0.121,0.07007007007007006,0.17350684017350684,0.20366666666666666,0.11344678011344678,0.2669336002669336,-7.719449000111521,-7.994359967682743
2019-02-28,student,0.993,0.999,0.1434768101434768,1.8533184991262224,0.11666666666666668,0.07007007007007006,0.17350684017350684,0.18800000000000003,0.11344678011344678,0.27027027027027023,-8.494239659629407,-8.806754454180233
2019-03-01,student,0.968,0.999,0.14014014014014012,3.117290756612623,0.12033333333333333,0.07007007007007007,0.17350684017350682,0.17766666666666667,0.11344678011344678,0.2669336002669336,-7.841082328522171,-8.09822702355922
2019-03-05,student,0.98,0.999,0.14681348014681347,5.2302338694507196,0.11733333333333333,0.07007007007007006,0.17350684017350684,0.17733333333333334,0.11344678011344678,0.2669336002669336,-7.726328533782152,-7.993748716971573
2019-03-06,student,0.984,0.999,0.1434768101434768,4.690413798810373,0.12633333333333333,0.07007007007007007,0.17350684017350682,0.19100000000000003,0.11344678011344678,0.2669336002669336,-7.577718314050964,-7.867332532767602
2019-03-07,student,0.979,0.999,0.14014014014014012,3.728882431484585,0.11866666666666668,0.07007007007007007,0.17359025692359017,0.18400000000000002,0.11344678011344678,0.2669336002669336,-7.540914565213656,-7.8004410464790555
2019-03-08,student,0.982,0.999,0.1434768101434768,1.3432278875905879,0.11233333333333333,0.07007007007007007,0.17350684017350682,0.17233333333333334,0.11344678011344678,0.2669336002669336,-7.42102115406526,-7.694447817978482
2019-03-11,student,0.984,1.0,0.14681348014681347,0.9404075743059829,0.10833333333333332,0.07007007007007006,0.17359025692359017,0.17433333333333334,0.11344678011344678,0.26693360026693363,-7.520305885486723,-7.797657773977154
2019-03-12,student,0.982,1.0,0.14681348014681347,0.6142519229147154,0.125,0.07007007007007007,0.1768435101768435,0.17566666666666667,0.11678345011678344,0.27027027027027023,-7.517127630219854,-7.7947441354889335
2019-03-13,student,0.982,0.999,0.14681348014681347,0.7427176516327401,0.10766666666666669,0.07007007007007007,0.17359025692359017,0.17800000000000002,0.11678345011678344,0.27027027027027023,-7.49629192067632,-7.792545065329018
2019-03-14,student,0.969,0.999,0.14014014014014012,1.5562006009772351,0.105,0.07007007007007007,0.17359025692359017,0.17166666666666666,0.11678345011678344,0.2703536870203536,-7.618581168964614,-7.908699170673342
2019-03-15,student,0.961,0.999,0.14014014014014012,1.9039470658860327,0.11033333333333332,0.07007007007007006,0.17359025692359017,0.17666666666666667,0.11678345011678344,0.27360694027360694,-7.521490985582321,-7.829712557123395
2019-03-18,student,0.966,0.999,0.14014014014014012,0.9114331255235478,0.12133333333333333,0.07007007007007007,0.1768435101768435,0.19700000000000004,0.11678345011678344,0.2703536870203536,-7.460471030759492,-7.781765664915489
2019-03-19,student,0.969,0.999,0.13680347013680347,0.09383219919867247,0.11399999999999999,0.07007007007007006,0.17350684017350684,0.19766666666666668,0.11678345011678344,0.27360694027360694,-7.662937740645253,-7.953781217700643
2019-03-20,student,0.974,0.999,0.13680347013680347,1.0825560077735226,0.11333333333333333,0.07007007007007006,0.17350684017350684,0.17366666666666666,0.11678345011678344,0.27027027027027023,-7.477553751774397,-7.749069963365081
2019-03-22,student,0.973,0.999,0.13680347013680347,-0.2174916249439125,0.107,0.07332332332332332,0.17359025692359017,0.18166666666666667,0.11678345011678344,0.27027027027027023,-7.475671923734494,-7.763384131886502
2019-03-25,student,0.979,0.999,0.13680347013680347,0.08818764729104034,0.11999999999999998,0.07007007007007006,0.17350684017350684,0.18600000000000003,0.11678345011678344,0.2702702702702703,-7.715161923898538,-8.008590682250007
2019-03-26,student,0.982,0.999,0.13680347013680347,0.24926818569407738,0.124,0.07007007007007006,0.17350684017350684,0.19466666666666668,0.11678345011678344,0.2702702702702703,-7.524816274746207,-7.820573588431336
2019-03-27,student,0.974,0.999,0.13680347013680347,-0.26867337023506516,0.11033333333333332,0.07007007007007006,0.17350684017350684,0.18266666666666667,0.11670003336670001,0.2702702702702703,-7.332423882429961,-7.650588851580495
2019-03-28,student,0.973,0.999,0.13680347013680347,0.6160085532687622,0.12066666666666666,0.07007007007007006,0.17350684017350684,0.19000000000000003,0.11670003336670001,0.2702702702702703,-7.338483202272258,-7.646853725914656
2019-04-01,student,0.974,0.999,0.13680347013680347,4.4824868374768245,0.11533333333333333,0.07007007007007006,0.17350684017350684,0.19733333333333336,0.11670003336670001,0.2702702702702703,-7.246794227186068,-7.542410145320137
2019-04-02,student,0.974,0.999,0.1334668001334668,6.65683351500073,0.123,0.07007007007007007,0.17359025692359017,0.18833333333333335,0.11344678011344678,0.2669336002669336,-7.203814662439195,-7.523707485472845
2019-04-03,student,0.974,0.999,0.14014014014014012,5.3076117850427345,0.12799999999999997,0.07007007007007007,0.17359025692359017,0.20600000000000004,0.11344678011344678,0.2669336002669336,-7.26482234899827,-7.588815942910374
2019-04-04,student,0.973,0.999,0.1334668001334668,4.8800323652656745,0.12033333333333333,0.07007007007007006,0.17350684017350684,0.18500000000000003,0.11344678011344678,0.2669336002669336,-7.194769871130851,-7.518044146701776
2019-04-05,student,0.972,0.999,0.14014014014014012,4.563206812023779,0.11033333333333334,0.07007007007007006,0.17359025692359017,0.17466666666666666,0.11344678011344678,0.2669336002669336,-7.234882450062771,-7.577296831752616
2019-04-08,student,0.975,0.999,0.14014014014014012,5.160305148400039,0.119,0.07007007007007006,0.17350684017350684,0.19400000000000003,0.11344678011344678,0.2670170170170169,-7.3398502715315646,-7.683253168528905
2019-04-09,student,0.966,0.999,0.14014014014014012,7.250868813119444,0.12266666666666666,0.07007007007007006,0.17350684017350684,0.19599999999999998,0.11344678011344678,0.27027027027027023,-7.532733454425301,-7.880834343382669
2019-04-10,student,0.969,0.999,0.13680347013680347,7.1391755425360115,0.12566666666666668,0.07007007007007006,0.17684351017684352,0.19066666666666668,0.11344678011344678,0.27027027027027023,-7.523676991092661,-7.823088497736441
2019-04-11,student,0.972,0.999,0.13680347013680347,7.629345461397461,0.111,0.07007007007007006,0.1768435101768435,0.17700000000000002,0.11344678011344678,0.27027027027027023,-7.615429031548229,-7.934210148990603
2019-04-12,student,0.972,0.999,0.14014014014014012,6.494004140407764,0.11933333333333333,0.06998665331998664,0.17350684017350684,0.19066666666666668,0.11670003336670001,0.27027027027027023,-7.6009147090882365,-7.922279427656114
2019-04-15,student,0.969,0.999,0.14014014014014012,4.295734774980285,0.118,0.07007007007007007,0.1768435101768435,0.20000000000000004,0.11344678011344678,0.27027027027027023,-8.064574138725456,-8.3822424916541
2019-04-16,student,0.965,1.0,0.14014014014014012,1.7148915236397593,0.11166666666666665,0.06998665331998664,0.17359025692359017,0.18366666666666667,0.11344678011344678,0.27027027027027023,-8.084654210013147,-8.432538918862196
2019-04-18,student,0.972,1.0,0.14014014014014012,3.008015170912892,0.112,0.07007007007007006,0.17359025692359017,0.17133333333333334,0.11678345011678344,0.27027027027027023,-7.843235308838138,-8.208843110789784
2019-04-22,student,0.973,1.0,0.14014014014014012,2.4907227095417848,0.12866666666666668,0.07007007007007006,0.17359025692359017,0.2046666666666667,0.11678345011678344,0.27027027027027023,-7.743534006160291,-8.095227702732508
2019-04-23,student,0.973,1.0,0.14014014014014012,2.293923529641657,0.11399999999999999,0.07007007007007007,0.1768435101768435,0.18333333333333335,0.11678345011678344,0.27027027027027023,-7.674032069626921,-8.0079680444187
2019-04-24,student,0.967,0.999,0.14014014014014012,2.8145890393206323,0.10500000000000002,0.07007007007007007,0.17350684017350684,0.17800000000000002,0.11678345011678344,0.27027027027027023,-7.786501334136808,-8.11981556092142
2019-04-25,student,0.97,1.0,0.14014014014014012,0.8868619852068802,0.11233333333333333,0.07007007007007006,0.17350684017350684,0.168,0.11678345011678344,0.27027027027027023,-7.707743805915445,-8.035185601772026
2019-04-26,student,0.973,1.0,0.14014014014014012,0.35611168480571515,0.121,0.06998665331998664,0.17350684017350684,0.17733333333333334,0.11678345011678344,0.27027027027027023,-7.6334522807457175,-7.96413570429038
2019-04-30,student,0.972,1.0,0.14014014014014012,0.12447519454658035,0.11433333333333333,0.06998665331998664,0.17350684017350684,0.207,0.11678345011678344,0.2703536870203536,-7.380610286289011,-7.687516885449333
2019-05-02,student,0.967,1.0,0.14014014014014012,-2.1371339467828045,0.12833333333333333,0.07332332332332332,0.17350684017350684,0.20833333333333334,0.11678345011678344,0.2703536870203536,-7.35810029295,-7.674864616239121
2019-05-03,student,0.971,1.0,0.13680347013680347,-3.5285446763005823,0.121,0.06998665331998664,0.17025358692025352,0.18500000000000003,0.11344678011344678,0.2669336002669336,-7.3676661947490105,-7.6840749621441535
2019-05-06,student,0.969,0.999,0.13680347013680347,-5.353569825089927,0.11399999999999999,0.06998665331998664,0.17350684017350682,0.18400000000000002,0.11344678011344678,0.2670170170170169,-7.239661533334243,-7.551942172779936
2019-05-07,student,0.974,1.0,0.13680347013680347,-6.112716857136217,0.11399999999999999,0.07007007007007006,0.17350684017350682,0.18000000000000002,0.11678345011678344,0.27027027027027023,-7.260300187143428,-7.5883935946159236
2019-05-08,student,0.979,1.0,0.13680347013680347,-7.726313492582298,0.11733333333333333,0.06673340006673341,0.17025358692025352,0.19333333333333336,0.11678345011678344,0.27027027027027023,-7.259362522154354,-7.610076341213955
2019-05-09,bb7,0.979,1.0,0.13680347013680347,-6.765424889954779,0.10966666666666668,0.07007007007007006,0.17350684017350682,0.17833333333333334,0.11670003336670003,0.27035368702035356,-7.40429566501071,-7.754163547389338
2019-05-10,bb7,0.979,1.0,0.1334668001334668,-6.455820901442203,0.11933333333333333,0.0667334000667334,0.17350684017350682,0.17566666666666667,0.11344678011344678,0.27027027027027023,-7.576525100195109,-7.911599608356006
2019-05-13,student,0.979,1.0,0.13680347013680347,-5.839186057220248,0.12999999999999998,0.06998665331998664,0.17350684017350684,0.21,0.11670003336670003,0.26701701701701697,-7.375240026866275,-7.720982615124476
2019-05-14,student,0.974,1.0,0.1334668001334668,-5.26361488577459,0.11933333333333333,0.07007007007007006,0.1768435101768435,0.18533333333333335,0.11670003336670003,0.2669336002669336,-7.512561077186545,-7.847194260802706
2019-05-15,student,0.974,1.0,0.1334668001334668,-8.162805374222613,0.11333333333333333,0.07007007007007006,0.17350684017350682,0.19200000000000003,0.11670003336670003,0.2669336002669336,-7.392268847713296,-7.718644118638927
2019-05-16,bb7,0.974,0.999,0.13680347013680347,-4.007865187231344,0.10400000000000002,0.07007007007007006,0.17350684017350682,0.17066666666666666,0.11344678011344678,0.27027027027027023,-7.541541592420313,-7.851921413589301
2019-05-17,bb7,0.969,0.999,0.13680347013680347,-2.853720567770905,0.10966666666666665,0.07007007007007006,0.17350684017350682,0.17500000000000002,0.11344678011344678,0.2670170170170169,-7.414415832653198,-7.721544433214596
2019-05-20,student,0.974,0.999,0.1334668001334668,3.1604468302833872,0.125,0.07007007007007006,0.17350684017350682,0.2066666666666667,0.11344678011344678,0.2670170170170169,-7.649701928905113,-7.978771547214661
2019-05-21,student,0.974,0.999,0.13680347013680347,1.3016250551477277,0.11733333333333335,0.07007007007007006,0.17350684017350682,0.19133333333333336,0.11344678011344678,0.2669336002669336,-7.887262037528667,-8.212658037587373
2019-05-22,bb7,0.974,1.0,0.13680347013680347,3.3479013003049345,0.10066666666666668,0.07007007007007006,0.17350684017350682,0.15833333333333333,0.11344678011344678,0.27027027027027023,-7.820193894459068,-8.141130073212755
2019-05-23,bb7,0.978,1.0,0.13680347013680347,1.8204366331469748,0.10633333333333332,0.07007007007007006,0.17025358692025352,0.17766666666666667,0.11344678011344678,0.27027027027027023,-7.6897368456276345,-7.9934352374355155
2019-05-24,bb7,0.978,1.0,0.13680347013680347,3.7181382004665573,0.108,0.07007007007007006,0.17350684017350684,0.18499999999999997,0.11344678011344678,0.27027027027027023,-7.689163924260867,-7.997018970397176
2019-05-27,student,0.979,1.0,0.13680347013680347,4.7908780508929,0.12533333333333332,0.07007007007007006,0.17350684017350684,0.19466666666666665,0.12012012012012012,0.277027027027027,-7.644921578301604,-7.953656115088419
2019-05-28,student,0.974,1.0,0.14014014014014012,4.409193065101578,0.12066666666666666,0.07007007007007006,0.17350684017350682,0.21033333333333334,0.12012012012012012,0.28028028028028024,-7.472997190008444,-7.804162288793961
2019-05-29,student,0.974,0.999,0.13680347013680347,5.762575199703635,0.11566666666666665,0.07007007007007006,0.17350684017350682,0.19033333333333335,0.11678345011678344,0.2669336002669336,-8.484174099446202,-8.799132722722582
2019-05-30,bb7,0.979,1.0,0.13680347013680347,4.189912185710407,0.11233333333333334,0.07007007007007007,0.17350684017350682,0.17766666666666667,0.11344678011344678,0.27027027027027023,-7.913015184529558,-8.210960455651552
2019-05-31,student,0.974,0.999,0.13680347013680347,3.075893922577967,0.11499999999999999,0.07007007007007006,0.17350684017350682,0.19200000000000003,0.11670003336670003,0.27035368702035356,-7.5842692007295875,-7.859624868233221
2019-06-03,bb7,0.971,0.999,0.13680347013680347,0.3092099835888147,0.109,0.07007007007007007,0.17350684017350682,0.17200000000000001,0.11678345011678344,0.2670170170170169,-8.569109468895451,-8.861317477597519
2019-06-04,student,0.973,1.0,0.1334668001334668,1.8906792468097176,0.12066666666666666,0.07007007007007006,0.1768435101768435,0.18566666666666665,0.11344678011344678,0.27360694027360694,-9.189052324710833,-9.526658394543581
2019-06-06,student,0.974,0.999,0.1334668001334668,0.199885272956297,0.11433333333333333,0.07007007007007006,0.17350684017350682,0.19333333333333336,0.11344678011344678,0.27360694027360694,-8.642738458477748,-8.9912310210081
2019-06-07,bb7,0.969,0.999,0.1334668001334668,1.563448298014087,0.11866666666666666,0.07340674007340674,0.17350684017350682,0.17766666666666667,0.11344678011344678,0.27360694027360694,-8.392485919364303,-8.76956342869542
2019-06-10,bb7,0.973,0.999,0.1334668001334668,-0.15778667379327826,0.11166666666666668,0.06998665331998664,0.17350684017350682,0.17533333333333334,0.11344678011344678,0.27360694027360694,-8.35961219494357,-8.718019916923462
2019-06-11,bb7,0.977,1.0,0.1334668001334668,0.0036419716947244662,0.108,0.07007007007007006,0.17350684017350682,0.18000000000000002,0.11344678011344678,0.27360694027360694,-8.012892259630798,-8.352791925959435
2019-06-12,bb7,0.979,0.999,0.1334668001334668,-0.9079104415888258,0.10933333333333332,0.07007007007007006,0.17350684017350682,0.17733333333333334,0.11336336336336336,0.2602602602602602,-7.762799173546573,-8.059994608985876
2019-06-13,bb7,0.978,0.999,0.1434768101434768,0.29037391790291717,0.11699999999999999,0.07007007007007006,0.1701701701701702,0.18800000000000003,0.11344678011344678,0.26359693026359693,-8.012467767019317,-8.326876271463648
2019-06-14,student,0.978,1.0,0.1334668001334668,-1.1918736805437433,0.13166666666666665,0.0667334000667334,0.1701701701701702,0.19933333333333336,0.11344678011344678,0.2602602602602602,-7.837698068823487,-8.150505924130375
2019-06-17,bb7,0.979,1.0,0.1334668001334668,-2.2972979919945526,0.11433333333333334,0.0667334000667334,0.1701701701701702,0.17033333333333334,0.11344678011344678,0.2602602602602602,-7.675739541176508,-7.987130103842518
2019-06-18,student,0.982,1.0,0.1334668001334668,-3.4208818164855908,0.13533333333333333,0.0667334000667334,0.1701701701701702,0.213,0.11344678011344678,0.2602602602602602,-7.7637159170606695,-8.085074613471281
2019-06-19,student,0.98,0.999,0.1334668001334668,-2.9644759431012275,0.12766666666666665,0.07007007007007006,0.17350684017350684,0.209,0.11678345011678344,0.2669336002669336,-7.498423917320788,-7.832062885512693
2019-06-20,student,0.977,0.999,0.1301301301301301,-0.2547519920128576,0.11933333333333333,0.07007007007007006,0.1701701701701702,0.19766666666666666,0.11336336336336336,0.2602602602602602,-7.943215814539789,-8.244711244669553
2019-06-21,bb7,0.977,0.999,0.1301301301301301,-1.0705587454671526,0.10633333333333334,0.07007007007007006,0.17025358692025352,0.16633333333333333,0.11336336336336336,0.2602602602602602,-7.734250797664309,-8.039244776162764
2019-06-24,bb7,0.974,0.999,0.1301301301301301,-1.3755932186430226,0.11566666666666665,0.07007007007007007,0.17350684017350682,0.17266666666666666,0.11011011011011011,0.2602602602602602,-7.720219723121427,-7.988996940656312
2019-06-25,bb7,0.971,0.999,0.1301301301301301,-1.7384758396289048,0.11066666666666665,0.06998665331998664,0.17025358692025352,0.17600000000000002,0.11011011011011011,0.2570070070070069,-7.541250406802872,-7.850355156811467
2019-06-26,bb7,0.967,0.999,0.1334668001334668,-1.3480874951438846,0.12033333333333333,0.06998665331998664,0.17025358692025352,0.17566666666666667,0.11011011011011011,0.2602602602602602,-7.548282915521338,-7.8455473120127515
2019-06-27,student,0.97,0.999,0.1334668001334668,-0.3410032628038625,0.11133333333333334,0.0667334000667334,0.17025358692025352,0.18633333333333335,0.11011011011011011,0.25700700700700696,-7.4738758950929265,-7.762888428337367
2019-06-28,student,0.969,0.999,0.1301301301301301,0.38881542566832755,0.118,0.0667334000667334,0.1701701701701702,0.18866666666666668,0.11011011011011011,0.2602602602602602,-7.512415014542705,-7.813825309837215
2019-07-01,bb7,0.969,0.999,0.1301301301301301,2.4506264360309977,0.09733333333333334,0.0667334000667334,0.1701701701701702,0.15933333333333335,0.11011011011011011,0.2570070070070069,-7.56834577867004,-7.861014066677244
2019-07-02,bb7,0.969,0.999,0.14681348014681347,2.13810247263892,0.11466666666666665,0.07007007007007006,0.1701701701701702,0.18033333333333335,0.11344678011344678,0.27027027027027023,-8.3010948748629,-8.63153593036006
2019-07-03,student,0.972,0.999,0.1301301301301301,2.254357128957835,0.121,0.07007007007007006,0.17350684017350682,0.19666666666666668,0.11011011011011011,0.2569235902569236,-7.573005836014139,-7.8652649221107716
2019-07-04,student,0.977,1.0,0.1334668001334668,1.61103305242202,0.12433333333333334,0.06998665331998664,0.17025358692025352,0.19100000000000003,0.11011011011011011,0.2602602602602602,-7.500298222524681,-7.815937885302296
2019-07-05,student,0.979,1.0,0.1334668001334668,0.9307633208599602,0.12233333333333334,0.0667334000667334,0.17017017017017014,0.18900000000000003,0.11011011011011011,0.2569235902569236,-7.427037411397709,-7.729706954373339
2019-07-08,student,0.977,1.0,0.1334668001334668,-1.7170780677320603,0.12333333333333334,0.07007007007007006,0.17017017017017014,0.19466666666666668,0.1100266933600267,0.25367033700367025,-7.339206663560169,-7.653001551895238
2019-07-09,student,0.978,1.0,0.1334668001334668,-1.8747549867846849,0.11699999999999999,0.06998665331998664,0.17017017017017014,0.18600000000000003,0.11011011011011011,0.2569235902569236,-7.280350061665598,-7.578673237042056
2019-07-10,bb7,0.979,1.0,0.1334668001334668,-3.1514045801254174,0.11366666666666665,0.07007007007007006,0.17350684017350682,0.16533333333333333,0.1100266933600267,0.2569235902569236,-7.282029847338156,-7.5741360788959025
2019-07-11,student,0.982,1.0,0.1334668001334668,-2.2625982518363443,0.13033333333333333,0.07007007007007006,0.17017017017017014,0.19066666666666668,0.1100266933600267,0.2569235902569236,-7.274083835373198,-7.581604533103641
2019-07-12,bb7,0.984,1.0,0.1301301301301301,-1.5855250383338504,0.10299999999999998,0.06673340006673341,0.17017017017017014,0.15733333333333335,0.10677344010677343,0.25367033700367025,-7.351066466830048,-7.626082326651634
2019-07-15,bb7,0.981,0.999,0.1301301301301301,-0.4891919377782794,0.11466666666666665,0.0667334000667334,0.17017017017017014,0.16633333333333333,0.10677344010677343,0.25367033700367025,-7.309676932073724,-7.600847423591685
2019-07-16,student,0.981,1.0,0.1301301301301301,1.7187976901007405,0.11866666666666666,0.0667334000667334,0.16691691691691685,0.19533333333333336,0.1100266933600267,0.2502502502502502,-7.497191994858879,-7.798192209525167
2019-07-17,student,0.982,1.0,0.1301301301301301,2.993931951869183,0.12266666666666665,0.0667334000667334,0.16691691691691685,0.19899999999999998,0.11336336336336336,0.2602602602602602,-7.16448673019091,-7.463024519302955
2019-07-18,bb7,0.978,1.0,0.1301301301301301,0.2203566430293198,0.122,0.0667334000667334,0.17017017017017014,0.17433333333333334,0.10677344010677343,0.2502502502502502,-6.9817549858222865,-7.240253751639206
2019-07-19,student,0.971,1.0,0.1301301301301301,-0.6252544875701389,0.11999999999999998,0.06998665331998664,0.17017017017017014,0.18233333333333335,0.11011011011011011,0.2602602602602602,-7.092667726203957,-7.324399033456993
2019-07-22,student,0.968,0.999,0.1334668001334668,1.202641396951393,0.11633333333333333,0.0667334000667334,0.17017017017017014,0.18533333333333335,0.11344678011344678,0.2602602602602602,-7.8660207224664465,-8.162766584370473
2019-07-23,student,0.964,0.999,0.1334668001334668,0.6259959309005707,0.111,0.0667334000667334,0.16691691691691685,0.17600000000000002,0.11336336336336336,0.2602602602602602,-7.596542371000464,-7.870106644617653
2019-07-24,student,0.953,0.999,0.1334668001334668,1.3252467265066126,0.121,0.0667334000667334,0.17017017017017014,0.18733333333333335,0.11336336336336336,0.2669336002669336,-7.671701768213842,-7.9459134878898
2019-07-25,student,0.956,0.999,0.1334668001334668,-1.139278456909252,0.106,0.0667334000667334,0.16691691691691685,0.166,0.11336336336336336,0.26368034701368026,-7.678514949196138,-7.971165119735033
2019-07-26,student,0.953,0.999,0.1334668001334668,-1.226189326068765,0.10799999999999998,0.0667334000667334,0.16691691691691685,0.16233333333333336,0.11344678011344678,0.2669336002669336,-7.4689834531133945,-7.800762931623598
2019-07-29,student,0.946,0.999,0.1334668001334668,-4.750268327119652,0.118,0.0667334000667334,0.16691691691691685,0.19166666666666665,0.11344678011344678,0.2669336002669336,-7.511940308752526,-7.824980876120974
2019-07-30,student,0.942,0.999,0.1334668001334668,-8.773988628188562,0.12133333333333333,0.07007007007007006,0.16683350016683351,0.18933333333333333,0.11344678011344678,0.2669336002669336,-7.492022066642165,-7.813902992213592
2019-07-31,student,0.932,0.999,0.14681348014681347,-8.701215368213468,0.112,0.07007007007007006,0.17017017017017014,0.18800000000000003,0.11344678011344678,0.2670170170170169,-8.233908077765378,-8.597383140436467
2019-08-01,bb7,0.938,0.999,0.1334668001334668,-9.691832163226264,0.11433333333333333,0.0667334000667334,0.16683350016683351,0.18000000000000002,0.11344678011344678,0.2669336002669336,-7.844416200447524,-8.154724977619662
2019-08-02,student,0.948,0.999,0.1334668001334668,-7.8904538786013445,0.11933333333333333,0.06998665331998664,0.17017017017017014,0.18366666666666667,0.11344678011344678,0.2669336002669336,-7.983296062160849,-8.29645014574083
2019-08-05,student,0.954,0.999,0.1334668001334668,-9.165821646376164,0.119,0.0667334000667334,0.16691691691691685,0.19299999999999998,0.11344678011344678,0.2669336002669336,-7.731988153909135,-8.013145357151979
2019-08-06,student,0.956,0.999,0.1334668001334668,-9.009918438195445,0.12299999999999998,0.0667334000667334,0.16691691691691685,0.20099999999999998,0.11344678011344678,0.26359693026359693,-7.6163096899083325,-7.880407992384568
2019-08-07,bb7,0.938,0.999,0.14014014014014012,-9.922746702512448,0.10733333333333334,0.06998665331998664,0.16683350016683351,0.17566666666666667,0.11344678011344678,0.2670170170170169,-8.360203098663266,-8.670747850302309
2019-08-08,bb7,0.938,0.998,0.14014014014014012,-6.7229096735212215,0.11366666666666668,0.06673340006673341,0.16683350016683351,0.18333333333333332,0.11344678011344678,0.2669336002669336,-8.229578814774994,-8.542735729823633
2019-08-09,bb7,0.943,0.999,0.1301301301301301,-7.086087553081175,0.11099999999999999,0.0667334000667334,0.1668335001668335,0.17966666666666667,0.11344678011344678,0.26034367701034355,-7.627289286835976,-7.919210748859425
2019-08-13,bb7,0.938,0.998,0.1434768101434768,-7.126239290106436,0.11466666666666665,0.0667334000667334,0.16683350016683351,0.17666666666666667,0.11344678011344678,0.26359693026359693,-8.476407018362615,-8.800909741034554
2019-08-14,bb7,0.932,0.999,0.14681348014681347,-4.431055030377379,0.112,0.0667334000667334,0.16349683016349684,0.18666666666666665,0.11344678011344678,0.2602602602602602,-9.197631593419588,-9.552259157993722
2019-08-16,bb7,0.938,0.999,0.13680347013680347,-5.268841498724938,0.11533333333333334,0.0667334000667334,0.1668335001668335,0.17899999999999996,0.11344678011344678,0.2602602602602602,-9.066466182222277,-9.428868102486852
2019-08-19,bb7,0.938,0.999,0.14014014014014012,-2.712675390443962,0.11666666666666665,0.07007007007007006,0.16683350016683351,0.17133333333333334,0.11336336336336336,0.26359693026359693,-9.723383447676795,-10.110719269550293
2019-08-20,bb7,0.938,0.999,0.15015015015015012,-1.4102917154322052,0.11966666666666666,0.0667334000667334,0.1668335001668335,0.19799999999999998,0.11344678011344678,0.26034367701034355,-9.671836727450582,-10.084157313775213
2019-08-21,bb7,0.94,0.999,0.15015015015015012,-2.1468304166502206,0.11933333333333333,0.06673340006673341,0.1668335001668335,0.18466666666666667,0.11011011011011011,0.2602602602602602,-9.746864805634644,-10.146710950758887
2019-08-22,student,0.938,0.998,0.14014014014014012,-3.6567745866275656,0.114,0.06673340006673341,0.16683350016683351,0.19566666666666666,0.11344678011344678,0.26359693026359693,-9.312260333134915,-9.705914951092879
2019-08-23,bb7,0.948,0.999,0.1434768101434768,-1.101718671208945,0.11066666666666668,0.06673340006673341,0.1668335001668335,0.18833333333333332,0.11011011011011011,0.2602602602602602,-9.555406147147304,-9.970756425707084
2019-08-26,bb7,0.937,0.998,0.14014014014014012,-2.680264182876899,0.11266666666666665,0.07007007007007006,0.16683350016683351,0.17300000000000001,0.11344678011344678,0.26359693026359693,-9.472037058932752,-9.84700129258479
2019-08-27,student,0.92,0.998,0.13680347013680347,-0.7346194843703597,0.13499999999999998,0.06673340006673341,0.1668335001668335,0.22,0.11344678011344678,0.26359693026359693,-9.357309434300216,-9.747816578745113
2019-08-28,student,0.979,0.998,0.14014014014014012,0.21159898841682756,0.113,0.06673340006673341,0.1668335001668335,0.19633333333333333,0.11678345011678344,0.2769436102769436,-9.49723803994818,-9.974788161751803
2019-08-29,bb7,0.979,0.998,0.14014014014014012,-1.821753392991028,0.10866666666666668,0.06673340006673341,0.1668335001668335,0.18000000000000002,0.11678345011678344,0.2769436102769436,-9.345157273875989,-9.825764873435734
2019-08-30,student,0.934,0.998,0.13680347013680347,-0.49960096604062976,0.12633333333333333,0.07007007007007006,0.1701701701701702,0.21433333333333335,0.11344678011344678,0.2669336002669336,-8.943653581410935,-9.298594145493707
2019-09-03,student,0.949,0.999,0.1301301301301301,-1.9725298358934151,0.11133333333333333,0.0667334000667334,0.1668335001668335,0.19099999999999998,0.11344678011344678,0.26359693026359693,-7.9390927274383065,-8.220360613934162
2019-09-04,bb7,0.918,0.998,0.13680347013680347,-2.9203587698163824,0.10666666666666667,0.06998665331998664,0.1668335001668335,0.17533333333333334,0.11344678011344678,0.26359693026359693,-8.760738332420651,-9.088454538720315
2019-09-05,student,0.924,0.998,0.13680347013680347,1.637916550059805,0.11133333333333335,0.06673340006673341,0.1668335001668335,0.18866666666666668,0.11344678011344678,0.26359693026359693,-9.26460223063522,-9.605852888273963
2019-09-06,student,0.979,0.998,0.1334668001334668,4.102001593247408,0.13033333333333333,0.06673340006673341,0.1668335001668335,0.20733333333333334,0.11344678011344678,0.26368034701368026,-9.654740525524687,-10.051189204728663
2019-09-09,bb7,0.972,0.998,0.1334668001334668,3.432173211749208,0.11,0.06673340006673341,0.16683350016683351,0.17766666666666667,0.11344678011344678,0.26359693026359693,-9.36332774694182,-9.722854223381663
2019-09-11,bb7,0.972,0.998,0.1334668001334668,5.15591675510187,0.10099999999999999,0.06998665331998664,0.16683350016683351,0.158,0.11670003336670003,0.2669336002669336,-9.415525604549055,-9.77549315912738
2019-09-12,student,0.972,0.998,0.1334668001334668,1.8767284394104804,0.12433333333333331,0.06673340006673341,0.1668335001668335,0.19200000000000003,0.11344678011344678,0.2669336002669336,-9.30996840764597,-9.703298739397189
2019-09-13,bb7,0.977,0.998,0.1334668001334668,3.787253274761259,0.10533333333333335,0.06673340006673341,0.1668335001668335,0.17633333333333334,0.11344678011344678,0.26368034701368026,-9.250782870094326,-9.664095031145607
2019-09-16,bb7,0.941,0.998,0.1301301301301301,4.265726179181766,0.11566666666666668,0.06673340006673341,0.16683350016683351,0.17900000000000002,0.11344678011344678,0.2602602602602602,-9.376197748015555,-9.765702907653585
2019-09-17,student,0.914,0.997,0.12345679012345678,0.9333518089983861,0.11766666666666666,0.0667334000667334,0.16349683016349684,0.19299999999999998,0.11344678011344678,0.2602602602602602,-9.325022029824796,-9.700960210755202
2019-09-18,student,0.908,0.996,0.12345679012345678,3.3377153559142134,0.10766666666666665,0.06673340006673341,0.16358024691358017,0.17866666666666667,0.11344678011344678,0.2602602602602602,-9.185446756260447,-9.541088628504548
2019-09-19,bb7,0.942,0.998,0.1301301301301301,2.5728204211325383,0.10633333333333334,0.06673340006673341,0.17017017017017014,0.15733333333333335,0.11344678011344678,0.2602602602602602,-9.090316133796845,-9.435665863860955
2019-09-20,student,0.97,0.998,0.12679346012679346,6.456454059221569,0.11933333333333333,0.0667334000667334,0.1668335001668335,0.19866666666666669,0.11344678011344678,0.2602602602602602,-9.027010863664419,-9.39870591378825
2019-09-23,student,0.97,0.997,0.1334668001334668,5.223705547654397,0.11599999999999999,0.06673340006673341,0.1668335001668335,0.18766666666666665,0.11344678011344678,0.2602602602602602,-9.10200137581175,-9.498134112570344
2019-09-24,student,0.97,0.997,0.13680347013680347,5.609031307502024,0.12966666666666665,0.06998665331998664,0.1668335001668335,0.20833333333333334,0.11011011011011011,0.2602602602602602,-9.016950789648272,-9.360900303134692
2019-09-25,bb7,0.978,0.998,0.13680347013680347,-0.5552805653978217,0.107,0.06673340006673341,0.1668335001668335,0.17233333333333334,0.11344678011344678,0.2602602602602602,-8.971123711691275,-9.34709544462727
2019-09-26,student,0.938,0.997,0.1334668001334668,0.7864237960651782,0.12033333333333333,0.06673340006673341,0.1668335001668335,0.18966666666666668,0.11011011011011011,0.2569235902569236,-8.883137966765812,-9.211851799537861
2019-09-27,bb7,0.912,0.997,0.1301301301301301,-1.6205795033203643,0.11666666666666665,0.06673340006673341,0.16683350016683351,0.17466666666666666,0.11011011011011011,0.2569235902569236,-8.764217312709205,-9.052392881506323
2019-09-30,bb7,0.918,0.997,0.1301301301301301,-2.0117906798979015,0.11199999999999999,0.0667334000667334,0.1668335001668335,0.17,0.11011011011011011,0.2569235902569236,-8.761729699493808,-9.053607470096285
2019-10-01,bb7,0.912,0.997,0.1301301301301301,-2.1886828920581447,0.10733333333333334,0.0667334000667334,0.16349683016349684,0.17366666666666666,0.11011011011011011,0.2569235902569236,-9.304493429389964,-9.62962108576798
2019-10-03,student,0.932,0.997,0.11011011011011011,-1.941356145732269,0.09999999999999999,0.06664998331664997,0.16016016016016016,0.16733333333333333,0.10343677010343677,0.24366032699366022,-9.160980377231528,-9.42813656684208
2019-10-04,student,0.937,0.998,0.10677344010677343,-2.3283403731444947,0.10633333333333335,0.06339673006339673,0.16016016016016016,0.16333333333333333,0.10669002335669,0.24691358024691357,-9.38635658307842,-9.664912349202307
2019-10-07,bb7,0.937,0.997,0.11011011011011011,-8.798483647971919,0.10333333333333333,0.0667334000667334,0.16349683016349684,0.152,0.10335335335335334,0.24024024024024024,-10.315914572724534,-10.597524959070542
2019-10-09,student,0.912,0.996,0.11678345011678344,-6.540992353637661,0.12066666666666666,0.0667334000667334,0.16358024691358017,0.18066666666666667,0.10335335335335334,0.24032365699032357,-10.327637985686657,-10.629216023670928
2019-10-10,student,0.942,0.997,0.11678345011678344,-8.576698440231358,0.126,0.0667334000667334,0.16349683016349684,0.18733333333333335,0.1001001001001001,0.24024024024024024,-10.264463020013892,-10.576383394471204
2019-10-11,student,0.946,0.997,0.11344678011344678,-2.651240423769563,0.118,0.0667334000667334,0.1668335001668335,0.167,0.1001001001001001,0.24024024024024024,-11.3004275384012,-11.597553333406994
2019-10-14,bb7,0.942,0.997,0.11678345011678344,-1.9306043122407048,0.10833333333333334,0.0667334000667334,0.16358024691358017,0.162,0.1001001001001001,0.24024024024024024,-10.71833782887719,-11.01469797438314
2019-10-15,student,0.961,0.997,0.11678345011678344,-0.4725391228436929,0.11333333333333333,0.06998665331998664,0.1701701701701702,0.16833333333333333,0.10001668335001669,0.24024024024024024,-10.257406129192974,-10.562681096903573
2019-10-16,student,0.963,0.997,0.11678345011678344,0.34108649918674194,0.123,0.0667334000667334,0.16349683016349684,0.18133333333333335,0.1001001001001001,0.24024024024024024,-10.398451525847074,-10.686398318918593
2019-10-17,bb7,0.963,0.997,0.11344678011344678,6.291995958717145,0.10866666666666665,0.0667334000667334,0.16349683016349684,0.15933333333333333,0.1001001001001001,0.2369869869869869,-10.820513755556874,-11.105811480810514
2019-10-18,student,0.963,0.997,0.11344678011344678,5.478552510745752,0.119,0.0667334000667334,0.16358024691358017,0.17833333333333334,0.1001001001001001,0.23690357023690356,-10.381849297971074,-10.678568475203221
2019-10-22,bb7,0.947,0.997,0.11344678011344678,1.3995550575999678,0.10466666666666669,0.0667334000667334,0.16349683016349684,0.16233333333333333,0.1001001001001001,0.2369869869869869,-10.031730011247346,-10.36882819881796
2019-10-23,bb7,0.945,0.997,0.11344678011344678,3.5221261237606556,0.10366666666666668,0.0667334000667334,0.16349683016349684,0.16333333333333333,0.10001668335001669,0.24024024024024024,-9.940227150007454,-10.274362070194565
2019-10-24,bb7,0.932,0.996,0.11344678011344678,0.09642219522025197,0.09733333333333333,0.0667334000667334,0.16349683016349684,0.14866666666666667,0.1001001001001001,0.24024024024024024,-10.07216053592027,-10.434857962599493
2019-10-25,student,0.945,0.997,0.11344678011344678,2.0671886232503045,0.135,0.06673340006673341,0.16683350016683351,0.19766666666666666,0.1001001001001001,0.24024024024024024,-10.13969878066175,-10.499435849521248
2019-10-27,bb7,0.938,0.997,0.11678345011678344,3.8447032629720415,0.11533333333333333,0.0667334000667334,0.1668335001668335,0.16,0.1001001001001001,0.2369869869869869,-9.992173421828234,-10.347002721117963
2019-10-29,bb7,0.936,0.997,0.11678345011678344,7.296648839116035,0.11366666666666665,0.0667334000667334,0.1668335001668335,0.16566666666666666,0.10001668335001669,0.23690357023690356,-9.617728027108715,-9.950795818508547
2019-10-30,student,0.937,0.997,0.11344678011344678,8.355643055362595,0.12266666666666666,0.0667334000667334,0.16358024691358017,0.17433333333333334,0.10001668335001669,0.23690357023690356,-9.447029739967522,-9.797392762780877
2019-10-31,student,0.933,0.996,0.11344678011344678,12.319784014798906,0.12533333333333332,0.0667334000667334,0.16683350016683351,0.18066666666666667,0.10001668335001669,0.23690357023690356,-9.414688591164532,-9.764678038459335
2019-11-01,student,0.935,0.996,0.11344678011344678,8.35981258801291,0.12333333333333334,0.0667334000667334,0.16683350016683351,0.19066666666666665,0.10001668335001669,0.23690357023690356,-9.671376235018506,-10.028485971268696
2019-11-04,student,0.938,0.996,0.11344678011344678,8.625140330493759,0.11633333333333333,0.0667334000667334,0.1668335001668335,0.18033333333333335,0.09676343009676343,0.23690357023690356,-9.476879077602302,-9.830584353620976
2019-11-05,student,0.931,0.994,0.11344678011344678,13.729026528449523,0.11399999999999999,0.0667334000667334,0.1668335001668335,0.164,0.09676343009676343,0.23023023023023023,-10.332021767899805,-10.599228701359802
2019-11-06,student,0.914,0.985,0.11344678011344678,13.211750691456098,0.12566666666666668,0.0667334000667334,0.16683350016683351,0.17300000000000001,0.09676343009676343,0.23023023023023023,-9.383753764594914,-9.734715371703667
2019-11-07,student,0.917,0.985,0.11011011011011011,14.256546081615245,0.12,0.0667334000667334,0.1668335001668335,0.16933333333333334,0.1001001001001001,0.2336503169836502,-9.718590620600917,-10.109196406062683
2019-11-08,student,0.914,0.985,0.11011011011011011,12.00137489510158,0.115,0.0667334000667334,0.16349683016349684,0.17300000000000001,0.10001668335001669,0.23023023023023023,-9.973295961920023,-10.332232900454317
2019-11-11,student,0.942,0.997,0.11011011011011011,8.210594414203612,0.10766666666666665,0.0667334000667334,0.1668335001668335,0.156,0.1001001001001001,0.23690357023690356,-10.207702761281988,-10.532936982760777
2019-11-13,student,0.924,0.99,0.11011011011011011,2.6604542093551196,0.09400000000000001,0.0667334000667334,0.1668335001668335,0.13799999999999998,0.1001001001001001,0.23690357023690356,-11.025589520847847,-11.367961871044397
2019-11-14,student,0.938,0.997,0.10677344010677342,1.0885803134771292,0.11133333333333333,0.0667334000667334,0.16349683016349684,0.17466666666666666,0.1001001001001001,0.23690357023690356,-10.943160876532838,-11.281596361397337
2019-11-15,student,0.952,0.997,0.11011011011011008,-1.3041636471239173,0.11366666666666668,0.0667334000667334,0.16683350016683351,0.16533333333333333,0.10343677010343677,0.24024024024024024,-11.850184263396265,-12.217581126610684
2019-11-18,student,0.952,0.997,0.11344678011344676,-0.646004567732625,0.118,0.0667334000667334,0.16349683016349684,0.17333333333333334,0.10343677010343677,0.24024024024024024,-11.27010625154795,-11.65016606630716
2019-11-19,student,0.946,0.997,0.11011011011011008,-0.7053678191617151,0.11166666666666665,0.0667334000667334,0.16349683016349684,0.16866666666666666,0.10335335335335336,0.24032365699032357,-10.90653665943271,-11.266450117131521
2019-11-20,student,0.948,0.996,0.11678345011678344,-1.0723956555456502,0.12133333333333333,0.0667334000667334,0.16349683016349684,0.17900000000000002,0.09676343009676343,0.23690357023690356,-10.756118789156572,-11.08473613670253
2019-11-21,student,0.965,0.998,0.11678345011678344,-1.9790711008220079,0.10533333333333333,0.0667334000667334,0.16349683016349684,0.15066666666666664,0.1001001001001001,0.23690357023690356,-10.37212093046604,-10.719072513059322
2019-11-22,student,0.958,0.997,0.11344678011344678,-2.78047221473426,0.09966666666666668,0.0667334000667334,0.16349683016349684,0.14466666666666667,0.1001001001001001,0.23690357023690356,-10.016886988695507,-10.372219563366185
2019-11-25,student,0.97,0.998,0.11344678011344678,0.4549740399502671,0.13099999999999998,0.0667334000667334,0.16349683016349684,0.16766666666666666,0.1001001001001001,0.23690357023690356,-9.942886958031544,-10.293262877088617
2019-11-26,student,0.97,0.998,0.12345679012345678,-0.7351669396831176,0.11733333333333333,0.0667334000667334,0.16349683016349684,0.163,0.1001001001001001,0.23690357023690356,-10.753613128485988,-11.152885310029255
2019-11-27,student,0.937,0.995,0.12345679012345678,2.3154939022817094,0.11866666666666666,0.0667334000667334,0.16349683016349684,0.17566666666666664,0.10335335335335336,0.23690357023690356,-10.617474311131,-10.992954021093926
2019-11-28,student,0.966,0.998,0.12345679012345678,3.064796063068085,0.11766666666666666,0.0667334000667334,0.16349683016349684,0.16766666666666666,0.10335335335335336,0.24024024024024024,-10.402768480746621,-10.764271216034311
2019-11-29,student,0.945,0.997,0.12345679012345678,-0.10814429226007505,0.11199999999999999,0.0667334000667334,0.1668335001668335,0.17133333333333334,0.10335335335335336,0.24024024024024024,-10.15107294382936,-10.477331441015714
2019-12-02,student,0.944,0.997,0.12345679012345678,-0.9626812788746049,0.12999999999999998,0.0667334000667334,0.16349683016349684,0.20333333333333334,0.10343677010343677,0.24032365699032357,-9.89722070310861,-10.23886256822789
2019-12-03,student,0.94,0.996,0.12345679012345678,-1.6547268733219722,0.10999999999999999,0.0667334000667334,0.16349683016349684,0.16533333333333333,0.10343677010343677,0.24024024024024024,-9.671029281931656,-10.008064283810178
2019-12-04,student,0.95,0.998,0.12679346012679346,1.3878821976845752,0.10166666666666667,0.0667334000667334,0.16349683016349684,0.16266666666666665,0.1001001001001001,0.2369869869869869,-9.283381362783237,-9.606801453209332
2019-12-05,student,0.956,0.998,0.12679346012679346,0.577474111301698,0.12,0.0667334000667334,0.16349683016349684,0.18000000000000002,0.1001001001001001,0.24024024024024024,-9.139681643611977,-9.448070942093993
2019-12-06,student,0.947,0.996,0.12679346012679346,-0.09821973191577005,0.12066666666666666,0.0667334000667334,0.1668335001668335,0.18100000000000002,0.10335335335335336,0.24024024024024024,-8.762714930446567,-9.086321480618784
2019-12-09,student,0.946,0.997,0.12679346012679346,-2.3336004374821346,0.10533333333333335,0.0667334000667334,0.1668335001668335,0.15166666666666667,0.10343677010343677,0.24032365699032357,-8.78354738966724,-9.082455387390953
2019-12-10,student,0.951,0.997,0.12012012012012012,-1.8278943493487096,0.108,0.0667334000667334,0.16683350016683351,0.159,0.10343677010343677,0.2435769102435769,-8.651368397776961,-8.99319419604971
2019-12-11,student,0.955,0.997,0.12012012012012012,-3.0858480258334966,0.11166666666666665,0.0667334000667334,0.16683350016683351,0.163,0.10343677010343677,0.2435769102435769,-8.587348925516602,-8.899115037723165
2019-12-12,student,0.948,0.997,0.12012012012012012,-1.7473394165844298,0.10766666666666667,0.0667334000667334,0.16683350016683351,0.14833333333333334,0.10343677010343677,0.2435769102435769,-8.316992247898458,-8.612002422712413
2019-12-13,student,0.971,0.998,0.12679346012679346,1.7301801673403052,0.11366666666666665,0.0667334000667334,0.16683350016683351,0.17666666666666667,0.10343677010343677,0.2435769102435769,-8.249795929400532,-8.562544112068963
2019-12-16,student,0.967,0.997,0.12679346012679346,1.4788739901244403,0.09233333333333334,0.0667334000667334,0.16683350016683351,0.153,0.10343677010343677,0.2435769102435769,-8.085629815624715,-8.39678890686926
2019-12-17,student,0.953,0.997,0.1301301301301301,3.2617149894712956,0.123,0.0667334000667334,0.16683350016683351,0.19233333333333336,0.10343677010343677,0.24366032699366022,-8.097689380568863,-8.407878269117548
2019-12-18,student,0.953,0.997,0.12679346012679346,-1.0132370322688096,0.11466666666666668,0.07007007007007006,0.16683350016683351,0.18133333333333332,0.10343677010343677,0.2435769102435769,-8.412862594539817,-8.723749130358296
2019-12-19,student,0.962,0.998,0.1301301301301301,0.7557025036986629,0.11633333333333334,0.0667334000667334,0.1668335001668335,0.17300000000000001,0.10343677010343677,0.2435769102435769,-8.253644400845543,-8.549860579015222
2019-12-20,student,0.955,0.998,0.12679346012679346,3.0228918246164453,0.125,0.0667334000667334,0.1668335001668335,0.16333333333333333,0.10343677010343677,0.2435769102435769,-8.897098885306383,-9.246461074242736
2019-12-23,student,0.922,0.996,0.1301301301301301,3.4371107881082352,0.11366666666666668,0.0667334000667334,0.16691691691691685,0.16733333333333333,0.10343677010343677,0.2435769102435769,-8.863615232685893,-9.245682818863374
2019-12-24,student,0.94,0.995,0.12345679012345678,3.41539866447621,0.115,0.0667334000667334,0.16683350016683351,0.16766666666666666,0.10343677010343677,0.2435769102435769,-8.76314839108188,-9.163891166846362
2019-12-26,student,0.919,0.996,0.12012012012012012,2.674621507577023,0.12733333333333333,0.0667334000667334,0.17017017017017014,0.20033333333333334,0.10343677010343677,0.24032365699032357,-8.610026366055216,-8.96790492988862
2019-12-27,student,0.92,0.996,0.12012012012012012,2.0542285145045476,0.11733333333333333,0.06673340006673341,0.16683350016683351,0.17400000000000002,0.10343677010343677,0.2369869869869869,-8.666835181470887,-8.988466373705881
2019-12-30,student,0.923,0.996,0.12012012012012012,0.9835127555623104,0.10833333333333334,0.0667334000667334,0.16691691691691685,0.15666666666666665,0.10343677010343677,0.2369869869869869,-8.490416994392715,-8.797530781627211
2019-12-31,student,0.944,0.997,0.12012012012012012,1.4888915550544874,0.11499999999999999,0.07007007007007006,0.17350684017350682,0.16966666666666666,0.10343677010343677,0.2369869869869869,-8.182630063425163,-8.455417188356783
2020-01-01,student,0.94,0.997,0.11678345011678344,0.6245565238146876,0.10933333333333334,0.06673340006673341,0.16683350016683351,0.16166666666666665,0.10343677010343677,0.24024024024024024,-8.215784837189103,-8.486848880999812
2020-01-02,student,0.917,0.995,0.12679346012679346,3.699617726864775,0.12266666666666666,0.07007007007007006,0.1701701701701702,0.17633333333333334,0.10343677010343677,0.23690357023690356,-8.21760522207284,-8.533906878091406
2020-01-03,student,0.925,0.996,0.12012012012012012,2.2416741968699156,0.12433333333333331,0.07007007007007006,0.16683350016683351,0.18533333333333335,0.10335335335335334,0.24024024024024024,-8.080267480357893,-8.404788734210166
2020-01-06,student,0.925,0.996,0.12012012012012012,-0.2037598719632343,0.10966666666666665,0.07007007007007007,0.17017017017017014,0.162,0.1001001001001001,0.23690357023690356,-8.065738581371074,-8.373840512685831
2020-01-07,student,0.944,0.997,0.12012012012012012,-0.5369356987898672,0.12333333333333334,0.07007007007007006,0.1701701701701702,0.18833333333333335,0.1001001001001001,0.23690357023690356,-8.004770799428165,-8.29185391662106
2020-01-08,student,0.945,0.997,0.12012012012012012,-0.6534368873151273,0.11299999999999999,0.07007007007007006,0.1701701701701702,0.17233333333333334,0.10335335335335334,0.23690357023690356,-7.838898303010837,-8.096393521424293
2020-01-09,student,0.954,0.997,0.12012012012012012,2.2258248158547804,0.10366666666666667,0.06673340006673341,0.16683350016683351,0.159,0.1001001001001001,0.23690357023690356,-7.8298461390605505,-8.09087587218132
2020-01-10,student,0.937,0.997,0.12012012012012012,2.433841687386663,0.10200000000000002,0.07007007007007007,0.1701701701701702,0.15566666666666665,0.10343677010343677,0.2369869869869869,-7.627932391819682,-7.865104869148264
2020-01-13,student,0.944,0.997,0.11678345011678344,3.4597633946563953,0.11699999999999999,0.06673340006673341,0.17017017017017014,0.165,0.10343677010343677,0.23690357023690356,-7.726485844021381,-7.985421408525656
2020-01-14,student,0.942,0.997,0.11344678011344678,3.538451167453363,0.12366666666666666,0.07007007007007006,0.17017017017017014,0.17633333333333334,0.1001001001001001,0.23690357023690356,-7.790835550814192,-8.075197611711348
2020-01-15,student,0.942,0.997,0.11344678011344678,3.3885089034733955,0.103,0.06673340006673341,0.16691691691691685,0.148,0.1001001001001001,0.23690357023690356,-7.61036924011484,-7.856275994938018
2020-01-16,student,0.941,0.997,0.11678345011678344,1.7483803672262328,0.09866666666666667,0.06673340006673341,0.17017017017017014,0.14433333333333334,0.1001001001001001,0.23690357023690356,-7.6897578352777165,-7.9075306093196955
2020-01-17,student,0.944,0.997,0.11678345011678344,1.9814945170120124,0.12766666666666665,0.06998665331998664,0.17350684017350682,0.171,0.10343677010343677,0.23690357023690356,-7.705892942424792,-7.971329169080709
2020-01-20,student,0.962,0.997,0.11678345011678344,3.6688728359773672,0.12566666666666668,0.07007007007007006,0.16691691691691685,0.18399999999999997,0.10335335335335334,0.23690357023690356,-8.284690227890362,-8.558227273453985
2020-01-21,student,0.956,0.997,0.11678345011678344,3.37452400432454,0.11733333333333333,0.07007007007007006,0.16683350016683351,0.16033333333333333,0.1001001001001001,0.23690357023690356,-8.114859602430156,-8.402975515016262
2020-01-22,student,0.951,0.997,0.11678345011678344,3.411959460381155,0.10633333333333334,0.07007007007007006,0.16683350016683351,0.15666666666666665,0.1001001001001001,0.23690357023690356,-8.018202470554945,-8.292538292049729
2020-01-23,student,0.94,0.996,0.11678345011678344,2.3970984600767107,0.11599999999999999,0.07007007007007007,0.17350684017350682,0.15733333333333333,0.1001001001001001,0.23690357023690356,-8.061313481945568,-8.357752991706635
2020-01-24,student,0.936,0.996,0.11678345011678344,1.0416147727904606,0.11033333333333332,0.07007007007007006,0.17017017017017014,0.16733333333333333,0.1001001001001001,0.23690357023690356,-8.086760636279124,-8.373528558340784
2020-01-27,student,0.94,0.997,0.11678345011678344,-2.0153845129133225,0.123,0.07007007007007006,0.17025358692025352,0.164,0.1001001001001001,0.23690357023690356,-8.006012012708009,-8.259730617654338
2020-01-28,student,0.949,0.996,0.11678345011678344,-2.9484015195787245,0.127,0.07332332332332332,0.17350684017350682,0.17433333333333334,0.1001001001001001,0.23356690023356688,-7.909664985282283,-8.166030368559138
2020-01-29,student,0.945,0.996,0.11678345011678344,-0.8399144975792723,0.11066666666666665,0.06673340006673341,0.16691691691691685,0.15933333333333333,0.10001668335001669,0.23356690023356688,-7.658156449005703,-7.869200154237294
2020-01-30,student,0.949,0.996,0.11011011011011011,-1.9227391917164747,0.118,0.06673340006673341,0.16683350016683351,0.168,0.1001001001001001,0.23356690023356688,-7.451541965846893,-7.688304738070142
2020-01-31,student,0.949,0.996,0.10343677010343676,-2.7913600636395977,0.10866666666666668,0.06673340006673341,0.16683350016683351,0.16366666666666665,0.09676343009676343,0.23356690023356688,-7.498060629286507,-7.725473027836679
2020-02-03,student,0.944,0.996,0.10343677010343676,-4.315622233424058,0.11599999999999999,0.06998665331998664,0.1701701701701702,0.17866666666666664,0.09676343009676343,0.23356690023356688,-7.500819546796081,-7.74521641829531
2020-02-04,student,0.949,0.996,0.10010010010010008,-2.1979514011041053,0.10133333333333334,0.0667334000667334,0.16683350016683351,0.15,0.09676343009676343,0.23023023023023023,-7.209308128266233,-7.395053260915549
2020-02-05,student,0.951,0.996,0.10010010010010008,1.0899170669537994,0.11533333333333334,0.0667334000667334,0.17017017017017014,0.16566666666666666,0.09676343009676343,0.23023023023023023,-7.173396121804635,-7.34112590465569
2020-02-06,student,0.982,0.996,0.09009009009009007,-0.6341907146957231,0.12066666666666666,0.07007007007007006,0.17025358692025352,0.17500000000000002,0.09676343009676343,0.23023023023023023,-7.3908387389263055,-7.629116550913998
2020-02-07,student,0.961,0.997,0.10010010010010008,-1.2193360244407354,0.10166666666666667,0.0667334000667334,0.1668335001668335,0.14266666666666664,0.09676343009676343,0.23023023023023023,-7.156688299998044,-7.350876667014665
2020-02-10,student,0.985,0.996,0.10677344010677343,-0.7111184839361304,0.11733333333333333,0.06998665331998664,0.17017017017017014,0.17600000000000002,0.1001001001001001,0.23023023023023023,-7.446697294696778,-7.7008011987315
2020-02-11,student,0.961,0.997,0.10010010010010008,0.754344893153687,0.11166666666666668,0.06998665331998664,0.16683350016683351,0.161,0.09676343009676343,0.23023023023023023,-7.220666095146495,-7.411758929465971
2020-02-12,student,0.987,0.996,0.11011011011011011,-0.2156574502534776,0.109,0.07007007007007006,0.16691691691691685,0.14733333333333334,0.09676343009676343,0.22697697697697689,-7.395323531239745,-7.635809698706932
2020-02-13,student,0.987,0.997,0.11011011011011011,1.9276809018989827,0.11166666666666668,0.07007007007007006,0.1701701701701702,0.157,0.09676343009676343,0.23023023023023023,-7.547831990821085,-7.83815941927194
2020-02-14,student,0.987,0.996,0.11011011011011011,1.9016860458544482,0.10866666666666668,0.06998665331998664,0.17017017017017014,0.14400000000000002,0.10001668335001669,0.23023023023023023,-7.724586750630481,-8.02892911179469
2020-02-17,student,0.987,0.991,0.1001001001001001,3.6427520751306233,0.12466666666666666,0.07340674007340674,0.17350684017350684,0.15666666666666665,0.09668001334668001,0.22022022022022023,-8.886813128871252,-9.202679669905995
2020-02-18,student,0.949,0.996,0.09009009009009007,1.4861153711117931,0.10833333333333334,0.07340674007340674,0.1768435101768435,0.14500000000000002,0.1001001001001001,0.23690357023690356,-8.931873234322337,-9.275215536950375
2020-02-19,student,0.949,0.996,0.08675342008675341,-1.0434068939459866,0.12899999999999998,0.07340674007340674,0.17359025692359017,0.16733333333333333,0.1001001001001001,0.22689356022689355,-9.11210997458045,-9.484462681402041
2020-02-20,student,0.972,0.998,0.09009009009009007,-0.7204746597995317,0.107,0.07007007007007007,0.17017017017017014,0.1406666666666667,0.09342676009342676,0.22022022022022023,-8.671118031501871,-8.947750732681232
2020-02-24,student,0.979,0.998,0.08675342008675341,-2.1379012908622337,0.10333333333333333,0.07007007007007006,0.1701701701701702,0.14566666666666667,0.09342676009342676,0.22022022022022023,-8.52245051970975,-8.829695981629333
2020-02-25,student,0.987,0.998,0.08675342008675341,-0.6927525099575188,0.11533333333333333,0.07340674007340674,0.17359025692359015,0.1456666666666667,0.09342676009342676,0.22022022022022023,-8.347287848166033,-8.633077389117588
2020-02-26,student,0.972,0.998,0.08675342008675341,-2.4749811698264237,0.11699999999999999,0.07340674007340674,0.17017017017017014,0.15333333333333335,0.09334334334334334,0.21688355021688355,-8.396324389137277,-8.670036410495005
2020-02-27,student,0.979,0.998,0.1001001001001001,-4.099034930526631,0.11499999999999999,0.07007007007007006,0.16691691691691685,0.15,0.09676343009676343,0.22689356022689355,-8.305903189191355,-8.645526046482649
2020-02-28,student,0.972,0.998,0.1001001001001001,-11.982215708532717,0.09133333333333334,0.06673340006673341,0.16691691691691685,0.1406666666666667,0.09676343009676343,0.22689356022689355,-8.210729543493631,-8.522802423570418
2020-03-02,student,0.973,0.998,0.09342676009342675,-12.683261698819924,0.10133333333333333,0.06998665331998664,0.16691691691691685,0.14333333333333334,0.09676343009676343,0.22689356022689355,-8.157227824152857,-8.445827045946114
2020-03-03,student,0.979,0.998,0.1001001001001001,-10.877691556468646,0.11966666666666666,0.06998665331998664,0.16683350016683351,0.15666666666666665,0.09676343009676343,0.22689356022689355,-8.047962893780975,-8.341311394308635
2020-03-04,student,0.974,0.998,0.09009009009009007,-10.772529198908662,0.12333333333333334,0.07007007007007006,0.16683350016683351,0.16766666666666666,0.09676343009676343,0.2236403069736402,-8.076475370526051,-8.346322563308906
2020-03-05,student,0.994,0.998,0.09009009009009007,-10.63013657630321,0.11066666666666669,0.06998665331998664,0.16683350016683351,0.16233333333333333,0.1001001001001001,0.22689356022689355,-8.160517208630056,-8.471366097652362
2020-03-06,student,0.979,0.998,0.08675342008675341,-15.546359352630981,0.123,0.06673340006673341,0.1668335001668335,0.166,0.09676343009676343,0.22689356022689355,-8.001731695832097,-8.292298893670228
2020-03-09,student,0.995,0.998,0.09009009009009007,-19.046878009091284,0.12066666666666666,0.06673340006673341,0.1668335001668335,0.165,0.09676343009676343,0.22697697697697689,-8.118929590611009,-8.439363211588057
2020-03-11,student,0.995,0.998,0.09009009009009007,-22.27742910497717,0.128,0.06673340006673341,0.1668335001668335,0.17966666666666664,0.09676343009676343,0.22697697697697689,-8.209146743538186,-8.491341480974361
2020-03-12,student,0.968,0.998,0.08008008008008007,-30.743254699197472,0.12166666666666666,0.06673340006673341,0.16683350016683351,0.151,0.09676343009676343,0.22689356022689355,-8.066996748854379,-8.294020843619329
2020-03-13,student,0.99,0.998,0.08675342008675341,-26.545113006711624,0.123,0.06673340006673341,0.1668335001668335,0.16933333333333334,0.09676343009676343,0.2236403069736402,-8.267191251294939,-8.492434509011423
2020-03-16,student,0.991,0.997,0.1001001001001001,-27.158810209492128,0.12333333333333331,0.07340674007340674,0.17350684017350684,0.15966666666666665,0.10335335335335336,0.23690357023690356,-10.06753784754904,-10.405405290314949
2020-03-17,student,0.992,0.998,0.1001001001001001,-28.221352523923898,0.09900000000000002,0.07007007007007006,0.17350684017350682,0.1426666666666667,0.10343677010343677,0.23690357023690356,-10.712255785361643,-11.086279079536444
2020-03-18,student,0.99,0.998,0.10343677010343676,-32.44684381917909,0.12799999999999997,0.07007007007007007,0.17350684017350682,0.18433333333333332,0.10343677010343677,0.23690357023690356,-10.432708227302184,-10.818036399105743
2020-03-19,student,0.992,0.998,0.10343677010343676,-34.59220568766898,0.109,0.07007007007007006,0.1701701701701702,0.154,0.1001001001001001,0.23356690023356688,-10.069287803194337,-10.47934176113446
2020-03-20,student,0.991,0.998,0.11011011011011011,-28.426874054314915,0.11366666666666665,0.07007007007007007,0.17350684017350682,0.16333333333333333,0.10343677010343677,0.23690357023690356,-10.064271393440645,-10.45289843262752
2020-03-23,student,0.99,0.998,0.11344678011344678,-36.010786155184874,0.11099999999999999,0.07332332332332332,0.17350684017350682,0.16866666666666666,0.10343677010343677,0.23690357023690356,-11.010722361040001,-11.419169610985358
2020-03-24,bb7,0.967,0.998,0.12345679012345678,-24.510269262374766,0.11399999999999999,0.07340674007340674,0.17350684017350684,0.16233333333333333,0.10677344010677343,0.24691358024691357,-11.764382827964885,-12.201533995727436
2020-03-25,bb7,0.994,0.998,0.12679346012679346,-18.809937457962697,0.11766666666666666,0.07340674007340674,0.17350684017350682,0.163,0.10677344010677343,0.24691358024691357,-12.40900732221836,-12.903783157292768
2020-03-26,bb7,0.992,0.998,0.14014014014014012,-5.789400742842082,0.12366666666666666,0.07665999332665999,0.1768435101768435,0.17766666666666664,0.1100266933600267,0.2569235902569236,-16.856027731279653,-17.459346685478216
2020-03-27,bb7,0.981,0.998,0.13680347013680347,-9.555600455209241,0.11699999999999999,0.07340674007340674,0.1768435101768435,0.18366666666666664,0.1100266933600267,0.2535869202535869,-16.565019330044784,-17.066031062354696
2020-03-30,bb7,0.99,0.997,0.15015015015015012,-4.625466821485038,0.13799999999999998,0.0767434100767434,0.17684351017684352,0.19599999999999998,0.11336336336336336,0.2569235902569236,-18.19506681637922,-18.71651817498236
2020-03-31,bb7,0.988,0.997,0.15015015015015012,2.5110091471504066,0.13266666666666665,0.0767434100767434,0.17684351017684352,0.18966666666666665,0.11336336336336336,0.2569235902569236,-17.812259650825602,-18.476733167256732
2020-04-01,bb7,0.991,0.997,0.15015015015015012,-0.06848384667365792,0.127,0.0767434100767434,0.18018018018018014,0.18533333333333335,0.11344678011344678,0.2570070070070069,-16.992449314496312,-17.612873482772038
2020-04-03,bb7,0.993,0.998,0.15015015015015012,-0.7500148624218825,0.11633333333333333,0.0767434100767434,0.18018018018018014,0.18366666666666664,0.11344678011344678,0.2569235902569236,-16.82408166181564,-17.52802358660791
2020-04-07,bb7,0.99,0.997,0.15015015015015012,0.1377791347062809,0.11533333333333333,0.0767434100767434,0.1801801801801802,0.171,0.11011011011011011,0.2569235902569236,-16.834485744659453,-17.623389893455613
2020-04-08,bb7,0.957,0.994,0.1668335001668335,12.135881549462404,0.11366666666666668,0.0767434100767434,0.18351685018351685,0.17200000000000001,0.11670003336670003,0.2670170170170169,-21.240212394213085,-22.374631804461693
2020-04-09,bb7,0.966,0.996,0.17350684017350682,8.544518144166679,0.12466666666666666,0.07674341007674342,0.18351685018351685,0.19000000000000003,0.11344678011344678,0.26368034701368026,-20.928361098075666,-22.080449937469417
2020-04-13,bb7,0.971,0.996,0.1668335001668335,4.6976738511678215,0.115,0.0767434100767434,0.18351685018351685,0.16466666666666666,0.11678345011678344,0.26368034701368026,-19.485435978319405,-20.683546440014826
2020-04-15,bb7,0.944,0.996,0.17350684017350682,2.319086055373487,0.12333333333333331,0.0767434100767434,0.18351685018351685,0.18166666666666667,0.11678345011678344,0.26368034701368026,-18.208890769497557,-19.22353513854783
2020-04-16,bb7,0.947,0.997,0.17350684017350682,2.493278126680428,0.12100000000000001,0.0767434100767434,0.18351685018351685,0.18466666666666667,0.11678345011678344,0.26359693026359693,-17.16433497151741,-18.19537809949068
2020-04-17,bb7,0.97,0.996,0.17350684017350682,6.117548807297999,0.13133333333333333,0.07674341007674342,0.18351685018351685,0.19066666666666665,0.11670003336670003,0.2669336002669336,-17.305139697423815,-18.41310163018505
2020-04-20,bb7,0.961,0.994,0.17350684017350682,3.4138086225091455,0.137,0.07674341007674342,0.18351685018351685,0.19899999999999998,0.11344678011344678,0.2669336002669336,-16.757871700343955,-17.654732158693808
2020-04-21,bb7,0.947,0.996,0.17350684017350682,4.870631526321814,0.11233333333333333,0.07674341007674342,0.1868535201868535,0.165,0.11678345011678344,0.2669336002669336,-16.702052640131676,-17.558438892517213
2020-04-22,bb7,0.972,0.996,0.17350684017350682,10.419980634799227,0.13066666666666665,0.07674341007674342,0.18351685018351685,0.19599999999999998,0.11678345011678344,0.2669336002669336,-17.263703887962002,-18.138814222064976
2020-04-23,bb7,0.94,0.996,0.17350684017350682,3.173790325071414,0.12166666666666666,0.08008008008008008,0.1868535201868535,0.17733333333333332,0.11344678011344678,0.2669336002669336,-17.43863453322531,-18.161850949392836
2020-04-24,bb7,0.944,0.997,0.17350684017350682,1.0303353702846696,0.12933333333333333,0.08008008008008007,0.18360026693360018,0.19833333333333333,0.11678345011678344,0.26368034701368026,-16.340343888232102,-17.004455432877872
2020-04-27,bb7,0.938,0.996,0.17350684017350682,-0.17438430625515333,0.13733333333333334,0.08008008008008008,0.18685352018685353,0.18499999999999997,0.11678345011678344,0.26359693026359693,-15.99767348093203,-16.748372724569077
2020-04-28,bb7,0.92,0.994,0.17017017017017014,1.289927381826285,0.12566666666666668,0.08008008008008007,0.18360026693360018,0.17633333333333334,0.11670003336670003,0.26359693026359693,-15.419739398569702,-16.175251170182644
2020-04-29,bb7,0.938,0.996,0.1668335001668335,1.4918830848194118,0.11566666666666668,0.07999666332999665,0.18360026693360018,0.17333333333333334,0.11344678011344678,0.26359693026359693,-15.075230426107199,-15.7481687509105
2020-04-30,bb7,0.94,0.996,0.17017017017017014,6.647082066094632,0.12933333333333333,0.07999666332999665,0.18351685018351685,0.17999999999999997,0.11678345011678344,0.26368034701368026,-14.729994075219988,-15.427350735897747
2020-05-04,bb7,0.942,0.996,0.17017017017017014,-1.4043404936264379,0.11299999999999999,0.08008008008008007,0.18351685018351685,0.17466666666666666,0.11678345011678344,0.26368034701368026,-14.330364577500537,-15.013178458246896
2020-05-05,bb7,0.972,0.996,0.17017017017017014,-5.51528908280536,0.12633333333333333,0.07674341007674342,0.18351685018351685,0.17633333333333334,0.11678345011678344,0.26359693026359693,-14.25882837257929,-15.04275318295485
2020-05-06,bb7,0.94,0.996,0.17017017017017014,-1.5044223766644977,0.12866666666666668,0.07999666332999665,0.18351685018351685,0.17666666666666667,0.11344678011344678,0.26359693026359693,-14.548970234747005,-15.231193396999547
2020-05-07,bb7,0.944,0.996,0.17017017017017014,-4.043402324164852,0.13466666666666666,0.07999666332999665,0.18351685018351685,0.19233333333333333,0.11344678011344678,0.26359693026359693,-14.2559140797182,-14.92332989017279
2020-05-08,bb7,0.949,0.997,0.17017017017017014,-3.8945657330899848,0.12966666666666665,0.07674341007674342,0.18351685018351685,0.18666666666666665,0.11344678011344678,0.26368034701368026,-14.148924622581143,-14.868864853503684
2020-05-11,bb7,0.976,0.996,0.1668335001668335,-0.14199186867018976,0.143,0.07674341007674342,0.18351685018351685,0.20799999999999996,0.11670003336670003,0.26368034701368026,-14.417379134089067,-15.166163855587637
2020-05-12,bb7,0.972,0.994,0.1668335001668335,-1.336413937980485,0.11699999999999999,0.07999666332999665,0.18351685018351685,0.168,0.11678345011678344,0.2669336002669336,-13.853696827434693,-14.557909757413901
2020-05-13,bb7,0.97,0.993,0.1668335001668335,-0.5002096882251796,0.13933333333333334,0.08008008008008007,0.18351685018351685,0.19866666666666666,0.11678345011678344,0.2669336002669336,-13.516937105872826,-14.18239899143475
2020-05-14,bb7,0.957,0.996,0.1668335001668335,-4.706825909899564,0.122,0.07999666332999665,0.18351685018351685,0.17966666666666667,0.11344678011344678,0.26359693026359693,-13.396716181453742,-14.043243076854763
2020-05-15,bb7,0.949,0.996,0.1668335001668335,-10.128911394542179,0.12699999999999997,0.08008008008008007,0.18360026693360018,0.18933333333333333,0.11344678011344678,0.26359693026359693,-13.67513394560552,-14.333580275033274
2020-05-18,bb7,0.949,0.996,0.1868535201868535,-5.830537025139909,0.13366666666666668,0.08008008008008007,0.18685352018685353,0.19566666666666666,0.11678345011678344,0.27035368702035356,-15.154068616128203,-15.955801364752697
2020-05-19,bb7,0.974,0.991,0.1868535201868535,-3.459803878916004,0.15,0.08008008008008007,0.18685352018685353,0.2293333333333333,0.11678345011678344,0.2670170170170169,-15.785104941330392,-16.66800284969982
2020-05-20,bb7,0.945,0.997,0.1868535201868535,-2.760133315900247,0.126,0.08008008008008008,0.18685352018685353,0.19400000000000003,0.1200367033700367,0.27035368702035356,-14.849436217643314,-15.645815790040073
2020-05-21,bb7,0.95,0.998,0.1868535201868535,-2.4317699569913636,0.15366666666666667,0.08008008008008008,0.18685352018685353,0.219,0.1200367033700367,0.27035368702035356,-14.374709333483594,-15.199003274789044
2020-05-22,bb7,0.953,0.998,0.19019019019019015,-2.5376310578557324,0.13066666666666665,0.08008008008008008,0.18685352018685353,0.19466666666666665,0.11678345011678344,0.27035368702035356,-14.364869572702009,-15.115132524271727
2020-05-26,bb7,0.949,0.998,0.1868535201868535,-4.063354774229394,0.13166666666666665,0.08008008008008007,0.18685352018685353,0.18766666666666668,0.1200367033700367,0.27360694027360694,-13.81615159467835,-14.535855499062624
2020-05-27,bb7,0.975,0.996,0.1868535201868535,-1.2872259727386117,0.11633333333333333,0.08008008008008007,0.18685352018685353,0.17299999999999996,0.11678345011678344,0.27360694027360694,-13.627912350143076,-14.267664129317222
2020-05-28,bb7,0.941,0.997,0.1868535201868535,-1.8016889439016617,0.12066666666666666,0.08008008008008008,0.19019019019019015,0.18300000000000002,0.11678345011678344,0.27360694027360694,-13.521617380370415,-14.10195132801247
2020-05-29,bb7,0.941,0.997,0.19019019019019015,2.1138381880085246,0.13433333333333333,0.08008008008008007,0.18693693693693686,0.18466666666666667,0.12012012012012012,0.27360694027360694,-13.964503832757025,-14.590255542366856
2020-06-01,bb7,0.939,0.997,0.1868535201868535,5.047612942357747,0.129,0.08008008008008007,0.18693693693693686,0.19599999999999998,0.12012012012012012,0.27360694027360694,-13.62900121822937,-14.254752894333617
2020-06-02,bb7,0.966,0.996,0.1868535201868535,9.974846462544082,0.12933333333333333,0.08008008008008007,0.18693693693693686,0.18866666666666665,0.11678345011678344,0.27027027027027023,-14.792954037885563,-15.505758280280602
2020-06-03,bb7,0.951,0.996,0.18351685018351682,11.395755856119928,0.13066666666666668,0.08008008008008007,0.19019019019019015,0.19499999999999998,0.1200367033700367,0.27360694027360694,-14.551979951193221,-15.317775754773145
2020-06-04,bb7,0.971,0.996,0.18351685018351682,10.606140702419125,0.14266666666666666,0.08008008008008007,0.18685352018685353,0.208,0.11678345011678344,0.27027027027027023,-13.727324210732576,-14.38315150847413
2020-06-05,bb7,0.966,0.996,0.18351685018351682,15.093078444851633,0.14433333333333334,0.08008008008008007,0.18685352018685353,0.20099999999999998,0.1200367033700367,0.27027027027027023,-13.119111229992763,-13.766037652218358
2020-06-08,bb7,0.971,0.997,0.18351685018351682,16.510905393781492,0.13899999999999998,0.08008008008008007,0.18685352018685353,0.20199999999999999,0.1200367033700367,0.27027027027027023,-13.07530578878304,-13.740452548188463
2020-06-09,bb7,0.971,0.995,0.18351685018351682,15.513965597625214,0.123,0.08008008008008008,0.1901901901901902,0.17700000000000002,0.11678345011678344,0.2670170170170169,-12.59987718494811,-13.23091917031903
2020-06-10,bb7,0.972,0.996,0.1868535201868535,13.285734092294827,0.14033333333333334,0.08008008008008007,0.18685352018685353,0.20433333333333334,0.11678345011678344,0.27035368702035356,-12.769276658197311,-13.436993213088874
2020-06-11,student,0.981,0.997,0.1868535201868535,9.195525222267563,0.13899999999999998,0.08008008008008007,0.18693693693693686,0.19533333333333333,0.11678345011678344,0.27035368702035356,-12.429190451311783,-13.092669233493156
2020-06-12,bb7,0.973,0.997,0.1868535201868535,8.033651011942686,0.11133333333333333,0.08008008008008007,0.18685352018685353,0.16866666666666666,0.11678345011678344,0.27360694027360694,-12.040792888066786,-12.672231207587659
2020-06-15,bb7,0.97,0.995,0.1868535201868535,2.6931853583843424,0.126,0.08008008008008007,0.1901901901901902,0.17566666666666667,0.11678345011678344,0.27360694027360694,-12.423231236501527,-13.111929636166527
2020-06-16,bb7,0.97,0.996,0.1868535201868535,-0.6872825171695363,0.122,0.08008008008008007,0.1901901901901902,0.19400000000000003,0.12012012012012012,0.27360694027360694,-12.42961144393514,-13.125161679607652
2020-06-17,student,0.971,0.996,0.1868535201868535,-1.5715377074575776,0.13833333333333334,0.08008008008008007,0.1901901901901902,0.205,0.12012012012012012,0.27360694027360694,-12.041199777241605,-12.74582614166789
2020-06-18,bb7,0.969,0.996,0.1868535201868535,-0.20371466281451678,0.12133333333333333,0.08008008008008007,0.1901901901901902,0.18300000000000002,0.12012012012012012,0.27360694027360694,-11.767254960036134,-12.428897587458405
2020-06-19,bb7,0.983,0.997,0.18351685018351682,-2.0759105988401085,0.13266666666666668,0.08008008008008008,0.19352686019352686,0.19899999999999998,0.12012012012012012,0.2769436102769436,-12.737255005226721,-13.463957668770105
2020-06-22,student,0.976,0.997,0.1868535201868535,-3.378950875090667,0.14233333333333334,0.08008008008008008,0.1901901901901902,0.219,0.12012012012012012,0.2769436102769436,-12.209755729364417,-12.833261624170383
2020-06-23,bb7,0.974,0.997,0.1868535201868535,0.28395436442709077,0.12833333333333333,0.08008008008008008,0.1901901901901902,0.18799999999999997,0.12012012012012012,0.2769436102769436,-11.97501404276297,-12.603860420936813
2020-06-24,bb7,0.987,0.999,0.1868535201868535,-1.7066884181939828,0.126,0.08008008008008008,0.1901901901901902,0.17733333333333334,0.12012012012012012,0.2769436102769436,-11.661373486641173,-12.250907576615575
2020-06-25,bb7,0.989,1.0,0.18351685018351682,1.3792737855108155,0.13133333333333333,0.08008008008008008,0.1901901901901902,0.19999999999999998,0.12345679012345678,0.28028028028028024,-12.113703470256947,-12.738147764129614
2020-06-26,student,0.987,1.0,0.18351685018351682,2.4769257897178925,0.14566666666666667,0.08008008008008008,0.1901901901901902,0.20199999999999999,0.12337337337337337,0.2770270270270269,-12.034470801065513,-12.650910945650688
2020-06-29,student,0.974,0.997,0.18351685018351682,3.4074790521371208,0.15133333333333335,0.08008008008008008,0.1901901901901902,0.21766666666666667,0.12337337337337337,0.2770270270270269,-11.961643598359174,-12.615099902128794
2020-06-30,student,0.983,0.999,0.1768435101768435,4.293808970854,0.14133333333333334,0.08008008008008008,0.1901901901901902,0.21433333333333335,0.12012012012012012,0.2770270270270269,-11.825872252003288,-12.44029800188509
2020-07-01,student,0.983,0.999,0.1768435101768435,5.259622639895966,0.12966666666666668,0.08008008008008008,0.1901901901901902,0.18566666666666667,0.12012012012012012,0.2770270270270269,-11.844120947634266,-12.47788932361322
2020-07-02,student,0.979,0.997,0.18018018018018014,4.755348968979435,0.142,0.08008008008008008,0.1901901901901902,0.20933333333333334,0.12012012012012012,0.2769436102769436,-11.759929425293537,-12.374796486077235
2020-07-03,student,0.98,0.997,0.18351685018351682,3.1536973958765975,0.144,0.08008008008008008,0.19027360694027354,0.20833333333333334,0.12012012012012012,0.2769436102769436,-11.710212371182704,-12.29603575691809
2020-07-06,bb7,0.98,0.997,0.18351685018351682,4.31579531478263,0.12566666666666665,0.08008008008008008,0.19352686019352686,0.18799999999999997,0.12012012012012012,0.2769436102769436,-11.379164659373117,-11.95305118108613
2020-07-07,bb7,0.964,0.996,0.1868535201868535,2.99130560486026,0.13,0.08008008008008008,0.19027360694027354,0.17566666666666664,0.12337337337337337,0.2769436102769436,-11.26031509809133,-11.800081630112196
2020-07-08,bb7,0.97,0.997,0.1868535201868535,3.780841089124227,0.13433333333333333,0.08333333333333333,0.19352686019352686,0.19766666666666666,0.12012012012012012,0.28028028028028024,-11.37235192087352,-11.912762065388321
2020-07-09,bb7,0.976,0.997,0.1868535201868535,5.3228652348153975,0.13333333333333333,0.08008008008008008,0.19352686019352686,0.18733333333333332,0.12012012012012012,0.2769436102769436,-11.043185234987682,-11.490967574877839
2020-07-10,student,0.968,0.997,0.1868535201868535,4.825463052444022,0.144,0.08008008008008008,0.1901901901901902,0.21366666666666667,0.12012012012012012,0.2770270270270269,-11.097757649396307,-11.528152655392722
2020-07-13,bb7,0.969,0.997,0.1868535201868535,6.9328924482842424,0.11599999999999999,0.08008008008008008,0.1901901901901902,0.17666666666666667,0.12679346012679346,0.28028028028028024,-11.288975003017917,-11.817515369758093
2020-07-14,student,0.949,0.997,0.1868535201868535,4.9168524457735545,0.13733333333333334,0.08008008008008008,0.19027360694027354,0.2046666666666667,0.12679346012679346,0.28028028028028024,-11.16047366964681,-11.700073393146809
2020-07-15,student,0.97,0.997,0.1868535201868535,4.816525737370709,0.14033333333333334,0.08008008008008008,0.19352686019352686,0.2153333333333333,0.12679346012679346,0.28028028028028024,-11.345433594262708,-11.929082541332086
2020-07-16,bb7,0.985,0.997,0.18018018018018014,6.62588671972529,0.11599999999999999,0.08008008008008008,0.19352686019352683,0.18366666666666667,0.12679346012679346,0.28028028028028024,-11.17051691834546,-11.727548893791285
2020-07-17,bb7,0.941,0.997,0.18018018018018014,7.1825450198809015,0.12966666666666668,0.08008008008008008,0.19027360694027354,0.19699999999999998,0.12679346012679346,0.28028028028028024,-10.712679816913807,-11.27980538900958
2020-07-20,bb7,0.992,0.997,0.1768435101768435,6.350029931438444,0.125,0.08008008008008008,0.19027360694027354,0.17666666666666667,0.1301301301301301,0.2869536202869536,-10.94028874007324,-11.557179034989066
2020-07-21,bb7,0.919,0.996,0.18018018018018014,6.580628751437919,0.12533333333333332,0.08341675008341674,0.19352686019352686,0.17500000000000002,0.12679346012679346,0.2770270270270269,-10.889292294518842,-11.485698158185107
2020-07-22,bb7,0.919,0.996,0.18018018018018014,4.910012767013342,0.11833333333333333,0.08333333333333333,0.19352686019352686,0.17833333333333334,0.12679346012679346,0.2769436102769436,-10.93026830274349,-11.512215445052345
2020-07-23,bb7,0.914,0.996,0.18018018018018014,3.829325090281132,0.128,0.08008008008008008,0.19352686019352686,0.19333333333333336,0.12679346012679346,0.2769436102769436,-10.964101138306978,-11.55633196248859
2020-07-24,bb7,0.967,0.997,0.18018018018018014,2.5997157405715563,0.12133333333333333,0.08008008008008008,0.19352686019352686,0.18333333333333335,0.12679346012679346,0.2769436102769436,-10.920185853240055,-11.59540438227377
2020-07-27,student,0.968,0.997,0.18018018018018014,1.6270201200183045,0.14266666666666666,0.08008008008008007,0.1901901901901902,0.21833333333333335,0.12679346012679346,0.2770270270270269,-11.006001925328714,-11.642629078939612
2020-07-28,student,0.992,0.998,0.18018018018018014,6.00817451537128,0.151,0.08008008008008008,0.19027360694027354,0.22233333333333336,0.12679346012679346,0.28028028028028024,-10.897084762520292,-11.57146207155411
2020-07-29,bb7,0.988,0.997,0.18018018018018014,4.566764275287304,0.11533333333333333,0.08008008008008008,0.1901901901901902,0.17166666666666666,0.12679346012679346,0.28028028028028024,-11.064474638992579,-11.714022483524886
2020-07-30,bb7,0.977,0.997,0.18018018018018014,0.6348881503486616,0.12233333333333334,0.08008008008008008,0.1901901901901902,0.19000000000000003,0.12679346012679346,0.28028028028028024,-11.535942717730043,-12.245893836777157
2020-07-31,bb7,0.941,0.996,0.19019019019019015,0.4301794156375798,0.11866666666666666,0.08008008008008007,0.19019019019019015,0.18000000000000002,0.12671004337671005,0.2769436102769436,-11.445137695154113,-12.135165418503995
2020-08-03,bb7,0.896,0.994,0.19019019019019015,1.3404969215880123,0.12633333333333333,0.08008008008008007,0.19019019019019015,0.19733333333333336,0.12679346012679346,0.28028028028028024,-11.316835848320942,-11.99359473537415
2020-08-04,bb7,0.947,0.995,0.19019019019019015,-0.5578695301198678,0.11666666666666665,0.07999666332999665,0.19019019019019015,0.18000000000000002,0.12679346012679346,0.28028028028028024,-11.149254447091783,-11.797347959185055
2020-08-05,bb7,0.93,0.996,0.19019019019019015,2.4726720056644624,0.13899999999999998,0.08008008008008008,0.19019019019019015,0.21633333333333335,0.12012012012012012,0.2769436102769436,-10.923993704455063,-11.49126161652704
2020-08-06,bb7,0.922,0.996,0.19019019019019015,3.35977895744547,0.141,0.08008008008008007,0.18685352018685353,0.19733333333333333,0.12012012012012012,0.2769436102769436,-11.059081901685982,-11.608004300270517
2020-08-07,bb7,0.97,0.996,0.19019019019019015,4.1489532266029,0.1366666666666667,0.07999666332999665,0.18685352018685353,0.206,0.12012012012012012,0.2769436102769436,-11.269102921431395,-11.906654752378676
2020-08-10,bb7,0.97,0.997,0.19019019019019015,5.81546281363994,0.12666666666666668,0.07999666332999665,0.18685352018685353,0.19033333333333335,0.12012012012012012,0.2769436102769436,-11.023177998976825,-11.675000405891478
2020-08-11,bb7,0.939,0.996,0.19019019019019015,3.570083673997367,0.13399999999999998,0.08008008008008007,0.18685352018685353,0.18733333333333335,0.12012012012012012,0.2769436102769436,-11.020311195065432,-11.635800806545182
2020-08-12,bb7,0.968,0.996,0.1868535201868535,5.503561098956203,0.12433333333333334,0.07674341007674342,0.18685352018685353,0.18566666666666667,0.12012012012012012,0.2769436102769436,-10.758883446061146,-11.31057320402929
2020-08-13,bb7,0.965,0.997,0.19019019019019015,7.626618847150999,0.14133333333333334,0.07674341007674342,0.18685352018685353,0.21433333333333335,0.12012012012012012,0.2769436102769436,-10.477127203646111,-11.034273023970382
2020-08-14,bb7,0.921,0.996,0.18351685018351682,4.2794741448217275,0.11099999999999999,0.07999666332999665,0.18685352018685353,0.17133333333333334,0.12012012012012012,0.2769436102769436,-9.452929744657323,-9.958734907278236
2020-08-17,bb7,0.888,0.995,0.1868535201868535,2.2503313636986126,0.12533333333333332,0.07999666332999665,0.18685352018685353,0.18400000000000002,0.12012012012012012,0.2769436102769436,-9.847667315266014,-10.389822465987
2020-08-18,bb7,0.889,0.995,0.1868535201868535,4.08983948372412,0.12766666666666665,0.08008008008008007,0.18685352018685353,0.19733333333333333,0.12012012012012012,0.2769436102769436,-9.683677903629082,-10.245673536765619
2020-08-19,bb7,0.963,0.997,0.19019019019019015,3.121084498731065,0.12599999999999997,0.07999666332999665,0.18685352018685353,0.17833333333333334,0.12012012012012012,0.2769436102769436,-9.913799764489431,-10.518114561056894
2020-08-20,bb7,0.945,0.996,0.19019019019019015,0.7180936127373025,0.13299999999999998,0.07999666332999665,0.18685352018685353,0.20000000000000004,0.12012012012012012,0.2769436102769436,-9.73898436495966,-10.342246419707962
2020-08-21,bb7,0.95,0.996,0.19019019019019015,1.2195693942062322,0.12733333333333333,0.07674341007674342,0.18685352018685353,0.19733333333333336,0.12012012012012012,0.2769436102769436,-10.043007928206723,-10.650893672538572
2020-08-24,bb7,0.944,0.996,0.19352686019352683,0.18280342460265958,0.13599999999999998,0.07999666332999665,0.18685352018685353,0.20866666666666667,0.12345679012345678,0.28036369703036357,-10.042782116540266,-10.594085149459131
2020-08-25,bb7,0.952,0.996,0.19019019019019015,1.9298040158474197,0.12266666666666666,0.08008008008008008,0.18685352018685353,0.20066666666666666,0.12345679012345678,0.28036369703036357,-9.903832378255588,-10.431441629057048
2020-08-26,bb7,0.907,0.995,0.1868535201868535,2.928875123001487,0.111,0.08008008008008008,0.18685352018685353,0.17433333333333334,0.12345679012345678,0.28036369703036357,-9.75920097625388,-10.2616262154873
2020-08-27,bb7,0.908,0.996,0.19352686019352683,3.6044357379141294,0.12266666666666666,0.08008008008008007,0.18685352018685353,0.19399999999999998,0.12345679012345678,0.28036369703036357,-9.703262292296568,-10.22949565610004
2020-08-28,bb7,0.95,0.997,0.1868535201868535,6.038222764307037,0.131,0.08008008008008007,0.18685352018685353,0.20166666666666666,0.12345679012345678,0.28361695028361694,-9.8469006903873,-10.380615300585422
2020-08-31,bb7,0.948,0.996,0.1868535201868535,4.345795449781315,0.10766666666666667,0.08008008008008007,0.18685352018685353,0.18033333333333335,0.12345679012345678,0.28361695028361694,-9.870376329049613,-10.379204691560322
2020-09-01,bb7,0.948,0.996,0.1868535201868535,4.147577812381452,0.12333333333333334,0.08008008008008007,0.18685352018685353,0.18066666666666667,0.12345679012345678,0.28361695028361694,-9.80765700205286,-10.352480801371119
2020-09-02,bb7,0.942,0.995,0.1868535201868535,5.365952452778578,0.11866666666666666,0.08008008008008007,0.18685352018685353,0.16833333333333333,0.12345679012345678,0.28028028028028024,-9.565767228016245,-10.111285729887557
2020-09-03,student,0.944,0.996,0.18018018018018014,6.733810796789679,0.13999999999999999,0.08008008008008008,0.18685352018685353,0.20133333333333336,0.12345679012345678,0.28028028028028024,-9.70333122535787,-10.247002135068943
2020-09-04,student,0.916,0.996,0.18018018018018014,4.346635267069292,0.13366666666666668,0.08008008008008008,0.18685352018685353,0.209,0.12345679012345678,0.28028028028028024,-9.442475024518927,-9.954943788287467
2020-09-07,bb7,0.948,0.996,0.18018018018018014,5.055756444685718,0.12266666666666666,0.08008008008008008,0.1901901901901902,0.19066666666666665,0.12345679012345678,0.28361695028361694,-9.389788159432754,-9.947797066209874
2020-09-08,bb7,0.955,0.997,0.1868535201868535,1.9563379346845893,0.123,0.08008008008008007,0.18693693693693686,0.18799999999999997,0.12345679012345678,0.28028028028028024,-9.590777790414526,-10.185898368741164
2020-09-09,student,0.93,0.996,0.19019019019019015,-2.6576881562976378,0.14633333333333334,0.08008008008008007,0.1901901901901902,0.20966666666666667,0.12345679012345678,0.28028028028028024,-9.932766609128459,-10.543911248554135
2020-09-10,bb7,0.948,0.997,0.19019019019019015,-2.9002598568192903,0.12633333333333333,0.08008008008008007,0.1901901901901902,0.19166666666666665,0.12345679012345678,0.28028028028028024,-9.903263801227073,-10.521200052247616
2020-09-11,bb7,0.937,0.996,0.19019019019019015,-1.9689769818791047,0.13199999999999998,0.08008008008008007,0.1901901901901902,0.19500000000000003,0.12671004337671005,0.28028028028028024,-10.212281832855112,-10.834822814417988
2020-09-14,bb7,0.94,0.996,0.19352686019352683,0.6505881772708022,0.122,0.08008008008008008,0.18685352018685353,0.20266666666666666,0.12345679012345678,0.28036369703036357,-11.186336948815962,-11.909297662558286
2020-09-15,bb7,0.944,0.996,0.19352686019352683,0.007424751325448065,0.13766666666666666,0.08008008008008008,0.18685352018685353,0.204,0.12345679012345678,0.28036369703036357,-11.03020956061278,-11.706749603788174
2020-09-16,bb7,0.954,0.996,0.19352686019352683,0.052984284981087204,0.13099999999999998,0.08008008008008008,0.18685352018685353,0.19333333333333336,0.12345679012345678,0.28028028028028024,-10.791266871280092,-11.475837587083141
2020-09-17,bb7,0.969,0.997,0.19352686019352683,-1.057788717036732,0.12933333333333333,0.08008008008008008,0.18685352018685353,0.21333333333333335,0.12345679012345678,0.28361695028361694,-10.62440785872356,-11.298084632594376
2020-09-18,bb7,0.962,0.997,0.19352686019352683,0.11679938494783715,0.13033333333333333,0.08008008008008008,0.18685352018685353,0.19733333333333333,0.12671004337671005,0.28361695028361694,-10.544215106268773,-11.242505101474515
2020-09-21,bb7,0.955,0.996,0.19352686019352683,-4.185864980888052,0.13166666666666668,0.08008008008008008,0.18693693693693686,0.20866666666666664,0.12671004337671005,0.28361695028361694,-10.542773885282529,-11.209048762975948
2020-09-22,bb7,0.951,0.996,0.19019019019019015,-3.5921617022903356,0.113,0.08008008008008007,0.18685352018685353,0.17866666666666667,0.12671004337671005,0.28361695028361694,-10.518294367974343,-11.179316105561428
2020-09-23,bb7,0.951,0.997,0.18351685018351682,-1.6509140594438023,0.12633333333333333,0.08008008008008008,0.18693693693693686,0.19566666666666666,0.12345679012345678,0.28361695028361694,-10.53705493403307,-11.231057933855263
2020-09-24,bb7,0.947,0.996,0.18351685018351682,-6.720769759532852,0.13099999999999998,0.08008008008008008,0.18693693693693686,0.19866666666666666,0.12345679012345678,0.28361695028361694,-10.244846906508071,-10.871750100568093
2020-09-25,bb7,0.944,0.996,0.18351685018351682,-5.074952494115253,0.12866666666666668,0.08008008008008008,0.1901901901901902,0.21233333333333335,0.12345679012345678,0.28361695028361694,-10.033031204018037,-10.611784369231165
2020-09-28,bb7,0.947,0.996,0.18018018018018014,-4.165536976976286,0.119,0.08008008008008008,0.1901901901901902,0.19499999999999998,0.12345679012345678,0.28361695028361694,-9.952531959312044,-10.514918987120232
2020-09-29,student,0.955,0.997,0.18018018018018014,-5.3765542958673995,0.144,0.08008008008008008,0.19019019019019015,0.20466666666666666,0.12345679012345678,0.28361695028361694,-9.62963229078715,-10.139310277837449
2020-09-30,student,0.948,0.996,0.18018018018018014,-5.592096849562071,0.14633333333333332,0.08008008008008008,0.1901901901901902,0.20166666666666666,0.12345679012345678,0.28361695028361694,-9.460096123854257,-9.962689685253768
2020-10-01,bb7,0.96,0.996,0.18351685018351682,-3.4153217780429594,0.12999999999999998,0.08008008008008008,0.1901901901901902,0.20766666666666667,0.12345679012345678,0.28361695028361694,-9.374888048916558,-9.88471967224514
2020-10-05,student,0.946,0.996,0.18018018018018014,-1.709116745259966,0.14233333333333334,0.08008008008008008,0.1901901901901902,0.21333333333333335,0.12337337337337337,0.28028028028028024,-9.419963458124046,-9.921441702116633
2020-10-06,bb7,0.945,0.996,0.19019019019019015,4.112409831227338,0.125,0.08008008008008008,0.1901901901901902,0.19399999999999998,0.12679346012679346,0.28361695028361694,-10.122434253309102,-10.682820490170538
2020-10-07,bb7,0.941,0.996,0.1868535201868535,4.8135013374782805,0.116,0.08008008008008008,0.1901901901901902,0.18400000000000002,0.12671004337671005,0.28361695028361694,-9.863678293611244,-10.381179694911513
2020-10-08,bb7,0.955,0.997,0.19019019019019015,5.815087020271907,0.11599999999999999,0.08008008008008008,0.1901901901901902,0.17933333333333334,0.12671004337671005,0.28361695028361694,-9.799333872547955,-10.284455882654264
2020-10-09,bb7,0.89,0.996,0.2068735402068735,10.028562720337467,0.13499999999999998,0.08333333333333333,0.19352686019352686,0.20999999999999996,0.1301301301301301,0.29362696029362695,-10.761866794443181,-11.311975853039641
2020-10-12,bb7,0.878,0.995,0.21021021021021016,7.332318776080332,0.12566666666666665,0.08341675008341676,0.19352686019352686,0.19166666666666665,0.1301301301301301,0.29362696029362695,-10.927290266476357,-11.455007096907645
2020-10-13,bb7,0.901,0.996,0.2068735402068735,5.633405995348413,0.12799999999999997,0.08008008008008008,0.19352686019352686,0.19433333333333333,0.1301301301301301,0.2869536202869536,-10.56953859502446,-11.079709274729206
2020-10-14,bb7,0.915,0.996,0.2068735402068735,6.234835525427197,0.11866666666666666,0.08008008008008008,0.19352686019352686,0.18433333333333335,0.1301301301301301,0.2869536202869536,-10.457969208800215,-10.954337241219163
2020-10-15,bb7,0.969,0.997,0.21021021021021016,3.1276082962062057,0.13333333333333333,0.08008008008008008,0.19352686019352686,0.206,0.12679346012679346,0.28361695028361694,-10.572737564984083,-11.136717200091526
2020-10-16,bb7,0.967,0.997,0.21021021021021016,2.8477039164607656,0.13,0.08341675008341674,0.19352686019352686,0.19800000000000004,0.13338338338338337,0.2903737070403736,-10.4874230098556,-11.072857257465158
2020-10-19,bb7,0.984,0.997,0.2068735402068735,3.4186541690030383,0.126,0.08008008008008008,0.19352686019352686,0.20666666666666667,0.1334668001334668,0.29029029029029024,-10.183826541993984,-10.807312968549347
2020-10-20,bb7,0.986,0.997,0.2068735402068735,1.228216133837548,0.14433333333333334,0.08333333333333333,0.19352686019352686,0.22866666666666666,0.13346680013346682,0.2969636302969636,-10.118112273660515,-10.789982796989685
2020-10-21,bb7,0.978,0.997,0.2068735402068735,1.7962111179389877,0.11866666666666666,0.08008008008008008,0.19352686019352686,0.162,0.1301301301301301,0.2870370370370369,-9.74013233980816,-10.264720821474054
2020-10-22,bb7,0.977,0.997,0.20020020020020016,1.1462322285542206,0.13933333333333334,0.08008008008008008,0.1901901901901902,0.19766666666666666,0.12679346012679346,0.2869536202869536,-9.820662921371728,-10.43806431018457
2020-10-23,bb7,0.965,0.997,0.20020020020020016,0.9660685751126751,0.14633333333333334,0.08008008008008008,0.1901901901901902,0.217,0.12679346012679346,0.2869536202869536,-9.873971137271775,-10.465438688888437
2020-10-26,bb7,0.942,0.997,0.20020020020020016,-0.5022665652742867,0.12899999999999998,0.08008008008008008,0.1901901901901902,0.207,0.12679346012679346,0.2837003670337003,-9.66468477183791,-10.204428696918814
2020-10-27,bb7,0.942,0.997,0.20020020020020016,-0.6230266810442502,0.12733333333333333,0.08008008008008008,0.1901901901901902,0.19266666666666668,0.12679346012679346,0.2837003670337003,-9.624550154855521,-10.185951054350204
2020-10-28,bb7,0.923,0.997,0.20020020020020016,-1.3228831993816899,0.15433333333333335,0.08008008008008008,0.19352686019352683,0.21933333333333335,0.12679346012679346,0.28361695028361694,-9.608380490803082,-10.193202611178299
2020-10-29,bb7,0.87,0.996,0.19352686019352683,-0.28034093560462536,0.123,0.08008008008008008,0.19352686019352686,0.19466666666666668,0.1334668001334668,0.29362696029362695,-9.835101171287564,-10.487976381515804
2020-10-30,bb7,0.923,0.997,0.20353687020353683,-1.9682239959147747,0.126,0.08008008008008008,0.19352686019352686,0.21266666666666667,0.1301301301301301,0.29029029029029024,-9.735921112474717,-10.391463629950643
2020-11-02,bb7,0.822,0.993,0.1968635301968635,-2.148765513968315,0.12,0.08008008008008008,0.19352686019352686,0.19666666666666666,0.1334668001334668,0.2969636302969636,-9.791003209095013,-10.48327199075196
2020-11-03,bb7,0.885,0.997,0.2068735402068735,-1.61192798790667,0.11866666666666666,0.08008008008008007,0.19352686019352686,0.18500000000000003,0.1301301301301301,0.2903737070403736,-9.302966157389116,-9.85622678697252
2020-11-04,bb7,0.909,0.997,0.20353687020353683,-0.5484950419882921,0.12266666666666666,0.08008008008008007,0.19352686019352683,0.20966666666666667,0.1301301301301301,0.29029029029029024,-9.00493188226701,-9.563312330498116
2020-11-05,bb7,0.905,0.997,0.20353687020353683,1.5533160628661455,0.12833333333333333,0.08008008008008007,0.1901901901901902,0.19366666666666665,0.12679346012679346,0.2837003670337003,-8.822901218321727,-9.3047081151453
2020-11-06,bb7,0.917,0.997,0.20020020020020016,1.6632537151854507,0.132,0.08008008008008007,0.1901901901901902,0.19699999999999998,0.12679346012679346,0.28361695028361694,-8.7242198065366,-9.174863713801551
2020-11-09,bb7,0.827,0.995,0.20353687020353683,4.37022280439977,0.13333333333333333,0.08008008008008007,0.19352686019352683,0.21033333333333334,0.12679346012679346,0.28361695028361694,-8.86119391378259,-9.351954720873993
2020-11-10,bb7,0.836,0.995,0.20353687020353683,5.895265169565948,0.12433333333333334,0.08008008008008007,0.1901901901901902,0.20466666666666666,0.12679346012679346,0.2869536202869536,-8.917873274545862,-9.411090462577462
2020-11-11,bb7,0.928,0.995,0.20353687020353683,8.657014723914557,0.123,0.08008008008008007,0.1901901901901902,0.19300000000000003,0.12679346012679346,0.2869536202869536,-8.982017871547157,-9.555129191143795
2020-11-12,bb7,0.864,0.993,0.20020020020020016,9.801500697069692,0.128,0.08008008008008007,0.1901901901901902,0.206,0.12679346012679346,0.2870370370370369,-8.982578409194298,-9.540216481967633
2020-11-13,bb7,0.859,0.995,0.1968635301968635,10.068483591756042,0.15133333333333335,0.08008008008008007,0.1901901901901902,0.21833333333333335,0.12679346012679346,0.2837003670337003,-9.047376643969528,-9.585098683887148
2020-11-14,bb7,0.861,0.996,0.1968635301968635,9.5425400301572,0.13966666666666666,0.07674341007674342,0.1901901901901902,0.205,0.12679346012679346,0.2869536202869536,-9.131552883404474,-9.67813166604519
2020-11-17,bb7,0.867,0.996,0.1968635301968635,10.931339027888153,0.13433333333333333,0.07674341007674342,0.19019019019019015,0.19933333333333333,0.12345679012345678,0.28028028028028024,-9.182219063960765,-9.695057990382244
2020-11-18,bb7,0.847,0.996,0.1968635301968635,12.260160296487602,0.127,0.07674341007674342,0.1901901901901902,0.19899999999999998,0.12679346012679346,0.2837003670337003,-8.900042206163151,-9.423917674771841
2020-11-19,bb7,0.867,0.996,0.1968635301968635,7.4476484059366825,0.12666666666666668,0.07999666332999665,0.1901901901901902,0.21366666666666667,0.12679346012679346,0.2869536202869536,-9.136002443278572,-9.623049110529113
2020-11-20,bb7,0.86,0.996,0.1968635301968635,7.549171389356753,0.12866666666666665,0.08008008008008007,0.1901901901901902,0.19933333333333336,0.12679346012679346,0.2869536202869536,-8.709039232637119,-9.191773185751172
2020-11-23,bb7,0.843,0.996,0.1968635301968635,6.91060622677608,0.12033333333333333,0.08008008008008007,0.1901901901901902,0.17633333333333334,0.12679346012679346,0.2869536202869536,-8.546403777762892,-9.009452121906914
2020-11-24,bb7,0.892,0.997,0.20020020020020016,6.7221133334810474,0.12733333333333333,0.08008008008008007,0.1901901901901902,0.2046666666666667,0.12679346012679346,0.28361695028361694,-9.151451047010807,-9.683720054291383
2020-11-25,bb7,0.912,0.997,0.1968635301968635,4.007771888704676,0.12266666666666666,0.07999666332999665,0.1901901901901902,0.18999999999999997,0.12679346012679346,0.2837003670337003,-9.080919543846491,-9.592726051921419
2020-11-26,bb7,0.96,0.997,0.20020020020020016,4.912980271215375,0.13433333333333333,0.07674341007674342,0.1901901901901902,0.20099999999999998,0.12679346012679346,0.28361695028361694,-9.204179107336712,-9.872130024911492
2020-11-27,bb7,0.964,0.997,0.20020020020020016,5.695816044869114,0.12733333333333333,0.07999666332999665,0.19027360694027354,0.18866666666666668,0.12679346012679346,0.28361695028361694,-9.150587751615381,-9.690481270510322
2020-12-01,bb7,0.912,0.997,0.20020020020020016,6.1069503113885295,0.12966666666666668,0.07999666332999665,0.1901901901901902,0.18933333333333333,0.12679346012679346,0.28361695028361694,-8.840344303945308,-9.291638595300151
2020-12-02,bb7,0.923,0.997,0.20020020020020016,4.383107810873198,0.123,0.08008008008008007,0.1901901901901902,0.19333333333333333,0.12679346012679346,0.28361695028361694,-8.914099931434041,-9.399546293494298
2020-12-03,bb7,0.936,0.997,0.20020020020020016,2.311500534333417,0.13833333333333334,0.08008008008008008,0.19019019019019015,0.21066666666666667,0.12345679012345678,0.2770270270270269,-9.556477465672128,-10.061771705655561
2020-12-04,bb7,0.943,0.997,0.20020020020020016,6.132243665975042,0.143,0.08008008008008007,0.1901901901901902,0.19999999999999998,0.12345679012345678,0.2769436102769436,-10.051178955238221,-10.56922201929768
2020-12-07,bb7,0.884,0.996,0.1968635301968635,7.11931359865734,0.13599999999999998,0.08008008008008007,0.1901901901901902,0.19366666666666665,0.12345679012345678,0.2769436102769436,-9.729306354022125,-10.264597854132782
2020-12-08,bb7,0.924,0.997,0.1968635301968635,6.613127820816562,0.13899999999999998,0.08008008008008008,0.19019019019019015,0.2193333333333333,0.12345679012345678,0.2769436102769436,-9.614665008346988,-10.16951896746845
2020-12-09,bb7,0.887,0.996,0.19352686019352683,6.355555830936034,0.12366666666666666,0.08333333333333333,0.19027360694027354,0.18600000000000003,0.12345679012345678,0.2769436102769436,-9.340420464492528,-9.860078643253585
2020-12-10,bb7,0.866,0.994,0.19352686019352683,7.0079608861123015,0.12933333333333333,0.08341675008341674,0.19352686019352686,0.19733333333333336,0.12679346012679346,0.28036369703036357,-9.126750186813995,-9.69174264273504
2020-12-11,bb7,0.855,0.996,0.19019019019019015,6.867516913142169,0.1396666666666667,0.08008008008008008,0.19019019019019015,0.19933333333333333,0.12337337337337337,0.2769436102769436,-8.816959192803864,-9.280084121294445
2020-12-14,bb7,0.932,0.997,0.20020020020020016,6.52120553849388,0.11433333333333333,0.08008008008008008,0.1901901901901902,0.16866666666666666,0.12345679012345678,0.28028028028028024,-9.116332148437115,-9.604080063426307
2020-12-15,bb7,0.879,0.996,0.1968635301968635,4.5276399941672345,0.12933333333333333,0.08008008008008008,0.1901901901901902,0.20299999999999999,0.12345679012345678,0.28028028028028024,-9.02060104422181,-9.510752325147536
2020-12-16,bb7,0.866,0.996,0.20020020020020016,4.8534869207681215,0.123,0.08008008008008008,0.19019019019019015,0.19699999999999998,0.12671004337671005,0.277027027027027,-8.891582252952343,-9.348919671497267
2020-12-17,bb7,0.939,0.997,0.1968635301968635,3.486588684588434,0.13799999999999998,0.08008008008008008,0.19019019019019015,0.20733333333333334,0.12345679012345678,0.277027027027027,-8.896657760716174,-9.366028374518217
2020-12-18,bb7,0.917,0.997,0.1968635301968635,3.0885266733438272,0.148,0.08008008008008007,0.19019019019019015,0.208,0.12345679012345678,0.2769436102769436,-8.901261833134875,-9.385549010817096
2020-12-21,bb7,0.885,0.996,0.19352686019352683,-2.8790622400499877,0.13799999999999998,0.08008008008008007,0.19019019019019015,0.20066666666666666,0.12345679012345678,0.2769436102769436,-8.90233108150723,-9.360927362600362
2020-12-22,bb7,0.944,0.997,0.1968635301968635,-1.824203819974978,0.14066666666666666,0.08008008008008007,0.19019019019019015,0.20666666666666667,0.12345679012345678,0.2769436102769436,-8.64961397435081,-9.056238155131222
2020-12-23,bb7,0.89,0.996,0.1968635301968635,-0.16648899695885033,0.14033333333333334,0.08008008008008007,0.19019019019019015,0.20966666666666667,0.12345679012345678,0.2769436102769436,-8.548265702613643,-9.025949094322504
2020-12-24,bb7,0.901,0.996,0.1968635301968635,1.4809939002006796,0.123,0.08008008008008007,0.19019019019019015,0.18833333333333332,0.12345679012345678,0.2769436102769436,-8.571148518566973,-9.032042822227435
2020-12-28,bb7,0.889,0.996,0.19352686019352683,3.03102756174049,0.11599999999999999,0.08008008008008007,0.18360026693360018,0.16666666666666666,0.11678345011678344,0.26368034701368026,-8.408863512088784,-8.772736051424534
2020-12-29,bb7,0.908,0.996,0.19352686019352683,3.056951809419325,0.13033333333333333,0.08008008008008008,0.19352686019352686,0.209,0.12679346012679346,0.2869536202869536,-8.155698087170155,-8.560730735359614
2020-12-30,bb7,0.907,0.997,0.19352686019352683,4.130154192150307,0.12899999999999998,0.08008008008008008,0.1901901901901902,0.17866666666666667,0.12345679012345678,0.28028028028028024,-7.861557908375292,-8.233783152915075
2020-12-31,bb7,0.898,0.996,0.19352686019352683,3.0912902727000424,0.12499999999999999,0.08008008008008008,0.19027360694027354,0.17933333333333334,0.12679346012679346,0.28361695028361694,-7.915980866963621,-8.331292406690096
2021-01-01,bb7,0.888,0.996,0.19352686019352683,4.582981198881503,0.13966666666666666,0.08008008008008008,0.1901901901901902,0.19733333333333336,0.12345679012345678,0.27369035702369027,-7.950684716959462,-8.356814020605867
2021-01-04,bb7,0.911,0.996,0.19352686019352683,5.27976942303668,0.13366666666666666,0.08008008008008007,0.18685352018685353,0.18933333333333335,0.11678345011678344,0.26359693026359693,-8.067948385282898,-8.409422133814857
2021-01-05,bb7,0.952,0.997,0.1968635301968635,10.415614189612137,0.11333333333333333,0.08008008008008007,0.18685352018685353,0.16566666666666666,0.12012012012012012,0.2669336002669336,-9.76507701895969,-10.281220472380049
2021-01-06,bb7,0.954,0.997,0.1968635301968635,9.136374384032406,0.13733333333333334,0.08008008008008007,0.18693693693693686,0.19600000000000004,0.1200367033700367,0.2669336002669336,-9.798126894326488,-10.327795026939144
2021-01-07,bb7,0.952,0.997,0.1968635301968635,6.180497850967453,0.13766666666666666,0.08008008008008007,0.18685352018685353,0.19266666666666668,0.12012012012012012,0.2669336002669336,-9.746199415075703,-10.245174442510187
2021-01-08,bb7,0.955,0.997,0.1968635301968635,6.080678363429643,0.13399999999999998,0.08008008008008008,0.1901901901901902,0.20666666666666667,0.12345679012345678,0.28028028028028024,-9.511473904062388,-10.095428339821163
2021-01-11,bb7,0.943,0.996,0.1968635301968635,7.894807244288405,0.13166666666666665,0.08008008008008007,0.18685352018685353,0.18300000000000002,0.11678345011678344,0.2669336002669336,-9.644081334097805,-10.188040598784912
2021-01-12,bb7,0.937,0.996,0.19352686019352683,9.996641933917,0.128,0.08008008008008007,0.18685352018685353,0.17866666666666667,0.11678345011678344,0.2669336002669336,-9.47125284346324,-10.022346166598505
2021-01-13,bb7,0.914,0.997,0.1968635301968635,11.763502608369935,0.13266666666666665,0.08008008008008008,0.19027360694027354,0.19899999999999998,0.12345679012345678,0.28361695028361694,-9.170695526688858,-9.691568834821384
2021-01-14,bb7,0.953,0.997,0.1968635301968635,12.183387028838066,0.13099999999999998,0.08008008008008007,0.1901901901901902,0.18400000000000002,0.11678345011678344,0.2669336002669336,-9.203565880983483,-9.732580861123395
2021-01-15,student,0.953,0.997,0.19352686019352683,11.670446068794414,0.15633333333333332,0.08333333333333333,0.19352686019352686,0.2273333333333333,0.12345679012345678,0.28028028028028024,-9.198554097900171,-9.824374003416105
2021-01-18,bb7,0.888,0.996,0.19352686019352683,6.917550139080646,0.12799999999999997,0.08341675008341674,0.19352686019352686,0.20199999999999999,0.12345679012345678,0.28028028028028024,-8.879266811848975,-9.392479822779155
2021-01-19,bb7,0.903,0.997,0.1968635301968635,8.27561961022215,0.11833333333333333,0.08341675008341674,0.19352686019352686,0.18600000000000003,0.12345679012345678,0.28036369703036357,-8.787266937175813,-9.30330618938408
2021-01-20,bb7,0.889,0.996,0.19352686019352683,10.474832516784625,0.12266666666666666,0.08333333333333333,0.19027360694027354,0.18333333333333335,0.12345679012345678,0.28036369703036357,-8.630936322016916,-9.144734073045111
2021-01-21,bb7,0.912,0.997,0.1968635301968635,11.842111935202995,0.13366666666666666,0.08008008008008008,0.19352686019352683,0.20033333333333334,0.12345679012345678,0.28028028028028024,-8.523437036410906,-9.020303084969052
2021-01-22,bb7,0.962,0.997,0.1968635301968635,9.994370054213682,0.12833333333333333,0.08008008008008008,0.1901901901901902,0.213,0.12345679012345678,0.2770270270270269,-8.843733166131537,-9.387428504755386
2021-01-25,bb7,0.965,0.997,0.1968635301968635,4.490319895788545,0.15966666666666665,0.08333333333333333,0.1901901901901902,0.22633333333333336,0.12345679012345678,0.2769436102769436,-8.973979893434336,-9.522625176867283
2021-01-27,bb7,0.928,0.997,0.1968635301968635,0.2965838702643522,0.12033333333333333,0.08341675008341674,0.19352686019352686,0.17400000000000002,0.12345679012345678,0.2769436102769436,-8.834045181842747,-9.368867462850144
2021-01-28,bb7,0.917,0.997,0.1968635301968635,-2.5531413264784613,0.14533333333333334,0.08008008008008008,0.19352686019352686,0.21433333333333335,0.12345679012345678,0.2769436102769436,-9.310340511662664,-9.891591037975166
2021-01-29,bb7,0.917,0.997,0.1968635301968635,-4.366486938927985,0.13633333333333333,0.08008008008008008,0.19352686019352686,0.20066666666666666,0.12345679012345678,0.2769436102769436,-8.98484967182243,-9.526205337126695
2021-02-01,bb7,0.918,0.997,0.1968635301968635,-0.38271364242169703,0.14233333333333334,0.08341675008341674,0.19352686019352686,0.20466666666666666,0.12345679012345678,0.2770270270270269,-8.885540967439054,-9.42274721632982
2021-02-02,bb7,0.918,0.997,0.1968635301968635,7.909664645735973,0.121,0.08341675008341676,0.19352686019352686,0.19299999999999998,0.12345679012345678,0.2770270270270269,-9.304728071171786,-9.852790546372374
2021-02-03,bb7,0.931,0.997,0.1968635301968635,7.07947965864074,0.14433333333333334,0.08341675008341676,0.19352686019352686,0.20633333333333334,0.12345679012345678,0.2770270270270269,-9.186341900849177,-9.709250315590584
2021-02-04,bb7,0.925,0.997,0.1968635301968635,5.930605519082216,0.13533333333333333,0.08341675008341676,0.1936102769436102,0.20266666666666666,0.12679346012679346,0.28028028028028024,-9.078151029612272,-9.581468764697902
2021-02-05,bb7,0.929,0.997,0.1968635301968635,6.924562590836583,0.13566666666666669,0.08341675008341674,0.19352686019352686,0.20166666666666666,0.12345679012345678,0.28028028028028024,-9.171603909150104,-9.654429054813784
2021-02-08,bb7,0.939,0.999,0.1968635301968635,9.572010515441292,0.13499999999999998,0.08341675008341674,0.19352686019352686,0.19066666666666668,0.12345679012345678,0.28028028028028024,-9.297840650648723,-9.756618292249579
2021-02-09,bb7,0.938,0.998,0.1968635301968635,9.952081613622017,0.14066666666666666,0.08341675008341674,0.19352686019352686,0.19999999999999998,0.12345679012345678,0.28028028028028024,-9.10799836596824,-9.55182223377359
2021-02-10,bb7,0.987,1.0,0.1968635301968635,12.214119986644608,0.14633333333333334,0.08341675008341674,0.19352686019352686,0.2153333333333333,0.12345679012345678,0.28028028028028024,-9.309825978423454,-9.849519992408139
2021-02-11,bb7,0.974,0.997,0.19352686019352683,12.928134106365183,0.12933333333333333,0.08341675008341676,0.19352686019352686,0.18333333333333335,0.12345679012345678,0.2769436102769436,-9.48265172537911,-10.089756600061785
2021-02-12,bb7,0.985,0.999,0.19352686019352683,14.789500044830984,0.13066666666666665,0.08341675008341676,0.19352686019352686,0.18966666666666668,0.12679346012679346,0.28028028028028024,-9.631691036569697,-10.2827884408562
2021-02-15,bb7,0.944,0.997,0.19352686019352683,11.716605786579455,0.13766666666666666,0.08341675008341676,0.19352686019352686,0.19099999999999998,0.12679346012679346,0.28028028028028024,-10.738927122533875,-11.363868474367552
2021-02-16,bb7,0.99,0.999,0.19352686019352683,5.2606252229108215,0.107,0.08341675008341674,0.19352686019352686,0.17933333333333334,0.12679346012679346,0.28036369703036357,-11.677227538907973,-12.411143187704816
2021-02-17,bb7,0.959,0.999,0.19352686019352683,4.172618150195653,0.12033333333333333,0.08341675008341674,0.19352686019352686,0.17800000000000002,0.12679346012679346,0.28361695028361694,-11.153148992926674,-11.82709228028921
2021-02-18,bb7,0.985,0.997,0.19352686019352683,2.8625155617247553,0.13299999999999998,0.08341675008341674,0.19352686019352686,0.20400000000000004,0.12679346012679346,0.28028028028028024,-11.757794247335715,-12.568112258337521
2021-02-19,bb7,0.993,1.0,0.19352686019352683,-0.535015869524935,0.12933333333333333,0.08341675008341676,0.19352686019352686,0.18233333333333335,0.12679346012679346,0.28028028028028024,-13.196843236042064,-14.053954098875652
2021-02-22,bb7,0.987,0.997,0.19352686019352683,-4.467739935229697,0.11499999999999999,0.08341675008341674,0.19352686019352686,0.16900000000000004,0.12679346012679346,0.2770270270270269,-12.930313002352372,-13.815011520315096
2021-02-23,bb7,0.949,0.997,0.19352686019352683,-1.21332328829034,0.12133333333333333,0.08341675008341674,0.19352686019352686,0.18100000000000002,0.12679346012679346,0.2770270270270269,-12.007330944329526,-12.72689128549513
2021-02-24,bb7,0.941,0.997,0.19352686019352683,-0.753978492921757,0.141,0.08341675008341674,0.19352686019352686,0.214,0.12679346012679346,0.28028028028028024,-11.569023179944178,-12.288394821341639
2021-02-25,student,0.957,0.999,0.19352686019352683,0.21265435860295756,0.14766666666666667,0.08341675008341674,0.19352686019352686,0.22433333333333336,0.12679346012679346,0.28028028028028024,-11.154856666819008,-11.847234921827472
2021-02-26,bb7,0.987,0.998,0.19352686019352683,-2.734887874274917,0.13566666666666669,0.08341675008341674,0.19352686019352686,0.20666666666666667,0.12679346012679346,0.28028028028028024,-10.790024204950171,-11.428622082544509
2021-03-01,bb7,0.99,0.998,0.19352686019352683,-2.7813439274223875,0.134,0.08333333333333333,0.19352686019352686,0.20133333333333334,0.12679346012679346,0.28028028028028024,-10.785675624806679,-11.370624313423464
2021-03-02,bb7,0.951,0.998,0.19352686019352683,0.7788718809919504,0.12733333333333333,0.08341675008341674,0.19352686019352686,0.18733333333333335,0.12679346012679346,0.28028028028028024,-10.072236472506072,-10.590371558351872
2021-03-03,bb7,0.964,1.0,0.19352686019352683,2.467803402911067,0.12466666666666666,0.08341675008341674,0.19352686019352686,0.18299999999999997,0.12671004337671005,0.28028028028028024,-9.902498307678039,-10.433608356616089
2021-03-04,student,0.962,0.999,0.19352686019352683,1.2506771392851554,0.14566666666666667,0.08341675008341674,0.19352686019352686,0.20966666666666667,0.12671004337671005,0.28028028028028024,-9.706409061776856,-10.165924574152758
2021-03-05,bb7,0.955,0.999,0.19352686019352683,0.7440808774105401,0.12766666666666668,0.08341675008341674,0.19352686019352686,0.19133333333333333,0.12345679012345678,0.28028028028028024,-10.186928876337316,-10.677530590841215
2021-03-08,bb7,0.994,1.0,0.19352686019352683,2.781730485663483,0.13866666666666666,0.08341675008341674,0.19352686019352686,0.20133333333333334,0.12671004337671005,0.28028028028028024,-10.657131795050779,-11.23605922517323
2021-03-09,student,0.994,1.0,0.19352686019352683,0.5373302189270595,0.15366666666666667,0.08341675008341674,0.19352686019352686,0.20766666666666667,0.12671004337671005,0.28028028028028024,-10.457857867460254,-11.086043728714438
2021-03-10,bb7,0.962,1.0,0.19352686019352683,1.148582822928235,0.12733333333333333,0.08341675008341676,0.19352686019352686,0.19499999999999998,0.12679346012679346,0.28028028028028024,-10.17066995403361,-10.700160573493115
2021-03-12,bb7,0.962,1.0,0.19352686019352683,-0.4898057508957505,0.121,0.08341675008341676,0.19352686019352686,0.18066666666666667,0.12671004337671005,0.28028028028028024,-9.90184660812383,-10.429684603752445
2021-03-15,bb7,0.962,1.0,0.19352686019352683,2.4520206912991673,0.13733333333333334,0.08341675008341676,0.19686353019686353,0.19899999999999998,0.12679346012679346,0.2837003670337003,-10.436614710373458,-10.997174103984804
2021-03-16,bb7,0.957,1.0,0.19352686019352683,1.6510241205000573,0.142,0.08341675008341676,0.19686353019686353,0.211,0.12679346012679346,0.2837003670337003,-10.196098455073724,-10.796174488170596
2021-03-17,bb7,0.944,1.0,0.19019019019019015,-2.696806574190465,0.13999999999999999,0.08341675008341676,0.19694694694694687,0.20866666666666667,0.12679346012679346,0.28361695028361694,-10.242431411947523,-10.812653951734271
2021-03-18,bb7,0.985,0.999,0.1968635301968635,-5.50337890902092,0.14433333333333334,0.08341675008341676,0.20020020020020016,0.211,0.12679346012679346,0.28695362028695365,-9.933354765044854,-10.582161995708871
2021-03-19,student,0.99,1.0,0.1968635301968635,-2.3925978070924447,0.15100000000000002,0.08341675008341676,0.19694694694694687,0.22333333333333336,0.12679346012679346,0.2869536202869536,-9.710443773885904,-10.337819074816757
2021-03-22,bb7,0.987,0.999,0.1968635301968635,-0.19182660581256522,0.14633333333333334,0.08341675008341676,0.2002002002002002,0.21233333333333335,0.12679346012679346,0.2869536202869536,-9.787385396258003,-10.375010047357302
2021-03-23,bb7,0.985,0.997,0.1968635301968635,0.2551629690827824,0.12733333333333333,0.08341675008341676,0.19694694694694687,0.19633333333333336,0.12679346012679346,0.2869536202869536,-9.715840343290001,-10.278944334943994
2021-03-24,bb7,0.985,0.997,0.1968635301968635,-2.07802060837844,0.13933333333333334,0.08341675008341676,0.19694694694694687,0.19466666666666668,0.12679346012679346,0.2869536202869536,-9.580645557179015,-10.202917841688695
2021-03-25,bb7,0.964,0.998,0.1968635301968635,-5.682057430522135,0.13933333333333334,0.08341675008341676,0.2002002002002002,0.19499999999999998,0.12679346012679346,0.2869536202869536,-9.217089211497717,-9.757361192192038
2021-03-26,bb7,0.985,0.997,0.1968635301968635,-2.803981941496977,0.12833333333333333,0.08341675008341676,0.20028361695028354,0.18700000000000003,0.12679346012679346,0.2869536202869536,-9.19368586848221,-9.73674026211619
2021-03-30,bb7,0.985,0.999,0.1968635301968635,-1.0471251780055555,0.13266666666666665,0.08341675008341674,0.20353687020353686,0.20066666666666666,0.12679346012679346,0.2870370370370369,-8.889938853696592,-9.395304357350062
2021-03-31,bb7,0.983,0.999,0.1968635301968635,-0.7034064496782029,0.11699999999999999,0.08341675008341674,0.20028361695028354,0.18200000000000002,0.12679346012679346,0.2869536202869536,-8.915674770846792,-9.434737576765496
2021-04-01,bb7,0.987,1.0,0.1968635301968635,2.1644522109445097,0.14533333333333334,0.08341675008341676,0.20353687020353686,0.20466666666666666,0.12679346012679346,0.2869536202869536,-9.10470849482224,-9.62788817127235
2021-04-05,bb7,0.985,0.999,0.1968635301968635,1.9482806349322679,0.12733333333333333,0.08341675008341676,0.20028361695028354,0.19233333333333333,0.12679346012679346,0.2869536202869536,-9.238037317965805,-9.777992508782091
2021-04-06,bb7,0.985,0.999,0.1968635301968635,0.7035283763557854,0.1376666666666667,0.08341675008341674,0.20028361695028354,0.20833333333333334,0.12679346012679346,0.2869536202869536,-9.336278798172195,-9.87565397836439
2021-04-07,bb7,0.982,0.998,0.1968635301968635,1.413908222909583,0.13466666666666668,0.08341675008341676,0.2002002002002002,0.19866666666666666,0.12679346012679346,0.2869536202869536,-9.253782963170572,-9.819043221485655
2021-04-08,bb7,0.936,0.997,0.1968635301968635,1.3325646943614702,0.14433333333333334,0.08341675008341676,0.2002002002002002,0.221,0.12679346012679346,0.2869536202869536,-8.841812424299281,-9.335460215244396
2021-04-09,bb7,0.985,0.998,0.1968635301968635,4.663151980222778,0.141,0.08341675008341674,0.20353687020353683,0.20633333333333334,0.12679346012679346,0.2869536202869536,-9.274593078025724,-9.828660873545207
2021-04-12,bb7,0.99,1.0,0.1968635301968635,2.2224646803703196,0.13266666666666665,0.08341675008341676,0.20353687020353686,0.20299999999999999,0.1300467133800467,0.287037037037037,-9.564652563392823,-10.122067041025861
2021-04-13,student,0.987,1.0,0.1968635301968635,1.923510043077643,0.15133333333333335,0.08341675008341676,0.20353687020353683,0.211,0.12679346012679346,0.28695362028695365,-9.546371397883117,-10.100264137316724
2021-04-15,bb7,0.985,1.0,0.1968635301968635,-0.5597524441450501,0.14066666666666666,0.08341675008341676,0.20353687020353686,0.19300000000000003,0.12679346012679346,0.29029029029029024,-9.69059833089111,-10.224583221931717
2021-04-16,bb7,0.987,1.0,0.1968635301968635,-1.0455118017292,0.129,0.08341675008341676,0.2002002002002002,0.20099999999999998,0.12679346012679346,0.28695362028695365,-9.451189466217881,-9.996732397342354
2021-04-19,bb7,0.991,1.0,0.1968635301968635,-3.3623094619005927,0.144,0.08341675008341676,0.2002002002002002,0.21666666666666667,0.12679346012679346,0.2871204537871203,-9.4175682252014,-9.955868921136174
2021-04-20,bb7,0.985,1.0,0.19352686019352683,-3.1477863548652083,0.13033333333333333,0.08341675008341676,0.2002002002002002,0.19299999999999998,0.12679346012679346,0.29029029029029024,-9.910930953128002,-10.472545305837805
2021-04-22,bb7,0.984,1.0,0.19352686019352683,-3.8118682546151135,0.13699999999999998,0.08341675008341676,0.2002002002002002,0.20366666666666666,0.12679346012679346,0.2903737070403736,-9.733902749570065,-10.314422318091848
2021-04-23,bb7,0.981,1.0,0.19019019019019015,-5.51630168990635,0.13633333333333333,0.08341675008341676,0.20353687020353683,0.20133333333333336,0.12679346012679346,0.2903737070403736,-9.692623882924282,-10.303382457326963
2021-04-26,bb7,0.984,1.0,0.1968635301968635,-4.576701681717915,0.14333333333333334,0.08341675008341676,0.2002002002002002,0.213,0.1301301301301301,0.29029029029029024,-9.371969196614026,-9.94925297493785
2021-04-27,student,0.987,1.0,0.1968635301968635,-3.9938724707175832,0.158,0.08341675008341676,0.2002002002002002,0.22366666666666668,0.1300467133800467,0.29029029029029024,-9.240702836937505,-9.861319508821248
2021-04-28,bb7,0.987,1.0,0.20020020020020016,2.3077240632335023,0.132,0.08341675008341676,0.2002002002002002,0.18666666666666668,0.12679346012679346,0.29362696029362695,-10.88268841893063,-11.656245368861603
2021-04-29,bb7,0.964,1.0,0.20020020020020016,0.013057241468839464,0.13833333333333334,0.08341675008341676,0.2002002002002002,0.21066666666666667,0.1300467133800467,0.29029029029029024,-10.47661345833377,-11.146894880695548
2021-04-30,bb7,0.988,1.0,0.20020020020020016,-1.2603600152839474,0.131,0.08341675008341676,0.2002002002002002,0.20099999999999998,0.12679346012679346,0.2869536202869536,-10.513139287683407,-11.12640529536574
2021-05-03,bb7,0.982,0.998,0.20020020020020016,-1.1894824189928754,0.12633333333333333,0.08341675008341676,0.2002002002002002,0.19199999999999998,0.12679346012679346,0.2869536202869536,-10.13841324415733,-10.768113338256153
2021-05-04,bb7,0.931,0.997,0.20020020020020016,-0.43551182039529734,0.13866666666666666,0.08341675008341676,0.2002002002002002,0.21766666666666667,0.12679346012679346,0.2869536202869536,-9.917301111875792,-10.489504996449883
2021-05-05,bb7,0.937,0.997,0.20020020020020016,1.1240472888505548,0.14466666666666667,0.08341675008341676,0.2002002002002002,0.23233333333333336,0.12679346012679346,0.28695362028695365,-9.638302821953403,-10.180669617491644
2021-05-06,student,0.985,0.998,0.20020020020020016,2.549717909235985,0.15966666666666668,0.08341675008341676,0.2002002002002002,0.225,0.12679346012679346,0.2869536202869536,-9.862925983174074,-10.447032672528197
2021-05-07,bb7,0.979,0.999,0.20020020020020016,3.7480117184218225,0.145,0.08341675008341676,0.2002002002002002,0.20633333333333334,0.12679346012679346,0.2903737070403736,-9.752571444239123,-10.393911003926757
2021-05-10,student,0.978,0.999,0.20020020020020016,3.5058236970932874,0.15066666666666667,0.08341675008341676,0.2002002002002002,0.21633333333333335,0.12679346012679346,0.29362696029362695,-9.799620388382206,-10.416836927570305
2021-05-11,bb7,0.984,1.0,0.20020020020020016,1.8464084271990397,0.123,0.08341675008341676,0.2002002002002002,0.18366666666666664,0.12679346012679346,0.29362696029362695,-9.635109960449704,-10.206476908957276
2021-05-12,bb7,0.984,1.0,0.20020020020020016,0.5251779935506948,0.12066666666666666,0.08341675008341676,0.20353687020353686,0.18366666666666667,0.1300467133800467,0.29362696029362695,-9.632266111422275,-10.237496054427462
2021-05-14,bb7,0.984,1.0,0.1968635301968635,-0.15313046641114303,0.13299999999999998,0.08341675008341676,0.20353687020353686,0.19866666666666669,0.1300467133800467,0.29037370704037363,-9.52719730946506,-10.1499397531528
2021-05-17,bb7,0.984,1.0,0.20020020020020016,4.000399919516637,0.123,0.08341675008341676,0.20353687020353686,0.20199999999999999,0.1301301301301301,0.2937103770437103,-9.628997196920752,-10.315841620804775
2021-05-18,student,0.959,1.0,0.1968635301968635,4.741963690820712,0.15466666666666667,0.08341675008341676,0.20353687020353686,0.2316666666666667,0.1301301301301301,0.29037370704037363,-9.476572024921392,-10.091382283278916
2021-05-19,bb7,0.984,1.0,0.1968635301968635,3.948037379636709,0.13666666666666666,0.08341675008341676,0.20028361695028354,0.21,0.1301301301301301,0.29037370704037363,-9.480696701398243,-9.989363627381927
2021-05-20,bb7,0.981,1.0,0.1968635301968635,2.748994988754859,0.12266666666666665,0.08675342008675341,0.2002002002002002,0.19266666666666668,0.1301301301301301,0.29362696029362695,-9.282045593213363,-9.762981385314026
2021-05-21,bb7,0.982,1.0,0.1968635301968635,3.5617266564603796,0.14566666666666667,0.08341675008341676,0.2002002002002002,0.21366666666666667,0.1301301301301301,0.29362696029362695,-9.144594346829575,-9.653160772659747
2021-05-24,bb7,0.98,1.0,0.1968635301968635,3.368666394094187,0.113,0.08341675008341676,0.2002002002002002,0.16733333333333333,0.1301301301301301,0.29362696029362695,-9.12102699263474,-9.588130405897628
2021-05-25,bb7,0.983,1.0,0.1968635301968635,2.7862570351462876,0.135,0.08341675008341676,0.2002002002002002,0.20199999999999999,0.1301301301301301,0.2903737070403736,-9.090620149851071,-9.594256246560306
2021-05-26,student,0.983,1.0,0.19352686019352683,3.8573228098636747,0.147,0.08341675008341676,0.2002002002002002,0.2193333333333333,0.1301301301301301,0.29029029029029024,-9.045978481155482,-9.574298216995755
2021-05-27,student,0.985,1.0,0.19352686019352683,4.4098268844309025,0.15266666666666667,0.08341675008341676,0.2002002002002002,0.221,0.12679346012679346,0.2869536202869536,-9.073506242051462,-9.605573994255979
2021-05-28,student,0.983,1.0,0.19352686019352683,5.50173826166104,0.14933333333333332,0.08341675008341676,0.2002002002002002,0.214,0.12679346012679346,0.29029029029029024,-9.193132598080465,-9.733573061576593
2021-05-31,bb7,0.985,1.0,0.19352686019352683,3.4392180219089075,0.127,0.08341675008341676,0.2002002002002002,0.18133333333333335,0.1301301301301301,0.29362696029362695,-9.806443871946849,-10.33061243681637
2021-06-01,bb7,0.985,1.0,0.19352686019352683,2.9527437936544048,0.12366666666666666,0.08341675008341676,0.2002002002002002,0.18033333333333335,0.1301301301301301,0.29362696029362695,-9.648942342351445,-10.2103785156372
2021-06-02,student,0.983,1.0,0.19352686019352683,4.916391180239228,0.15366666666666667,0.08341675008341676,0.2002002002002002,0.21333333333333335,0.1301301301301301,0.29362696029362695,-9.4641032902818,-10.027596347212098
2021-06-03,bb7,0.985,1.0,0.19352686019352683,6.3886532000734695,0.14266666666666666,0.08341675008341676,0.2002002002002002,0.19766666666666668,0.1301301301301301,0.29362696029362695,-9.27191759773726,-9.848738714423387
2021-06-04,bb7,0.985,1.0,0.19352686019352683,4.479841700494189,0.13166666666666668,0.08341675008341676,0.20028361695028354,0.20366666666666666,0.1334668001334668,0.30030030030030025,-9.577933808761184,-10.253017818121087
2021-06-07,bb7,0.98,1.0,0.1968635301968635,5.045556774583977,0.144,0.08341675008341676,0.2002002002002002,0.21133333333333335,0.1301301301301301,0.29362696029362695,-9.596310682828841,-10.208422297702285
2021-06-08,bb7,0.983,1.0,0.1968635301968635,5.2768299306035935,0.13633333333333333,0.08341675008341676,0.2002002002002002,0.19833333333333333,0.1301301301301301,0.29362696029362695,-9.368905836243778,-9.943970675337278
2021-06-09,bb7,0.983,1.0,0.1968635301968635,3.428061846712903,0.11833333333333333,0.08341675008341676,0.2002002002002002,0.18033333333333332,0.1301301301301301,0.29362696029362695,-9.276325683727922,-9.834499139574305
2021-06-10,bb7,0.983,1.0,0.20020020020020016,3.828185793020112,0.13999999999999999,0.08341675008341676,0.2002002002002002,0.21433333333333335,0.1301301301301301,0.29362696029362695,-9.38480066155619,-9.917775390368563
2021-06-11,bb7,0.983,1.0,0.20020020020020016,4.544583190276153,0.13999999999999999,0.08341675008341676,0.20028361695028354,0.19566666666666668,0.1301301301301301,0.29362696029362695,-9.103561975387901,-9.603459784295769
2021-06-14,bb7,0.983,1.0,0.19352686019352683,4.973261239802337,0.13666666666666666,0.08341675008341676,0.2002002002002002,0.19866666666666666,0.1301301301301301,0.29362696029362695,-8.975990261135978,-9.506162721672021
2021-06-15,bb7,0.985,1.0,0.19352686019352683,4.684191342080908,0.11333333333333333,0.08341675008341676,0.20028361695028354,0.17433333333333334,0.13338338338338337,0.29362696029362695,-8.810394911856132,-9.232623046993105
2021-06-16,bb7,0.985,1.0,0.19352686019352683,4.014578194165323,0.124,0.08341675008341676,0.20028361695028354,0.18233333333333335,0.1301301301301301,0.29362696029362695,-8.710590697794824,-9.189132352047618
2021-06-17,student,0.989,1.0,0.19352686019352683,2.943437950937623,0.14566666666666667,0.08341675008341676,0.20353687020353686,0.206,0.1301301301301301,0.29362696029362695,-8.798605486290981,-9.335636585104199
2021-06-18,student,0.989,1.0,0.1968635301968635,2.6368561633008127,0.151,0.08341675008341676,0.2002002002002002,0.22566666666666665,0.1301301301301301,0.2903737070403736,-8.815303965631513,-9.289492139091056
2021-06-21,student,0.985,1.0,0.1968635301968635,2.342165577648138,0.14733333333333334,0.08341675008341676,0.20028361695028354,0.20600000000000004,0.1301301301301301,0.29029029029029024,-8.757305780544089,-9.266867333516524
2021-06-22,bb7,0.991,1.0,0.1968635301968635,1.6445630558828177,0.11599999999999999,0.08667000333666999,0.2002002002002002,0.18033333333333335,0.1301301301301301,0.29037370704037363,-8.77203174242347,-9.296516143399426
2021-06-23,student,0.939,1.0,0.1868535201868535,2.221590592570498,0.14566666666666667,0.08667000333666999,0.20353687020353686,0.21399999999999997,0.1301301301301301,0.29362696029362695,-8.518619960765044,-8.996273425855934
2021-06-24,student,0.917,1.0,0.19019019019019015,1.9568994958342951,0.15333333333333335,0.08667000333666999,0.20353687020353686,0.223,0.1301301301301301,0.29362696029362695,-8.56794222245463,-9.00494349526107
2021-06-25,bb7,0.917,1.0,0.19019019019019015,2.2909063615620977,0.13466666666666668,0.08341675008341676,0.2002002002002002,0.20766666666666667,0.1301301301301301,0.29362696029362695,-8.555656452190663,-8.97047227221985
2021-06-28,bb7,0.862,0.997,0.19019019019019015,1.6535756671262276,0.13466666666666666,0.08667000333666999,0.20353687020353686,0.21233333333333335,0.1301301301301301,0.29362696029362695,-8.468405048474812,-8.896604550818841
2021-06-29,student,0.917,1.0,0.19019019019019015,1.2249753982127827,0.148,0.08341675008341676,0.20028361695028354,0.22666666666666666,0.1301301301301301,0.29362696029362695,-8.363965426330285,-8.791404892477027
2021-06-30,bb7,0.922,1.0,0.19019019019019015,1.1798318583602028,0.13899999999999998,0.08341675008341676,0.20028361695028354,0.2093333333333333,0.1301301301301301,0.29362696029362695,-8.122915010032258,-8.540222305123603
2021-07-01,bb7,0.907,1.0,0.19019019019019015,1.5887186456566473,0.13066666666666665,0.08341675008341676,0.2002002002002002,0.19399999999999998,0.1301301301301301,0.29362696029362695,-8.062045711856994,-8.485402687928868
2021-07-02,bb7,0.916,1.0,0.19019019019019015,2.3309426241700377,0.13733333333333334,0.08341675008341676,0.2002002002002002,0.20633333333333334,0.1301301301301301,0.29362696029362695,-8.11914098774865,-8.498836242569185
2021-07-05,bb7,0.912,1.0,0.1868535201868535,2.74874965556723,0.12766666666666668,0.08341675008341676,0.2002002002002002,0.2006666666666667,0.1301301301301301,0.29362696029362695,-8.17334730730598,-8.569130917933627
2021-07-06,student,0.904,1.0,0.1868535201868535,-0.3096852107814976,0.13766666666666666,0.08667000333666999,0.20353687020353686,0.20600000000000004,0.1301301301301301,0.29362696029362695,-8.223275655369946,-8.682373127065595
2021-07-07,bb7,0.904,1.0,0.19019019019019015,0.44375007143209205,0.13199999999999998,0.08341675008341676,0.2002002002002002,0.19866666666666669,0.1301301301301301,0.29362696029362695,-8.162722349422856,-8.578273307232884
2021-07-08,student,0.907,1.0,0.1868535201868535,-2.18474584359174,0.16466666666666668,0.08667000333666999,0.2002002002002002,0.24433333333333332,0.13338338338338337,0.29362696029362695,-8.362885105240446,-8.822388510775548
2021-07-09,bb7,0.912,1.0,0.1868535201868535,-3.0314734580270652,0.13333333333333333,0.08341675008341676,0.20028361695028354,0.20333333333333334,0.13338338338338337,0.2969636302969636,-8.430677877641331,-8.900808703566163
2021-07-12,bb7,0.884,0.997,0.1868535201868535,-3.227383710939062,0.13333333333333333,0.08675342008675342,0.20687354020687354,0.19866666666666669,0.13338338338338337,0.29704704704704693,-8.339358645930643,-8.863564871749162
2021-07-13,student,0.877,0.997,0.1868535201868535,-2.7575242220345206,0.1376666666666667,0.08675342008675342,0.20353687020353686,0.20433333333333334,0.13338338338338337,0.2969636302969636,-8.413423935962788,-8.953301319570347
2021-07-14,student,0.866,0.997,0.1868535201868535,-2.258751158129225,0.141,0.08675342008675342,0.20353687020353686,0.2073333333333333,0.13338338338338337,0.2969636302969636,-8.199663819483897,-8.718304434183299
2021-07-15,bb7,0.903,1.0,0.1868535201868535,-2.283174521291963,0.115,0.08667000333666999,0.2002002002002002,0.17066666666666666,0.1301301301301301,0.29362696029362695,-8.050560444169212,-8.53752334697957
2021-07-16,student,0.876,0.997,0.1868535201868535,-3.1490705057826025,0.14366666666666666,0.08675342008675342,0.20353687020353686,0.221,0.13338338338338337,0.2969636302969636,-8.09038051688458,-8.627385282166237
2021-07-19,bb7,0.907,1.0,0.19019019019019015,-4.6407530020090375,0.12566666666666668,0.08667000333666999,0.2002002002002002,0.206,0.1334668001334668,0.30363697030363695,-8.037333547581335,-8.538125670334855
2021-07-20,bb7,0.914,1.0,0.1868535201868535,-2.290081300961803,0.12766666666666668,0.08667000333666999,0.2002002002002002,0.21933333333333338,0.1334668001334668,0.3037203870537203,-8.45761844395989,-8.991791711600657
2021-07-22,bb7,0.92,1.0,0.19352686019352683,-2.4652358917073927,0.13399999999999998,0.08675342008675341,0.20353687020353686,0.20366666666666666,0.13338338338338337,0.2937103770437103,-8.37309493613209,-8.842293579027201
2021-07-23,bb7,0.92,1.0,0.1968635301968635,-1.0960417659251978,0.14066666666666666,0.08667000333666999,0.20353687020353686,0.211,0.1334668001334668,0.2969636302969636,-8.430881095322038,-8.88067852063042
2021-07-26,bb7,0.923,1.0,0.19352686019352683,-1.5466418420419976,0.14066666666666666,0.08675342008675341,0.20353687020353686,0.2006666666666667,0.1334668001334668,0.2969636302969636,-8.112957371410563,-8.542299658157468
2021-07-27,bb7,0.938,1.0,0.19352686019352683,-1.3894081717032278,0.14066666666666666,0.08675342008675341,0.20353687020353686,0.21233333333333335,0.1334668001334668,0.2969636302969636,-8.244612871162488,-8.692745451180967
2021-07-28,bb7,0.985,1.0,0.19352686019352683,-2.259592760545515,0.13499999999999998,0.08667000333666999,0.20353687020353686,0.19800000000000004,0.13338338338338337,0.2969636302969636,-8.207126292430617,-8.689253065594574
2021-07-29,student,0.907,1.0,0.1868535201868535,-0.9960508040115152,0.157,0.08667000333666999,0.20353687020353686,0.217,0.13338338338338337,0.2969636302969636,-8.20819909038022,-8.722778686773013
2021-07-30,student,0.983,1.0,0.19352686019352683,-1.7110278346412051,0.149,0.08675342008675341,0.20353687020353686,0.227,0.13346680013346682,0.3069736403069736,-8.350643796350724,-8.946557236184457
2021-08-02,student,0.932,1.0,0.19352686019352683,-0.5974069125002227,0.158,0.08675342008675341,0.20353687020353686,0.23233333333333336,0.1334668001334668,0.3069736403069736,-8.29762837772192,-8.843142061706992
2021-08-03,student,0.93,1.0,0.19352686019352683,2.19197880869617,0.15066666666666667,0.08675342008675341,0.20353687020353686,0.22666666666666666,0.1334668001334668,0.3069736403069736,-8.338331306846328,-8.894592784823686
2021-08-04,student,0.985,1.0,0.19352686019352683,2.671528178869657,0.147,0.08675342008675341,0.20353687020353686,0.23266666666666666,0.13346680013346682,0.3069736403069736,-8.558845818563691,-9.154524229963352
2021-08-05,bb7,0.987,1.0,0.19352686019352683,1.670264292928865,0.12999999999999998,0.08667000333666999,0.2036202869536202,0.19633333333333333,0.13346680013346682,0.3069736403069736,-8.83447544164827,-9.478784329003556
2021-08-06,student,0.989,1.0,0.19352686019352683,1.8318073929264627,0.15566666666666665,0.08667000333666999,0.20353687020353686,0.24333333333333332,0.1334668001334668,0.3069736403069736,-8.815495720309652,-9.478509071352583
2021-08-09,bb7,0.993,1.0,0.19019019019019015,2.2954310434909324,0.13666666666666666,0.08667000333666999,0.20353687020353686,0.2153333333333333,0.13338338338338337,0.3069736403069736,-8.736487516471978,-9.414342070636765
2021-08-10,bb7,0.994,1.0,0.19352686019352683,1.59072490312192,0.14133333333333334,0.08667000333666999,0.2036202869536202,0.20366666666666666,0.1334668001334668,0.30363697030363695,-8.570491611931129,-9.198289135060259
2021-08-11,bb7,0.988,1.0,0.19352686019352683,2.4995265535499875,0.13666666666666666,0.08667000333666999,0.20353687020353686,0.21566666666666667,0.13338338338338337,0.30363697030363695,-8.454531366153548,-9.100358721965023
2021-08-12,bb7,0.939,1.0,0.19352686019352683,1.9716872454134875,0.131,0.08341675008341676,0.20353687020353686,0.2093333333333333,0.1301301301301301,0.3037203870537203,-8.530295025217745,-9.152510355362603
2021-08-13,bb7,0.99,1.0,0.19352686019352683,3.3538629662851305,0.13666666666666666,0.08341675008341676,0.20353687020353686,0.20766666666666667,0.1334668001334668,0.30363697030363695,-8.604864496523973,-9.2952779557508
2021-08-16,student,0.992,1.0,0.19352686019352683,2.0613846209472153,0.14833333333333334,0.08667000333666999,0.20353687020353686,0.231,0.1334668001334668,0.30363697030363695,-8.39857589164803,-9.033414929659159
2021-08-17,bb7,0.992,1.0,0.19352686019352683,0.3288062257481725,0.142,0.08667000333666999,0.20353687020353686,0.213,0.1334668001334668,0.30363697030363695,-8.376842357452547,-9.01082263475996
2021-08-18,student,0.944,1.0,0.19352686019352683,-0.1664301707899571,0.15,0.08341675008341676,0.20353687020353686,0.23066666666666666,0.1334668001334668,0.30363697030363695,-8.318581847152494,-8.894172832148838
2021-08-20,student,0.993,1.0,0.19352686019352683,0.3070781157517598,0.14533333333333334,0.08341675008341676,0.20353687020353686,0.22199999999999998,0.1301301301301301,0.30038371705038364,-8.483223615524254,-9.120900962032337
2021-08-23,bb7,0.991,1.0,0.19352686019352683,0.38234201777130994,0.13266666666666668,0.08341675008341676,0.20353687020353686,0.20766666666666667,0.1301301301301301,0.30030030030030025,-8.223561059793967,-8.843132483689637
2021-08-24,bb7,0.991,1.0,0.19352686019352683,0.8164503817904996,0.13466666666666668,0.08341675008341676,0.20353687020353686,0.2273333333333333,0.13680347013680347,0.31039372706039364,-8.02058571335553,-8.611131915554214
2021-08-25,bb7,0.991,1.0,0.19352686019352683,2.022401521742262,0.13166666666666665,0.08341675008341676,0.20353687020353686,0.22766666666666666,0.13346680013346682,0.307057057057057,-7.993643222626869,-8.584551116695453
2021-08-26,bb7,0.976,1.0,0.19352686019352683,1.4744835326119974,0.142,0.08675342008675342,0.2036202869536202,0.2223333333333333,0.13680347013680347,0.3069736403069736,-7.874529361240862,-8.439642400930914
2021-08-27,bb7,0.974,1.0,0.19352686019352683,0.5151982398657948,0.12166666666666666,0.08675342008675342,0.2036202869536202,0.18699999999999997,0.13680347013680347,0.3069736403069736,-7.684347438753015,-8.229208856867208
2021-08-30,bb7,0.99,1.0,0.19352686019352683,0.8014122587781748,0.127,0.08675342008675342,0.20353687020353686,0.18933333333333335,0.13680347013680347,0.30363697030363695,-7.6436179624866805,-8.204329163402454
2021-08-31,bb7,0.986,1.0,0.19352686019352683,1.6059617102622723,0.13333333333333333,0.08675342008675342,0.20353687020353686,0.21566666666666667,0.13680347013680347,0.3038038038038036,-7.776160899397395,-8.352547159127928
2021-09-01,student,0.982,1.0,0.19352686019352683,1.7415771937745474,0.15133333333333335,0.08675342008675342,0.2036202869536202,0.2193333333333333,0.13680347013680347,0.30363697030363695,-7.872971206884827,-8.499824696683401
2021-09-02,bb7,0.982,1.0,0.19352686019352683,2.9090729049709703,0.13999999999999999,0.08675342008675342,0.20687354020687354,0.223,0.13680347013680347,0.30038371705038364,-7.752589993122374,-8.340424532149713
2021-09-03,bb7,0.982,1.0,0.19352686019352683,3.4473217258102107,0.14233333333333334,0.08675342008675342,0.20687354020687354,0.20866666666666667,0.13672005338672005,0.30030030030030025,-8.509861396526963,-9.127234739397009
2021-09-06,bb7,0.982,1.0,0.19352686019352683,4.299715167473392,0.13066666666666668,0.08675342008675342,0.20687354020687354,0.19633333333333333,0.13680347013680347,0.30030030030030025,-8.348249734810139,-9.015578549206403
2021-09-07,bb7,0.982,1.0,0.19352686019352683,3.0980793180439,0.129,0.08675342008675342,0.20687354020687354,0.18533333333333335,0.13680347013680347,0.30030030030030025,-8.11287873965105,-8.764456084668385
2021-09-08,bb7,0.98,1.0,0.1968635301968635,2.641746074751905,0.14033333333333334,0.08675342008675342,0.20687354020687354,0.22166666666666668,0.13680347013680347,0.30030030030030025,-7.845035559008564,-8.460198600889825
2021-09-09,bb7,0.982,1.0,0.1968635301968635,3.3237964472272825,0.146,0.08675342008675342,0.2036202869536202,0.22433333333333336,0.13680347013680347,0.30030030030030025,-7.826910209129482,-8.420221387911749
2021-09-13,student,0.971,1.0,0.19352686019352683,3.2668846851936926,0.156,0.08675342008675342,0.2036202869536202,0.23766666666666666,0.13680347013680347,0.297047047047047,-7.698150214687423,-8.363039642807996
2021-09-14,student,0.933,1.0,0.19352686019352683,2.2960003906667428,0.14566666666666667,0.08675342008675342,0.20687354020687354,0.22699999999999998,0.1301301301301301,0.2969636302969636,-7.553229702676683,-8.057889696326564
2021-09-15,student,0.902,0.999,0.1868535201868535,3.62115802870023,0.14633333333333334,0.08675342008675342,0.20687354020687354,0.2253333333333333,0.13346680013346682,0.30363697030363695,-7.336040165279131,-7.8641834860475575
2021-09-16,student,0.929,1.0,0.18351685018351682,3.927330155590518,0.13899999999999998,0.08675342008675342,0.2036202869536202,0.20033333333333334,0.1334668001334668,0.30363697030363695,-7.432726746089415,-7.95847463561087
2021-09-17,bb7,0.916,1.0,0.1968635301968635,1.9810274612298653,0.14433333333333334,0.08675342008675342,0.2036202869536202,0.22066666666666665,0.13346680013346682,0.30363697030363695,-7.45518775137732,-7.977246915396608
2021-09-20,bb7,0.935,1.0,0.1968635301968635,0.747485013331328,0.145,0.08675342008675342,0.20353687020353686,0.20966666666666667,0.1301301301301301,0.29362696029362695,-7.403784814747776,-7.9084319099972475
2021-09-21,bb7,0.932,1.0,0.20020020020020016,0.9323508500413475,0.13799999999999998,0.08675342008675342,0.20353687020353686,0.21266666666666667,0.1301301301301301,0.29362696029362695,-7.231682159644127,-7.707083232631326
2021-09-22,bb7,0.938,1.0,0.20020020020020016,2.0544303794626875,0.13033333333333333,0.08675342008675342,0.20353687020353686,0.18699999999999997,0.1301301301301301,0.29362696029362695,-7.132536579154876,-7.585294154367607
2021-09-23,bb7,0.938,1.0,0.1968635301968635,3.727382667346275,0.13333333333333333,0.08675342008675342,0.20353687020353686,0.20566666666666666,0.1301301301301301,0.29362696029362695,-7.067965057978527,-7.5263953229760325
2021-09-24,bb7,0.935,1.0,0.1968635301968635,2.4941528924862877,0.14133333333333334,0.08675342008675342,0.2036202869536202,0.21533333333333338,0.1301301301301301,0.29362696029362695,-6.999519423024259,-7.451123061053689
2021-09-27,bb7,0.938,1.0,0.1968635301968635,2.918744916756325,0.14666666666666667,0.08675342008675342,0.2036202869536202,0.23366666666666666,0.13346680013346682,0.30030030030030025,-6.91193200229383,-7.339052353376579
2021-09-28,bb7,0.942,1.0,0.1968635301968635,2.165612603925185,0.13533333333333333,0.08675342008675342,0.20353687020353686,0.209,0.13346680013346682,0.30363697030363695,-6.890008271124361,-7.358763542340846
2021-09-29,student,0.913,1.0,0.1968635301968635,1.2111148123278874,0.156,0.08675342008675342,0.20353687020353686,0.2233333333333333,0.1301301301301301,0.29362696029362695,-6.887387414753235,-7.265892272369959
2021-09-30,bb7,0.939,1.0,0.1968635301968635,0.09127188792418456,0.13233333333333333,0.08675342008675342,0.20353687020353686,0.21766666666666667,0.1301301301301301,0.29362696029362695,-7.125026722259508,-7.525073139714635
2021-10-01,bb7,0.927,1.0,0.1968635301968635,1.2324218547874048,0.141,0.08675342008675342,0.20353687020353686,0.21200000000000005,0.1301301301301301,0.29362696029362695,-7.197613391539478,-7.59468018145267
2021-10-04,student,0.961,1.0,0.1968635301968635,3.61499590606238,0.15,0.08675342008675342,0.20353687020353686,0.22,0.13346680013346682,0.30363697030363695,-8.01943389044388,-8.477425819069861
2021-10-05,student,0.988,1.0,0.1968635301968635,3.446056244201535,0.147,0.08675342008675342,0.20353687020353686,0.23299999999999998,0.13346680013346682,0.30030030030030025,-7.842328648662983,-8.294930518923
2021-10-06,bb7,0.933,1.0,0.1968635301968635,1.4939568471940725,0.13366666666666666,0.08675342008675342,0.20353687020353686,0.20299999999999999,0.13346680013346682,0.2969636302969636,-7.240789016173681,-7.622736464036432
2021-10-07,bb7,0.938,1.0,0.19352686019352683,2.607861544165915,0.13966666666666666,0.08675342008675342,0.20353687020353686,0.213,0.13346680013346682,0.30030030030030025,-7.388543010753717,-7.788360931350291
2021-10-08,bb7,0.901,1.0,0.19352686019352683,4.046966168761335,0.13999999999999999,0.08675342008675342,0.20353687020353686,0.20966666666666667,0.13680347013680347,0.30363697030363695,-7.7503904794884235,-8.287645329022691
2021-10-11,bb7,0.861,1.0,0.19352686019352683,5.842969693197196,0.13899999999999998,0.09000667334000666,0.2036202869536202,0.2183333333333333,0.13680347013680347,0.30363697030363695,-7.787909680799446,-8.397793211304968
2021-10-12,student,0.875,1.0,0.19352686019352683,7.716267547808758,0.15066666666666667,0.08675342008675342,0.20353687020353686,0.23333333333333336,0.13672005338672005,0.30030030030030025,-7.529214822416108,-8.016229401495224
2021-10-13,student,0.973,1.0,0.19352686019352683,11.751640336846602,0.147,0.09000667334000666,0.20353687020353686,0.21766666666666665,0.13672005338672005,0.3003003003003003,-7.711277300125467,-8.251461386526943
2021-10-14,bb7,0.897,1.0,0.1968635301968635,12.118245283330905,0.143,0.08675342008675342,0.20353687020353686,0.21266666666666664,0.13680347013680347,0.3003837170503836,-7.397154984864922,-7.932868883497593
2021-10-18,bb7,0.939,1.0,0.1968635301968635,14.424835717405067,0.13666666666666666,0.08675342008675342,0.20353687020353686,0.21066666666666667,0.13680347013680347,0.297047047047047,-7.382582226685973,-7.889012807907291
2021-10-19,bb7,0.886,1.0,0.19352686019352683,10.606955034925928,0.13699999999999998,0.09000667334000666,0.20353687020353686,0.21299999999999997,0.13672005338672005,0.30030030030030025,-7.1772858289304375,-7.621555299760177
2021-10-20,bb7,0.941,1.0,0.19352686019352683,9.791151634377465,0.13566666666666666,0.08675342008675342,0.20353687020353686,0.2046666666666667,0.13672005338672005,0.29704704704704693,-7.176964971355805,-7.612893080320235
2021-10-21,bb7,0.941,1.0,0.1968635301968635,11.540590809997099,0.14133333333333334,0.08675342008675342,0.2036202869536202,0.21933333333333335,0.13680347013680347,0.30030030030030025,-7.477401016226537,-7.980233035205687
2021-10-22,student,0.935,1.0,0.1968635301968635,7.298920555623191,0.14733333333333332,0.08675342008675342,0.20353687020353686,0.22,0.13346680013346682,0.30038371705038364,-7.896300563559678,-8.357059371819394
2021-10-25,bb7,0.941,1.0,0.19352686019352683,6.112577328402627,0.13766666666666666,0.08675342008675342,0.20353687020353686,0.20566666666666666,0.13346680013346682,0.3003003003003003,-7.963937908736407,-8.42230129549704
2021-10-26,bb7,0.992,1.0,0.1968635301968635,5.7599451796609245,0.12999999999999998,0.09009009009009007,0.20353687020353686,0.20866666666666667,0.1334668001334668,0.30030030030030025,-8.578618025739052,-9.080130086302693
2021-10-27,bb7,0.993,1.0,0.1968635301968635,4.264521164499194,0.11499999999999999,0.09009009009009007,0.20353687020353686,0.18133333333333335,0.13680347013680347,0.30030030030030025,-8.637023184792394,-9.210751315957067
2021-10-28,student,0.993,1.0,0.2002002002002002,-2.5675333198379557,0.159,0.08675342008675342,0.20028361695028354,0.24,0.13672005338672005,0.30030030030030025,-11.106133596372796,-11.824435019533444
2021-10-29,bb7,0.994,1.0,0.20353687020353686,-3.006651929095173,0.14433333333333334,0.08675342008675342,0.20353687020353686,0.21866666666666668,0.13346680013346682,0.30030030030030025,-10.713057798465355,-11.38856766701994
2021-11-01,bb7,0.963,1.0,0.20353687020353686,-3.71157529678176,0.129,0.08675342008675342,0.2002002002002002,0.18666666666666668,0.1301301301301301,0.2903737070403736,-10.221455433464117,-10.792713739536566
2021-11-02,bb7,0.968,1.0,0.20353687020353686,-0.714030487553635,0.14166666666666666,0.08675342008675342,0.20353687020353686,0.22699999999999998,0.1301301301301301,0.2903737070403736,-11.214519249353854,-11.86011810977251
2021-11-03,student,0.963,1.0,0.1968635301968635,-0.4915416772034173,0.152,0.08675342008675342,0.20353687020353686,0.21533333333333335,0.1301301301301301,0.29362696029362695,-10.988346619159769,-11.64825004825043
2021-11-04,bb7,0.95,1.0,0.1968635301968635,-0.0969368920530449,0.12833333333333333,0.08675342008675342,0.20353687020353686,0.19766666666666666,0.1301301301301301,0.29037370704037363,-10.987283668278117,-11.621878496950833
2021-11-08,bb7,0.991,1.0,0.20353687020353686,1.920853350843613,0.15033333333333335,0.08675342008675342,0.2002002002002002,0.22533333333333336,0.1334668001334668,0.297047047047047,-11.120791331012823,-11.896901722657667
2021-11-09,bb7,0.99,1.0,0.20353687020353686,3.2249174183632623,0.14566666666666667,0.08675342008675342,0.20353687020353686,0.2353333333333333,0.1334668001334668,0.297047047047047,-10.827405835859006,-11.521400172125198
2021-11-10,bb7,0.99,1.0,0.21021021021021022,0.8242629607461431,0.14166666666666666,0.08675342008675342,0.20353687020353686,0.22033333333333335,0.1334668001334668,0.297047047047047,-10.837808204196113,-11.546789413300123
2021-11-11,bb7,0.989,1.0,0.20687354020687354,-0.33793694026266685,0.14766666666666667,0.08675342008675342,0.20028361695028354,0.20533333333333337,0.1334668001334668,0.2969636302969636,-10.619634193015614,-11.301769994365582
2021-11-12,bb7,0.989,1.0,0.20687354020687354,3.064413871454213,0.15166666666666667,0.08675342008675342,0.20353687020353686,0.22766666666666668,0.1334668001334668,0.29696363029696365,-10.875351332533453,-11.572302708426061
2021-11-15,bb7,0.953,1.0,0.20353687020353686,3.3743265406539225,0.14233333333333334,0.08675342008675342,0.20353687020353686,0.219,0.1301301301301301,0.2870370370370369,-10.399034611050759,-11.050129303084425
2021-11-16,bb7,0.957,1.0,0.20353687020353686,1.95746210681079,0.14333333333333334,0.08675342008675342,0.20028361695028354,0.21166666666666667,0.1300467133800467,0.29029029029029024,-10.272351743838753,-10.869745437983386
2021-11-17,bb7,0.96,1.0,0.20020020020020016,1.9204974613473176,0.13433333333333333,0.08675342008675342,0.2002002002002002,0.19733333333333336,0.1300467133800467,0.29029029029029024,-9.90573144488472,-10.475522061487013
2021-11-18,bb7,0.956,1.0,0.20020020020020016,1.0709059072630527,0.13366666666666666,0.08675342008675342,0.2002002002002002,0.18966666666666665,0.1300467133800467,0.29029029029029024,-9.641165340075734,-10.194281411220915
2021-11-22,bb7,0.995,1.0,0.20020020020020016,-1.9772730276882624,0.144,0.08675342008675341,0.2002002002002002,0.21666666666666667,0.1300467133800467,0.29029029029029024,-9.653700559186658,-10.210627921185264
2021-11-23,bb7,0.939,1.0,0.20020020020020016,-2.1813637375079598,0.14,0.08675342008675341,0.2002002002002002,0.21,0.1300467133800467,0.29029029029029024,-9.2109529666714,-9.743054446886866
2021-11-24,student,0.942,1.0,0.1968635301968635,-4.076423737955217,0.15433333333333332,0.08675342008675342,0.20353687020353686,0.222,0.1300467133800467,0.29029029029029024,-9.073651522936172,-9.645460124896948
2021-11-25,bb7,0.939,1.0,0.1968635301968635,-3.3594699438316296,0.142,0.08675342008675342,0.20353687020353686,0.20433333333333334,0.1300467133800467,0.29029029029029024,-8.864360309146031,-9.392417815175081
2021-11-26,bb7,0.837,0.997,0.20020020020020016,-5.285597435384995,0.13266666666666665,0.09009009009009007,0.20687354020687354,0.19000000000000003,0.13680347013680347,0.30030030030030025,-8.880940054558843,-9.453454687870748
2021-11-29,bb7,0.99,1.0,0.19019019019019015,-6.730074531252717,0.13133333333333333,0.08675342008675341,0.20028361695028354,0.19433333333333336,0.1300467133800467,0.29029029029029024,-8.042887905003703,-8.572822210190512
2021-11-30,bb7,0.86,0.996,0.1868535201868535,-7.006754665423614,0.13233333333333333,0.08675342008675342,0.2002002002002002,0.20299999999999999,0.1301301301301301,0.29029029029029024,-7.8791606207453,-8.381100984942286
2021-12-01,bb7,0.983,1.0,0.19019019019019015,-4.978295384585376,0.13599999999999998,0.08675342008675342,0.2002002002002002,0.19499999999999998,0.1301301301301301,0.2870370370370369,-8.036547538223562,-8.513465009237617
2021-12-02,student,0.923,1.0,0.20020020020020016,-4.2524618052728975,0.15133333333333335,0.08675342008675342,0.2068735402068735,0.224,0.13680347013680347,0.30030030030030025,-8.48132778820991,-8.973383778793933
2021-12-03,student,0.916,1.0,0.20020020020020016,-4.276392917182695,0.153,0.08675342008675342,0.2036202869536202,0.21833333333333335,0.1334668001334668,0.2969636302969636,-8.557899074938982,-9.076186398866174
2021-12-06,student,0.802,0.996,0.19352686019352683,-3.9018551999735145,0.14866666666666667,0.09000667334000666,0.2036202869536202,0.21366666666666664,0.13680347013680347,0.30030030030030025,-8.939355757208139,-9.463956147015356
2021-12-07,bb7,0.776,0.995,0.19352686019352683,-2.679952126327073,0.12766666666666668,0.09000667334000666,0.20353687020353686,0.19133333333333333,0.13680347013680347,0.30030030030030025,-8.835464798498794,-9.366612320864979
2021-12-08,student,0.823,0.996,0.19352686019352683,0.6551937340009153,0.1446666666666667,0.09000667334000666,0.20353687020353686,0.21133333333333335,0.13680347013680347,0.30030030030030025,-8.72244356171392,-9.21175110112473
2021-12-09,student,0.834,0.996,0.19352686019352683,0.4534509243583175,0.14766666666666667,0.08675342008675342,0.20353687020353686,0.2313333333333333,0.13680347013680347,0.30030030030030025,-8.747435504195668,-9.267484166766168
2021-12-10,bb7,0.899,0.998,0.1968635301968635,4.003455519917685,0.14566666666666667,0.09000667334000666,0.20687354020687354,0.21533333333333335,0.13680347013680347,0.30030030030030025,-9.487613704315093,-10.023986891579934
2021-12-13,bb7,0.852,0.996,0.1968635301968635,3.395172971409135,0.14666666666666667,0.09000667334000666,0.20687354020687354,0.22133333333333335,0.13680347013680347,0.30030030030030025,-9.295590728234655,-9.847421133617084
2021-12-14,bb7,0.782,0.995,0.20020020020020016,3.678675104956267,0.12000000000000001,0.08675342008675342,0.20353687020353686,0.19599999999999998,0.13680347013680347,0.30363697030363695,-9.089957498318178,-9.639756943403377
2021-12-15,bb7,0.879,0.996,0.20020020020020016,1.3665692792409871,0.12833333333333333,0.08675342008675342,0.20353687020353686,0.20233333333333334,0.13680347013680347,0.30363697030363695,-9.020456840178582,-9.535519724403962
2021-12-16,student,0.896,1.0,0.20020020020020016,0.42357621819403973,0.15733333333333335,0.08675342008675342,0.2068735402068735,0.22833333333333336,0.13680347013680347,0.3037203870537203,-8.721128598881482,-9.205061204009054
2021-12-17,bb7,0.763,0.996,0.20020020020020016,-0.8456172583601054,0.13833333333333334,0.08675342008675342,0.2068735402068735,0.22633333333333336,0.13680347013680347,0.30363697030363695,-8.524164050524147,-9.004003707655091
2021-12-20,bb7,0.842,0.998,0.19019019019019015,-0.9083330824338276,0.13099999999999998,0.08675342008675342,0.20687354020687354,0.19666666666666666,0.14014014014014012,0.31039372706039364,-8.935733733869379,-9.539641894729023
2021-12-21,bb7,0.85,1.0,0.19019019019019015,-2.283781690074272,0.13599999999999998,0.08675342008675342,0.20687354020687354,0.214,0.14339339339339338,0.31039372706039364,-9.01323755267078,-9.629859523456995
2021-12-22,student,0.85,0.996,0.1868535201868535,-2.7828129272275817,0.14166666666666666,0.08675342008675342,0.20687354020687354,0.218,0.14014014014014012,0.3137303970637303,-9.03733985268918,-9.663250586735874
2021-12-23,student,0.853,0.997,0.1868535201868535,-1.6516907688768516,0.146,0.09000667334000666,0.20687354020687354,0.23399999999999999,0.14339339339339338,0.3169836503169836,-8.871384757202875,-9.550319788419708
2021-12-24,bb7,0.852,0.997,0.1868535201868535,-2.328217680671149,0.13466666666666668,0.09009009009009007,0.20695695695695687,0.20966666666666667,0.14339339339339338,0.3169836503169836,-8.63891759046528,-9.286844635619735
2021-12-27,bb7,0.846,1.0,0.19019019019019015,-1.1743180153152721,0.12966666666666668,0.09009009009009007,0.21021021021021016,0.20466666666666666,0.14339339339339338,0.3169836503169836,-8.723319815860984,-9.390705948866863
2021-12-28,bb7,0.855,1.0,0.19019019019019015,-0.14722783296313668,0.13633333333333333,0.09009009009009007,0.21021021021021016,0.21733333333333335,0.14347681014347682,0.31364698031364696,-8.516722787930716,-9.11442441252723
2021-12-29,student,0.853,1.0,0.19019019019019015,-0.4881969774151397,0.15666666666666668,0.0900900900900901,0.21021021021021016,0.238,0.14339339339339338,0.31364698031364696,-8.440253048994851,-9.057311517078633
2021-12-30,bb7,0.847,0.999,0.19352686019352683,-0.8701684466965421,0.12433333333333334,0.0900900900900901,0.21021021021021016,0.20666666666666667,0.14339339339339338,0.31039372706039364,-8.337332645515907,-8.944655439479458
2021-12-31,bb7,0.877,0.999,0.20353687020353683,2.56181228401479,0.148,0.0900900900900901,0.21021021021021022,0.21666666666666667,0.14014014014014012,0.31031031031031026,-8.865300382109105,-9.49951362998145
2022-01-03,student,0.874,0.998,0.20353687020353683,6.194557933011618,0.15366666666666665,0.0900900900900901,0.21021021021021016,0.23366666666666666,0.14014014014014012,0.3103937270603936,-9.436425426702703,-10.090551589774295
2022-01-04,bb7,0.867,0.998,0.20353687020353683,6.48140982121888,0.12833333333333333,0.09000667334000666,0.20687354020687354,0.18733333333333332,0.13680347013680347,0.3069736403069736,-9.199554161924436,-9.818077519536894
2022-01-05,bb7,0.87,1.0,0.20353687020353683,4.674671591505398,0.13799999999999998,0.09000667334000666,0.21021021021021016,0.22466666666666668,0.13680347013680347,0.3069736403069736,-9.096894103410737,-9.736383477068438
2022-01-06,bb7,0.884,1.0,0.20353687020353683,2.8525299253723904,0.14433333333333334,0.09000667334000666,0.21021021021021016,0.21566666666666667,0.1400567233900567,0.307057057057057,-9.041015054325936,-9.668066089836763
2022-01-07,bb7,0.819,0.998,0.20353687020353683,3.6057865799116606,0.147,0.0900900900900901,0.21021021021021022,0.2253333333333333,0.1400567233900567,0.307057057057057,-8.789465955229444,-9.40478247237086
2022-01-10,bb7,0.837,1.0,0.20353687020353683,4.957634377887333,0.14666666666666667,0.0900900900900901,0.21021021021021022,0.22366666666666665,0.1400567233900567,0.30697364030697366,-8.535641738504626,-9.103537230015487
2022-01-11,bb7,0.825,0.997,0.20353687020353683,3.960707766737413,0.148,0.09000667334000666,0.20687354020687354,0.23066666666666666,0.14014014014014012,0.307057057057057,-8.35145334931069,-8.973392566731508
2022-01-12,bb7,0.876,0.998,0.20353687020353683,5.50634514937654,0.14166666666666666,0.08675342008675342,0.20695695695695687,0.209,0.14014014014014012,0.307057057057057,-8.225165849225672,-8.795074339179681
2022-01-13,student,0.872,1.0,0.20020020020020016,6.203844687303342,0.15566666666666665,0.09009009009009007,0.21021021021021022,0.23266666666666666,0.1400567233900567,0.307057057057057,-8.050730894998697,-8.591060318472966
2022-01-14,bb7,0.872,0.998,0.20020020020020016,4.442684049463095,0.14666666666666667,0.09000667334000666,0.21021021021021022,0.2273333333333333,0.1400567233900567,0.30697364030697366,-7.941283629620597,-8.44578451179593
2022-01-17,student,0.867,1.0,0.20020020020020016,4.366925253375642,0.15266666666666667,0.09000667334000666,0.20695695695695687,0.23900000000000002,0.14014014014014012,0.307057057057057,-7.927061708958765,-8.44785433078177
2022-01-18,bb7,0.864,1.0,0.20020020020020016,2.186329478127725,0.12733333333333333,0.09000667334000666,0.21021021021021016,0.18699999999999997,0.1400567233900567,0.30697364030697366,-7.983091303065413,-8.535581980938273
2022-01-19,bb7,0.85,1.0,0.20020020020020016,1.8809653920972047,0.14566666666666667,0.09000667334000666,0.21021021021021016,0.22333333333333336,0.13680347013680347,0.3037203870537203,-8.111061160561999,-8.693723859432101
2022-01-20,bb7,0.882,1.0,0.20020020020020016,1.0068739753916298,0.14933333333333332,0.0900900900900901,0.21021021021021022,0.219,0.13680347013680347,0.30363697030363695,-8.037922136327518,-8.624802356841085
2022-01-21,bb7,0.872,1.0,0.20020020020020016,-0.21149846012370999,0.12933333333333333,0.09009009009009007,0.20687354020687354,0.19433333333333333,0.13680347013680347,0.30363697030363695,-7.9656782856011015,-8.546451370441574
2022-01-24,bb7,0.837,0.997,0.20020020020020016,-4.655725152550665,0.126,0.09009009009009007,0.20687354020687354,0.21,0.1400567233900567,0.30363697030363695,-8.183440183303828,-8.78000817983042
2022-01-25,student,0.846,1.0,0.20020020020020016,-2.789088716046895,0.15333333333333332,0.09009009009009007,0.21021021021021022,0.22466666666666668,0.13680347013680347,0.30363697030363695,-7.86985946537509,-8.422757167844209
2022-01-27,student,0.824,0.998,0.20020020020020016,-3.7916930252415773,0.16033333333333336,0.09009009009009007,0.21021021021021022,0.23099999999999998,0.13680347013680347,0.30363697030363695,-7.565804935801197,-8.063215915131314
2022-01-28,bb7,0.842,0.999,0.20020020020020016,-4.474338990278568,0.136,0.09009009009009007,0.20695695695695687,0.206,0.13680347013680347,0.3037203870537203,-7.278940472118367,-7.765409381949342
2022-01-31,bb7,0.932,1.0,0.20020020020020016,-1.7939566003897927,0.14266666666666666,0.09009009009009007,0.20687354020687354,0.21866666666666668,0.13680347013680347,0.3069736403069736,-7.34597386747557,-7.853594599974858
2022-02-01,bb7,0.875,1.0,0.20020020020020016,-3.2819690553660448,0.12766666666666665,0.09000667334000666,0.20687354020687354,0.20400000000000004,0.1400567233900567,0.30363697030363695,-7.3371378797936435,-7.837341194802859
2022-02-02,bb7,0.903,1.0,0.20020020020020016,-0.8850793315471744,0.13866666666666666,0.09000667334000666,0.20687354020687354,0.207,0.1400567233900567,0.30363697030363695,-7.384221199884508,-7.836733578984001
2022-02-03,bb7,0.897,1.0,0.20353687020353683,-1.5566793949321518,0.146,0.09000667334000666,0.20687354020687354,0.23199999999999998,0.13680347013680347,0.30363697030363695,-7.716403090670286,-8.21328799337111
2022-02-04,student,0.887,1.0,0.1968635301968635,-0.5040827378458421,0.15066666666666667,0.0900900900900901,0.20695695695695687,0.216,0.1400567233900567,0.3037203870537203,-7.757920468037897,-8.260062498314719
2022-02-07,student,0.912,1.0,0.1968635301968635,-0.6385587322810244,0.15333333333333335,0.09000667334000666,0.21021021021021022,0.22166666666666668,0.14014014014014012,0.3069736403069736,-8.141559529836258,-8.641433260662197
2022-02-08,bb7,0.902,1.0,0.1968635301968635,2.0459388881438123,0.12966666666666668,0.0900900900900901,0.21021021021021022,0.20166666666666666,0.14014014014014012,0.31031031031031026,-8.42853972457083,-8.974498670665325
2022-02-09,student,0.91,1.0,0.1968635301968635,1.201001956056658,0.15066666666666667,0.0900900900900901,0.21029362696029355,0.22899999999999998,0.14014014014014012,0.31031031031031026,-8.56702233260057,-9.06056565472199
2022-02-10,bb7,0.879,1.0,0.1968635301968635,2.3802599968950977,0.13366666666666666,0.0900900900900901,0.20687354020687354,0.22033333333333335,0.14014014014014012,0.307057057057057,-8.481941529925567,-9.011879627025113
2022-02-11,bb7,0.878,1.0,0.1968635301968635,0.6043034338142552,0.13433333333333333,0.0900900900900901,0.21021021021021022,0.19866666666666666,0.14014014014014012,0.307057057057057,-8.282698247876517,-8.827232800493823
2022-02-14,bb7,0.895,1.0,0.1968635301968635,-5.409175193530619,0.12999999999999998,0.0900900900900901,0.20687354020687354,0.21633333333333335,0.14014014014014012,0.30697364030697366,-8.345358862356651,-8.867714417177359
2022-02-15,bb7,0.901,1.0,0.1968635301968635,-1.0202552562196425,0.12633333333333333,0.08675342008675342,0.20687354020687354,0.20433333333333334,0.1400567233900567,0.3069736403069736,-8.358135105127271,-8.879336990067916
2022-02-16,student,0.935,1.0,0.1968635301968635,-2.7017749236138897,0.15033333333333332,0.08675342008675342,0.20687354020687354,0.233,0.14014014014014012,0.30697364030697366,-8.178478507675809,-8.702593975721072
2022-02-17,bb7,0.941,1.0,0.1968635301968635,-1.6123513931367948,0.13666666666666666,0.08675342008675342,0.20687354020687354,0.205,0.14014014014014012,0.30697364030697366,-8.198971537330063,-8.6757988795645
2022-02-18,bb7,0.951,1.0,0.1968635301968635,-1.5230137342457992,0.13733333333333334,0.08675342008675342,0.20687354020687354,0.21866666666666665,0.14014014014014012,0.3069736403069736,-8.048240114666212,-8.556870706865618
2022-02-21,bb7,0.975,1.0,0.1968635301968635,-0.3951406585693796,0.14433333333333334,0.09000667334000666,0.20687354020687354,0.21133333333333335,0.14014014014014012,0.307057057057057,-8.068905923756008,-8.563685307886654
2022-02-22,student,0.96,1.0,0.19686353019686353,-2.038425812730584,0.14733333333333334,0.08675342008675342,0.20687354020687354,0.22733333333333336,0.14014014014014012,0.30697364030697366,-8.142219906058992,-8.683522856055738
2022-02-23,bb7,0.954,1.0,0.19686353019686353,-3.118265274462322,0.14533333333333334,0.08675342008675342,0.20687354020687354,0.2253333333333333,0.14014014014014012,0.3069736403069736,-8.018143689244264,-8.548189330707872
2022-02-24,bb7,0.949,1.0,0.19686353019686353,-10.196732490184031,0.145,0.09000667334000666,0.20687354020687354,0.221,0.13346680013346682,0.30030030030030025,-7.940151053891099,-8.477178954346185
2022-02-25,bb7,0.957,1.0,0.19686353019686353,-5.723089147726638,0.142,0.0900900900900901,0.20687354020687354,0.20099999999999998,0.13672005338672005,0.30363697030363695,-8.241710777771784,-8.849186686790818
2022-02-28,bb7,0.939,1.0,0.2002002002002002,-2.014388397279569,0.14966666666666667,0.0900900900900901,0.21021021021021022,0.231,0.13672005338672005,0.3069736403069736,-9.645489855534677,-10.348529817018818
2022-03-02,bb7,0.941,1.0,0.2002002002002002,-7.602748467144529,0.14033333333333334,0.09334334334334334,0.21029362696029355,0.21366666666666667,0.13672005338672005,0.3069736403069736,-10.4136928649492,-11.09477355753387
2022-03-03,bb7,0.945,1.0,0.2002002002002002,-8.20517575574525,0.143,0.09334334334334334,0.21354688021354687,0.217,0.13680347013680347,0.3037203870537203,-10.267434408329644,-10.904292874885156
2022-03-04,student,0.939,1.0,0.2002002002002002,-10.493769622487283,0.15066666666666667,0.0900900900900901,0.21354688021354687,0.22133333333333335,0.13680347013680347,0.307057057057057,-9.803671928219563,-10.410081764704014
2022-03-07,bb7,0.941,1.0,0.2002002002002002,-13.407332714061354,0.15866666666666668,0.0900900900900901,0.21354688021354687,0.2373333333333333,0.13680347013680347,0.307057057057057,-9.390864244353757,-10.013390912678396
2022-03-08,bb7,0.949,1.0,0.2002002002002002,-12.991280742844706,0.144,0.0900900900900901,0.21354688021354687,0.21166666666666667,0.13680347013680347,0.3069736403069736,-8.913678439296111,-9.486775257157587
2022-03-09,bb7,0.922,1.0,0.2002002002002002,-8.638226824469815,0.15966666666666668,0.09342676009342675,0.21688355021688355,0.244,0.14673006339673006,0.3169836503169836,-8.769767158457475,-9.374656978472874
2022-03-10,bb7,0.938,1.0,0.1901901901901902,-5.409536090333646,0.14566666666666667,0.09334334334334334,0.21354688021354687,0.22166666666666668,0.14014014014014015,0.31031031031031026,-8.568618398639888,-9.1122284197942
2022-03-11,bb7,0.921,1.0,0.21021021021021022,0.45233830472054737,0.16566666666666666,0.09342676009342676,0.21688355021688355,0.2343333333333333,0.14681348014681347,0.32365699032365697,-10.762092364086111,-11.512564745351298
2022-03-14,bb7,0.949,1.0,0.21021021021021022,-1.2256479146358075,0.145,0.09334334334334334,0.2136302969636302,0.228,0.14681348014681347,0.32365699032365697,-11.644369086058836,-12.369314161745864
2022-03-15,bb7,0.951,1.0,0.20353687020353686,-2.0430730834626454,0.14166666666666666,0.09342676009342676,0.2136302969636302,0.218,0.14681348014681347,0.32365699032365697,-10.514877625914584,-11.267995620331702
2022-03-16,bb7,0.948,1.0,0.20353687020353686,1.3435982290774202,0.14733333333333332,0.09342676009342676,0.21688355021688355,0.22,0.14681348014681347,0.32365699032365697,-10.489413245134411,-11.249560509066866
2022-03-17,bb7,0.901,1.0,0.21021021021021022,3.5939627722266776,0.15366666666666667,0.09342676009342676,0.21354688021354684,0.22666666666666668,0.14014014014014015,0.3137303970637303,-10.825465367705881,-11.614157409637333
2022-03-21,bb7,0.935,1.0,0.21021021021021022,4.341503878772885,0.14633333333333334,0.09342676009342676,0.21354688021354687,0.21633333333333335,0.14014014014014012,0.31364698031364696,-10.9931000232506,-11.77768120300083
2022-03-22,bb7,0.939,1.0,0.21354688021354687,8.306543549712966,0.13733333333333334,0.09342676009342676,0.21354688021354687,0.213,0.14681348014681347,0.32040373707040365,-11.799436804442639,-12.637643696897081
2022-03-23,bb7,0.949,1.0,0.21354688021354687,7.037538539692608,0.14566666666666667,0.09342676009342676,0.21354688021354687,0.23366666666666666,0.14681348014681347,0.32040373707040365,-11.131492239704501,-11.905358580876023
2022-03-24,bb7,0.953,1.0,0.21354688021354687,4.101262806724117,0.155,0.09342676009342676,0.21354688021354687,0.2246666666666667,0.14014014014014015,0.31364698031364696,-10.760179546592791,-11.52458776681693
2022-03-25,bb7,0.957,1.0,0.21354688021354687,0.7272116424135575,0.14133333333333334,0.09342676009342676,0.21354688021354687,0.21566666666666667,0.14014014014014015,0.3137303970637303,-10.602199718891292,-11.319431929930825
2022-03-28,bb7,0.954,1.0,0.21354688021354687,1.4940505550368148,0.15066666666666664,0.09342676009342676,0.2136302969636302,0.22066666666666668,0.14014014014014015,0.31706706706706694,-10.18678304404182,-10.902331758749868
2022-03-29,bb7,0.953,1.0,0.21021021021021022,0.8488473225850024,0.151,0.09342676009342676,0.21688355021688355,0.2253333333333333,0.14014014014014015,0.32032032032032026,-10.129432287305448,-10.869298055740396
2022-03-30,bb7,0.952,1.0,0.21021021021021022,2.315144302414727,0.14533333333333334,0.09342676009342676,0.21354688021354687,0.22366666666666668,0.14339339339339338,0.32032032032032026,-10.022662760684343,-10.763909403127752
2022-03-31,bb7,0.947,1.0,0.21021021021021022,0.5006087149964373,0.15366666666666665,0.09342676009342676,0.21688355021688355,0.237,0.14339339339339338,0.31706706706706694,-9.898442921285445,-10.624256970135143
2022-04-01,bb7,0.94,1.0,0.21354688021354687,1.097301576754277,0.155,0.09342676009342676,0.21688355021688355,0.2323333333333333,0.14014014014014015,0.3169836503169836,-9.738871068078076,-10.43759545256178
2022-04-04,bb7,0.939,1.0,0.21354688021354687,3.4861268021896255,0.14533333333333334,0.09342676009342676,0.21688355021688355,0.21799999999999997,0.1434768101434768,0.317067067067067,-9.56105817254712,-10.22853104640844
2022-04-05,bb7,0.942,1.0,0.21021021021021022,3.1875478813860427,0.13033333333333333,0.09342676009342676,0.21688355021688355,0.18400000000000002,0.1434768101434768,0.317067067067067,-9.464547641539898,-10.072921134713845
2022-04-06,bb7,0.947,1.0,0.21021021021021022,3.697472167072525,0.1366666666666667,0.09342676009342676,0.21688355021688355,0.2103333333333333,0.1434768101434768,0.317067067067067,-9.191684473407513,-9.741496960899902
2022-04-07,bb7,0.929,1.0,0.21021021021021022,3.699107392841613,0.16966666666666666,0.09676343009676343,0.22022022022022023,0.23333333333333336,0.1434768101434768,0.32032032032032026,-8.85026719856213,-9.373219628298836
2022-04-08,bb7,0.93,1.0,0.2002002002002002,4.334737937255562,0.161,0.09342676009342676,0.2136302969636302,0.239,0.1434768101434768,0.317067067067067,-8.579918360303658,-9.108583249169685
2022-04-11,bb7,0.937,1.0,0.2002002002002002,2.7507994786388625,0.15966666666666668,0.09668001334668,0.2136302969636302,0.22866666666666666,0.1434768101434768,0.32032032032032026,-8.470506546285442,-9.02594354216578
2022-04-12,student,0.941,1.0,0.2002002002002002,0.9334145624675374,0.18266666666666667,0.09342676009342676,0.2136302969636302,0.25166666666666665,0.1434768101434768,0.317067067067067,-8.29163671146742,-8.83192909378549
2022-04-13,bb7,0.939,1.0,0.2002002002002002,0.39740292744011046,0.13433333333333333,0.09342676009342676,0.2136302969636302,0.21399999999999997,0.14347681014347682,0.317067067067067,-8.120797388275623,-8.670048637229138
2022-04-18,bb7,0.939,1.0,0.2002002002002002,-1.7294142813093303,0.15200000000000002,0.09342676009342676,0.21354688021354687,0.227,0.14347681014347682,0.317067067067067,-8.142228141192922,-8.716236166772644
2022-04-19,bb7,0.939,1.0,0.2002002002002002,-5.286345312769683,0.15066666666666664,0.09342676009342676,0.2136302969636302,0.226,0.14347681014347682,0.32032032032032026,-8.107038957798837,-8.6368652064657
2022-04-20,bb7,0.937,1.0,0.2002002002002002,-4.339839966573475,0.15333333333333332,0.09342676009342676,0.21688355021688355,0.225,0.15015015015015012,0.33033033033033027,-8.139508722100498,-8.68257345772093
2022-04-21,bb7,0.939,1.0,0.2002002002002002,-3.0322187500535343,0.16466666666666666,0.09342676009342676,0.2136302969636302,0.23666666666666666,0.15015015015015012,0.327077077077077,-8.209224218502943,-8.77098159122703
2022-04-22,bb7,0.948,1.0,0.2002002002002002,-5.371906874158768,0.13133333333333333,0.09342676009342676,0.2136302969636302,0.20000000000000004,0.15015015015015012,0.3269936603269937,-8.229869639389285,-8.77154797871654
2022-04-25,bb7,0.944,1.0,0.2002002002002002,-6.85581878695776,0.14033333333333334,0.09342676009342676,0.2136302969636302,0.21266666666666667,0.1500667334000667,0.327077077077077,-8.106854916988846,-8.71441796680332
2022-04-26,bb7,0.883,1.0,0.2002002002002002,-5.331486437703261,0.154,0.09342676009342676,0.2136302969636302,0.228,0.1434768101434768,0.317067067067067,-7.922799383523729,-8.461450849763313
2022-04-27,bb7,0.935,1.0,0.2002002002002002,-5.540195907766062,0.152,0.09342676009342676,0.2136302969636302,0.22966666666666666,0.15015015015015012,0.327077077077077,-8.136267496459503,-8.725623969888618
2022-04-28,student,0.939,1.0,0.2002002002002002,-1.5433162801923133,0.17033333333333334,0.09342676009342676,0.21688355021688355,0.25666666666666665,0.14347681014347682,0.317067067067067,-8.463996361526016,-9.052930110476005
2022-04-29,bb7,0.937,1.0,0.2002002002002002,-2.467511688613083,0.14533333333333334,0.09342676009342676,0.21688355021688355,0.22666666666666666,0.15015015015015012,0.33033033033033027,-8.338802566466999,-8.9638780058816
2022-05-02,bb7,0.938,1.0,0.2002002002002002,-1.6514244419962758,0.13533333333333333,0.09342676009342676,0.21354688021354687,0.21633333333333335,0.14681348014681347,0.3269936603269936,-9.470466472624077,-10.107610862830954
2022-05-04,bb7,0.958,1.0,0.19686353019686353,-1.4516211264365255,0.14766666666666667,0.09342676009342676,0.21354688021354687,0.22,0.1500667334000667,0.3269936603269937,-9.92618246298164,-10.625585971981
2022-05-05,bb7,0.934,1.0,0.19686353019686353,-2.3244271407087886,0.15633333333333332,0.09342676009342676,0.21354688021354687,0.23666666666666666,0.1500667334000667,0.3269936603269936,-9.748696473773807,-10.461445240360618
2022-05-06,bb7,0.955,1.0,0.19686353019686353,-5.6870048023740605,0.14333333333333334,0.09342676009342676,0.21354688021354687,0.22166666666666668,0.15015015015015012,0.3269936603269937,-9.499856252645207,-10.165822128426257
2022-05-09,bb7,0.942,1.0,0.2002002002002002,-3.6972596535714253,0.149,0.09342676009342676,0.21354688021354687,0.22399999999999998,0.14347681014347682,0.32032032032032026,-10.035250876488197,-10.742213306818696
2022-05-10,bb7,0.975,1.0,0.2002002002002002,-2.2530829005935806,0.14566666666666664,0.09668001334668,0.21354688021354687,0.224,0.14673006339673006,0.32032032032032026,-10.18506701560125,-10.83228979051103
2022-05-11,bb7,0.972,1.0,0.2002002002002002,-5.014719939038211,0.15566666666666665,0.09342676009342676,0.21354688021354687,0.2323333333333333,0.14673006339673006,0.32040373707040365,-9.944161836851272,-10.679695328123106
2022-05-12,bb7,0.97,1.0,0.2002002002002002,-6.211874209896715,0.13799999999999998,0.09668001334668,0.2136302969636302,0.21033333333333334,0.14673006339673006,0.32040373707040365,-9.840297046749109,-10.488312619171984
2022-05-13,student,0.957,1.0,0.2002002002002002,-7.0003392407997875,0.164,0.09676343009676343,0.21688355021688355,0.25166666666666665,0.14681348014681347,0.32365699032365697,-9.810770298007586,-10.458073999665798
2022-05-16,bb7,0.969,1.0,0.2002002002002002,-5.567144660287079,0.14600000000000002,0.09676343009676343,0.21688355021688355,0.211,0.14681348014681347,0.32365699032365697,-9.672211578144777,-10.337526584662976
2022-05-17,bb7,0.97,1.0,0.2002002002002002,-1.950965444471648,0.137,0.09676343009676343,0.21688355021688355,0.21966666666666668,0.14673006339673006,0.32365699032365697,-9.604974311921092,-10.254700294231174
2022-05-18,bb7,0.96,1.0,0.19686353019686353,-0.7422068843015647,0.161,0.09676343009676343,0.21688355021688355,0.2386666666666667,0.14347681014347682,0.32032032032032026,-10.008092748203403,-10.681775027682615
2022-05-19,bb7,0.957,1.0,0.19686353019686353,-4.9487895925884855,0.12566666666666668,0.09676343009676343,0.21688355021688355,0.20099999999999998,0.14673006339673006,0.32032032032032026,-9.770055858585922,-10.398566704429768
2022-05-20,student,0.952,1.0,0.19686353019686353,-0.0543447020003045,0.17600000000000002,0.09676343009676343,0.21688355021688355,0.25899999999999995,0.14681348014681347,0.32040373707040365,-10.209160350693512,-10.885774224665532
2022-05-23,bb7,0.929,1.0,0.19686353019686353,1.5109988439555546,0.15466666666666665,0.09676343009676343,0.21688355021688355,0.23166666666666666,0.14681348014681347,0.32365699032365697,-9.960512248346546,-10.657443767657046
2022-05-24,student,0.944,1.0,0.19686353019686353,0.9475550211156851,0.15233333333333332,0.09676343009676343,0.21696696696696688,0.236,0.14681348014681347,0.32040373707040365,-10.019623760978451,-10.662041145246942
2022-05-25,bb7,0.93,1.0,0.19686353019686353,0.5077183593222201,0.14466666666666667,0.09676343009676343,0.21688355021688355,0.22799999999999998,0.14681348014681347,0.32040373707040365,-9.713380899946644,-10.353550331990183
2022-05-26,bb7,0.939,1.0,0.19686353019686353,3.928589044348148,0.1413333333333333,0.09676343009676343,0.22022022022022023,0.207,0.15015015015015012,0.3269936603269937,-9.927201127165212,-10.554296058777135
2022-05-27,student,0.914,1.0,0.19686353019686353,4.017801515971428,0.165,0.1001001001001001,0.22022022022022023,0.252,0.15682349015682348,0.33375041708375036,-11.049842166932878,-11.747441799999825
2022-05-30,student,0.94,1.0,0.19686353019686353,5.6956716697542396,0.17933333333333334,0.1001001001001001,0.22022022022022023,0.2683333333333333,0.14681348014681347,0.32365699032365697,-10.356653119527797,-10.939284714149307
2022-05-31,student,0.932,1.0,0.19686353019686353,2.742960129636765,0.16766666666666666,0.09676343009676343,0.22022022022022023,0.23133333333333336,0.1434768101434768,0.307057057057057,-10.20747907375656,-10.79409209257697
2022-06-01,student,0.954,1.0,0.19686353019686353,2.59226999791761,0.16633333333333333,0.1001001001001001,0.22022022022022023,0.238,0.14681348014681347,0.3237404070737403,-9.998306394859021,-10.605805502141004
2022-06-02,student,0.935,1.0,0.2002002002002002,5.888036123948756,0.15466666666666665,0.1001001001001001,0.22022022022022023,0.22,0.1534868201534868,0.3203203203203203,-10.620159779861025,-11.160239877865271
2022-06-03,student,0.917,1.0,0.19686353019686353,2.3314440706982076,0.17500000000000002,0.1001001001001001,0.22030363697030356,0.26866666666666666,0.14681348014681347,0.31698365031698367,-10.815312485399474,-11.441853152911596
2022-06-06,bb7,0.949,1.0,0.2002002002002002,1.4029232467469097,0.14500000000000002,0.1001001001001001,0.22022022022022023,0.20733333333333334,0.14681348014681347,0.3137303970637303,-10.216232978089831,-10.749387675174162
2022-06-07,student,0.943,1.0,0.2002002002002002,1.3397148865595527,0.15333333333333332,0.1001001001001001,0.22030363697030356,0.23266666666666666,0.1534868201534868,0.32365699032365697,-10.533215975575466,-11.072612167553903
2022-06-08,student,0.95,1.0,0.19686353019686353,2.6948352882115048,0.14733333333333334,0.1001001001001001,0.22030363697030356,0.21400000000000005,0.14681348014681347,0.31364698031364696,-10.259861967378027,-10.855464618419786
2022-06-09,bb7,0.955,1.0,0.2002002002002002,1.2496511728695205,0.1396666666666667,0.1001001001001001,0.22355689022355688,0.21733333333333335,0.14681348014681347,0.31364698031364696,-9.993981465539841,-10.553535279563032
2022-06-10,student,0.948,1.0,0.2002002002002002,-1.3883184030893174,0.151,0.10001668335001669,0.22355689022355688,0.21533333333333335,0.14681348014681347,0.31364698031364696,-9.811071285464738,-10.36868232670939
2022-06-13,student,0.94,1.0,0.2002002002002002,-6.809195765496501,0.16533333333333333,0.1001001001001001,0.22355689022355688,0.24533333333333332,0.1500667334000667,0.327077077077077,-9.769134288188862,-10.400133593271374
2022-06-14,student,0.941,1.0,0.2002002002002002,-6.441629306486341,0.152,0.1001001001001001,0.22355689022355688,0.22399999999999998,0.15015015015015012,0.327077077077077,-9.447171634207422,-10.048499594113458
2022-06-15,student,0.961,1.0,0.2002002002002002,-5.267861876309721,0.16433333333333333,0.1001001001001001,0.22355689022355688,0.234,0.14681348014681347,0.3169836503169836,-9.343889450929455,-9.931286968289832
2022-06-16,student,0.915,1.0,0.19686353019686353,-7.5759488985025785,0.16766666666666666,0.1001001001001001,0.22355689022355688,0.24466666666666667,0.14681348014681347,0.32032032032032026,-9.372655611585065,-9.95752871128776
2022-06-17,student,0.921,1.0,0.19686353019686353,-8.07099433817383,0.161,0.1001001001001001,0.22355689022355688,0.25066666666666665,0.14681348014681347,0.317067067067067,-9.156547653785172,-9.698683519790425
2022-06-20,student,0.928,1.0,0.19686353019686353,-7.358751022821547,0.17966666666666667,0.1001001001001001,0.22355689022355688,0.24966666666666662,0.15348682015348683,0.3269936603269936,-8.861727609078788,-9.390865024853108
2022-06-21,bb7,0.901,1.0,0.19686353019686353,-3.8038804147940444,0.16966666666666672,0.1001001001001001,0.22355689022355688,0.2363333333333333,0.15348682015348683,0.333667000333667,-9.097751134146382,-9.658041160945988
2022-06-22,bb7,0.922,1.0,0.19686353019686353,-4.639132555955877,0.15,0.1001001001001001,0.22355689022355688,0.219,0.1534034034034034,0.333667000333667,-9.010525041714146,-9.559952357865036
2022-06-23,bb7,0.929,1.0,0.19686353019686353,-2.3388579524522424,0.15666666666666668,0.1001001001001001,0.22355689022355688,0.2243333333333333,0.1534034034034034,0.33041374708041366,-8.974997892151492,-9.530458325815463
2022-06-24,bb7,0.934,1.0,0.19686353019686353,-0.7718284143001144,0.16133333333333333,0.1001001001001001,0.22355689022355688,0.224,0.14681348014681347,0.32032032032032026,-8.937741778299653,-9.426481628947547
2022-06-27,bb7,0.922,1.0,0.20687354020687354,3.7750656818318205,0.15233333333333332,0.1001001001001001,0.22355689022355688,0.244,0.1534034034034034,0.3370036703370036,-10.171958969042858,-10.765272091225514
2022-06-28,bb7,0.934,1.0,0.20687354020687354,4.143746773962653,0.16033333333333333,0.1001001001001001,0.22355689022355688,0.24733333333333332,0.15015015015015015,0.33033033033033027,-9.732059396032554,-10.287528921748843
2022-06-29,bb7,0.954,1.0,0.21021021021021022,2.3006047211948104,0.14933333333333332,0.1001001001001001,0.22355689022355688,0.24333333333333332,0.15015015015015015,0.33041374708041366,-9.424723367112056,-9.953731613888802
2022-06-30,bb7,0.959,1.0,0.21021021021021022,4.600685206519651,0.146,0.1001001001001001,0.22355689022355688,0.21066666666666667,0.14681348014681347,0.31698365031698367,-9.823150127996131,-10.320058992122302
2022-07-01,bb7,0.97,1.0,0.20687354020687354,6.470370879343499,0.15466666666666665,0.1001001001001001,0.22355689022355688,0.221,0.14681348014681347,0.317067067067067,-9.44886497839042,-9.960308399510264
2022-07-04,bb7,0.948,1.0,0.20687354020687354,6.997556005628942,0.15833333333333333,0.1001001001001001,0.2236403069736402,0.2323333333333333,0.15340340340340342,0.33366700033366703,-9.444930509916958,-9.987070700659304
2022-07-05,bb7,0.957,1.0,0.20687354020687354,4.628345180263947,0.157,0.1001001001001001,0.2236403069736402,0.2253333333333333,0.15340340340340342,0.33366700033366703,-9.341613850059886,-9.893109786464095
2022-07-06,bb7,0.953,1.0,0.20687354020687354,7.254559632619892,0.14966666666666664,0.1001001001001001,0.22689356022689355,0.22633333333333336,0.15340340340340342,0.33366700033366703,-9.110275652827665,-9.617568606625825
2022-07-07,bb7,0.938,1.0,0.20687354020687354,6.413134260700407,0.13999999999999999,0.1001001001001001,0.22689356022689355,0.21833333333333335,0.15340340340340342,0.33366700033366703,-9.164233170560172,-9.68297423201635
2022-07-08,student,0.945,1.0,0.21021021021021022,6.967731598125326,0.16266666666666665,0.1001001001001001,0.22355689022355688,0.2343333333333333,0.15340340340340342,0.33366700033366703,-8.880862841338315,-9.418939455049273
2022-07-11,student,0.945,1.0,0.20687354020687354,4.489005964728859,0.16433333333333333,0.1001001001001001,0.22689356022689355,0.23666666666666666,0.15340340340340342,0.33366700033366703,-8.776908303743738,-9.320378053045948
2022-07-12,bb7,0.944,1.0,0.20687354020687354,2.555933056883389,0.148,0.1001001001001001,0.22689356022689355,0.22166666666666668,0.15348682015348683,0.33366700033366703,-8.680629823983137,-9.2313499593604
2022-07-13,student,0.943,1.0,0.20687354020687354,4.523311606071195,0.17333333333333334,0.1001001001001001,0.2236403069736402,0.26333333333333336,0.15348682015348683,0.33366700033366703,-9.108297288659594,-9.69599552076491
2022-07-14,bb7,0.947,1.0,0.20687354020687354,3.935870400473864,0.15366666666666665,0.1001001001001001,0.22689356022689355,0.232,0.15348682015348683,0.33366700033366703,-9.096188863081943,-9.62707323939584
2022-07-15,student,0.943,1.0,0.20687354020687354,4.370211686111252,0.15833333333333335,0.1001001001001001,0.22689356022689355,0.22966666666666666,0.15348682015348683,0.33366700033366703,-8.807538411076935,-9.324371157522226
2022-07-18,bb7,0.928,1.0,0.20687354020687354,5.187666573880964,0.145,0.1001001001001001,0.22689356022689355,0.23399999999999999,0.15340340340340342,0.33366700033366703,-9.051671652489865,-9.536492190229257
2022-07-19,student,0.926,1.0,0.20687354020687354,5.296722794516245,0.15766666666666665,0.1001001001001001,0.2236403069736402,0.244,0.15340340340340342,0.33366700033366703,-8.774801493005386,-9.260717282756477
2022-07-20,bb7,0.933,1.0,0.20687354020687354,5.016489433342091,0.15133333333333335,0.1001001001001001,0.22689356022689355,0.21933333333333335,0.15348682015348683,0.33366700033366703,-8.80482914426535,-9.271044693583127
2022-07-21,bb7,0.937,1.0,0.20687354020687354,4.510095895225935,0.14166666666666666,0.1001001001001001,0.22355689022355688,0.21766666666666667,0.15340340340340342,0.33366700033366703,-8.898573838366811,-9.366366673517946
2022-07-22,student,0.939,1.0,0.20687354020687354,3.2641029553896694,0.157,0.1001001001001001,0.22355689022355688,0.27066666666666667,0.15340340340340342,0.33366700033366703,-8.688812760759093,-9.154776217098275
2022-07-25,student,0.944,1.0,0.20687354020687354,3.988664644591408,0.15866666666666665,0.1001001001001001,0.22355689022355688,0.238,0.15340340340340342,0.33366700033366703,-8.779341507437007,-9.273693227471428
2022-07-26,student,0.937,1.0,0.20687354020687354,3.265631329207515,0.17200000000000001,0.1001001001001001,0.2236403069736402,0.2416666666666667,0.15682349015682348,0.3269936603269937,-8.98402738485502,-9.463298130029234
2022-07-27,bb7,0.937,1.0,0.21021021021021022,4.313983664156172,0.14933333333333335,0.1001001001001001,0.22355689022355688,0.20733333333333334,0.15682349015682348,0.3303303303303303,-8.833375486730604,-9.317380355639795
2022-07-28,student,0.927,1.0,0.20687354020687354,6.140602273761485,0.16633333333333333,0.1001001001001001,0.2236403069736402,0.229,0.15682349015682348,0.33033033033033027,-8.606041506689138,-9.078146396298791
2022-07-29,student,0.944,1.0,0.21021021021021022,5.639803547403898,0.166,0.1001001001001001,0.22355689022355688,0.24733333333333332,0.15682349015682348,0.3303303303303303,-8.639519567100923,-9.180828922619307
2022-08-01,student,0.952,1.0,0.21021021021021022,5.0339101588603326,0.17400000000000002,0.1001001001001001,0.22355689022355688,0.25333333333333335,0.15682349015682348,0.33033033033033027,-8.808444235918035,-9.333196683902845
2022-08-02,student,0.927,1.0,0.20687354020687354,5.222611271062223,0.162,0.1001001001001001,0.22355689022355688,0.2396666666666667,0.15682349015682348,0.33041374708041366,-8.515469203534783,-9.045371405550124
2022-08-03,bb7,0.932,1.0,0.20687354020687354,3.3491239722860153,0.15633333333333332,0.1001001001001001,0.22355689022355688,0.23,0.15682349015682348,0.333667000333667,-8.621341759436524,-9.150289782798518
2022-08-04,student,0.937,1.0,0.20687354020687354,3.04002353063678,0.161,0.1001001001001001,0.22355689022355688,0.23366666666666666,0.15682349015682348,0.33041374708041366,-8.606303634207281,-9.161768078667553
2022-08-05,bb7,0.935,1.0,0.20687354020687354,3.20574559924025,0.15533333333333332,0.1001001001001001,0.2236403069736402,0.22866666666666668,0.15682349015682348,0.327077077077077,-8.440254023501579,-8.95430393755029
2022-08-08,bb7,0.939,1.0,0.20687354020687354,3.25254278058477,0.14733333333333334,0.10335335335335334,0.2236403069736402,0.2333333333333333,0.16016016016016016,0.3404237570904237,-8.422797926824186,-8.983031006053741
2022-08-10,student,0.954,1.0,0.21021021021021022,5.302993181697874,0.162,0.1001001001001001,0.22689356022689355,0.24533333333333332,0.15682349015682348,0.33041374708041366,-9.303759397151419,-9.83176979450506
2022-08-11,bb7,0.952,1.0,0.21021021021021022,4.323328202769369,0.148,0.1001001001001001,0.22689356022689355,0.216,0.15682349015682348,0.33366700033366703,-9.206385307798636,-9.759005882821413
2022-08-12,bb7,0.96,1.0,0.21021021021021022,2.829175992214175,0.14233333333333334,0.1001001001001001,0.22689356022689355,0.222,0.16007674341007672,0.3370036703370036,-9.024681561408768,-9.618422552826603
2022-08-16,bb7,0.963,1.0,0.21021021021021022,2.8399450917421523,0.15566666666666665,0.1001001001001001,0.22689356022689355,0.23366666666666666,0.16016016016016013,0.3370036703370037,-9.065988203573314,-9.644672778979002
2022-08-17,bb7,0.953,1.0,0.21021021021021022,1.800322599727242,0.156,0.1001001001001001,0.2236403069736402,0.24266666666666667,0.16016016016016013,0.3370036703370037,-9.499942231143388,-10.062893803424046
2022-08-18,bb7,0.95,1.0,0.21021021021021022,1.0605149610901348,0.14066666666666666,0.1001001001001001,0.2236403069736402,0.216,0.16016016016016013,0.3403403403403404,-8.970031169329507,-9.467432189958904
2022-08-19,bb7,0.956,1.0,0.21021021021021022,-0.2276158624252127,0.13466666666666668,0.1001001001001001,0.22689356022689355,0.21199999999999997,0.16016016016016016,0.3403403403403403,-8.816234851751608,-9.318029188228381
2022-08-22,student,0.944,1.0,0.21021021021021022,-2.2188591494837775,0.17400000000000002,0.1001001001001001,0.22689356022689355,0.24533333333333332,0.16016016016016016,0.3403403403403404,-8.59043475647339,-9.089924665469237
2022-08-23,student,0.96,1.0,0.21021021021021022,-2.37175322974838,0.17500000000000002,0.1001001001001001,0.22689356022689355,0.248,0.16016016016016016,0.3403403403403404,-8.40019232297379,-8.869340159224684
2022-08-24,bb7,0.96,1.0,0.21021021021021022,-2.214178512380035,0.15433333333333332,0.1001001001001001,0.22689356022689355,0.244,0.16016016016016016,0.3403403403403404,-8.402503826544212,-8.8843109117484
2022-08-25,bb7,0.956,1.0,0.21021021021021022,-2.607849497351177,0.14533333333333334,0.1001001001001001,0.22355689022355688,0.21466666666666667,0.16016016016016016,0.3370036703370037,-8.307210078773204,-8.785110617265055
2022-08-26,bb7,0.955,1.0,0.21021021021021022,-2.6343327589607606,0.15666666666666665,0.1001001001001001,0.22355689022355688,0.2373333333333333,0.16016016016016016,0.3370036703370037,-8.398393348531624,-8.920391375703941
2022-08-29,student,0.96,1.0,0.21021021021021022,-4.410197185965087,0.163,0.1001001001001001,0.22355689022355688,0.241,0.16016016016016013,0.3370036703370037,-8.293614010635743,-8.810755831875447
2022-08-30,bb7,0.969,1.0,0.21021021021021022,-2.25607422275351,0.157,0.1001001001001001,0.22355689022355688,0.24166666666666667,0.16016016016016013,0.3370036703370036,-8.472946570865727,-9.00062580421912
2022-09-01,bb7,0.971,1.0,0.21021021021021022,-3.787040091246954,0.157,0.1001001001001001,0.2236403069736402,0.2356666666666667,0.16016016016016016,0.3370036703370036,-8.185503850544631,-8.73766271943074
2022-09-02,bb7,0.971,1.0,0.21021021021021022,-3.898021165234615,0.15666666666666665,0.1001001001001001,0.22355689022355688,0.23166666666666666,0.16016016016016016,0.3370036703370036,-8.203608862290215,-8.755868021759161
2022-09-05,bb7,0.96,1.0,0.21021021021021022,-2.3153145148751344,0.15766666666666665,0.1001001001001001,0.22689356022689355,0.218,0.16016016016016016,0.3370036703370037,-8.587584203606454,-9.117876637700139
2022-09-06,student,0.958,1.0,0.21021021021021022,-1.0693720136379445,0.17900000000000002,0.10343677010343677,0.22689356022689355,0.2653333333333333,0.16016016016016016,0.3403403403403403,-8.791008138768555,-9.345979266348326
2022-09-07,student,0.956,1.0,0.21021021021021022,-1.9722142109417597,0.167,0.1001001001001001,0.22689356022689355,0.257,0.16016016016016016,0.337087087087087,-8.778561490056218,-9.33814013194319
2022-09-08,bb7,0.956,1.0,0.21021021021021022,-1.0980702314275397,0.15233333333333332,0.1001001001001001,0.22689356022689355,0.22233333333333336,0.16016016016016016,0.3403403403403403,-8.719699018867177,-9.241373696423732
2022-09-09,bb7,0.961,1.0,0.21021021021021022,0.8331967552215002,0.15466666666666665,0.1001001001001001,0.22689356022689355,0.22433333333333336,0.16016016016016016,0.3370036703370037,-8.656852650269004,-9.167775962786806
2022-09-12,bb7,0.969,1.0,0.21021021021021022,1.0004568108241452,0.15466666666666667,0.10343677010343677,0.22689356022689355,0.249,0.16016016016016016,0.3403403403403403,-8.391495066613599,-8.876633574725405
2022-09-13,bb7,0.959,1.0,0.21021021021021022,3.690150944148133,0.15466666666666667,0.1001001001001001,0.22689356022689355,0.2383333333333333,0.16016016016016016,0.337087087087087,-9.104983666901543,-9.627726558439148
2022-09-14,bb7,0.953,1.0,0.21021021021021022,-0.4388345765393953,0.147,0.1001001001001001,0.23031364698031356,0.22766666666666668,0.16016016016016016,0.337087087087087,-9.571913537826457,-10.183644311662453
2022-09-15,student,0.956,1.0,0.21021021021021022,-0.30028906901504027,0.17600000000000002,0.10343677010343677,0.23031364698031356,0.25966666666666666,0.16349683016349684,0.337087087087087,-9.541196012418807,-10.183361132204922
2022-09-16,student,0.959,1.0,0.21021021021021022,-2.5707214120254633,0.168,0.10343677010343677,0.23031364698031356,0.25066666666666665,0.1634134134134134,0.3403403403403404,-9.340118100906539,-9.967783196751736
2022-09-19,bb7,0.957,1.0,0.21021021021021022,-1.8476831247795777,0.158,0.10343677010343677,0.23031364698031356,0.22933333333333336,0.1634134134134134,0.3403403403403404,-9.217501073066773,-9.844921905798186
2022-09-20,student,0.969,1.0,0.21021021021021022,-0.7558631582713401,0.16733333333333333,0.10343677010343677,0.23031364698031356,0.25466666666666665,0.1634134134134134,0.3403403403403403,-8.978721484825316,-9.571174977890509
2022-09-21,student,0.969,1.0,0.21021021021021022,-0.21997844002365796,0.18333333333333335,0.10343677010343677,0.23023023023023023,0.2806666666666667,0.16016016016016016,0.3403403403403404,-8.970872979765845,-9.56558540589282
2022-09-22,bb7,0.953,1.0,0.21021021021021022,-0.35511652075679556,0.16,0.10343677010343677,0.23031364698031356,0.23700000000000002,0.1634134134134134,0.3403403403403404,-8.833750065934456,-9.413942388782521
2022-09-23,student,0.947,1.0,0.21021021021021022,-3.094003630145265,0.161,0.10343677010343677,0.23023023023023023,0.23800000000000002,0.1634134134134134,0.3403403403403404,-8.591006016781481,-9.146696211865633
2022-09-26,bb7,0.945,1.0,0.21021021021021022,-5.596433959655243,0.15866666666666668,0.10343677010343677,0.23031364698031356,0.2373333333333333,0.16349683016349684,0.3404237570904237,-8.437171814319091,-8.98897036332239
2022-09-27,bb7,0.955,1.0,0.21021021021021022,-6.075565611700015,0.15466666666666665,0.10343677010343677,0.23031364698031356,0.249,0.16349683016349684,0.3403403403403404,-8.303065283908621,-8.809678184456379
2022-09-28,student,0.932,1.0,0.21021021021021022,-5.318509525634946,0.16466666666666668,0.10343677010343677,0.23023023023023023,0.24366666666666667,0.16349683016349684,0.3403403403403404,-9.017027973859982,-9.53987013335933
2022-09-29,bb7,0.94,1.0,0.21021021021021022,-4.227198725677125,0.15366666666666667,0.10343677010343677,0.23023023023023023,0.24133333333333332,0.16016016016016016,0.3403403403403404,-9.078699068776636,-9.572135074462658
2022-09-30,student,0.937,1.0,0.21021021021021022,-0.8320668401265722,0.16266666666666668,0.10343677010343677,0.23356690023356688,0.24833333333333332,0.16349683016349684,0.34367701034367704,-9.847560034366921,-10.400376714421807
2022-10-03,bb7,0.931,1.0,0.21021021021021022,-3.6173872373077076,0.15833333333333333,0.10343677010343677,0.23023023023023023,0.228,0.16349683016349684,0.3404237570904237,-9.597448414621715,-10.153700724173389
2022-10-04,bb7,0.929,1.0,0.21021021021021022,-1.9053950268805728,0.15233333333333332,0.10343677010343677,0.23023023023023023,0.24,0.16349683016349684,0.3404237570904237,-9.280651299419533,-9.859560143668533
2022-10-06,student,0.927,1.0,0.21021021021021022,-0.9849232481868293,0.18000000000000002,0.10343677010343677,0.23031364698031356,0.25666666666666665,0.16349683016349684,0.34367701034367704,-9.077675383569192,-9.6529866790892
2022-10-07,bb7,0.921,1.0,0.21021021021021022,-2.2806098888327178,0.148,0.10343677010343677,0.23356690023356688,0.21366666666666667,0.16349683016349684,0.3404237570904237,-8.945974396821255,-9.472689426874796
2022-10-10,student,0.934,1.0,0.21021021021021022,-1.57976503249076,0.18666666666666668,0.10343677010343677,0.23031364698031356,0.27566666666666667,0.16349683016349684,0.34367701034367704,-9.24343063353751,-9.814907574691249
2022-10-11,student,0.949,1.0,0.21021021021021022,-1.282934399240125,0.17066666666666666,0.10343677010343677,0.23023023023023023,0.26966666666666667,0.16349683016349684,0.34367701034367704,-10.179964143175578,-10.759902183622268
2022-10-12,bb7,0.937,1.0,0.21021021021021022,-0.4787652964554674,0.15333333333333332,0.10343677010343677,0.23356690023356688,0.22766666666666668,0.16349683016349684,0.34367701034367704,-9.676929463269305,-10.230110004602372
2022-10-13,student,0.936,1.0,0.21021021021021022,-1.0091893066025102,0.16566666666666666,0.10343677010343677,0.23356690023356688,0.25066666666666665,0.16349683016349684,0.3404237570904237,-9.434054876054017,-9.961488746698455
2022-10-14,student,0.931,1.0,0.21021021021021022,0.017742379741205072,0.16366666666666665,0.10343677010343677,0.23356690023356688,0.255,0.16349683016349684,0.3404237570904237,-9.058453400715342,-9.517781863379223
2022-10-17,bb7,0.924,1.0,0.21021021021021022,0.3927048997202627,0.158,0.10343677010343677,0.23356690023356688,0.24533333333333332,0.16349683016349684,0.34367701034367704,-8.833976809982454,-9.329823324987906
2022-10-18,student,0.922,1.0,0.21021021021021022,4.089864878470595,0.161,0.10343677010343677,0.23356690023356688,0.24133333333333332,0.16349683016349684,0.34367701034367704,-9.10497778633063,-9.639358892604072
2022-10-19,student,0.936,1.0,0.21021021021021022,0.5572884388477772,0.18400000000000002,0.10343677010343677,0.23690357023690356,0.26966666666666667,0.16349683016349684,0.34367701034367704,-9.148832444951207,-9.70719277385619
2022-10-20,student,0.954,1.0,0.21021021021021022,0.4914921031330752,0.16633333333333333,0.10343677010343677,0.23690357023690356,0.25433333333333336,0.16349683016349684,0.34367701034367704,-9.239244215220356,-9.803842268560242
2022-10-21,student,0.941,1.0,0.21021021021021022,1.8857740349390277,0.162,0.10343677010343677,0.23690357023690356,0.253,0.16349683016349684,0.34367701034367704,-9.138091533882823,-9.683476889137124
2022-10-24,student,0.937,1.0,0.21021021021021022,2.7721023085396252,0.161,0.10343677010343677,0.23356690023356688,0.23666666666666666,0.1634968301634968,0.343677010343677,-9.129213576326762,-9.673493450777569
2022-10-25,bb7,0.95,1.0,0.21021021021021022,4.30645930017922,0.15533333333333332,0.10343677010343677,0.23690357023690356,0.24033333333333332,0.16349683016349684,0.343677010343677,-9.387654382407684,-9.965000210729515
2022-10-27,student,0.95,1.0,0.21021021021021022,3.9306465885558524,0.18600000000000003,0.10343677010343677,0.23690357023690356,0.27599999999999997,0.16349683016349684,0.343677010343677,-9.290628161059708,-9.8972633643399
2022-10-28,student,0.957,1.0,0.21021021021021022,4.381800774259893,0.17433333333333334,0.10343677010343677,0.23690357023690356,0.26566666666666666,0.16016016016016016,0.34367701034367704,-9.343920106190247,-9.987509608030742
2022-10-31,student,0.957,1.0,0.20687354020687354,4.217014373290205,0.16066666666666665,0.10343677010343677,0.23690357023690356,0.23766666666666666,0.1634968301634968,0.343677010343677,-9.305843014942093,-9.91100678851299
2022-11-01,bb7,0.959,1.0,0.20687354020687354,4.44719341571327,0.15533333333333332,0.10343677010343677,0.2336503169836502,0.22799999999999998,0.1634968301634968,0.343677010343677,-9.48565151943408,-10.138983297075304
2022-11-02,student,0.959,1.0,0.20687354020687354,2.0152618526940778,0.18266666666666667,0.10343677010343677,0.2336503169836502,0.2776666666666667,0.1634968301634968,0.343677010343677,-9.490590404702761,-10.174826288638858
2022-11-03,student,0.947,1.0,0.20687354020687354,3.2716256754225155,0.1676666666666667,0.10343677010343677,0.23690357023690356,0.27266666666666667,0.1634968301634968,0.343677010343677,-9.224533417032587,-9.899454202870093
2022-11-04,student,0.954,1.0,0.20687354020687354,3.2025659708889624,0.169,0.10343677010343677,0.23356690023356688,0.26566666666666666,0.1634968301634968,0.3404237570904237,-8.875658962401914,-9.527266725513735
2022-11-07,student,0.967,1.0,0.20687354020687354,3.8756773059235297,0.17033333333333334,0.10343677010343677,0.23356690023356688,0.24733333333333332,0.16349683016349684,0.3404237570904237,-8.686595661897885,-9.33442063858984
2022-11-09,student,0.954,1.0,0.20687354020687354,3.487223359021925,0.166,0.10343677010343677,0.23023023023023023,0.26999999999999996,0.16349683016349684,0.3404237570904237,-8.72368286177638,-9.327728689800292
2022-11-10,student,0.936,1.0,0.20353687020353686,1.735437878781325,0.16566666666666666,0.10343677010343677,0.23356690023356688,0.24466666666666667,0.16016016016016016,0.34701368034701363,-8.58636274401615,-9.161072484986434
2022-11-11,student,0.955,1.0,0.20353687020353686,2.62150233959997,0.18733333333333335,0.10343677010343677,0.23356690023356688,0.2846666666666667,0.16016016016016016,0.3470136803470137,-8.50265841027168,-9.096756534978951
2022-11-14,student,0.946,1.0,0.2002002002002002,3.0111938880579747,0.16733333333333333,0.10343677010343677,0.23356690023356688,0.242,0.16016016016016016,0.34367701034367704,-8.45601364268465,-9.005214436017805
2022-11-15,student,0.95,1.0,0.2002002002002002,2.723843855516718,0.19033333333333335,0.10343677010343677,0.23356690023356688,0.2796666666666667,0.16016016016016016,0.34367701034367704,-8.256846696495915,-8.779270586103118
2022-11-16,bb7,0.951,1.0,0.20353687020353686,1.3030798121095577,0.151,0.10343677010343677,0.23356690023356688,0.23099999999999998,0.16016016016016016,0.34376042709376037,-8.15853953303002,-8.659813329588177
2022-11-17,student,0.954,1.0,0.20353687020353686,1.0908984262580426,0.16433333333333333,0.10343677010343677,0.23356690023356688,0.23199999999999998,0.16016016016016016,0.3404237570904237,-7.967726596582287,-8.454343497597314
2022-11-18,student,0.956,1.0,0.20353687020353686,1.5788738570557204,0.15566666666666668,0.10343677010343677,0.2336503169836502,0.2373333333333333,0.16016016016016016,0.34367701034367704,-7.99429472639508,-8.478642957097371
2022-11-21,student,0.949,1.0,0.20353687020353686,0.6136691046245754,0.18166666666666667,0.10343677010343677,0.2336503169836502,0.2723333333333333,0.16016016016016016,0.3403403403403404,-8.266978684947329,-8.80088351496418
2022-11-22,student,0.934,1.0,0.2002002002002002,-0.13378457642398223,0.15666666666666665,0.10343677010343677,0.23356690023356688,0.23800000000000002,0.16016016016016016,0.343677010343677,-8.277882078805218,-8.777203483494254
2022-11-23,student,0.946,1.0,0.2002002002002002,0.2946229027493604,0.17033333333333334,0.10343677010343677,0.23356690023356688,0.25633333333333336,0.1634134134134134,0.3403403403403404,-8.170113495409591,-8.691024747901366
2022-11-24,student,0.944,1.0,0.2002002002002002,3.211778269601673,0.171,0.10343677010343677,0.23356690023356688,0.26466666666666666,0.16016016016016016,0.3403403403403404,-8.964854324077466,-9.544823383302676
2022-11-25,student,0.953,1.0,0.2002002002002002,2.18226142469855,0.15433333333333332,0.10343677010343677,0.23356690023356688,0.2283333333333333,0.16016016016016016,0.34367701034367704,-8.803219965062258,-9.326871339190314
2022-11-28,student,0.958,1.0,0.2002002002002002,1.9122541594631501,0.15466666666666667,0.10343677010343677,0.23356690023356688,0.237,0.16016016016016016,0.343677010343677,-8.799752568546392,-9.348641900004901
2022-11-29,bb7,0.983,1.0,0.2002002002002002,2.3681689979718348,0.13966666666666666,0.10343677010343677,0.23356690023356688,0.214,0.16016016016016016,0.3404237570904237,-8.617713721457287,-9.148417562104997
2022-11-30,bb7,0.987,1.0,0.2002002002002002,3.060649813492567,0.14866666666666667,0.10343677010343677,0.23356690023356688,0.22433333333333336,0.16016016016016016,0.3403403403403404,-8.475365360036472,-9.044490422993057
2022-12-01,student,0.991,1.0,0.2002002002002002,4.306607521750341,0.17433333333333334,0.10343677010343677,0.23031364698031356,0.26766666666666666,0.16016016016016016,0.3403403403403404,-8.665009901999396,-9.270689407217667
2022-12-02,student,0.981,1.0,0.2002002002002002,2.8529069836046794,0.16166666666666665,0.10343677010343677,0.23023023023023023,0.251,0.16016016016016016,0.343677010343677,-8.378381079675146,-8.973447064827877
2022-12-05,student,0.981,1.0,0.2002002002002002,3.51207114646574,0.15966666666666665,0.10343677010343677,0.23356690023356688,0.24266666666666667,0.16016016016016016,0.34367701034367704,-8.263712654079383,-8.8155945870876
2022-12-06,student,0.973,1.0,0.2002002002002002,2.3271139492609247,0.17866666666666667,0.10343677010343677,0.23356690023356688,0.26533333333333337,0.16016016016016016,0.343677010343677,-8.294411035269768,-8.856034147239571
2022-12-07,student,0.971,1.0,0.2002002002002002,2.010401052852199,0.17766666666666667,0.10343677010343677,0.23356690023356688,0.26,0.16016016016016016,0.34367701034367704,-8.118371944093981,-8.695437445480799
2022-12-08,student,0.982,1.0,0.2002002002002002,1.0646366869524442,0.16,0.10343677010343677,0.23356690023356688,0.242,0.16016016016016016,0.34367701034367704,-8.01464921525396,-8.574114648639549
2022-12-09,bb7,0.986,1.0,0.2002002002002002,-0.08166999816145348,0.14766666666666667,0.10343677010343677,0.23356690023356688,0.2316666666666667,0.16016016016016016,0.3404237570904237,-7.973107974779458,-8.503244915384608
2022-12-12,student,0.982,1.0,0.2002002002002002,-0.3144312611627683,0.16433333333333336,0.10343677010343677,0.23031364698031356,0.24333333333333332,0.16016016016016016,0.34367701034367704,-7.853545822630741,-8.365048681381927
2022-12-13,student,0.981,1.0,0.2002002002002002,-0.7023859236240003,0.17333333333333334,0.10343677010343677,0.23356690023356688,0.244,0.16016016016016016,0.34701368034701363,-7.939127323742119,-8.468352362236493
2022-12-14,student,0.983,1.0,0.2002002002002002,-1.1769160880129599,0.17133333333333334,0.10343677010343677,0.23356690023356688,0.27599999999999997,0.16016016016016016,0.34701368034701363,-7.8175229229218255,-8.337679477895808
2022-12-15,student,0.98,1.0,0.2002002002002002,-2.7602057081757976,0.17066666666666666,0.10343677010343677,0.23031364698031356,0.25366666666666665,0.16016016016016016,0.34701368034701363,-7.859116065337852,-8.368878562994293
2022-12-16,student,0.987,1.0,0.2002002002002002,-2.278510871865025,0.17,0.10343677010343677,0.23031364698031356,0.26166666666666666,0.16016016016016016,0.34701368034701363,-7.899633635701228,-8.422466074962415
2022-12-19,student,0.98,1.0,0.2002002002002002,-2.3450892339368674,0.16266666666666665,0.10343677010343677,0.23031364698031356,0.23966666666666667,0.16341341341341342,0.34701368034701363,-7.882185410436878,-8.402440526828979
2022-12-20,student,0.992,1.0,0.2002002002002002,-2.6816800038584843,0.16366666666666665,0.10343677010343677,0.23031364698031356,0.235,0.16016016016016016,0.34701368034701363,-7.9032500615263945,-8.413558715681832
2022-12-21,student,0.974,1.0,0.2002002002002002,-3.555786916786574,0.15833333333333333,0.10343677010343677,0.23356690023356688,0.22466666666666668,0.16341341341341342,0.3503503503503504,-8.196853163601743,-8.713063071807083
2022-12-22,student,0.98,1.0,0.2002002002002002,-4.2822460856625675,0.16866666666666666,0.10343677010343677,0.23356690023356688,0.25366666666666665,0.16341341341341342,0.3503503503503504,-8.177038200657979,-8.696747213789882
2022-12-23,student,0.983,1.0,0.2002002002002002,-6.118686250532297,0.16066666666666665,0.10335335335335334,0.23031364698031356,0.23866666666666667,0.16016016016016016,0.347097097097097,-8.417039888579342,-8.936912164273977
2022-12-26,student,0.983,1.0,0.2002002002002002,-4.16673018729764,0.18600000000000003,0.10343677010343676,0.23356690023356688,0.2763333333333333,0.16016016016016016,0.34701368034701363,-8.291419753487986,-8.816918717245208
2022-12-27,student,0.981,1.0,0.2002002002002002,-4.139820976901122,0.16133333333333333,0.10343677010343677,0.23356690023356688,0.25999999999999995,0.16016016016016016,0.3503503503503503,-8.182565010258026,-8.709678431590241
2022-12-28,student,0.984,1.0,0.2002002002002002,-4.721083048154898,0.168,0.10343677010343677,0.23356690023356688,0.25566666666666665,0.16016016016016016,0.3503503503503503,-8.142845680547257,-8.654171748741799
2022-12-29,student,0.983,1.0,0.2002002002002002,-3.3739764828279446,0.17166666666666666,0.10343677010343677,0.23356690023356688,0.25533333333333336,0.16016016016016016,0.3503503503503503,-8.268519386490912,-8.768702089398698
2022-12-30,student,0.984,1.0,0.2002002002002002,-2.9389852000417123,0.17333333333333334,0.10343677010343677,0.23031364698031356,0.2583333333333333,0.16016016016016016,0.3470136803470137,-8.319740434355765,-8.786738995597823
2023-01-02,student,0.987,1.0,0.2002002002002002,-2.3481984421106468,0.169,0.10343677010343677,0.23031364698031356,0.255,0.16016016016016016,0.347097097097097,-8.152101267914874,-8.640606921794019
2023-01-03,student,0.987,1.0,0.20353687020353686,-1.7238993530508953,0.16733333333333333,0.10343677010343677,0.23031364698031356,0.24933333333333332,0.16016016016016016,0.3470136803470137,-8.280818143645087,-8.800733084043639
2023-01-04,student,0.986,1.0,0.20353687020353686,-2.0824634714535852,0.16,0.10343677010343677,0.23031364698031356,0.244,0.16016016016016016,0.343677010343677,-8.464903943945671,-8.969844276040465
2023-01-05,student,0.987,1.0,0.20353687020353686,-1.3661785210794601,0.17166666666666666,0.10343677010343677,0.23031364698031356,0.258,0.16016016016016016,0.343677010343677,-8.424144609716764,-8.947339845184143
2023-01-06,bb7,0.987,1.0,0.20687354020687354,0.12002820876141973,0.13833333333333334,0.10343677010343677,0.23031364698031356,0.215,0.16016016016016016,0.343677010343677,-9.312687641102263,-9.870166889637122
2023-01-09,student,0.988,1.0,0.21021021021021022,0.502689817031412,0.17333333333333334,0.10343677010343677,0.23031364698031356,0.248,0.16016016016016016,0.343677010343677,-9.275468808079589,-9.85688092894855
2023-01-10,student,0.987,1.0,0.21021021021021022,0.6074022888151924,0.16033333333333333,0.10343677010343677,0.23023023023023023,0.24466666666666667,0.16016016016016016,0.3404237570904237,-9.168846362647338,-9.750220249084744
2023-01-11,student,0.984,1.0,0.21021021021021022,0.921326920258007,0.17033333333333334,0.10343677010343677,0.23356690023356688,0.25233333333333335,0.16016016016016016,0.3404237570904237,-8.638332138218614,-9.161279424716104
2023-01-12,bb7,0.984,1.0,0.21021021021021022,0.5480115343859193,0.158,0.10343677010343677,0.23356690023356688,0.23933333333333331,0.16016016016016016,0.337087087087087,-8.50366660378463,-8.99262139236888
2023-01-13,student,0.984,1.0,0.21021021021021022,1.444590918502327,0.16566666666666666,0.10343677010343677,0.23356690023356688,0.23933333333333331,0.16016016016016016,0.3403403403403403,-8.450926685499343,-8.962941048287348
2023-01-16,student,0.983,1.0,0.21021021021021022,1.1480943410718623,0.168,0.10343677010343677,0.23023023023023023,0.254,0.16016016016016016,0.3403403403403404,-8.548568180651516,-9.106844495826786
2023-01-17,student,0.983,1.0,0.21021021021021022,1.997230070447447,0.17166666666666663,0.10343677010343677,0.23356690023356688,0.25866666666666666,0.16016016016016016,0.3404237570904237,-8.37539820440079,-8.930674178154382
2023-01-18,student,0.965,1.0,0.21021021021021022,3.1313746892893843,0.166,0.10343677010343677,0.23356690023356688,0.245,0.16016016016016016,0.34376042709376037,-8.60737015874875,-9.164266794080238
2023-01-19,bb7,0.971,1.0,0.20687354020687354,1.9290841026921168,0.15233333333333335,0.10343677010343677,0.23356690023356688,0.23766666666666666,0.15682349015682348,0.34376042709376037,-8.334652359559927,-8.90153415207757
2023-01-20,student,0.971,1.0,0.20687354020687354,2.0184287579218845,0.16033333333333336,0.10343677010343677,0.23356690023356688,0.24433333333333332,0.15682349015682348,0.34367701034367704,-8.348910792167848,-8.890712824935589
2023-01-23,student,0.973,1.0,0.20687354020687354,1.67090384284656,0.16166666666666668,0.10343677010343677,0.2336503169836502,0.24933333333333332,0.15682349015682348,0.3470136803470137,-8.279633550242899,-8.822123682046005
2023-01-24,bb7,0.987,1.0,0.20687354020687354,1.4666318111868277,0.15133333333333332,0.10343677010343677,0.23356690023356688,0.22399999999999998,0.15682349015682348,0.34701368034701363,-9.081294456529784,-9.637304213805164
2023-01-25,student,0.984,1.0,0.20687354020687354,0.31860119360934047,0.17166666666666666,0.10343677010343677,0.23356690023356688,0.25833333333333336,0.15682349015682348,0.34376042709376037,-8.819701011840182,-9.348403092283569
2023-01-27,bb7,0.985,1.0,0.20687354020687354,0.3768658084047276,0.141,0.10343677010343677,0.23356690023356688,0.22266666666666665,0.15682349015682348,0.34376042709376037,-8.441489341859656,-8.906010757194569
2023-01-30,student,0.984,1.0,0.20687354020687354,-0.8011449190049622,0.166,0.10343677010343677,0.23356690023356688,0.24933333333333332,0.15682349015682348,0.34376042709376037,-8.296027805853548,-8.760768769190365
2023-01-31,student,0.983,1.0,0.20687354020687354,0.05818296973898485,0.18499999999999997,0.10343677010343677,0.23356690023356688,0.255,0.15682349015682348,0.34367701034367704,-8.08658049700048,-8.556790330690397
2023-02-01,student,0.987,1.0,0.20687354020687354,-1.8141818090601596,0.17633333333333334,0.10335335335335334,0.23356690023356688,0.26266666666666666,0.15682349015682348,0.3404237570904237,-7.9923713647755585,-8.494192309561699
2023-02-02,student,0.987,1.0,0.20687354020687354,-0.567563844240415,0.16966666666666666,0.10335335335335334,0.23356690023356688,0.238,0.15682349015682348,0.3403403403403404,-8.035631074073596,-8.52810617654574
2023-02-03,bb7,0.993,1.0,0.20687354020687354,1.5844777480366428,0.15366666666666665,0.10343677010343677,0.23356690023356688,0.22233333333333336,0.15682349015682348,0.3403403403403404,-8.170009184916326,-8.701580197168994
2023-02-06,student,0.993,1.0,0.20687354020687354,1.8141912008715624,0.17133333333333334,0.10335335335335334,0.23356690023356688,0.25933333333333336,0.15682349015682348,0.3370036703370036,-8.451272047177834,-8.997835846090346
2023-02-07,bb7,0.993,1.0,0.20687354020687354,-0.44522023730424976,0.147,0.10335335335335334,0.23356690023356688,0.219,0.15682349015682348,0.3403403403403404,-8.363714847945712,-8.91541321606852
2023-02-08,student,0.994,1.0,0.20687354020687354,-0.4656147118749223,0.18466666666666667,0.10335335335335334,0.23356690023356688,0.2733333333333333,0.15682349015682348,0.337087087087087,-8.462619857512644,-8.99956246401125
2023-02-09,student,0.994,1.0,0.20687354020687354,1.0636377722378,0.157,0.1001001001001001,0.23356690023356688,0.23099999999999998,0.15682349015682348,0.337087087087087,-8.90020113928766,-9.480910002908514
2023-02-10,student,0.994,1.0,0.20687354020687354,1.7090315207806777,0.17666666666666667,0.10335335335335336,0.23690357023690356,0.268,0.15682349015682348,0.3370036703370036,-10.16522853528414,-10.817491865218058
2023-02-13,student,0.994,1.0,0.20687354020687354,0.40647775504799233,0.16966666666666666,0.10343677010343677,0.2336503169836502,0.24266666666666667,0.15682349015682348,0.3370036703370037,-9.642426952963117,-10.274555070010532
2023-02-14,bb7,0.994,1.0,0.20687354020687354,-0.24583852452703725,0.151,0.10335335335335334,0.2336503169836502,0.22499999999999998,0.15682349015682348,0.337087087087087,-9.377916574339048,-9.974713622838273
2023-02-15,bb7,0.995,1.0,0.20687354020687354,1.0342757198072776,0.149,0.1001001001001001,0.23690357023690356,0.2193333333333333,0.15682349015682348,0.337087087087087,-9.738737829241225,-10.318585641643091
2023-02-16,student,0.995,1.0,0.20687354020687354,-0.37931707546195464,0.16666666666666666,0.1001001001001001,0.23356690023356688,0.26733333333333337,0.15682349015682348,0.337087087087087,-9.543251412417206,-10.100744015077789
2023-02-17,student,0.996,1.0,0.20687354020687354,-2.4627559415577718,0.16966666666666666,0.1001001001001001,0.2336503169836502,0.24566666666666667,0.15682349015682348,0.3403403403403404,-9.43950848705233,-10.015365583292018
2023-02-20,student,0.996,1.0,0.20687354020687354,-1.7572757558089245,0.16133333333333333,0.1001001001001001,0.23031364698031356,0.244,0.15682349015682348,0.3403403403403404,-9.424112795260768,-9.970387677738552
2023-02-21,student,0.997,1.0,0.20687354020687354,-1.6034800742257098,0.16833333333333333,0.1001001001001001,0.2336503169836502,0.25166666666666665,0.15682349015682348,0.3403403403403404,-9.320681045236823,-9.87441943182959
2023-02-22,bb7,0.997,1.0,0.20687354020687354,-3.5087762247630474,0.155,0.1001001001001001,0.2336503169836502,0.23033333333333336,0.15682349015682348,0.3403403403403403,-9.216008544155084,-9.807411198476244
2023-02-23,student,0.997,1.0,0.20687354020687354,-3.5872181283130926,0.162,0.1001001001001001,0.23356690023356688,0.26233333333333336,0.15682349015682348,0.3403403403403403,-8.916284285584236,-9.499357685194045
2023-02-24,student,0.994,1.0,0.20687354020687354,-4.364359259854029,0.17433333333333334,0.1001001001001001,0.23356690023356688,0.25733333333333336,0.15682349015682348,0.337087087087087,-8.749603441460552,-9.311445567521158
2023-02-27,student,0.995,1.0,0.20687354020687354,-3.867736744181295,0.17,0.1001001001001001,0.23031364698031356,0.26,0.15682349015682348,0.337087087087087,-8.89433689950417,-9.533369108179135
2023-02-28,bb7,0.996,1.0,0.21021021021021022,-4.897522077287889,0.15333333333333332,0.1001001001001001,0.23356690023356688,0.24233333333333332,0.15682349015682348,0.337087087087087,-8.714810879605702,-9.27128560252211
2023-03-01,student,0.993,1.0,0.21021021021021022,-3.7531825956963996,0.16333333333333333,0.1001001001001001,0.23023023023023023,0.23366666666666666,0.15682349015682348,0.337087087087087,-8.544005978011366,-9.127438536225556
2023-03-02,bb7,0.994,1.0,0.21021021021021022,-4.352817689147027,0.155,0.10335335335335334,0.23356690023356688,0.242,0.15682349015682348,0.3403403403403404,-8.264450599734596,-8.807815019419591
2023-03-03,bb7,0.994,1.0,0.21021021021021022,-1.4553915267329605,0.15666666666666665,0.10335335335335334,0.23356690023356688,0.22333333333333336,0.15682349015682348,0.337087087087087,-8.127913065525357,-8.672802738239737
2023-03-06,student,0.994,1.0,0.21354688021354687,-0.1196530921050698,0.17133333333333334,0.1001001001001001,0.23356690023356688,0.27799999999999997,0.15682349015682348,0.337087087087087,-7.98645647530378,-8.50518016814456
2023-03-08,student,0.995,1.0,0.21354688021354687,0.3371332589696798,0.17466666666666666,0.1001001001001001,0.23356690023356688,0.282,0.15682349015682348,0.337087087087087,-7.965747176683569,-8.51202955386863
2023-03-09,student,0.995,1.0,0.21354688021354687,0.47161941398277474,0.17200000000000001,0.10343677010343677,0.23356690023356688,0.24466666666666667,0.15682349015682348,0.3403403403403404,-8.033522068058724,-8.506850385776321
2023-03-10,student,0.996,1.0,0.21688355021688355,-0.17805370106835006,0.18300000000000002,0.10343677010343677,0.23356690023356688,0.25166666666666665,0.15682349015682348,0.3404237570904237,-7.784399605992547,-8.281078956147814
2023-03-13,bb7,0.994,1.0,0.21688355021688355,-2.1194484184758293,0.15,0.10335335335335336,0.23356690023356688,0.2273333333333333,0.15682349015682348,0.3404237570904237,-7.599911510893419,-8.078427426844375
2023-03-14,student,0.994,1.0,0.21688355021688355,-1.9734882821700173,0.18866666666666668,0.1001001001001001,0.2336503169836502,0.26166666666666666,0.15682349015682348,0.34376042709376037,-7.994528107031076,-8.505701247594438
2023-03-15,bb7,0.993,1.0,0.21688355021688355,-2.5426829356611345,0.144,0.10335335335335336,0.2336503169836502,0.2313333333333333,0.15682349015682348,0.34376042709376037,-7.933620931836741,-8.439421719155696
2023-03-16,bb7,0.993,1.0,0.21688355021688355,-2.842569966588812,0.14866666666666667,0.1001001001001001,0.2336503169836502,0.225,0.15682349015682348,0.34376042709376037,-8.013711400547846,-8.498282998746635
2023-03-17,student,0.988,1.0,0.21688355021688355,-1.242507419103345,0.17500000000000002,0.10343677010343677,0.2336503169836502,0.254,0.15682349015682348,0.34701368034701363,-8.209892049731437,-8.741181512050339
2023-03-20,student,0.992,1.0,0.21688355021688355,-3.882045065001777,0.18233333333333335,0.10335335335335336,0.23690357023690356,0.26766666666666666,0.15682349015682348,0.34376042709376037,-8.447144180218793,-9.035736391805125
2023-03-21,bb7,0.992,1.0,0.21688355021688355,-5.695983764559699,0.14866666666666664,0.10335335335335336,0.23690357023690356,0.238,0.15682349015682348,0.34376042709376037,-8.372167119795462,-8.896996563711527
2023-03-22,bb7,0.993,1.0,0.21688355021688355,-5.231829606009527,0.15733333333333333,0.10343677010343677,0.23690357023690356,0.23600000000000002,0.15682349015682348,0.34376042709376037,-8.09299319339651,-8.575960543002536
2023-03-23,student,0.992,1.0,0.21688355021688355,-4.53613121157776,0.16766666666666666,0.10343677010343677,0.23690357023690356,0.25133333333333335,0.15682349015682348,0.34376042709376037,-8.141398048298022,-8.632036826866985
2023-03-24,bb7,0.993,1.0,0.21688355021688355,-4.570099458058495,0.151,0.10343677010343677,0.23690357023690356,0.21533333333333335,0.15682349015682348,0.34376042709376037,-8.029998782647548,-8.494566275221972
2023-03-27,bb7,0.993,1.0,0.22022022022022023,-1.9485863628701547,0.16366666666666668,0.10343677010343677,0.2369869869869869,0.2373333333333333,0.15682349015682348,0.3470136803470137,-8.811189812231023,-9.353595169839853
2023-03-28,student,0.992,1.0,0.22022022022022023,-2.10501152050203,0.17566666666666667,0.10343677010343677,0.2369869869869869,0.269,0.15682349015682348,0.34701368034701363,-8.547509683317683,-9.033652868775306
2023-03-29,bb7,0.992,1.0,0.22022022022022023,0.4379844103101198,0.169,0.10343677010343677,0.24024024024024024,0.25,0.15682349015682348,0.34701368034701363,-8.549903863215667,-9.022515882723948
2023-03-31,bb7,0.991,1.0,0.22022022022022023,1.696322998409285,0.15766666666666665,0.10343677010343677,0.23690357023690356,0.235,0.15682349015682348,0.34376042709376037,-8.723887394312271,-9.2306983623711
2023-04-03,bb7,0.992,1.0,0.22022022022022023,0.8830645250129774,0.16266666666666665,0.10343677010343677,0.23690357023690356,0.24,0.16007674341007674,0.34376042709376037,-8.588134211708828,-9.149202576852964
2023-04-05,bb7,0.993,1.0,0.22022022022022023,2.1802235173146105,0.15433333333333332,0.10343677010343677,0.23690357023690356,0.23766666666666666,0.16007674341007674,0.34376042709376037,-8.653731845623303,-9.215022308514087
2023-04-06,bb7,0.993,1.0,0.22022022022022023,3.328506275583427,0.164,0.10343677010343677,0.23690357023690356,0.23566666666666666,0.16007674341007674,0.3470136803470137,-8.60972105402455,-9.1457379701259
2023-04-10,bb7,0.988,1.0,0.22022022022022023,4.042570695783315,0.16766666666666666,0.10343677010343677,0.23690357023690356,0.242,0.15682349015682348,0.34701368034701363,-8.345443842585196,-8.902524591929916
2023-04-11,bb7,0.993,1.0,0.22022022022022023,4.370932232331455,0.15733333333333333,0.10343677010343677,0.23690357023690356,0.23966666666666667,0.15682349015682348,0.34376042709376037,-8.266314844914694,-8.785910086619232
2023-04-12,student,0.988,1.0,0.22022022022022023,5.21507084593963,0.17633333333333334,0.10343677010343677,0.23690357023690356,0.259,0.15682349015682348,0.34376042709376037,-8.206134515459366,-8.77803393467378
2023-04-13,bb7,0.992,1.0,0.22022022022022023,4.730063822715062,0.16166666666666665,0.10343677010343677,0.23690357023690356,0.241,0.15682349015682348,0.34376042709376037,-8.047177749080937,-8.630700998879437
2023-04-17,bb7,0.992,1.0,0.22022022022022023,4.174032856360235,0.16933333333333334,0.10343677010343677,0.23690357023690356,0.236,0.15682349015682348,0.34376042709376037,-8.209008402966372,-8.787265540596156
2023-04-18,student,0.994,1.0,0.22022022022022023,2.753139842583175,0.18433333333333335,0.10343677010343677,0.23690357023690356,0.278,0.16007674341007674,0.3470136803470137,-8.064676378464053,-8.609909952781933
2023-04-19,student,0.994,1.0,0.22022022022022023,-0.4580862385863774,0.18466666666666667,0.10343677010343677,0.2369869869869869,0.2803333333333333,0.16016016016016016,0.3470136803470137,-8.149163097313524,-8.644387460271355
2023-04-20,bb7,0.994,1.0,0.22022022022022023,-0.2348143587306127,0.16066666666666665,0.10343677010343677,0.23690357023690356,0.24366666666666667,0.16016016016016016,0.3470136803470137,-8.198630876338278,-8.72642655403755
2023-04-21,bb7,0.994,1.0,0.22022022022022023,-1.1080943184296426,0.16033333333333333,0.10343677010343677,0.24024024024024024,0.24133333333333332,0.16016016016016016,0.3470136803470137,-7.9787556094383785,-8.45896889631369
2023-04-24,student,0.994,1.0,0.22022022022022023,-1.0431869659304926,0.17433333333333334,0.10343677010343677,0.24024024024024024,0.25999999999999995,0.16016016016016016,0.3470136803470137,-8.053062150023273,-8.58813878785354
2023-04-25,bb7,0.995,1.0,0.22022022022022023,-1.9564328912962927,0.159,0.10343677010343677,0.2369869869869869,0.2363333333333333,0.16016016016016016,0.3470136803470137,-8.372875302464646,-8.891707969016121
2023-04-26,student,0.994,1.0,0.22022022022022023,-1.1607671653552223,0.17200000000000001,0.10343677010343677,0.24024024024024024,0.25,0.16016016016016016,0.3470136803470137,-8.396737232850338,-8.946543729466004
2023-04-27,student,0.995,1.0,0.22022022022022023,-1.4861776124070576,0.17433333333333334,0.10343677010343677,0.23690357023690356,0.25066666666666665,0.15682349015682348,0.3470136803470137,-8.072115457221258,-8.6236597779669
2023-04-28,student,0.997,1.0,0.22022022022022023,-0.5237004667222748,0.17033333333333334,0.10335335335335336,0.23690357023690356,0.24733333333333332,0.15682349015682348,0.34376042709376037,-8.261746905150318,-8.82279921830144
2023-05-02,bb7,0.994,1.0,0.22022022022022023,1.2004987862249528,0.16333333333333333,0.10343677010343677,0.2336503169836502,0.24966666666666668,0.15682349015682348,0.3404237570904237,-11.183784397018114,-11.832541472022031
2023-05-03,student,0.996,1.0,0.22022022022022023,1.3096854970250327,0.18133333333333335,0.10335335335335336,0.23690357023690356,0.25866666666666666,0.15682349015682348,0.3404237570904237,-10.424685789077953,-11.076226003232645
2023-05-04,student,0.994,1.0,0.22022022022022023,2.95105899398974,0.19233333333333333,0.10343677010343677,0.23690357023690356,0.2743333333333334,0.15682349015682348,0.3404237570904237,-10.439226869267186,-11.106608321045456
2023-05-05,bb7,0.994,1.0,0.22022022022022023,2.2303234768161753,0.168,0.10335335335335336,0.23690357023690356,0.244,0.15682349015682348,0.343677010343677,-10.105753021770525,-10.819240265669785
2023-05-08,student,0.996,1.0,0.22022022022022023,4.254080169875243,0.19033333333333335,0.10343677010343677,0.23690357023690356,0.2733333333333334,0.15682349015682348,0.3404237570904237,-9.837766103155213,-10.546954899869847
2023-05-09,bb7,0.996,1.0,0.21688355021688355,3.340577293627795,0.16266666666666665,0.10343677010343677,0.23690357023690356,0.23966666666666667,0.15682349015682348,0.343677010343677,-9.285513687107485,-9.991382234846666
2023-05-10,bb7,0.994,1.0,0.21688355021688355,3.3802513411160575,0.152,0.10343677010343677,0.23690357023690356,0.228,0.15682349015682348,0.3437604270937603,-9.105252276223705,-9.747197579988464
2023-05-11,bb7,0.994,1.0,0.21688355021688355,3.373662575436175,0.15866666666666665,0.10335335335335336,0.23690357023690356,0.23266666666666666,0.15682349015682348,0.343677010343677,-8.962401646048132,-9.604170550440095
2023-05-12,student,0.994,1.0,0.21688355021688355,3.8045342364423904,0.17066666666666666,0.1001001001001001,0.23690357023690356,0.253,0.15682349015682348,0.3404237570904237,-8.68181302462822,-9.259736987871518
2023-05-15,student,0.994,1.0,0.21688355021688355,4.530207117124157,0.16733333333333333,0.1001001001001001,0.23690357023690356,0.237,0.15682349015682348,0.34050717384050705,-8.647461275231024,-9.211395257050047
2023-05-16,student,0.994,1.0,0.21688355021688355,4.445699771626661,0.19166666666666665,0.1001001001001001,0.23690357023690356,0.274,0.16007674341007674,0.34367701034367704,-8.319541760002991,-8.872379763908462
2023-05-17,bb7,0.994,1.0,0.21688355021688355,3.5403197610037975,0.163,0.10335335335335336,0.23356690023356688,0.25533333333333336,0.16007674341007674,0.34367701034367704,-8.141055824021214,-8.717206446397814
2023-05-18,student,0.994,1.0,0.21688355021688355,1.7765037720757426,0.169,0.1001001001001001,0.23690357023690356,0.263,0.16016016016016016,0.34376042709376037,-7.928243184582108,-8.519889458561268
2023-05-19,student,0.994,1.0,0.22022022022022023,3.893074172286058,0.17566666666666667,0.10335335335335336,0.23690357023690356,0.26166666666666666,0.16016016016016016,0.34367701034367704,-7.864276473187404,-8.395203374630444
2023-05-22,student,0.994,1.0,0.21688355021688355,2.5109389260551396,0.17733333333333334,0.10343677010343677,0.23690357023690356,0.25066666666666665,0.16016016016016016,0.3470136803470137,-8.391075157976248,-8.96025529993853
2023-05-23,student,0.994,1.0,0.21688355021688355,3.2191841850291674,0.17400000000000002,0.10343677010343677,0.23690357023690356,0.252,0.16016016016016016,0.3470136803470137,-8.328876677666965,-8.92046599549078
2023-05-24,bb7,0.994,1.0,0.22022022022022023,2.562999221700042,0.15633333333333332,0.10343677010343677,0.23690357023690356,0.24266666666666667,0.16016016016016016,0.3470136803470137,-8.05025407982871,-8.613531041065805
2023-05-25,student,0.994,1.0,0.22022022022022023,1.48512117637837,0.18566666666666667,0.10343677010343677,0.23690357023690356,0.27466666666666667,0.16016016016016016,0.3470136803470137,-7.958528144293032,-8.466618700519435
2023-05-26,student,0.994,1.0,0.21688355021688355,2.142422866716355,0.17700000000000002,0.10343677010343677,0.23690357023690356,0.24699999999999997,0.16016016016016016,0.3470136803470137,-7.7447138444279515,-8.165295993123916
2023-05-29,bb7,0.993,1.0,0.21688355021688355,1.0869191503073474,0.155,0.10343677010343677,0.23690357023690356,0.25066666666666665,0.16007674341007674,0.34367701034367704,-7.52553718874109,-7.972237688878917
2023-05-30,student,0.993,1.0,0.21688355021688355,1.1318552204443248,0.17800000000000002,0.10343677010343677,0.23690357023690356,0.2623333333333333,0.16007674341007672,0.34367701034367704,-7.36105799613926,-7.780788122763136
2023-05-31,bb7,0.993,1.0,0.21688355021688355,2.1694365215063423,0.15633333333333332,0.10343677010343677,0.23690357023690356,0.2333333333333333,0.15682349015682348,0.34367701034367704,-7.32224907858228,-7.760983470806936
2023-06-01,student,0.992,1.0,0.21688355021688355,4.225907652141805,0.16866666666666666,0.10343677010343677,0.23690357023690356,0.24566666666666667,0.16007674341007672,0.34367701034367704,-7.638537394856048,-8.136391244053186
2023-06-02,student,0.993,1.0,0.21688355021688355,3.137775968348855,0.17366666666666666,0.10343677010343677,0.23690357023690356,0.25033333333333335,0.16007674341007672,0.34367701034367704,-7.772301826311794,-8.227235787583819
2023-06-05,bb7,0.993,1.0,0.21688355021688355,3.1239521855701247,0.159,0.10343677010343677,0.23690357023690356,0.23399999999999999,0.16007674341007672,0.34367701034367704,-7.507152928867074,-7.9232425933470685
2023-06-06,bb7,0.994,1.0,0.21688355021688355,2.4151857283752873,0.14,0.10343677010343677,0.23690357023690356,0.22566666666666665,0.16016016016016016,0.34376042709376037,-7.433104391933392,-7.871652010835056
2023-06-07,student,0.994,1.0,0.21688355021688355,4.050057021164977,0.17200000000000001,0.10343677010343677,0.23690357023690356,0.26233333333333336,0.16016016016016016,0.34376042709376037,-7.4535436049811,-7.91816833475521
2023-06-08,bb7,0.983,1.0,0.21688355021688355,3.5796343590658704,0.148,0.10343677010343677,0.2369869869869869,0.22966666666666666,0.16016016016016016,0.34701368034701363,-7.463466714779228,-7.89403052413552
2023-06-09,bb7,0.993,1.0,0.21688355021688355,1.3817754076238697,0.166,0.10677344010677343,0.2435769102435769,0.24333333333333332,0.16016016016016016,0.3470136803470137,-7.3909557198504405,-7.842863702192616
2023-06-12,bb7,0.982,1.0,0.21688355021688355,1.5906310321760948,0.15433333333333335,0.10343677010343677,0.23690357023690356,0.2233333333333333,0.16016016016016016,0.3470136803470137,-7.279315554161909,-7.724402033685712
2023-06-13,bb7,0.981,1.0,0.22022022022022023,1.9420737706033246,0.16233333333333333,0.10343677010343677,0.24024024024024024,0.24533333333333332,0.16016016016016016,0.3470136803470137,-7.329029359670103,-7.805091352159243
2023-06-14,student,0.981,1.0,0.22022022022022023,2.1472977797502697,0.17033333333333334,0.10343677010343677,0.24024024024024024,0.25966666666666666,0.16016016016016016,0.3470136803470137,-7.343192761147778,-7.8188094780332555
2023-06-15,bb7,0.993,1.0,0.21688355021688355,0.43012287223801193,0.153,0.10343677010343677,0.23690357023690356,0.2253333333333333,0.16016016016016016,0.34376042709376037,-7.282805700499688,-7.750281526832151
2023-06-16,bb7,0.993,1.0,0.22355689022355688,0.6934609843154248,0.14233333333333334,0.10343677010343677,0.23690357023690356,0.20333333333333337,0.16016016016016016,0.34701368034701363,-7.191962684616113,-7.700158194948893
2023-06-19,bb7,0.993,1.0,0.22355689022355688,-0.018922389468260248,0.16266666666666665,0.10343677010343677,0.23690357023690356,0.2373333333333333,0.16007674341007674,0.34367701034367704,-7.261731300092004,-7.8189665318683765
2023-06-20,bb7,0.985,1.0,0.22355689022355688,0.9643955783939724,0.16,0.10343677010343677,0.23690357023690356,0.24466666666666667,0.15682349015682348,0.34367701034367704,-7.437067381124845,-7.974484438150377
2023-06-21,bb7,0.992,1.0,0.21688355021688355,-0.36659387964176005,0.15633333333333332,0.10343677010343677,0.23690357023690356,0.24366666666666667,0.15682349015682348,0.34367701034367704,-7.211760160222899,-7.718292323387419
2023-06-22,bb7,0.988,1.0,0.21688355021688355,-0.7427992938631351,0.16266666666666665,0.10343677010343677,0.23690357023690356,0.23933333333333331,0.15682349015682348,0.34367701034367704,-7.201748008238108,-7.696086575104508
2023-06-23,bb7,0.971,1.0,0.22355689022355688,-0.9457756451468227,0.16866666666666666,0.10343677010343677,0.23690357023690356,0.23566666666666666,0.15682349015682348,0.34367701034367704,-7.433010378175163,-7.959121497274016
2023-06-26,bb7,0.988,1.0,0.22355689022355688,-0.9241259542852476,0.159,0.10343677010343677,0.23690357023690356,0.2253333333333333,0.15682349015682348,0.34367701034367704,-7.4057348402770895,-7.989947697075125
2023-06-27,bb7,0.988,1.0,0.22355689022355688,-0.4950926894507701,0.15733333333333335,0.10343677010343677,0.23690357023690356,0.24466666666666667,0.15682349015682348,0.34367701034367704,-7.245257017816867,-7.803277263656255
2023-06-28,bb7,0.965,1.0,0.22355689022355688,0.12986794221047737,0.169,0.10343677010343677,0.23690357023690356,0.24866666666666667,0.15682349015682348,0.34367701034367704,-7.1357965234067775,-7.663199046674616
2023-06-30,bb7,0.985,1.0,0.22355689022355688,2.467412312617132,0.148,0.10343677010343677,0.23690357023690356,0.22999999999999998,0.15682349015682348,0.34367701034367704,-7.239368483529676,-7.711047256515947
2023-07-03,student,0.95,1.0,0.22355689022355688,2.388149821204675,0.18166666666666667,0.10343677010343677,0.23690357023690356,0.264,0.15682349015682348,0.34376042709376037,-7.139601989129939,-7.617265470827029
2023-07-04,bb7,0.959,1.0,0.22355689022355688,3.1029748029654844,0.158,0.10343677010343677,0.23690357023690356,0.23566666666666666,0.15682349015682348,0.34376042709376037,-7.115962364507973,-7.563501537651765
2023-07-05,bb7,0.966,1.0,0.22355689022355688,2.7775589874636375,0.16733333333333333,0.10343677010343677,0.23690357023690356,0.2513333333333333,0.16007674341007672,0.34701368034701363,-7.195342620505039,-7.644608182919507
2023-07-06,bb7,0.972,1.0,0.22355689022355688,3.5326329229795697,0.143,0.10343677010343677,0.23690357023690356,0.24,0.16007674341007672,0.3470136803470137,-7.018896086990897,-7.479992796835891
2023-07-07,bb7,0.976,1.0,0.22355689022355688,4.723465113228437,0.17200000000000001,0.10343677010343677,0.23690357023690356,0.24266666666666667,0.16016016016016016,0.3470136803470137,-7.209416783302593,-7.647571224360312
2023-07-10,bb7,0.978,1.0,0.22355689022355688,5.540281309112487,0.158,0.10343677010343677,0.23690357023690356,0.24866666666666667,0.16016016016016016,0.3470136803470137,-7.524408146557831,-8.023050387627986
2023-07-11,student,0.974,1.0,0.22355689022355688,5.71007306042908,0.18100000000000002,0.10343677010343677,0.23690357023690356,0.26133333333333336,0.16016016016016016,0.3470136803470137,-7.448859206227964,-7.965150095764059
2023-07-12,bb7,0.993,1.0,0.22355689022355688,4.272801396346625,0.168,0.10343677010343677,0.24024024024024024,0.24166666666666667,0.16016016016016016,0.3470136803470137,-7.282342979843303,-7.762423909228571
2023-07-13,bb7,0.974,1.0,0.22355689022355688,3.382584463240075,0.156,0.10343677010343677,0.24024024024024024,0.22666666666666666,0.16016016016016016,0.3470136803470137,-7.372805450270468,-7.886440065884857
2023-07-14,bb7,0.959,1.0,0.22355689022355688,3.32834750584184,0.17033333333333334,0.10343677010343677,0.24024024024024024,0.24133333333333332,0.16341341341341342,0.3503503503503504,-7.45023903590054,-8.024310144957395
2023-07-17,bb7,0.985,1.0,0.22355689022355688,3.244640940176148,0.171,0.10343677010343677,0.24024024024024024,0.25566666666666665,0.16016016016016016,0.347097097097097,-7.504835730498207,-8.04333124082438
2023-07-18,student,0.988,1.0,0.22355689022355688,3.1365696843952553,0.19000000000000003,0.10677344010677343,0.24024024024024024,0.26699999999999996,0.16016016016016016,0.3503503503503503,-7.172234816770721,-7.728974430013759
2023-07-19,bb7,0.992,1.0,0.23356690023356688,3.280301354153488,0.16366666666666665,0.10669002335669002,0.24032365699032357,0.2383333333333333,0.16349683016349684,0.353687020353687,-6.311113443146394,-6.774655021802504
2023-07-20,bb7,0.988,1.0,0.23356690023356688,2.980591403842118,0.17766666666666667,0.10343677010343677,0.24032365699032357,0.25833333333333336,0.16349683016349684,0.353687020353687,-6.379407089242835,-6.85961271540316
2023-07-21,bb7,0.988,1.0,0.23356690023356688,0.3317706129480351,0.16866666666666666,0.10343677010343677,0.24024024024024024,0.25733333333333336,0.16349683016349684,0.35368702035368704,-6.457560274131882,-6.9083625761490115
2023-07-24,bb7,0.988,1.0,0.23023023023023023,0.8709729042658853,0.166,0.10343677010343677,0.24032365699032357,0.2683333333333333,0.16349683016349684,0.3504337671004337,-6.4554253028312365,-6.866616443261993
2023-07-25,bb7,0.992,1.0,0.23023023023023023,-0.05826294915895999,0.141,0.10669002335669002,0.24032365699032357,0.20833333333333334,0.16349683016349684,0.35368702035368704,-6.347741017513619,-6.697717641740277
2023-07-26,student,0.993,1.0,0.23023023023023023,1.2840968200598577,0.18633333333333335,0.10669002335669002,0.24032365699032357,0.27666666666666667,0.16349683016349684,0.35368702035368704,-6.372830357512274,-6.749362719207222
2023-07-27,bb7,0.993,1.0,0.24024024024024024,1.1651534488649353,0.16866666666666666,0.10677344010677343,0.2435769102435769,0.256,0.16349683016349684,0.35702369035702364,-6.4262046363286105,-6.825840944519601
2023-07-28,bb7,0.992,0.997,0.24024024024024024,-0.6131063162503898,0.17866666666666667,0.10669002335669002,0.2435769102435769,0.25566666666666665,0.16349683016349684,0.3537704371037703,-6.523974708609925,-6.897848726251101
2023-07-31,bb7,0.988,0.998,0.24024024024024024,-0.48214163065879523,0.17900000000000002,0.10343677010343677,0.2435769102435769,0.27366666666666667,0.16349683016349684,0.353687020353687,-6.5470062835229434,-6.947036654669322
2023-08-01,bb7,0.985,0.998,0.24024024024024024,-1.0517048455994478,0.18100000000000002,0.10343677010343677,0.2435769102435769,0.26,0.16349683016349684,0.353687020353687,-6.788981647341958,-7.218470827150475
2023-08-02,bb7,0.985,1.0,0.23690357023690356,-3.030733140882923,0.17366666666666666,0.10343677010343677,0.24024024024024024,0.25433333333333336,0.16349683016349684,0.3537704371037704,-6.490602743334901,-6.928095238286989
2023-08-03,bb7,0.985,1.0,0.23690357023690356,-3.8060313031014603,0.17900000000000002,0.10343677010343677,0.24032365699032357,0.26333333333333336,0.16349683016349684,0.3537704371037704,-6.568006390789123,-6.983943102321091
2023-08-04,bb7,0.984,1.0,0.23690357023690356,-1.8152989282857928,0.17233333333333334,0.10677344010677343,0.24032365699032357,0.24133333333333332,0.16349683016349684,0.3570236903570237,-9.452279078713675,-9.942774452268841
2023-08-07,bb7,0.984,1.0,0.23690357023690356,-1.8928886546222898,0.18400000000000002,0.10677344010677343,0.2435769102435769,0.26833333333333337,0.16349683016349684,0.3570236903570237,-8.963973869051525,-9.423266503060566
2023-08-08,bb7,0.988,1.0,0.23690357023690356,-1.7574120530285198,0.17366666666666666,0.10677344010677343,0.24024024024024024,0.255,0.16349683016349684,0.3570236903570237,-8.35229898947322,-8.819433925116982
2023-08-09,bb7,0.987,1.0,0.24024024024024024,-1.870552933805865,0.171,0.10677344010677343,0.2435769102435769,0.255,0.16349683016349684,0.3570236903570237,-7.789550017826959,-8.244876574543516
2023-08-10,bb7,0.991,1.0,0.2435769102435769,-2.4027748806467377,0.151,0.10677344010677343,0.2435769102435769,0.23399999999999999,0.16349683016349684,0.3570236903570237,-7.34873355797835,-7.753936083404951
2023-08-11,student,0.992,1.0,0.2435769102435769,-2.9393006789274425,0.19633333333333336,0.10677344010677343,0.2435769102435769,0.2916666666666667,0.16349683016349684,0.357107107107107,-7.217925296593923,-7.601157588800243
2023-08-14,bb7,0.993,1.0,0.24024024024024024,-3.5769089955427575,0.16333333333333333,0.10677344010677343,0.2435769102435769,0.252,0.16349683016349684,0.35710710710710697,-6.877069296547075,-7.2658767503714
2023-08-16,bb7,0.993,1.0,0.2435769102435769,-1.9902270498729777,0.169,0.10677344010677343,0.2435769102435769,0.24666666666666667,0.16349683016349684,0.35702369035702364,-6.684368662780711,-7.064740774327978
2023-08-17,bb7,0.992,1.0,0.24024024024024024,-0.7467628414684676,0.17666666666666667,0.10677344010677343,0.2435769102435769,0.25866666666666666,0.16349683016349684,0.35710710710710697,-7.029172201090141,-7.43764614528026
2023-08-18,bb7,0.992,1.0,0.24691358024691357,-0.40309046205641763,0.17266666666666666,0.10677344010677343,0.2435769102435769,0.245,0.16349683016349684,0.35710710710710697,-6.856319224302613,-7.268160227622438
2023-08-21,bb7,0.991,1.0,0.24691358024691357,0.8025240118848,0.17800000000000002,0.10677344010677343,0.2435769102435769,0.26566666666666666,0.16349683016349684,0.357107107107107,-7.042802798651684,-7.500556992918486
2023-08-22,bb7,0.991,1.0,0.24691358024691357,0.6205569982937724,0.16333333333333333,0.10677344010677343,0.2435769102435769,0.24666666666666667,0.16683350016683351,0.3570236903570237,-6.82940677936571,-7.3208023589106395
2023-08-23,bb7,0.991,1.0,0.2435769102435769,0.8323944035815549,0.151,0.10677344010677343,0.2435769102435769,0.2323333333333333,0.16683350016683351,0.357107107107107,-6.744102279517262,-7.283675415253767
2023-08-24,bb7,0.991,1.0,0.23690357023690356,0.4698957774106383,0.16433333333333333,0.10677344010677343,0.24366032699366022,0.267,0.16683350016683351,0.357107107107107,-6.70477549544392,-7.224079172286518
2023-08-25,student,0.992,1.0,0.24691358024691357,0.11575849695659601,0.18533333333333335,0.10677344010677343,0.24691358024691357,0.3006666666666667,0.16683350016683351,0.3603603603603604,-6.585110694434504,-7.132127178405555
2023-08-28,bb7,0.992,1.0,0.24691358024691357,0.8748414964855209,0.16766666666666666,0.10677344010677343,0.24691358024691357,0.25433333333333336,0.16683350016683351,0.3603603603603604,-6.565708841419859,-7.056129972913104
2023-08-29,bb7,0.992,1.0,0.24691358024691357,0.9703584477410783,0.18633333333333332,0.10677344010677343,0.2435769102435769,0.26866666666666666,0.16683350016683351,0.3603603603603604,-6.7920481443595655,-7.317894270484085
2023-08-30,bb7,0.992,0.998,0.24691358024691357,-0.3599481860934541,0.168,0.10677344010677343,0.24366032699366022,0.271,0.16683350016683351,0.3603603603603604,-6.807629979055297,-7.34019937560808
2023-08-31,bb7,0.991,0.999,0.24691358024691357,-0.9598390740868892,0.16433333333333333,0.10677344010677343,0.2435769102435769,0.2593333333333333,0.16683350016683351,0.3603603603603604,-6.831189619057136,-7.352972236379199
2023-09-01,bb7,0.991,1.0,0.2502502502502502,0.1419431392808448,0.17366666666666666,0.10677344010677343,0.2435769102435769,0.258,0.16683350016683351,0.3603603603603604,-6.748814349430915,-7.255886134433479
2023-09-04,bb7,0.992,1.0,0.2502502502502502,0.13438747292122244,0.16466666666666666,0.10677344010677343,0.2435769102435769,0.25166666666666665,0.16683350016683351,0.3603603603603604,-6.607470049186523,-7.1332230561284735
2023-09-05,bb7,0.992,1.0,0.2502502502502502,0.554313830214655,0.16,0.10677344010677343,0.2435769102435769,0.26066666666666666,0.1667500834167501,0.3603603603603604,-6.444879222951295,-6.951365567049383
2023-09-06,bb7,0.991,1.0,0.2502502502502502,0.28075049010688496,0.17300000000000001,0.10677344010677343,0.24691358024691357,0.25766666666666665,0.1667500834167501,0.357107107107107,-6.248781650653351,-6.731365083695644
2023-09-07,bb7,0.991,1.0,0.2502502502502502,0.26388215392108155,0.18100000000000002,0.10677344010677343,0.24366032699366022,0.26733333333333337,0.16683350016683351,0.357107107107107,-6.167547296862049,-6.624698380206977
2023-09-08,bb7,0.991,0.998,0.2569235902569236,1.8506787066657817,0.14533333333333334,0.1100266933600267,0.24691358024691357,0.2273333333333333,0.16683350016683351,0.3603603603603603,-6.099469036083792,-6.485983462625217
2023-09-11,bb7,0.991,0.999,0.2569235902569236,2.9813805734474967,0.16266666666666665,0.1100266933600267,0.24691358024691357,0.2313333333333333,0.16683350016683351,0.3603603603603603,-6.067687345872986,-6.413043972300786
2023-09-12,bb7,0.992,1.0,0.2569235902569236,2.2944448158371866,0.18300000000000002,0.10677344010677343,0.2435769102435769,0.2753333333333333,0.16683350016683351,0.3603603603603603,-5.965638208893986,-6.317014889475706
2023-09-13,bb7,0.991,1.0,0.2535869202535869,2.899925936714487,0.18666666666666668,0.10677344010677343,0.2435769102435769,0.2946666666666667,0.1667500834167501,0.3603603603603603,-6.057770866944656,-6.411563173678762
2023-09-14,bb7,0.987,1.0,0.2535869202535869,3.687571319313427,0.17133333333333334,0.1100266933600267,0.24691358024691357,0.25633333333333336,0.16683350016683351,0.3603603603603604,-5.927348606832948,-6.249850355768775
2023-09-15,bb7,0.986,1.0,0.2535869202535869,2.971080690064065,0.17033333333333334,0.11011011011011011,0.2469969969969969,0.26333333333333336,0.16683350016683351,0.3603603603603604,-5.849286205113042,-6.216461339802706
2023-09-18,bb7,0.986,1.0,0.2535869202535869,2.79450478837065,0.163,0.11011011011011011,0.24691358024691357,0.24166666666666667,0.16683350016683351,0.36044377711044373,-5.800955928923446,-6.171434949460252
2023-09-20,bb7,0.986,0.999,0.2569235902569236,2.0783931621313902,0.16033333333333333,0.11011011011011011,0.24691358024691357,0.24466666666666667,0.16683350016683351,0.3603603603603604,-5.760531257276608,-6.173075588705644
2023-09-21,bb7,0.986,1.0,0.2535869202535869,1.3466663273207224,0.18300000000000002,0.11011011011011011,0.24691358024691357,0.26733333333333337,0.16683350016683351,0.363697030363697,-5.6998583646181284,-6.136235892334078
2023-09-22,bb7,0.983,1.0,0.2602602602602602,1.2909794913835304,0.16366666666666665,0.11011011011011011,0.24691358024691357,0.25733333333333336,0.16683350016683351,0.36369703036369705,-5.7693282440261475,-6.210153943445596
2023-09-25,bb7,0.983,1.0,0.2569235902569236,-0.19601129983840504,0.168,0.1100266933600267,0.24691358024691357,0.251,0.17008675342008678,0.36369703036369705,-5.650163842983794,-6.112168607087009
2023-09-26,bb7,0.986,1.0,0.2602602602602602,-1.3262459031884224,0.171,0.11011011011011011,0.24691358024691357,0.26233333333333336,0.1701701701701702,0.36369703036369705,-5.658148493772067,-6.101676440472371
2023-09-27,bb7,0.928,1.0,0.2569235902569236,-0.512242798992025,0.167,0.11011011011011011,0.2469969969969969,0.249,0.1701701701701702,0.36369703036369705,-5.879464113067059,-6.378704975576855
2023-09-28,bb7,0.987,1.0,0.2569235902569236,-2.2174410458841676,0.19133333333333336,0.11011011011011011,0.24691358024691357,0.27266666666666667,0.1701701701701702,0.36369703036369705,-5.908558139100327,-6.423967104969834
2023-09-29,bb7,0.987,1.0,0.2535869202535869,-1.2942130182600924,0.16566666666666666,0.11011011011011011,0.2502502502502502,0.251,0.1701701701701702,0.36369703036369705,-5.85494031363805,-6.374604595452552
2023-10-03,bb7,0.993,1.0,0.2535869202535869,-1.7029061605817322,0.162,0.1100266933600267,0.2502502502502502,0.26133333333333336,0.1701701701701702,0.36369703036369705,-5.781974745574326,-6.279617745070886
2023-10-04,bb7,0.993,1.0,0.2535869202535869,-2.4380927794604825,0.17733333333333334,0.1100266933600267,0.24691358024691357,0.26599999999999996,0.1701701701701702,0.363697030363697,-5.742511726479759,-6.205860108832466
2023-10-05,bb7,0.992,1.0,0.2535869202535869,-1.0514515309609174,0.15733333333333333,0.11011011011011011,0.2502502502502502,0.24733333333333332,0.17008675342008678,0.36369703036369705,-5.647274023749252,-6.087609796175648
2023-10-06,bb7,0.993,1.0,0.2569235902569236,-0.05088903086950236,0.16333333333333333,0.11011011011011011,0.2502502502502502,0.24766666666666667,0.1701701701701702,0.3670337003670337,-5.735188842665489,-6.116402999257447
2023-10-09,bb7,0.987,1.0,0.2569235902569236,-0.7361418361599122,0.15933333333333333,0.11011011011011011,0.2469969969969969,0.24133333333333332,0.16683350016683351,0.36703370036703364,-5.77747852360226,-6.165021562656035
2023-10-10,bb7,0.987,1.0,0.2602602602602602,1.1308694196447426,0.161,0.10677344010677343,0.2469969969969969,0.25666666666666665,0.17008675342008678,0.36703370036703364,-5.9381572368428275,-6.360796878439892
2023-10-11,bb7,0.987,1.0,0.2602602602602602,1.6507432682235428,0.17666666666666667,0.11011011011011011,0.2469969969969969,0.26499999999999996,0.16683350016683351,0.3637804471137804,-5.806329015454801,-6.2487123990162985
2023-10-12,bb7,0.984,1.0,0.2569235902569236,1.0314293975425501,0.164,0.10677344010677343,0.2469969969969969,0.25666666666666665,0.16683350016683351,0.3637804471137804,-5.716600167356504,-6.145603767959782
2023-10-13,bb7,0.984,1.0,0.2535869202535869,2.4179447624020423,0.18333333333333335,0.11011011011011011,0.2502502502502502,0.2773333333333333,0.1701701701701702,0.36711711711711703,-5.908154313582934,-6.363518730800944
2023-10-16,bb7,0.981,1.0,0.2602602602602602,1.313612028009695,0.15466666666666665,0.10677344010677343,0.2469969969969969,0.23199999999999998,0.1701701701701702,0.3637804471137804,-5.869517672120907,-6.3563542501816945
2023-10-17,bb7,0.987,1.0,0.2602602602602602,1.272934012270855,0.16433333333333333,0.10677344010677343,0.2469969969969969,0.24433333333333332,0.1701701701701702,0.36703370036703364,-5.801410445567615,-6.315110703066803
2023-10-18,bb7,0.989,1.0,0.2602602602602602,1.8892071860995876,0.2006666666666667,0.10677344010677343,0.24691358024691357,0.2936666666666667,0.1701701701701702,0.3637804471137804,-6.232363249384921,-6.762205342836256
2023-10-19,bb7,0.987,1.0,0.2535869202535869,0.7771306657478365,0.17,0.10677344010677343,0.24691358024691357,0.26366666666666666,0.17008675342008678,0.36703370036703364,-6.057903809284073,-6.56554623757885
2023-10-20,bb7,0.987,0.999,0.2535869202535869,-0.688630723545278,0.17333333333333334,0.10677344010677343,0.24691358024691357,0.25133333333333335,0.17008675342008678,0.3637804471137804,-6.012950523100487,-6.503708283545793
2023-10-23,bb7,0.987,0.999,0.2569235902569236,-1.663172430968553,0.151,0.10677344010677343,0.24366032699366022,0.24966666666666668,0.1701701701701702,0.36703370036703364,-6.020914856749432,-6.541825816368884
2023-10-25,bb7,0.987,0.998,0.2535869202535869,-3.509400558162833,0.17,0.10677344010677343,0.24366032699366022,0.26133333333333336,0.1701701701701702,0.3637804471137804,-6.001356729356492,-6.519419252189912
2023-10-26,bb7,0.984,0.999,0.2535869202535869,-4.9567926276512,0.16033333333333333,0.10677344010677343,0.24691358024691357,0.2373333333333333,0.1734234234234234,0.3637804471137804,-5.90082422820906,-6.369763751996283
2023-10-27,bb7,0.984,0.998,0.2535869202535869,-2.843728101847036,0.18066666666666667,0.10677344010677343,0.24691358024691357,0.297,0.17342342342342343,0.36703370036703364,-5.861381325914393,-6.3206582083013485
2023-10-30,bb7,0.985,0.998,0.2535869202535869,-3.508580096262638,0.19033333333333335,0.1100266933600267,0.2469969969969969,0.2803333333333333,0.1701701701701702,0.36703370036703364,-6.3456981681062405,-6.844461767075239
2023-10-31,bb7,0.987,0.998,0.2535869202535869,-3.4814755540669653,0.17800000000000002,0.11011011011011011,0.2469969969969969,0.26266666666666666,0.1701701701701702,0.36703370036703364,-6.206503331133249,-6.609675188496803
2023-11-01,bb7,0.987,0.998,0.2535869202535869,-3.622775312966053,0.163,0.10677344010677343,0.24691358024691357,0.248,0.1701701701701702,0.36703370036703364,-6.169768898713569,-6.611951930542534
2023-11-02,bb7,0.991,0.998,0.2502502502502502,-2.6109648292047836,0.19066666666666665,0.10677344010677343,0.24691358024691357,0.2763333333333333,0.1701701701701702,0.36703370036703364,-6.196233447125618,-6.675491206861587
2023-11-03,bb7,0.993,0.998,0.2535869202535869,-1.1768023981482043,0.17933333333333334,0.10677344010677343,0.24691358024691357,0.26866666666666666,0.1701701701701702,0.36703370036703364,-6.2143285567638,-6.698561443326167
2023-11-06,bb7,0.993,0.998,0.2535869202535869,-0.05679014486098988,0.168,0.1100266933600267,0.24691358024691357,0.2383333333333333,0.1701701701701702,0.36703370036703364,-6.261088676406956,-6.759067635177054
2023-11-07,bb7,0.993,0.996,0.2435769102435769,1.6492159917431597,0.161,0.1100266933600267,0.2502502502502502,0.259,0.1701701701701702,0.3670337003670337,-6.491805130044765,-7.000426536845746
2023-11-08,bb7,0.993,0.997,0.24024024024024024,2.2268410109875822,0.159,0.1100266933600267,0.24691358024691357,0.24933333333333332,0.1701701701701702,0.36703370036703364,-6.60481663474613,-7.141528039512523
2023-11-09,bb7,0.989,0.997,0.24024024024024024,2.753261396819957,0.17766666666666667,0.1100266933600267,0.24691358024691357,0.25766666666666665,0.1701701701701702,0.36703370036703364,-6.514918640549,-7.0511242863509
2023-11-10,bb7,0.991,0.997,0.24024024024024024,1.2102214247056977,0.18033333333333335,0.1100266933600267,0.24699699699699693,0.2786666666666667,0.17350684017350684,0.36703370036703364,-6.570717313126547,-7.135757507563945
2023-11-13,bb7,0.991,0.998,0.2435769102435769,1.7814208067045019,0.17700000000000002,0.10677344010677343,0.2502502502502502,0.26533333333333337,0.1701701701701702,0.36711711711711703,-6.547195821405911,-7.050676786941478
2023-11-15,student,0.993,0.998,0.22355689022355688,3.4472307666018422,0.18000000000000002,0.10677344010677343,0.24691358024691357,0.2856666666666667,0.16683350016683351,0.3637804471137804,-7.128313389454602,-7.669612311581919
2023-11-16,bb7,0.993,0.998,0.22355689022355688,4.8035209280199425,0.15566666666666665,0.10677344010677343,0.2469969969969969,0.23066666666666666,0.16683350016683351,0.3637804471137804,-6.999073761261532,-7.535389441540337
2023-11-17,bb7,0.993,0.998,0.22022022022022023,2.932163454189267,0.169,0.10677344010677343,0.2469969969969969,0.24966666666666668,0.1701701701701702,0.3637804471137804,-7.0045982390765085,-7.477700688083557
2023-11-20,bb7,0.987,0.998,0.2435769102435769,1.1969087762237018,0.17066666666666666,0.1100266933600267,0.25033366700033355,0.259,0.17350684017350684,0.3703703703703703,-6.24366001249758,-6.700822446789769
2023-11-21,bb7,0.987,1.0,0.23690357023690356,1.483649009761437,0.17700000000000002,0.1100266933600267,0.25033366700033355,0.25033333333333335,0.1701701701701702,0.36703370036703364,-6.233503124886427,-6.66794953270228
2023-11-22,bb7,0.987,1.0,0.23690357023690356,1.6400255172385647,0.169,0.11011011011011011,0.25033366700033355,0.25766666666666665,0.1701701701701702,0.3670337003670337,-6.068077720729045,-6.52395635837266
2023-11-23,bb7,0.987,1.0,0.23690357023690356,1.5529608655597822,0.18233333333333335,0.1100266933600267,0.2502502502502502,0.273,0.1701701701701702,0.36703370036703364,-6.140475658305561,-6.559137064905006
2023-11-24,bb7,0.987,0.999,0.24024024024024024,1.6287073210244243,0.18033333333333335,0.1100266933600267,0.2502502502502502,0.25433333333333336,0.17008675342008678,0.36703370036703364,-6.197282864122703,-6.657950952071062
2023-11-28,bb7,0.984,0.998,0.24024024024024024,2.6188337709485774,0.18733333333333335,0.1100266933600267,0.2502502502502502,0.2763333333333334,0.1701701701701702,0.36703370036703364,-6.11079335411759,-6.620514769560592
2023-11-29,bb7,0.984,0.998,0.23690357023690356,3.5986519343354675,0.16833333333333333,0.1100266933600267,0.25033366700033355,0.26366666666666666,0.1701701701701702,0.36703370036703364,-5.885463537575998,-6.366502177761302
2023-11-30,bb7,0.984,0.998,0.24024024024024024,1.7638256989152044,0.17233333333333334,0.11011011011011011,0.2535869202535869,0.24833333333333332,0.17350684017350684,0.36711711711711703,-6.013330142478886,-6.499851263808209
2023-12-01,bb7,0.98,0.998,0.24024024024024024,1.19047698143589,0.17266666666666666,0.11011011011011011,0.2502502502502502,0.27266666666666667,0.17350684017350684,0.3703703703703703,-6.102620369109471,-6.579392549780089
2023-12-04,student,0.981,0.998,0.2435769102435769,3.41223959687159,0.19766666666666666,0.11011011011011011,0.2502502502502502,0.3076666666666667,0.17008675342008678,0.36703370036703364,-6.546163531984771,-7.037976141426606
2023-12-05,bb7,0.981,0.999,0.24691358024691357,4.012459958221577,0.161,0.11011011011011011,0.2502502502502502,0.264,0.1701701701701702,0.36703370036703364,-6.484344972275298,-6.971619425516011
2023-12-06,bb7,0.984,0.998,0.24691358024691357,4.6799658789333,0.16166666666666665,0.1100266933600267,0.2502502502502502,0.25166666666666665,0.1701701701701702,0.36703370036703364,-6.140712580647618,-6.605712018787386
2023-12-07,bb7,0.98,0.998,0.24691358024691357,3.809361934466757,0.18466666666666667,0.1100266933600267,0.2503336670003336,0.246,0.1701701701701702,0.36703370036703364,-6.127371168013587,-6.595344703503054
2023-12-08,bb7,0.975,0.998,0.24691358024691357,4.286972971186345,0.18700000000000003,0.1100266933600267,0.2535869202535869,0.27266666666666667,0.1701701701701702,0.36703370036703364,-6.02504328117288,-6.456720130411048
2023-12-11,student,0.981,0.998,0.24691358024691357,4.743686373219468,0.20266666666666666,0.1100266933600267,0.2535869202535869,0.309,0.1701701701701702,0.36703370036703364,-6.054778023394598,-6.481220622286942
2023-12-12,bb7,0.983,0.998,0.24691358024691357,3.165368643716727,0.18133333333333335,0.11011011011011011,0.2535869202535869,0.26166666666666666,0.1701701701701702,0.3670337003670337,-5.945572265338511,-6.38875104197279
2023-12-13,bb7,0.981,0.997,0.24691358024691357,2.12221537876354,0.17500000000000002,0.1100266933600267,0.2535869202535869,0.27999999999999997,0.1701701701701702,0.3670337003670337,-5.941380083813683,-6.424227677744092
2023-12-14,bb7,0.984,0.998,0.24691358024691357,3.4428401778514823,0.19166666666666668,0.11011011011011011,0.2535869202535869,0.2846666666666667,0.1701701701701702,0.36711711711711703,-5.9042791281251485,-6.350100259601643
2023-12-15,bb7,0.984,0.997,0.24691358024691357,5.75764126331916,0.18466666666666667,0.11011011011011011,0.2503336670003336,0.2623333333333333,0.17350684017350684,0.3670337003670337,-5.782535058630772,-6.260614565132218
2023-12-18,bb7,0.982,0.997,0.24691358024691357,4.043758578366602,0.15933333333333333,0.11011011011011011,0.2502502502502502,0.251,0.17350684017350684,0.3670337003670337,-6.021762729289886,-6.5039337203075345
2023-12-19,bb7,0.984,0.998,0.24691358024691357,4.269904592065643,0.17500000000000002,0.11011011011011011,0.2502502502502502,0.26433333333333336,0.1701701701701702,0.3670337003670337,-6.010296719293516,-6.526225533126666
2023-12-20,bb7,0.978,0.997,0.24691358024691357,1.4548322793622703,0.19433333333333333,0.11011011011011011,0.2502502502502502,0.28833333333333333,0.1701701701701702,0.3670337003670337,-6.058104625966663,-6.530640864963268
2023-12-21,bb7,0.976,0.998,0.24691358024691357,2.331298559148263,0.18366666666666667,0.11011011011011011,0.2502502502502502,0.286,0.1701701701701702,0.3670337003670337,-6.077836110047407,-6.550174972228993
2023-12-22,bb7,0.971,0.998,0.24691358024691357,2.953736025322823,0.18933333333333335,0.10677344010677343,0.2502502502502502,0.28800000000000003,0.1701701701701702,0.3637804471137804,-6.136245248966612,-6.612454426107817
2023-12-26,bb7,0.971,0.998,0.24691358024691357,2.618333739131576,0.16133333333333333,0.1100266933600267,0.2502502502502502,0.252,0.1701701701701702,0.36703370036703364,-6.029681935932546,-6.464448692305437
2023-12-27,bb7,0.974,0.998,0.24691358024691357,4.838574991507485,0.15933333333333335,0.11011011011011011,0.2502502502502502,0.22999999999999998,0.1701701701701702,0.36711711711711703,-5.8791153643960605,-6.298054991638492
2023-12-28,bb7,0.982,0.998,0.24691358024691357,5.453404827670313,0.18300000000000002,0.10677344010677343,0.2502502502502502,0.266,0.1701701701701702,0.36703370036703364,-6.026333954413714,-6.45466387276705
2023-12-29,bb7,0.984,0.998,0.24691358024691357,4.840896118554006,0.162,0.1100266933600267,0.2502502502502502,0.25266666666666665,0.1701701701701702,0.36703370036703364,-6.176120506338868,-6.611849399379103
2024-01-01,bb7,0.985,0.998,0.24691358024691357,2.4854938636282706,0.17766666666666667,0.11011011011011011,0.2502502502502502,0.26166666666666666,0.1701701701701702,0.36711711711711703,-6.780136178655737,-7.251558763925035
2024-01-02,bb7,0.984,0.999,0.24691358024691357,1.6952279757047855,0.17266666666666666,0.11011011011011011,0.2502502502502502,0.265,0.1701701701701702,0.3703703703703703,-6.499203199897769,-6.90980271678204
2024-01-03,bb7,0.983,0.999,0.24691358024691357,0.6017991601888749,0.18233333333333335,0.11011011011011011,0.2502502502502502,0.27266666666666667,0.1701701701701702,0.3703703703703703,-6.221541702541169,-6.62522392573104
2024-01-04,bb7,0.984,0.998,0.2502502502502502,3.2162116909856073,0.18033333333333332,0.11011011011011011,0.2502502502502502,0.275,0.1701701701701702,0.36711711711711703,-6.642738832653009,-7.08504288499173
2024-01-05,bb7,0.98,0.998,0.2502502502502502,3.2597065337231323,0.18166666666666667,0.11011011011011011,0.2502502502502502,0.2786666666666667,0.17350684017350684,0.3703703703703703,-6.473965153566216,-6.934262668496975
2024-01-08,bb7,0.985,0.999,0.2502502502502502,1.118516312902387,0.16133333333333333,0.11011011011011011,0.2502502502502502,0.25633333333333336,0.1734234234234234,0.36711711711711703,-6.3762108360931435,-6.903974467926522
2024-01-09,bb7,0.985,0.998,0.2502502502502502,1.8560108760053347,0.18333333333333335,0.11011011011011011,0.2502502502502502,0.263,0.1734234234234234,0.36711711711711703,-6.195415222610173,-6.691823974234767
2024-01-10,bb7,0.95,1.0,0.2502502502502502,0.06381013165698476,0.17533333333333334,0.11011011011011011,0.2502502502502502,0.2803333333333333,0.17350684017350684,0.36711711711711703,-6.237409305770854,-6.720906105130975
2024-01-11,bb7,0.988,0.999,0.2502502502502502,-1.3227334520095155,0.169,0.11011011011011011,0.2502502502502502,0.256,0.17350684017350684,0.36711711711711703,-6.1908122688439615,-6.693182173149506
2024-01-12,bb7,0.994,0.998,0.2502502502502502,0.7672974383363922,0.17033333333333334,0.11011011011011011,0.2502502502502502,0.26133333333333336,0.17350684017350684,0.3703703703703703,-6.161978653891024,-6.625536126560054
2024-01-15,bb7,0.993,0.998,0.2502502502502502,1.4258207012908168,0.167,0.11011011011011011,0.2502502502502502,0.261,0.17350684017350684,0.3703703703703704,-6.120907968696849,-6.5143047552549325
2024-01-16,bb7,0.988,0.998,0.2502502502502502,2.0781856876540195,0.17500000000000002,0.11011011011011011,0.2502502502502502,0.27266666666666667,0.17350684017350684,0.3703703703703704,-6.3417238889979,-6.7405701579700095
2024-01-17,bb7,0.992,0.998,0.2502502502502502,2.0508529255800347,0.16133333333333333,0.11011011011011011,0.2502502502502502,0.253,0.17350684017350684,0.36711711711711703,-6.519715688320459,-6.9340488303786705
2024-01-18,bb7,0.992,0.998,0.2502502502502502,1.7793234282787,0.16666666666666666,0.11011011011011011,0.2502502502502502,0.261,0.17350684017350684,0.36711711711711703,-6.337535705662343,-6.759796161313461
2024-01-19,bb7,0.97,1.0,0.2502502502502502,1.9086122716502723,0.16333333333333333,0.11011011011011011,0.2502502502502502,0.2373333333333333,0.17350684017350684,0.36711711711711703,-6.206911500785398,-6.639837719593213
2024-01-23,bb7,0.988,0.998,0.2502502502502502,-0.6924499874745553,0.17533333333333334,0.11011011011011011,0.2502502502502502,0.258,0.17350684017350684,0.36711711711711703,-6.299205828990929,-6.748626362490755
2024-01-24,bb7,0.985,0.998,0.2435769102435769,0.9647096132996076,0.17400000000000002,0.11011011011011011,0.2502502502502502,0.25533333333333336,0.17350684017350684,0.37045378712045374,-6.156998555400352,-6.6007050727879975
2024-01-25,bb7,0.985,0.998,0.2435769102435769,0.5916488322105896,0.17066666666666666,0.11011011011011011,0.2502502502502502,0.26733333333333337,0.17350684017350684,0.3703703703703703,-5.944043815577493,-6.374862956503069
2024-01-29,bb7,0.985,0.999,0.2435769102435769,2.5334882892356747,0.16433333333333333,0.11011011011011011,0.2502502502502502,0.242,0.17350684017350684,0.3703703703703704,-6.175023379993219,-6.642356392426924
2024-01-30,bb7,0.978,0.998,0.2435769102435769,0.7336552668222496,0.19033333333333333,0.11011011011011011,0.2502502502502502,0.27599999999999997,0.17350684017350684,0.3703703703703704,-7.008634372497496,-7.5547148680532885
2024-01-31,bb7,0.984,0.998,0.2535869202535869,1.3574800911663678,0.17266666666666666,0.11002669336002667,0.2502502502502502,0.26966666666666667,0.17342342342342343,0.37045378712045374,-6.918254755113359,-7.425390412319357
2024-02-01,bb7,0.974,0.997,0.2569235902569236,1.617010931171485,0.16566666666666666,0.10677344010677343,0.2502502502502502,0.2593333333333333,0.17342342342342343,0.37045378712045374,-6.611745260077867,-7.12621501180049
2024-02-02,bb7,0.964,0.997,0.24691358024691357,2.7989625369494204,0.16966666666666663,0.10677344010677343,0.2502502502502502,0.2743333333333333,0.17350684017350684,0.37370704037370706,-6.507577217251344,-7.004207888923745
2024-02-05,bb7,0.957,0.998,0.24691358024691357,3.0421011396434423,0.17400000000000002,0.10677344010677343,0.2502502502502502,0.27133333333333337,0.17350684017350684,0.37370704037370706,-6.237042602189095,-6.701874578458272
2024-02-06,bb7,0.958,0.998,0.24691358024691357,3.8183276324311555,0.18433333333333335,0.10677344010677343,0.2502502502502502,0.277,0.17350684017350684,0.37370704037370706,-6.087406276471674,-6.546472739793903
2024-02-07,bb7,0.967,0.998,0.2535869202535869,7.887602108188334,0.17033333333333334,0.11011011011011011,0.2502502502502502,0.254,0.17350684017350684,0.37370704037370706,-7.828620977346147,-8.501981278347456
2024-02-08,bb7,0.97,0.998,0.2569235902569236,6.353693599719525,0.18066666666666667,0.11011011011011011,0.2502502502502502,0.2836666666666667,0.17350684017350684,0.37370704037370706,-7.909099448025769,-8.558865750352822
2024-02-09,bb7,0.964,0.998,0.2569235902569236,7.165177530317541,0.16666666666666666,0.11011011011011011,0.2502502502502502,0.267,0.17350684017350684,0.3737904571237904,-7.464136059490941,-8.08757028638705
2024-02-12,bb7,0.964,0.998,0.2569235902569236,4.955106955057097,0.17866666666666667,0.11011011011011011,0.2502502502502502,0.26333333333333336,0.17350684017350684,0.3737904571237904,-7.329968006396224,-7.956582487916833
2024-02-13,bb7,0.967,0.998,0.2602602602602602,4.430018294974764,0.17533333333333334,0.11011011011011011,0.2502502502502502,0.2663333333333333,0.17350684017350684,0.37370704037370706,-7.082168696831232,-7.671609946802829
2024-02-14,bb7,0.945,0.996,0.26359693026359693,3.789094585186702,0.17833333333333334,0.11011011011011011,0.2502502502502502,0.26466666666666666,0.1767600934267601,0.3770437103770437,-6.960987206019716,-7.528654889901501
2024-02-15,bb7,0.908,0.995,0.26359693026359693,4.240997750014304,0.18166666666666667,0.1100266933600267,0.2502502502502502,0.27066666666666667,0.1767600934267601,0.3770437103770437,-6.640284496322966,-7.202714480463283
2024-02-16,bb7,0.901,0.994,0.2602602602602602,4.7154772142081995,0.149,0.10677344010677343,0.2502502502502502,0.2383333333333333,0.17350684017350684,0.37370704037370706,-6.490872877957412,-7.063171172914041
2024-02-19,bb7,0.979,0.997,0.2602602602602602,4.161322874483615,0.18233333333333332,0.1100266933600267,0.24699699699699693,0.269,0.17350684017350684,0.37370704037370706,-6.775152329707188,-7.369733328011933
2024-02-20,bb7,0.972,0.996,0.2602602602602602,2.67105588050257,0.166,0.10677344010677343,0.2502502502502502,0.24333333333333332,0.17350684017350684,0.37370704037370706,-6.681630710554362,-7.2779011861725325
2024-02-21,bb7,0.973,0.996,0.2602602602602602,2.2274934573886096,0.18066666666666667,0.10677344010677343,0.24699699699699693,0.295,0.17350684017350684,0.37370704037370706,-6.837588919047237,-7.418416920398565
2024-02-22,bb7,0.967,0.997,0.2602602602602602,2.0202342929593495,0.15733333333333333,0.10677344010677343,0.2469135802469136,0.24433333333333332,0.17350684017350684,0.37370704037370706,-6.778707791458963,-7.286317122778089
2024-02-23,bb7,0.977,0.997,0.27027027027027023,1.5436601358802722,0.17266666666666666,0.10677344010677343,0.24699699699699693,0.2776666666666667,0.17350684017350684,0.37370704037370706,-6.785005252571564,-7.303876158116323
2024-02-26,bb7,0.979,0.997,0.27027027027027023,2.3204235395057444,0.19233333333333333,0.10677344010677343,0.24691358024691357,0.304,0.17350684017350684,0.37370704037370706,-6.795090989961184,-7.331843210871664
2024-02-27,bb7,0.954,1.0,0.2669336002669336,2.541619621923572,0.16366666666666665,0.10677344010677343,0.24691358024691357,0.25133333333333335,0.17350684017350684,0.37370704037370706,-6.5956904129415275,-7.0488195353167065
2024-02-28,bb7,0.979,0.998,0.27027027027027023,1.4540820638943648,0.17166666666666666,0.10677344010677343,0.24691358024691357,0.2683333333333333,0.17350684017350684,0.37370704037370706,-6.955809874033276,-7.430132868732606
2024-02-29,bb7,0.903,0.996,0.27027027027027023,0.9506558454842322,0.18033333333333335,0.10677344010677343,0.24691358024691357,0.26566666666666666,0.17350684017350684,0.37370704037370706,-6.910138587892582,-7.343137835710902
2024-03-01,bb7,0.98,0.998,0.27360694027360694,1.14732626847551,0.15433333333333332,0.10677344010677343,0.24366032699366022,0.2373333333333333,0.17350684017350684,0.37370704037370706,-6.853257246528614,-7.312614894673186
2024-03-04,bb7,0.994,0.998,0.27360694027360694,1.2653553793302448,0.18533333333333335,0.10677344010677343,0.24691358024691357,0.27699999999999997,0.17350684017350684,0.37370704037370706,-6.744522302067917,-7.246559897582796
2024-03-05,bb7,0.991,0.998,0.27360694027360694,1.9859201300363023,0.15866666666666668,0.10677344010677343,0.24691358024691357,0.238,0.17350684017350684,0.37370704037370706,-6.608187734312607,-7.060076354081051
2024-03-06,bb7,0.973,1.0,0.27027027027027023,2.246013419240592,0.19033333333333333,0.10677344010677343,0.24691358024691357,0.2776666666666667,0.17350684017350684,0.37370704037370706,-6.626455442094169,-7.078504514761951
2024-03-07,bb7,0.985,0.998,0.2569235902569236,2.7719182564730476,0.15733333333333333,0.10677344010677343,0.24691358024691357,0.25833333333333336,0.1701701701701702,0.3703703703703704,-6.371452850225888,-6.7908143302820605
2024-03-11,bb7,0.988,0.998,0.2569235902569236,1.576542836747897,0.18300000000000002,0.10677344010677343,0.24691358024691357,0.27899999999999997,0.1701701701701702,0.3703703703703704,-6.237581337990627,-6.645406476848769
2024-03-12,bb7,0.988,1.0,0.2569235902569236,1.0696474543330021,0.18433333333333332,0.10677344010677343,0.24691358024691357,0.2816666666666667,0.1701701701701702,0.3703703703703703,-6.015179355183752,-6.4089215713267205
2024-03-13,bb7,0.985,0.999,0.2502502502502502,-1.5952063613125826,0.16433333333333333,0.10677344010677343,0.24691358024691357,0.25733333333333336,0.17008675342008672,0.3703703703703703,-5.886958311237407,-6.282419096737365
2024-03-14,student,0.987,0.999,0.24024024024024024,-0.9811703894722452,0.19266666666666668,0.10677344010677343,0.24366032699366022,0.29,0.16683350016683351,0.3703703703703703,-5.801624312567953,-6.212174650165032
2024-03-15,bb7,0.987,0.999,0.23023023023023023,-2.1576674901592305,0.18000000000000002,0.10677344010677343,0.24366032699366022,0.27666666666666667,0.16683350016683351,0.36711711711711703,-5.735021868204323,-6.141598300862308
2024-03-18,bb7,0.988,0.999,0.22689356022689355,-3.364854596066115,0.165,0.10677344010677343,0.2435769102435769,0.26466666666666666,0.16683350016683351,0.36369703036369705,-5.904347161658804,-6.394448448414676
2024-03-19,student,0.988,1.0,0.22022022022022023,-5.208775283897207,0.18466666666666667,0.10677344010677343,0.2435769102435769,0.28400000000000003,0.16683350016683351,0.36369703036369705,-5.798750247150543,-6.263854600747945
2024-03-20,bb7,0.945,0.995,0.22689356022689355,-6.162769007925764,0.152,0.10677344010677343,0.2435769102435769,0.23566666666666666,0.16683350016683351,0.3603603603603604,-5.956399075816338,-6.452174535324444
2024-03-21,student,0.984,0.999,0.22355689022355688,-5.324298849879903,0.17566666666666667,0.10677344010677343,0.2435769102435769,0.2783333333333334,0.16683350016683351,0.3603603603603604,-5.716272549957594,-6.191103127204966
2024-03-22,bb7,0.984,1.0,0.24024024024024024,-6.287035351266155,0.18266666666666667,0.10677344010677343,0.2435769102435769,0.29,0.16683350016683351,0.3603603603603604,-5.618529729584166,-6.110852831558322
2024-03-26,bb7,0.937,0.997,0.24024024024024024,-5.513948498541723,0.17,0.10677344010677343,0.2435769102435769,0.25433333333333336,0.16683350016683351,0.3603603603603604,-5.610168585343831,-6.085785119911874
2024-03-27,bb7,0.933,0.996,0.24024024024024024,-5.418030308521855,0.17733333333333334,0.10677344010677343,0.2435769102435769,0.267,0.16683350016683351,0.3603603603603604,-5.5555890695530055,-6.048037617550868
2024-03-28,bb7,0.988,1.0,0.23356690023356688,-1.6820589671618174,0.17133333333333334,0.10343677010343677,0.2435769102435769,0.2743333333333333,0.17008675342008672,0.3637804471137804,-5.803435742288048,-6.291522342813658
2024-04-01,bb7,0.994,1.0,0.23023023023023023,-1.8353690242234095,0.18666666666666668,0.10343677010343677,0.2435769102435769,0.2783333333333333,0.16683350016683351,0.363697030363697,-5.935094574621831,-6.429968087747675
2024-04-02,bb7,0.994,1.0,0.2435769102435769,-0.21162771405204245,0.17466666666666666,0.10343677010343677,0.24691358024691357,0.27166666666666667,0.16683350016683351,0.363697030363697,-5.880924943047407,-6.347811225496498
2024-04-03,bb7,0.994,1.0,0.2435769102435769,-0.09871536475521983,0.15866666666666665,0.10343677010343677,0.24024024024024024,0.253,0.16683350016683351,0.363697030363697,-5.82706141071108,-6.2373799600013795
2024-04-04,student,0.987,1.0,0.24024024024024024,1.31612098237151,0.20166666666666666,0.10343677010343677,0.24024024024024024,0.299,0.16683350016683351,0.36369703036369705,-5.892869575461836,-6.294108576939674
2024-04-05,bb7,0.987,1.0,0.2435769102435769,1.688266675245865,0.15966666666666665,0.10343677010343677,0.24032365699032357,0.2533333333333333,0.16675008341675007,0.3603603603603603,-5.913324958955853,-6.2632014945397945
2024-04-08,bb7,0.986,1.0,0.24024024024024024,1.0225165511810927,0.18300000000000002,0.10343677010343677,0.24024024024024024,0.2803333333333333,0.1667500834167501,0.3570236903570237,-5.841409837136042,-6.160355549267061
2024-04-09,bb7,0.983,1.0,0.23023023023023023,1.1519354347324673,0.15866666666666665,0.10343677010343677,0.23690357023690356,0.24733333333333332,0.16349683016349684,0.3537704371037704,-5.825778452574112,-6.135447648136422
2024-04-10,bb7,0.983,1.0,0.22689356022689355,2.434635036344895,0.16933333333333334,0.10343677010343677,0.23690357023690356,0.25433333333333336,0.1634134134134134,0.35368702035368704,-5.7804661903532395,-6.1336530383771235
2024-04-12,bb7,0.986,1.0,0.22022022022022023,2.03070263367728,0.17500000000000002,0.10343677010343677,0.23690357023690356,0.252,0.16016016016016016,0.3504337671004337,-5.6831636572211615,-6.0500628024184575
2024-04-15,student,0.987,1.0,0.22022022022022023,-0.9713118608991025,0.17766666666666667,0.10343677010343677,0.23690357023690356,0.2856666666666667,0.1634134134134134,0.3504337671004337,-5.611025340934117,-5.963422838915681
2024-04-16,bb7,0.982,1.0,0.22689356022689355,-2.31915456804314,0.16633333333333333,0.10343677010343677,0.23690357023690356,0.25566666666666665,0.1634134134134134,0.3504337671004337,-5.413176811693849,-5.739220245236655
2024-04-18,bb7,0.986,1.0,0.22689356022689355,-3.452029004121513,0.15933333333333333,0.1001001001001001,0.23690357023690356,0.25333333333333335,0.16016016016016016,0.3504337671004337,-5.335155453917761,-5.625409468759277
2024-04-19,bb7,0.986,1.0,0.22689356022689355,-3.415802153689735,0.18800000000000003,0.1001001001001001,0.23690357023690356,0.27266666666666667,0.1634134134134134,0.3504337671004337,-5.3037821286593445,-5.615556020772791
2024-04-22,bb7,0.973,1.0,0.1901901901901902,-1.9198520330865607,0.162,0.1001001001001001,0.23690357023690356,0.236,0.16016016016016016,0.3503503503503503,-5.194714040911062,-5.439738174701501
2024-04-23,student,0.979,0.998,0.1801801801801802,-0.9165790266614524,0.16666666666666666,0.1001001001001001,0.23356690023356688,0.24533333333333332,0.16016016016016016,0.3503503503503503,-5.26801963833568,-5.534265835371711
2024-04-24,student,0.978,0.998,0.18351685018351685,-1.268087910976428,0.17333333333333334,0.1001001001001001,0.23356690023356688,0.255,0.16016016016016016,0.3470136803470137,-5.2253458767487535,-5.519192808900592
2024-04-25,student,0.943,0.996,0.18351685018351685,0.026035052093715372,0.15633333333333332,0.1001001001001001,0.23690357023690356,0.24733333333333332,0.16016016016016016,0.3470136803470137,-5.145334298504819,-5.4485437453494034
2024-04-26,bb7,0.982,0.999,0.1901901901901902,-1.373782645435576,0.14,0.1001001001001001,0.23356690023356688,0.23399999999999999,0.16016016016016016,0.3470136803470137,-5.2186356172286095,-5.523299848348951
2024-04-29,bb7,0.983,0.999,0.1901901901901902,0.5214486374990476,0.15333333333333332,0.1001001001001001,0.23356690023356688,0.23933333333333331,0.16016016016016016,0.347097097097097,-5.2277111024194785,-5.529538210976943
2024-04-30,bb7,0.99,0.998,0.18351685018351685,1.9859664739421372,0.15066666666666664,0.1001001001001001,0.23356690023356688,0.22799999999999998,0.16016016016016016,0.3503503503503503,-5.244337669860046,-5.552511718054126
2024-05-02,bb7,0.955,0.998,0.18351685018351685,3.4067188617888595,0.1496666666666667,0.1001001001001001,0.23356690023356688,0.2223333333333333,0.16007674341007674,0.3470136803470137,-5.399472582088954,-5.717436680139464
2024-05-03,student,0.955,0.998,0.1901901901901902,3.7842416233724445,0.15833333333333333,0.1001001001001001,0.23031364698031356,0.24633333333333332,0.16007674341007672,0.34367701034367704,-5.159959879923185,-5.470539470365447
2024-05-06,student,0.992,0.998,0.1901901901901902,3.7124049812810345,0.17266666666666666,0.09676343009676343,0.23023023023023023,0.27166666666666667,0.16007674341007672,0.343677010343677,-5.135501760439267,-5.469611876179088
2024-05-07,bb7,0.97,0.998,0.1901901901901902,3.159280891824,0.16366666666666665,0.09676343009676343,0.23023023023023023,0.238,0.16016016016016016,0.34376042709376037,-5.095269077179575,-5.424671768316255
2024-05-08,bb7,0.964,0.998,0.19352686019352686,2.41507717484501,0.158,0.09676343009676343,0.23023023023023023,0.241,0.16016016016016016,0.3470136803470137,-5.086776568601281,-5.431096340390952
2024-05-09,student,0.948,0.997,0.19352686019352686,3.2885765961753153,0.15466666666666667,0.09676343009676343,0.23023023023023023,0.26166666666666666,0.16016016016016016,0.34376042709376037,-5.162899700926153,-5.47651131214734
2024-05-10,student,0.955,0.998,0.1901901901901902,2.4486209230915277,0.167,0.10001668335001669,0.23031364698031356,0.24433333333333332,0.16016016016016016,0.343677010343677,-5.282051746409113,-5.603111625109159
2024-05-13,bb7,0.929,0.997,0.19352686019352686,0.6051240493363905,0.15466666666666665,0.1001001001001001,0.23356690023356688,0.23666666666666666,0.16016016016016016,0.34367701034367704,-5.270965592922819,-5.588323390545205
2024-05-14,bb7,0.992,0.998,0.19352686019352686,0.007045351519127774,0.15333333333333332,0.10001668335001669,0.23356690023356688,0.24233333333333332,0.16016016016016016,0.34367701034367704,-5.383632793790391,-5.723683909678833
2024-05-15,bb7,0.945,0.998,0.19352686019352686,-0.7218226457165271,0.14566666666666667,0.1001001001001001,0.23031364698031356,0.22933333333333336,0.16016016016016016,0.34367701034367704,-5.31409381764476,-5.658114111560499
2024-05-16,student,0.921,0.997,0.19352686019352686,-0.9223665767565593,0.17433333333333334,0.1001001001001001,0.23023023023023023,0.25533333333333336,0.16016016016016016,0.343677010343677,-5.268715221484307,-5.6141408030020665
2024-05-17,bb7,0.959,1.0,0.19352686019352686,-0.5128897180328899,0.13833333333333334,0.09676343009676343,0.23023023023023023,0.22033333333333335,0.15682349015682348,0.343677010343677,-5.180686877232798,-5.535779667083563
2024-05-21,bb7,0.991,0.999,0.19352686019352686,-0.21160550203568484,0.15633333333333332,0.09676343009676343,0.23023023023023023,0.2303333333333333,0.15682349015682348,0.337087087087087,-5.537623394257808,-5.885694613938128
2024-05-22,student,0.991,1.0,0.1901901901901902,-0.017207168849922683,0.165,0.09676343009676343,0.23023023023023023,0.24266666666666667,0.15682349015682348,0.337087087087087,-6.071379180987362,-6.473620646001276
2024-05-23,student,0.953,0.998,0.19352686019352686,1.020428272645805,0.15666666666666665,0.09676343009676343,0.23023023023023023,0.24366666666666667,0.15682349015682348,0.3403403403403403,-5.979166002610075,-6.365916834896845
2024-05-24,student,0.965,0.998,0.19352686019352686,-0.16772819970029051,0.16433333333333333,0.09676343009676343,0.22689356022689355,0.25533333333333336,0.15682349015682348,0.337087087087087,-5.916631445927046,-6.295656864975099
2024-05-27,student,0.992,1.0,0.19352686019352686,-0.2554205267887453,0.17200000000000001,0.09676343009676343,0.22689356022689355,0.268,0.15682349015682348,0.337087087087087,-5.887003409230543,-6.245826523736594
2024-05-28,bb7,0.946,0.998,0.1901901901901902,1.9027296928678696,0.155,0.09676343009676343,0.22697697697697689,0.2323333333333333,0.15682349015682348,0.3403403403403404,-5.955197843379332,-6.3341435338231005
2024-05-29,student,0.963,0.998,0.18351685018351685,0.7081817937202872,0.152,0.09342676009342676,0.22355689022355688,0.23966666666666667,0.15015015015015015,0.333667000333667,-5.525761740884191,-5.845158147655198
2024-05-30,bb7,0.992,1.0,0.18351685018351685,0.39264970970643254,0.144,0.09342676009342676,0.22355689022355688,0.21999999999999997,0.15015015015015015,0.33041374708041366,-5.567144469024301,-5.899248809161041
2024-05-31,bb7,0.968,1.0,0.18351685018351685,0.005442283467262221,0.143,0.09342676009342676,0.22355689022355688,0.223,0.15015015015015015,0.333667000333667,-5.401760911974396,-5.769171029310237
2024-06-03,student,0.993,1.0,0.17684351017684352,3.149562439838175,0.15833333333333333,0.09342676009342676,0.22355689022355688,0.237,0.15015015015015015,0.33041374708041366,-5.430964686570832,-5.789664096502567
2024-06-04,student,0.992,1.0,0.17350684017350684,-1.0211120259192077,0.16833333333333333,0.09342676009342676,0.22355689022355688,0.261,0.15015015015015015,0.3303303303303303,-5.387597534833285,-5.790567795209221
2024-06-05,bb7,0.972,1.0,0.1801801801801802,0.9303778589770348,0.12033333333333333,0.09342676009342676,0.22355689022355688,0.19266666666666668,0.15015015015015015,0.333667000333667,-5.453841627333754,-5.8518781122118115
2024-06-06,bb7,0.992,1.0,0.1801801801801802,0.9514508174544105,0.145,0.09342676009342676,0.22355689022355688,0.22599999999999998,0.15015015015015015,0.33366700033366703,-5.49150478767765,-5.898021832530276
2024-06-07,bb7,0.995,1.0,0.1701701701701702,3.904631783472023,0.14400000000000002,0.09342676009342676,0.22689356022689355,0.20766666666666667,0.15015015015015015,0.33366700033366703,-5.457968333949068,-5.820135766672478
2024-06-10,student,0.995,1.0,0.17350684017350684,3.031845982375905,0.16766666666666666,0.09342676009342676,0.22689356022689355,0.24433333333333332,0.1534034034034034,0.33366700033366703,-5.284497650903827,-5.641350622689566
2024-06-11,student,0.995,1.0,0.17350684017350684,3.6884385877348023,0.16466666666666668,0.09342676009342676,0.22689356022689355,0.23666666666666666,0.1534034034034034,0.33366700033366703,-5.296388873551315,-5.6479739383365395
2024-06-12,student,0.996,1.0,0.17350684017350684,4.259788485760764,0.168,0.09676343009676343,0.22689356022689355,0.24433333333333332,0.15015015015015015,0.33375041708375036,-5.283320065999453,-5.605044968109878
2024-06-13,student,0.997,1.0,0.17350684017350684,5.135485068156345,0.14566666666666664,0.09342676009342676,0.22689356022689355,0.21933333333333335,0.1534034034034034,0.3370036703370036,-5.294592950846073,-5.606185652883409
2024-06-14,student,0.997,1.0,0.17350684017350684,5.40571406553728,0.171,0.09342676009342676,0.22689356022689355,0.261,0.15015015015015015,0.33708708708708696,-5.251951491199967,-5.581837439601552
2024-06-18,student,0.997,1.0,0.1701701701701702,2.4350163011817774,0.15266666666666664,0.09342676009342676,0.22689356022689355,0.2213333333333333,0.15015015015015012,0.3403403403403403,-5.840692999946533,-6.188663317226808
2024-06-19,student,0.992,1.0,0.18351685018351685,6.2820123027179,0.161,0.09676343009676343,0.22689356022689355,0.2343333333333333,0.15348682015348683,0.3403403403403403,-9.211857216554234,-9.659346458558849
2024-06-20,bb7,0.992,1.0,0.18685352018685353,3.50156479254595,0.13633333333333333,0.09676343009676343,0.22697697697697689,0.20999999999999996,0.15348682015348683,0.3403403403403403,-9.299811395653869,-9.797850767074198
2024-06-21,student,0.992,1.0,0.18685352018685353,1.4452373489097898,0.17300000000000001,0.09676343009676343,0.23023023023023023,0.24133333333333332,0.15348682015348683,0.3370036703370036,-9.316371641791783,-9.741757262497662
2024-06-24,student,0.993,1.0,0.18685352018685353,-1.3769671190037227,0.163,0.09676343009676343,0.23023023023023023,0.23933333333333331,0.15348682015348683,0.3403403403403403,-9.141471366309572,-9.61841698633485
2024-06-25,student,0.992,1.0,0.18685352018685353,-0.5291956567764851,0.156,0.09676343009676343,0.23023023023023023,0.24166666666666667,0.15348682015348683,0.3370036703370036,-8.878994508873914,-9.345260752003904
2024-06-26,student,0.99,1.0,0.19352686019352686,-0.7422201346587451,0.16033333333333333,0.10001668335001669,0.23023023023023023,0.2346666666666667,0.1534034034034034,0.3370036703370036,-8.38239216466398,-8.84085696939223
2024-06-27,student,0.992,1.0,0.1901901901901902,0.7393259007804598,0.17366666666666664,0.10001668335001669,0.23023023023023023,0.26233333333333336,0.15015015015015015,0.33366700033366703,-7.6688835416689995,-8.195049744426752
2024-06-28,student,0.997,1.0,0.1801801801801802,1.5351010468949373,0.14866666666666664,0.1001001001001001,0.23356690023356688,0.2303333333333333,0.15348682015348683,0.33375041708375036,-6.240183727562452,-6.691244824144496
2024-07-01,student,0.997,1.0,0.1801801801801802,2.2077936880410873,0.16133333333333333,0.1001001001001001,0.23356690023356688,0.24633333333333332,0.1534034034034034,0.33375041708375036,-6.19900476009877,-6.580311131386272
2024-07-02,student,0.996,1.0,0.18685352018685353,1.2812150782289045,0.15833333333333333,0.10001668335001669,0.23356690023356688,0.24266666666666667,0.15348682015348683,0.33366700033366703,-6.194482445524229,-6.572560511822999
2024-07-03,student,0.993,1.0,0.18685352018685353,1.969316865693305,0.18600000000000003,0.09676343009676343,0.23356690023356688,0.26066666666666666,0.15348682015348683,0.33366700033366703,-6.1383486947106976,-6.576137065948611
2024-07-04,student,0.993,1.0,0.18685352018685353,2.64785541062825,0.16433333333333333,0.09676343009676343,0.2336503169836502,0.23266666666666666,0.15348682015348683,0.33366700033366703,-6.02931200222246,-6.486912589685873
2024-07-05,student,0.993,1.0,0.18685352018685353,4.37040145467043,0.17,0.09676343009676343,0.23356690023356688,0.25466666666666665,0.15015015015015015,0.33366700033366703,-5.957613334585456,-6.41797049868558
2024-07-08,student,0.994,1.0,0.18351685018351685,5.385157528890869,0.14633333333333334,0.09676343009676343,0.23031364698031356,0.20800000000000005,0.15015015015015015,0.33366700033366703,-6.033357845257861,-6.452551550997934
2024-07-09,student,0.994,1.0,0.18351685018351685,5.455507908206815,0.161,0.09676343009676343,0.23356690023356688,0.24433333333333332,0.1534034034034034,0.333667000333667,-5.838661688798063,-6.266207558856653
2024-07-10,student,0.995,1.0,0.18351685018351685,4.796267896551004,0.171,0.09676343009676343,0.23031364698031356,0.24166666666666667,0.15340340340340342,0.333667000333667,-5.933411269741304,-6.351051306543173
2024-07-11,student,0.995,1.0,0.1901901901901902,4.272412850507038,0.15333333333333332,0.09676343009676343,0.23023023023023023,0.2346666666666667,0.15674007340674007,0.33366700033366703,-6.163811871809721,-6.658248209382606
2024-07-12,student,0.993,1.0,0.18685352018685353,4.664769632254113,0.144,0.1001001001001001,0.23023023023023023,0.211,0.15674007340674007,0.33366700033366703,-6.116240502662798,-6.62728409411428
2024-07-15,student,1.0,1.0,0.18351685018351685,4.583299336463165,0.16066666666666665,0.09342676009342676,0.22689356022689355,0.23933333333333331,0.15674007340674007,0.33375041708375036,-6.0764683611780965,-6.579826674894417
2024-07-16,student,0.993,1.0,0.18351685018351685,6.12851123264153,0.165,0.09668001334668001,0.22689356022689355,0.25133333333333335,0.15006673340006674,0.32365699032365697,-6.211148917228632,-6.706572166788985
2024-07-18,student,1.0,0.999,0.17684351017684352,6.87344808834406,0.14433333333333334,0.09342676009342676,0.22689356022689355,0.21866666666666668,0.15015015015015015,0.3237404070737403,-6.196129514107504,-6.643673167344008
2024-07-19,student,0.999,0.999,0.1801801801801802,5.522497531187534,0.15,0.09342676009342676,0.22689356022689355,0.22599999999999998,0.16016016016016016,0.33375041708375036,-6.123086403903886,-6.576105717843997
2024-07-22,student,0.999,1.0,0.1901901901901902,4.876128130444634,0.16466666666666666,0.09342676009342676,0.22689356022689355,0.24333333333333332,0.16007674341007672,0.3370036703370037,-6.2711964880445645,-6.750051727379556
2024-07-23,student,0.999,1.0,0.19352686019352686,4.383417156850895,0.15533333333333332,0.09342676009342676,0.22689356022689355,0.2396666666666667,0.16007674341007672,0.33375041708375036,-6.160604800689491,-6.645106369365767
2024-07-24,student,0.99,1.0,0.19352686019352686,3.770783480568592,0.17233333333333334,0.09342676009342676,0.22689356022689355,0.258,0.15682349015682348,0.33375041708375036,-6.039914149917247,-6.500885240286187
2024-07-25,student,0.986,1.0,0.1901901901901902,5.478768734241879,0.17300000000000001,0.09342676009342676,0.22689356022689355,0.25866666666666666,0.15682349015682348,0.33375041708375036,-6.03295582242146,-6.503354096075885
2024-07-26,student,0.986,1.0,0.1901901901901902,6.615380609378635,0.162,0.09342676009342676,0.22689356022689355,0.245,0.15682349015682348,0.33375041708375036,-5.8961514690559795,-6.35084610799071
2024-07-29,bb7,0.999,1.0,0.1901901901901902,5.9136475738631,0.1366666666666667,0.09342676009342676,0.22689356022689355,0.22,0.16007674341007672,0.33375041708375036,-5.84238183004075,-6.278182971176835
2024-07-30,student,0.985,1.0,0.1901901901901902,5.9467463461135495,0.15566666666666665,0.09342676009342676,0.22689356022689355,0.24066666666666667,0.16016016016016016,0.337087087087087,-5.823429127121319,-6.2469079155987
2024-07-31,student,0.985,1.0,0.1901901901901902,5.016835088853562,0.15733333333333335,0.09668001334668,0.22689356022689355,0.25266666666666665,0.16007674341007672,0.33375041708375036,-5.751729728431502,-6.154383835774752
2024-08-01,student,0.986,1.0,0.1901901901901902,2.985980635029655,0.18433333333333335,0.09342676009342676,0.22689356022689355,0.26299999999999996,0.16007674341007672,0.33366700033366703,-5.8450627532516135,-6.308226369757954
2024-08-02,student,0.986,1.0,0.18685352018685353,1.4360800662606281,0.151,0.09342676009342676,0.22689356022689355,0.24666666666666667,0.15674007340674007,0.33366700033366703,-5.766236397814751,-6.1601555624067155
2024-08-05,student,0.99,1.0,0.18685352018685353,-2.6062915033396648,0.14533333333333334,0.09342676009342676,0.22689356022689355,0.23099999999999998,0.15674007340674007,0.33366700033366703,-5.780061276213584,-6.145898670600756
2024-08-06,student,0.992,1.0,0.18351685018351685,-3.040283422676289,0.15766666666666668,0.09676343009676343,0.22689356022689355,0.25,0.15348682015348683,0.33366700033366703,-5.924668488847741,-6.2825115992426
2024-08-07,student,0.992,1.0,0.18685352018685353,-1.7001290984871869,0.14666666666666667,0.09668001334668,0.22689356022689355,0.22066666666666665,0.15348682015348683,0.333667000333667,-5.994235732168681,-6.371503207709835
2024-08-08,student,0.992,1.0,0.1901901901901902,-3.280970415729949,0.15766666666666668,0.09342676009342676,0.22689356022689355,0.2323333333333333,0.15348682015348683,0.333667000333667,-6.205074664913847,-6.5929569423707
2024-08-09,student,0.992,1.0,0.18685352018685353,-3.4302089575991865,0.16066666666666665,0.09342676009342676,0.22355689022355688,0.24166666666666667,0.15348682015348683,0.33041374708041366,-6.12552802642357,-6.529573357373005
2024-08-12,student,0.968,1.0,0.18351685018351685,-3.5047900986267244,0.157,0.09342676009342676,0.22689356022689355,0.24266666666666667,0.15348682015348683,0.33366700033366703,-6.011085640293419,-6.430991044210681
2024-08-13,student,0.992,1.0,0.1901901901901902,-5.327088369339465,0.15333333333333335,0.09342676009342676,0.22689356022689355,0.241,0.15348682015348683,0.33041374708041366,-6.010215015174087,-6.413088579408107
2024-08-14,student,0.992,1.0,0.1901901901901902,-4.656905853059137,0.15766666666666665,0.09342676009342676,0.22355689022355688,0.225,0.15348682015348683,0.33041374708041366,-5.948211588973377,-6.403478202492681
2024-08-16,student,0.992,1.0,0.19352686019352686,-2.151637331886485,0.148,0.09668001334668,0.2236403069736402,0.22799999999999998,0.15674007340674007,0.33041374708041366,-5.947060382624141,-6.386010392505565
2024-08-19,student,0.999,0.999,0.18685352018685353,-0.18122583910332257,0.14866666666666667,0.09668001334668,0.22689356022689355,0.2346666666666667,0.15348682015348683,0.3303303303303303,-6.2265896084964405,-6.649857488752415
2024-08-20,student,0.999,0.999,0.1901901901901902,3.922172351263597,0.161,0.09676343009676343,0.22689356022689355,0.248,0.15348682015348683,0.3303303303303303,-7.220486487461556,-7.752557816990402
2024-08-21,student,0.999,0.999,0.1901901901901902,4.30568698520365,0.15833333333333333,0.09676343009676343,0.22689356022689355,0.24633333333333332,0.15348682015348683,0.3303303303303303,-6.75534388671277,-7.195823954843064
2024-08-22,student,0.999,0.999,0.1901901901901902,3.0351279474127173,0.15366666666666665,0.09676343009676343,0.22689356022689355,0.24466666666666667,0.15348682015348683,0.3303303303303303,-6.515526659913279,-6.934722751173579
2024-08-23,student,0.999,0.999,0.1901901901901902,3.638080701721225,0.16866666666666666,0.09676343009676343,0.22689356022689355,0.24333333333333332,0.15674007340674007,0.3303303303303303,-6.4921880263501395,-6.92244629161
2024-08-26,student,0.999,0.999,0.19352686019352686,2.38979358343761,0.17300000000000001,0.09676343009676343,0.22689356022689355,0.25499999999999995,0.15348682015348683,0.3303303303303303,-6.328157660343536,-6.761956222323607
2024-08-27,student,0.999,0.999,0.1901901901901902,1.680980043145507,0.14433333333333334,0.09676343009676343,0.22689356022689355,0.2213333333333333,0.15348682015348683,0.3303303303303303,-6.264903688332347,-6.743275587733132
2024-08-28,bb7,0.999,0.998,0.1901901901901902,2.969304871517975,0.1376666666666667,0.09676343009676343,0.22689356022689355,0.2223333333333333,0.15348682015348683,0.3303303303303303,-6.482886132953175,-6.9669340944034515
2024-08-29,student,0.999,0.997,0.1901901901901902,3.7530795097104925,0.16033333333333336,0.09676343009676343,0.22689356022689355,0.22766666666666666,0.15348682015348683,0.3303303303303303,-6.270757583011514,-6.754517396819627
2024-08-30,student,0.999,0.997,0.18685352018685353,1.7853840321376824,0.152,0.09676343009676343,0.22689356022689355,0.21966666666666665,0.15348682015348683,0.33041374708041366,-6.322078085719734,-6.85431719442342
2024-09-02,student,0.999,0.997,0.19352686019352686,2.0942132833839078,0.15,0.09676343009676343,0.22689356022689355,0.2263333333333333,0.15348682015348683,0.33041374708041366,-6.196665134029137,-6.714492672652858
2024-09-03,student,0.994,1.0,0.18685352018685353,1.3907549486438275,0.1466666666666667,0.09676343009676343,0.22689356022689355,0.23866666666666667,0.15348682015348683,0.33041374708041366,-6.019440535207832,-6.510927642777511
2024-09-04,student,0.993,0.999,0.18685352018685353,1.0192303663753979,0.15733333333333333,0.09676343009676343,0.22689356022689355,0.23933333333333331,0.15348682015348683,0.33041374708041366,-6.044759141694776,-6.527674633184155
2024-09-05,student,0.993,1.0,0.18351685018351685,1.0680769643671626,0.14033333333333334,0.09676343009676343,0.22689356022689355,0.224,0.15348682015348683,0.33041374708041366,-6.032447980296158,-6.486091638442564
2024-09-06,student,0.994,1.0,0.18351685018351685,-1.1322466978304773,0.16666666666666666,0.09676343009676343,0.22689356022689355,0.25766666666666665,0.15348682015348683,0.33041374708041366,-5.926726709723636,-6.383210106032472
2024-09-09,student,0.991,1.0,0.1901901901901902,-1.1015291928515925,0.14633333333333334,0.09676343009676343,0.22689356022689355,0.2273333333333333,0.15348682015348683,0.33041374708041366,-5.81223097510717,-6.278633925938135
2024-09-10,student,0.992,1.0,0.18351685018351685,-0.6985744141763722,0.17800000000000002,0.09342676009342676,0.22689356022689355,0.252,0.15348682015348683,0.3303303303303303,-5.91034943667595,-6.372772707232593
2024-09-11,student,0.991,1.0,0.19352686019352686,-2.832922567697255,0.162,0.09676343009676343,0.22697697697697689,0.23566666666666666,0.15348682015348683,0.33041374708041366,-5.872878512372254,-6.346229287645424
2024-09-12,student,0.992,1.0,0.19352686019352686,-2.342521098864132,0.14666666666666664,0.09676343009676343,0.22689356022689355,0.21966666666666668,0.15674007340674007,0.33041374708041366,-6.017455223895706,-6.496358456054712
2024-09-13,student,0.994,1.0,0.18685352018685353,-2.2459819420856575,0.17133333333333334,0.09676343009676343,0.22689356022689355,0.24633333333333332,0.15674007340674007,0.33041374708041366,-6.066812745207769,-6.516600517749109
2024-09-16,student,0.994,1.0,0.18685352018685353,-3.1373180192304595,0.15366666666666665,0.09676343009676343,0.22689356022689355,0.2263333333333333,0.15348682015348683,0.33041374708041366,-6.060991379596507,-6.545427131603643
2024-09-17,student,0.993,1.0,0.1901901901901902,-3.135594110491592,0.15866666666666665,0.09676343009676343,0.22689356022689355,0.231,0.15348682015348683,0.33041374708041366,-5.939041705747135,-6.434204570213108
2024-09-18,student,0.991,1.0,0.19352686019352686,-3.734196090355038,0.15433333333333335,0.09676343009676343,0.2236403069736402,0.23166666666666666,0.15348682015348683,0.33041374708041366,-5.886785062915973,-6.391157623784367
2024-09-19,bb7,0.991,1.0,0.2002002002002002,-3.2771989693144077,0.14733333333333334,0.09342676009342676,0.2236403069736402,0.22199999999999998,0.15348682015348683,0.33041374708041366,-5.86337366420222,-6.370828737558265
2024-09-20,student,0.993,1.0,0.19686353019686353,-0.7261320653711225,0.16666666666666666,0.09342676009342676,0.22355689022355688,0.25,0.15348682015348683,0.3303303303303303,-6.599180457947016,-7.136640478131312
2024-09-23,bb7,0.994,1.0,0.19352686019352686,-0.18869464367358735,0.14,0.09676343009676343,0.22689356022689355,0.23766666666666666,0.15348682015348683,0.33041374708041366,-6.553824915249726,-7.074844602421946
2024-09-24,student,0.996,0.999,0.19352686019352686,-0.6956453008220076,0.15466666666666667,0.09668001334668,0.22689356022689355,0.24033333333333332,0.15348682015348683,0.3303303303303303,-6.559521380501615,-7.060408586855607
2024-09-25,student,0.996,1.0,0.19352686019352686,0.6447182274830823,0.15966666666666665,0.09676343009676343,0.23023023023023023,0.23266666666666666,0.15348682015348683,0.3303303303303303,-6.743154963030878,-7.228122715891152
2024-09-26,student,0.996,1.0,0.19352686019352686,0.21838224625426728,0.16066666666666665,0.09676343009676343,0.22355689022355688,0.2303333333333333,0.15348682015348683,0.327077077077077,-6.705883985587204,-7.20158956467855
2024-09-27,student,0.993,0.999,0.19352686019352686,0.19020514922319737,0.17600000000000002,0.09676343009676343,0.23023023023023023,0.25066666666666665,0.15348682015348683,0.3303303303303303,-6.567178454114845,-7.052103489375663
2024-09-30,student,0.995,0.999,0.18685352018685353,-0.46842741244178754,0.16566666666666666,0.09676343009676343,0.22372372372372357,0.25366666666666665,0.15348682015348683,0.3303303303303303,-6.463844841163041,-6.9492461574793145
2024-10-01,student,0.996,0.999,0.18685352018685353,0.0019175283208998917,0.161,0.09676343009676343,0.22689356022689355,0.24366666666666667,0.15348682015348683,0.3303303303303303,-6.5433727567998865,-7.028117430412362
2024-10-03,student,0.995,0.999,0.1901901901901902,-0.7521887197793826,0.17200000000000001,0.09676343009676343,0.23023023023023023,0.243,0.15348682015348683,0.33033033033033027,-6.6237251451817265,-7.038544944597489
2024-10-04,student,0.993,0.999,0.19352686019352686,-0.9767821564228101,0.16833333333333333,0.09676343009676343,0.22697697697697689,0.24233333333333332,0.15348682015348683,0.327077077077077,-6.33819542214388,-6.73972667231723
2024-10-07,student,0.994,0.999,0.1901901901901902,-2.35772262582628,0.15333333333333335,0.09342676009342676,0.22355689022355688,0.22566666666666665,0.15348682015348683,0.3269936603269937,-6.300988430336929,-6.7284969035828945
2024-10-08,student,0.999,0.992,0.19352686019352686,-3.1358764416239806,0.16466666666666666,0.09668001334668,0.2236403069736402,0.22666666666666668,0.15340340340340342,0.3303303303303303,-6.880176767280422,-7.408590043840253
2024-10-09,student,0.992,0.999,0.1901901901901902,-1.90713305908966,0.165,0.09668001334668001,0.22689356022689355,0.23299999999999998,0.15015015015015012,0.3203203203203203,-6.609237535008973,-7.107881169580122
2024-10-10,student,0.991,0.999,0.18685352018685353,-2.1947158436142553,0.17166666666666666,0.09676343009676343,0.2236403069736402,0.25033333333333335,0.14681348014681347,0.3169836503169836,-6.717615291416867,-7.228945974961399
2024-10-11,student,0.991,0.997,0.18685352018685353,-2.9940114068863846,0.15,0.09676343009676343,0.22689356022689355,0.2103333333333333,0.1500667334000667,0.3169836503169836,-6.854988372118431,-7.380882953308568
2024-10-14,student,0.991,0.997,0.18685352018685353,-2.4729088135645148,0.141,0.09342676009342676,0.2236403069736402,0.21166666666666667,0.14681348014681347,0.3203203203203203,-6.674778796589817,-7.161898862220878
2024-10-15,student,0.991,0.996,0.18685352018685353,-1.4397894558642526,0.17766666666666667,0.09676343009676343,0.22689356022689355,0.256,0.14681348014681347,0.32365699032365697,-7.001214472664932,-7.563637476482091
2024-10-16,student,0.991,0.996,0.1901901901901902,-2.320442383911746,0.15633333333333335,0.09668001334668,0.22697697697697689,0.2273333333333333,0.14681348014681347,0.317067067067067,-6.63609936698749,-7.158796643182185
2024-10-17,student,0.989,0.997,0.19352686019352686,-0.8166976775917032,0.17166666666666666,0.09668001334668,0.22689356022689355,0.24266666666666667,0.14681348014681347,0.32040373707040365,-7.196763702133219,-7.740269438910789
2024-10-18,student,0.989,0.996,0.19352686019352686,-1.5155489509922733,0.149,0.09342676009342676,0.2236403069736402,0.21966666666666665,0.14681348014681347,0.32040373707040365,-6.746825888869088,-7.248841756836048
2024-10-21,student,0.991,0.997,0.17684351017684352,-1.6460622517086354,0.14466666666666667,0.09342676009342676,0.22355689022355688,0.21166666666666667,0.1500667334000667,0.317067067067067,-6.7274788321671775,-7.193901261040074
2024-10-22,student,0.991,0.997,0.17684351017684352,-3.3577592492527857,0.149,0.09342676009342676,0.22355689022355688,0.21,0.1500667334000667,0.317067067067067,-6.687530688148385,-7.16929684139749
2024-10-23,student,0.991,0.997,0.17684351017684352,-4.100396932080176,0.16166666666666665,0.09342676009342676,0.22355689022355688,0.22766666666666666,0.14681348014681347,0.317067067067067,-6.7007629104654205,-7.150614610378736
2024-10-24,student,0.992,0.996,0.1668335001668335,-4.531522216326996,0.152,0.09342676009342676,0.22355689022355688,0.204,0.14673006339673006,0.3137303970637303,-6.568256845791074,-6.974173409387218
2024-10-25,student,0.992,0.995,0.1668335001668335,-5.810978136068341,0.13033333333333333,0.09342676009342676,0.22355689022355688,0.19933333333333333,0.14673006339673006,0.3137303970637303,-6.487592083694276,-6.881413548215791
2024-10-28,student,0.992,0.995,0.1701701701701702,-5.000989620908468,0.13566666666666669,0.09334334334334335,0.22355689022355688,0.20299999999999999,0.14347681014347682,0.31364698031364696,-6.514075492885519,-6.927365485196415
2024-10-29,student,0.992,0.994,0.1668335001668335,-4.754491101399689,0.16466666666666666,0.09342676009342676,0.22355689022355688,0.23166666666666666,0.14347681014347682,0.3137303970637303,-6.525252703344926,-6.940311818791557
2024-10-30,student,0.992,0.993,0.1668335001668335,-4.827065542545105,0.15866666666666668,0.09342676009342676,0.22355689022355688,0.212,0.14347681014347682,0.3137303970637303,-6.7061708223428615,-7.127890807916534
2024-10-31,student,0.992,0.996,0.1668335001668335,-5.936002082467095,0.15333333333333332,0.09334334334334335,0.22355689022355688,0.21433333333333335,0.14347681014347682,0.31039372706039364,-6.596998260817909,-7.046421656290152
2024-11-01,student,0.993,0.994,0.1668335001668335,-4.936512678196452,0.15933333333333333,0.09334334334334335,0.22355689022355688,0.21766666666666665,0.14339339339339338,0.31039372706039364,-7.1087119473947915,-7.5763389536247505
2024-11-04,student,0.994,0.995,0.1668335001668335,-4.376969712120665,0.18133333333333335,0.09334334334334334,0.22355689022355688,0.24733333333333332,0.14339339339339338,0.31031031031031026,-6.803339749980077,-7.233590397163252
2024-11-05,student,0.993,0.996,0.1668335001668335,-2.09400048679751,0.164,0.09342676009342676,0.2236403069736402,0.23966666666666667,0.14339339339339338,0.31039372706039364,-7.227432578661212,-7.689470824654234
2024-11-06,student,0.992,0.996,0.1668335001668335,-0.7446606171937109,0.163,0.09342676009342676,0.2236403069736402,0.247,0.14347681014347682,0.31039372706039364,-7.059894055159704,-7.4835450679247355
2024-11-07,student,0.993,0.996,0.1668335001668335,-0.45319428910092785,0.14766666666666664,0.09342676009342676,0.22355689022355688,0.22066666666666665,0.1434768101434768,0.307057057057057,-7.159338614470782,-7.631292880706302
2024-11-08,bb7,0.994,0.996,0.1668335001668335,-0.011767286108387731,0.14766666666666664,0.09342676009342676,0.22689356022689355,0.20666666666666667,0.1434768101434768,0.307057057057057,-7.119910117786241,-7.580645869759667
2024-11-11,student,0.993,0.996,0.1668335001668335,-0.9308579930021424,0.15166666666666667,0.09342676009342676,0.22355689022355688,0.22699999999999998,0.1434768101434768,0.31031031031031026,-6.989167489610312,-7.460753994586281
2024-11-12,student,0.992,0.996,0.1668335001668335,-2.2333511892790674,0.18000000000000002,0.09342676009342676,0.22689356022689355,0.24666666666666667,0.14347681014347682,0.3103103103103103,-7.977770596410386,-8.54293242042995
2024-11-13,student,0.992,0.996,0.1668335001668335,-1.8863431596761775,0.15133333333333335,0.09342676009342676,0.22689356022689355,0.22,0.14339339339339338,0.3103103103103103,-7.692638877229487,-8.217560840095548
2024-11-14,student,0.992,0.996,0.17017017017017014,-2.0926757817602972,0.17633333333333334,0.09342676009342676,0.22689356022689355,0.24,0.1434768101434768,0.31031031031031026,-7.498182645169396,-8.011313502912463
2024-11-18,student,0.992,0.997,0.1668335001668335,-2.6850641330423572,0.159,0.09342676009342676,0.22355689022355688,0.2183333333333333,0.1434768101434768,0.31031031031031026,-7.131847795307608,-7.586073830223072
2024-11-19,student,0.993,0.997,0.17017017017017014,-2.2140570983756853,0.17333333333333334,0.09342676009342676,0.22355689022355688,0.24166666666666667,0.14014014014014015,0.31031031031031026,-7.223680736459201,-7.6758874433522575
2024-11-21,student,0.993,0.997,0.17017017017017014,-4.13279696014655,0.164,0.09342676009342676,0.2236403069736402,0.23766666666666666,0.14014014014014015,0.307057057057057,-7.14622614181688,-7.596647483356918
2024-11-22,bb7,0.993,0.999,0.17017017017017014,-2.15979618367009,0.16366666666666665,0.09342676009342676,0.22355689022355688,0.219,0.1434768101434768,0.31031031031031026,-6.935636957009184,-7.432614484413221
2024-11-25,student,0.993,0.999,0.17017017017017014,-0.028184882717570137,0.16433333333333333,0.09342676009342676,0.22355689022355688,0.224,0.1434768101434768,0.307057057057057,-7.30105066094826,-7.807146808845551
2024-11-26,bb7,0.995,0.997,0.17017017017017014,0.15099232162108742,0.14533333333333334,0.09334334334334335,0.22355689022355688,0.212,0.14014014014014015,0.31031031031031026,-7.346522416088272,-7.845400700768546
2024-11-27,bb7,0.994,0.997,0.17350684017350684,-0.24676056761762227,0.15566666666666665,0.09342676009342676,0.2236403069736402,0.21833333333333335,0.1434768101434768,0.3103103103103103,-6.9908080142403,-7.464267281769135
2024-11-28,student,0.994,0.997,0.17017017017017014,0.03618677905634482,0.153,0.09342676009342676,0.22355689022355688,0.22966666666666669,0.1434768101434768,0.31039372706039364,-7.356166745435639,-7.836551848110647
2024-11-29,bb7,0.994,0.997,0.17017017017017014,1.0988666809968128,0.148,0.09342676009342676,0.22355689022355688,0.212,0.1434768101434768,0.3103103103103103,-7.268717972184912,-7.7476351869778215
2024-12-02,student,0.996,0.999,0.16683350016683351,2.61091190837034,0.16066666666666665,0.09342676009342676,0.22689356022689355,0.2243333333333333,0.14014014014014015,0.31031031031031026,-6.4396255526320365,-6.81845903736884
2024-12-03,bb7,0.996,0.999,0.1701701701701702,3.821585416650713,0.13933333333333334,0.09342676009342676,0.22689356022689355,0.19899999999999998,0.14014014014014015,0.31031031031031026,-6.449415336316771,-6.825207711258823
2024-12-04,bb7,0.997,0.999,0.1701701701701702,3.2854879440872895,0.14566666666666667,0.09342676009342676,0.22689356022689355,0.2066666666666667,0.14014014014014015,0.30697364030697366,-6.232229876308267,-6.588866360519885
2024-12-05,student,0.997,0.999,0.17350684017350684,5.655687886775858,0.146,0.09342676009342676,0.22689356022689355,0.225,0.14014014014014015,0.30697364030697366,-6.446306736234803,-6.880665941427012
2024-12-06,bb7,0.999,0.999,0.1701701701701702,2.8741910016867203,0.14533333333333334,0.09342676009342676,0.22689356022689355,0.21133333333333335,0.14014014014014012,0.30038371705038364,-6.838206274490343,-7.248095199729416
2024-12-09,student,0.998,0.999,0.1701701701701702,0.18636997134001287,0.166,0.09342676009342676,0.22689356022689355,0.2316666666666667,0.14014014014014012,0.30038371705038364,-6.77659787788225,-7.1994373652053545
2024-12-10,bb7,0.991,0.996,0.17017017017017014,0.8327857598916077,0.153,0.09342676009342676,0.22355689022355688,0.2106666666666667,0.14014014014014012,0.30363697030363695,-7.2045036629570065,-7.723572474215806
2024-12-11,student,0.996,0.997,0.17350684017350682,1.0511158411920805,0.155,0.09342676009342676,0.22355689022355688,0.22433333333333336,0.14014014014014012,0.30363697030363695,-7.030065791342281,-7.480764520215325
2024-12-12,bb7,0.991,0.994,0.17350684017350682,1.1355610538697056,0.15266666666666664,0.09342676009342676,0.22355689022355688,0.21133333333333335,0.14014014014014012,0.30363697030363695,-7.170514535932563,-7.631011236701404
2024-12-13,bb7,0.991,0.996,0.17017017017017014,1.5407100776753602,0.147,0.09342676009342676,0.22355689022355688,0.20966666666666667,0.14014014014014012,0.3069736403069736,-6.981765017360539,-7.456148352369966
2024-12-16,bb7,0.992,0.997,0.17350684017350682,0.6891815872590226,0.16733333333333333,0.09342676009342676,0.22355689022355688,0.20933333333333334,0.14014014014014015,0.30697364030697366,-6.935721810710274,-7.41618895674413
2024-12-17,bb7,0.991,0.996,0.1768435101768435,-0.9216899866567773,0.16766666666666666,0.09342676009342676,0.22355689022355688,0.224,0.14014014014014015,0.30697364030697366,-7.087607458182336,-7.633205453545555
2024-12-18,student,0.996,0.997,0.17350684017350682,-1.6136412913360396,0.164,0.09342676009342676,0.2236403069736402,0.23066666666666666,0.14014014014014012,0.30697364030697366,-7.211802678444057,-7.7373103873311155
2024-12-19,bb7,0.991,0.996,0.17350684017350682,-3.7821225260551525,0.14366666666666664,0.09342676009342676,0.22355689022355688,0.20066666666666666,0.14339339339339338,0.3103103103103103,-6.803836299934624,-7.296791899334194
2024-12-20,bb7,0.991,0.996,0.17350684017350682,-6.114505758818613,0.158,0.09342676009342676,0.22355689022355688,0.21833333333333335,0.14339339339339338,0.3103103103103103,-6.9858340422928435,-7.500257812817384
2024-12-23,student,0.991,0.996,0.17350684017350682,-4.261627616518908,0.17333333333333334,0.09342676009342676,0.22689356022689355,0.24466666666666667,0.14014014014014015,0.3103103103103103,-7.20136885689574,-7.733145602639936
2024-12-24,bb7,0.983,0.994,0.17350684017350682,-4.894268436283823,0.136,0.09342676009342676,0.22697697697697689,0.19866666666666666,0.14014014014014015,0.31031031031031026,-6.983157774335565,-7.4477715935975555
2024-12-26,bb7,0.989,0.996,0.17350684017350682,-4.946806672473893,0.15733333333333333,0.09342676009342676,0.22355689022355688,0.22266666666666668,0.14014014014014015,0.307057057057057,-6.751676130568911,-7.2125863950282625
2024-12-27,bb7,0.983,0.993,0.17350684017350682,-3.741048232524426,0.151,0.09342676009342676,0.22355689022355688,0.21599999999999997,0.14014014014014015,0.3069736403069736,-6.858038068177711,-7.331368098140597
2024-12-30,bb7,0.991,0.997,0.1701701701701702,-5.772873694447452,0.148,0.09342676009342676,0.23023023023023023,0.21233333333333335,0.14014014014014015,0.31031031031031026,-6.1943368711032,-6.514702565082864
2024-12-31,student,0.99,0.996,0.1701701701701702,-5.173306771275765,0.161,0.09342676009342676,0.23023023023023023,0.228,0.14014014014014012,0.31031031031031026,-6.196679486838149,-6.5187065821917125
2025-01-01,bb7,0.997,0.997,0.1701701701701702,-4.401293680727541,0.148,0.09342676009342676,0.23023023023023023,0.20933333333333334,0.14014014014014012,0.3037203870537203,-6.316009220484855,-6.617713089571153
2025-01-02,student,0.997,0.996,0.16683350016683351,-0.9760732909630354,0.15666666666666665,0.09342676009342676,0.23023023023023023,0.217,0.14014014014014012,0.30363697030363695,-6.461236415174111,-6.786860567706517
2025-01-03,bb7,0.999,0.995,0.16683350016683351,0.6900273161946149,0.15166666666666667,0.10001668335001669,0.23031364698031356,0.216,0.14014014014014012,0.3069736403069736,-6.529453005474494,-6.830825906448833
2025-01-06,bb7,0.997,0.995,0.1701701701701702,1.2719592096729948,0.16633333333333333,0.09342676009342676,0.23023023023023023,0.215,0.14014014014014012,0.3037203870537203,-6.626665459316063,-6.937204382896316
2025-01-07,student,0.997,0.996,0.1701701701701702,1.6541497633305422,0.155,0.09668001334668001,0.23023023023023023,0.224,0.14014014014014012,0.3069736403069736,-6.37122340562055,-6.670907054839479
2025-01-08,bb7,0.989,0.99,0.1701701701701702,1.6354293213574076,0.16,0.09342676009342676,0.23023023023023023,0.2173333333333333,0.14014014014014012,0.3069736403069736,-6.240149728922699,-6.549350201635142
2025-01-09,bb7,0.997,0.995,0.17350684017350684,0.8446892211680322,0.136,0.09676343009676343,0.23023023023023023,0.18366666666666667,0.14014014014014012,0.3069736403069736,-6.185971996262499,-6.478453352387354
2025-01-10,bb7,0.985,0.991,0.1701701701701702,0.6633965671090123,0.16166666666666665,0.09342676009342676,0.23023023023023023,0.19766666666666666,0.14014014014014012,0.3069736403069736,-6.262894675300297,-6.535994097267711
2025-01-13,bb7,0.988,0.991,0.16683350016683351,0.4941077622043719,0.156,0.09676343009676343,0.23023023023023023,0.21266666666666667,0.14014014014014012,0.3069736403069736,-6.368087088209011,-6.715036336421013
2025-01-14,bb7,0.99,0.991,0.16683350016683351,0.7115554683105548,0.15766666666666665,0.09668001334668001,0.23023023023023023,0.21366666666666667,0.14014014014014012,0.3069736403069736,-6.260554988250203,-6.580547546444273
2025-01-15,student,0.999,0.997,0.16683350016683351,0.6155667298076395,0.17466666666666666,0.09668001334668001,0.23023023023023023,0.23299999999999998,0.14014014014014012,0.3069736403069736,-6.216280431125102,-6.539447889102265
2025-01-16,student,0.999,0.999,0.16683350016683351,-1.4547280580662376,0.14833333333333334,0.09342676009342676,0.23023023023023023,0.205,0.14014014014014012,0.307057057057057,-6.470811735724526,-6.778215135501259
2025-01-17,student,1.0,0.993,0.16349683016349684,-3.4714596221731355,0.15533333333333335,0.09676343009676343,0.23023023023023023,0.20733333333333334,0.14014014014014012,0.3069736403069736,-6.470138598517758,-6.790504527060604
2025-01-20,student,0.983,0.992,0.16349683016349684,-1.9587272018672501,0.15466666666666665,0.09676343009676343,0.23023023023023023,0.21166666666666667,0.14014014014014012,0.31031031031031026,-6.436324295747879,-6.745845198839249
2025-01-21,student,0.989,0.991,0.16349683016349684,-3.9626119905376007,0.15366666666666665,0.09676343009676343,0.23023023023023023,0.20166666666666666,0.14014014014014012,0.307057057057057,-6.1760558899925835,-6.493261987798105
2025-01-22,student,0.999,0.996,0.16349683016349684,-3.902483034923723,0.15333333333333335,0.09676343009676343,0.23023023023023023,0.20566666666666666,0.13680347013680347,0.3037203870537203,-6.145724724927275,-6.448654455277177
2025-01-23,student,0.991,0.992,0.16349683016349684,-3.2641772354766903,0.15266666666666667,0.09342676009342676,0.23023023023023023,0.20566666666666666,0.14014014014014012,0.3069736403069736,-6.384135154579075,-6.719160076614179
2025-01-24,student,0.999,0.997,0.16349683016349684,-3.2735319470603654,0.15766666666666668,0.09342676009342676,0.23023023023023023,0.21333333333333335,0.14014014014014012,0.30363697030363695,-6.548695278473855,-6.864797358938461
2025-01-27,student,0.999,0.997,0.16349683016349684,-3.0837508682567423,0.16633333333333336,0.09342676009342676,0.22697697697697689,0.22200000000000006,0.1400567233900567,0.30363697030363695,-6.526602343919847,-6.859654141947605
2025-01-28,student,0.999,0.998,0.16016016016016016,-2.5119394155158203,0.164,0.09342676009342676,0.22697697697697689,0.2313333333333333,0.1400567233900567,0.30030030030030025,-6.69346996120759,-7.008632889063551
2025-01-29,student,0.999,0.998,0.16349683016349684,-0.9867586141610727,0.15166666666666664,0.09342676009342676,0.23023023023023023,0.217,0.13680347013680347,0.30030030030030025,-6.572110347744589,-6.913191608259344
2025-01-30,student,1.0,0.997,0.16349683016349684,-2.990955717042265,0.15166666666666667,0.09342676009342676,0.22697697697697689,0.19566666666666666,0.13680347013680347,0.30038371705038364,-6.523480455989676,-6.878263589472558
2025-01-31,student,0.997,0.996,0.16016016016016016,0.21864683342067015,0.14833333333333334,0.09342676009342676,0.22689356022689355,0.20966666666666667,0.13680347013680347,0.297047047047047,-7.1808670027588715,-7.522566949375324
2025-02-01,student,0.997,0.997,0.16683350016683351,-0.541900346909982,0.15533333333333335,0.09342676009342676,0.22689356022689355,0.21066666666666667,0.13680347013680347,0.30030030030030025,-6.697859134847176,-7.05014553267076
2025-02-03,student,0.999,0.999,0.16683350016683351,-0.5552397180792995,0.15833333333333333,0.09342676009342676,0.22697697697697689,0.20833333333333334,0.13672005338672005,0.29362696029362695,-6.826102761842388,-7.172545898167437
2025-02-04,student,0.997,0.999,0.16349683016349684,1.2907220642832054,0.16466666666666666,0.09342676009342676,0.22689356022689355,0.22866666666666666,0.13680347013680347,0.30030030030030025,-6.718271491276017,-7.050410216598382
2025-02-05,student,0.999,0.999,0.16349683016349684,0.6157797470144428,0.17533333333333334,0.09342676009342676,0.22689356022689355,0.2323333333333333,0.13680347013680347,0.30363697030363695,-6.482018654690288,-6.793624564550886
2025-02-06,student,1.0,0.999,0.16349683016349684,0.0025402314388304204,0.149,0.09342676009342676,0.23023023023023023,0.207,0.13346680013346682,0.29362696029362695,-6.524732129590574,-6.815999794389241
2025-02-07,student,0.998,0.998,0.16016016016016013,0.1655904757499349,0.14666666666666667,0.09342676009342676,0.22697697697697689,0.19099999999999998,0.13680347013680347,0.30030030030030025,-7.365419761827313,-7.739050037111034
2025-02-10,student,0.999,0.999,0.16349683016349684,-1.2632682651807223,0.16433333333333333,0.09342676009342676,0.2236403069736402,0.22566666666666668,0.13680347013680347,0.30030030030030025,-7.1810997592780765,-7.578217129511277
2025-02-11,student,0.999,0.999,0.16016016016016013,-4.3392855039911105,0.158,0.09342676009342676,0.22355689022355688,0.213,0.13680347013680347,0.30030030030030025,-7.236450106823366,-7.6382293520311135
2025-02-12,student,0.999,0.999,0.16016016016016013,-2.198305957110877,0.18800000000000003,0.09342676009342676,0.22355689022355688,0.25266666666666665,0.13680347013680347,0.297047047047047,-8.962099328878937,-9.40154976599315
2025-02-13,student,0.999,0.999,0.1634968301634968,-4.689113172764335,0.17566666666666667,0.09342676009342676,0.22689356022689355,0.2386666666666667,0.13680347013680347,0.297047047047047,-8.483941793658413,-8.902640833047622
2025-02-14,student,0.997,0.999,0.1634968301634968,-4.285574544457646,0.15266666666666664,0.0900900900900901,0.22355689022355688,0.20733333333333334,0.13680347013680347,0.29696363029696365,-8.033586015770275,-8.423783017955149
2025-02-17,student,0.999,0.999,0.16683350016683351,-2.6109169665733476,0.15966666666666665,0.0900900900900901,0.22355689022355688,0.20099999999999998,0.13672005338672005,0.2969636302969636,-7.8737367648804995,-8.276230578051527
2025-02-18,student,0.999,0.999,0.16683350016683351,-4.9107406897867225,0.13333333333333333,0.09676343009676343,0.22689356022689355,0.19433333333333333,0.13346680013346682,0.2937103770437103,-7.743691604139527,-8.118204726471147
2025-02-19,student,0.999,1.0,0.16683350016683351,-5.266188684049117,0.16533333333333333,0.09334334334334334,0.22355689022355688,0.2193333333333333,0.1334668001334668,0.2937103770437103,-7.592838928165926,-7.985407228815908
2025-02-20,student,0.999,1.0,0.16683350016683351,-4.02913719297517,0.16333333333333333,0.09342676009342676,0.22355689022355688,0.226,0.13346680013346682,0.2937103770437103,-7.45793504728615,-7.840994532911714
2025-02-21,student,0.999,1.0,0.16683350016683351,-4.25589738848203,0.17400000000000002,0.09342676009342676,0.22355689022355688,0.2326666666666667,0.1334668001334668,0.2969636302969636,-7.346898998271237,-7.766192174733355
2025-02-24,bb7,0.999,1.0,0.16683350016683351,-4.617716072064985,0.15933333333333335,0.09342676009342676,0.22355689022355688,0.209,0.1334668001334668,0.2969636302969636,-7.165781030224674,-7.52614935133447
2025-02-25,bb7,0.999,1.0,0.16683350016683351,-3.3968614378339352,0.13399999999999998,0.09342676009342676,0.22355689022355688,0.17966666666666667,0.1334668001334668,0.2969636302969636,-7.2652838248768585,-7.635616369787938
2025-02-27,student,0.999,1.0,0.1701701701701702,-4.680409029543212,0.17966666666666667,0.09342676009342676,0.22355689022355688,0.23266666666666666,0.1334668001334668,0.2969636302969636,-7.211626247231583,-7.610521922022243
2025-02-28,bb7,0.999,1.0,0.1701701701701702,-7.455050694467364,0.13933333333333334,0.09342676009342676,0.22355689022355688,0.19366666666666668,0.13346680013346682,0.2969636302969636,-7.145942120438031,-7.552617134906692
2025-03-03,bb7,0.999,1.0,0.1701701701701702,-6.882671165357369,0.14766666666666667,0.09342676009342676,0.22689356022689355,0.19300000000000003,0.1334668001334668,0.2969636302969636,-7.203690408052764,-7.5997076792703
2025-03-04,student,0.999,1.0,0.1701701701701702,-7.087125118786915,0.15666666666666665,0.09342676009342676,0.22355689022355688,0.221,0.1334668001334668,0.2969636302969636,-7.085876671471875,-7.478425541701475
2025-03-05,bb7,0.999,1.0,0.1701701701701702,-4.793808601599445,0.159,0.09668001334668,0.22355689022355688,0.214,0.13346680013346682,0.2969636302969636,-7.000972766579848,-7.3641297153245
2025-03-06,bb7,0.999,0.999,0.17350684017350684,-3.101635075304602,0.15566666666666665,0.09676343009676343,0.22697697697697689,0.21566666666666667,0.1334668001334668,0.2969636302969636,-7.085262016607814,-7.459500571028681
2025-03-07,bb7,0.999,1.0,0.17350684017350684,-3.91800410995878,0.155,0.09676343009676343,0.22689356022689355,0.20733333333333337,0.13672005338672005,0.30030030030030025,-7.194087738236538,-7.555804066779755
2025-03-10,bb7,0.999,1.0,0.17350684017350684,-2.2573987736693373,0.157,0.09342676009342676,0.22689356022689355,0.206,0.13346680013346682,0.30030030030030025,-7.310568431937325,-7.677092701413922
2025-03-11,bb7,0.999,1.0,0.17350684017350684,-2.0736128160435356,0.15233333333333332,0.09668001334668001,0.22689356022689355,0.20333333333333334,0.13672005338672005,0.30030030030030025,-7.35648242261982,-7.721137836923696
2025-03-12,bb7,0.999,1.0,0.17350684017350684,-2.7054587719773475,0.159,0.09342676009342676,0.22355689022355688,0.20866666666666667,0.13672005338672005,0.3003837170503836,-7.21308792671094,-7.620125816514426
2025-03-13,student,1.0,1.0,0.17350684017350684,-2.4513219387758953,0.16766666666666666,0.09676343009676343,0.22689356022689355,0.2293333333333333,0.13680347013680347,0.30030030030030025,-7.27206563464905,-7.643145211568359
2025-03-17,bb7,1.0,1.0,0.18351685018351685,1.08535146496817,0.16966666666666666,0.09676343009676343,0.23023023023023023,0.22133333333333335,0.14014014014014012,0.3069736403069736,-8.117128584272697,-8.528073907236067
2025-03-18,bb7,0.999,1.0,0.18351685018351685,0.6761357469400076,0.15,0.09676343009676343,0.23023023023023023,0.217,0.14014014014014012,0.31031031031031026,-7.490982605762916,-7.895218883435879
2025-03-19,bb7,1.0,1.0,0.1801801801801802,2.354385343617505,0.16766666666666666,0.09676343009676343,0.23023023023023023,0.228,0.14014014014014012,0.3069736403069736,-7.492185994225721,-7.931615452145363
2025-03-20,bb7,1.0,1.0,0.1801801801801802,1.8728351742278722,0.16333333333333333,0.09676343009676343,0.23023023023023023,0.21666666666666667,0.14014014014014012,0.3069736403069736,-7.315909721289509,-7.6709501273021345
2025-03-21,student,1.0,1.0,0.1801801801801802,1.5120108818457498,0.17500000000000002,0.10001668335001669,0.23023023023023023,0.246,0.14014014014014012,0.31039372706039364,-6.929838138642561,-7.322463761757309
2025-03-24,bb7,1.0,1.0,0.1801801801801802,3.140125525547667,0.154,0.09676343009676343,0.22689356022689355,0.20766666666666667,0.14014014014014012,0.3069736403069736,-6.833234181477794,-7.209334429490917
2025-03-25,bb7,1.0,0.999,0.1801801801801802,2.91710381056473,0.149,0.09676343009676343,0.23023023023023023,0.19733333333333336,0.14014014014014012,0.3037203870537203,-6.8304346240290945,-7.176634362022247
2025-03-26,bb7,1.0,1.0,0.1801801801801802,2.7358313284605718,0.166,0.09676343009676343,0.23023023023023023,0.229,0.14014014014014012,0.31031031031031026,-7.030873858663225,-7.397444942462096
2025-03-27,bb7,1.0,1.0,0.17684351017684352,2.438623385945764,0.154,0.09676343009676343,0.23023023023023023,0.20166666666666666,0.1400567233900567,0.30363697030363695,-7.277182881054092,-7.642785483152807
2025-03-28,bb7,1.0,1.0,0.1801801801801802,2.9704930088446826,0.168,0.09676343009676343,0.23023023023023023,0.22666666666666666,0.13680347013680347,0.3003003003003003,-7.253835155187298,-7.654739289439985
2025-04-01,bb7,1.0,1.0,0.1801801801801802,1.7205104093030197,0.15433333333333335,0.09342676009342676,0.22689356022689355,0.21,0.13680347013680347,0.3003003003003003,-7.006354790159547,-7.395254097787266
2025-04-02,bb7,1.0,1.0,0.18351685018351685,2.289313207083817,0.18233333333333335,0.09668001334668001,0.22689356022689355,0.23199999999999998,0.13680347013680347,0.30363697030363695,-6.960171006593746,-7.331542247230268
2025-04-03,bb7,1.0,1.0,0.18685352018685353,-0.90059492286049,0.14133333333333334,0.09676343009676343,0.22689356022689355,0.19266666666666668,0.13680347013680347,0.30363697030363695,-7.165815896024242,-7.535650475860212
2025-04-04,bb7,1.0,1.0,0.18685352018685353,-4.98573524763035,0.15066666666666667,0.09676343009676343,0.23023023023023023,0.18933333333333335,0.13680347013680347,0.30363697030363695,-7.095587733858206,-7.498783365779314
2025-04-07,bb7,1.0,1.0,0.18351685018351685,-8.27132904789948,0.16766666666666666,0.1001001001001001,0.23023023023023023,0.22933333333333336,0.13680347013680347,0.30038371705038364,-7.046350219281258,-7.415521880945435
2025-04-08,bb7,1.0,1.0,0.18351685018351685,-7.546103220853105,0.16633333333333333,0.09676343009676343,0.22697697697697689,0.22366666666666665,0.13680347013680347,0.30363697030363695,-7.002536298715271,-7.376820397739307
2025-04-09,bb7,1.0,1.0,0.18351685018351685,-8.814798447224044,0.16333333333333333,0.09668001334668001,0.22689356022689355,0.22266666666666668,0.13680347013680347,0.30363697030363695,-6.972941458915658,-7.376144827923254
2025-04-11,bb7,1.0,1.0,0.18351685018351685,-6.546270809235338,0.14566666666666667,0.09676343009676343,0.22697697697697689,0.19500000000000003,0.13680347013680347,0.30030030030030025,-6.878875350720291,-7.229521828976314
2025-04-15,bb7,1.0,1.0,0.1801801801801802,-3.747718351233255,0.13999999999999999,0.09342676009342676,0.22697697697697689,0.18866666666666668,0.1334668001334668,0.30030030030030025,-7.7143051569259535,-8.093917726909067
2025-04-16,bb7,1.0,1.0,0.1801801801801802,-3.733763777316864,0.15433333333333332,0.09342676009342676,0.22689356022689355,0.21,0.13680347013680347,0.30030030030030025,-7.43025256575312,-7.80228938549681
2025-04-17,bb7,1.0,1.0,0.17684351017684352,-1.4099362896285759,0.15,0.09676343009676343,0.22689356022689355,0.19833333333333333,0.13672005338672005,0.29696363029696365,-7.421792740695524,-7.79930332379591
2025-04-21,bb7,1.0,1.0,0.1801801801801802,-0.7480617102830442,0.16066666666666665,0.09676343009676343,0.22689356022689355,0.223,0.1334668001334668,0.30030030030030025,-7.177480053723381,-7.550483049146989
2025-04-22,bb7,1.0,1.0,0.17684351017684352,0.8478991454271958,0.16333333333333336,0.09676343009676343,0.23023023023023023,0.21633333333333335,0.13672005338672005,0.2969636302969636,-7.303258735002032,-7.6528828086333505
2025-04-23,bb7,1.0,1.0,0.1701701701701702,5.5817425437271275,0.157,0.09676343009676343,0.23023023023023023,0.21166666666666667,0.13672005338672005,0.2969636302969636,-8.281810873883325,-8.638528063002001
2025-04-24,bb7,1.0,1.0,0.1801801801801802,7.8189615155995575,0.14966666666666667,0.09676343009676343,0.23023023023023023,0.20333333333333337,0.13672005338672005,0.297047047047047,-9.150277403799471,-9.554097594479678
2025-04-25,bb7,1.0,1.0,0.17684351017684352,4.978189864716816,0.15266666666666664,0.09676343009676343,0.23023023023023023,0.218,0.13672005338672005,0.30030030030030025,-8.403552418646342,-8.83091630535783
2025-04-28,bb7,1.0,1.0,0.1801801801801802,6.846055271585383,0.152,0.09676343009676343,0.23023023023023023,0.20666666666666667,0.1334668001334668,0.29696363029696365,-8.153002488012936,-8.579577448729136
2025-04-29,bb7,1.0,1.0,0.18351685018351685,5.716511220406763,0.16166666666666665,0.09676343009676343,0.23023023023023023,0.21966666666666668,0.1334668001334668,0.297047047047047,-7.55951504597077,-8.018053327722063
2025-04-30,bb7,1.0,1.0,0.1801801801801802,2.7411054640454564,0.13633333333333333,0.09342676009342676,0.22689356022689355,0.18266666666666667,0.1334668001334668,0.29362696029362695,-7.535121374460921,-7.938444379876498
2025-05-02,bb7,1.0,1.0,0.17684351017684352,3.1963515388523245,0.17066666666666666,0.09342676009342676,0.22355689022355688,0.21633333333333335,0.1334668001334668,0.29362696029362695,-7.269571021458509,-7.626093471344943
2025-05-05,bb7,1.0,1.0,0.17684351017684352,2.567061501595706,0.131,0.09342676009342676,0.22355689022355688,0.18133333333333335,0.1334668001334668,0.29362696029362695,-7.187847421883287,-7.535478801037695
2025-05-06,bb7,1.0,1.0,0.17684351017684352,0.7173654163699411,0.15666666666666668,0.09342676009342676,0.22689356022689355,0.19533333333333336,0.1334668001334668,0.29362696029362695,-7.152743116398797,-7.48978427831182
2025-05-07,bb7,1.0,1.0,0.17684351017684352,1.604428250398401,0.15266666666666667,0.09342676009342676,0.22022022022022023,0.19866666666666666,0.1334668001334668,0.2937103770437103,-7.155359776505993,-7.498117383334345
2025-05-08,bb7,1.0,1.0,0.17684351017684352,-0.6599696994943562,0.15766666666666668,0.09342676009342676,0.22355689022355688,0.20433333333333334,0.1334668001334668,0.29362696029362695,-7.280261650807789,-7.63924991770577
2025-05-09,student,1.0,1.0,0.17684351017684352,1.0753687745191174,0.17600000000000002,0.09342676009342676,0.22689356022689355,0.2316666666666667,0.13338338338338337,0.29037370704037363,-7.069390680137294,-7.428704484881616
2025-05-12,bb7,1.0,1.0,0.17684351017684352,5.373294522083302,0.15266666666666664,0.09342676009342676,0.22355689022355688,0.209,0.1301301301301301,0.2902902902902903,-7.17449551296864,-7.53836818244905
2025-05-13,bb7,0.999,1.0,0.17684351017684352,2.8164646366832446,0.16466666666666666,0.09342676009342676,0.22030363697030356,0.207,0.1301301301301301,0.29029029029029024,-7.03797913405969,-7.3700278441495835
2025-05-14,bb7,0.999,1.0,0.17350684017350684,2.6993259598296175,0.14133333333333334,0.09342676009342676,0.22355689022355688,0.18100000000000002,0.1301301301301301,0.28695362028695365,-6.815117523319521,-7.132932992148426
2025-05-15,bb7,0.999,1.0,0.17684351017684352,5.610575813702578,0.147,0.09342676009342676,0.22022022022022023,0.2016666666666667,0.1301301301301301,0.28695362028695365,-7.495686873168677,-7.828829883493311
2025-05-16,bb7,0.999,1.0,0.17684351017684352,5.321195710868385,0.17033333333333334,0.09342676009342676,0.22030363697030356,0.22466666666666665,0.13346680013346682,0.29037370704037363,-7.079647156302113,-7.404949394898382
2025-05-19,bb7,0.998,1.0,0.17684351017684352,4.2938491551555655,0.154,0.09342676009342676,0.22355689022355688,0.20299999999999999,0.13338338338338337,0.29037370704037363,-7.056368814917743,-7.393377548746689
2025-05-20,bb7,0.999,1.0,0.17684351017684352,3.8236567472232004,0.16166666666666665,0.09342676009342676,0.22355689022355688,0.22133333333333335,0.13338338338338337,0.29362696029362695,-7.258136826356809,-7.5887354841305115
2025-05-21,bb7,0.999,1.0,0.17684351017684352,3.407344905322798,0.16233333333333333,0.09342676009342676,0.22030363697030356,0.21766666666666667,0.13013013013013014,0.29362696029362695,-7.37678887057531,-7.774090447262512
2025-05-22,bb7,0.999,1.0,0.17684351017684352,2.5873676143955304,0.14333333333333334,0.09342676009342676,0.22022022022022023,0.20333333333333337,0.13680347013680347,0.3003003003003003,-7.17207214742134,-7.56000672395427
2025-05-23,bb7,0.999,1.0,0.17684351017684352,2.4082873353157606,0.154,0.09342676009342676,0.22022022022022023,0.20666666666666667,0.13672005338672005,0.30030030030030025,-7.135482193754713,-7.524041126650624
2025-05-26,bb7,0.997,1.0,0.17684351017684352,-0.049265107001052355,0.144,0.09342676009342676,0.22022022022022023,0.20599999999999996,0.13672005338672005,0.30363697030363695,-7.396708812686927,-7.772212424341214
