Date,Actual,VaR_5%,ES_5%
2015-06-04,-7.277385247293802,-5.984345071417906,-8.035786170749965
2015-06-05,-7.220437412208912,-6.006598836175824,-7.918745183969633
2015-06-08,-6.945571325897765,-6.024860274167443,-7.9303568225852
2015-06-09,-5.840672178859421,-5.894416207580758,-7.812513594031651
2015-06-10,-3.3020459312058597,-6.273558537866911,-8.319289949917998
2015-06-11,-6.308246943119317,-6.2397736821943734,-8.302946333212834
2015-06-12,-7.5401550930270975,-6.016316021365561,-8.134597539296637
2015-06-15,-7.381609270197304,-6.160776318170605,-8.322156905859565
2015-06-16,-3.292501608270082,-6.353635794730587,-8.634603827812752
2015-06-17,-0.6122812223228472,-6.265201174838564,-8.55072530638971
2015-06-18,0.9900749516179884,-6.071540266053851,-8.432381240222186
2015-06-19,0.9343350772920305,-6.076159685374155,-8.270494358451455
2015-06-22,4.3834929077496625,-6.2229624391092875,-8.409483007543193
2015-06-23,3.1329788637510925,-6.064068242735957,-8.21071193070449
2015-06-24,1.6593090427885424,-5.991239487233516,-8.156638469269462
2015-06-25,3.554877248783172,-6.39905171894327,-8.650442245320216
2015-06-26,5.244721321553045,-6.27289304432423,-8.499066046902625
2015-06-29,3.572725656698074,-6.181825438167735,-8.251791501149858
2015-06-30,3.0849325778322014,-5.979458294064568,-8.130263588188075
2015-07-01,3.710002699878722,-6.131277583922563,-8.279004986986646
2015-07-02,2.0296888647919444,-5.908661313752264,-7.993943948780434
2015-07-03,2.627054386533637,-6.08280025145586,-8.26799148675492
2015-07-06,0.3972755929173698,-6.072694218583388,-8.223419219935987
2015-07-07,1.0691791269959974,-6.1627281219727905,-8.20003109287853
2015-07-08,-1.1738426411482958,-6.316365401060011,-8.406328405757556
2015-07-09,-2.1070864833771483,-6.032457018920741,-8.118020971768106
2015-07-10,-3.028672829972746,-5.998896368858662,-8.075171596386657
2015-07-13,-1.0042602730506878,-6.089416051281534,-8.096452802845139
2015-07-14,-2.4763335447159904,-5.986098588627537,-8.063500193434972
2015-07-15,-3.0164952600899526,-5.711390493180853,-7.846189541145384
2015-07-16,-1.6865483607859253,-5.933484940544469,-8.002477225107112
2015-07-17,-1.670924722709585,-5.825495884991865,-7.880701679465186
2015-07-20,-2.7055868274498573,-5.9489056897725705,-7.88539740529933
2015-07-21,-1.1384964184934667,-5.690978984480058,-7.71610886256123
2015-07-22,2.489223873205793,-6.420675781780695,-8.636880348288633
2015-07-23,3.899556221498716,-6.256143014377247,-8.481396160416868
2015-07-24,2.4748162898284853,-6.152511663957835,-8.167801106700379
2015-07-27,-0.44772031690866454,-6.093076152525419,-8.080437118901653
2015-07-28,-0.2640179953837172,-6.4992686761805665,-8.582886413763124
2015-07-29,-0.9066812306454295,-6.303631722175974,-8.344806652541488
2015-07-30,-1.07600611995682,-6.135204675845214,-8.171920619659131
2015-07-31,0.7325093884039657,-6.106993232063367,-8.081345862824264
2015-08-03,2.85152471983623,-6.186353238278446,-8.080436752648511
2015-08-04,0.8465829906366473,-6.416690706210736,-8.709807493905373
2015-08-05,-0.04609371208459018,-6.182342183228038,-8.169680119182305
2015-08-06,0.3800812296038382,-5.885832649136767,-7.846264800068373
2015-08-07,1.9883236682288148,-6.004882459633961,-8.033860293995073
2015-08-10,3.4356614588467727,-6.152802358135023,-8.20265284319773
2015-08-11,1.4493880094468432,-6.00460075167759,-8.120338733672636
2015-08-12,-0.7900865151263761,-6.126067631211347,-8.170662359330105
2015-08-13,-1.2277789746827446,-6.241103105513243,-8.254812313445543
2015-08-14,-1.8835874343193588,-6.2596154024087864,-8.298755296776806
2015-08-17,-1.890032322446209,-6.190167591383796,-8.31858295227231
2015-08-18,-1.1142897589505392,-6.245394512650892,-8.298675338119182
2015-08-19,-1.3205680852973072,-6.1777454388914315,-8.113195796889359
2015-08-20,-4.40762850263207,-5.999830849655208,-7.905208390612781
2015-08-21,-4.838985186128147,-6.130271987048234,-8.09022264779106
2015-08-24,-10.572086711129618,-6.048031950894166,-8.05961207011787
2015-08-25,-5.539540556876874,-6.510625470942118,-8.46140782438355
2015-08-26,-4.653830377042709,-6.687316209720756,-8.737795866626017
2015-08-27,-4.023662687056379,-6.374260394317932,-8.377123278363943
2015-08-28,-4.293503960571034,-6.336681334447003,-8.354541835223667
2015-08-31,-5.62947603541121,-6.166282931863823,-8.246257047988053
2015-09-01,-7.976725658070866,-6.187166010827908,-8.236104188849183
2015-09-02,-9.672302289672606,-6.34027442445604,-8.45597392742122
2015-09-03,-6.366885877307093,-6.498368060501817,-8.602641823480436
2015-09-04,-8.322043801230834,-6.273972542186816,-8.388605277887907
2015-09-07,-3.160803396868937,-7.667635722983941,-10.256298109473256
2015-09-08,-5.014046679147658,-7.141526567751529,-9.778239021084666
2015-09-09,-1.758943913810417,-7.146813545124587,-9.623845450563637
2015-09-10,-2.959010581404793,-7.039753659086774,-9.427676754698982
2015-09-11,-3.8936631523588896,-6.901443170567433,-9.196211940294175
2015-09-14,-2.646713152872043,-6.80434606192664,-9.10985281300258
2015-09-15,-1.571102442880712,-6.750682592598772,-9.181193473460441
2015-09-16,1.01997792721272,-7.112812833079864,-9.374530427270285
2015-09-18,-0.20510513028712535,-6.693604836033752,-8.983397561184063
2015-09-21,2.3019398129524027,-6.82168085076286,-9.08274154633994
2015-09-22,1.351130894431785,-6.752920042275675,-8.875046234118845
2015-09-23,0.4348516251233326,-6.597606694764731,-8.938980568129445
2015-09-24,-1.9294151576368672,-6.460913988233048,-8.836013973200195
2015-09-28,-3.551951794097972,-6.387361012779382,-8.684671903140192
2015-09-29,-2.812503400415787,-6.35108746646005,-8.442537132741192
2015-09-30,-1.5432141667924348,-6.311541847186286,-8.35717859135841
2015-10-01,-0.6683944639646526,-6.279047716520322,-8.355920388444547
2015-10-05,0.42785998034282513,-6.091923350294472,-8.124320979858528
2015-10-06,2.13945339894149,-6.049346963461215,-8.05013205692037
2015-10-07,2.1986039853921877,-6.116426642400987,-8.004087517680938
2015-10-08,4.310828494604385,-6.4628315997231915,-8.499668231920952
2015-10-09,5.9883740646002845,-6.136970597018776,-8.15481249690484
2015-10-12,5.656066635281977,-6.142193253519018,-8.157875888463444
2015-10-13,6.921095124661848,-6.469125135960386,-8.526496902277616
2015-10-14,5.074664865800758,-6.294924473424884,-8.27801105120324
2015-10-15,5.173775817159047,-6.351420259337352,-8.581608597519415
2015-10-16,6.264692511167925,-6.1911154316387575,-8.299605983138635
2015-10-19,4.477901233102252,-6.07064767698104,-8.236100467115085
2015-10-20,3.4479936231538897,-6.139379832577663,-8.262873953653525
2015-10-21,2.9327348054425904,-6.006640987599631,-8.007827552888743
2015-10-23,3.912960134152775,-6.036538188726996,-8.088233480505302
2015-10-26,2.5077189242723223,-5.847800611851239,-7.835961306862287
2015-10-27,2.7760815782074024,-5.949492556589433,-7.871936902420338
2015-10-28,3.3091459389921694,-5.941618624732975,-7.83291004446001
2015-10-29,3.487538654403887,-5.970738386097327,-7.917826398107336
2015-10-30,0.5894283401527095,-5.927284944445981,-7.89302754639817
2015-11-02,-0.3567747117652875,-5.969618769728793,-7.9564083043835945
2015-11-03,-0.5986648383990298,-6.044163784086243,-8.079279874532006
2015-11-04,0.4493590102637175,-5.964954712432021,-7.986590232907684
2015-11-05,-0.1649646009288599,-6.04737267790441,-8.201642842377256
2015-11-06,-0.4931745089972548,-5.982579711548482,-8.043410832825861
2015-11-09,0.6176190863855555,-5.931270758365773,-7.830032521223744
2015-11-10,-0.5283745567462097,-5.745941840285052,-7.6307825783770005
2015-11-13,-0.9071483139873824,-5.600159717904869,-7.553482875934702
2015-11-16,-0.2632397199994022,-5.626953272419891,-7.501130970633114
2015-11-17,0.7798674695740053,-5.586760572699087,-7.503860511541107
2015-11-18,-1.2953763882358795,-5.654934246763018,-7.537897501952953
2015-11-19,-0.1297760249022748,-5.709620639745352,-7.551723980420398
2015-11-20,-1.7317093372420693,-5.619226796605306,-7.51952443164458
2015-11-23,-1.1439151049613496,-5.77527306524114,-7.652330708593378
2015-11-24,-1.6939233392532071,-5.673329647733133,-7.694404663068915
2015-11-26,-1.1871260535269348,-5.6378221281641965,-7.639479138289772
2015-11-27,1.010417463812583,-5.882079126137543,-7.810809411172509
2015-11-30,2.221569624678578,-5.66906008320307,-7.699865888936179
2015-12-01,2.7331168935188703,-5.770856113070683,-7.782733609985496
2015-12-02,0.965920163472116,-5.709129884554266,-7.685714244897564
2015-12-03,1.5962604702926884,-5.6273727746561715,-7.600985328787982
2015-12-04,-0.0604324483048394,-5.526821228897161,-7.29261892901411
2015-12-07,0.2597857043602527,-5.437149505551208,-7.423090700194408
2015-12-08,0.16039677743842307,-5.339370081420861,-7.214601271776195
2015-12-09,-1.2376761314700346,-5.557097557770561,-7.375874552087141
2015-12-10,-3.265218207842062,-5.297670862196915,-7.108728346967044
2015-12-11,-4.986424354585412,-5.4602638507977606,-7.331860093052745
2015-12-14,-5.270388871229611,-5.396106271753936,-7.239213540914622
2015-12-15,-4.16457409165222,-5.478858795121857,-7.361958466911566
2015-12-16,-2.3236033695408853,-5.522473981976546,-7.305818980446457
2015-12-17,0.04056602174959778,-5.5003465674233265,-7.33618219612376
2015-12-18,-0.8973227608102075,-5.382515068900187,-7.221805545521453
2015-12-21,-0.22558393066521976,-5.3615938021599705,-7.1894697887512
2015-12-22,-0.6848681879795327,-5.324554570438832,-7.144131269536109
2015-12-23,1.4719313092501773,-5.3407780945401875,-7.062056820721251
2015-12-24,1.719474583002445,-5.244727936942102,-6.987629293605476
2015-12-28,3.71547682010632,-5.43838014537736,-7.187271037434252
2015-12-29,2.940729514493104,-5.39445901387385,-7.139954199935419
2015-12-30,1.0048255948594038,-5.3079859725827045,-7.156997743191622
2015-12-31,0.818370524465456,-5.2734108022769925,-7.151515578082864
2016-01-01,0.6040076217747338,-5.364097576687436,-7.126810288303632
2016-01-04,-0.769422283893141,-5.469606607099147,-7.330570755209666
2016-01-05,-2.577340857749226,-5.362559781461077,-7.139666218481531
2016-01-06,-2.6940779925448815,-5.394044506427403,-7.235588641410596
2016-01-07,-7.149273513184051,-5.37879287664815,-7.203726371198072
2016-01-08,-6.579897325068371,-5.231764696006136,-7.075918416220164
2016-01-11,-7.83303738406631,-5.181646012716295,-6.9442177300817125
2016-01-12,-8.25128807862479,-5.2522182775698845,-7.2254330211125
2016-01-13,-5.62246282340887,-5.340024970298984,-7.324148870302037
2016-01-14,-6.299245681707515,-5.290388688153602,-7.225652199132619
2016-01-15,-10.186954951203111,-5.3053193729894135,-7.276770883782836
2016-01-18,-7.799803887828711,-5.901885263255556,-7.944020879322434
2016-01-19,-5.395506916146512,-5.831035286798178,-7.989783475688546
2016-01-20,-7.50527327632615,-5.765231050882487,-7.9263429517199055
2016-01-21,-4.96210820147721,-6.59440792648246,-8.718121746993202
2016-01-22,-3.651121350788409,-6.181329645939112,-8.208316380315503
2016-01-25,-3.7752788881154835,-6.034652079456158,-8.032251274076954
2016-01-27,-2.8600444933295592,-6.027269545820616,-7.970831613154465
2016-01-28,-4.4222676583052305,-5.948455833239029,-7.9458411442871615
2016-01-29,-3.028766017565846,-5.9964134011471835,-8.173322906592448
2016-02-01,-1.2036501708703242,-6.563727500520928,-8.983124990899913
2016-02-02,-1.8109379084187172,-6.432064797465422,-8.779721110405138
2016-02-03,-4.200212069466884,-6.219648617821181,-8.473090817612167
2016-02-04,-0.3686367159632673,-6.700895120684388,-9.077098783973058
2016-02-05,2.52129904507126,-6.602152180387219,-8.945419038029994
2016-02-08,-0.8403393578382896,-6.629351522346763,-9.101442898783747
2016-02-09,-3.310375073651315,-6.605018549440313,-8.93018893634342
2016-02-10,-6.217587542976515,-6.228233050087219,-8.607907729514077
2016-02-11,-10.143640683807645,-6.229820223107177,-8.556246928926893
2016-02-12,-8.711046946420732,-6.3888765875297775,-8.66691764920293
2016-02-15,-4.025464219161354,-6.285848957577247,-8.562881579551508
2016-02-16,-6.291522748360331,-6.138159057584471,-8.372413958516157
2016-02-17,-3.501473384728517,-6.381017871182844,-8.570329413354035
2016-02-18,-2.818070475169245,-6.189961621870821,-8.362768042772622
2016-02-19,-3.517678963036223,-6.140781005052293,-8.234840156519407
2016-02-22,-0.9915231024460001,-6.255534681957914,-8.542959927538552
2016-02-23,-0.005894552447901269,-6.570095150639681,-8.867013867278043
2016-02-24,1.5488865452331644,-7.1470857592664405,-9.58598984089254
2016-02-25,3.4469799249084656,-7.480958436613628,-9.845939868382985
2016-02-26,2.413885971759378,-6.914361442299185,-9.05915800246349
2016-02-29,-2.2072016885164176,-7.117367783170924,-9.847302226805459
2016-03-01,3.7330203893790848,-8.297446379385711,-11.03154587316879
2016-03-02,6.217132598029515,-7.815913545911809,-10.482942423559663
2016-03-03,6.742350477662465,-7.6430801227827425,-10.371455661128241
2016-03-04,6.849039785870608,-7.329877689470683,-9.890771055057906
2016-03-08,4.445157540281333,-7.5191932028758615,-10.002258612233467
2016-03-09,7.106344766021708,-7.380543524201689,-9.96700601246888
2016-03-10,7.227678684171364,-7.145117582682936,-9.750896120456149
2016-03-11,9.564993253056752,-7.09809536907728,-9.55977966202586
2016-03-14,9.343371747667506,-6.921982171350618,-9.314723729497533
2016-03-15,9.923103334998071,-6.778372886478423,-9.050205336052395
2016-03-16,7.80965750556052,-6.7475623048303,-8.98285579035386
2016-03-17,4.077942427084305,-7.782084937534594,-10.219380226062722
2016-03-18,3.7198218367394498,-7.421613937768622,-10.013592812405154
2016-03-21,4.670555581303002,-7.140692759183989,-9.620168406617946
2016-03-22,5.870593270066528,-7.152747247160323,-9.61547939953535
2016-03-23,5.365065518953919,-6.816250646696322,-9.250121344740908
2016-03-28,4.19401180510054,-6.726531880735352,-9.149126592374605
2016-03-29,3.9624945211324047,-6.368271712224677,-8.68744111299849
2016-03-30,5.061785257081519,-6.088346453292648,-8.252294605956209
2016-03-31,5.556569553368567,-6.026591730288033,-8.150813671727736
2016-04-01,4.5470429404567625,-6.064261300778377,-8.039186157954541
2016-04-04,5.290640617601623,-5.979977259365498,-7.815235858765989
2016-04-05,0.5173281715611964,-5.870200449508072,-7.802714954955697
2016-04-06,-1.6745204933031632,-6.00965237214124,-7.956283322988309
2016-04-07,-2.654575282208831,-5.859099074544588,-7.715905789431853
2016-04-08,-3.7080384728702356,-5.736653986040781,-7.697769125499772
2016-04-11,1.1298956309421668,-6.247455532095386,-8.362226149562211
2016-04-12,1.305956966893807,-6.087189037970019,-8.15237207370544
2016-04-13,0.8640867478769946,-6.02125495464508,-8.075091036750392
2016-04-18,1.5761087264176648,-6.257191738859974,-8.158326564533773
2016-04-20,2.2733217721961,-6.072516712509842,-7.976074499689213
2016-04-21,1.9437593995150144,-5.876314697257121,-7.798878943334377
2016-04-22,5.283632135687884,-6.661452191399248,-8.884728908629015
2016-04-25,4.652923439670484,-6.463866587359003,-8.621673431114464
2016-04-26,7.033339870771246,-6.482895565989417,-8.516051781301565
2016-04-27,7.451997254483525,-6.372206158989444,-8.538960043983048
2016-04-28,2.9186055720259505,-6.2046674738470955,-8.415588911544857
2016-04-29,1.3492676717067487,-6.080378945543883,-8.08818049939767
2016-05-02,-1.2058255446525665,-6.016921222835225,-7.953878221925997
2016-05-03,-2.8596232536529715,-6.025206154078362,-7.9781950903187004
2016-05-04,-4.988344401758886,-5.867885711583344,-7.749977119109986
2016-05-05,-5.373560712598688,-5.9356254190600595,-7.878315109702044
2016-05-06,-4.685772784697551,-5.96713771083784,-7.816298070994589
2016-05-09,-3.090384933652925,-5.985758531687861,-7.771302594306138
2016-05-10,-4.392314451463246,-5.845431533267173,-7.561307893004315
2016-05-11,-5.517773205859241,-5.9750702688611375,-7.752943151326616
2016-05-12,-2.6434357745550248,-6.094450730750706,-7.920226227130242
2016-05-13,-2.787423492595047,-6.032692024842239,-7.923966521237503
2016-05-16,-2.4341303498166145,-5.988868853237548,-7.814410533855821
2016-05-17,-1.9867977071807967,-6.030032200746946,-7.845977315026809
2016-05-18,-0.19430782431384958,-6.710420260827022,-8.886135807476101
2016-05-19,-2.131961157085309,-6.513254514521797,-8.73299606919222
2016-05-20,-3.547244968882909,-6.36262072616027,-8.5927379058198
2016-05-23,-5.230646276048569,-6.3899723500032195,-8.520414542019903
2016-05-24,-4.468028798025502,-6.3759094664993885,-8.51377214892703
2016-05-25,-0.7892168774637165,-6.439107860674829,-8.563544187259886
2016-05-26,0.6084258830489802,-6.195849829160409,-8.343490536891826
2016-05-27,4.018485119402871,-6.403239618495218,-8.365000554076554
2016-05-30,5.9904828658301374,-6.521063447621427,-8.584556831771344
2016-05-31,8.932801503021258,-6.250589029855259,-8.321205083252305
2016-06-01,8.148453538046322,-6.147493758313669,-8.179227861902266
2016-06-02,10.414423109452304,-6.4718985674965985,-8.523338841002811
2016-06-03,11.375743595452532,-6.207399707955756,-8.268958429432097
2016-06-06,12.540157866806322,-6.07227883266235,-8.046591266172248
2016-06-07,13.625892329302657,-5.9520987400265915,-7.8123331675858765
2016-06-08,11.213251765012696,-6.084392665371665,-7.924269406738126
2016-06-09,7.570524441240602,-6.155331141004563,-8.054087173715962
2016-06-10,3.960998532846881,-6.277924473517689,-8.419433598422756
2016-06-13,1.1158073406654225,-6.261350492177097,-8.335065060133513
2016-06-14,-0.679967815233685,-6.048566818109307,-8.048149869490391
2016-06-15,2.0954355751104874,-6.3405197277417145,-8.344069224448114
2016-06-16,1.298572721609355,-6.174037580513398,-8.06939757374738
2016-06-17,1.0280256321844046,-6.096251774718354,-7.912824491933113
2016-06-20,2.3128428610240226,-5.75767139034164,-7.571753768157443
2016-06-21,0.09631932322671227,-5.966631845048251,-7.969519271476128
2016-06-22,-0.6999640445289901,-5.9402029790535895,-7.856598780647763
2016-06-23,2.5935341984212346,-5.8708035550622,-7.6295455686714915
2016-06-24,0.3383224299125618,-5.928479442353432,-7.732350616806879
2016-06-27,1.6142686882548567,-5.96698775737678,-7.684701723968903
2016-06-28,1.0816384166148971,-5.973367225170928,-7.786350322160922
2016-06-29,0.1209166095033547,-5.925862948316487,-7.846452159403096
2016-06-30,1.0792411996467572,-5.848600456426581,-7.634463577214816
2016-07-01,0.9379588983048521,-5.853061531085807,-7.614175208628758
2016-07-04,0.29064327704990744,-5.790925150398238,-7.689026011353817
2016-07-05,0.014381808607270008,-5.710484398774299,-7.59391360798354
2016-07-07,0.6451046933676774,-5.728631483923294,-7.675256017490547
2016-07-08,-0.7407129714644203,-5.587612187595389,-7.440484508727968
2016-07-11,4.983240782567318,-6.696126448779739,-8.833427090792323
2016-07-12,5.054789967855145,-6.5858276580789035,-8.768709168664023
2016-07-13,5.370212781919197,-6.761722279551437,-8.977422690302301
2016-07-14,5.070655100131862,-6.381833671457013,-8.43161706104158
2016-07-15,2.210149897412635,-6.188930568252181,-8.330022836397715
2016-07-18,1.5213337250729673,-5.6565463948614685,-7.52609564158733
2016-07-19,0.19695721723260007,-5.798928400181208,-7.767929996010562
2016-07-20,0.9993680952408224,-5.553019031282173,-7.190293564310378
2016-07-21,0.5812877121837874,-5.7496322878759605,-7.4130158574949
2016-07-22,0.29776961478353503,-5.465780800591295,-7.19114284969423
2016-07-25,-0.8901948370070727,-5.656810486929337,-7.49400757569411
2016-07-26,-1.588557878430125,-5.650332153163417,-7.436582955192508
2016-07-27,-1.3823396803897372,-5.6353384713797965,-7.364084055419431
2016-07-28,-1.8842116586932571,-5.583394886018704,-7.3269180346411265
2016-07-29,-0.23441865903175504,-5.770267907646906,-7.6402610420978165
2016-08-01,0.7790969762729527,-5.528168103640997,-7.309676238418919
2016-08-02,0.3432078995486749,-5.571493843228212,-7.3262220217501
2016-08-03,-1.057650038066785,-5.536854756002993,-7.227920358426626
2016-08-04,0.4821397550670725,-5.741883294257784,-7.427829791779458
2016-08-05,1.9690447799995825,-5.6536076690493715,-7.296167603653692
2016-08-08,1.2091307698721674,-5.546598540505408,-7.14926404398791
2016-08-09,2.1704177170407553,-5.5830364441062885,-7.1960233369884605
2016-08-10,0.4238143035961748,-5.469772449176116,-7.078687885501345
2016-08-11,0.10955375537111994,-5.517961681838967,-7.174244452314551
2016-08-12,2.2080679859574417,-5.580009036905803,-7.244610044178762
2016-08-16,1.270357383862762,-5.5335404745178955,-7.13925945943074
2016-08-17,1.192842538427854,-5.528458791210347,-7.310208485492587
2016-08-18,2.3417921542180244,-5.535888719267505,-7.327776851702384
2016-08-19,2.4839215149651466,-5.486183807460174,-7.16368618484406
2016-08-22,0.513952466773107,-5.377223854163737,-7.203559951081667
2016-08-23,0.5417540149171846,-5.429528917444751,-7.204166829774509
2016-08-24,0.19597715581785458,-5.421537352925853,-7.249543565192481
2016-08-25,-0.020269128120915303,-5.582558725158027,-7.397990688173918
2016-08-26,-0.1291479715487977,-5.634614123994453,-7.416868237839851
2016-08-29,-0.7711574902397502,-5.862629493677254,-7.853470778201279
2016-08-30,1.2732319706248099,-5.862198295017867,-7.857942100986733
2016-08-31,2.096042589381305,-5.850090770040825,-7.74854808583321
2016-09-01,2.715750870986275,-5.885205868023559,-7.720579921823913
2016-09-02,2.033492802728575,-5.926867473428308,-7.707502199671828
2016-09-06,5.326576117695877,-6.022157456555071,-7.833433558191857
2016-09-07,5.639308623515787,-5.816728586611972,-7.533563902720962
2016-09-08,5.696037334954752,-5.794749298199837,-7.477139076508836
2016-09-09,5.588433805613015,-5.569608450972999,-7.391412505227305
2016-09-12,4.164357401303858,-5.644886098744539,-7.382970250359744
2016-09-14,3.1012658027621822,-5.577192090885746,-7.322596623428879
2016-09-15,1.4325519746166047,-5.49931671226018,-7.239196517341899
2016-09-16,1.1172911208597527,-5.335735432128424,-7.100603706822854
2016-09-19,1.0379028486061295,-5.282020541056141,-7.02530204849343
2016-09-20,-0.12839369391870525,-5.3131984259562595,-6.98565718194885
2016-09-21,-2.9940132616633552,-5.548146899669488,-7.293133012655561
2016-09-22,-2.6263106438561588,-5.378028694783467,-7.096634770240265
2016-09-23,-3.6730537827801575,-5.126488180942493,-6.831783403885623
2016-09-26,-3.934741419353862,-5.4155759584890175,-7.1642474674950165
2016-09-27,-2.2869692826400225,-5.67692546940763,-7.514467010070676
2016-09-28,-2.0557614046425745,-5.722708458109135,-7.490622855011617
2016-09-29,-3.621310407226112,-5.6057135814280175,-7.474191196752615
2016-09-30,-2.7479718369142794,-5.640938555157643,-7.511302656081374
2016-10-03,-2.4208780770698874,-5.632271322037217,-7.378764775443878
2016-10-04,-0.6443237269024173,-5.728681095529726,-7.51716058427087
2016-10-05,-0.13312710771488745,-5.612668496042285,-7.450049718973652
2016-10-06,-1.8909144707717447,-5.564926404797377,-7.455943042893601
2016-10-07,-0.6916785790728397,-5.561455265497727,-7.462014107723406
2016-10-10,1.0970333885828476,-5.630708816213713,-7.5421445389885395
2016-10-13,-0.03659452930520213,-5.617957469112607,-7.473086873183576
2016-10-14,-1.0126148389944722,-5.476014806874141,-7.283592194900402
2016-10-17,0.5774616755630354,-5.698966217075334,-7.698143468681245
2016-10-18,1.1635823283605453,-5.608348393841786,-7.615589574469974
2016-10-19,-0.12022483546037221,-5.586761132187302,-7.532382964312567
2016-10-20,-0.9898537107237972,-5.561269502945245,-7.380590739572241
2016-10-21,-1.2960130096550073,-5.66877292803581,-7.3994597140611305
2016-10-24,0.1849470824734678,-5.783912281850286,-7.468944471877657
2016-10-25,-1.1993951101974447,-5.646759103251315,-7.330188613658611
2016-10-26,-2.3441610031659543,-5.616848072387819,-7.235072137786407
2016-10-27,-2.0622571220400774,-5.837190121751041,-7.49130049841753
2016-10-28,-0.932252030971202,-5.615493330530907,-7.267448717473795
2016-11-01,-0.9825090072213896,-5.662700165606444,-7.370735691136574
2016-11-02,-3.8812431041795947,-5.5520920486220104,-7.298145848449302
2016-11-03,-4.459256582216435,-5.480335162187095,-7.1538316725751026
2016-11-04,-4.28752944374772,-5.395628541968716,-7.189443062538147
2016-11-07,-4.07143728473659,-5.443500774360882,-7.1631447694246475
2016-11-08,-2.89794933905416,-5.424986198533776,-7.073502656085285
2016-11-09,-2.47571274413515,-5.567263596947151,-7.243580973349709
2016-11-10,-0.1760740746334577,-5.666914350230439,-7.588214679851361
2016-11-11,-2.141869993847183,-5.556322146429636,-7.287983971462969
2016-11-15,-4.787708320530763,-5.490992923131443,-7.200611497386875
2016-11-16,-4.0151574883161425,-5.312081093726802,-7.107617271678275
2016-11-17,-1.7847234784611952,-5.583508993158788,-7.456920917203711
2016-11-18,-1.4458739617563676,-5.6403639684493125,-7.423015785687545
2016-11-21,-4.527553881159715,-5.547027463646022,-7.397399770488815
2016-11-22,-3.9026630377210725,-5.611138908988592,-7.3459694777411
2016-11-23,-4.83745310750384,-5.594146675334072,-7.324146760490965
2016-11-24,-4.75628442071868,-5.6232704823031545,-7.487237024499732
2016-11-25,-4.562358663147215,-6.009708066666365,-8.146836166974811
2016-11-28,-1.9523181812977417,-6.498344044201729,-8.776811509440329
2016-11-29,-0.1443698697269974,-7.616069923306727,-10.182580449648642
2016-11-30,0.25637623098592044,-7.3675259431152575,-9.769543006881761
2016-12-01,-1.0839420680708471,-7.191827296591452,-9.543674983747499
2016-12-02,-2.1147628325834695,-6.065665013253792,-7.920095327843713
2016-12-05,1.7569761990369681,-7.673899518020234,-9.9368959788313
2016-12-06,0.735305458754986,-7.434572761590681,-9.779410288026837
2016-12-07,-0.43965040680935435,-6.30233308299737,-8.331488858078268
2016-12-08,2.2428664573130654,-7.104048391433024,-9.311293462344771
2016-12-09,1.8235984301690826,-7.0746018160414845,-9.277049265287806
2016-12-12,0.7415698272765159,-6.932227156843257,-9.048830906873327
2016-12-13,2.2785560964623155,-6.843779659449155,-8.922234389145062
2016-12-14,1.0830947665496584,-6.519927054334534,-8.694020833514951
2016-12-15,1.2212079926683304,-6.493626705221267,-8.71122938957113
2016-12-16,3.8413209053138075,-5.885027381620889,-7.88848253658804
2016-12-19,2.2449461044875982,-5.759342491732293,-7.68370515420763
2016-12-20,1.407656674635098,-5.657688267773364,-7.449618075093482
2016-12-21,1.0038323547769576,-5.669047466192658,-7.4585425867137145
2016-12-22,-2.274231295781769,-5.73764359144674,-7.563715344930669
2016-12-23,-3.3363464193952743,-5.747569606422427,-7.503694919835409
2016-12-26,-2.5313823538878797,-6.081227093377407,-7.999549914017125
2016-12-27,-2.412563554844597,-5.985967854528871,-7.930768921581374
2016-12-28,-2.348364189520907,-5.965650485336463,-7.951336557838902
2016-12-29,-1.243425383736502,-5.727735323631547,-7.552835569273246
2016-12-30,-1.0527742594105671,-5.658647830762988,-7.506447728576934
2017-01-02,-0.5744809808517646,-5.5649858219539485,-7.392529430442146
2017-01-03,-0.1336389565537574,-5.682463174100803,-7.472654856414708
2017-01-04,0.37180538054799284,-5.6975717978201885,-7.486425573510327
2017-01-05,2.9381287060377206,-5.748856727910753,-7.588135748169944
2017-01-06,2.2885565741240823,-5.555101060624267,-7.449503389850012
2017-01-09,3.0775643172966154,-5.615579991096981,-7.409049918751645
2017-01-10,2.4697565497249228,-5.567093259616327,-7.3183026156987765
2017-01-11,3.4850413185974003,-5.662432020731376,-7.445602554894639
2017-01-12,3.1743461034295475,-5.580542418383533,-7.364669248426139
2017-01-13,1.4145713550035124,-5.467378921125228,-7.257542576113056
2017-01-16,2.062655245225535,-5.5448859081765685,-7.30398711954385
2017-01-17,2.566136668270485,-5.472637998255189,-7.22328233697048
2017-01-18,3.3967166164449747,-5.507133192703872,-7.250565316517057
2017-01-19,2.5413768919614976,-5.537173667633283,-7.226734180317002
2017-01-20,1.9398692237215096,-5.382470798507558,-7.019123806326222
2017-01-23,2.7514115991449346,-5.407571018364411,-6.9838109331906395
2017-01-24,2.0808213247379745,-5.581498835533719,-7.176768365250247
2017-01-25,2.0345569100001777,-5.447629666331209,-7.213051404830155
2017-01-27,1.9887893418854752,-5.381734548693629,-7.058640811439509
2017-01-30,2.17520120573942,-5.333005741769023,-7.019454721085914
2017-01-31,0.4210972639773527,-5.35487870225945,-6.954956759199749
2017-02-01,1.629030477653293,-5.414073098126806,-7.096844970881499
2017-02-02,0.8663391562054928,-5.528079457590799,-7.258928748752344
2017-02-03,0.4782724942695152,-5.439057767382892,-7.18553662451771
2017-02-06,2.2358802339808257,-5.555464652438152,-7.3237281949537625
2017-02-07,0.5035039917940002,-5.555365504749177,-7.146323219234189
2017-02-08,0.2887597325567254,-5.419546396249155,-7.088109976119763
2017-02-09,-0.42860444785155494,-5.514879612365511,-7.109462600915995
2017-02-10,-0.09260052580486983,-5.53975042860581,-7.246940277342457
2017-02-13,0.577580980470555,-5.543739919034539,-7.251935504338343
2017-02-14,0.19349386803169266,-5.563069952260659,-7.279814162816676
2017-02-15,-3.9920184102492278,-5.676188757008384,-7.445300745170955
2017-02-16,-2.661558129006658,-5.603913430538571,-7.346731377169399
2017-02-17,-2.92361283654497,-5.609423444961132,-7.429063418507085
2017-02-20,-2.51943106697728,-5.486956451946252,-7.294333811152134
2017-02-21,-1.1088766283265754,-5.734410647163436,-7.532707710868614
2017-02-22,-1.4530102683142851,-5.633630838687812,-7.399665600842429
2017-02-23,-1.2582506228903876,-5.604093768783103,-7.30922736758489
2017-02-27,-1.8549428513768027,-5.436684615068345,-7.250796783157064
2017-02-28,-1.9453052254150427,-5.642447816662947,-7.511229520248667
2017-03-01,0.11624299141051758,-5.708712021968439,-7.5865847250407095
2017-03-02,3.0817336843681975,-6.295946231522699,-8.402471045514618
2017-03-03,1.6295334587648678,-5.668795092434903,-7.460237159356076
2017-03-06,2.772640470806702,-5.538364660658837,-7.299843035695544
2017-03-07,1.2283206780732001,-5.500359397729942,-7.216517770355098
2017-03-08,0.25426516051464987,-5.46441850603059,-7.1648041943897445
2017-03-09,1.2058728213669876,-5.422115142241682,-7.029290658294817
2017-03-10,1.3188287351680048,-5.343339167644293,-6.886463634735101
2017-03-14,3.1095881639163974,-5.3692205948690335,-6.943752196763895
2017-03-15,2.6117992247790194,-5.329792105279795,-6.958289140910837
2017-03-16,3.3302591674435993,-5.399001988696693,-6.997358478957658
2017-03-17,2.536993720331802,-5.37150906605222,-7.0218487163633245
2017-03-20,2.042175554998432,-5.355666952966125,-7.007355515776011
2017-03-21,1.2155669804234401,-5.413903691637136,-7.005496142491528
2017-03-22,0.6782946974607122,-5.426226358436332,-7.097504719487591
2017-03-23,2.0724982665768223,-5.490602285194031,-7.160555949603915
2017-03-24,1.775151006602445,-5.4126691465883985,-7.068725230230588
2017-03-27,1.2739020560229222,-5.342406702585526,-7.068198531011775
2017-03-28,0.5250947125969825,-5.647676559755682,-7.440978032317883
2017-03-29,1.5667791645102422,-5.560224421935489,-7.318274038698408
2017-03-30,0.6437587503869926,-5.435633675196718,-7.233440598199384
2017-03-31,0.9474074709157772,-5.468125387268865,-7.223225887125622
2017-04-03,1.6996250724823825,-5.40929376342071,-7.11516512434515
2017-04-05,2.1403474213179847,-5.294075988360124,-6.966848920136169
2017-04-06,3.0904818513562646,-5.440884705204915,-7.192959329795088
2017-04-07,0.7929911595281247,-5.448236261515669,-7.065103221202979
2017-04-10,0.11282059854035537,-5.473809052914535,-7.110867040008803
2017-04-11,0.8486995838044826,-5.449760964024146,-7.051225748418161
2017-04-12,-0.8050989672238859,-5.3038926967997915,-7.049416033340136
2017-04-13,-2.8366988780678435,-5.355877093565467,-7.011672638414046
2017-04-17,-3.867042365504131,-5.174507285443607,-6.882946229189359
2017-04-18,-4.018804323297428,-5.092470767510483,-6.878882871776403
2017-04-19,-4.941952257805344,-5.193315570788089,-6.859633730419366
2017-04-20,-5.005364831105903,-5.272097630398542,-6.907044606931489
2017-04-21,-5.452107860679028,-5.241306611600011,-6.929186068170195
2017-04-24,-3.6229669636052515,-5.322101061925118,-6.994256925852421
2017-04-25,-2.567460595338919,-5.3617471249227195,-6.988969130619018
2017-04-26,-2.7880424277521634,-5.273257345131033,-6.905872494274079
2017-04-27,-1.729702050406945,-5.332892483706439,-7.020268142462988
2017-04-28,0.1115177883153955,-5.242639727183549,-6.991108961484223
2017-05-02,0.2945749022762528,-5.233001619990922,-7.0409378785734615
2017-05-03,1.0088227162421881,-5.24273835700173,-7.065689520281512
2017-05-04,2.7019763420327627,-5.356990703666346,-7.1598426433919835
2017-05-05,0.6887861245340505,-5.435767004842227,-7.2804909106828655
2017-05-08,2.3242889414045926,-5.301304886387349,-6.999216362399904
2017-05-09,1.7337736297874156,-5.199151141364328,-6.771011208021167
2017-05-10,2.2296287437892177,-5.27850625402378,-6.9440346540302365
2017-05-11,1.4441934302570578,-5.215316447463347,-6.976405099068137
2017-05-12,1.8698719294103752,-5.201987630263016,-6.984838217423469
2017-05-15,1.60031864209793,-5.1937284183078924,-6.949722948880288
2017-05-16,3.562212012119638,-5.217208954152429,-7.031308857026036
2017-05-17,4.064902283238438,-5.080707875815723,-6.86347102614064
2017-05-18,1.9029741353458276,-5.335247465750056,-7.3207864530583375
2017-05-19,4.44904454144032,-5.407197030439623,-7.233294528463594
2017-05-22,3.1525694153321777,-5.321295830092358,-6.9354641342228005
2017-05-23,2.8181365434228574,-5.291684518833964,-6.920376576800433
2017-05-24,2.40674185544907,-5.496058080816426,-7.22053890497519
2017-05-25,4.62677312031818,-5.458607295030407,-7.110002880754306
2017-05-26,4.4827349540002,-5.1624855317292875,-6.858095962457062
2017-05-29,4.49009145499297,-5.185640642454979,-6.827131018846069
2017-05-30,3.858578407819513,-5.235901813032206,-6.905637306692088
2017-05-31,2.07891701701338,-5.238837598284625,-6.85865311020389
2017-06-01,4.180720192092315,-5.173162729406161,-6.955746179177471
2017-06-02,2.9356180810818477,-5.208308466053576,-6.77741088998234
2017-06-05,3.336106329022783,-5.373465961111808,-7.170034615631763
2017-06-06,3.1936918297030426,-5.438000821910839,-7.11251671650501
2017-06-07,2.3903759827668978,-5.459539774506317,-7.20883583416078
2017-06-08,0.14355355234603995,-5.283033622029182,-6.9493155641048
2017-06-09,-0.28729830678217244,-5.242837876640225,-6.928623475031131
2017-06-12,-0.7984910976474,-5.323618208575861,-7.0296929900018545
2017-06-13,-2.0520275741606424,-5.304659158875928,-6.9867111915238205
2017-06-14,-0.6874998589973199,-5.2940290510606225,-7.015813732618123
2017-06-15,-2.139913647946945,-5.254330003461799,-7.000455110126668
2017-06-16,-1.9674623832316227,-5.248256609595798,-7.0101867279762775
2017-06-19,-2.060894587028495,-5.2455370036919975,-6.869120456633757
2017-06-20,-0.30951259989804036,-5.354221741434589,-7.09721333916913
2017-06-21,-0.09592516183274535,-5.279074274555003,-6.987267583163397
2017-06-22,-0.13105915923623285,-5.257385060301088,-6.889401075146205
2017-06-23,-1.1409751666145305,-5.214192847576139,-6.905285410148062
2017-06-27,-2.1676061452299455,-5.3254961809966295,-6.95879937920546
2017-06-28,-2.006533467383688,-5.196896427129579,-6.78024516561645
2017-06-29,-3.0864616949081656,-5.013764777014104,-6.588391380678106
2017-06-30,-2.5958262225193502,-4.907342434183987,-6.524063955997
2017-07-03,-1.7619754946733983,-4.923705603946344,-6.534287568121555
2017-07-04,-1.9542168502343054,-5.08914424351436,-6.569925116243276
2017-07-05,-2.82806858224202,-4.981257846021273,-6.566796440851187
2017-07-06,-2.373382941242955,-4.950836348433768,-6.598459970455055
2017-07-07,-2.1876659725101355,-4.923286451093689,-6.571174216644892
2017-07-10,0.24303577671797005,-5.013611294988479,-6.670991016447381
2017-07-11,2.7569622572746226,-5.180229468786129,-6.809762063544636
2017-07-12,4.214962052209332,-5.194447775403463,-6.8565656152937935
2017-07-13,5.0403647821530475,-5.206951022078615,-6.806988010680475
2017-07-14,4.951592279668485,-5.055717112884318,-6.667157261419713
2017-07-17,5.00714909714368,-5.049677529420906,-6.667468195690591
2017-07-18,5.408377876252414,-5.061477192629806,-6.651096832490221
2017-07-19,5.267354825910343,-5.078898633940789,-6.696985994161862
2017-07-20,4.085722750283894,-5.119871770126315,-6.699111119297309
2017-07-21,4.981974525981061,-5.126322339971497,-6.71824998681833
2017-07-24,3.970970244423107,-4.959947117613448,-6.684978262016146
2017-07-25,2.462346373409912,-5.065861743236797,-6.677417490843716
2017-07-26,1.7652494048453475,-5.001576068401713,-6.661293752814138
2017-07-27,0.7154434012534199,-5.0002320345801845,-6.626983232540637
2017-07-28,1.2907473318247826,-4.959953059693542,-6.593356631844178
2017-07-31,1.8205293855065747,-4.892124622603096,-6.4669916009974155
2017-08-01,1.8345053598554997,-4.822690924118832,-6.418170723055034
2017-08-02,0.7262492359556924,-4.823660826635477,-6.414146136339179
2017-08-03,-0.06008742906196041,-4.755908332776825,-6.354030568338818
2017-08-04,0.41842274048762496,-4.865619056455413,-6.250160351021206
2017-08-07,-0.5225658277553026,-4.7659196691528845,-6.160195453848461
2017-08-08,-0.7254843612000901,-4.65844404223014,-6.096925355801364
2017-08-09,-2.0064067265863255,-4.700971009928333,-6.092292214429757
2017-08-10,-3.859908304531718,-4.836356483535142,-6.234172006059654
2017-08-11,-6.261920530382271,-4.656251135684967,-6.13766166365639
2017-08-14,-7.883807114779141,-4.8371045589107275,-6.4306617700360444
2017-08-16,-6.1448575992294465,-4.856424400211418,-6.4316526068469
2017-08-17,-4.756387969212192,-4.935616581129645,-6.846933769618008
2017-08-18,-5.94743177491258,-4.972649928116864,-6.659190111160632
2017-08-21,-9.417257378937324,-5.094777121754901,-6.854506655571726
2017-08-22,-8.948315689026646,-4.971009362215497,-6.525611616369957
2017-08-23,-7.184458829121393,-5.087598093253276,-6.700263604297932
2017-08-24,-5.523272076971209,-4.984226216680641,-6.735240974468164
2017-08-28,-2.0010165048993933,-6.00764707336638,-8.269958084941868
2017-08-29,-0.9461741088877729,-6.027978037294489,-8.109911930039702
2017-08-30,-0.3451719774531755,-5.486826432063209,-7.555695603336114
2017-08-31,-2.206469695906228,-5.399181041119753,-7.3034682264645205
2017-09-01,-1.7010671028269906,-5.362131476586312,-7.130544426923116
2017-09-04,-0.6262949708690781,-5.486882663237793,-7.4391811172794196
2017-09-05,2.1669851029369798,-5.354599719673682,-7.129977031172256
2017-09-06,1.3452050688285422,-5.193471585787838,-6.8962786751436305
2017-09-07,-0.04036208895223503,-5.102787063706854,-6.830879701993071
2017-09-08,-1.5610562442038376,-5.031614162757123,-6.7899886571070525
2017-09-11,-2.3233658079202177,-5.133315933173048,-6.924833965276812
2017-09-12,0.4905700914895952,-5.017199718351234,-6.998615946857725
2017-09-13,0.19998485882487246,-5.119817688624175,-6.756917984552017
2017-09-14,1.4077925711620654,-5.072718669861438,-6.678023662283179
2017-09-15,0.3958897707940803,-5.1381229355970435,-6.954959382142127
2017-09-18,2.6164865944391424,-5.023010252531208,-6.872830142381117
2017-09-19,3.161054818403363,-4.952881561284808,-6.848927446700825
2017-09-20,3.1744975105088504,-5.0403816475821825,-6.892023581834991
2017-09-21,3.0728215700457593,-4.916560359161161,-6.579252134450296
2017-09-22,2.4440958620410775,-5.110213057066391,-6.859580977131567
2017-09-25,1.970559796448453,-4.979885475977317,-6.783580626364748
2017-09-26,-0.03826922253719478,-4.960611980746842,-6.63001975282983
2017-09-27,-1.7040926119279498,-4.749102214944465,-6.519301360133922
2017-09-28,-3.060968361221853,-4.885934181816567,-6.560122516665568
2017-09-29,-3.417091208467425,-4.830069270913811,-6.429876599401275
2017-10-03,-3.21187492361938,-4.893163635653402,-6.4165298416814585
2017-10-04,-3.4084445287842975,-5.046458645234156,-6.806294476856745
2017-10-05,-2.9932498922174577,-4.966578506834431,-6.711981140364617
2017-10-06,-1.1636929520057229,-4.778771705698016,-6.415988397251357
2017-10-09,0.65930890505829,-4.995502274793507,-6.681026647714518
2017-10-10,1.074065997649745,-5.0659884366386745,-6.915634764225106
2017-10-11,0.3093180368552375,-4.925824818608196,-6.61776948638083
2017-10-12,2.473937842607655,-5.334887453660467,-7.19188917352862
2017-10-13,3.2399752480802277,-5.234104080684836,-7.02267330472834
2017-10-16,5.1949823545006675,-5.224506348603607,-7.034663295310836
2017-10-17,3.622140520947182,-5.0916752409527755,-6.718687506040757
2017-10-18,1.6409370903200573,-5.093960343080184,-6.636094288061399
2017-10-19,1.4051827989054702,-5.059154534026515,-6.764595186610577
2017-10-23,0.18995741652755238,-5.075182371434333,-6.828759189472297
2017-10-24,0.2682046136995525,-4.9337516706748294,-6.8191799947573655
2017-10-25,7.038949963439354,-5.0205985531656045,-6.7662718242805635
2017-10-26,7.829864178054249,-5.178110002685546,-7.033368100502297
2017-10-27,6.807338939054209,-5.211231953623513,-7.0761569149505155
2017-10-30,6.095042591776895,-4.983937875413451,-6.8255482352113
2017-10-31,3.34808785892709,-4.965834256016806,-6.632067497815674
2017-11-01,6.298776147018229,-5.090411386947858,-6.92369349567019
2017-11-02,6.478526646946545,-5.162360009732102,-7.034581351085863
2017-11-03,8.617516698694168,-5.115455383420786,-6.994172781858296
2017-11-06,9.573513136286097,-4.979112963517029,-6.6248095664566335
2017-11-07,8.137793613555523,-5.050826848413004,-6.692528371002076
2017-11-08,-0.046887037876690574,-9.05685919956015,-12.469456179982597
2017-11-09,0.9562549965328898,-8.570807165539799,-11.683608744257787
2017-11-10,2.8328692271931675,-8.052911162881717,-10.927481708036636
2017-11-13,2.019050374001277,-7.425327145687836,-10.14498342207621
2017-11-14,2.8107577612710766,-7.204262461260446,-9.553929221773794
2017-11-15,-0.5268336688142301,-7.075945030499316,-9.376001081836733
2017-11-16,2.6156139788778825,-6.735296949643998,-8.85194224129933
2017-11-17,1.3888196356940403,-6.604618754783803,-8.807860823809726
2017-11-20,-0.43437420014940764,-6.453487183375738,-8.452065850961294
2017-11-21,0.6013266230567228,-6.486650519357514,-8.57812722360274
2017-11-22,2.510153163307449,-6.312501339386627,-8.479049439551039
2017-11-23,2.07048886861174,-6.11892119164126,-8.209434774186525
2017-11-24,0.8093475734447645,-6.610222506713058,-8.757058723141755
2017-11-27,1.3633514136992622,-6.163612217875983,-8.330546347047243
2017-11-28,0.9247797245784519,-5.93069221874477,-7.865186477576509
2017-11-29,1.6423313409319147,-5.695313263563913,-7.5910377954311015
2017-11-30,-1.959496450286018,-5.708098920681116,-7.500624536517902
2017-12-01,-4.161116351301445,-5.51553126225263,-7.215560136383261
2017-12-04,-2.1499438815642806,-5.440278197881788,-7.107446154939376
2017-12-05,-2.078214255141676,-5.2818788416211,-6.943426966193977
2017-12-06,-2.96559417653364,-5.373960109887485,-6.988632384424807
2017-12-07,-2.19633396712937,-5.273294571007708,-6.916367468760438
2017-12-08,-1.37363545477855,-5.107962843395972,-6.843952002433138
2017-12-11,-0.5984450812853701,-5.025668685483531,-6.72574062248125
2017-12-12,-0.041962590258132704,-5.157226907222773,-6.843108420523107
2017-12-13,-0.6697253432834449,-5.089630647611763,-6.8250206536892195
2017-12-14,1.2685874199722773,-5.443112434780396,-7.179091583871506
2017-12-15,3.4016774798972653,-5.423399941240924,-7.173095657633867
2017-12-18,2.546838277959383,-5.237482294791064,-6.87783557367281
2017-12-19,3.3325765821307485,-5.130554188255334,-6.791203071962414
2017-12-20,4.2511256727099775,-5.278049980933384,-7.0088400890648535
2017-12-21,2.7906151109729778,-5.288539513243055,-7.021845869764759
2017-12-22,2.659367309342035,-5.307316590661796,-7.032294104804791
2017-12-26,1.9361100012024024,-5.196391822311245,-6.971797673708053
2017-12-27,1.9458989113415774,-5.152838273444005,-6.886230126785984
2017-12-28,2.0837156898902127,-5.128527636500384,-6.894487890548064
2017-12-29,3.00151860893533,-5.1101332679517375,-6.849750849984259
2018-01-01,1.3834229736863803,-5.175126258037056,-7.0310721180787406
2018-01-02,1.1734126404139125,-5.093736886060891,-6.852002158860173
2018-01-03,-0.11302321939367233,-5.080172945681407,-6.8506213011121675
2018-01-04,-0.4904435759792849,-4.842696457232294,-6.566660939697906
2018-01-05,-0.29839278852385986,-4.877997045166649,-6.43509343415661
2018-01-08,-0.3091258115631851,-4.903827102998071,-6.4609192729883
2018-01-09,0.1226509059202125,-4.888603596388233,-6.5125917071187125
2018-01-10,0.19454908991218495,-4.988756071593749,-6.651995149200953
2018-01-11,1.8893671247180648,-5.173614726693212,-6.743230103994769
2018-01-12,0.6477345258503774,-5.101346864621966,-6.7216335633789495
2018-01-15,1.6361976670849847,-4.973396863661555,-6.629053210185127
2018-01-16,1.3601041852755598,-4.9802678424543405,-6.762011497991246
2018-01-17,3.105206746108015,-4.909228458385994,-6.639421425441793
2018-01-18,2.1803050784012745,-4.867150397930306,-6.521820430502645
2018-01-19,2.599614758646587,-4.804054821206966,-6.46824941786311
2018-01-22,1.7406945139356171,-4.808371982964563,-6.457027498035216
2018-01-23,3.1585792134348925,-4.668482413725809,-6.312825098134008
2018-01-24,3.49753166461478,-4.74143612927289,-6.462904423684303
2018-01-25,0.9322868198663901,-4.834634870666921,-6.5214617249741895
2018-01-29,1.26886840308144,-4.807996495386321,-6.356737650367877
2018-01-30,1.2691630166367451,-4.819259011621227,-6.370577548928916
2018-01-31,0.4123669691865204,-4.937695256767772,-6.608662872593268
2018-02-01,-2.042793175881547,-4.995588291219037,-6.682839638505914
2018-02-02,-2.6116038162177646,-5.061058295584976,-6.705109370557928
2018-02-05,-2.5278056142982948,-4.990588595587368,-6.724531570294918
2018-02-06,-5.639835976288802,-4.932875120186382,-6.648009850760558
2018-02-07,-7.127495097168915,-5.059814958531328,-6.770682842967499
2018-02-08,-5.891724890783527,-5.245209465284066,-6.992046417170867
2018-02-09,-5.610720857285028,-5.786967446947969,-7.895748149696312
2018-02-12,-6.4416852550778545,-5.665570813036643,-7.640202972468371
2018-02-14,-6.932713084179267,-5.492125084238409,-7.458520683565693
2018-02-15,-5.44632076893925,-5.408590443967905,-7.440465343957128
2018-02-16,-5.194911469643015,-5.364573903522785,-7.185538677857501
2018-02-19,-4.471283207169928,-5.51797600135767,-7.307701322239157
2018-02-20,-4.708960736766464,-5.496898667692314,-7.4607106501441285
2018-02-21,-1.3985568996327176,-5.783480667059999,-7.741082174093596
2018-02-22,-1.6975015436752101,-5.367019604013657,-7.404297914694488
2018-02-23,-2.846413855254475,-5.299153709219091,-6.947674626971315
2018-02-26,-1.04096563026367,-5.3207965225194505,-7.22685895639365
2018-02-27,-0.763936763918615,-5.3421087907970675,-7.118243033483662
2018-02-28,-0.1631652556903172,-5.588389974133394,-7.669440396674643
2018-03-01,-1.483012947575575,-5.569910332281625,-7.602936531955351
2018-03-05,-2.43285512072259,-5.473212646673379,-7.273141612348573
2018-03-06,-3.0769648695663223,-5.384392434482582,-7.363562193478642
2018-03-07,-4.294408525083307,-5.320111657417962,-7.002670286761572
2018-03-08,-3.430058581841495,-5.335625643335925,-7.349557464056199
2018-03-09,-3.4873370933319072,-5.090722454844486,-6.888886695305994
2018-03-12,-2.0651206360134293,-5.056773460119075,-6.7327091080022745
2018-03-13,-2.437417533527717,-5.186850629698493,-7.086289673906655
2018-03-14,-2.175400976886345,-5.053537608307069,-6.792510927307704
2018-03-15,-2.662707574934667,-5.062117487078216,-6.991761727172019
2018-03-16,-3.379792998742297,-5.125445774864638,-7.072522105624426
2018-03-19,-2.7232952340971646,-5.421398518937441,-7.264810136662147
2018-03-20,-0.6289322378173394,-5.546691965853303,-7.71757783923445
2018-03-21,0.0360010511307276,-5.4950479704058965,-7.531142885258481
2018-03-22,-1.5798244645557598,-5.646624963579792,-7.765558715712495
2018-03-23,-2.5757560526008545,-5.592603514197894,-7.6642560125574954
2018-03-26,-2.7640807205547624,-5.561839483535092,-7.641474880890088
2018-03-27,-2.0489572695236125,-5.229186043017573,-6.980791709360055
2018-03-28,-3.45288845296305,-5.155090083150677,-7.162720142793711
2018-04-02,-1.7721166586886676,-5.220163617625115,-7.17325788958537
2018-04-03,0.31641370500780486,-5.231405315542875,-6.972462764903486
2018-04-04,1.7785653863212925,-5.352901821215589,-7.281138438592604
2018-04-05,3.5845965697724376,-5.169855958245091,-6.8200827666044335
2018-04-06,3.538620853226715,-5.21320288968992,-7.021515818616844
2018-04-09,3.7199030505534454,-5.384322589386616,-7.233730882132485
2018-04-10,4.982203974530681,-5.484489689351645,-7.048566382011841
2018-04-11,3.6247708466969684,-5.619200079633166,-7.558262701304826
2018-04-12,3.5648585123070187,-5.463934648691764,-7.4303732340920865
2018-04-13,4.582138196184996,-5.477098694616391,-7.437502691058243
2018-04-16,1.4317440649692736,-5.501389244766987,-7.446389032354264
2018-04-17,0.6777861240142312,-5.4580219503637215,-7.2867063409720885
2018-04-18,0.10347989827673415,-5.477042038880205,-7.41696346782676
2018-04-19,-2.3616317676718266,-5.427382470563468,-7.487122255887294
2018-04-20,-1.1030290674422059,-5.2215307590655,-6.945402127285768
2018-04-23,-0.8231385058202183,-5.225782365035556,-7.1180429535278975
2018-04-24,-1.7373066769515249,-5.2444450948014305,-6.986770096619304
2018-04-25,-2.33468286978079,-5.181327724434195,-6.821927185881485
2018-04-26,-2.5132654683860673,-5.237085648255834,-6.754216194758155
2018-04-27,-0.9073447669491199,-5.1642728332855725,-6.648741506740022
2018-04-30,2.7779361646647303,-5.450869003568789,-7.187553393150061
2018-05-02,1.2392917208268828,-5.293103891422421,-6.857516678206556
2018-05-03,0.6923075218745303,-5.067024241712113,-6.759187211723565
2018-05-04,0.6251220154804825,-5.1067875677404,-6.716415158307065
2018-05-07,1.0838972812378371,-5.28468617760322,-6.851083166092712
2018-05-08,0.8926506801641022,-5.1218371950073545,-6.7736920553439255
2018-05-09,2.4927854976090478,-5.08213343114395,-6.729345619364591
2018-05-10,2.113300238467035,-5.1477681355378,-7.00786912928311
2018-05-11,2.1214014637717877,-5.24135800680684,-6.924383026716927
2018-05-14,0.6850756056570879,-5.2110211170361564,-7.013363219717357
2018-05-15,-2.163108421757787,-5.275574394492459,-6.97711830082284
2018-05-16,-0.2514787577089648,-5.271263569208565,-6.9715255160736
2018-05-17,0.6019615194298726,-5.338688556086947,-6.979015118699344
2018-05-18,-0.13368967152842215,-5.314433196616881,-6.799253464489233
2018-05-21,-2.0841280640142394,-5.363148001078145,-6.911312488905553
2018-05-22,0.34477447415860585,-5.236096814228319,-6.850448448888393
2018-05-23,0.46859764865971987,-5.271267976558173,-6.849310946854079
2018-05-24,0.70598738532542,-5.238648900646203,-6.866009525869524
2018-05-25,0.8198847076131247,-5.2453977218693595,-7.125153363966106
2018-05-28,1.35937211132111,-5.1237251635495165,-6.760388521358972
2018-05-29,1.6992512909072244,-5.392392681372942,-7.1075373532189685
2018-05-30,1.2139457764569477,-5.39186474472314,-7.099825878576828
2018-05-31,1.57612080818576,-5.328870871917343,-6.935151243397542
2018-06-01,1.803506699398635,-5.371788424194957,-7.116387306310625
2018-06-04,2.0271413835964873,-5.321642889285352,-7.0477441507305185
2018-06-05,-0.6119213339607953,-5.410379642793727,-7.129209117805947
2018-06-06,0.6445139011450649,-5.3107296190412665,-7.0056465576578075
2018-06-07,2.815761279071732,-5.776238446525005,-7.656196640740204
2018-06-08,2.8192571619282276,-5.477277980208606,-7.15304317236292
2018-06-11,2.5487762770402447,-5.220165891585481,-6.924930528827611
2018-06-12,4.655737688454471,-5.326944230032443,-7.04484400253077
2018-06-13,5.30669989605614,-5.302345115500499,-6.967908047381784
2018-06-14,3.7078485699403347,-5.3735978273513005,-6.920698515811527
2018-06-15,4.441611774748315,-5.238090591689858,-6.90540933073111
2018-06-18,4.822589546323773,-5.245433452267602,-6.9431764354820045
2018-06-19,3.978476664473313,-5.229579213032493,-6.858991557227158
2018-06-20,2.1298852249446676,-5.33274265274162,-7.064615288663978
2018-06-21,0.36274511135879517,-5.344413706821625,-6.983012835062612
2018-06-22,0.3918659772704327,-5.150690264447607,-6.729153044850008
2018-06-25,-1.20529037423197,-5.1255059558872045,-6.694864462694126
2018-06-26,-3.3350826628250476,-5.231043922856288,-6.958015293908736
2018-06-27,-5.28062441471127,-5.121788736001055,-6.948976053851697
2018-06-28,-5.050391338561232,-5.092029225265565,-6.858176463036023
2018-06-29,-3.636671283497849,-5.2613899112251685,-6.946135575925609
2018-07-02,-3.326898702289534,-5.249450041957504,-6.975868747492395
2018-07-03,-1.5221101019969574,-5.247211710015793,-6.984061012811754
2018-07-04,-1.5816732637722999,-5.263778231765364,-6.8264882918481815
2018-07-05,-2.986359120965978,-5.218691386724913,-6.86991006220242
2018-07-06,-2.921364249327357,-5.21546564809374,-6.915730415888142
2018-07-09,-0.3896949481773655,-5.679717832554328,-7.476308062813042
2018-07-10,0.9723442967569371,-5.458227517158574,-7.152498783669338
2018-07-11,2.058926324809852,-5.37041368307878,-7.021809352350987
2018-07-12,2.9926420025603124,-5.444319641440011,-7.127068250708303
2018-07-13,1.0050181373352145,-5.3301448702074845,-7.096764938641219
2018-07-16,-0.5640441823340328,-5.212046079439623,-6.840568111972714
2018-07-17,-0.8479669569470406,-5.156446953317193,-6.8121877446870815
2018-07-18,-2.172236075313048,-5.1228032429135295,-6.813545322362226
2018-07-19,-0.49661185837663774,-5.098510444564698,-6.751120896842864
2018-07-20,-0.3740318492948602,-5.035530961716827,-6.730295983363859
2018-07-23,0.11097020983807959,-5.093901415742412,-6.692083965502939
2018-07-24,-0.1369086822844502,-5.035109195613201,-6.885060731289294
2018-07-25,0.457792536033905,-5.1120130539786555,-6.70308234966441
2018-07-26,1.9375378377671173,-5.0285338544982245,-6.670235727586079
2018-07-27,2.90520754678235,-5.1094165985672895,-6.769981198857127
2018-07-30,5.092142885052637,-5.524741895089031,-7.1735470753722606
2018-07-31,5.132934728129498,-5.200367573468878,-6.980321363026791
2018-08-01,6.415298826285928,-5.347841708744184,-7.010649019283509
2018-08-02,6.038220593741945,-5.31317140045169,-7.01310919678279
2018-08-03,5.7269755616364755,-5.252881033735973,-7.00819389164957
2018-08-06,3.895322157127727,-5.2794338616286085,-7.054060022685433
2018-08-07,3.304305089536487,-5.1232112499652045,-6.864187621574809
2018-08-08,4.060811690785345,-5.169725899359573,-6.827728026878005
2018-08-09,3.769515247761737,-5.3382768762228645,-7.067216909148807
2018-08-10,1.3462894105241694,-5.381044304713967,-7.11645284256149
2018-08-13,-0.46262090774198283,-5.353291471725101,-7.034137435865711
2018-08-14,-0.41285500464523284,-5.468241674755043,-7.108979601059258
2018-08-16,-0.13479161836552017,-5.505206615193605,-7.136278278782464
2018-08-17,2.328387021536362,-5.333629941383225,-6.958336863686506
2018-08-20,2.3586592127869177,-5.227020255489455,-6.900929857822106
2018-08-21,2.032255474389345,-5.191702453384798,-7.014274376116215
2018-08-23,1.5320180468437805,-5.225037723977124,-7.040086881054374
2018-08-24,-0.02293950279465984,-5.238782033327577,-6.94983601768077
2018-08-27,0.5116611936972282,-5.211251601973145,-6.940054950035476
2018-08-28,2.005221620230223,-5.8486754069413704,-7.722652391193458
2018-08-29,2.9730005466845677,-5.783489133444765,-7.7829757944418905
2018-08-30,2.7199070246441455,-5.533067373593365,-7.43487918964803
2018-08-31,3.7732867027153674,-5.410108694859149,-7.2356519030781286
2018-09-03,-0.016631504270082198,-5.388222302570969,-7.324936578889449
2018-09-04,-1.9572662059401402,-5.528914038877491,-7.618005065540045
2018-09-05,-1.8405378404922748,-5.293215973958874,-7.051946621926559
2018-09-06,-0.6943089869639527,-5.397235466283479,-7.210959495729785
2018-09-07,0.7677942147957024,-5.221739925588256,-6.9245816733537175
2018-09-10,-2.2442570776859005,-5.147471021249842,-6.834547074893564
2018-09-11,-3.17255945126454,-5.0964347844595554,-6.780499003830435
2018-09-12,-2.58515876628388,-5.0878785477334025,-6.749855984593614
2018-09-14,-2.03195697588505,-5.018815341576088,-6.79047197451373
2018-09-17,-5.1253888379201475,-5.224054680479202,-6.87630697441488
2018-09-18,-4.704753339848928,-5.215847911884013,-6.928572762855878
2018-09-19,-3.7616924643826923,-5.528751213884617,-7.359983497677293
2018-09-21,-4.560847944312185,-5.683718685242606,-7.38256841736327
2018-09-24,-6.375802637539293,-5.503884434038072,-7.391838268383189
2018-09-25,-5.72946149147903,-5.64288818963094,-7.446267187761265
2018-09-26,-6.525607571576613,-5.590744276043625,-7.438718696420779
2018-09-27,-5.720507767151675,-5.737648660511916,-7.690580499780488
2018-09-28,-6.508621426151881,-5.629980410247317,-7.499228332416934
2018-10-01,-4.614893080872445,-5.470403660952566,-7.332994570871409
2018-10-03,-4.276931506075608,-5.533134836717732,-7.417213926829254
2018-10-04,-5.025819962315476,-5.974379254567943,-8.082947842071553
2018-10-05,-6.339073499571403,-5.871373649124767,-7.619388367811146
2018-10-08,-5.219477238455258,-5.701564932692402,-7.514328259962223
2018-10-09,-8.02320421620785,-5.96023760961006,-7.879909024158569
2018-10-10,-7.920249520005909,-5.79716465360066,-7.604411970776652
2018-10-11,-9.194260381503149,-5.927545188802569,-7.81857095186293
2018-10-12,-7.672975975644857,-5.990937892900762,-7.8189694194006885
2018-10-15,-7.4578018046364445,-5.922999449088697,-7.66882996113145
2018-10-16,-8.874505238401728,-5.970359714849363,-7.800861468515354
2018-10-17,-8.563919682947237,-5.725490794575676,-7.602978672214489
2018-10-19,-7.872959939555514,-5.7757932905023885,-7.605284530573626
2018-10-22,-6.883959828081656,-6.323109561327548,-8.227708856843542
2018-10-23,-8.624414584488754,-6.225217291444348,-8.350857842471475
2018-10-24,-3.9296115816474266,-7.685466890400089,-10.528082105563774
2018-10-25,-6.861949896156187,-6.8146245566348895,-8.954816645454379
2018-10-26,-4.020991066146324,-7.2335808542221764,-9.761767625645385
2018-10-29,-1.9204704389330596,-6.623536393666448,-8.691439406109293
2018-10-30,-0.014328487679491353,-6.581993946664327,-8.624380953739252
2018-10-31,1.3658750423724624,-6.519863631393719,-8.793866632086335
2018-11-01,1.918480784730498,-6.781524866487086,-8.690065247426089
2018-11-02,4.913722786934437,-6.758879272472684,-9.168177423432992
2018-11-05,6.5136832047281725,-6.364958704483536,-8.48974388244974
2018-11-06,7.955353347289291,-6.309522096221532,-8.312130724316708
2018-11-07,8.442284098407615,-6.351378043222618,-8.79596329925619
2018-11-09,9.290959296036833,-6.405116357831686,-8.475187831534946
2018-11-12,7.991733329265257,-6.469573603545833,-8.761621148710152
2018-11-13,4.147824922115029,-6.705404700334277,-9.090820563593512
2018-11-14,2.4826448962554255,-6.603715891880878,-8.969491093314707
2018-11-15,0.65632770302773,-6.346192725058001,-8.285446138693423
2018-11-16,1.1300902957189032,-6.121997208883813,-8.020944993612163
2018-11-19,0.02490240327319282,-6.161751698406023,-8.10141688290904
2018-11-20,-1.9358890733781824,-5.967085405993807,-7.921357074810723
2018-11-21,-2.1229256095708724,-6.063592513892158,-8.027505890595672
2018-11-22,-3.61063181663359,-5.950877685357764,-7.9323973573774165
2018-11-26,-1.9553341103742166,-5.8797776268558035,-7.894073922326523
2018-11-27,0.3850328178086124,-6.109827212182149,-8.137727765890508
2018-11-28,0.7883052442614928,-5.9481800939126215,-7.977623657168303
2018-11-29,1.3684856699131749,-6.116906323305696,-8.379399337479626
2018-11-30,-0.12706842402213003,-5.942661634299803,-8.1961421083694
2018-12-03,1.6998003741388672,-5.660622852369834,-7.451728401989659
2018-12-04,1.0505321801001375,-5.894310175598019,-7.944797278637105
2018-12-05,1.3339030309105677,-5.829184085624035,-7.859480881336492
2018-12-06,-0.5995991573430222,-5.728831965771844,-7.486569747733035
2018-12-07,0.9368398874472426,-5.811312891495724,-7.973739216959202
2018-12-10,-2.149611786274812,-6.025495545840999,-8.093698110376605
2018-12-11,-1.7356629638159773,-5.893340834976574,-7.992218235982242
2018-12-12,0.47933217868436007,-6.0243918384622015,-8.317412701708943
2018-12-13,1.2663109998570525,-5.75844145178174,-7.734506638681442
2018-12-14,2.5385915187326975,-5.744082914725036,-7.982064405983035
2018-12-17,1.2421752241209147,-5.758202624591616,-7.5205455788529285
2018-12-18,0.8799783220612324,-5.846883541054336,-7.789177238168846
2018-12-19,1.7952912219992867,-5.966844792501144,-8.093147514662972
2018-12-20,4.040395056061475,-6.052925928685634,-8.170274480878088
2018-12-21,1.836686156033179,-6.014908831767015,-8.023835882064674
2018-12-24,3.0780389759957743,-5.835423999279176,-7.754075254241788
2018-12-26,1.8665271519732687,-5.941899600662248,-8.076130826776817
2018-12-27,0.07812748427624505,-5.865158337389755,-7.812722453299861
2018-12-28,-0.8727675824222579,-5.922195930207944,-8.076157021740393
2018-12-31,-0.8625450401092452,-5.787961970025942,-7.676074085585169
2019-01-01,-0.9734439616148953,-5.870871651654316,-7.668048043015849
2019-01-02,-1.8600860094411122,-5.801996448599567,-7.645321999634663
2019-01-03,-2.581004889132648,-5.758828263139239,-7.613620986599094
2019-01-04,-1.4329438882988876,-5.970621215607998,-7.797256135229699
2019-01-07,0.9551431404984195,-5.893967822901611,-7.828534445513948
2019-01-08,2.684757898718475,-5.907070185358482,-7.8588260347885095
2019-01-09,3.768999709952442,-5.785387302750516,-7.792176190183963
2019-01-10,4.0532269337079345,-5.814322915334196,-7.705996930162693
2019-01-11,2.2685878836774824,-5.802974937276043,-7.545885124241131
2019-01-14,2.54414999721008,-5.6311472371062665,-7.332828907268575
2019-01-15,3.88559848704452,-5.602099708601273,-7.320070650729622
2019-01-16,5.40559084683789,-5.778731823046947,-7.5863662248890344
2019-01-17,4.992583701522393,-5.636512688533915,-7.480423054108844
2019-01-18,3.495674727880875,-5.5865299729028415,-7.332911589718241
2019-01-21,2.5854395382581923,-5.783122868701984,-7.532660752495536
2019-01-22,1.2302198198138274,-5.811836080660014,-7.60190115453379
2019-01-23,-0.23771799243665737,-5.675469271417001,-7.492110975011158
2019-01-24,-1.4310866250810326,-5.6295497965874866,-7.367786317500879
2019-01-25,-0.9937949184101801,-5.6033021883925,-7.348012321800112
2019-01-28,-2.42675699425518,-5.464357590163628,-7.175447464395988
2019-01-29,-3.8684097859284834,-5.447960078269279,-7.099042854801835
2019-01-30,-3.7683494164975686,-5.304438592955338,-6.893915593162878
2019-01-31,-0.10917758737773298,-5.514698541724062,-7.11041602196723
2019-02-01,0.5194260596700113,-5.5767896981670315,-7.215736683140298
2019-02-04,0.2376486252547117,-5.597717691668766,-7.341371824949833
2019-02-05,0.11911251965470138,-5.466476306521185,-7.259574952435587
2019-02-06,1.8955670837911718,-5.381148887373511,-7.210154671466819
2019-02-07,3.158614291823199,-5.492421642864225,-7.304776486870392
2019-02-08,-1.5627085382527057,-5.36159873252724,-7.197030153013153
2019-02-11,-1.084949593879183,-5.2986497788803435,-7.152244062936633
2019-02-12,-2.5274173257102692,-5.376460082269776,-7.1521866285457945
2019-02-14,-2.82479352583549,-5.39081349355124,-7.147154397098295
2019-02-15,-5.734551514170526,-5.670941594557775,-7.4041825419479
2019-02-18,-6.172390133062132,-5.785522168252203,-7.64130768964448
2019-02-19,-6.306396329956569,-5.749128855691798,-7.495083971643444
2019-02-20,-4.860534591091829,-5.793638768595502,-7.636314631682929
2019-02-21,-5.201285278352442,-5.797388592079732,-7.557350234828811
2019-02-22,-4.61708175811265,-5.691429990117241,-7.457909912573404
2019-02-25,1.563823825238373,-8.399057768917725,-12.184507770457076
2019-02-26,2.0622168302504473,-6.492180222401226,-8.767951367869191
2019-02-27,1.8424875048081724,-5.799005386832936,-7.719449000111521
2019-02-28,1.8533184991262224,-6.1837877575910225,-8.494239659629407
2019-03-01,3.117290756612623,-5.964960485887264,-7.841082328522171
2019-03-05,5.2302338694507196,-5.844776704872119,-7.726328533782152
2019-03-06,4.690413798810373,-5.7587266068921,-7.577718314050964
2019-03-07,3.728882431484585,-5.6860298130313005,-7.540914565213656
2019-03-08,1.3432278875905879,-5.6763802069032225,-7.42102115406526
2019-03-11,0.9404075743059829,-5.729591746096541,-7.520305885486723
2019-03-12,0.6142519229147154,-5.664009173930285,-7.517127630219854
2019-03-13,0.7427176516327401,-5.665862749915018,-7.49629192067632
2019-03-14,1.5562006009772351,-5.757394488827613,-7.618581168964614
2019-03-15,1.9039470658860327,-5.703034053797938,-7.521490985582321
2019-03-18,0.9114331255235478,-5.63238362151577,-7.460471030759492
2019-03-19,0.09383219919867247,-5.700963468272583,-7.662937740645253
2019-03-20,1.0825560077735226,-5.683252634059937,-7.477553751774397
2019-03-22,-0.2174916249439125,-5.711777908914143,-7.475671923734494
2019-03-25,0.08818764729104034,-5.788315486789654,-7.715161923898538
2019-03-26,0.24926818569407738,-5.796582598429787,-7.524816274746207
2019-03-27,-0.26867337023506516,-5.5856292975546085,-7.332423882429961
2019-03-28,0.6160085532687622,-5.550006162613617,-7.338483202272258
2019-04-01,4.4824868374768245,-5.566539192253985,-7.246794227186068
2019-04-02,6.65683351500073,-5.470650380150108,-7.203814662439195
2019-04-03,5.3076117850427345,-5.567248508484699,-7.26482234899827
2019-04-04,4.8800323652656745,-5.539753233843558,-7.194769871130851
2019-04-05,4.563206812023779,-5.591359387045894,-7.234882450062771
2019-04-08,5.160305148400039,-5.64747903374337,-7.3398502715315646
2019-04-09,7.250868813119444,-5.6851768099627,-7.532733454425301
2019-04-10,7.1391755425360115,-5.710032058704706,-7.523676991092661
2019-04-11,7.629345461397461,-5.667169591698154,-7.615429031548229
2019-04-12,6.494004140407764,-5.75850919081292,-7.6009147090882365
2019-04-15,4.295734774980285,-5.974653611482528,-8.064574138725456
2019-04-16,1.7148915236397593,-5.9860953236962215,-8.084654210013147
2019-04-18,3.008015170912892,-5.918866903441676,-7.843235308838138
2019-04-22,2.4907227095417848,-5.826539389617062,-7.743534006160291
2019-04-23,2.293923529641657,-5.845289143355866,-7.674032069626921
2019-04-24,2.8145890393206323,-5.891098668215159,-7.786501334136808
2019-04-25,0.8868619852068802,-5.644945078136172,-7.707743805915445
2019-04-26,0.35611168480571515,-5.633987667407332,-7.6334522807457175
2019-04-30,0.12447519454658035,-5.617386592317742,-7.380610286289011
2019-05-02,-2.1371339467828045,-5.524061419932917,-7.35810029295
2019-05-03,-3.5285446763005823,-5.477478768977173,-7.3676661947490105
2019-05-06,-5.353569825089927,-5.487055440202127,-7.239661533334243
2019-05-07,-6.112716857136217,-5.419622025341346,-7.260300187143428
2019-05-08,-7.726313492582298,-5.47477287977442,-7.259362522154354
2019-05-09,-6.765424889954779,-5.658885904578841,-7.754163547389338
2019-05-10,-6.455820901442203,-5.754424958746975,-7.911599608356006
2019-05-13,-5.839186057220248,-5.5346903053121075,-7.375240026866275
2019-05-14,-5.26361488577459,-5.607584189101654,-7.512561077186545
2019-05-15,-8.162805374222613,-5.590690280465676,-7.392268847713296
2019-05-16,-4.007865187231344,-5.777126413561036,-7.851921413589301
2019-05-17,-2.853720567770905,-5.728174557270806,-7.721544433214596
2019-05-20,3.1604468302833872,-5.830648969644506,-7.649701928905113
2019-05-21,1.3016250551477277,-5.9368670209120955,-7.887262037528667
2019-05-22,3.3479013003049345,-6.010072201512016,-8.141130073212755
2019-05-23,1.8204366331469748,-5.896776935738319,-7.9934352374355155
2019-05-24,3.7181382004665573,-5.886373386192241,-7.997018970397176
2019-05-27,4.7908780508929,-5.856029721008384,-7.644921578301604
2019-05-28,4.409193065101578,-5.718406479944718,-7.472997190008444
2019-05-29,5.762575199703635,-6.296984928784937,-8.484174099446202
2019-05-30,4.189912185710407,-5.894677545668873,-8.210960455651552
2019-05-31,3.075893922577967,-5.6894769451360325,-7.5842692007295875
2019-06-03,0.3092099835888147,-6.451684570324005,-8.861317477597519
2019-06-04,1.8906792468097176,-6.841019344208053,-9.189052324710833
2019-06-06,0.199885272956297,-6.373438777944274,-8.642738458477748
2019-06-07,1.563448298014087,-6.224822809921279,-8.76956342869542
2019-06-10,-0.15778667379327826,-6.127221295026954,-8.718019916923462
2019-06-11,0.0036419716947244662,-6.0070809324079315,-8.352791925959435
2019-06-12,-0.9079104415888258,-5.938287831454822,-8.059994608985876
2019-06-13,0.29037391790291717,-6.08536755029168,-8.326876271463648
2019-06-14,-1.1918736805437433,-5.938638658984708,-7.837698068823487
2019-06-17,-2.2972979919945526,-5.894653877182885,-7.987130103842518
2019-06-18,-3.4208818164855908,-5.749183647504377,-7.7637159170606695
2019-06-19,-2.9644759431012275,-5.603839500821247,-7.498423917320788
2019-06-20,-0.2547519920128576,-5.999409574352237,-7.943215814539789
2019-06-21,-1.0705587454671526,-5.937866048127363,-8.039244776162764
2019-06-24,-1.3755932186430226,-5.947641656273768,-7.988996940656312
2019-06-25,-1.7384758396289048,-5.887704802956713,-7.850355156811467
2019-06-26,-1.3480874951438846,-5.797569351480213,-7.8455473120127515
2019-06-27,-0.3410032628038625,-5.702894926506006,-7.4738758950929265
2019-06-28,0.38881542566832755,-5.590280711625133,-7.512415014542705
2019-07-01,2.4506264360309977,-5.762560149584971,-7.861014066677244
2019-07-02,2.13810247263892,-6.334479732053397,-8.63153593036006
2019-07-03,2.254357128957835,-5.643348106728814,-7.573005836014139
2019-07-04,1.61103305242202,-5.4658735942341385,-7.500298222524681
2019-07-05,0.9307633208599602,-5.542992665666302,-7.427037411397709
2019-07-08,-1.7170780677320603,-5.5211726221297965,-7.339206663560169
2019-07-09,-1.8747549867846849,-5.463717592062797,-7.280350061665598
2019-07-10,-3.1514045801254174,-5.587001125024025,-7.5741360788959025
2019-07-11,-2.2625982518363443,-5.438665472485561,-7.274083835373198
2019-07-12,-1.5855250383338504,-5.513169321376828,-7.626082326651634
2019-07-15,-0.4891919377782794,-5.496044204054471,-7.600847423591685
2019-07-16,1.7187976901007405,-5.498656339535202,-7.497191994858879
2019-07-17,2.993931951869183,-5.2989959356269285,-7.16448673019091
2019-07-18,0.2203566430293198,-5.243891462546868,-7.240253751639206
2019-07-19,-0.6252544875701389,-5.299425288766484,-7.092667726203957
2019-07-22,1.202641396951393,-5.760144517719181,-7.8660207224664465
2019-07-23,0.6259959309005707,-5.645188079561632,-7.596542371000464
2019-07-24,1.3252467265066126,-5.750570265111322,-7.671701768213842
2019-07-25,-1.139278456909252,-5.761463696675065,-7.678514949196138
2019-07-26,-1.226189326068765,-5.658650786947465,-7.4689834531133945
2019-07-29,-4.750268327119652,-5.764489756057267,-7.511940308752526
2019-07-30,-8.773988628188562,-5.682820257572486,-7.492022066642165
2019-07-31,-8.701215368213468,-6.200705221139375,-8.233908077765378
2019-08-01,-9.691832163226264,-5.9019488362093915,-8.154724977619662
2019-08-02,-7.8904538786013445,-5.934629677165768,-7.983296062160849
2019-08-05,-9.165821646376164,-5.760022838745456,-7.731988153909135
2019-08-06,-9.009918438195445,-5.791225913834088,-7.6163096899083325
2019-08-07,-9.922746702512448,-6.569704197128575,-8.670747850302309
2019-08-08,-6.7229096735212215,-6.5767707663479165,-8.542735729823633
2019-08-09,-7.086087553081175,-5.920728789431268,-7.919210748859425
2019-08-13,-7.126239290106436,-6.535507425516844,-8.800909741034554
2019-08-14,-4.431055030377379,-7.079915500492673,-9.552259157993722
2019-08-16,-5.268841498724938,-6.8302135360273635,-9.428868102486852
2019-08-19,-2.712675390443962,-7.371203646805315,-10.110719269550293
2019-08-20,-1.4102917154322052,-7.386182529130303,-10.084157313775213
2019-08-21,-2.1468304166502206,-7.378683025881876,-10.146710950758887
2019-08-22,-3.6567745866275656,-7.139028275968321,-9.312260333134915
2019-08-23,-1.101718671208945,-7.469496342353265,-9.970756425707084
2019-08-26,-2.680264182876899,-7.4181573251405775,-9.84700129258479
2019-08-27,-0.7346194843703597,-7.161690768481578,-9.357309434300216
2019-08-28,0.21159898841682756,-7.299889087146367,-9.49723803994818
2019-08-29,-1.821753392991028,-7.350416803537811,-9.825764873435734
2019-08-30,-0.49960096604062976,-6.906156273014888,-8.943653581410935
2019-09-03,-1.9725298358934151,-6.067588605435226,-7.9390927274383065
2019-09-04,-2.9203587698163824,-6.931098381961691,-9.088454538720315
2019-09-05,1.637916550059805,-7.07276178794674,-9.26460223063522
2019-09-06,4.102001593247408,-7.355226376614217,-9.654740525524687
2019-09-09,3.432173211749208,-7.2210398269718485,-9.722854223381663
2019-09-11,5.15591675510187,-7.338375645494204,-9.77549315912738
2019-09-12,1.8767284394104804,-7.074987842580709,-9.30996840764597
2019-09-13,3.787253274761259,-7.172428671854486,-9.664095031145607
2019-09-16,4.265726179181766,-7.322775929564807,-9.765702907653585
2019-09-17,0.9333518089983861,-7.115304364614723,-9.325022029824796
2019-09-18,3.3377153559142134,-7.079077311248997,-9.185446756260447
2019-09-19,2.5728204211325383,-7.141917591729633,-9.435665863860955
2019-09-20,6.456454059221569,-6.855167405107504,-9.027010863664419
2019-09-23,5.223705547654397,-6.910180900167398,-9.10200137581175
2019-09-24,5.609031307502024,-6.837869636887003,-9.016950789648272
2019-09-25,-0.5552805653978217,-6.910880956443245,-9.34709544462727
2019-09-26,0.7864237960651782,-6.704560344830713,-8.883137966765812
2019-09-27,-1.6205795033203643,-6.745225718555387,-9.052392881506323
2019-09-30,-2.0117906798979015,-6.750117674201913,-9.053607470096285
2019-10-01,-2.1886828920581447,-7.075427055300817,-9.62962108576798
2019-10-03,-1.941356145732269,-6.946353918180381,-9.160980377231528
2019-10-04,-2.3283403731444947,-7.0331202469726435,-9.38635658307842
2019-10-07,-8.798483647971919,-7.911660858978383,-10.597524959070542
2019-10-09,-6.540992353637661,-7.981302482643504,-10.327637985686657
2019-10-10,-8.576698440231358,-7.727767291035732,-10.264463020013892
2019-10-11,-2.651240423769563,-8.479829955811065,-11.3004275384012
2019-10-14,-1.9306043122407048,-8.185347562916256,-11.01469797438314
2019-10-15,-0.4725391228436929,-7.809277139856743,-10.257406129192974
2019-10-16,0.34108649918674194,-7.899850374872395,-10.398451525847074
2019-10-17,6.291995958717145,-8.362691686981808,-11.105811480810514
2019-10-18,5.478552510745752,-7.941145669586437,-10.381849297971074
2019-10-22,1.3995550575999678,-7.8262380974508075,-10.36882819881796
2019-10-23,3.5221261237606556,-7.77526800513203,-10.274362070194565
2019-10-24,0.09642219522025197,-7.662043300718446,-10.434857962599493
2019-10-25,2.0671886232503045,-7.6962976130444956,-10.13969878066175
2019-10-27,3.8447032629720415,-7.793731728376166,-10.347002721117963
2019-10-29,7.296648839116035,-7.436809450541811,-9.950795818508547
2019-10-30,8.355643055362595,-7.225762824136046,-9.447029739967522
2019-10-31,12.319784014798906,-7.066915294708389,-9.414688591164532
2019-11-01,8.35981258801291,-7.284745306637336,-9.671376235018506
2019-11-04,8.625140330493759,-7.0473758052070465,-9.476879077602302
2019-11-05,13.729026528449523,-7.580015054126212,-10.332021767899805
2019-11-06,13.211750691456098,-7.197008668847871,-9.383753764594914
2019-11-07,14.256546081615245,-7.4092281282850765,-9.718590620600917
2019-11-08,12.00137489510158,-7.625729007005575,-9.973295961920023
2019-11-11,8.210594414203612,-7.7593729630452115,-10.207702761281988
2019-11-13,2.6604542093551196,-8.22448763115883,-11.025589520847847
2019-11-14,1.0885803134771292,-8.036945262477756,-10.943160876532838
2019-11-15,-1.3041636471239173,-8.68737011054222,-11.850184263396265
2019-11-18,-0.646004567732625,-8.332444269881956,-11.27010625154795
2019-11-19,-0.7053678191617151,-8.237943326418474,-10.90653665943271
2019-11-20,-1.0723956555456502,-8.064803611123569,-10.756118789156572
2019-11-21,-1.9790711008220079,-7.669213150390065,-10.37212093046604
2019-11-22,-2.78047221473426,-7.459600309268603,-10.016886988695507
2019-11-25,0.4549740399502671,-7.247564774803812,-9.942886958031544
2019-11-26,-0.7351669396831176,-8.016941946450395,-10.753613128485988
2019-11-27,2.3154939022817094,-7.832328690016988,-10.617474311131
2019-11-28,3.064796063068085,-7.671538329441824,-10.402768480746621
2019-11-29,-0.10814429226007505,-7.568025291576327,-10.15107294382936
2019-12-02,-0.9626812788746049,-7.378108433043368,-9.89722070310861
2019-12-03,-1.6547268733219722,-7.043095389635054,-9.671029281931656
2019-12-04,1.3878821976845752,-6.99027948868549,-9.283381362783237
2019-12-05,0.577474111301698,-6.860756930974271,-9.139681643611977
2019-12-06,-0.09821973191577005,-6.573446632758353,-8.762714930446567
2019-12-09,-2.3336004374821346,-6.660687846507067,-8.78354738966724
2019-12-10,-1.8278943493487096,-6.4405205893260025,-8.651368397776961
2019-12-11,-3.0858480258334966,-6.311014797589453,-8.587348925516602
2019-12-12,-1.7473394165844298,-6.201732597200906,-8.316992247898458
2019-12-13,1.7301801673403052,-6.1541776526671175,-8.249795929400532
2019-12-16,1.4788739901244403,-6.1067235313303785,-8.085629815624715
2019-12-17,3.2617149894712956,-6.160447151327646,-8.097689380568863
2019-12-18,-1.0132370322688096,-6.290617739581691,-8.412862594539817
2019-12-19,0.7557025036986629,-6.181272464721374,-8.253644400845543
2019-12-20,3.0228918246164453,-6.728219876005444,-8.897098885306383
2019-12-23,3.4371107881082352,-6.581722321655292,-8.863615232685893
2019-12-24,3.41539866447621,-6.60810759611537,-8.76314839108188
2019-12-26,2.674621507577023,-6.596112300447765,-8.610026366055216
2019-12-27,2.0542285145045476,-6.638637641897503,-8.666835181470887
2019-12-30,0.9835127555623104,-6.474414484567743,-8.490416994392715
2019-12-31,1.4888915550544874,-6.1835451441880664,-8.182630063425163
2020-01-01,0.6245565238146876,-6.222480964525805,-8.215784837189103
2020-01-02,3.699617726864775,-6.3118401562453315,-8.21760522207284
2020-01-03,2.2416741968699156,-6.1856010873729,-8.080267480357893
2020-01-06,-0.2037598719632343,-6.067870363346202,-8.065738581371074
2020-01-07,-0.5369356987898672,-6.154152673149231,-8.004770799428165
2020-01-08,-0.6534368873151273,-5.902386927587923,-7.838898303010837
2020-01-09,2.2258248158547804,-5.930602340869919,-7.8298461390605505
2020-01-10,2.433841687386663,-5.806045810018459,-7.627932391819682
2020-01-13,3.4597633946563953,-5.877676921197379,-7.726485844021381
2020-01-14,3.538451167453363,-5.886409043500483,-7.790835550814192
2020-01-15,3.3885089034733955,-5.802746491172994,-7.61036924011484
2020-01-16,1.7483803672262328,-5.803127149570991,-7.6897578352777165
2020-01-17,1.9814945170120124,-5.831827890900828,-7.705892942424792
2020-01-20,3.6688728359773672,-6.283253450820974,-8.284690227890362
2020-01-21,3.37452400432454,-6.177845008312823,-8.114859602430156
2020-01-22,3.411959460381155,-6.165692268977593,-8.018202470554945
2020-01-23,2.3970984600767107,-6.126017250712313,-8.061313481945568
2020-01-24,1.0416147727904606,-6.105925099450558,-8.086760636279124
2020-01-27,-2.0153845129133225,-6.003482710635201,-8.006012012708009
2020-01-28,-2.9484015195787245,-5.916391719984346,-7.909664985282283
2020-01-29,-0.8399144975792723,-5.697933198024447,-7.658156449005703
2020-01-30,-1.9227391917164747,-5.626597176010499,-7.451541965846893
2020-01-31,-2.7913600636395977,-5.7287416717177315,-7.498060629286507
2020-02-03,-4.315622233424058,-5.581216372088752,-7.500819546796081
2020-02-04,-2.1979514011041053,-5.419417005788346,-7.209308128266233
2020-02-05,1.0899170669537994,-5.453735465623905,-7.173396121804635
2020-02-06,-0.6341907146957231,-5.649569593661998,-7.3908387389263055
2020-02-07,-1.2193360244407354,-5.382011109627053,-7.156688299998044
2020-02-10,-0.7111184839361304,-5.6642498940582025,-7.446697294696778
2020-02-11,0.754344893153687,-5.5080085171568385,-7.220666095146495
2020-02-12,-0.2156574502534776,-5.6106781142973094,-7.395323531239745
2020-02-13,1.9276809018989827,-5.635643327571893,-7.547831990821085
2020-02-14,1.9016860458544482,-5.791140565984244,-7.724586750630481
2020-02-17,3.6427520751306233,-6.716892200560434,-8.886813128871252
2020-02-18,1.4861153711117931,-6.651812648975671,-8.931873234322337
2020-02-19,-1.0434068939459866,-6.789593827427684,-9.11210997458045
2020-02-20,-0.7204746597995317,-6.480059746021969,-8.671118031501871
2020-02-24,-2.1379012908622337,-6.456791886198931,-8.52245051970975
2020-02-25,-0.6927525099575188,-6.356037806730727,-8.347287848166033
2020-02-26,-2.4749811698264237,-6.348278273924657,-8.396324389137277
2020-02-27,-4.099034930526631,-6.2770503230056915,-8.305903189191355
2020-02-28,-11.982215708532717,-6.239116505214517,-8.210729543493631
2020-03-02,-12.683261698819924,-6.139482776358965,-8.157227824152857
2020-03-03,-10.877691556468646,-6.033949143368027,-8.047962893780975
2020-03-04,-10.772529198908662,-6.04903972052052,-8.076475370526051
2020-03-05,-10.63013657630321,-6.089329779124995,-8.160517208630056
2020-03-06,-15.546359352630981,-5.9935850683645056,-8.001731695832097
2020-03-09,-19.046878009091284,-6.192145455706809,-8.118929590611009
2020-03-11,-22.27742910497717,-6.182774773418089,-8.209146743538186
2020-03-12,-30.743254699197472,-6.091692703774686,-8.066996748854379
2020-03-13,-26.545113006711624,-6.283327149544076,-8.267191251294939
2020-03-16,-27.158810209492128,-7.452039149200859,-10.06753784754904
2020-03-17,-28.221352523923898,-8.047194856726582,-10.712255785361643
2020-03-18,-32.44684381917909,-7.756752124445913,-10.432708227302184
2020-03-19,-34.59220568766898,-7.6234670960085404,-10.069287803194337
2020-03-20,-28.426874054314915,-7.481533122328699,-10.064271393440645
2020-03-23,-36.010786155184874,-8.109340127799754,-11.010722361040001
2020-03-24,-24.510269262374766,-8.811190194812195,-12.201533995727436
2020-03-25,-18.809937457962697,-9.283716293888288,-12.903783157292768
2020-03-26,-5.789400742842082,-12.242895818429801,-17.459346685478216
2020-03-27,-9.555600455209241,-12.19207881846445,-17.066031062354696
2020-03-30,-4.625466821485038,-13.045896326230787,-18.71651817498236
2020-03-31,2.5110091471504066,-13.200206546685434,-18.476733167256732
2020-04-01,-0.06848384667365792,-12.635200662599136,-17.612873482772038
2020-04-03,-0.7500148624218825,-12.481780940570541,-17.52802358660791
2020-04-07,0.1377791347062809,-12.523269645920342,-17.623389893455613
2020-04-08,12.135881549462404,-15.766196708979543,-22.374631804461693
2020-04-09,8.544518144166679,-15.690643798563404,-22.080449937469417
2020-04-13,4.6976738511678215,-14.874268018675192,-20.683546440014826
2020-04-15,2.319086055373487,-13.918729104751982,-19.22353513854783
2020-04-16,2.493278126680428,-12.862442777301984,-18.19537809949068
2020-04-17,6.117548807297999,-13.0348152641378,-18.41310163018505
2020-04-20,3.4138086225091455,-12.850668744137662,-17.654732158693808
2020-04-21,4.870631526321814,-12.654006842021495,-17.558438892517213
2020-04-22,10.419980634799227,-12.953646188848344,-18.138814222064976
2020-04-23,3.173790325071414,-13.41234711812363,-18.161850949392836
2020-04-24,1.0303353702846696,-12.548960398723787,-17.004455432877872
2020-04-27,-0.17438430625515333,-12.152138319108898,-16.748372724569077
2020-04-28,1.289927381826285,-11.713753679160494,-16.175251170182644
2020-04-29,1.4918830848194118,-11.560147705614831,-15.7481687509105
2020-04-30,6.647082066094632,-11.252383282188253,-15.427350735897747
2020-05-04,-1.4043404936264379,-10.74925524530245,-15.013178458246896
2020-05-05,-5.51528908280536,-10.741168150429306,-15.04275318295485
2020-05-06,-1.5044223766644977,-11.00264399760612,-15.231193396999547
2020-05-07,-4.043402324164852,-10.961960987221357,-14.92332989017279
2020-05-08,-3.8945657330899848,-10.741906110754632,-14.868864853503684
2020-05-11,-0.14199186867018976,-10.857261631064299,-15.166163855587637
2020-05-12,-1.336413937980485,-10.423189069797262,-14.557909757413901
2020-05-13,-0.5002096882251796,-10.204148703681726,-14.18239899143475
2020-05-14,-4.706825909899564,-10.117072656297102,-14.043243076854763
2020-05-15,-10.128911394542179,-10.107531413769463,-14.333580275033274
2020-05-18,-5.830537025139909,-11.305700310440944,-15.955801364752697
2020-05-19,-3.459803878916004,-11.89527603061417,-16.66800284969982
2020-05-20,-2.760133315900247,-11.300189530442987,-15.645815790040073
2020-05-21,-2.4317699569913636,-10.857666988799238,-15.199003274789044
2020-05-22,-2.5376310578557324,-10.735469833326766,-15.115132524271727
2020-05-26,-4.063354774229394,-10.64827376090219,-14.535855499062624
2020-05-27,-1.2872259727386117,-10.29719256013415,-14.267664129317222
2020-05-28,-1.8016889439016617,-10.17006050921671,-14.10195132801247
2020-05-29,2.1138381880085246,-10.474791963462918,-14.590255542366856
2020-06-01,5.047612942357747,-10.316177882504029,-14.254752894333617
2020-06-02,9.974846462544082,-11.107937610990492,-15.505758280280602
2020-06-03,11.395755856119928,-10.73380062577022,-15.317775754773145
2020-06-04,10.606140702419125,-10.420828999437608,-14.38315150847413
2020-06-05,15.093078444851633,-10.060760937872548,-13.766037652218358
2020-06-08,16.510905393781492,-9.901746836073974,-13.740452548188463
2020-06-09,15.513965597625214,-9.504127894257405,-13.23091917031903
2020-06-10,13.285734092294827,-9.591337535406632,-13.436993213088874
2020-06-11,9.195525222267563,-9.205659919536567,-12.429190451311783
2020-06-12,8.033651011942686,-9.134586218148296,-12.672231207587659
2020-06-15,2.6931853583843424,-9.407836422486449,-13.111929636166527
2020-06-16,-0.6872825171695363,-9.325837697630567,-13.125161679607652
2020-06-17,-1.5715377074575776,-8.861108349433486,-12.041199777241605
2020-06-18,-0.20371466281451678,-9.019597564335227,-12.428897587458405
2020-06-19,-2.0759105988401085,-9.627888276105631,-13.463957668770105
2020-06-22,-3.378950875090667,-9.092093093367213,-12.209755729364417
2020-06-23,0.28395436442709077,-8.980732314274398,-12.603860420936813
2020-06-24,-1.7066884181939828,-8.689407890167848,-12.250907576615575
2020-06-25,1.3792737855108155,-9.156553154952618,-12.738147764129614
2020-06-26,2.4769257897178925,-8.902858262596256,-12.034470801065513
2020-06-29,3.4074790521371208,-8.943389503129152,-11.961643598359174
2020-06-30,4.293808970854,-8.83126615985032,-11.825872252003288
2020-07-01,5.259622639895966,-8.746404813942425,-11.844120947634266
2020-07-02,4.755348968979435,-8.75013173422171,-11.759929425293537
2020-07-03,3.1536973958765975,-8.624667122409305,-11.710212371182704
2020-07-06,4.31579531478263,-8.591740020094468,-11.95305118108613
2020-07-07,2.99130560486026,-8.682005881680086,-11.800081630112196
2020-07-08,3.780841089124227,-8.83408497211913,-11.912762065388321
2020-07-09,5.3228652348153975,-8.767022205311108,-11.490967574877839
2020-07-10,4.825463052444022,-8.479038213567415,-11.097757649396307
2020-07-13,6.9328924482842424,-8.739734595950727,-11.817515369758093
2020-07-14,4.9168524457735545,-8.397897350084161,-11.16047366964681
2020-07-15,4.816525737370709,-8.324965531710518,-11.345433594262708
2020-07-16,6.62588671972529,-8.263138160425651,-11.727548893791285
2020-07-17,7.1825450198809015,-8.140170212677493,-11.27980538900958
2020-07-20,6.350029931438444,-8.352591370813146,-11.557179034989066
2020-07-21,6.580628751437919,-8.141772596009098,-11.485698158185107
2020-07-22,4.910012767013342,-8.07809926187413,-11.512215445052345
2020-07-23,3.829325090281132,-8.155406951827818,-11.55633196248859
2020-07-24,2.5997157405715563,-8.247935410883894,-11.59540438227377
2020-07-27,1.6270201200183045,-8.083423232522234,-11.006001925328714
2020-07-28,6.00817451537128,-7.887023218239521,-10.897084762520292
2020-07-29,4.566764275287304,-8.385472546495212,-11.714022483524886
2020-07-30,0.6348881503486616,-8.84225952783179,-12.245893836777157
2020-07-31,0.4301794156375798,-8.715144972220823,-12.135165418503995
2020-08-03,1.3404969215880123,-8.714289673371983,-11.99359473537415
2020-08-04,-0.5578695301198678,-8.52403174884735,-11.797347959185055
2020-08-05,2.4726720056644624,-8.43144239821494,-11.49126161652704
2020-08-06,3.35977895744547,-8.38888984647687,-11.608004300270517
2020-08-07,4.1489532266029,-8.452822202608031,-11.906654752378676
2020-08-10,5.81546281363994,-8.249097102162205,-11.675000405891478
2020-08-11,3.570083673997367,-8.442980951172077,-11.635800806545182
2020-08-12,5.503561098956203,-8.188375696078008,-11.31057320402929
2020-08-13,7.626618847150999,-7.9930155488193995,-11.034273023970382
2020-08-14,4.2794741448217275,-7.1100762449382495,-9.958734907278236
2020-08-17,2.2503313636986126,-7.49881254846537,-10.389822465987
2020-08-18,4.08983948372412,-7.35013706597992,-10.245673536765619
2020-08-19,3.121084498731065,-7.611217130286681,-10.518114561056894
2020-08-20,0.7180936127373025,-7.42396582383195,-10.342246419707962
2020-08-21,1.2195693942062322,-7.549069304326434,-10.650893672538572
2020-08-24,0.18280342460265958,-7.650678912899997,-10.594085149459131
2020-08-25,1.9298040158474197,-7.533452047320717,-10.431441629057048
2020-08-26,2.928875123001487,-7.428708907293148,-10.2616262154873
2020-08-27,3.6044357379141294,-7.45421195253718,-10.22949565610004
2020-08-28,6.038222764307037,-7.341150284736085,-10.380615300585422
2020-08-31,4.345795449781315,-7.458074364567871,-10.379204691560322
2020-09-01,4.147577812381452,-7.326148280467235,-10.352480801371119
2020-09-02,5.365952452778578,-7.1564010870790895,-10.111285729887557
2020-09-03,6.733810796789679,-6.943278036630817,-9.70333122535787
2020-09-04,4.346635267069292,-6.928245934631379,-9.442475024518927
2020-09-07,5.055756444685718,-7.10103005680869,-9.947797066209874
2020-09-08,1.9563379346845893,-7.131338407302284,-10.185898368741164
2020-09-09,-2.6576881562976378,-7.277840459048694,-9.932766609128459
2020-09-10,-2.9002598568192903,-7.341940878691853,-10.521200052247616
2020-09-11,-1.9689769818791047,-7.556611584518895,-10.834822814417988
2020-09-14,0.6505881772708022,-8.320175438345029,-11.909297662558286
2020-09-15,0.007424751325448065,-8.32025100759647,-11.706749603788174
2020-09-16,0.052984284981087204,-8.23927933265888,-11.475837587083141
2020-09-17,-1.057788717036732,-8.037987297882768,-11.298084632594376
2020-09-18,0.11679938494783715,-8.013587989113264,-11.242505101474515
2020-09-21,-4.185864980888052,-7.906872672214626,-11.209048762975948
2020-09-22,-3.5921617022903356,-7.924770781734036,-11.179316105561428
2020-09-23,-1.6509140594438023,-8.077706038145266,-11.231057933855263
2020-09-24,-6.720769759532852,-7.897333710868029,-10.871750100568093
2020-09-25,-5.074952494115253,-7.723741416360314,-10.611784369231165
2020-09-28,-4.165536976976286,-7.617631266142088,-10.514918987120232
2020-09-29,-5.3765542958673995,-7.2125898005961275,-9.62963229078715
2020-09-30,-5.592096849562071,-7.123398552695239,-9.460096123854257
2020-10-01,-3.4153217780429594,-7.143072986141363,-9.88471967224514
2020-10-05,-1.709116745259966,-7.096908465706157,-9.419963458124046
2020-10-06,4.112409831227338,-7.64953382773125,-10.682820490170538
2020-10-07,4.8135013374782805,-7.461939133233057,-10.381179694911513
2020-10-08,5.815087020271907,-7.5422877532590045,-10.284455882654264
2020-10-09,10.028562720337467,-8.157405879459423,-11.311975853039641
2020-10-12,7.332318776080332,-8.438832463987195,-11.455007096907645
2020-10-13,5.633405995348413,-8.08850351141277,-11.079709274729206
2020-10-14,6.234835525427197,-8.015688851876732,-10.954337241219163
2020-10-15,3.1276082962062057,-8.230425026266985,-11.136717200091526
2020-10-16,2.8477039164607656,-8.179276353785987,-11.072857257465158
2020-10-19,3.4186541690030383,-7.918837183832098,-10.807312968549347
2020-10-20,1.228216133837548,-7.670961180866301,-10.789982796989685
2020-10-21,1.7962111179389877,-7.363897674401073,-10.264720821474054
2020-10-22,1.1462322285542206,-7.341943855377091,-10.43806431018457
2020-10-23,0.9660685751126751,-7.5186792354958,-10.465438688888437
2020-10-26,-0.5022665652742867,-7.335038320759611,-10.204428696918814
2020-10-27,-0.6230266810442502,-7.3638901121706475,-10.185951054350204
2020-10-28,-1.3228831993816899,-7.344137771496734,-10.193202611178299
2020-10-29,-0.28034093560462536,-7.595632588983988,-10.487976381515804
2020-10-30,-1.9682239959147747,-7.443059887747781,-10.391463629950643
2020-11-02,-2.148765513968315,-7.428910863597057,-10.48327199075196
2020-11-03,-1.61192798790667,-7.169746990172531,-9.85622678697252
2020-11-04,-0.5484950419882921,-7.063897618363814,-9.563312330498116
2020-11-05,1.5533160628661455,-6.781565190431923,-9.3047081151453
2020-11-06,1.6632537151854507,-6.734682524018782,-9.174863713801551
2020-11-09,4.37022280439977,-6.925696657723829,-9.351954720873993
2020-11-10,5.895265169565948,-6.866043312100513,-9.411090462577462
2020-11-11,8.657014723914557,-7.01004577668158,-9.555129191143795
2020-11-12,9.801500697069692,-7.134410740185153,-9.540216481967633
2020-11-13,10.068483591756042,-6.923525346089277,-9.585098683887148
2020-11-14,9.5425400301572,-6.975191023042844,-9.67813166604519
2020-11-17,10.931339027888153,-7.09501138519088,-9.695057990382244
2020-11-18,12.260160296487602,-6.869770922732426,-9.423917674771841
2020-11-19,7.4476484059366825,-7.050871378175146,-9.623049110529113
2020-11-20,7.549171389356753,-6.77075807055798,-9.191773185751172
2020-11-23,6.91060622677608,-6.641171175941476,-9.009452121906914
2020-11-24,6.7221133334810474,-7.121589097504718,-9.683720054291383
2020-11-25,4.007771888704676,-7.122747688331678,-9.592726051921419
2020-11-26,4.912980271215375,-7.083853142123567,-9.872130024911492
2020-11-27,5.695816044869114,-7.006989081628749,-9.690481270510322
2020-12-01,6.1069503113885295,-6.797864579000687,-9.291638595300151
2020-12-02,4.383107810873198,-6.941156924970111,-9.399546293494298
2020-12-03,2.311500534333417,-7.266859528507459,-10.061771705655561
2020-12-04,6.132243665975042,-7.597485686600659,-10.56922201929768
2020-12-07,7.11931359865734,-7.460697028615003,-10.264597854132782
2020-12-08,6.613127820816562,-7.3455488563734175,-10.16951896746845
2020-12-09,6.355555830936034,-7.146460178528702,-9.860078643253585
2020-12-10,7.0079608861123015,-6.914300077266865,-9.69174264273504
2020-12-11,6.867516913142169,-6.705294676151599,-9.280084121294445
2020-12-14,6.52120553849388,-6.9450047536031745,-9.604080063426307
2020-12-15,4.5276399941672345,-6.923740160079773,-9.510752325147536
2020-12-16,4.8534869207681215,-6.867806618585695,-9.348919671497267
2020-12-17,3.486588684588434,-6.752114306994984,-9.366028374518217
2020-12-18,3.0885266733438272,-6.7853152151346,-9.385549010817096
2020-12-21,-2.8790622400499877,-6.755477813061892,-9.360927362600362
2020-12-22,-1.824203819974978,-6.530801507020292,-9.056238155131222
2020-12-23,-0.16648899695885033,-6.484643929266979,-9.025949094322504
2020-12-24,1.4809939002006796,-6.458095916421457,-9.032042822227435
2020-12-28,3.03102756174049,-6.3173027745164,-8.772736051424534
2020-12-29,3.056951809419325,-6.177631682917978,-8.560730735359614
2020-12-30,4.130154192150307,-6.0501949737658,-8.233783152915075
2020-12-31,3.0912902727000424,-6.140497049659816,-8.331292406690096
2021-01-01,4.582981198881503,-6.010300106156933,-8.356814020605867
2021-01-04,5.27976942303668,-6.160568676512581,-8.409422133814857
2021-01-05,10.415614189612137,-7.357098315281109,-10.281220472380049
2021-01-06,9.136374384032406,-7.356337522570232,-10.327795026939144
2021-01-07,6.180497850967453,-7.3459869025202496,-10.245174442510187
2021-01-08,6.080678363429643,-7.117288214997166,-10.095428339821163
2021-01-11,7.894807244288405,-7.101494581187348,-10.188040598784912
2021-01-12,9.996641933917,-7.129462375080342,-10.022346166598505
2021-01-13,11.763502608369935,-6.985383309975533,-9.691568834821384
2021-01-14,12.183387028838066,-6.95096949484125,-9.732580861123395
2021-01-15,11.670446068794414,-6.754129862318328,-9.198554097900171
2021-01-18,6.917550139080646,-6.810495559411039,-9.392479822779155
2021-01-19,8.27561961022215,-6.5441540419183415,-9.30330618938408
2021-01-20,10.474832516784625,-6.483862148702338,-9.144734073045111
2021-01-21,11.842111935202995,-6.381668886390777,-9.020303084969052
2021-01-22,9.994370054213682,-6.663909194230353,-9.387428504755386
2021-01-25,4.490319895788545,-6.798466308342953,-9.522625176867283
2021-01-27,0.2965838702643522,-6.697075223088506,-9.368867462850144
2021-01-28,-2.5531413264784613,-7.036691841507249,-9.891591037975166
2021-01-29,-4.366486938927985,-6.773118215885211,-9.526205337126695
2021-02-01,-0.38271364242169703,-6.808522234080175,-9.42274721632982
2021-02-02,7.909664645735973,-7.153315004681678,-9.852790546372374
2021-02-03,7.07947965864074,-7.101390771757874,-9.709250315590584
2021-02-04,5.930605519082216,-6.995940044216242,-9.581468764697902
2021-02-05,6.924562590836583,-6.930011823679924,-9.654429054813784
2021-02-08,9.572010515441292,-7.091159502388487,-9.756618292249579
2021-02-09,9.952081613622017,-6.903417515234855,-9.55182223377359
2021-02-10,12.214119986644608,-7.039437115206846,-9.849519992408139
2021-02-11,12.928134106365183,-7.159378558816771,-10.089756600061785
2021-02-12,14.789500044830984,-7.327553592946627,-10.2827884408562
2021-02-15,11.716605786579455,-8.176140798564775,-11.363868474367552
2021-02-16,5.2606252229108215,-8.643882787247033,-12.411143187704816
2021-02-17,4.172618150195653,-8.536056120694404,-11.82709228028921
2021-02-18,2.8625155617247553,-8.672016274442942,-12.568112258337521
2021-02-19,-0.535015869524935,-9.762500728306827,-14.053954098875652
2021-02-22,-4.467739935229697,-9.364517064700085,-13.815011520315096
2021-02-23,-1.21332328829034,-9.082285280081711,-12.72689128549513
2021-02-24,-0.753978492921757,-8.76529279580097,-12.288394821341639
2021-02-25,0.21265435860295756,-8.124153850796274,-11.154856666819008
2021-02-26,-2.734887874274917,-8.06797509558903,-11.428622082544509
2021-03-01,-2.7813439274223875,-7.949888089706477,-11.370624313423464
2021-03-02,0.7788718809919504,-7.614354643470924,-10.590371558351872
2021-03-03,2.467803402911067,-7.4918688157122615,-10.433608356616089
2021-03-04,1.2506771392851554,-7.170811409408015,-9.706409061776856
2021-03-05,0.7440808774105401,-7.596087978442615,-10.677530590841215
2021-03-08,2.781730485663483,-7.99705294829842,-11.23605922517323
2021-03-09,0.5373302189270595,-7.678799348717506,-10.457857867460254
2021-03-10,1.148582822928235,-7.7610823588423195,-10.700160573493115
2021-03-12,-0.4898057508957505,-7.554032287821374,-10.429684603752445
2021-03-15,2.4520206912991673,-7.973309917636009,-10.997174103984804
2021-03-16,1.6510241205000573,-7.810765499112786,-10.796174488170596
2021-03-17,-2.696806574190465,-7.706004826122194,-10.812653951734271
2021-03-18,-5.50337890902092,-7.5215109495934245,-10.582161995708871
2021-03-19,-2.3925978070924447,-7.207138295231546,-9.710443773885904
2021-03-22,-0.19182660581256522,-7.571393064434432,-10.375010047357302
2021-03-23,0.2551629690827824,-7.508644817309029,-10.278944334943994
2021-03-24,-2.07802060837844,-7.442214174575713,-10.202917841688695
2021-03-25,-5.682057430522135,-7.147820156230076,-9.757361192192038
2021-03-26,-2.803981941496977,-6.962329344994147,-9.73674026211619
2021-03-30,-1.0471251780055555,-6.7851118069455385,-9.395304357350062
2021-03-31,-0.7034064496782029,-6.754618659019505,-9.434737576765496
2021-04-01,2.1644522109445097,-7.000544116374801,-9.62788817127235
2021-04-05,1.9482806349322679,-7.124721445062749,-9.777992508782091
2021-04-06,0.7035283763557854,-7.126398271980754,-9.87565397836439
2021-04-07,1.413908222909583,-7.208487678078788,-9.819043221485655
2021-04-08,1.3325646943614702,-6.8453623342404795,-9.335460215244396
2021-04-09,4.663151980222778,-7.141911646741023,-9.828660873545207
2021-04-12,2.2224646803703196,-7.48022071468143,-10.122067041025861
2021-04-13,1.923510043077643,-7.257883950682434,-9.546371397883117
2021-04-15,-0.5597524441450501,-7.526778483409494,-10.224583221931717
2021-04-16,-1.0455118017292,-7.235885495789214,-9.996732397342354
2021-04-19,-3.3623094619005927,-7.193785911610319,-9.955868921136174
2021-04-20,-3.1477863548652083,-7.614337336915974,-10.472545305837805
2021-04-22,-3.8118682546151135,-7.4490237638926216,-10.314422318091848
2021-04-23,-5.51630168990635,-7.414218217202023,-10.303382457326963
2021-04-26,-4.576701681717915,-7.181152062407075,-9.94925297493785
2021-04-27,-3.9938724707175832,-6.8531529940106735,-9.240702836937505
2021-04-28,2.3077240632335023,-8.239415691776909,-11.656245368861603
2021-04-29,0.013057241468839464,-7.917363502678513,-11.146894880695548
2021-04-30,-1.2603600152839474,-7.898847670569688,-11.12640529536574
2021-05-03,-1.1894824189928754,-7.665593699507259,-10.768113338256153
2021-05-04,-0.43551182039529734,-7.825672457855266,-10.489504996449883
2021-05-05,1.1240472888505548,-7.547054591730646,-10.180669617491644
2021-05-06,2.549717909235985,-7.4148930844830705,-9.862925983174074
2021-05-07,3.7480117184218225,-7.4870890706424165,-10.393911003926757
2021-05-10,3.5058236970932874,-7.29196035774576,-9.799620388382206
2021-05-11,1.8464084271990397,-7.394503252495438,-10.206476908957276
2021-05-12,0.5251779935506948,-7.311741541880739,-10.237496054427462
2021-05-14,-0.15313046641114303,-7.383883046695826,-10.1499397531528
2021-05-17,4.000399919516637,-7.37642826621308,-10.315841620804775
2021-05-18,4.741963690820712,-7.120256461998713,-9.476572024921392
2021-05-19,3.948037379636709,-7.164145513332375,-9.989363627381927
2021-05-20,2.748994988754859,-7.247350770063783,-9.762981385314026
2021-05-21,3.5617266564603796,-7.05145177790326,-9.653160772659747
2021-05-24,3.368666394094187,-6.956286750473946,-9.588130405897628
2021-05-25,2.7862570351462876,-6.9175197229480325,-9.594256246560306
2021-05-26,3.8573228098636747,-6.682445517076352,-9.045978481155482
2021-05-27,4.4098268844309025,-6.6504528135757015,-9.073506242051462
2021-05-28,5.50173826166104,-6.759291872634658,-9.193132598080465
2021-05-31,3.4392180219089075,-7.36145224407269,-10.33061243681637
2021-06-01,2.9527437936544048,-7.300522178554244,-10.2103785156372
2021-06-02,4.916391180239228,-6.9973209761916095,-9.4641032902818
2021-06-03,6.3886532000734695,-7.201213969527835,-9.848738714423387
2021-06-04,4.479841700494189,-7.281821182154925,-10.253017818121087
2021-06-07,5.045556774583977,-7.318412432263424,-10.208422297702285
2021-06-08,5.2768299306035935,-7.056347810083041,-9.943970675337278
2021-06-09,3.428061846712903,-7.03551927568536,-9.834499139574305
2021-06-10,3.828185793020112,-7.021380095148574,-9.917775390368563
2021-06-11,4.544583190276153,-6.900993353197892,-9.603459784295769
2021-06-14,4.973261239802337,-6.819184601890599,-9.506162721672021
2021-06-15,4.684191342080908,-6.7202974411791825,-9.232623046993105
2021-06-16,4.014578194165323,-6.680286721130363,-9.189132352047618
2021-06-17,2.943437950937623,-6.5605718955544665,-8.798605486290981
2021-06-18,2.6368561633008127,-6.537567448446849,-8.815303965631513
2021-06-21,2.342165577648138,-6.448697761780265,-8.757305780544089
2021-06-22,1.6445630558828177,-6.646393118156227,-9.296516143399426
2021-06-23,2.221590592570498,-6.351816358140549,-8.518619960765044
2021-06-24,1.9568994958342951,-6.365941640851683,-8.56794222245463
2021-06-25,2.2909063615620977,-6.580417965396136,-8.97047227221985
2021-06-28,1.6535756671262276,-6.414129240883629,-8.896604550818841
2021-06-29,1.2249753982127827,-6.279981890263525,-8.363965426330285
2021-06-30,1.1798318583602028,-6.350697905845676,-8.540222305123603
2021-07-01,1.5887186456566473,-6.178316659020873,-8.485402687928868
2021-07-02,2.3309426241700377,-6.289071936248286,-8.498836242569185
2021-07-05,2.74874965556723,-6.292415395486679,-8.569130917933627
2021-07-06,-0.3096852107814976,-6.131957880538223,-8.223275655369946
2021-07-07,0.44375007143209205,-6.213514136720854,-8.578273307232884
2021-07-08,-2.18474584359174,-6.185359936684647,-8.362885105240446
2021-07-09,-3.0314734580270652,-6.358944081028626,-8.900808703566163
2021-07-12,-3.227383710939062,-6.277308435723636,-8.863564871749162
2021-07-13,-2.7575242220345206,-6.22475231355736,-8.413423935962788
2021-07-14,-2.258751158129225,-6.068632207697639,-8.199663819483897
2021-07-15,-2.283174521291963,-6.12876187066376,-8.53752334697957
2021-07-16,-3.1490705057826025,-5.865434618011403,-8.09038051688458
2021-07-19,-4.6407530020090375,-6.134235604465592,-8.538125670334855
2021-07-20,-2.290081300961803,-6.477424077549644,-8.991791711600657
2021-07-22,-2.4652358917073927,-6.442601988905405,-8.842293579027201
2021-07-23,-1.0960417659251978,-6.477672186133004,-8.88067852063042
2021-07-26,-1.5466418420419976,-6.473052289739228,-8.542299658157468
2021-07-27,-1.3894081717032278,-6.35883346034852,-8.692745451180967
2021-07-28,-2.259592760545515,-6.173731249489305,-8.689253065594574
2021-07-29,-0.9960508040115152,-6.201643846887385,-8.20819909038022
2021-07-30,-1.7110278346412051,-6.196984372421544,-8.350643796350724
2021-08-02,-0.5974069125002227,-6.201719551599007,-8.29762837772192
2021-08-03,2.19197880869617,-6.135222457087775,-8.338331306846328
2021-08-04,2.671528178869657,-6.3240685872296,-8.558845818563691
2021-08-05,1.670264292928865,-6.763964836921463,-9.478784329003556
2021-08-06,1.8318073929264627,-6.4347074245007665,-8.815495720309652
2021-08-09,2.2954310434909324,-6.434688846509146,-9.414342070636765
2021-08-10,1.59072490312192,-6.410511208284408,-9.198289135060259
2021-08-11,2.4995265535499875,-6.4544370013376335,-9.100358721965023
2021-08-12,1.9716872454134875,-6.452265395899022,-9.152510355362603
2021-08-13,3.3538629662851305,-6.454440999871646,-9.2952779557508
2021-08-16,2.0613846209472153,-6.143843800529908,-8.39857589164803
2021-08-17,0.3288062257481725,-6.307539096000586,-9.01082263475996
2021-08-18,-0.1664301707899571,-6.132686141888651,-8.318581847152494
2021-08-20,0.3070781157517598,-6.319751795640384,-8.483223615524254
2021-08-23,0.38234201777130994,-6.192776948240999,-8.843132483689637
2021-08-24,0.8164503817904996,-6.103523773140176,-8.611131915554214
2021-08-25,2.022401521742262,-6.0811054189169464,-8.584551116695453
2021-08-26,1.4744835326119974,-6.023563674530224,-8.439642400930914
2021-08-27,0.5151982398657948,-5.92756443039951,-8.229208856867208
2021-08-30,0.8014122587781748,-6.004241014870635,-8.204329163402454
2021-08-31,1.6059617102622723,-6.039076548836817,-8.352547159127928
2021-09-01,1.7415771937745474,-5.744955115731529,-7.872971206884827
2021-09-02,2.9090729049709703,-5.92000469248224,-8.340424532149713
2021-09-03,3.4473217258102107,-6.430649965477524,-9.127234739397009
2021-09-06,4.299715167473392,-6.13749090301961,-9.015578549206403
2021-09-07,3.0980793180439,-6.248262019171561,-8.764456084668385
2021-09-08,2.641746074751905,-5.940427065181067,-8.460198600889825
2021-09-09,3.3237964472272825,-5.966179358853453,-8.420221387911749
2021-09-13,3.2668846851936926,-5.542989814597034,-7.698150214687423
2021-09-14,2.2960003906667428,-5.4877801065752685,-7.553229702676683
2021-09-15,3.62115802870023,-5.334407184870783,-7.336040165279131
2021-09-16,3.927330155590518,-5.528106971861751,-7.432726746089415
2021-09-17,1.9810274612298653,-5.66555115856243,-7.977246915396608
2021-09-20,0.747485013331328,-5.538988795733765,-7.9084319099972475
2021-09-21,0.9323508500413475,-5.5050013389044405,-7.707083232631326
2021-09-22,2.0544303794626875,-5.3783256080630775,-7.585294154367607
2021-09-23,3.727382667346275,-5.363772837359707,-7.5263953229760325
2021-09-24,2.4941528924862877,-5.33607031289378,-7.451123061053689
2021-09-27,2.918744916756325,-5.164417745999653,-7.339052353376579
2021-09-28,2.165612603925185,-5.096727982863085,-7.358763542340846
2021-09-29,1.2111148123278874,-4.9792757519859485,-6.887387414753235
2021-09-30,0.09127188792418456,-5.470492046933248,-7.525073139714635
2021-10-01,1.2324218547874048,-5.523628658373694,-7.59468018145267
2021-10-04,3.61499590606238,-5.805524996861798,-8.01943389044388
2021-10-05,3.446056244201535,-5.662070902070745,-7.842328648662983
2021-10-06,1.4939568471940725,-5.493779483102347,-7.622736464036432
2021-10-07,2.607861544165915,-5.581178330396178,-7.788360931350291
2021-10-08,4.046966168761335,-5.76040076926595,-8.287645329022691
2021-10-11,5.842969693197196,-5.847521919883439,-8.397793211304968
2021-10-12,7.716267547808758,-5.414695152643228,-7.529214822416108
2021-10-13,11.751640336846602,-5.587352547157442,-7.711277300125467
2021-10-14,12.118245283330905,-5.510927847261376,-7.932868883497593
2021-10-18,14.424835717405067,-5.541061557402699,-7.889012807907291
2021-10-19,10.606955034925928,-5.476839519808413,-7.621555299760177
2021-10-20,9.791151634377465,-5.398438454023014,-7.612893080320235
2021-10-21,11.540590809997099,-5.542557786086929,-7.980233035205687
2021-10-22,7.298920555623191,-5.643905535724939,-7.896300563559678
2021-10-25,6.112577328402627,-5.916251199745772,-8.42230129549704
2021-10-26,5.7599451796609245,-6.404512332107597,-9.080130086302693
2021-10-27,4.264521164499194,-6.515446988579446,-9.210751315957067
2021-10-28,-2.5675333198379557,-7.825581315402087,-11.106133596372796
2021-10-29,-3.006651929095173,-7.990053591581333,-11.38856766701994
2021-11-01,-3.71157529678176,-7.622755154789474,-10.792713739536566
2021-11-02,-0.714030487553635,-8.239662288975053,-11.86011810977251
2021-11-03,-0.4915416772034173,-7.9937613038192845,-10.988346619159769
2021-11-04,-0.0969368920530449,-8.291868514744131,-11.621878496950833
2021-11-08,1.920853350843613,-8.363070276959819,-11.896901722657667
2021-11-09,3.2249174183632623,-7.922877722339736,-11.521400172125198
2021-11-10,0.8242629607461431,-7.929943293043101,-11.546789413300123
2021-11-11,-0.33793694026266685,-7.815483393567954,-11.301769994365582
2021-11-12,3.064413871454213,-8.081754798828575,-11.572302708426061
2021-11-15,3.3743265406539225,-7.791693493665497,-11.050129303084425
2021-11-16,1.95746210681079,-7.608798139129145,-10.869745437983386
2021-11-17,1.9204974613473176,-7.332067143280054,-10.475522061487013
2021-11-18,1.0709059072630527,-7.182704625112053,-10.194281411220915
2021-11-22,-1.9772730276882624,-7.083347064446464,-10.210627921185264
2021-11-23,-2.1813637375079598,-6.911714255089559,-9.743054446886866
2021-11-24,-4.076423737955217,-6.592225250120552,-9.073651522936172
2021-11-25,-3.3594699438316296,-6.71471140415029,-9.392417815175081
2021-11-26,-5.285597435384995,-6.638202523606583,-9.453454687870748
2021-11-29,-6.730074531252717,-6.211626428028851,-8.572822210190512
2021-11-30,-7.006754665423614,-5.9193162349406165,-8.381100984942286
2021-12-01,-4.978295384585376,-6.025434720350027,-8.513465009237617
2021-12-02,-4.2524618052728975,-6.248238985245664,-8.48132778820991
2021-12-03,-4.276392917182695,-6.21948267425736,-8.557899074938982
2021-12-06,-3.9018551999735145,-6.550926616256365,-8.939355757208139
2021-12-07,-2.679952126327073,-6.761274554625468,-9.366612320864979
2021-12-08,0.6551937340009153,-6.524459705847094,-8.72244356171392
2021-12-09,0.4534509243583175,-6.405732572813126,-8.747435504195668
2021-12-10,4.003455519917685,-7.121364131051272,-10.023986891579934
2021-12-13,3.395172971409135,-6.8801839341189535,-9.847421133617084
2021-12-14,3.678675104956267,-6.645290355559164,-9.639756943403377
2021-12-15,1.3665692792409871,-6.850418978991074,-9.535519724403962
2021-12-16,0.42357621819403973,-6.3471565098350755,-8.721128598881482
2021-12-17,-0.8456172583601054,-6.494862033134757,-9.004003707655091
2021-12-20,-0.9083330824338276,-6.844701203412172,-9.539641894729023
2021-12-21,-2.283781690074272,-6.950871979697559,-9.629859523456995
2021-12-22,-2.7828129272275817,-6.793097060274544,-9.03733985268918
2021-12-23,-1.6516907688768516,-6.656912764063478,-8.871384757202875
2021-12-24,-2.328217680671149,-6.800387131204659,-9.286844635619735
2021-12-27,-1.1743180153152721,-6.6839771973368105,-9.390705948866863
2021-12-28,-0.14722783296313668,-6.419307632092792,-9.11442441252723
2021-12-29,-0.4881969774151397,-6.203967662852239,-8.440253048994851
2021-12-30,-0.8701684466965421,-6.375991859012171,-8.944655439479458
2021-12-31,2.56181228401479,-6.808308825629365,-9.49951362998145
2022-01-03,6.194557933011618,-6.965199006660113,-9.436425426702703
2022-01-04,6.48140982121888,-6.788835220734989,-9.818077519536894
2022-01-05,4.674671591505398,-6.760511100169141,-9.736383477068438
2022-01-06,2.8525299253723904,-6.685328307448098,-9.668066089836763
2022-01-07,3.6057865799116606,-6.57270227883973,-9.40478247237086
2022-01-10,4.957634377887333,-6.394837546939156,-9.103537230015487
2022-01-11,3.960707766737413,-6.400302855723025,-8.973392566731508
2022-01-12,5.50634514937654,-6.248833253316587,-8.795074339179681
2022-01-13,6.203844687303342,-6.0094410503398725,-8.050730894998697
2022-01-14,4.442684049463095,-6.125595946987589,-8.44578451179593
2022-01-17,4.366925253375642,-5.968031217361927,-7.927061708958765
2022-01-18,2.186329478127725,-6.156743784529847,-8.535581980938273
2022-01-19,1.8809653920972047,-6.245556746169472,-8.693723859432101
2022-01-20,1.0068739753916298,-6.164362925506343,-8.624802356841085
2022-01-21,-0.21149846012370999,-5.997436919282164,-8.546451370441574
2022-01-24,-4.655725152550665,-6.050728755998148,-8.78000817983042
2022-01-25,-2.789088716046895,-5.6434445984494435,-7.86985946537509
2022-01-27,-3.7916930252415773,-5.491026936606924,-7.565804935801197
2022-01-28,-4.474338990278568,-5.477714696338801,-7.765409381949342
2022-01-31,-1.7939566003897927,-5.611250579752785,-7.853594599974858
2022-02-01,-3.2819690553660448,-5.6048655263198714,-7.837341194802859
2022-02-02,-0.8850793315471744,-5.550620144277112,-7.836733578984001
2022-02-03,-1.5566793949321518,-5.7863237466551585,-8.21328799337111
2022-02-04,-0.5040827378458421,-5.7577560019575,-7.757920468037897
2022-02-07,-0.6385587322810244,-5.947377783649966,-8.141559529836258
2022-02-08,2.0459388881438123,-6.371999163010422,-8.974498670665325
2022-02-09,1.201001956056658,-6.309901038034015,-8.56702233260057
2022-02-10,2.3802599968950977,-6.351787925790237,-9.011879627025113
2022-02-11,0.6043034338142552,-6.3259798086151715,-8.827232800493823
2022-02-14,-5.409175193530619,-6.3909753710732184,-8.867714417177359
2022-02-15,-1.0202552562196425,-6.403209547247053,-8.879336990067916
2022-02-16,-2.7017749236138897,-6.142988152046477,-8.178478507675809
2022-02-17,-1.6123513931367948,-6.300129310591484,-8.6757988795645
2022-02-18,-1.5230137342457992,-6.223780837945924,-8.556870706865618
2022-02-21,-0.3951406585693796,-6.218645247628062,-8.563685307886654
2022-02-22,-2.038425812730584,-6.025039862278548,-8.142219906058992
2022-02-23,-3.118265274462322,-5.968266456913673,-8.548189330707872
2022-02-24,-10.196732490184031,-6.002662255906088,-8.477178954346185
2022-02-25,-5.723089147726638,-6.2623581743028485,-8.849186686790818
2022-02-28,-2.014388397279569,-7.341848036388472,-10.348529817018818
2022-03-02,-7.602748467144529,-7.741191994362925,-11.09477355753387
2022-03-03,-8.20517575574525,-7.602660529366556,-10.904292874885156
2022-03-04,-10.493769622487283,-6.94645812734949,-9.803671928219563
2022-03-07,-13.407332714061354,-7.026257396525947,-10.013390912678396
2022-03-08,-12.991280742844706,-6.785676106374344,-9.486775257157587
2022-03-09,-8.638226824469815,-6.871193713127118,-9.374656978472874
2022-03-10,-5.409536090333646,-6.5553401763773405,-9.1122284197942
2022-03-11,0.45233830472054737,-8.399039199223209,-11.512564745351298
2022-03-14,-1.2256479146358075,-8.909092498038975,-12.369314161745864
2022-03-15,-2.0430730834626454,-8.157461374456089,-11.267995620331702
2022-03-16,1.3435982290774202,-7.9644144952814395,-11.249560509066866
2022-03-17,3.5939627722266776,-8.061312715610132,-11.614157409637333
2022-03-21,4.341503878772885,-8.284037600396823,-11.77768120300083
2022-03-22,8.306543549712966,-8.873267308627161,-12.637643696897081
2022-03-23,7.037538539692608,-8.17577089057846,-11.905358580876023
2022-03-24,4.101262806724117,-7.984796483343777,-11.52458776681693
2022-03-25,0.7272116424135575,-8.040369902247338,-11.319431929930825
2022-03-28,1.4940505550368148,-7.815496361880988,-10.902331758749868
2022-03-29,0.8488473225850024,-7.665397108016898,-10.869298055740396
2022-03-30,2.315144302414727,-7.395977728648278,-10.763909403127752
2022-03-31,0.5006087149964373,-7.395047551833139,-10.624256970135143
2022-04-01,1.097301576754277,-7.087074686798606,-10.43759545256178
2022-04-04,3.4861268021896255,-7.201499732668124,-10.22853104640844
2022-04-05,3.1875478813860427,-7.106654912875112,-10.072921134713845
2022-04-06,3.697472167072525,-6.994106406845029,-9.741496960899902
2022-04-07,3.699107392841613,-6.574487742114436,-9.373219628298836
2022-04-08,4.334737937255562,-6.431574362139132,-9.108583249169685
2022-04-11,2.7507994786388625,-6.209240495358134,-9.02594354216578
2022-04-12,0.9334145624675374,-6.065210181762232,-8.29163671146742
2022-04-13,0.39740292744011046,-6.028004211306368,-8.670048637229138
2022-04-18,-1.7294142813093303,-6.1017794289615965,-8.716236166772644
2022-04-19,-5.286345312769683,-6.047691362348607,-8.6368652064657
2022-04-20,-4.339839966573475,-6.089835322228902,-8.68257345772093
2022-04-21,-3.0322187500535343,-6.013195328575928,-8.77098159122703
2022-04-22,-5.371906874158768,-5.904416537230985,-8.77154797871654
2022-04-25,-6.85581878695776,-6.090255045453381,-8.71441796680332
2022-04-26,-5.331486437703261,-5.887068616337702,-8.461450849763313
2022-04-27,-5.540195907766062,-6.113122180943288,-8.725623969888618
2022-04-28,-1.5433162801923133,-6.027867106229281,-8.463996361526016
2022-04-29,-2.467511688613083,-6.145882531463045,-8.9638780058816
2022-05-02,-1.6514244419962758,-6.93318882224648,-10.107610862830954
2022-05-04,-1.4516211264365255,-7.401703283459202,-10.625585971981
2022-05-05,-2.3244271407087886,-7.258133409893293,-10.461445240360618
2022-05-06,-5.6870048023740605,-7.093727665429939,-10.165822128426257
2022-05-09,-3.6972596535714253,-7.555413109428422,-10.742213306818696
2022-05-10,-2.2530829005935806,-7.668711330466583,-10.83228979051103
2022-05-11,-5.014719939038211,-7.525093475665343,-10.679695328123106
2022-05-12,-6.211874209896715,-7.227430259606503,-10.488312619171984
2022-05-13,-7.0003392407997875,-6.985603435925095,-9.810770298007586
2022-05-16,-5.567144660287079,-7.137139401040634,-10.337526584662976
2022-05-17,-1.950965444471648,-7.263160011626456,-10.254700294231174
2022-05-18,-0.7422068843015647,-7.366548149129266,-10.681775027682615
2022-05-19,-4.9487895925884855,-7.245921789557782,-10.398566704429768
2022-05-20,-0.0543447020003045,-7.202000811995195,-10.209160350693512
2022-05-23,1.5109988439555546,-7.322286914528366,-10.657443767657046
2022-05-24,0.9475550211156851,-7.22285488224956,-10.019623760978451
2022-05-25,0.5077183593222201,-7.41116446971159,-10.353550331990183
2022-05-26,3.928589044348148,-7.362058842247262,-10.554296058777135
2022-05-27,4.017801515971428,-7.781255505720995,-11.049842166932878
2022-05-30,5.6956716697542396,-7.422571254116169,-10.356653119527797
2022-05-31,2.742960129636765,-7.372649038803475,-10.20747907375656
2022-06-01,2.59226999791761,-7.378016584718045,-9.998306394859021
2022-06-02,5.888036123948756,-7.760073970570965,-10.620159779861025
2022-06-03,2.3314440706982076,-8.022860789931395,-10.815312485399474
2022-06-06,1.4029232467469097,-7.76899193973066,-10.749387675174162
2022-06-07,1.3397148865595527,-7.4562872354442415,-10.533215975575466
2022-06-08,2.6948352882115048,-7.348539239369761,-10.259861967378027
2022-06-09,1.2496511728695205,-7.493853782361423,-10.553535279563032
2022-06-10,-1.3883184030893174,-7.195327506754103,-9.811071285464738
2022-06-13,-6.809195765496501,-7.074976196840862,-9.769134288188862
2022-06-14,-6.441629306486341,-6.834908570419172,-9.447171634207422
2022-06-15,-5.267861876309721,-6.894934945319037,-9.343889450929455
2022-06-16,-7.5759488985025785,-6.83539130509251,-9.372655611585065
2022-06-17,-8.07099433817383,-6.753573270815032,-9.156547653785172
2022-06-20,-7.358751022821547,-6.534552324653723,-8.861727609078788
2022-06-21,-3.8038804147940444,-6.933580374382689,-9.658041160945988
2022-06-22,-4.639132555955877,-6.71300700855805,-9.559952357865036
2022-06-23,-2.3388579524522424,-6.623942842159382,-9.530458325815463
2022-06-24,-0.7718284143001144,-6.611790658252859,-9.426481628947547
2022-06-27,3.7750656818318205,-7.476979381919722,-10.765272091225514
2022-06-28,4.143746773962653,-7.152481930782644,-10.287528921748843
2022-06-29,2.3006047211948104,-6.843883768260997,-9.953731613888802
2022-06-30,4.600685206519651,-7.326984908526379,-10.320058992122302
2022-07-01,6.470370879343499,-7.083524669705434,-9.960308399510264
2022-07-04,6.997556005628942,-6.920176513660274,-9.987070700659304
2022-07-05,4.628345180263947,-7.043198916822051,-9.893109786464095
2022-07-06,7.254559632619892,-6.927914062942819,-9.617568606625825
2022-07-07,6.413134260700407,-6.987258171875701,-9.68297423201635
2022-07-08,6.967731598125326,-6.542837548659376,-8.880862841338315
2022-07-11,4.489005964728859,-6.515737913007752,-8.776908303743738
2022-07-12,2.555933056883389,-6.637966676912892,-9.2313499593604
2022-07-13,4.523311606071195,-6.729716598708422,-9.108297288659594
2022-07-14,3.935870400473864,-6.736253428558696,-9.62707323939584
2022-07-15,4.370211686111252,-6.40354451993782,-8.807538411076935
2022-07-18,5.187666573880964,-6.650345271038845,-9.536492190229257
2022-07-19,5.296722794516245,-6.406522441538236,-8.774801493005386
2022-07-20,5.016489433342091,-6.507919181348549,-9.271044693583127
2022-07-21,4.510095895225935,-6.641042179960974,-9.366366673517946
2022-07-22,3.2641029553896694,-6.2807043082105425,-8.688812760759093
2022-07-25,3.988664644591408,-6.339452054144618,-8.779341507437007
2022-07-26,3.265631329207515,-6.5113265501284445,-8.98402738485502
2022-07-27,4.313983664156172,-6.589153998727678,-9.317380355639795
2022-07-28,6.140602273761485,-6.345944872646163,-8.606041506689138
2022-07-29,5.639803547403898,-6.357816782514207,-8.639519567100923
2022-08-01,5.0339101588603326,-6.556791306425529,-8.808444235918035
2022-08-02,5.222611271062223,-6.253909579218486,-8.515469203534783
2022-08-03,3.3491239722860153,-6.537532144900534,-9.150289782798518
2022-08-04,3.04002353063678,-6.257120873322135,-8.606303634207281
2022-08-05,3.20574559924025,-6.252910799624384,-8.95430393755029
2022-08-08,3.25254278058477,-6.293491685526682,-8.983031006053741
2022-08-10,5.302993181697874,-6.684378617890397,-9.303759397151419
2022-08-11,4.323328202769369,-6.865167644225898,-9.759005882821413
2022-08-12,2.829175992214175,-6.747272863654883,-9.618422552826603
2022-08-16,2.8399450917421523,-6.681560232768203,-9.644672778979002
2022-08-17,1.800322599727242,-6.913161465911919,-10.062893803424046
2022-08-18,1.0605149610901348,-6.51528512294705,-9.467432189958904
2022-08-19,-0.2276158624252127,-6.36916365321686,-9.318029188228381
2022-08-22,-2.2188591494837775,-6.085774320857383,-8.59043475647339
2022-08-23,-2.37175322974838,-6.047507180080304,-8.40019232297379
2022-08-24,-2.214178512380035,-6.155600880063522,-8.8843109117484
2022-08-25,-2.607849497351177,-6.116502259121297,-8.785110617265055
2022-08-26,-2.6343327589607606,-6.186271200629787,-8.920391375703941
2022-08-29,-4.410197185965087,-6.016064263669033,-8.293614010635743
2022-08-30,-2.25607422275351,-6.130820201622825,-9.00062580421912
2022-09-01,-3.787040091246954,-6.165140358752912,-8.73766271943074
2022-09-02,-3.898021165234615,-6.1104620844670725,-8.755868021759161
2022-09-05,-2.3153145148751344,-6.366124075574902,-9.117876637700139
2022-09-06,-1.0693720136379445,-6.3447992844168635,-8.791008138768555
2022-09-07,-1.9722142109417597,-6.3931838898380065,-8.778561490056218
2022-09-08,-1.0980702314275397,-6.502057497054149,-9.241373696423732
2022-09-09,0.8331967552215002,-6.467209679238904,-9.167775962786806
2022-09-12,1.0004568108241452,-6.366536991137979,-8.876633574725405
2022-09-13,3.690150944148133,-6.742317502856182,-9.627726558439148
2022-09-14,-0.4388345765393953,-7.038799963500202,-10.183644311662453
2022-09-15,-0.30028906901504027,-6.838668503983348,-9.541196012418807
2022-09-16,-2.5707214120254633,-6.777291524665602,-9.340118100906539
2022-09-19,-1.8476831247795777,-6.780348724936723,-9.844921905798186
2022-09-20,-0.7558631582713401,-6.367731052427038,-8.978721484825316
2022-09-21,-0.21997844002365796,-6.357176666894976,-8.970872979765845
2022-09-22,-0.35511652075679556,-6.405422040942932,-9.413942388782521
2022-09-23,-3.094003630145265,-6.0287072671104145,-8.591006016781481
2022-09-26,-5.596433959655243,-6.19755521582495,-8.98897036332239
2022-09-27,-6.075565611700015,-6.065532813154094,-8.809678184456379
2022-09-28,-5.318509525634946,-6.417711413219097,-9.017027973859982
2022-09-29,-4.227198725677125,-6.626326969839934,-9.572135074462658
2022-09-30,-0.8320668401265722,-7.068244449554283,-9.847560034366921
2022-10-03,-3.6173872373077076,-7.101917532875047,-10.153700724173389
2022-10-04,-1.9053950268805728,-6.76185126088081,-9.859560143668533
2022-10-06,-0.9849232481868293,-6.580010186967452,-9.077675383569192
2022-10-07,-2.2806098888327178,-6.485576804713592,-9.472689426874796
2022-10-10,-1.57976503249076,-6.582414487528381,-9.24343063353751
2022-10-11,-1.282934399240125,-7.246611251116603,-10.179964143175578
2022-10-12,-0.4787652964554674,-7.078012661642307,-10.230110004602372
2022-10-13,-1.0091893066025102,-6.77885811766966,-9.434054876054017
2022-10-14,0.017742379741205072,-6.614606418859796,-9.058453400715342
2022-10-17,0.3927048997202627,-6.602891696051443,-9.329823324987906
2022-10-18,4.089864878470595,-6.587899044165277,-9.10497778633063
2022-10-19,0.5572884388477772,-6.735810235736574,-9.148832444951207
2022-10-20,0.4914921031330752,-6.737369533023292,-9.239244215220356
2022-10-21,1.8857740349390277,-6.583915522012708,-9.138091533882823
2022-10-24,2.7721023085396252,-6.802443476883731,-9.129213576326762
2022-10-25,4.30645930017922,-7.232378944114739,-9.965000210729515
2022-10-27,3.9306465885558524,-6.8383858234676484,-9.290628161059708
2022-10-28,4.381800774259893,-6.706344549453671,-9.343920106190247
2022-10-31,4.217014373290205,-6.517310885816805,-9.305843014942093
2022-11-01,4.44719341571327,-6.84170118309798,-10.138983297075304
2022-11-02,2.0152618526940778,-6.530018039452313,-9.490590404702761
2022-11-03,3.2716256754225155,-6.434887949163432,-9.224533417032587
2022-11-04,3.2025659708889624,-6.182980061532606,-8.875658962401914
2022-11-07,3.8756773059235297,-6.095914356100485,-8.686595661897885
2022-11-09,3.487223359021925,-6.356437026841378,-8.72368286177638
2022-11-10,1.735437878781325,-6.145975588497008,-8.58636274401615
2022-11-11,2.62150233959997,-6.145403358234374,-8.50265841027168
2022-11-14,3.0111938880579747,-6.033848656569211,-8.45601364268465
2022-11-15,2.723843855516718,-6.017327442517649,-8.256846696495915
2022-11-16,1.3030798121095577,-6.06545877005615,-8.659813329588177
2022-11-17,1.0908984262580426,-5.8035049346244465,-7.967726596582287
2022-11-18,1.5788738570557204,-5.769162114156584,-7.99429472639508
2022-11-21,0.6136691046245754,-5.943398287181714,-8.266978684947329
2022-11-22,-0.13378457642398223,-5.937187303022015,-8.277882078805218
2022-11-23,0.2946229027493604,-5.839370650373622,-8.170113495409591
2022-11-24,3.211778269601673,-6.41545597277813,-8.964854324077466
2022-11-25,2.18226142469855,-6.291376989227875,-8.803219965062258
2022-11-28,1.9122541594631501,-6.2747205977934355,-8.799752568546392
2022-11-29,2.3681689979718348,-6.272402144913258,-9.148417562104997
2022-11-30,3.060649813492567,-6.300663820222481,-9.044490422993057
2022-12-01,4.306607521750341,-6.229703388599812,-8.665009901999396
2022-12-02,2.8529069836046794,-5.949872243047154,-8.378381079675146
2022-12-05,3.51207114646574,-5.8321736951697405,-8.263712654079383
2022-12-06,2.3271139492609247,-5.792874711259674,-8.294411035269768
2022-12-07,2.010401052852199,-5.778013497979607,-8.118371944093981
2022-12-08,1.0646366869524442,-5.639616302378478,-8.01464921525396
2022-12-09,-0.08166999816145348,-5.693555001235661,-8.503244915384608
2022-12-12,-0.3144312611627683,-5.453014814717689,-7.853545822630741
2022-12-13,-0.7023859236240003,-5.573019606861666,-7.939127323742119
2022-12-14,-1.1769160880129599,-5.619870317295756,-7.8175229229218255
2022-12-15,-2.7602057081757976,-5.495810674100263,-7.859116065337852
2022-12-16,-2.278510871865025,-5.564324496911907,-7.899633635701228
2022-12-19,-2.3450892339368674,-5.477417103094286,-7.882185410436878
2022-12-20,-2.6816800038584843,-5.67291315918357,-7.9032500615263945
2022-12-21,-3.555786916786574,-5.767759430140965,-8.196853163601743
2022-12-22,-4.2822460856625675,-5.664524107335047,-8.177038200657979
2022-12-23,-6.118686250532297,-5.725738174702196,-8.417039888579342
2022-12-26,-4.16673018729764,-5.717758140624172,-8.291419753487986
2022-12-27,-4.139820976901122,-5.567770548594051,-8.182565010258026
2022-12-28,-4.721083048154898,-5.605981647303401,-8.142845680547257
2022-12-29,-3.3739764828279446,-5.737217224358754,-8.268519386490912
2022-12-30,-2.9389852000417123,-5.805389091959388,-8.319740434355765
2023-01-02,-2.3481984421106468,-5.746537424173191,-8.152101267914874
2023-01-03,-1.7238993530508953,-5.80318112786235,-8.280818143645087
2023-01-04,-2.0824634714535852,-5.794519732775359,-8.464903943945671
2023-01-05,-1.3661785210794601,-5.9810558485489675,-8.424144609716764
2023-01-06,0.12002820876141973,-6.881715608071577,-9.870166889637122
2023-01-09,0.502689817031412,-6.553481050629448,-9.275468808079589
2023-01-10,0.6074022888151924,-6.460745731887511,-9.168846362647338
2023-01-11,0.921326920258007,-6.192720129707664,-8.638332138218614
2023-01-12,0.5480115343859193,-6.287091288934837,-8.99262139236888
2023-01-13,1.444590918502327,-6.026825197534672,-8.450926685499343
2023-01-16,1.1480943410718623,-6.060097231204205,-8.548568180651516
2023-01-17,1.997230070447447,-5.919031172945639,-8.37539820440079
2023-01-18,3.1313746892893843,-6.078332447997795,-8.60737015874875
2023-01-19,1.9290841026921168,-6.092260888912208,-8.90153415207757
2023-01-20,2.0184287579218845,-5.802016500164899,-8.348910792167848
2023-01-23,1.67090384284656,-5.926742500178344,-8.279633550242899
2023-01-24,1.4666318111868277,-6.598408729746913,-9.637304213805164
2023-01-25,0.31860119360934047,-6.24204427009053,-8.819701011840182
2023-01-27,0.3768658084047276,-6.191610458729146,-8.906010757194569
2023-01-30,-0.8011449190049622,-5.8979173587672395,-8.296027805853548
2023-01-31,0.05818296973898485,-5.736813403355059,-8.08658049700048
2023-02-01,-1.8141818090601596,-5.706524566171373,-7.9923713647755585
2023-02-02,-0.567563844240415,-5.631805023661775,-8.035631074073596
2023-02-03,1.5844777480366428,-5.881540193658241,-8.701580197168994
2023-02-06,1.8141912008715624,-6.037404194140066,-8.451272047177834
2023-02-07,-0.44522023730424976,-6.201492297652471,-8.91541321606852
2023-02-08,-0.4656147118749223,-5.926438022000216,-8.462619857512644
2023-02-09,1.0636377722378,-6.276742082510825,-8.90020113928766
2023-02-10,1.7090315207806777,-7.25237264902021,-10.16522853528414
2023-02-13,0.40647775504799233,-6.901352248989048,-9.642426952963117
2023-02-14,-0.24583852452703725,-7.014886154539695,-9.974713622838273
2023-02-15,1.0342757198072776,-7.2911898146257315,-10.318585641643091
2023-02-16,-0.37931707546195464,-6.925563097022665,-9.543251412417206
2023-02-17,-2.4627559415577718,-6.804378575262859,-9.43950848705233
2023-02-20,-1.7572757558089245,-6.653726175610332,-9.424112795260768
2023-02-21,-1.6034800742257098,-6.623965504136413,-9.320681045236823
2023-02-22,-3.5087762247630474,-6.572185844819885,-9.807411198476244
2023-02-23,-3.5872181283130926,-6.267995650738971,-8.916284285584236
2023-02-24,-4.364359259854029,-6.17374100075142,-8.749603441460552
2023-02-27,-3.867736744181295,-6.412181670318784,-8.89433689950417
2023-02-28,-4.897522077287889,-6.422610073462182,-9.27128560252211
2023-03-01,-3.7531825956963996,-6.168104233828763,-8.544005978011366
2023-03-02,-4.352817689147027,-6.180875349185382,-8.807815019419591
2023-03-03,-1.4553915267329605,-6.140869504821432,-8.672802738239737
2023-03-06,-0.1196530921050698,-5.831754222919986,-7.98645647530378
2023-03-08,0.3371332589696798,-5.7876610207407495,-7.965747176683569
2023-03-09,0.47161941398277474,-5.718013235701767,-8.033522068058724
2023-03-10,-0.17805370106835006,-5.535343879744889,-7.784399605992547
2023-03-13,-2.1194484184758293,-5.639766666232231,-8.078427426844375
2023-03-14,-1.9734882821700173,-5.644973300833498,-7.994528107031076
2023-03-15,-2.5426829356611345,-5.846903096672745,-8.439421719155696
2023-03-16,-2.842569966588812,-5.907962220761113,-8.498282998746635
2023-03-17,-1.242507419103345,-5.846236804966425,-8.209892049731437
2023-03-20,-3.882045065001777,-6.010901232240804,-8.447144180218793
2023-03-21,-5.695983764559699,-6.200618497683022,-8.896996563711527
2023-03-22,-5.231829606009527,-5.9757066709919116,-8.575960543002536
2023-03-23,-4.53613121157776,-5.789498093513523,-8.141398048298022
2023-03-24,-4.570099458058495,-5.979839966105837,-8.494566275221972
2023-03-27,-1.9485863628701547,-6.51799003704714,-9.353595169839853
2023-03-28,-2.10501152050203,-6.137296037481018,-8.547509683317683
2023-03-29,0.4379844103101198,-6.324901290702063,-9.022515882723948
2023-03-31,1.696322998409285,-6.506650346792926,-9.2306983623711
2023-04-03,0.8830645250129774,-6.212950261935845,-9.149202576852964
2023-04-05,2.1802235173146105,-6.205630402862566,-9.215022308514087
2023-04-06,3.328506275583427,-6.258294562139875,-9.1457379701259
2023-04-10,4.042570695783315,-6.049819148184265,-8.902524591929916
2023-04-11,4.370932232331455,-6.181267456112274,-8.785910086619232
2023-04-12,5.21507084593963,-5.912632607748126,-8.206134515459366
2023-04-13,4.730063822715062,-6.073972128284227,-8.630700998879437
2023-04-17,4.174032856360235,-6.2634216579404995,-8.787265540596156
2023-04-18,2.753139842583175,-5.93050347224116,-8.064676378464053
2023-04-19,-0.4580862385863774,-5.924045747664435,-8.149163097313524
2023-04-20,-0.2348143587306127,-6.1658547279221105,-8.72642655403755
2023-04-21,-1.1080943184296426,-5.9506000669593355,-8.45896889631369
2023-04-24,-1.0431869659304926,-5.76158509600164,-8.053062150023273
2023-04-25,-1.9564328912962927,-6.255702957787766,-8.891707969016121
2023-04-26,-1.1607671653552223,-5.977665949470877,-8.396737232850338
2023-04-27,-1.4861776124070576,-5.78899857133219,-8.072115457221258
2023-04-28,-0.5237004667222748,-5.838529894834023,-8.261746905150318
2023-05-02,1.2004987862249528,-7.890811581602715,-11.832541472022031
2023-05-03,1.3096854970250327,-7.192936703028167,-10.424685789077953
2023-05-04,2.95105899398974,-7.270362774688292,-10.439226869267186
2023-05-05,2.2303234768161753,-7.1220045392254745,-10.819240265669785
2023-05-08,4.254080169875243,-6.986964785645275,-9.837766103155213
2023-05-09,3.340577293627795,-6.690777831448437,-9.991382234846666
2023-05-10,3.3802513411160575,-6.5831169645199585,-9.747197579988464
2023-05-11,3.373662575436175,-6.481128958894475,-9.604170550440095
2023-05-12,3.8045342364423904,-6.208582456969952,-8.68181302462822
2023-05-15,4.530207117124157,-6.121766796507288,-8.647461275231024
2023-05-16,4.445699771626661,-5.892232866760521,-8.319541760002991
2023-05-17,3.5403197610037975,-6.020040234833304,-8.717206446397814
2023-05-18,1.7765037720757426,-5.71000727408337,-7.928243184582108
2023-05-19,3.893074172286058,-5.71177075118737,-7.864276473187404
2023-05-22,2.5109389260551396,-5.889418931824825,-8.391075157976248
2023-05-23,3.2191841850291674,-5.930741211514297,-8.328876677666965
2023-05-24,2.562999221700042,-5.857451394281071,-8.613531041065805
2023-05-25,1.48512117637837,-5.485904644771081,-7.958528144293032
2023-05-26,2.142422866716355,-5.374313627887012,-7.7447138444279515
2023-05-29,1.0869191503073474,-5.63476546380302,-7.972237688878917
2023-05-30,1.1318552204443248,-5.286239437909993,-7.36105799613926
2023-05-31,2.1694365215063423,-5.293331584496004,-7.760983470806936
2023-06-01,4.225907652141805,-5.327981241400143,-7.638537394856048
2023-06-02,3.137775968348855,-5.453100675197981,-7.772301826311794
2023-06-05,3.1239521855701247,-5.332277241663786,-7.9232425933470685
2023-06-06,2.4151857283752873,-5.344812264110099,-7.871652010835056
2023-06-07,4.050057021164977,-5.213478669270257,-7.4535436049811
2023-06-08,3.5796343590658704,-5.32415184190845,-7.89403052413552
2023-06-09,1.3817754076238697,-5.263351378044441,-7.842863702192616
2023-06-12,1.5906310321760948,-5.22877989423882,-7.724402033685712
2023-06-13,1.9420737706033246,-5.253373571343769,-7.805091352159243
2023-06-14,2.1472977797502697,-5.105351147227152,-7.343192761147778
2023-06-15,0.43012287223801193,-5.30978464788118,-7.750281526832151
2023-06-16,0.6934609843154248,-5.2997009523378384,-7.700158194948893
2023-06-19,-0.018922389468260248,-5.286386440125261,-7.8189665318683765
2023-06-20,0.9643955783939724,-5.380579366585802,-7.974484438150377
2023-06-21,-0.36659387964176005,-5.3154204875077475,-7.718292323387419
2023-06-22,-0.7427992938631351,-5.325570203467464,-7.696086575104508
2023-06-23,-0.9457756451468227,-5.471092133546097,-7.959121497274016
2023-06-26,-0.9241259542852476,-5.392603213417625,-7.989947697075125
2023-06-27,-0.4950926894507701,-5.23843883368312,-7.803277263656255
2023-06-28,0.12986794221047737,-5.180371018208822,-7.663199046674616
2023-06-30,2.467412312617132,-5.337248590630356,-7.711047256515947
2023-07-03,2.388149821204675,-4.992463400890813,-7.139601989129939
2023-07-04,3.1029748029654844,-5.115449768301182,-7.563501537651765
2023-07-05,2.7775589874636375,-5.210214551443644,-7.644608182919507
2023-07-06,3.5326329229795697,-4.952072200778423,-7.479992796835891
2023-07-07,4.723465113228437,-5.1596328557540945,-7.647571224360312
2023-07-10,5.540281309112487,-5.478790105244863,-8.023050387627986
2023-07-11,5.71007306042908,-5.19679330158298,-7.448859206227964
2023-07-12,4.272801396346625,-5.189214795195014,-7.762423909228571
2023-07-13,3.382584463240075,-5.194701322367246,-7.886440065884857
2023-07-14,3.32834750584184,-5.188861651925542,-8.024310144957395
2023-07-17,3.244640940176148,-5.189631357504388,-8.04333124082438
2023-07-18,3.1365696843952553,-4.811130067810092,-7.172234816770721
2023-07-19,3.280301354153488,-4.612950920483365,-6.774655021802504
2023-07-20,2.980591403842118,-4.549108974565985,-6.85961271540316
2023-07-21,0.3317706129480351,-4.659830592955015,-6.9083625761490115
2023-07-24,0.8709729042658853,-4.615872913893751,-6.866616443261993
2023-07-25,-0.05826294915895999,-4.5914699249677975,-6.697717641740277
2023-07-26,1.2840968200598577,-4.531030842272274,-6.372830357512274
2023-07-27,1.1651534488649353,-4.695397641363478,-6.825840944519601
2023-07-28,-0.6131063162503898,-4.707862161571543,-6.897848726251101
2023-07-31,-0.48214163065879523,-4.803841945921038,-6.947036654669322
2023-08-01,-1.0517048455994478,-4.905617601264795,-7.218470827150475
2023-08-02,-3.030733140882923,-4.84924834320362,-6.928095238286989
2023-08-03,-3.8060313031014603,-4.851506448843387,-6.983943102321091
2023-08-04,-1.8152989282857928,-6.751317133427564,-9.942774452268841
2023-08-07,-1.8928886546222898,-6.464137517840539,-9.423266503060566
2023-08-08,-1.7574120530285198,-6.031257098560425,-8.819433925116982
2023-08-09,-1.870552933805865,-5.636474075979271,-8.244876574543516
2023-08-10,-2.4027748806467377,-5.392578767610763,-7.753936083404951
2023-08-11,-2.9393006789274425,-4.969397960807311,-7.217925296593923
2023-08-14,-3.5769089955427575,-4.965376292810604,-7.2658767503714
2023-08-16,-1.9902270498729777,-4.786443896995135,-7.064740774327978
2023-08-17,-0.7467628414684676,-5.132335527192212,-7.43764614528026
2023-08-18,-0.40309046205641763,-5.041827150599615,-7.268160227622438
2023-08-21,0.8025240118848,-5.184190344518026,-7.500556992918486
2023-08-22,0.6205569982937724,-5.03354970435546,-7.3208023589106395
2023-08-23,0.8323944035815549,-5.0280334517248475,-7.283675415253767
2023-08-24,0.4698957774106383,-4.956152222212724,-7.224079172286518
2023-08-25,0.11575849695659601,-4.648923889153069,-6.585110694434504
2023-08-28,0.8748414964855209,-4.791184466495549,-7.056129972913104
2023-08-29,0.9703584477410783,-5.038850109545375,-7.317894270484085
2023-08-30,-0.3599481860934541,-5.025706936511058,-7.34019937560808
2023-08-31,-0.9598390740868892,-4.946112839962177,-7.352972236379199
2023-09-01,0.1419431392808448,-4.896837805724191,-7.255886134433479
2023-09-04,0.13438747292122244,-4.835432825270953,-7.1332230561284735
2023-09-05,0.554313830214655,-4.605618863437213,-6.951365567049383
2023-09-06,0.28075049010688496,-4.608757444276415,-6.731365083695644
2023-09-07,0.26388215392108155,-4.422878481286736,-6.624698380206977
2023-09-08,1.8506787066657817,-4.514249499181876,-6.485983462625217
2023-09-11,2.9813805734474967,-4.386457346855447,-6.413043972300786
2023-09-12,2.2944448158371866,-4.38806561946454,-6.317014889475706
2023-09-13,2.899925936714487,-4.439495844764394,-6.411563173678762
2023-09-14,3.687571319313427,-4.327975074967195,-6.249850355768775
2023-09-15,2.971080690064065,-4.310910100974447,-6.216461339802706
2023-09-18,2.79450478837065,-4.266664538165644,-6.171434949460252
2023-09-20,2.0783931621313902,-4.17802194181252,-6.173075588705644
2023-09-21,1.3466663273207224,-4.167981693674786,-6.136235892334078
2023-09-22,1.2909794913835304,-4.284286172794943,-6.210153943445596
2023-09-25,-0.19601129983840504,-4.18519524548696,-6.112168607087009
2023-09-26,-1.3262459031884224,-4.165305369243039,-6.101676440472371
2023-09-27,-0.512242798992025,-4.27770680398991,-6.378704975576855
2023-09-28,-2.2174410458841676,-4.281578053421972,-6.423967104969834
2023-09-29,-1.2942130182600924,-4.214927810018017,-6.374604595452552
2023-10-03,-1.7029061605817322,-4.125651656760826,-6.279617745070886
2023-10-04,-2.4380927794604825,-4.092119780174471,-6.205860108832466
2023-10-05,-1.0514515309609174,-4.069396512471542,-6.087609796175648
2023-10-06,-0.05088903086950236,-4.217470365083589,-6.116402999257447
2023-10-09,-0.7361418361599122,-4.379641689860256,-6.165021562656035
2023-10-10,1.1308694196447426,-4.438385709267274,-6.360796878439892
2023-10-11,1.6507432682235428,-4.253621842535998,-6.2487123990162985
2023-10-12,1.0314293975425501,-4.172673174600908,-6.145603767959782
2023-10-13,2.4179447624020423,-4.344989505004462,-6.363518730800944
2023-10-16,1.313612028009695,-4.331464096116152,-6.3563542501816945
2023-10-17,1.272934012270855,-4.300944439554508,-6.315110703066803
2023-10-18,1.8892071860995876,-4.650719509476315,-6.762205342836256
2023-10-19,0.7771306657478365,-4.529989170441237,-6.56554623757885
2023-10-20,-0.688630723545278,-4.440868849476082,-6.503708283545793
2023-10-23,-1.663172430968553,-4.511896072637682,-6.541825816368884
2023-10-25,-3.509400558162833,-4.40925138246703,-6.519419252189912
2023-10-26,-4.9567926276512,-4.370083352618888,-6.369763751996283
2023-10-27,-2.843728101847036,-4.28780949527023,-6.3206582083013485
2023-10-30,-3.508580096262638,-4.6172254629112235,-6.844461767075239
2023-10-31,-3.4814755540669653,-4.508518135316959,-6.609675188496803
2023-11-01,-3.622775312966053,-4.500943070430784,-6.611951930542534
2023-11-02,-2.6109648292047836,-4.43292862653321,-6.675491206861587
2023-11-03,-1.1768023981482043,-4.359932729851959,-6.698561443326167
2023-11-06,-0.05679014486098988,-4.5577459630829695,-6.759067635177054
2023-11-07,1.6492159917431597,-4.822413136715886,-7.000426536845746
2023-11-08,2.2268410109875822,-4.844908826551247,-7.141528039512523
2023-11-09,2.753261396819957,-4.906262296261964,-7.0511242863509
2023-11-10,1.2102214247056977,-5.0272115632724095,-7.135757507563945
2023-11-13,1.7814208067045019,-4.951098355446142,-7.050676786941478
2023-11-15,3.4472307666018422,-4.962135099325843,-7.128313389454602
2023-11-16,4.8035209280199425,-5.2104840842481295,-7.535389441540337
2023-11-17,2.932163454189267,-5.111235023661782,-7.477700688083557
2023-11-20,1.1969087762237018,-4.69765555411236,-6.700822446789769
2023-11-21,1.483649009761437,-4.79746097869526,-6.66794953270228
2023-11-22,1.6400255172385647,-4.630002493188211,-6.52395635837266
2023-11-23,1.5529608655597822,-4.700177370618126,-6.559137064905006
2023-11-24,1.6287073210244243,-4.6438537367582615,-6.657950952071062
2023-11-28,2.6188337709485774,-4.640324845270762,-6.620514769560592
2023-11-29,3.5986519343354675,-4.446839174858326,-6.366502177761302
2023-11-30,1.7638256989152044,-4.586556843179769,-6.499851263808209
2023-12-01,1.19047698143589,-4.535818128862408,-6.579392549780089
2023-12-04,3.41223959687159,-4.717753587454651,-6.546163531984771
2023-12-05,4.012459958221577,-4.766830806491767,-6.971619425516011
2023-12-06,4.6799658789333,-4.6045516453768265,-6.605712018787386
2023-12-07,3.809361934466757,-4.643885242174514,-6.595344703503054
2023-12-08,4.286972971186345,-4.596593540417777,-6.456720130411048
2023-12-11,4.743686373219468,-4.264355566475579,-6.054778023394598
2023-12-12,3.165368643716727,-4.426049269610052,-6.38875104197279
2023-12-13,2.12221537876354,-4.440153843343829,-6.424227677744092
2023-12-14,3.4428401778514823,-4.337901144460961,-6.350100259601643
2023-12-15,5.75764126331916,-4.3649549817544475,-6.260614565132218
2023-12-18,4.043758578366602,-4.4089186013089385,-6.5039337203075345
2023-12-19,4.269904592065643,-4.499570463651504,-6.526225533126666
2023-12-20,1.4548322793622703,-4.585742707236502,-6.530640864963268
2023-12-21,2.331298559148263,-4.578602634053089,-6.550174972228993
2023-12-22,2.953736025322823,-4.580966585246998,-6.612454426107817
2023-12-26,2.618333739131576,-4.527852243646136,-6.464448692305437
2023-12-27,4.838574991507485,-4.32026092496523,-6.298054991638492
2023-12-28,5.453404827670313,-4.402981142889673,-6.45466387276705
2023-12-29,4.840896118554006,-4.538282004922846,-6.611849399379103
2024-01-01,2.4854938636282706,-4.973910383306141,-7.251558763925035
2024-01-02,1.6952279757047855,-4.886909475050239,-6.90980271678204
2024-01-03,0.6017991601888749,-4.692467252463313,-6.62522392573104
2024-01-04,3.2162116909856073,-5.061109793492058,-7.08504288499173
2024-01-05,3.2597065337231323,-4.737898635531893,-6.934262668496975
2024-01-08,1.118516312902387,-4.856261085577268,-6.903974467926522
2024-01-09,1.8560108760053347,-4.693978522474298,-6.691823974234767
2024-01-10,0.06381013165698476,-4.643685541624347,-6.720906105130975
2024-01-11,-1.3227334520095155,-4.6268910621065364,-6.693182173149506
2024-01-12,0.7672974383363922,-4.636398295278946,-6.625536126560054
2024-01-15,1.4258207012908168,-4.57383525545701,-6.5143047552549325
2024-01-16,2.0781856876540195,-4.651744102169459,-6.7405701579700095
2024-01-17,2.0508529255800347,-4.844764439581284,-6.9340488303786705
2024-01-18,1.7793234282787,-4.683280967278636,-6.759796161313461
2024-01-19,1.9086122716502723,-4.576810982601288,-6.639837719593213
2024-01-23,-0.6924499874745553,-4.600513927936221,-6.748626362490755
2024-01-24,0.9647096132996076,-4.540717988423098,-6.6007050727879975
2024-01-25,0.5916488322105896,-4.414381915522013,-6.374862956503069
2024-01-29,2.5334882892356747,-4.585043317278784,-6.642356392426924
2024-01-30,0.7336552668222496,-5.081719348585228,-7.5547148680532885
2024-01-31,1.3574800911663678,-4.93311859184411,-7.425390412319357
2024-02-01,1.617010931171485,-4.8684697142048465,-7.12621501180049
2024-02-02,2.7989625369494204,-4.790343492682691,-7.004207888923745
2024-02-05,3.0421011396434423,-4.591190553978492,-6.701874578458272
2024-02-06,3.8183276324311555,-4.494207136861901,-6.546472739793903
2024-02-07,7.887602108188334,-5.78833843179228,-8.501981278347456
2024-02-08,6.353693599719525,-5.946181359276781,-8.558865750352822
2024-02-09,7.165177530317541,-5.580548684241219,-8.08757028638705
2024-02-12,4.955106955057097,-5.45612813756657,-7.956582487916833
2024-02-13,4.430018294974764,-5.316959430165851,-7.671609946802829
2024-02-14,3.789094585186702,-5.233505505278999,-7.528654889901501
2024-02-15,4.240997750014304,-4.92324813710875,-7.202714480463283
2024-02-16,4.7154772142081995,-4.798884468240935,-7.063171172914041
2024-02-19,4.161322874483615,-4.9558791810863685,-7.369733328011933
2024-02-20,2.67105588050257,-4.861784646760613,-7.2779011861725325
2024-02-21,2.2274934573886096,-5.127665728976133,-7.418416920398565
2024-02-22,2.0202342929593495,-5.1576461982976385,-7.286317122778089
2024-02-23,1.5436601358802722,-5.173499817111503,-7.303876158116323
2024-02-26,2.3204235395057444,-5.122134256807632,-7.331843210871664
2024-02-27,2.541619621923572,-5.008869745047648,-7.0488195353167065
2024-02-28,1.4540820638943648,-5.236624081119538,-7.430132868732606
2024-02-29,0.9506558454842322,-5.185690431735145,-7.343137835710902
2024-03-01,1.14732626847551,-5.0361540235270015,-7.312614894673186
2024-03-04,1.2653553793302448,-5.035485307774333,-7.246559897582796
2024-03-05,1.9859201300363023,-4.9779707046393495,-7.060076354081051
2024-03-06,2.246013419240592,-4.983730655433639,-7.078504514761951
2024-03-07,2.7719182564730476,-4.817188668891375,-6.7908143302820605
2024-03-11,1.576542836747897,-4.654491502799007,-6.645406476848769
2024-03-12,1.0696474543330021,-4.51540455051983,-6.4089215713267205
2024-03-13,-1.5952063613125826,-4.428814493192494,-6.282419096737365
2024-03-14,-0.9811703894722452,-4.220589948335967,-5.801624312567953
2024-03-15,-2.1576674901592305,-4.294641406014003,-6.141598300862308
2024-03-18,-3.364854596066115,-4.438306918106969,-6.394448448414676
2024-03-19,-5.208775283897207,-4.144721515680416,-5.798750247150543
2024-03-20,-6.162769007925764,-4.458152811712095,-6.452174535324444
2024-03-21,-5.324298849879903,-4.089427567468455,-5.716272549957594
2024-03-22,-6.287035351266155,-4.381261803367733,-6.110852831558322
2024-03-26,-5.513948498541723,-4.361822674771988,-6.085785119911874
2024-03-27,-5.418030308521855,-4.358931830642139,-6.048037617550868
2024-03-28,-1.6820589671618174,-4.458275437542711,-6.291522342813658
2024-04-01,-1.8353690242234095,-4.5493564810802605,-6.429968087747675
2024-04-02,-0.21162771405204245,-4.480398001662289,-6.347811225496498
2024-04-03,-0.09871536475521983,-4.449243147923676,-6.2373799600013795
2024-04-04,1.31612098237151,-4.361057370280763,-5.892869575461836
2024-04-05,1.688266675245865,-4.505233264747619,-6.2632014945397945
2024-04-08,1.0225165511810927,-4.360670071223381,-6.160355549267061
2024-04-09,1.1519354347324673,-4.2937342255871025,-6.135447648136422
2024-04-10,2.434635036344895,-4.405349381075377,-6.1336530383771235
2024-04-12,2.03070263367728,-4.334037636286651,-6.0500628024184575
2024-04-15,-0.9713118608991025,-4.186027385897059,-5.611025340934117
2024-04-16,-2.31915456804314,-4.190027326765572,-5.739220245236655
2024-04-18,-3.452029004121513,-4.100329297883816,-5.625409468759277
2024-04-19,-3.415802153689735,-3.999780768946867,-5.615556020772791
2024-04-22,-1.9198520330865607,-3.949692298245149,-5.439738174701501
2024-04-23,-0.9165790266614524,-3.865145989018437,-5.26801963833568
2024-04-24,-1.268087910976428,-3.8002850744818364,-5.2253458767487535
2024-04-25,0.026035052093715372,-3.725686653483856,-5.145334298504819
2024-04-26,-1.373782645435576,-3.912037259053915,-5.523299848348951
2024-04-29,0.5214486374990476,-3.9406068914773296,-5.529538210976943
2024-04-30,1.9859664739421372,-3.9267650220350796,-5.552511718054126
2024-05-02,3.4067188617888595,-4.045150597134208,-5.717436680139464
2024-05-03,3.7842416233724445,-3.727565871949806,-5.159959879923185
2024-05-06,3.7124049812810345,-3.7655868517033446,-5.135501760439267
2024-05-07,3.159280891824,-3.7660587320660497,-5.424671768316255
2024-05-08,2.41507717484501,-3.7341935275158393,-5.431096340390952
2024-05-09,3.2885765961753153,-3.621413981233141,-5.162899700926153
2024-05-10,2.4486209230915277,-3.7853261853071754,-5.282051746409113
2024-05-13,0.6051240493363905,-3.9752669909830427,-5.588323390545205
2024-05-14,0.007045351519127774,-4.076171569453208,-5.723683909678833
2024-05-15,-0.7218226457165271,-3.9642761232381716,-5.658114111560499
2024-05-16,-0.9223665767565593,-3.79265140233905,-5.268715221484307
2024-05-17,-0.5128897180328899,-3.8201268318909896,-5.535779667083563
2024-05-21,-0.21160550203568484,-4.118712707475605,-5.885694613938128
2024-05-22,-0.017207168849922683,-4.4588168231421985,-6.071379180987362
2024-05-23,1.020428272645805,-4.3955035178023465,-5.979166002610075
2024-05-24,-0.16772819970029051,-4.2622151249104325,-5.916631445927046
2024-05-27,-0.2554205267887453,-4.28749683089502,-5.887003409230543
2024-05-28,1.9027296928678696,-4.509367679898324,-6.3341435338231005
2024-05-29,0.7081817937202872,-4.056391518836386,-5.525761740884191
2024-05-30,0.39264970970643254,-4.232953470051592,-5.899248809161041
2024-05-31,0.005442283467262221,-4.158427891831683,-5.769171029310237
2024-06-03,3.149562439838175,-4.057884904958579,-5.430964686570832
2024-06-04,-1.0211120259192077,-3.935502987076785,-5.387597534833285
2024-06-05,0.9303778589770348,-4.04602067938297,-5.8518781122118115
2024-06-06,0.9514508174544105,-4.07599905576404,-5.898021832530276
2024-06-07,3.904631783472023,-4.0077980864789495,-5.820135766672478
2024-06-10,3.031845982375905,-3.8939858558296296,-5.284497650903827
2024-06-11,3.6884385877348023,-3.8764941076240076,-5.296388873551315
2024-06-12,4.259788485760764,-3.8111301058489775,-5.283320065999453
2024-06-13,5.135485068156345,-3.8071131193748298,-5.294592950846073
2024-06-14,5.40571406553728,-3.6961833972981126,-5.251951491199967
2024-06-18,2.4350163011817774,-4.1941030274894295,-5.840692999946533
2024-06-19,6.2820123027179,-6.663671670791078,-9.211857216554234
2024-06-20,3.50156479254595,-6.988515870256624,-9.797850767074198
2024-06-21,1.4452373489097898,-6.86853832168302,-9.316371641791783
2024-06-24,-1.3769671190037227,-6.698440048578731,-9.141471366309572
2024-06-25,-0.5291956567764851,-6.488240851486205,-8.878994508873914
2024-06-26,-0.7422201346587451,-6.174606243723831,-8.38239216466398
2024-06-27,0.7393259007804598,-5.730295715953077,-7.6688835416689995
2024-06-28,1.5351010468949373,-4.540956479720953,-6.240183727562452
2024-07-01,2.2077936880410873,-4.484625731594978,-6.19900476009877
2024-07-02,1.2812150782289045,-4.545357843990526,-6.194482445524229
2024-07-03,1.969316865693305,-4.499462492401013,-6.1383486947106976
2024-07-04,2.64785541062825,-4.3702405361740455,-6.02931200222246
2024-07-05,4.37040145467043,-4.264574926255275,-5.957613334585456
2024-07-08,5.385157528890869,-4.347501638513774,-6.033357845257861
2024-07-09,5.455507908206815,-4.227539781393984,-5.838661688798063
2024-07-10,4.796267896551004,-4.264003533629327,-5.933411269741304
2024-07-11,4.272412850507038,-4.335513757762208,-6.163811871809721
2024-07-12,4.664769632254113,-4.3095139005223055,-6.116240502662798
2024-07-15,4.583299336463165,-4.304052170913742,-6.0764683611780965
2024-07-16,6.12851123264153,-4.3691415162526015,-6.211148917228632
2024-07-18,6.87344808834406,-4.385904300262154,-6.196129514107504
2024-07-19,5.522497531187534,-4.3819237149012045,-6.123086403903886
2024-07-22,4.876128130444634,-4.483570749587561,-6.2711964880445645
2024-07-23,4.383417156850895,-4.4414800173354445,-6.160604800689491
2024-07-24,3.770783480568592,-4.388792789906489,-6.039914149917247
2024-07-25,5.478768734241879,-4.42491852460964,-6.03295582242146
2024-07-26,6.615380609378635,-4.300482499266804,-5.8961514690559795
2024-07-29,5.9136475738631,-4.4463644409805,-6.278182971176835
2024-07-30,5.9467463461135495,-4.277414671636115,-5.823429127121319
2024-07-31,5.016835088853562,-4.193966698865892,-5.751729728431502
2024-08-01,2.985980635029655,-4.318698615521644,-5.8450627532516135
2024-08-02,1.4360800662606281,-4.268933339798447,-5.766236397814751
2024-08-05,-2.6062915033396648,-4.200506611595149,-5.780061276213584
2024-08-06,-3.040283422676289,-4.208759926623515,-5.924668488847741
2024-08-07,-1.7001290984871869,-4.217497410098462,-5.994235732168681
2024-08-08,-3.280970415729949,-4.353168717049283,-6.205074664913847
2024-08-09,-3.4302089575991865,-4.3610072360560705,-6.12552802642357
2024-08-12,-3.5047900986267244,-4.207409120070522,-6.011085640293419
2024-08-13,-5.327088369339465,-4.2753917253440745,-6.010215015174087
2024-08-14,-4.656905853059137,-4.247752689838296,-5.948211588973377
2024-08-16,-2.151637331886485,-4.25385859931333,-5.947060382624141
2024-08-19,-0.18122583910332257,-4.523282402543033,-6.2265896084964405
2024-08-20,3.922172351263597,-5.1623181902088735,-7.220486487461556
2024-08-21,4.30568698520365,-4.827904797142146,-6.75534388671277
2024-08-22,3.0351279474127173,-4.738379888440443,-6.515526659913279
2024-08-23,3.638080701721225,-4.744854122597121,-6.4921880263501395
2024-08-26,2.38979358343761,-4.527083616445641,-6.328157660343536
2024-08-27,1.680980043145507,-4.479402380797821,-6.264903688332347
2024-08-28,2.969304871517975,-4.785327846310257,-6.9669340944034515
2024-08-29,3.7530795097104925,-4.49861382658358,-6.270757583011514
2024-08-30,1.7853840321376824,-4.51346495753558,-6.322078085719734
2024-09-02,2.0942132833839078,-4.489125024420635,-6.196665134029137
2024-09-03,1.3907549486438275,-4.393817085582937,-6.019440535207832
2024-09-04,1.0192303663753979,-4.367951873393391,-6.044759141694776
2024-09-05,1.0680769643671626,-4.327229420667169,-6.032447980296158
2024-09-06,-1.1322466978304773,-4.344434523959948,-5.926726709723636
2024-09-09,-1.1015291928515925,-4.2111847990591205,-5.81223097510717
2024-09-10,-0.6985744141763722,-4.25438372706036,-5.91034943667595
2024-09-11,-2.832922567697255,-4.1778083492337705,-5.872878512372254
2024-09-12,-2.342521098864132,-4.341973136256307,-6.017455223895706
2024-09-13,-2.2459819420856575,-4.421192117674798,-6.066812745207769
2024-09-16,-3.1373180192304595,-4.313784538115199,-6.060991379596507
2024-09-17,-3.135594110491592,-4.2646400023318005,-5.939041705747135
2024-09-18,-3.734196090355038,-4.289701105118654,-5.886785062915973
2024-09-19,-3.2771989693144077,-4.399632868824212,-6.370828737558265
2024-09-20,-0.7261320653711225,-4.807663438574416,-6.599180457947016
2024-09-23,-0.18869464367358735,-5.080143303175332,-7.074844602421946
2024-09-24,-0.6956453008220076,-4.742302496867084,-6.559521380501615
2024-09-25,0.6447182274830823,-4.966452097347943,-6.743154963030878
2024-09-26,0.21838224625426728,-4.876332473889005,-6.705883985587204
2024-09-27,0.19020514922319737,-4.734043943202594,-6.567178454114845
2024-09-30,-0.46842741244178754,-4.686201582795744,-6.463844841163041
2024-10-01,0.0019175283208998917,-4.685895452070948,-6.5433727567998865
2024-10-03,-0.7521887197793826,-4.832619530915814,-6.6237251451817265
2024-10-04,-0.9767821564228101,-4.59314929905913,-6.33819542214388
2024-10-07,-2.35772262582628,-4.543832459993444,-6.300988430336929
2024-10-08,-3.1358764416239806,-4.826333057122186,-6.880176767280422
2024-10-09,-1.90713305908966,-4.686046286126885,-6.609237535008973
2024-10-10,-2.1947158436142553,-4.727419044165415,-6.717615291416867
2024-10-11,-2.9940114068863846,-4.808414566742544,-6.854988372118431
2024-10-14,-2.4729088135645148,-4.721083641124881,-6.674778796589817
2024-10-15,-1.4397894558642526,-4.897152689521011,-7.001214472664932
2024-10-16,-2.320442383911746,-4.572601118363027,-6.63609936698749
2024-10-17,-0.8166976775917032,-4.934351076414531,-7.196763702133219
2024-10-18,-1.5155489509922733,-4.704287018962249,-6.746825888869088
2024-10-21,-1.6460622517086354,-4.7051149654989715,-6.7274788321671775
2024-10-22,-3.3577592492527857,-4.661607388818578,-6.687530688148385
2024-10-23,-4.100396932080176,-4.6465506924729905,-6.7007629104654205
2024-10-24,-4.531522216326996,-4.623088171258047,-6.568256845791074
2024-10-25,-5.810978136068341,-4.5986365074157005,-6.487592083694276
2024-10-28,-5.000989620908468,-4.488596069916612,-6.514075492885519
2024-10-29,-4.754491101399689,-4.498332118651452,-6.525252703344926
2024-10-30,-4.827065542545105,-4.766146599225146,-6.7061708223428615
2024-10-31,-5.936002082467095,-4.6114977057900255,-6.596998260817909
2024-11-01,-4.936512678196452,-4.897241070390309,-7.1087119473947915
2024-11-04,-4.376969712120665,-4.6950301832748265,-6.803339749980077
2024-11-05,-2.09400048679751,-4.903869532297932,-7.227432578661212
2024-11-06,-0.7446606171937109,-4.714837784257374,-7.059894055159704
2024-11-07,-0.45319428910092785,-4.853967895332536,-7.159338614470782
2024-11-08,-0.011767286108387731,-5.018611690219965,-7.580645869759667
2024-11-11,-0.9308579930021424,-4.813524229989444,-6.989167489610312
2024-11-12,-2.2333511892790674,-5.471067842955447,-7.977770596410386
2024-11-13,-1.8863431596761775,-5.3837177144105075,-7.692638877229487
2024-11-14,-2.0926757817602972,-5.281580993361648,-7.498182645169396
2024-11-18,-2.6850641330423572,-5.0476025157591895,-7.131847795307608
2024-11-19,-2.2140570983756853,-5.003948299408014,-7.223680736459201
2024-11-21,-4.13279696014655,-4.971654412290209,-7.14622614181688
2024-11-22,-2.15979618367009,-5.064555682403023,-7.432614484413221
2024-11-25,-0.028184882717570137,-4.985886202068191,-7.30105066094826
2024-11-26,0.15099232162108742,-5.258143545317455,-7.845400700768546
2024-11-27,-0.24676056761762227,-5.035483048852357,-7.464267281769135
2024-11-28,0.03618677905634482,-5.139033617898582,-7.356166745435639
2024-11-29,1.0988666809968128,-5.217097659923108,-7.7476351869778215
2024-12-02,2.61091190837034,-4.552625009994852,-6.4396255526320365
2024-12-03,3.821585416650713,-4.8016687202938275,-6.825207711258823
2024-12-04,3.2854879440872895,-4.597600389650288,-6.588866360519885
2024-12-05,5.655687886775858,-4.631382573117608,-6.446306736234803
2024-12-06,2.8741910016867203,-5.127831785756089,-7.248095199729416
2024-12-09,0.18636997134001287,-4.915673113865956,-6.77659787788225
2024-12-10,0.8327857598916077,-5.305049988280288,-7.723572474215806
2024-12-11,1.0511158411920805,-4.938199614268553,-7.030065791342281
2024-12-12,1.1355610538697056,-5.176259752664544,-7.631011236701404
2024-12-13,1.5407100776753602,-5.100549646560769,-7.456148352369966
2024-12-16,0.6891815872590226,-4.970553396512022,-7.41618895674413
2024-12-17,-0.9216899866567773,-5.066953825126082,-7.633205453545555
2024-12-18,-1.6136412913360396,-4.958516016096716,-7.211802678444057
2024-12-19,-3.7821225260551525,-4.963528002047122,-7.296791899334194
2024-12-20,-6.114505758818613,-5.081248688167813,-7.500257812817384
2024-12-23,-4.261627616518908,-5.071907763442559,-7.20136885689574
2024-12-24,-4.894268436283823,-5.121786095101227,-7.4477715935975555
2024-12-26,-4.946806672473893,-5.062426561851674,-7.2125863950282625
2024-12-27,-3.741048232524426,-5.167621104202625,-7.331368098140597
2024-12-30,-5.772873694447452,-4.588491363927663,-6.514702565082864
2024-12-31,-5.173306771275765,-4.601193722598945,-6.196679486838149
2025-01-01,-4.401293680727541,-4.763432136350516,-6.617713089571153
2025-01-02,-0.9760732909630354,-4.798170579046999,-6.461236415174111
2025-01-03,0.6900273161946149,-5.03568083481304,-6.830825906448833
2025-01-06,1.2719592096729948,-4.942929824484914,-6.937204382896316
2025-01-07,1.6541497633305422,-4.684924984554529,-6.37122340562055
2025-01-08,1.6354293213574076,-4.702400906512228,-6.549350201635142
2025-01-09,0.8446892211680322,-4.6863543266814505,-6.478453352387354
2025-01-10,0.6633965671090123,-4.698326027998266,-6.535994097267711
2025-01-13,0.4941077622043719,-4.778658140720097,-6.715036336421013
2025-01-14,0.7115554683105548,-4.764172246214638,-6.580547546444273
2025-01-15,0.6155667298076395,-4.617694675162227,-6.216280431125102
2025-01-16,-1.4547280580662376,-4.737925946729442,-6.470811735724526
2025-01-17,-3.4714596221731355,-4.703392670247549,-6.470138598517758
2025-01-20,-1.9587272018672501,-4.722389132091702,-6.436324295747879
2025-01-21,-3.9626119905376007,-4.543053871187878,-6.1760558899925835
2025-01-22,-3.902483034923723,-4.463677613859407,-6.145724724927275
2025-01-23,-3.2641772354766903,-4.659031310377849,-6.384135154579075
2025-01-24,-3.2735319470603654,-4.699603552159101,-6.548695278473855
2025-01-27,-3.0837508682567423,-4.790697939828343,-6.526602343919847
2025-01-28,-2.5119394155158203,-4.863222442421537,-6.69346996120759
2025-01-29,-0.9867586141610727,-4.729517360767776,-6.572110347744589
2025-01-30,-2.990955717042265,-4.710764840789245,-6.523480455989676
2025-01-31,0.21864683342067015,-5.16599624306266,-7.1808670027588715
2025-02-01,-0.541900346909982,-4.849612049075629,-6.697859134847176
2025-02-03,-0.5552397180792995,-5.047091040531436,-6.826102761842388
2025-02-04,1.2907220642832054,-4.878656569102339,-6.718271491276017
2025-02-05,0.6157797470144428,-4.790839042446278,-6.482018654690288
2025-02-06,0.0025402314388304204,-4.8639543111105725,-6.524732129590574
2025-02-07,0.1655904757499349,-5.387832046298495,-7.365419761827313
2025-02-10,-1.2632682651807223,-5.296929101584849,-7.1810997592780765
2025-02-11,-4.3392855039911105,-5.323759373711876,-7.236450106823366
2025-02-12,-2.198305957110877,-6.273718448204111,-8.962099328878937
2025-02-13,-4.689113172764335,-5.919711913966618,-8.483941793658413
2025-02-14,-4.285574544457646,-5.685018233746098,-8.033586015770275
2025-02-17,-2.6109169665733476,-5.618814102236127,-7.8737367648804995
2025-02-18,-4.9107406897867225,-5.5644714817421566,-7.743691604139527
2025-02-19,-5.266188684049117,-5.4134753483634075,-7.592838928165926
2025-02-20,-4.02913719297517,-5.285877803419845,-7.45793504728615
2025-02-21,-4.25589738848203,-5.135994392029195,-7.346898998271237
2025-02-24,-4.617716072064985,-5.289176131061676,-7.52614935133447
2025-02-25,-3.3968614378339352,-5.3857001722788995,-7.635616369787938
2025-02-27,-4.680409029543212,-5.139390955751796,-7.211626247231583
2025-02-28,-7.455050694467364,-5.16475507208141,-7.552617134906692
2025-03-03,-6.882671165357369,-5.237600058842108,-7.5997076792703
2025-03-04,-7.087125118786915,-5.040732752365392,-7.085876671471875
2025-03-05,-4.793808601599445,-5.033292631403843,-7.3641297153245
2025-03-06,-3.101635075304602,-5.213180552416153,-7.459500571028681
2025-03-07,-3.91800410995878,-5.312020314064029,-7.555804066779755
2025-03-10,-2.2573987736693373,-5.422044735204694,-7.677092701413922
2025-03-11,-2.0736128160435356,-5.420214686181437,-7.721137836923696
2025-03-12,-2.7054587719773475,-5.456862496734106,-7.620125816514426
2025-03-13,-2.4513219387758953,-5.3287129303488685,-7.27206563464905
2025-03-17,1.08535146496817,-5.9572152678437575,-8.528073907236067
2025-03-18,0.6761357469400076,-5.636140298185059,-7.895218883435879
2025-03-19,2.354385343617505,-5.558491314961468,-7.931615452145363
2025-03-20,1.8728351742278722,-5.470728720826686,-7.6709501273021345
2025-03-21,1.5120108818457498,-5.061975254243002,-6.929838138642561
2025-03-24,3.140125525547667,-5.192645499338862,-7.209334429490917
2025-03-25,2.91710381056473,-5.17153222281574,-7.176634362022247
2025-03-26,2.7358313284605718,-5.282017234733264,-7.397444942462096
2025-03-27,2.438623385945764,-5.503173584360874,-7.642785483152807
2025-03-28,2.9704930088446826,-5.3664589053974385,-7.654739289439985
2025-04-01,1.7205104093030197,-5.2022361761831455,-7.395254097787266
2025-04-02,2.289313207083817,-5.197446327260094,-7.331542247230268
2025-04-03,-0.90059492286049,-5.2930796369912745,-7.535650475860212
2025-04-04,-4.98573524763035,-5.252075790058552,-7.498783365779314
2025-04-07,-8.27132904789948,-5.268774963870037,-7.415521880945435
2025-04-08,-7.546103220853105,-5.186691066814027,-7.376820397739307
2025-04-09,-8.814798447224044,-5.111130630094248,-7.376144827923254
2025-04-11,-6.546270809235338,-5.056095257646389,-7.229521828976314
2025-04-15,-3.747718351233255,-5.556426151231628,-8.093917726909067
2025-04-16,-3.733763777316864,-5.419874180405739,-7.80228938549681
2025-04-17,-1.4099362896285759,-5.482453925596324,-7.79930332379591
2025-04-21,-0.7480617102830442,-5.223635992113136,-7.550483049146989
2025-04-22,0.8478991454271958,-5.345583106896544,-7.6528828086333505
2025-04-23,5.5817425437271275,-5.960323497717673,-8.638528063002001
2025-04-24,7.8189615155995575,-6.609592710265622,-9.554097594479678
2025-04-25,4.978189864716816,-6.1695863021102415,-8.83091630535783
2025-04-28,6.846055271585383,-6.021011903814181,-8.579577448729136
2025-04-29,5.716511220406763,-5.54633490554176,-8.018053327722063
2025-04-30,2.7411054640454564,-5.4176739962787615,-7.938444379876498
2025-05-02,3.1963515388523245,-5.317260895748783,-7.626093471344943
2025-05-05,2.567061501595706,-5.326436824827672,-7.535478801037695
2025-05-06,0.7173654163699411,-5.267164864116333,-7.48978427831182
2025-05-07,1.604428250398401,-5.265633261229093,-7.498117383334345
2025-05-08,-0.6599696994943562,-5.346293002338627,-7.63924991770577
2025-05-09,1.0753687745191174,-5.140625141868391,-7.069390680137294
2025-05-12,5.373294522083302,-5.327075850787059,-7.53836818244905
2025-05-13,2.8164646366832446,-5.272521375282332,-7.3700278441495835
2025-05-14,2.6993259598296175,-5.161370753439213,-7.132932992148426
2025-05-15,5.610575813702578,-5.53176498540683,-7.828829883493311
2025-05-16,5.321195710868385,-5.293785785520141,-7.404949394898382
2025-05-19,4.2938491551555655,-5.234605708807246,-7.393377548746689
2025-05-20,3.8236567472232004,-5.375514239466,-7.5887354841305115
2025-05-21,3.407344905322798,-5.280147559684506,-7.774090447262512
2025-05-22,2.5873676143955304,-5.169839478396598,-7.56000672395427
2025-05-23,2.4082873353157606,-5.2507193393849265,-7.524041126650624
2025-05-26,-0.049265107001052355,-5.388121789201676,-7.772212424341214
