Date,Winner,gofpval_student,gofpval_bb7,lam_emp,actual_returns,lam_student,lam_student_ci_lo,lam_student_ci_hi,lam_bb7,lam_bb7_ci_lo,lam_bb7_ci_hi,es_student,es_bb7
2015-05-22,student,0.594,0.649,0.11344678011344678,-0.554657337563845,0.13066666666666668,0.08341675008341676,0.19352686019352686,0.15433333333333335,0.1001001001001001,0.22355689022355688,-2.5166407907435873,-2.553263787488694
2015-05-25,student,0.616,0.672,0.11344678011344678,-1.58095843578943,0.13466666666666668,0.08341675008341676,0.19352686019352686,0.15366666666666665,0.1001001001001001,0.22022022022022023,-2.528494909367081,-2.582693155120808
2015-05-26,student,0.601,0.652,0.11344678011344678,-0.4620861091214525,0.13633333333333333,0.08341675008341676,0.19352686019352686,0.163,0.1001001001001001,0.22030363697030356,-2.67123239385101,-2.7374632159218812
2015-05-27,student,0.615,0.674,0.11344678011344678,-1.4304193913943424,0.14833333333333334,0.08341675008341676,0.19352686019352686,0.16766666666666666,0.1001001001001001,0.22355689022355688,-2.4753699403866314,-2.5076387921536405
2015-05-28,student,0.977,0.987,0.10677344010677342,0.9565634536101898,0.13666666666666666,0.08341675008341676,0.1901901901901902,0.15666666666666665,0.09676343009676343,0.22355689022355688,-2.7050849799060015,-2.750906586427713
2015-05-29,student,0.572,0.623,0.10343677010343676,0.3821380011399226,0.12666666666666668,0.08341675008341676,0.19352686019352683,0.1466666666666667,0.09676343009676343,0.22355689022355688,-2.586455498459978,-2.6537140688324015
2015-06-01,student,0.583,0.632,0.10677344010677342,0.4144652730402825,0.12,0.08341675008341676,0.19352686019352686,0.139,0.09676343009676343,0.22030363697030356,-2.6603724744971355,-2.6987394948279815
2015-06-02,student,0.591,0.634,0.10343677010343676,-2.6608635253430704,0.13566666666666666,0.08341675008341676,0.1901901901901902,0.1476666666666667,0.09676343009676343,0.22030363697030356,-2.7304203320473617,-2.7876987803910698
2015-06-03,student,0.642,0.69,0.10677344010677342,-1.872172014017385,0.13233333333333333,0.08341675008341674,0.1901901901901902,0.14900000000000002,0.10001668335001669,0.22355689022355688,-2.984114419660585,-3.0638090198091095
2015-06-04,student,0.977,0.987,0.10677344010677342,-0.46939516185467256,0.12666666666666668,0.08341675008341674,0.19027360694027354,0.149,0.10001668335001669,0.22355689022355688,-2.806854958324624,-2.875457637560257
2015-06-05,student,0.977,0.987,0.10677344010677342,-0.49770950247895496,0.126,0.08341675008341674,0.1901901901901902,0.14666666666666664,0.09676343009676343,0.22355689022355688,-2.601889849754637,-2.6459923526379416
2015-06-08,student,0.978,0.987,0.10677344010677342,-1.3060923494782823,0.132,0.08341675008341674,0.1901901901901902,0.148,0.09676343009676343,0.22030363697030356,-2.5783053577275576,-2.6186299781092686
2015-06-09,student,0.977,0.987,0.10677344010677342,0.64281303791689,0.13533333333333333,0.08341675008341674,0.1901901901901902,0.14566666666666667,0.09676343009676343,0.22022022022022023,-2.602615902019586,-2.6362956073463675
2015-06-10,student,0.975,0.987,0.10677344010677342,1.10820685625922,0.125,0.08341675008341674,0.1901901901901902,0.14766666666666664,0.09676343009676343,0.22030363697030356,-2.446098552946926,-2.5008085543661647
2015-06-11,student,0.987,0.991,0.11344678011344678,-2.0496375583032673,0.11966666666666666,0.08333333333333333,0.19027360694027354,0.13933333333333334,0.10001668335001669,0.22689356022689355,-2.425362451657644,-2.474475026554895
2015-06-12,student,0.986,0.991,0.12012012012012012,-0.8497701487678576,0.1376666666666667,0.08341675008341676,0.19352686019352683,0.156,0.1001001001001001,0.22689356022689355,-2.756535944146371,-2.8181991084301883
2015-06-15,student,0.986,0.991,0.11344678011344678,0.5730110958700751,0.14533333333333334,0.08333333333333333,0.19352686019352686,0.164,0.1001001001001001,0.22689356022689355,-2.70871542528856,-2.7690904353534935
2015-06-16,student,0.982,0.99,0.11344678011344678,1.4282441365841525,0.134,0.08008008008008008,0.19352686019352683,0.157,0.1001001001001001,0.22689356022689355,-2.542183219024587,-2.609774564941824
2015-06-17,student,0.987,0.994,0.11344678011344678,0.80804837192985,0.13466666666666668,0.08008008008008008,0.1901901901901902,0.15566666666666665,0.10001668335001669,0.22355689022355688,-2.502506904267718,-2.53294259937941
2015-06-18,student,0.981,0.994,0.11344678011344678,1.1329610120861626,0.13866666666666666,0.08341675008341674,0.1901901901901902,0.15933333333333333,0.1001001001001001,0.22355689022355688,-2.8033508682269215,-2.869177385893832
2015-06-19,student,0.981,0.997,0.11011011011011011,-0.5534493768049127,0.13799999999999998,0.08341675008341674,0.1901901901901902,0.165,0.1001001001001001,0.22689356022689355,-2.550132728645538,-2.625436872121045
2015-06-22,student,0.983,0.99,0.11011011011011011,2.1430654809793497,0.13599999999999998,0.08008008008008008,0.1901901901901902,0.16166666666666665,0.1001001001001001,0.22355689022355688,-2.555878849098578,-2.5970179580918167
2015-06-23,student,0.99,0.998,0.10677344010677342,-0.60770100608168,0.10766666666666667,0.08008008008008008,0.18693693693693686,0.13066666666666668,0.09676343009676343,0.22355689022355688,-2.5235490723345455,-2.548419182164696
2015-06-24,student,0.993,0.998,0.10677344010677342,-0.36546296470332995,0.121,0.07999666332999665,0.18693693693693686,0.14666666666666667,0.09676343009676343,0.22355689022355688,-2.6720666522578354,-2.7188782296608904
2015-06-25,student,0.99,0.998,0.10677344010677342,-0.1540693523086375,0.148,0.07999666332999665,0.18685352018685353,0.167,0.09676343009676343,0.22355689022355688,-2.7828405370419587,-2.8480060505733826
2015-06-26,student,0.99,0.998,0.10677344010677342,0.840073924002015,0.13099999999999998,0.07999666332999666,0.18685352018685353,0.15366666666666667,0.09676343009676343,0.22355689022355688,-2.5208028773006097,-2.56653661905878
2015-06-29,student,0.989,0.998,0.10677344010677342,-1.0989845689848952,0.14566666666666667,0.08333333333333333,0.19027360694027354,0.17433333333333334,0.09676343009676343,0.22689356022689355,-2.50867515824554,-2.550832390433156
2015-06-30,student,0.989,0.998,0.11344678011344678,0.9404510577182799,0.13266666666666668,0.08341675008341676,0.19352686019352683,0.15233333333333332,0.10001668335001669,0.22689356022689355,-2.615839057238148,-2.6599929300015845
2015-07-01,student,0.987,0.998,0.10343677010343677,1.43311849397637,0.148,0.0800800800800801,0.1901901901901902,0.17466666666666666,0.10001668335001669,0.22689356022689355,-2.570995820415882,-2.6460356134024914
2015-07-02,student,0.987,0.998,0.11344678011344678,-0.5473528230006148,0.13766666666666666,0.08341675008341674,0.19352686019352683,0.15933333333333333,0.10001668335001669,0.22689356022689355,-2.353188861015996,-2.4185244591161035
2015-07-03,student,0.991,0.998,0.11344678011344678,0.043916144936780005,0.14566666666666667,0.08333333333333333,0.19352686019352686,0.16433333333333333,0.09676343009676343,0.22689356022689355,-2.5293503361507446,-2.5680057742923315
2015-07-06,student,0.99,0.997,0.11344678011344678,-0.0867133126369175,0.11599999999999999,0.08008008008008008,0.1901901901901902,0.14333333333333334,0.09676343009676343,0.22689356022689355,-2.2586339988149104,-2.2902304361416754
2015-07-07,student,0.989,0.997,0.11344678011344678,0.06420252799694748,0.13266666666666668,0.08008008008008008,0.19019019019019015,0.16033333333333333,0.09676343009676343,0.22689356022689355,-2.352769479781304,-2.3848957014332073
2015-07-08,student,0.99,0.997,0.11344678011344678,-2.608484732847623,0.148,0.08008008008008008,0.19019019019019015,0.159,0.09676343009676343,0.22689356022689355,-2.3466236211817595,-2.373619327343624
2015-07-09,student,0.991,0.998,0.1001001001001001,-1.08731319453749,0.13299999999999998,0.08008008008008008,0.19352686019352683,0.161,0.1001001001001001,0.23023023023023023,-2.7681928229720323,-2.8202332944526542
2015-07-10,student,0.99,0.998,0.1001001001001001,-0.0815124225935824,0.128,0.08008008008008008,0.19352686019352686,0.15133333333333332,0.1001001001001001,0.23023023023023023,-2.716893933718243,-2.7947497662168868
2015-07-13,student,0.99,0.998,0.1001001001001001,0.9254279879371625,0.13999999999999999,0.08008008008008008,0.19352686019352686,0.16733333333333333,0.1001001001001001,0.23023023023023023,-2.6477246069334814,-2.720820033565755
2015-07-14,student,0.978,0.997,0.10677344010677343,-0.5316222139470226,0.15133333333333335,0.08341675008341674,0.1901901901901902,0.17766666666666667,0.1001001001001001,0.23023023023023023,-2.67952544687569,-2.7277970678514967
2015-07-15,student,0.971,0.976,0.10677344010677343,0.8929567786024076,0.141,0.08341675008341674,0.19027360694027354,0.161,0.1001001001001001,0.23023023023023023,-2.9230232603224953,-2.9579923814113043
2015-07-16,student,0.964,0.974,0.10677344010677343,0.7825940763034125,0.14833333333333334,0.08341675008341676,0.19352686019352683,0.17433333333333334,0.1001001001001001,0.23023023023023023,-2.6925009741465202,-2.757948743472258
2015-07-17,student,0.964,0.974,0.10677344010677343,0.05953978301312002,0.12533333333333332,0.08341675008341676,0.19352686019352686,0.1476666666666667,0.1001001001001001,0.23023023023023023,-2.500702311750024,-2.5348146048509945
2015-07-20,student,0.941,0.967,0.10343677010343677,-1.12137541737719,0.14400000000000002,0.08341675008341676,0.19352686019352686,0.167,0.1001001001001001,0.23023023023023023,-2.5444233577166337,-2.598245738714714
2015-07-21,student,0.976,0.988,0.10677344010677343,1.631292936953338,0.131,0.08341675008341674,0.1901901901901902,0.15033333333333332,0.1001001001001001,0.23023023023023023,-2.5821959245673014,-2.625918156405703
2015-07-22,student,0.987,0.997,0.10677344010677343,1.0192355588516375,0.1366666666666667,0.08008008008008008,0.1901901901901902,0.16366666666666665,0.1001001001001001,0.23023023023023023,-3.7001850127491243,-3.768700453452205
2015-07-23,student,0.987,0.997,0.11011011011011011,0.32301915375543244,0.15966666666666665,0.08008008008008008,0.1901901901901902,0.18733333333333335,0.1001001001001001,0.23023023023023023,-3.203905396846024,-3.2982800694268657
2015-07-24,student,0.982,0.991,0.10343677010343676,-1.5062523542638124,0.13399999999999998,0.07999666332999665,0.1901901901901902,0.158,0.1001001001001001,0.23023023023023023,-2.590036028839072,-2.6717516001043116
2015-07-27,student,1.0,1.0,0.12012012012012012,-1.9971086187999876,0.14666666666666667,0.07674341007674342,0.1901901901901902,0.17266666666666666,0.10001668335001669,0.23023023023023023,-2.7097580517025355,-2.792179434374484
2015-07-28,student,1.0,1.0,0.11344678011344678,-0.347919892422075,0.13099999999999998,0.07999666332999666,0.1901901901901902,0.15833333333333333,0.10001668335001669,0.23023023023023023,-2.6606041834689074,-2.7114901656975396
2015-07-29,student,1.0,1.0,0.11344678011344678,0.250293543340695,0.119,0.07999666332999666,0.1901901901901902,0.14833333333333332,0.09676343009676343,0.23023023023023023,-2.5398235827136078,-2.652034386098647
2015-07-30,student,1.0,1.0,0.11344678011344678,0.6132691869920225,0.133,0.08008008008008008,0.1901901901901902,0.16133333333333333,0.09676343009676343,0.22689356022689355,-2.5531237396470328,-2.605426197677698
2015-07-31,student,1.0,1.0,0.11344678011344678,1.868055291373905,0.14233333333333334,0.07999666332999665,0.1901901901901902,0.161,0.09676343009676343,0.22689356022689355,-2.702057243261571,-2.7699953954646466
2015-08-03,student,1.0,1.0,0.11344678011344678,0.9976399140550751,0.12033333333333333,0.07674341007674342,0.19019019019019015,0.1426666666666667,0.09676343009676343,0.22689356022689355,-2.3836910070197783,-2.428238005077569
2015-08-04,student,0.953,0.973,0.12012012012012012,-0.37364879224624503,0.13033333333333333,0.07674341007674342,0.1901901901901902,0.15466666666666665,0.09676343009676343,0.22689356022689355,-2.547397250876541,-2.6129613456616845
2015-08-05,student,0.932,0.967,0.11678345011678344,0.12655885613040002,0.13433333333333333,0.07674341007674342,0.1901901901901902,0.15566666666666665,0.09676343009676343,0.2236403069736402,-2.5644342085478575,-2.623723627322739
2015-08-06,student,1.0,1.0,0.11678345011678344,0.7491940954438601,0.12933333333333333,0.07674341007674342,0.18685352018685353,0.15533333333333332,0.09676343009676343,0.22355689022355688,-2.611512030786235,-2.703891664849877
2015-08-07,student,0.92,0.966,0.11678345011678344,0.10199008436116508,0.122,0.07674341007674342,0.18685352018685353,0.147,0.09676343009676343,0.2236403069736402,-2.4673106623432557,-2.5348296848771548
2015-08-10,student,0.944,0.967,0.11678345011678344,-0.54977082818203,0.13366666666666668,0.07674341007674342,0.18693693693693686,0.16266666666666665,0.09676343009676343,0.2236403069736402,-2.6011888488741324,-2.6525363057798064
2015-08-11,student,0.944,0.973,0.11678345011678344,-2.3341933418220044,0.13433333333333333,0.07674341007674342,0.18685352018685353,0.15366666666666665,0.09676343009676343,0.22355689022355688,-2.525388990501254,-2.5741396515078083
2015-08-12,student,1.0,1.0,0.12679346012679346,-1.989180981232525,0.14966666666666667,0.07674341007674342,0.18693693693693686,0.17400000000000002,0.09676343009676343,0.22689356022689355,-2.997108098048304,-3.074230174593039
2015-08-13,student,1.0,1.0,0.1334668001334668,0.17557672743565506,0.12933333333333333,0.07674341007674342,0.19019019019019015,0.15166666666666664,0.09676343009676343,0.23023023023023023,-3.065838632356875,-3.1474429606352476
2015-08-14,student,1.0,1.0,0.13680347013680347,1.2122468317372899,0.1436666666666667,0.07674341007674342,0.18685352018685353,0.17033333333333334,0.09676343009676343,0.23023023023023023,-2.6840354686785157,-2.793538110751153
2015-08-17,student,1.0,1.0,0.14014014014014012,0.9911950259282251,0.131,0.07674341007674342,0.18685352018685353,0.157,0.09676343009676343,0.22689356022689355,-2.5779448190277616,-2.6503157539148643
2015-08-18,student,1.0,1.0,0.13680347013680347,0.40209377124942497,0.13033333333333333,0.07674341007674342,0.18685352018685353,0.156,0.09676343009676343,0.2236403069736402,-2.585680774601018,-2.6855239353272196
2015-08-19,student,1.0,1.0,0.14014014014014012,-0.07971947021636744,0.134,0.07674341007674342,0.18685352018685353,0.16066666666666665,0.09668001334668001,0.22355689022355688,-2.6398876306508434,-2.7045795549248295
2015-08-20,student,1.0,1.0,0.14014014014014012,-2.3378663218909024,0.13266666666666668,0.07674341007674342,0.18685352018685353,0.15966666666666665,0.09342676009342676,0.22355689022355688,-2.671172204493365,-2.758678006090474
2015-08-21,student,1.0,1.0,0.14014014014014012,-0.3293665991349125,0.13,0.07674341007674342,0.18685352018685353,0.15466666666666665,0.09676343009676343,0.22689356022689355,-2.87701723316669,-2.975089474288311
2015-08-24,student,1.0,1.0,0.13680347013680347,-6.2828723531835005,0.126,0.07674341007674342,0.18685352018685353,0.15366666666666665,0.09342676009342676,0.22355689022355688,-2.697958586932901,-2.75895458949192
2015-08-25,bb7,1.0,1.0,0.16016016016016013,2.69835281243074,0.13866666666666666,0.07999666332999665,0.1901901901901902,0.17333333333333334,0.10343677010343677,0.23356690023356688,-3.7576724896177804,-3.8984465367841574
2015-08-26,bb7,1.0,1.0,0.1534868201534868,-1.1034708013983598,0.14433333333333334,0.07674341007674342,0.1901901901901902,0.18466666666666667,0.10343677010343677,0.23356690023356688,-3.2071346198386337,-3.347663205075496
2015-08-27,bb7,1.0,1.0,0.14681348014681347,0.805744417421985,0.11733333333333333,0.07674341007674342,0.18685352018685353,0.14466666666666664,0.1001001001001001,0.23023023023023023,-3.2310464739787967,-3.333369976877975
2015-08-28,bb7,0.93,0.957,0.14681348014681347,0.9424055582226349,0.132,0.07674341007674342,0.19019019019019015,0.16433333333333333,0.10343677010343677,0.23356690023356688,-2.937361724321043,-3.0898507885450126
2015-08-31,bb7,0.933,0.96,0.13680347013680347,-0.3447770489119525,0.13233333333333333,0.07674341007674342,0.1901901901901902,0.15566666666666665,0.10343677010343677,0.23356690023356688,-2.823999251470198,-2.9282490604731897
2015-09-01,bb7,1.0,1.0,0.14681348014681347,-1.94515585141023,0.12666666666666668,0.07674341007674342,0.18693693693693686,0.15966666666666665,0.1001001001001001,0.23356690023356688,-2.9651616907675407,-3.0741681586410734
2015-09-02,bb7,0.916,0.957,0.1434768101434768,-1.7752961018181075,0.1416666666666667,0.08008008008008007,0.1901901901901902,0.17566666666666664,0.10343677010343677,0.23356690023356688,-3.0170551282974722,-3.1516540712993164
2015-09-03,bb7,0.914,0.966,0.15015015015015012,0.9675500904746107,0.14466666666666667,0.08008008008008008,0.19352686019352683,0.17733333333333334,0.10343677010343677,0.23690357023690356,-3.101019323762847,-3.230088589437496
2015-09-04,bb7,1.0,1.0,0.1534868201534868,-2.2845245230586553,0.118,0.07674341007674342,0.19352686019352683,0.15633333333333332,0.10677344010677343,0.24024024024024024,-2.7721793460435395,-2.891590301453465
2015-09-07,bb7,1.0,1.0,0.14681348014681347,-1.1216319488216024,0.12866666666666668,0.07674341007674342,0.19352686019352683,0.162,0.10677344010677343,0.24024024024024024,-3.0052395123799074,-3.105122362276812
2015-09-08,bb7,0.9,0.958,0.15015015015015012,0.84510953015202,0.1386666666666667,0.08008008008008008,0.19352686019352686,0.17633333333333334,0.10669002335669002,0.24024024024024024,-2.9120249653466663,-3.0214534252006615
2015-09-09,bb7,1.0,1.0,0.14681348014681347,2.15163196393888,0.12866666666666668,0.07674341007674342,0.18685352018685353,0.16866666666666666,0.10343677010343677,0.23356690023356688,-2.8820996767985734,-3.0023083248773226
2015-09-10,bb7,1.0,1.0,0.1434768101434768,-0.39432225017239,0.148,0.07674341007674342,0.1901901901901902,0.17766666666666667,0.10677344010677343,0.2336503169836502,-2.7970803432738105,-2.9102504884803118
2015-09-11,bb7,0.88,0.944,0.1434768101434768,0.0077529872685375145,0.13466666666666668,0.08341675008341674,0.1901901901901902,0.16533333333333333,0.10669002335669002,0.24024024024024024,-2.779429755472046,-2.894370035293523
2015-09-14,bb7,0.997,1.0,0.1434768101434768,0.902172950574895,0.14733333333333334,0.08008008008008008,0.1901901901901902,0.18699999999999997,0.10343677010343677,0.24024024024024024,-2.7739776262877713,-2.883952549460797
2015-09-15,bb7,0.997,1.0,0.1434768101434768,-0.8695451414188999,0.137,0.08008008008008008,0.19027360694027354,0.17,0.10669002335669002,0.24024024024024024,-2.763205854252734,-2.873272729045019
2015-09-16,bb7,0.846,0.917,0.1434768101434768,0.8157842682753249,0.13533333333333333,0.08341675008341676,0.19352686019352686,0.16566666666666666,0.10669002335669002,0.24024024024024024,-2.829492867121945,-2.937206284662498
2015-09-18,bb7,0.997,1.0,0.1434768101434768,-0.25753296702523504,0.119,0.08008008008008008,0.19027360694027354,0.14566666666666664,0.10343677010343677,0.24024024024024024,-2.6558948883459075,-2.7410504721279114
2015-09-21,bb7,0.904,0.961,0.1434768101434768,0.22252042018087248,0.12466666666666666,0.08008008008008008,0.19352686019352686,0.153,0.10343677010343677,0.23356690023356688,-2.572679953006929,-2.6609034055559633
2015-09-22,bb7,1.0,1.0,0.1434768101434768,-2.0724408673422197,0.13233333333333333,0.08008008008008007,0.19027360694027354,0.162,0.10343677010343677,0.23356690023356688,-2.597545112198231,-2.6717463486735236
2015-09-23,bb7,0.891,0.953,0.14014014014014012,-0.07116973915643249,0.14433333333333334,0.08008008008008007,0.19027360694027354,0.18133333333333335,0.10343677010343677,0.2336503169836502,-2.8951157256064666,-3.0012645645030434
2015-09-24,bb7,0.891,0.952,0.1434768101434768,-0.21263481882132,0.14333333333333334,0.07999666332999665,0.19019019019019015,0.17700000000000002,0.10343677010343677,0.23356690023356688,-2.610962503143724,-2.6865412101972637
2015-09-28,bb7,0.912,0.964,0.14014014014014012,-2.016858886633495,0.13499999999999998,0.07999666332999665,0.19019019019019015,0.167,0.10343677010343677,0.23356690023356688,-2.7472137047345333,-2.8299494617082606
2015-09-29,bb7,0.997,1.0,0.14014014014014012,0.7472013809507225,0.13566666666666666,0.08333333333333333,0.19019019019019015,0.16433333333333333,0.10669002335669002,0.24024024024024024,-2.8226246445610594,-2.905297319333248
2015-09-30,bb7,0.997,1.0,0.14014014014014012,2.1714621841982473,0.13133333333333333,0.08008008008008008,0.1901901901901902,0.16033333333333333,0.10343677010343677,0.24024024024024024,-2.6373886026446964,-2.7337798864980987
2015-10-01,bb7,0.999,1.0,0.14014014014014012,0.005274561408882494,0.13666666666666666,0.08008008008008007,0.18693693693693686,0.17066666666666666,0.10343677010343677,0.23356690023356688,-3.180129774103828,-3.3154336325822356
2015-10-05,bb7,1.0,1.0,0.1334668001334668,1.9120387125828027,0.12633333333333333,0.08008008008008007,0.19019019019019015,0.15233333333333335,0.10343677010343677,0.23356690023356688,-2.77320308052378,-2.8706389541911577
2015-10-06,bb7,1.0,1.0,0.14014014014014012,1.45406045157343,0.1406666666666667,0.08008008008008008,0.18693693693693686,0.17066666666666666,0.10343677010343677,0.23356690023356688,-2.64621542477425,-2.755176388606402
2015-10-07,bb7,1.0,1.0,0.13680347013680347,0.2816710066315699,0.123,0.08008008008008007,0.18693693693693686,0.15633333333333332,0.10335335335335336,0.23356690023356688,-2.7289220801814724,-2.8224784322722316
2015-10-08,bb7,1.0,1.0,0.13680347013680347,0.0397836418699775,0.13433333333333333,0.08008008008008007,0.18685352018685353,0.16033333333333333,0.10343677010343677,0.23356690023356688,-2.6968809950022323,-2.7963976491237443
2015-10-09,bb7,1.0,1.0,0.1301301301301301,1.6063758308394676,0.12433333333333334,0.08008008008008007,0.18685352018685353,0.146,0.10343677010343677,0.23023023023023023,-2.5503547613020614,-2.610358763449609
2015-10-12,student,1.0,1.0,0.13680347013680347,-0.5449422481396274,0.15533333333333335,0.08008008008008008,0.1901901901901902,0.19166666666666665,0.10343677010343677,0.23023023023023023,-2.7099392271589786,-2.7918266688721176
2015-10-13,bb7,1.0,1.0,0.14014014014014012,-0.751830397253625,0.11533333333333334,0.07999666332999665,0.18693693693693686,0.14633333333333332,0.10343677010343677,0.23023023023023023,-2.458713112866803,-2.5457951331224775
2015-10-14,bb7,1.0,1.0,0.1334668001334668,-1.0992288779103674,0.127,0.07999666332999665,0.18693693693693686,0.158,0.10343677010343677,0.23023023023023023,-2.5497555687508053,-2.6390471971192166
2015-10-15,bb7,1.0,1.0,0.14014014014014012,2.2705731355565373,0.11833333333333333,0.07999666332999665,0.18685352018685353,0.15066666666666664,0.1001001001001001,0.23023023023023023,-2.519670903678313,-2.6012591969045817
2015-10-16,bb7,1.0,1.0,0.14014014014014012,1.09619125541776,0.12533333333333332,0.07674341007674342,0.18685352018685353,0.16033333333333333,0.1001001001001001,0.23023023023023023,-2.447887412052827,-2.5528487879203974
2015-10-19,bb7,1.0,1.0,0.1301301301301301,0.12524743451712994,0.121,0.07674341007674342,0.18351685018351685,0.14933333333333332,0.1001001001001001,0.22355689022355688,-2.3994138789544404,-2.4751005818737455
2015-10-20,bb7,1.0,1.0,0.1334668001334668,0.4241528416250675,0.13933333333333334,0.07674341007674342,0.18360026693360018,0.166,0.1001001001001001,0.22355689022355688,-2.7136527643236072,-2.7937989837498045
2015-10-21,bb7,1.0,1.0,0.1334668001334668,-0.23358781107973003,0.13533333333333333,0.07674341007674342,0.1868535201868535,0.17,0.1001001001001001,0.22355689022355688,-2.5709839001772177,-2.675568280107312
2015-10-23,bb7,1.0,1.0,0.1334668001334668,1.0200089705801625,0.13899999999999998,0.07674341007674342,0.18351685018351685,0.17133333333333334,0.1001001001001001,0.22355689022355688,-2.5788782361700306,-2.6679565307602138
2015-10-26,bb7,0.905,0.95,0.1334668001334668,0.20113462095901496,0.14466666666666664,0.07674341007674342,0.1868535201868535,0.17166666666666666,0.1001001001001001,0.22355689022355688,-2.5878430292337313,-2.684102240351522
2015-10-27,bb7,1.0,1.0,0.13680347013680347,-0.2765795942045475,0.10766666666666667,0.07674341007674342,0.18351685018351685,0.14133333333333334,0.1001001001001001,0.22355689022355688,-2.4550512056218676,-2.552441006472072
2015-10-28,bb7,1.0,1.0,0.1334668001334668,-0.2187660364688575,0.13966666666666666,0.07665999332666,0.18351685018351685,0.17766666666666667,0.1001001001001001,0.22355689022355688,-2.565279672669294,-2.648588613960649
2015-10-29,bb7,1.0,1.0,0.1334668001334668,-0.92083616249865,0.12333333333333334,0.07665999332665999,0.18351685018351682,0.14966666666666664,0.09676343009676343,0.22355689022355688,-2.4846963110161635,-2.561144996584658
2015-10-30,bb7,1.0,1.0,0.1334668001334668,-0.6275371786946401,0.12866666666666668,0.07340674007340674,0.1801801801801802,0.15533333333333332,0.09676343009676343,0.22022022022022023,-2.5678723640988226,-2.6686172224058526
2015-11-02,bb7,1.0,1.0,0.1334668001334668,0.1499882034997625,0.10866666666666665,0.07665999332666,0.1801801801801802,0.13266666666666668,0.09676343009676343,0.22355689022355688,-2.3882549719450394,-2.466563659380378
2015-11-03,bb7,1.0,1.0,0.1334668001334668,-0.11664269211661252,0.115,0.07340674007340674,0.1801801801801802,0.14466666666666664,0.09676343009676343,0.22022022022022023,-2.3723739480594976,-2.4384184377374964
2015-11-04,bb7,1.0,1.0,0.1334668001334668,1.472176690287815,0.133,0.07665999332665999,0.1801801801801802,0.163,0.09676343009676343,0.22022022022022023,-2.4581798158400505,-2.5441412443001425
2015-11-05,bb7,1.0,1.0,0.1334668001334668,-0.8479114222723074,0.13966666666666666,0.07674341007674342,0.1801801801801802,0.18033333333333335,0.09676343009676343,0.22022022022022023,-2.413042274319746,-2.513283952119254
2015-11-06,bb7,1.0,1.0,0.1334668001334668,0.6917990625117676,0.135,0.07665999332665999,0.18018018018018014,0.15966666666666665,0.09676343009676343,0.22022022022022023,-2.47972999667683,-2.5676440776489216
2015-11-09,student,1.0,1.0,0.1334668001334668,1.311928216341825,0.138,0.07340674007340674,0.18018018018018014,0.16766666666666666,0.09676343009676343,0.22022022022022023,-2.4831820740421864,-2.5817758169008855
2015-11-10,student,1.0,1.0,0.1334668001334668,-1.4225732373363125,0.11633333333333333,0.07340674007340674,0.17692692692692685,0.14866666666666664,0.09676343009676343,0.22022022022022023,-2.3401326854836286,-2.4236829889804583
2015-11-13,student,1.0,1.0,0.1301301301301301,-0.59753979371003,0.13833333333333334,0.07340674007340674,0.18018018018018014,0.17333333333333334,0.09668001334668001,0.22022022022022023,-2.582172323654423,-2.7000451680138573
2015-11-16,student,1.0,1.0,0.1301301301301301,-0.2769275685106699,0.11166666666666668,0.07340674007340674,0.17692692692692685,0.13966666666666663,0.09668001334668001,0.22022022022022023,-2.330932034437485,-2.4046610154763366
2015-11-17,student,1.0,1.0,0.13680347013680347,0.4155700108787675,0.14366666666666666,0.07340674007340674,0.17684351017684352,0.165,0.09676343009676343,0.22022022022022023,-2.5275073430908868,-2.6537410412067355
2015-11-18,student,1.0,1.0,0.13680347013680347,-1.9252556543101225,0.12866666666666668,0.07340674007340674,0.17684351017684352,0.16566666666666666,0.09668001334668001,0.22022022022022023,-2.660609355820192,-2.7706001553148787
2015-11-19,student,1.0,1.0,0.13680347013680347,1.0489576712169926,0.13533333333333333,0.07340674007340674,0.17684351017684352,0.16333333333333333,0.09668001334668001,0.21688355021688355,-2.6707871520914575,-2.797844798535223
2015-11-20,student,1.0,1.0,0.13680347013680347,-0.12975662205197996,0.12633333333333333,0.07340674007340674,0.1801801801801802,0.159,0.09676343009676343,0.22022022022022023,-2.4843907040328075,-2.5623540854827542
2015-11-23,student,1.0,1.0,0.13680347013680347,-0.2601171899915875,0.11933333333333333,0.07674341007674342,0.1801801801801802,0.14133333333333334,0.09676343009676343,0.22022022022022023,-2.373803497001984,-2.434535319585893
2015-11-24,student,1.0,1.0,0.12679346012679346,0.14179082821990996,0.124,0.07340674007340674,0.18018018018018014,0.156,0.09676343009676343,0.22022022022022023,-2.2758538294474566,-2.3799623790186804
2015-11-26,student,1.0,1.0,0.12679346012679346,1.8187255020680977,0.13,0.07340674007340674,0.17684351017684352,0.16033333333333333,0.10001668335001669,0.22355689022355688,-2.519616927772074,-2.6412529418176027
2015-11-27,student,1.0,1.0,0.12679346012679346,0.774970280003205,0.11933333333333333,0.07340674007340674,0.17684351017684352,0.15666666666666665,0.09676343009676343,0.22355689022355688,-2.2458156775506977,-2.3545335701124204
2015-11-30,student,1.0,1.0,0.1334668001334668,0.613612367155965,0.12333333333333334,0.07340674007340674,0.17359025692359017,0.16233333333333333,0.10001668335001669,0.22022022022022023,-2.4172439703690243,-2.5291283072491386
2015-12-01,student,0.992,1.0,0.1334668001334668,0.23461970032962265,0.12366666666666666,0.07340674007340674,0.17684351017684352,0.16166666666666665,0.09676343009676343,0.23023023023023023,-2.392033464916489,-2.4973941058633797
2015-12-02,student,0.997,1.0,0.13680347013680347,-1.3516267191679874,0.12466666666666665,0.07340674007340674,0.17684351017684352,0.15366666666666665,0.09676343009676343,0.22689356022689355,-2.4687389544277907,-2.5729232864420637
2015-12-03,student,0.808,0.908,0.13680347013680347,-1.29491534748955,0.131,0.07340674007340674,0.17684351017684352,0.16866666666666666,0.09676343009676343,0.23023023023023023,-2.4166982609022822,-2.522810472570507
2015-12-04,student,0.997,1.0,0.14014014014014012,-0.607735247380535,0.119,0.07340674007340674,0.17359025692359017,0.151,0.09676343009676343,0.22689356022689355,-2.3543406136320844,-2.4452359298920836
2015-12-07,student,0.998,1.0,0.14014014014014012,0.19046153061311247,0.134,0.07340674007340674,0.17359025692359017,0.17066666666666666,0.10001668335001669,0.23023023023023023,-2.4532651795004647,-2.572554906946394
2015-12-08,student,0.998,1.0,0.1334668001334668,-0.3595061169134175,0.126,0.07340674007340674,0.17684351017684352,0.155,0.1001001001001001,0.23023023023023023,-2.4640536827280077,-2.5842796725115997
2015-12-09,student,0.998,1.0,0.1334668001334668,-1.2562820806885475,0.122,0.07340674007340674,0.17684351017684352,0.165,0.1001001001001001,0.23023023023023023,-2.305495333286005,-2.414270199261978
2015-12-10,student,1.0,1.0,0.13680347013680347,-0.20881657430393002,0.11533333333333333,0.07340674007340674,0.17684351017684352,0.1396666666666667,0.09676343009676343,0.23023023023023023,-2.2684367747443175,-2.357504107192658
2015-12-11,student,0.998,1.0,0.13680347013680347,-0.9462358667401449,0.136,0.07340674007340674,0.17684351017684352,0.17233333333333334,0.09676343009676343,0.23023023023023023,-2.3557381663082317,-2.4785445883675985
2015-12-14,student,0.834,0.919,0.13680347013680347,0.3296478505117674,0.11399999999999999,0.07340674007340674,0.17684351017684352,0.14733333333333332,0.1001001001001001,0.23023023023023023,-2.310409944771688,-2.3968762086781665
2015-12-15,student,0.998,1.0,0.1334668001334668,1.3404344799070125,0.10866666666666665,0.07340674007340674,0.17359025692359017,0.14666666666666664,0.09676343009676343,0.22689356022689355,-2.4060430070328525,-2.5135944163515442
2015-12-16,student,0.998,1.0,0.1301301301301301,0.4893440029433475,0.09833333333333334,0.07340674007340674,0.1768435101768435,0.133,0.10001668335001669,0.23023023023023023,-2.3683044763999312,-2.4625424760206225
2015-12-17,student,0.998,1.0,0.1301301301301301,1.0692540438009326,0.12533333333333332,0.07340674007340674,0.17359025692359017,0.16166666666666665,0.09676343009676343,0.23023023023023023,-2.3466602840853175,-2.4698252684160744
2015-12-18,student,0.998,1.0,0.1301301301301301,-1.54562402994034,0.10866666666666668,0.07340674007340674,0.17359025692359017,0.146,0.09676343009676343,0.23023023023023023,-2.26614114589085,-2.3749591553536495
2015-12-21,student,0.998,1.0,0.1301301301301301,0.8622003607581,0.12633333333333333,0.07340674007340674,0.17350684017350684,0.16133333333333333,0.09676343009676343,0.23023023023023023,-2.3459133450352145,-2.433530640706823
2015-12-22,student,0.998,1.0,0.12679346012679346,-0.81879037422773,0.11833333333333333,0.07340674007340674,0.17350684017350684,0.14533333333333331,0.09676343009676343,0.23023023023023023,-2.2966276610932344,-2.418719007312345
2015-12-23,student,0.998,1.0,0.1301301301301301,0.9005174165411625,0.12566666666666668,0.07340674007340674,0.17350684017350684,0.16866666666666666,0.09676343009676343,0.22697697697697689,-2.311497990367262,-2.4262607225536543
2015-12-24,student,0.999,1.0,0.1301301301301301,0.03872669944833748,0.11333333333333334,0.07340674007340674,0.17359025692359017,0.13899999999999998,0.09676343009676343,0.23023023023023023,-2.294850846949425,-2.3850254704111085
2015-12-28,student,0.998,1.0,0.12679346012679346,1.0497663703637299,0.13866666666666666,0.07340674007340674,0.17359025692359017,0.16866666666666666,0.09676343009676343,0.23023023023023023,-2.226520242608903,-2.3227638220645734
2015-12-29,student,0.997,1.0,0.12679346012679346,-0.44509945510144855,0.134,0.07340674007340674,0.17350684017350684,0.171,0.09676343009676343,0.23023023023023023,-2.207549095174472,-2.308099532260594
2015-12-30,student,0.998,1.0,0.12679346012679346,-0.5954694397266875,0.12366666666666666,0.07340674007340674,0.17359025692359017,0.15966666666666665,0.10001668335001669,0.23023023023023023,-2.2163242692689518,-2.307624074578208
2015-12-31,student,0.998,1.0,0.12679346012679346,0.30288893254939997,0.12133333333333333,0.07340674007340674,0.17350684017350684,0.15166666666666664,0.09676343009676343,0.23023023023023023,-2.2611328390667604,-2.342141337148372
2016-01-01,student,0.998,1.0,0.1301301301301301,0.85489114111021,0.13299999999999998,0.07340674007340674,0.17350684017350684,0.17766666666666667,0.09676343009676343,0.23023023023023023,-2.332264132255469,-2.4366081329119624
2016-01-04,student,0.997,1.0,0.1301301301301301,-2.919053935608215,0.123,0.07340674007340674,0.17350684017350684,0.155,0.09676343009676343,0.23023023023023023,-2.1249114566495537,-2.209424299731977
2016-01-05,student,0.994,1.0,0.13680347013680347,-0.9457182130979851,0.12333333333333334,0.07340674007340674,0.17350684017350684,0.16033333333333333,0.1001001001001001,0.23690357023690356,-2.5210125524219564,-2.630670890591139
2016-01-06,student,0.994,0.999,0.13680347013680347,-0.935527509023385,0.119,0.07340674007340674,0.17350684017350684,0.15366666666666665,0.1001001001001001,0.23356690023356688,-2.430826623820335,-2.5410227625851944
2016-01-07,student,0.995,0.999,0.13680347013680347,-3.5546781040980076,0.12033333333333333,0.07340674007340674,0.17350684017350684,0.15266666666666664,0.1001001001001001,0.23356690023356688,-2.4375291258723557,-2.5895463987686083
2016-01-08,bb7,0.995,1.0,0.14681348014681347,0.6081028875640175,0.12566666666666668,0.0767434100767434,0.17684351017684352,0.16266666666666665,0.1001001001001001,0.23690357023690356,-2.9256033125211696,-3.075927980447018
2016-01-11,bb7,0.991,0.999,0.13680347013680347,-0.20337368863421001,0.12933333333333333,0.07665999332665999,0.1768435101768435,0.16233333333333333,0.1001001001001001,0.23690357023690356,-2.6538475362083274,-2.799165153598715
2016-01-12,bb7,0.991,1.0,0.14681348014681347,-0.8633501496599276,0.13499999999999998,0.07340674007340674,0.17684351017684352,0.17433333333333334,0.1001001001001001,0.23690357023690356,-2.6581343092376173,-2.7976376752753653
2016-01-13,bb7,0.994,1.0,0.14681348014681347,2.033355815489233,0.11800000000000001,0.07340674007340674,0.17684351017684352,0.15766666666666665,0.1001001001001001,0.23690357023690356,-2.637137411489889,-2.7706551780236297
2016-01-14,bb7,0.993,1.0,0.14681348014681347,-0.37389392574924496,0.12133333333333333,0.07340674007340674,0.17684351017684352,0.163,0.1001001001001001,0.23690357023690356,-2.5892107667734603,-2.717155939142971
2016-01-15,bb7,0.997,1.0,0.13680347013680347,-3.0328181283853874,0.123,0.07340674007340674,0.17684351017684352,0.14600000000000002,0.1001001001001001,0.23690357023690356,-2.864733468345813,-2.9813553125827297
2016-01-18,bb7,0.991,1.0,0.14681348014681347,-0.5319028722338124,0.13066666666666668,0.07340674007340674,0.17684351017684352,0.17866666666666667,0.11011011011011011,0.2535869202535869,-3.011271951957042,-3.190022830370169
2016-01-19,bb7,0.993,1.0,0.15015015015015015,1.4585787585842125,0.13,0.07340674007340674,0.17684351017684352,0.17900000000000002,0.11011011011011011,0.2535869202535869,-2.8104149440657675,-2.9885053617120922
2016-01-20,bb7,0.99,1.0,0.15015015015015015,-3.0452938692030225,0.12033333333333333,0.07340674007340674,0.17684351017684352,0.16633333333333333,0.11011011011011011,0.2535869202535869,-2.5598911543377816,-2.703210699865157
2016-01-21,bb7,0.989,1.0,0.14681348014681347,-1.0115130292490675,0.13533333333333333,0.07340674007340674,0.17692692692692685,0.19299999999999998,0.11344678011344678,0.2535869202535869,-3.0510961384997755,-3.2496585448097375
2016-01-22,bb7,0.77,0.92,0.13680347013680347,1.9190897382528176,0.127,0.07674341007674342,0.18351685018351682,0.17866666666666667,0.11344678011344678,0.2535869202535869,-3.002392994928272,-3.2070415652965845
2016-01-25,bb7,0.804,0.932,0.13680347013680347,-0.3275312259612849,0.13,0.07340674007340674,0.17684351017684352,0.17133333333333334,0.10343677010343677,0.23690357023690356,-2.886728957637247,-3.0459895684458504
2016-01-27,bb7,0.819,0.941,0.13680347013680347,0.05188424512599754,0.113,0.07665999332665999,0.17684351017684352,0.14200000000000002,0.10343677010343677,0.23690357023690356,-2.8410913200071164,-2.9882015163310958
2016-01-28,bb7,0.997,1.0,0.13680347013680347,0.47113265051356246,0.12533333333333332,0.07340674007340674,0.17350684017350684,0.17066666666666666,0.10343677010343677,0.23690357023690356,-2.7815256596090694,-2.934289748935564
2016-01-29,bb7,0.987,0.999,0.14014014014014012,1.0196077149901375,0.124,0.07665999332665999,0.17359025692359017,0.16966666666666666,0.10343677010343677,0.23690357023690356,-2.9086009046365255,-3.102386885756453
2016-02-01,bb7,0.987,1.0,0.14014014014014012,-1.207702281689865,0.13999999999999999,0.07340674007340674,0.17350684017350684,0.18800000000000003,0.10669002335669002,0.2336503169836502,-3.16827669000184,-3.379508170428759
2016-02-02,bb7,0.989,1.0,0.14014014014014012,-1.1391906097822049,0.12466666666666666,0.07340674007340674,0.17350684017350684,0.16633333333333333,0.10343677010343677,0.23356690023356688,-2.8843464333666,-3.0892484749054625
2016-02-03,bb7,0.998,1.0,0.14014014014014012,-0.9306954024639549,0.12066666666666666,0.07340674007340674,0.17350684017350684,0.16666666666666666,0.10343677010343677,0.23356690023356688,-2.7234518652782644,-2.8887555198076376
2016-02-04,bb7,0.998,1.0,0.14014014014014012,0.786281484300595,0.13233333333333333,0.07340674007340674,0.17350684017350684,0.17066666666666666,0.10669002335669002,0.23031364698031356,-2.864726304047173,-3.027880459266119
2016-02-05,bb7,0.998,1.0,0.14014014014014012,1.8784227317854598,0.13233333333333333,0.07340674007340674,0.17350684017350684,0.17366666666666666,0.10343677010343677,0.23356690023356688,-2.8166920383866763,-2.9891787233231697
2016-02-08,bb7,0.997,1.0,0.1334668001334668,-1.4425486646567325,0.13333333333333333,0.07340674007340674,0.17350684017350684,0.17433333333333334,0.10677344010677343,0.23690357023690356,-2.5806023612198956,-2.732337683622128
2016-02-09,bb7,0.991,1.0,0.1334668001334668,-2.79756694177431,0.13033333333333333,0.07340674007340674,0.17350684017350684,0.17700000000000002,0.10669002335669002,0.24024024024024024,-2.7379776384439767,-2.92078721180898
2016-02-10,bb7,0.989,1.0,0.13680347013680347,-2.8553282241992024,0.11566666666666668,0.07340674007340674,0.17359025692359017,0.15766666666666665,0.10677344010677343,0.2435769102435769,-2.8211811916698943,-2.9691815266123682
2016-02-11,bb7,0.998,1.0,0.13680347013680347,-3.454920490317568,0.12633333333333333,0.07674341007674342,0.17684351017684352,0.17700000000000002,0.10677344010677343,0.24024024024024024,-3.180957442087167,-3.3726793898346688
2016-02-12,bb7,0.78,0.907,0.14014014014014012,2.4522014523770497,0.123,0.07674341007674342,0.17684351017684352,0.17466666666666666,0.10677344010677343,0.24366032699366022,-3.3292725663104745,-3.5425402593824926
2016-02-15,student,0.773,0.906,0.14014014014014012,3.4778804455695154,0.14033333333333334,0.07674341007674342,0.17684351017684352,0.19033333333333333,0.1100266933600267,0.24691358024691357,-3.2031888219215343,-3.4153027748363245
2016-02-16,bb7,0.997,1.0,0.14014014014014012,-3.4052491389811825,0.11333333333333333,0.07674341007674342,0.17684351017684352,0.15733333333333333,0.10677344010677343,0.24366032699366022,-3.1135399228967566,-3.3215746989873733
2016-02-17,bb7,0.998,1.0,0.1334668001334668,1.85935396116786,0.10200000000000002,0.07674341007674342,0.17684351017684352,0.13933333333333334,0.1100266933600267,0.24691358024691357,-3.7316198445407087,-3.9203685073413053
2016-02-18,bb7,0.91,0.972,0.1301301301301301,1.469684393859865,0.123,0.07665999332666,0.1801801801801802,0.17666666666666667,0.11011011011011011,0.24691358024691357,-3.5135614509658426,-3.7339201230081245
2016-02-19,bb7,0.91,0.971,0.13680347013680347,1.178814243918485,0.125,0.07674341007674342,0.17692692692692685,0.17233333333333334,0.11011011011011011,0.2469969969969969,-3.4965627048133245,-3.7309348321863527
2016-02-22,bb7,0.998,1.0,0.1434768101434768,1.0836071959334874,0.1386666666666667,0.07674341007674342,0.18351685018351685,0.17966666666666664,0.11011011011011011,0.2469969969969969,-3.1977679286571545,-3.4023381679524167
2016-02-23,bb7,0.92,0.975,0.1434768101434768,-1.8119383917762102,0.127,0.07340674007340674,0.17692692692692685,0.17566666666666667,0.11011011011011011,0.2502502502502502,-3.474268012327779,-3.7016596493558636
2016-02-24,bb7,0.9,0.969,0.13680347013680347,-1.3005471265181376,0.11266666666666668,0.07665999332665999,0.17684351017684352,0.15833333333333333,0.11011011011011011,0.2502502502502502,-3.2731377923999463,-3.4743191193223204
2016-02-25,bb7,0.92,0.973,0.14014014014014012,-1.5568271106422649,0.13066666666666665,0.07340674007340674,0.17684351017684352,0.18066666666666667,0.11011011011011011,0.24691358024691357,-3.230884957943229,-3.430626580362171
2016-02-26,bb7,0.998,1.0,0.1334668001334668,1.4191074992279602,0.11933333333333333,0.07340674007340674,0.17684351017684352,0.15433333333333332,0.10677344010677343,0.24691358024691357,-3.073742690628619,-3.250065046822345
2016-02-29,bb7,0.998,1.0,0.1334668001334668,-1.1432072147062802,0.12533333333333332,0.07340674007340674,0.17684351017684352,0.16366666666666665,0.10677344010677343,0.24691358024691357,-2.9622047386525256,-3.1470709227643074
2016-03-01,bb7,0.915,0.972,0.1434768101434768,2.53497293891432,0.12666666666666668,0.07665999332666,0.17684351017684352,0.17166666666666666,0.11011011011011011,0.2502502502502502,-2.975663071517054,-3.1765282229034155
2016-03-02,bb7,0.923,0.974,0.13680347013680347,4.34346616981829,0.11866666666666666,0.07340674007340674,0.17684351017684352,0.16633333333333333,0.11011011011011011,0.2502502502502502,-2.9876568902067957,-3.1944587832593907
2016-03-03,bb7,0.932,0.974,0.1301301301301301,1.994902273492815,0.12766666666666668,0.07665999332666,0.1801801801801802,0.16333333333333333,0.11011011011011011,0.25033366700033355,-3.344450742146883,-3.52214591724534
2016-03-04,bb7,0.998,1.0,0.1434768101434768,1.2855035521266274,0.11733333333333333,0.07340674007340674,0.17684351017684352,0.16466666666666666,0.11011011011011011,0.2469969969969969,-3.242270697286897,-3.4563844399494212
2016-03-08,bb7,1.0,1.0,0.1434768101434768,-1.3202750496557876,0.11566666666666668,0.07340674007340674,0.17684351017684352,0.15633333333333332,0.11011011011011011,0.2469969969969969,-2.978425150775961,-3.132478349067148
2016-03-09,bb7,1.0,1.0,0.1434768101434768,0.8492488339641651,0.13733333333333334,0.07340674007340674,0.17684351017684352,0.18233333333333335,0.11011011011011011,0.2502502502502502,-3.1697335350449256,-3.368198041825368
2016-03-10,bb7,0.862,0.963,0.1301301301301301,-1.17921320836848,0.13,0.07665999332666,0.18018018018018014,0.17133333333333334,0.10677344010677343,0.24024024024024024,-3.0041883429362763,-3.204171233159892
2016-03-11,bb7,0.864,0.963,0.12679346012679346,0.7804874582431225,0.112,0.07340674007340674,0.17684351017684352,0.15533333333333332,0.10677344010677343,0.2369869869869869,-2.962895015936231,-3.1378338181191783
2016-03-14,bb7,0.919,0.972,0.13680347013680347,1.1974859938387126,0.13099999999999998,0.07340674007340674,0.17684351017684352,0.17433333333333334,0.10677344010677343,0.24024024024024024,-2.8324697565213346,-2.979231873047797
2016-03-15,bb7,0.896,0.969,0.13680347013680347,-0.5634756273757151,0.11466666666666665,0.07340674007340674,0.17684351017684352,0.16233333333333333,0.10677344010677343,0.24024024024024024,-2.6087325320451744,-2.7747628152959223
2016-03-16,bb7,0.922,0.974,0.13680347013680347,0.42152710947677,0.125,0.07340674007340674,0.1768435101768435,0.16333333333333333,0.10677344010677343,0.24024024024024024,-2.5850529880894184,-2.7536754153093854
2016-03-17,bb7,0.931,0.975,0.14014014014014012,0.6117510913420751,0.11033333333333332,0.07340674007340674,0.17684351017684352,0.16233333333333333,0.10677344010677343,0.24024024024024024,-2.5613306693914804,-2.7142553017548465
2016-03-18,bb7,0.919,0.974,0.1334668001334668,1.63678168314796,0.123,0.07340674007340674,0.17684351017684352,0.167,0.1100266933600267,0.24024024024024024,-2.45504430123553,-2.592783252034541
2016-03-21,bb7,0.915,0.971,0.14014014014014012,2.23623729669018,0.12933333333333333,0.07340674007340674,0.17692692692692685,0.17766666666666664,0.10677344010677343,0.24024024024024024,-2.5488905264298833,-2.728318525801675
2016-03-22,bb7,0.923,0.974,0.14014014014014012,-0.1202373608922625,0.119,0.07674341007674342,0.1801801801801802,0.16066666666666665,0.10677344010677343,0.24024024024024024,-2.6636930251654984,-2.843116057221532
2016-03-23,bb7,0.911,0.971,0.1334668001334668,0.3437210828515575,0.118,0.07674341007674342,0.17684351017684352,0.15933333333333333,0.1100266933600267,0.24024024024024024,-2.4293669987654694,-2.585766259622281
2016-03-28,bb7,0.997,1.0,0.1301301301301301,-2.35026692222186,0.122,0.07674341007674342,0.17684351017684352,0.167,0.1100266933600267,0.24024024024024024,-2.3309173006147184,-2.4676359231069935
2016-03-29,bb7,0.907,0.97,0.1334668001334668,0.5489701742749875,0.09933333333333334,0.07340674007340674,0.17684351017684352,0.142,0.10677344010677343,0.24032365699032357,-2.583261415090382,-2.7342130823677233
2016-03-30,bb7,0.917,0.974,0.1334668001334668,2.2967767297878274,0.12866666666666668,0.07674341007674342,0.1801801801801802,0.17699999999999996,0.10677344010677343,0.2435769102435769,-2.5054096456025774,-2.6485600884765925
2016-03-31,bb7,0.917,0.974,0.1334668001334668,-0.06869133108866751,0.12566666666666668,0.07340674007340674,0.17684351017684352,0.16466666666666666,0.10677344010677343,0.2435769102435769,-2.396493769921396,-2.578173315230277
2016-04-01,bb7,0.911,0.974,0.14014014014014012,-0.587999503435035,0.12433333333333334,0.07665999332666,0.1801801801801802,0.17433333333333334,0.10677344010677343,0.2435769102435769,-2.6107992198591083,-2.783960445993694
2016-04-04,bb7,0.999,1.0,0.1434768101434768,1.355348768486935,0.11033333333333332,0.07340674007340674,0.17692692692692685,0.14566666666666664,0.10677344010677343,0.24024024024024024,-2.4268809062794907,-2.570359016394111
2016-04-05,bb7,0.912,0.974,0.13680347013680347,-3.1365307628924652,0.13166666666666665,0.07665999332666,0.17684351017684352,0.18100000000000002,0.10677344010677343,0.2435769102435769,-2.6292041848927004,-2.780255759630856
2016-04-06,bb7,0.863,0.97,0.1334668001334668,0.044388631825819994,0.11566666666666665,0.07674341007674342,0.1801801801801802,0.15966666666666665,0.11336336336336336,0.24691358024691357,-2.9197186220854063,-3.099571750824919
2016-04-07,student,0.899,0.973,0.1334668001334668,-1.10029214979793,0.13566666666666669,0.07674341007674342,0.1801801801801802,0.18699999999999997,0.11011011011011011,0.2435769102435769,-2.7773174577639415,-2.965659849553833
2016-04-08,bb7,0.901,0.973,0.1334668001334668,-0.7097421078098475,0.11933333333333333,0.07674341007674342,0.1801801801801802,0.16866666666666666,0.11011011011011011,0.2435769102435769,-2.722289178617395,-2.8679079561840144
2016-04-11,bb7,0.841,0.963,0.1334668001334668,2.4876671815905427,0.12,0.07674341007674342,0.1801801801801802,0.171,0.11336336336336336,0.24691358024691357,-2.5751331946340197,-2.760919787529631
2016-04-12,bb7,0.846,0.965,0.1334668001334668,0.7250315102266275,0.128,0.07674341007674342,0.1801801801801802,0.171,0.11344678011344678,0.24691358024691357,-2.6206223284274484,-2.794982340701692
2016-04-13,bb7,0.835,0.964,0.1334668001334668,1.854906510771015,0.123,0.07674341007674342,0.1801801801801802,0.17833333333333334,0.11344678011344678,0.24691358024691357,-2.597084430818159,-2.7809520880588408
2016-04-18,bb7,0.837,0.967,0.1334668001334668,0.6433306474520024,0.129,0.07674341007674342,0.18351685018351682,0.17233333333333334,0.11344678011344678,0.2502502502502502,-2.71744028872115,-2.88713585009373
2016-04-20,bb7,0.846,0.968,0.13680347013680347,0.1092135423434,0.10933333333333332,0.07674341007674342,0.1801801801801802,0.157,0.11344678011344678,0.2469969969969969,-2.918169725361656,-3.074118214547709
2016-04-21,bb7,0.846,0.967,0.13680347013680347,1.02578639580585,0.128,0.07674341007674342,0.1801801801801802,0.18499999999999997,0.11344678011344678,0.2435769102435769,-2.540559113179363,-2.7145167466483864
2016-04-22,bb7,0.857,0.97,0.13680347013680347,0.20334197328040493,0.13033333333333333,0.07674341007674342,0.1801801801801802,0.18566666666666665,0.11344678011344678,0.2435769102435769,-2.501455096423342,-2.685165470756743
2016-04-25,bb7,0.897,0.974,0.13680347013680347,-0.5863200641915793,0.125,0.07665999332665999,0.1801801801801802,0.17666666666666667,0.11336336336336336,0.2435769102435769,-2.4992324422647942,-2.659962517586256
2016-04-26,bb7,0.845,0.966,0.13680347013680347,1.28012428130283,0.12733333333333333,0.07665999332665999,0.1801801801801802,0.17499999999999996,0.11336336336336336,0.2435769102435769,-2.5171213648647233,-2.689286986297292
2016-04-27,bb7,0.824,0.964,0.13680347013680347,-0.2910847240975674,0.12566666666666668,0.07674341007674342,0.1801801801801802,0.18166666666666664,0.11336336336336336,0.2435769102435769,-2.4919970209131352,-2.6717399941796685
2016-04-28,bb7,0.907,0.975,0.1434768101434768,-2.045724500867032,0.12433333333333334,0.07674341007674342,0.17692692692692685,0.16566666666666666,0.11011011011011011,0.2435769102435769,-2.496802897968386,-2.626189984376211
2016-04-29,bb7,0.998,1.0,0.1434768101434768,-0.844306390092575,0.11133333333333334,0.07674341007674342,0.1801801801801802,0.15066666666666664,0.11011011011011011,0.2435769102435769,-2.4966647567543876,-2.635076055695545
2016-05-02,bb7,0.998,1.0,0.1434768101434768,-0.7001867055882999,0.12366666666666666,0.07674341007674342,0.17692692692692685,0.17733333333333334,0.11011011011011011,0.2435769102435769,-2.462270528538866,-2.612782941624443
2016-05-03,bb7,0.991,1.0,0.13680347013680347,-1.0104670615484026,0.12333333333333334,0.07674341007674342,0.17692692692692685,0.16333333333333333,0.11011011011011011,0.2435769102435769,-2.374687737517349,-2.4988432401937386
2016-05-04,bb7,0.999,1.0,0.1434768101434768,-2.0195076057625148,0.12766666666666668,0.07674341007674342,0.1801801801801802,0.16566666666666666,0.11011011011011011,0.2435769102435769,-2.432382563461681,-2.600364237255364
2016-05-05,bb7,0.998,1.0,0.1434768101434768,0.6405700849660475,0.13799999999999998,0.07665999332665999,0.1768435101768435,0.19299999999999998,0.11344678011344678,0.2503336670003336,-2.896767137232487,-3.0872173145560833
2016-05-06,bb7,0.998,1.0,0.1434768101434768,0.8911299011815426,0.10799999999999998,0.07340674007340674,0.17359025692359017,0.15166666666666667,0.11344678011344678,0.2535869202535869,-2.588539036725901,-2.718177034743641
2016-05-09,bb7,0.998,1.0,0.1434768101434768,1.0090677868530475,0.13233333333333333,0.07340674007340674,0.17359025692359017,0.19000000000000003,0.11344678011344678,0.2535869202535869,-2.5953336510433425,-2.7828294209631568
2016-05-10,student,0.998,1.0,0.15015015015015015,-0.02180523650749233,0.146,0.07340674007340674,0.17359025692359017,0.20433333333333334,0.11011011011011011,0.2435769102435769,-2.722772587043457,-2.9175431075411478
2016-05-11,bb7,0.998,1.0,0.1434768101434768,-1.4165434784935624,0.10866666666666668,0.07340674007340674,0.17684351017684352,0.15266666666666664,0.11011011011011011,0.24032365699032357,-2.6673881024480273,-2.85194364690505
2016-05-12,bb7,0.998,1.0,0.1434768101434768,0.828612930437185,0.13966666666666666,0.07340674007340674,0.17684351017684352,0.19099999999999998,0.11011011011011011,0.24032365699032357,-2.811369403240929,-3.0072403404679293
2016-05-13,bb7,0.998,1.0,0.1434768101434768,-0.9882941081325974,0.12066666666666666,0.07340674007340674,0.17684351017684352,0.17266666666666666,0.11011011011011011,0.24024024024024024,-2.5750195590145157,-2.7369099777409156
2016-05-16,bb7,0.998,1.0,0.14681348014681347,-0.34689356280986733,0.12266666666666666,0.07340674007340674,0.17692692692692685,0.17433333333333334,0.10677344010677343,0.23690357023690356,-2.7549169251933647,-2.9358074314303853
2016-05-17,bb7,0.998,1.0,0.14681348014681347,-0.563134418912585,0.11699999999999999,0.07665999332665999,0.18018018018018014,0.15933333333333333,0.10669002335669002,0.23356690023356688,-2.772949813939714,-2.935905609971487
2016-05-18,bb7,0.998,1.0,0.14681348014681347,-0.2270177228955675,0.10933333333333332,0.07340674007340674,0.17359025692359017,0.15033333333333332,0.10669002335669002,0.23356690023356688,-2.6017738891724767,-2.756457495527385
2016-05-19,bb7,0.987,1.0,0.14014014014014015,-1.2970832478054124,0.13799999999999998,0.07340674007340674,0.17350684017350684,0.18866666666666668,0.11011011011011011,0.2502502502502502,-2.548374404295358,-2.727814643158631
2016-05-20,bb7,0.998,1.0,0.14014014014014015,-0.5241539106160575,0.11566666666666665,0.0767434100767434,0.17350684017350684,0.159,0.11011011011011011,0.24366032699366022,-2.6815006153212235,-2.869026789265311
2016-05-23,bb7,0.985,1.0,0.14014014014014015,-0.6743335203126124,0.12466666666666666,0.07665999332665999,0.1768435101768435,0.171,0.11011011011011011,0.24691358024691357,-2.5891352719980802,-2.787116367821667
2016-05-24,bb7,0.987,1.0,0.13680347013680347,0.740812241515575,0.13599999999999998,0.07665999332665999,0.17350684017350684,0.18499999999999997,0.11011011011011011,0.24691358024691357,-2.568091788311842,-2.7329141077196524
2016-05-25,bb7,0.998,1.0,0.1434768101434768,2.2622684420682226,0.11633333333333333,0.07340674007340674,0.17350684017350684,0.15766666666666665,0.11011011011011011,0.24691358024691357,-2.3931735931489646,-2.5356703235057476
2016-05-26,student,0.998,1.0,0.1434768101434768,2.2262556909498823,0.13766666666666666,0.07665999332665999,0.1768435101768435,0.19566666666666666,0.11011011011011011,0.2469969969969969,-2.5868722302138507,-2.7841548607874724
2016-05-27,bb7,0.998,1.0,0.1434768101434768,2.4217651282212924,0.131,0.07340674007340674,0.1768435101768435,0.18733333333333335,0.11011011011011011,0.2502502502502502,-2.569235589305119,-2.7597675502308165
2016-05-30,bb7,0.998,1.0,0.1434768101434768,1.6251041836174,0.13099999999999998,0.07340674007340674,0.17684351017684352,0.18333333333333335,0.11336336336336336,0.2503336670003336,-2.5993280118210036,-2.775447948750609
2016-05-31,student,0.887,0.973,0.13680347013680347,2.379184218278535,0.126,0.07340674007340674,0.17692692692692685,0.18800000000000003,0.11344678011344678,0.2502502502502502,-2.6158586414862643,-2.8171997682403442
2016-06-01,bb7,0.994,1.0,0.1434768101434768,-1.0113656878705026,0.13599999999999998,0.07665999332665999,0.17684351017684352,0.18233333333333335,0.11011011011011011,0.24032365699032357,-2.555167138385246,-2.7090603693043493
2016-06-02,bb7,0.995,1.0,0.1434768101434768,0.96888632360057,0.13233333333333333,0.07665999332665999,0.17684351017684352,0.18200000000000002,0.11011011011011011,0.24024024024024024,-2.7681995227573073,-2.972244573543041
2016-06-03,student,0.992,1.0,0.1434768101434768,0.4371665753841675,0.15066666666666664,0.07665999332665999,0.18018018018018014,0.19699999999999998,0.11011011011011011,0.24032365699032357,-2.6775599867176205,-2.8388794971515314
2016-06-06,bb7,0.989,0.998,0.1434768101434768,0.49008075104117754,0.121,0.0767434100767434,0.18018018018018014,0.16433333333333333,0.10677344010677343,0.23690357023690356,-2.573823197339057,-2.7506969385378617
2016-06-07,bb7,0.991,1.0,0.1434768101434768,1.8265467040119125,0.11966666666666666,0.0767434100767434,0.18018018018018014,0.17233333333333334,0.1100266933600267,0.24024024024024024,-2.482806090112398,-2.644051622031377
2016-06-08,student,0.987,1.0,0.1434768101434768,-0.15037212222173996,0.13799999999999998,0.0767434100767434,0.1801801801801802,0.19633333333333333,0.11670003336670003,0.2569235902569236,-2.615147629070109,-2.8460998698519107
2016-06-09,bb7,0.985,0.999,0.1434768101434768,-1.4164716328222124,0.11833333333333333,0.0767434100767434,0.17684351017684352,0.17633333333333334,0.11670003336670003,0.2569235902569236,-2.5225795331784884,-2.676883162486606
2016-06-10,student,0.984,0.998,0.14681348014681347,-1.1877607801724275,0.12933333333333333,0.07674341007674342,0.1801801801801802,0.17333333333333334,0.10677344010677343,0.24366032699366022,-2.5804679668686403,-2.75067629834048
2016-06-13,student,0.808,0.96,0.14014014014014012,-1.2200870085640576,0.123,0.07674341007674342,0.1801801801801802,0.18733333333333335,0.11344678011344678,0.2602602602602602,-2.558988403457037,-2.721148333044285
2016-06-14,student,0.981,0.998,0.14681348014681347,0.5834090623794275,0.11900000000000001,0.0767434100767434,0.17692692692692685,0.16133333333333333,0.10677344010677343,0.24691358024691357,-2.48213430907777,-2.6276482151649705
2016-06-15,student,0.822,0.955,0.14014014014014012,1.76403770247367,0.122,0.0767434100767434,0.1801801801801802,0.17299999999999996,0.1100266933600267,0.24691358024691357,-2.438663142315352,-2.5919284945063135
2016-06-16,student,0.813,0.963,0.14014014014014012,0.17202347009943753,0.13633333333333333,0.07674341007674342,0.1801801801801802,0.19833333333333333,0.11678345011678344,0.2602602602602602,-2.5038418708338868,-2.707207211737087
2016-06-17,student,0.985,0.998,0.14681348014681347,0.16661948595921755,0.12133333333333333,0.07665999332665999,0.17692692692692685,0.17300000000000001,0.11011011011011011,0.24032365699032357,-2.47783170680879,-2.639193626766407
2016-06-20,student,0.987,0.998,0.14681348014681347,1.774897979880795,0.12533333333333332,0.07674341007674342,0.18018018018018014,0.17533333333333334,0.11011011011011011,0.24032365699032357,-2.4148181136545452,-2.555377276432818
2016-06-21,student,0.984,0.998,0.14014014014014012,-0.38997683378539755,0.13266666666666668,0.07665999332665999,0.17684351017684352,0.18833333333333332,0.11011011011011011,0.2435769102435769,-2.4063346515777826,-2.570367032467659
2016-06-22,student,0.972,0.998,0.14681348014681347,-0.9466554899774426,0.12133333333333333,0.0767434100767434,0.1801801801801802,0.18000000000000002,0.11678345011678344,0.2602602602602602,-2.2955319163270977,-2.4471842571615996
2016-06-23,student,0.973,0.999,0.14681348014681347,1.8770266101280126,0.12766666666666668,0.0767434100767434,0.1801801801801802,0.19200000000000003,0.11670003336670003,0.2602602602602602,-2.448360922660856,-2.635849513810632
2016-06-24,student,0.977,1.0,0.15015015015015015,-3.4429725486811003,0.128,0.07674341007674342,0.1801801801801802,0.17899999999999996,0.11011011011011011,0.2502502502502502,-2.30449690510848,-2.4705687709660187
2016-06-27,bb7,0.979,1.0,0.15015015015015015,0.05585924977823753,0.12466666666666666,0.07674341007674342,0.1801801801801802,0.1743333333333333,0.11011011011011011,0.25033366700033355,-2.9367562685348703,-3.1017101942868903
2016-06-28,bb7,0.83,0.973,0.14681348014681347,0.05077879073946745,0.12333333333333334,0.07674341007674342,0.1801801801801802,0.17833333333333332,0.11011011011011011,0.2502502502502502,-2.826972427068326,-3.0310622574865502
2016-06-29,bb7,0.85,0.976,0.15015015015015015,0.8033158953621276,0.13366666666666666,0.07674341007674342,0.1801801801801802,0.18600000000000003,0.11011011011011011,0.2502502502502502,-3.0155401626280844,-3.2322653000373265
2016-06-30,bb7,0.989,1.0,0.15015015015015015,1.13034806024284,0.11866666666666666,0.07674341007674342,0.1801801801801802,0.1703333333333333,0.11011011011011011,0.2502502502502502,-2.7223172132145157,-2.924192633892047
2016-07-01,student,0.985,1.0,0.15015015015015015,0.025337184617312485,0.14466666666666667,0.0767434100767434,0.1801801801801802,0.20166666666666666,0.11011011011011011,0.2502502502502502,-2.7478489467867413,-2.960323947318319
2016-07-04,bb7,0.978,0.998,0.1434768101434768,1.12758235862585,0.12033333333333333,0.0767434100767434,0.1801801801801802,0.168,0.10677344010677343,0.24691358024691357,-2.3188313067459867,-2.488820989535376
2016-07-05,bb7,0.987,1.0,0.15015015015015015,-0.6662383022280349,0.12933333333333333,0.0767434100767434,0.1801801801801802,0.17800000000000002,0.11011011011011011,0.2502502502502502,-2.5392494077145322,-2.6995914848054805
2016-07-07,bb7,0.987,0.998,0.1434768101434768,-0.3159326052170351,0.12866666666666668,0.0767434100767434,0.18018018018018014,0.18133333333333335,0.11011011011011011,0.24366032699366022,-2.400899219818632,-2.5725600527140013
2016-07-08,bb7,0.984,0.999,0.1434768101434768,0.49120894529591497,0.12766666666666665,0.0767434100767434,0.18018018018018014,0.17566666666666667,0.11011011011011011,0.2435769102435769,-2.562584143300206,-2.7621714134519464
2016-07-11,bb7,0.984,0.998,0.14681348014681347,2.2809812053506375,0.12366666666666666,0.0767434100767434,0.18018018018018014,0.18433333333333332,0.11011011011011011,0.24691358024691357,-2.4095329819501776,-2.5779985996978456
2016-07-12,bb7,0.988,1.0,0.15015015015015015,0.12740843506606503,0.13233333333333333,0.07674341007674342,0.18018018018018014,0.17466666666666666,0.11336336336336336,0.24691358024691357,-2.526091600180849,-2.682750886612704
2016-07-13,bb7,0.993,1.0,0.15015015015015015,0.36620160480352,0.12066666666666666,0.07674341007674342,0.17692692692692685,0.16833333333333333,0.11336336336336336,0.24691358024691357,-2.428388008392042,-2.5936409591474976
2016-07-14,bb7,0.99,1.0,0.15015015015015015,0.5037582135747924,0.121,0.07674341007674342,0.17684351017684352,0.16633333333333333,0.11336336336336336,0.24691358024691357,-2.3460280734484424,-2.5119416892590145
2016-07-15,student,0.988,1.0,0.15015015015015015,-1.7301571424763873,0.11933333333333333,0.07674341007674342,0.17692692692692685,0.17800000000000002,0.11336336336336336,0.24691358024691357,-2.352453136728588,-2.5204251099788957
2016-07-18,student,0.99,1.0,0.15015015015015015,-0.663478987722355,0.13133333333333333,0.0767434100767434,0.17684351017684352,0.17300000000000001,0.11011011011011011,0.24691358024691357,-2.75990408726469,-2.9227382174592798
2016-07-19,student,0.988,1.0,0.15015015015015015,-0.19679414921451743,0.12466666666666666,0.07674341007674342,0.18018018018018014,0.17033333333333334,0.1100266933600267,0.2435769102435769,-2.372101551480252,-2.5399683017999712
2016-07-20,student,0.99,1.0,0.15015015015015015,0.13617257578018743,0.122,0.07340674007340674,0.1801801801801802,0.16866666666666666,0.11678345011678344,0.2602602602602602,-2.4048935832146676,-2.5968602435817036
2016-07-21,student,0.99,1.0,0.15015015015015015,-0.73401298827407,0.12966666666666668,0.07674341007674342,0.1801801801801802,0.19033333333333333,0.11678345011678344,0.2602602602602602,-2.4073090994517177,-2.576580101202671
2016-07-22,student,0.808,0.973,0.15015015015015015,0.2076908478956626,0.14533333333333334,0.0767434100767434,0.1801801801801802,0.20533333333333337,0.11678345011678344,0.26034367701034355,-2.471998254712819,-2.6661948096812895
2016-07-25,student,0.866,0.982,0.15015015015015015,1.09301675356003,0.12766666666666668,0.07665999332665999,0.18026359693026353,0.19266666666666668,0.11678345011678344,0.26359693026359693,-2.3663058300312287,-2.5451415399881414
2016-07-26,student,0.82,0.978,0.15015015015015015,-0.5709546063569875,0.123,0.0767434100767434,0.1801801801801802,0.18166666666666667,0.11678345011678344,0.26359693026359693,-2.2589570370282366,-2.433174165729955
2016-07-27,student,0.982,1.0,0.15015015015015015,0.5724198028439076,0.12066666666666666,0.0767434100767434,0.1801801801801802,0.17600000000000002,0.11678345011678344,0.26034367701034355,-2.3395525388564766,-2.521681113333253
2016-07-28,student,0.984,1.0,0.15015015015015015,0.0018862352712725183,0.11733333333333335,0.0767434100767434,0.1801801801801802,0.17766666666666667,0.11678345011678344,0.26034367701034355,-2.2052380928384903,-2.352351833878943
2016-07-29,student,0.983,1.0,0.15015015015015015,-0.08036414281488499,0.13466666666666668,0.07674341007674342,0.1801801801801802,0.2066666666666667,0.11678345011678344,0.26034367701034355,-2.2753659029291238,-2.437089797790354
2016-08-01,student,0.878,0.983,0.15015015015015015,0.3500366475823525,0.12333333333333334,0.0767434100767434,0.18026359693026353,0.17466666666666666,0.11678345011678344,0.26359693026359693,-2.3272604494677536,-2.4970352061074315
2016-08-02,student,0.886,0.986,0.15015015015015015,-0.6326832259387951,0.139,0.0767434100767434,0.18026359693026353,0.2046666666666667,0.11678345011678344,0.26359693026359693,-2.3875867862584363,-2.5968976094389253
2016-08-03,student,0.896,0.986,0.15015015015015015,-1.2646853618352725,0.11933333333333333,0.0767434100767434,0.18351685018351682,0.17066666666666666,0.11678345011678344,0.26359693026359693,-2.2408007305954847,-2.399045577175774
2016-08-04,student,0.99,1.0,0.1434768101434768,0.8057768048597875,0.12933333333333333,0.07340674007340674,0.1801801801801802,0.18533333333333335,0.11678345011678344,0.2602602602602602,-2.47992796588492,-2.65072554948528
2016-08-05,student,0.99,1.0,0.1434768101434768,1.6945958728281725,0.125,0.07340674007340674,0.1801801801801802,0.19633333333333333,0.11678345011678344,0.2602602602602602,-2.4892204380967575,-2.664754992007069
2016-08-08,student,0.983,1.0,0.1434768101434768,0.33310274343261503,0.12033333333333333,0.07665999332665999,0.1801801801801802,0.164,0.11678345011678344,0.2602602602602602,-2.336900531135687,-2.4859299107843307
2016-08-09,student,0.984,1.0,0.1434768101434768,0.39033234081159995,0.12833333333333333,0.07340674007340674,0.1801801801801802,0.18966666666666665,0.11678345011678344,0.2602602602602602,-2.277980896518367,-2.45275887970506
2016-08-10,student,0.984,1.0,0.1434768101434768,-1.1741836106006724,0.11166666666666665,0.0767434100767434,0.1801801801801802,0.17633333333333331,0.11678345011678344,0.2602602602602602,-2.1970842002795585,-2.34945036443747
2016-08-11,student,0.98,1.0,0.1434768101434768,-0.31237431295378254,0.11166666666666668,0.07665999332665999,0.1801801801801802,0.17600000000000002,0.11678345011678344,0.2602602602602602,-2.313159899909684,-2.493580792871882
2016-08-12,student,0.983,1.0,0.1434768101434768,2.018150087771437,0.13066666666666665,0.07340674007340674,0.17692692692692685,0.18000000000000002,0.10677344010677343,0.24691358024691357,-2.240999349127231,-2.387133044457841
2016-08-16,student,0.99,1.0,0.1434768101434768,-0.5876739545123275,0.13899999999999998,0.0767434100767434,0.1801801801801802,0.19933333333333336,0.11678345011678344,0.2602602602602602,-2.405632122931209,-2.5916725754715673
2016-08-17,student,0.992,1.0,0.15015015015015015,-0.7101980713737026,0.13066666666666668,0.07340674007340674,0.1801801801801802,0.19433333333333333,0.11678345011678344,0.2602602602602602,-2.524536220508174,-2.698802141330014
2016-08-18,student,0.99,0.999,0.15015015015015015,-0.11573574604510248,0.12433333333333334,0.0767434100767434,0.1801801801801802,0.18600000000000003,0.11678345011678344,0.2602602602602602,-2.4752856265049923,-2.6742967457503526
2016-08-19,student,0.99,1.0,0.1434768101434768,0.9479061656069101,0.13699999999999998,0.07340674007340674,0.1768435101768435,0.18400000000000002,0.10677344010677343,0.2435769102435769,-2.3582310603064234,-2.5166018237678114
2016-08-22,student,0.99,1.0,0.1434768101434768,-0.2753731753638675,0.12933333333333333,0.07340674007340674,0.1768435101768435,0.17366666666666666,0.10677344010677343,0.2435769102435769,-2.3065476176550317,-2.4760002026852215
2016-08-23,student,0.989,0.998,0.1434768101434768,0.36090429157669257,0.12633333333333333,0.07340674007340674,0.1768435101768435,0.169,0.10677344010677343,0.24366032699366022,-2.5581289672132868,-2.7320045509499793
2016-08-24,student,0.99,1.0,0.14681348014681347,0.04455548171226999,0.11233333333333333,0.07340674007340674,0.17350684017350682,0.162,0.10677344010677343,0.2435769102435769,-2.420725487932018,-2.598136699239849
2016-08-25,student,0.984,1.0,0.1434768101434768,-1.3904298945394424,0.133,0.07340674007340674,0.17684351017684352,0.18800000000000003,0.1100266933600267,0.24366032699366022,-2.3759747486716294,-2.5505028076405463
2016-08-26,student,0.976,1.0,0.14014014014014012,-0.421253156381665,0.13033333333333333,0.07340674007340674,0.17684351017684352,0.19633333333333333,0.11678345011678344,0.2602602602602602,-2.365829301249164,-2.562973428940746
2016-08-29,student,0.987,1.0,0.1434768101434768,1.3761405690804849,0.10766666666666667,0.07340674007340674,0.17692692692692685,0.163,0.11678345011678344,0.2602602602602602,-2.3219227415970227,-2.473102967923481
2016-08-30,student,0.987,1.0,0.1434768101434768,1.4567155063522326,0.11900000000000001,0.07340674007340674,0.17684351017684352,0.18466666666666667,0.11678345011678344,0.2602602602602602,-2.395661093556218,-2.5920762693143207
2016-08-31,student,0.984,1.0,0.1434768101434768,0.11261254738279253,0.12766666666666665,0.07340674007340674,0.17684351017684352,0.19600000000000004,0.11678345011678344,0.2602602602602602,-2.490955173152444,-2.715123534759047
2016-09-01,student,0.98,1.0,0.1434768101434768,0.5039725355598674,0.13799999999999998,0.07340674007340674,0.17692692692692685,0.19899999999999998,0.11678345011678344,0.2602602602602602,-2.338007252750432,-2.5238132606330264
2016-09-02,student,0.98,1.0,0.14681348014681347,0.26564809734921,0.12999999999999998,0.07340674007340674,0.18018018018018014,0.18400000000000002,0.11678345011678344,0.2602602602602602,-2.2982475983583432,-2.4752042278970707
2016-09-06,student,0.98,1.0,0.14681348014681347,3.0177101396034347,0.11199999999999999,0.07340674007340674,0.17692692692692685,0.165,0.11678345011678344,0.2602602602602602,-2.158700652583398,-2.3262043522167724
2016-09-07,student,0.984,1.0,0.14681348014681347,0.6736367973966024,0.144,0.07340674007340674,0.17684351017684352,0.20366666666666666,0.11678345011678344,0.2602602602602602,-2.6770885367571053,-2.8792412514091765
2016-09-08,student,0.98,1.0,0.1434768101434768,0.10128419315123505,0.13,0.0767434100767434,0.18018018018018014,0.19000000000000003,0.11678345011678344,0.2602602602602602,-2.3207651434589223,-2.494477504485133
2016-09-09,student,0.983,0.998,0.15015015015015012,-1.4980334238811799,0.12033333333333333,0.07340674007340674,0.17684351017684352,0.19833333333333333,0.12012012012012012,0.2602602602602602,-2.275716862291579,-2.4774339128659566
2016-09-12,student,0.969,1.0,0.13680347013680347,-1.8453295606908224,0.13699999999999998,0.07340674007340674,0.17692692692692685,0.20400000000000004,0.12012012012012012,0.26359693026359693,-2.4435669954551438,-2.6516420034453363
2016-09-14,student,0.989,1.0,0.15015015015015012,0.31304897053881,0.11966666666666666,0.07665999332665999,0.17692692692692685,0.17466666666666666,0.11011011011011011,0.2502502502502502,-2.555208847789284,-2.755482836937605
2016-09-15,student,0.984,1.0,0.14681348014681347,-0.21199832179334502,0.11299999999999999,0.07340674007340674,0.17692692692692685,0.15466666666666665,0.11011011011011011,0.2502502502502502,-2.3644692237651097,-2.5245084679028946
2016-09-16,student,0.987,1.0,0.14681348014681347,-0.20264830637405998,0.11766666666666666,0.07340674007340674,0.17692692692692685,0.16366666666666665,0.11011011011011011,0.2502502502502502,-2.3213036063644044,-2.481370778135572
2016-09-19,student,0.989,1.0,0.1434768101434768,0.424584263306245,0.12066666666666666,0.07340674007340674,0.17684351017684352,0.16433333333333333,0.11011011011011011,0.2502502502502502,-2.335639788105771,-2.4874664704655296
2016-09-20,student,0.99,1.0,0.15015015015015012,-0.9006484451756249,0.123,0.07340674007340674,0.17684351017684352,0.169,0.11011011011011011,0.2469969969969969,-2.229969042130244,-2.3859627562568986
2016-09-21,student,0.991,1.0,0.15015015015015012,0.15209057185878497,0.11266666666666668,0.07665999332665999,0.17692692692692685,0.16266666666666665,0.11011011011011011,0.2502502502502502,-2.2725669139123066,-2.4475707965567084
2016-09-22,student,0.984,1.0,0.15015015015015012,1.0413394152037976,0.122,0.07340674007340674,0.17684351017684352,0.17633333333333331,0.11011011011011011,0.2502502502502502,-2.268011954035367,-2.4422478876695477
2016-09-23,student,0.984,1.0,0.15015015015015012,-0.9454589457727625,0.10700000000000003,0.07340674007340674,0.17684351017684352,0.15933333333333335,0.11011011011011011,0.2502502502502502,-2.218511245783631,-2.393473735807128
2016-09-26,student,0.984,1.0,0.15015015015015012,-1.759721060454885,0.11833333333333333,0.07340674007340674,0.17684351017684352,0.16066666666666665,0.11011011011011011,0.2502502502502502,-2.278132734356236,-2.4213616081737355
2016-09-27,student,0.984,1.0,0.15015015015015015,-0.1975574239769825,0.10066666666666667,0.07340674007340674,0.17684351017684352,0.146,0.11011011011011011,0.2502502502502502,-2.4072993135986804,-2.550688337486977
2016-09-28,student,0.959,1.0,0.14347681014347682,0.5442568485362574,0.13999999999999999,0.0767434100767434,0.18018018018018014,0.20533333333333334,0.11011011011011011,0.2502502502502502,-2.411466635996798,-2.615736782319834
2016-09-29,student,0.975,1.0,0.15348682015348683,-1.7775473243768825,0.11733333333333333,0.07340674007340674,0.17684351017684352,0.17233333333333334,0.12012012012012012,0.2602602602602602,-2.181468093116576,-2.359291802411252
2016-09-30,student,0.988,1.0,0.15682349015682348,0.6706902639377725,0.13066666666666665,0.07340674007340674,0.17684351017684352,0.18999999999999997,0.11011011011011011,0.2502502502502502,-2.4505700026650765,-2.6545652920585154
2016-10-03,student,0.902,0.942,0.15682349015682348,0.7516780231506375,0.11933333333333333,0.07665999332665999,0.17684351017684352,0.18466666666666667,0.11011011011011011,0.2535869202535869,-2.3207905987539745,-2.5325172585471436
2016-10-04,student,0.99,1.0,0.15682349015682348,0.875905904991845,0.125,0.07340674007340674,0.17684351017684352,0.17500000000000002,0.11011011011011011,0.2502502502502502,-2.2558700416862076,-2.4230512413744556
2016-10-05,student,0.996,1.0,0.15682349015682348,0.663287191046315,0.12133333333333333,0.07665999332665999,0.18018018018018014,0.17666666666666667,0.11011011011011011,0.2502502502502502,-2.246539597105344,-2.42439446451745
2016-10-06,student,0.99,1.0,0.15015015015015012,-0.7164479478530599,0.11866666666666666,0.07340674007340674,0.17684351017684352,0.168,0.11011011011011011,0.2502502502502502,-2.2829020930850716,-2.4624315487266273
2016-10-07,student,0.98,1.0,0.15015015015015012,0.2537769459261425,0.11433333333333333,0.07340674007340674,0.17684351017684352,0.16433333333333333,0.11011011011011011,0.2502502502502502,-2.3193454346557334,-2.4767809636848352
2016-10-10,student,0.989,1.0,0.15015015015015012,0.028990907200802496,0.11733333333333335,0.07340674007340674,0.17684351017684352,0.17166666666666666,0.11011011011011011,0.2502502502502502,-2.3564515103465236,-2.5518574737623667
2016-10-13,student,0.989,1.0,0.15015015015015012,-1.3311853418650323,0.11433333333333333,0.07340674007340674,0.17684351017684352,0.16766666666666666,0.11011011011011011,0.24691358024691357,-2.2907164024183073,-2.443281881363707
2016-10-14,student,0.989,1.0,0.15015015015015012,-0.43176346115301256,0.13999999999999999,0.07340674007340674,0.17684351017684352,0.19766666666666666,0.11011011011011011,0.2469969969969969,-2.6270744732080438,-2.8272229902466472
2016-10-17,student,0.979,1.0,0.1534868201534868,-0.18747080981937503,0.121,0.07340674007340674,0.17684351017684352,0.18633333333333332,0.11678345011678344,0.2602602602602602,-2.3668525009371866,-2.563380296702615
2016-10-18,student,0.979,1.0,0.15015015015015012,1.2568109167352826,0.125,0.07340674007340674,0.17684351017684352,0.18033333333333335,0.11011011011011011,0.2502502502502502,-2.3563883758657687,-2.552976811281526
2016-10-19,student,0.973,1.0,0.14681348014681347,-0.53212914067028,0.12466666666666666,0.07340674007340674,0.17684351017684352,0.18433333333333332,0.11011011011011011,0.2535869202535869,-2.3471926425026512,-2.5221874139459968
2016-10-20,student,0.975,1.0,0.14681348014681347,0.006277029728420036,0.11966666666666666,0.07340674007340674,0.17684351017684352,0.17033333333333334,0.11011011011011011,0.2535869202535869,-2.216932285508633,-2.3906701781461837
2016-10-21,student,0.972,1.0,0.14681348014681347,0.357127892115105,0.12533333333333332,0.07340674007340674,0.17684351017684352,0.18366666666666664,0.11011011011011011,0.25033366700033355,-2.2224280878482294,-2.394497145655639
2016-10-24,student,0.974,1.0,0.14681348014681347,0.764512144275415,0.124,0.07340674007340674,0.17684351017684352,0.17866666666666667,0.11011011011011011,0.2535869202535869,-2.2063289258466754,-2.3970692678457137
2016-10-25,student,0.975,1.0,0.14681348014681347,-1.13056524674477,0.11766666666666666,0.07340674007340674,0.17684351017684352,0.18333333333333335,0.1200367033700367,0.2669336002669336,-2.2364638538827415,-2.431657484516267
2016-10-26,student,0.974,1.0,0.14681348014681347,-1.1157749857677073,0.11866666666666666,0.07340674007340674,0.17684351017684352,0.16766666666666666,0.11011011011011011,0.2535869202535869,-2.2632685684355986,-2.4234557491779984
2016-10-27,student,0.989,1.0,0.15015015015015012,-1.049281460739155,0.13133333333333333,0.07340674007340674,0.17684351017684352,0.17566666666666667,0.11011011011011011,0.2502502502502502,-2.6855595127463623,-2.8917314778419434
2016-10-28,student,0.983,1.0,0.15015015015015012,0.6982416299158626,0.11666666666666665,0.07340674007340674,0.17684351017684352,0.16699999999999995,0.11011011011011011,0.25033366700033355,-2.3437999585523817,-2.5143672709214386
2016-11-01,student,0.982,1.0,0.15015015015015012,-0.23772778606956246,0.124,0.07340674007340674,0.17684351017684352,0.17733333333333334,0.11011011011011011,0.2502502502502502,-2.2792006212092977,-2.449277462032119
2016-11-02,student,0.983,1.0,0.15015015015015012,-1.6419231802229226,0.126,0.07340674007340674,0.17692692692692685,0.17633333333333331,0.11011011011011011,0.2502502502502502,-2.248823112644833,-2.4070467696503
2016-11-03,student,0.988,1.0,0.14681348014681347,-1.11014261870712,0.11833333333333333,0.07340674007340674,0.17684351017684352,0.17,0.11011011011011011,0.2502502502502502,-2.543161551063958,-2.764192514654451
2016-11-04,student,0.975,1.0,0.14681348014681347,0.17800416819713502,0.126,0.07340674007340674,0.17684351017684352,0.17633333333333331,0.1200367033700367,0.2669336002669336,-2.3536708767039167,-2.543274522618093
2016-11-07,student,0.988,1.0,0.15015015015015012,0.5732200511262349,0.15066666666666667,0.07340674007340674,0.17684351017684352,0.22366666666666668,0.11678345011678344,0.2602602602602602,-2.3837660567143932,-2.5709224676548867
2016-11-08,student,0.977,1.0,0.15015015015015012,1.938000089957845,0.123,0.07340674007340674,0.17684351017684352,0.19633333333333333,0.11678345011678344,0.2602602602602602,-2.346257889502989,-2.5710446370381725
2016-11-09,student,0.988,1.0,0.15682349015682348,-0.70832865182576,0.12833333333333333,0.07340674007340674,0.17684351017684352,0.19833333333333333,0.12012012012012012,0.26368034701368026,-2.446222118981158,-2.6675891562313887
2016-11-10,student,0.88,0.897,0.15682349015682348,1.1838636837339849,0.11499999999999999,0.07007007007007007,0.1701701701701702,0.16733333333333333,0.11011011011011011,0.2502502502502502,-2.365150104012824,-2.56520812203121
2016-11-11,bb7,0.852,0.912,0.16016016016016016,-3.01507737995288,0.10733333333333334,0.07007007007007007,0.1701701701701702,0.17,0.11344678011344678,0.2502502502502502,-2.4763853658731296,-2.684361089279082
2016-11-15,bb7,0.862,0.88,0.15682349015682348,-1.9475966967677174,0.12366666666666666,0.07007007007007007,0.17025358692025352,0.17833333333333332,0.11344678011344678,0.2535869202535869,-2.86349623250277,-3.1048054928465327
2016-11-16,bb7,0.975,0.998,0.1434768101434768,0.5348230461450575,0.123,0.07332332332332332,0.17350684017350684,0.18566666666666665,0.11344678011344678,0.2502502502502502,-3.460676431412108,-3.746035051761324
2016-11-17,bb7,0.875,0.986,0.14681348014681347,0.5885108296320251,0.11533333333333333,0.07007007007007007,0.1701701701701702,0.17733333333333334,0.11336336336336336,0.2502502502502502,-3.2908818171526675,-3.54580209523726
2016-11-18,bb7,0.866,0.985,0.15348682015348683,-0.7712931020022924,0.11166666666666668,0.07007007007007007,0.1701701701701702,0.17200000000000001,0.11336336336336336,0.2502502502502502,-3.2108362412347535,-3.439777476787277
2016-11-21,bb7,0.979,0.999,0.1434768101434768,-2.9036757512062126,0.12666666666666668,0.07007007007007007,0.1701701701701702,0.17400000000000002,0.11011011011011011,0.24691358024691357,-2.4781473846305797,-2.678048466493262
2016-11-22,bb7,0.881,0.988,0.15348682015348683,1.1981108945648775,0.118,0.07007007007007007,0.1701701701701702,0.17900000000000002,0.11011011011011011,0.2502502502502502,-3.4151630024385375,-3.676103136844281
2016-11-23,bb7,0.891,0.988,0.14681348014681347,1.0032100201750775,0.10733333333333334,0.07007007007007007,0.17025358692025352,0.16333333333333333,0.11336336336336336,0.2502502502502502,-3.211238539817248,-3.4725385607740984
2016-11-24,bb7,0.983,1.0,0.14014014014014012,-0.6271599650405999,0.123,0.07007007007007007,0.17025358692025352,0.17933333333333334,0.11336336336336336,0.2502502502502502,-2.6696888691220937,-2.911678888444855
2016-11-25,bb7,0.904,0.988,0.1534868201534868,1.3777894413054501,0.11366666666666668,0.07007007007007007,0.1701701701701702,0.17499999999999996,0.11344678011344678,0.2502502502502502,-3.1103620281769837,-3.4015182295986945
2016-11-28,bb7,0.978,0.998,0.1534868201534868,-0.4050368981034075,0.12566666666666668,0.07007007007007007,0.1701701701701702,0.19699999999999998,0.11344678011344678,0.2569235902569236,-3.2835244066636715,-3.5603265172629825
2016-11-29,bb7,0.894,0.988,0.15682349015682348,-0.13964838519697254,0.11966666666666666,0.07007007007007007,0.1701701701701702,0.18566666666666665,0.11344678011344678,0.25033366700033355,-3.0111660538965626,-3.293966370631915
2016-11-30,bb7,0.978,0.998,0.1534868201534868,0.9355691468579749,0.137,0.07007007007007007,0.17350684017350682,0.19733333333333333,0.11344678011344678,0.2535869202535869,-3.022741869013367,-3.275704685337913
2016-12-01,bb7,0.844,0.977,0.15682349015682348,-0.7518074694247422,0.12899999999999998,0.07007007007007007,0.1701701701701702,0.19633333333333333,0.11344678011344678,0.2535869202535869,-2.8930103299667955,-3.1368570274364145
2016-12-02,bb7,0.978,0.998,0.1534868201534868,-1.8021138665149148,0.11599999999999999,0.07007007007007007,0.17350684017350682,0.18633333333333332,0.11344678011344678,0.25367033700367025,-2.8668370169453503,-3.097046747266162
2016-12-05,bb7,0.986,1.0,0.14681348014681347,0.9680632804142251,0.12866666666666668,0.07007007007007007,0.17025358692025352,0.18633333333333332,0.11011011011011011,0.2502502502502502,-2.702924502440308,-2.9311455369996184
2016-12-06,bb7,0.988,1.0,0.14681348014681347,0.17644015428289495,0.13399999999999998,0.07007007007007007,0.17350684017350682,0.19566666666666666,0.11011011011011011,0.2502502502502502,-2.6051288105141537,-2.8333895877031083
2016-12-07,bb7,0.988,1.0,0.14681348014681347,-0.17174584538926246,0.11299999999999999,0.07007007007007007,0.1701701701701702,0.17366666666666664,0.11011011011011011,0.2469969969969969,-2.3043616272426144,-2.4550499239525534
2016-12-08,bb7,0.978,1.0,0.14681348014681347,2.05535689908182,0.11733333333333333,0.07007007007007007,0.1701701701701702,0.16933333333333334,0.11011011011011011,0.2502502502502502,-2.3471398782961614,-2.5335629567440257
2016-12-09,bb7,0.981,1.0,0.1434768101434768,0.9585214141614675,0.12066666666666669,0.07007007007007007,0.17350684017350682,0.17,0.11344678011344678,0.2502502502502502,-2.4070877330325895,-2.6078949115099546
2016-12-12,bb7,0.983,1.0,0.15015015015015012,-1.4870655009959748,0.10833333333333334,0.07007007007007007,0.17025358692025352,0.15866666666666665,0.11011011011011011,0.25033366700033355,-2.2445865396012965,-2.411736883918771
2016-12-13,bb7,0.986,1.0,0.16016016016016016,1.3973378839888275,0.11666666666666665,0.07007007007007007,0.17350684017350682,0.17833333333333332,0.11011011011011011,0.2502502502502502,-2.6209743885490258,-2.825349770597522
2016-12-14,bb7,0.979,1.0,0.16016016016016016,-0.2598921830546824,0.128,0.07007007007007007,0.17350684017350682,0.20033333333333334,0.11011011011011011,0.2502502502502502,-2.5781813017534554,-2.7797642321608844
2016-12-15,student,0.749,0.933,0.15682349015682348,-0.61369424330607,0.125,0.07007007007007007,0.17350684017350684,0.18000000000000002,0.11344678011344678,0.2535869202535869,-2.568902245659957,-2.7679463329261615
2016-12-16,student,0.977,1.0,0.14681348014681347,0.8179990461305626,0.11366666666666668,0.07007007007007007,0.17350684017350682,0.17200000000000001,0.11011011011011011,0.2502502502502502,-2.35512821946813,-2.525266531674251
2016-12-19,student,0.986,1.0,0.14681348014681347,-0.628311520411985,0.116,0.07332332332332332,0.17350684017350684,0.163,0.11344678011344678,0.25033366700033355,-2.2893927348876915,-2.472403132327523
2016-12-20,student,0.986,1.0,0.14681348014681347,-0.6608492755696049,0.11533333333333334,0.07007007007007007,0.17350684017350684,0.16533333333333333,0.11344678011344678,0.25033366700033355,-2.272401243354859,-2.4317614153847744
2016-12-21,student,0.967,1.0,0.1434768101434768,-0.5755701652474026,0.13266666666666665,0.07007007007007007,0.17350684017350682,0.18466666666666667,0.11011011011011011,0.2502502502502502,-2.3009729318837997,-2.471608766846935
2016-12-22,student,0.982,1.0,0.14681348014681347,-1.2227067514769074,0.13066666666666668,0.07007007007007007,0.1701701701701702,0.18100000000000002,0.11011011011011011,0.2502502502502502,-2.3598304171835682,-2.5412806424502996
2016-12-23,student,0.988,1.0,0.16016016016016016,-0.10359370945203748,0.13399999999999998,0.07007007007007007,0.17025358692025352,0.19666666666666668,0.11011011011011011,0.2502502502502502,-2.4714455804512436,-2.6616309363733737
2016-12-26,student,0.87,0.977,0.1534868201534868,-0.6821014354885799,0.13733333333333334,0.07340674007340674,0.17359025692359017,0.19766666666666666,0.11344678011344678,0.2535869202535869,-2.369424054737709,-2.561402663775522
2016-12-27,student,0.989,1.0,0.16016016016016016,1.51615668303211,0.114,0.07340674007340674,0.1801801801801802,0.17699999999999996,0.12012012012012012,0.26359693026359693,-2.3711125761136427,-2.5565107764916437
2016-12-28,student,0.989,1.0,0.15682349015682348,-0.1956928177309925,0.12266666666666666,0.07340674007340674,0.1801801801801802,0.18166666666666664,0.12012012012012012,0.26359693026359693,-2.3054751506434075,-2.493344583895212
2016-12-29,student,0.867,0.988,0.15015015015015012,0.491244562478335,0.11666666666666665,0.0767434100767434,0.1801801801801802,0.16633333333333333,0.12012012012012012,0.26359693026359693,-2.338993692163392,-2.5015627179062787
2016-12-30,student,0.872,0.988,0.15015015015015012,1.0086501704564976,0.13466666666666666,0.0767434100767434,0.1801801801801802,0.211,0.12012012012012012,0.26368034701368026,-2.4146535372981317,-2.6211492518651798
2017-01-02,student,0.872,0.988,0.15015015015015012,-0.15001824185318258,0.12566666666666668,0.07340674007340674,0.1801801801801802,0.18333333333333335,0.12012012012012012,0.26368034701368026,-2.282554013237835,-2.4721547976197726
2017-01-03,student,0.873,0.988,0.15015015015015012,-0.22000725127159754,0.128,0.07340674007340674,0.1801801801801802,0.19733333333333336,0.12337337337337337,0.2669336002669336,-2.3785575090753017,-2.561192431805307
2017-01-04,student,0.874,0.988,0.15015015015015012,-0.07012582814565255,0.12733333333333333,0.07340674007340674,0.1801801801801802,0.18866666666666668,0.12337337337337337,0.2669336002669336,-2.2776605711506854,-2.4356197139696643
2017-01-05,student,0.986,1.0,0.1434768101434768,1.34361657401282,0.12366666666666666,0.07340674007340674,0.1801801801801802,0.17666666666666667,0.12012012012012012,0.26359693026359693,-2.323164349674347,-2.477956414064517
2017-01-06,bb7,0.981,0.999,0.1434768101434768,-0.753165841365675,0.112,0.07007007007007007,0.1768435101768435,0.17133333333333334,0.11336336336336336,0.2502502502502502,-2.2739724685319556,-2.4419566171821803
2017-01-09,bb7,0.859,0.975,0.15015015015015012,0.10690630768395248,0.11266666666666668,0.07332332332332332,0.17359025692359017,0.17300000000000001,0.11344678011344678,0.2535869202535869,-2.2839944375301955,-2.4450889034168033
2017-01-10,bb7,0.874,0.977,0.15015015015015012,0.9083489154604174,0.136,0.07332332332332332,0.1768435101768435,0.18299999999999997,0.11344678011344678,0.2535869202535869,-2.235267394696231,-2.399005296558162
2017-01-11,bb7,0.982,1.0,0.1434768101434768,0.819591951141485,0.11633333333333333,0.07332332332332332,0.1768435101768435,0.17033333333333334,0.11011011011011011,0.2502502502502502,-2.2360258433289295,-2.3758965347245984
2017-01-12,student,0.988,1.0,0.14681348014681347,0.18054934731048244,0.12966666666666668,0.07332332332332332,0.1768435101768435,0.19699999999999998,0.11011011011011011,0.2502502502502502,-2.316417573923684,-2.504920541802072
2017-01-13,bb7,0.861,0.977,0.15015015015015012,-0.7511245779695375,0.12366666666666666,0.07340674007340674,0.17692692692692685,0.18133333333333335,0.11344678011344678,0.2535869202535869,-2.3090347530283135,-2.474075596578894
2017-01-16,bb7,0.872,0.978,0.1434768101434768,0.4980656483688401,0.12333333333333334,0.07340674007340674,0.17350684017350684,0.19299999999999998,0.11344678011344678,0.2535869202535869,-2.2878982452454317,-2.444836987356276
2017-01-17,bb7,0.868,0.977,0.14681348014681347,0.2834741717733525,0.113,0.07332332332332332,0.17350684017350682,0.168,0.11344678011344678,0.2535869202535869,-2.1868418055852947,-2.3385062429916617
2017-01-18,bb7,0.895,0.988,0.14681348014681347,0.7604541200288375,0.12366666666666666,0.07340674007340674,0.1801801801801802,0.19033333333333333,0.12012012012012012,0.26359693026359693,-2.242286314739851,-2.437514917654099
2017-01-19,student,0.902,0.989,0.1434768101434768,0.48827684952934247,0.1376666666666667,0.07340674007340674,0.1801801801801802,0.22133333333333335,0.12012012012012012,0.26359693026359693,-2.4147249013572307,-2.646472761880462
2017-01-20,bb7,0.9,0.989,0.1434768101434768,-1.3546735096056626,0.11733333333333333,0.07340674007340674,0.1801801801801802,0.18633333333333332,0.12012012012012012,0.26359693026359693,-2.2797541680112103,-2.485038821253342
2017-01-23,bb7,0.895,0.988,0.1434768101434768,0.9184486831073775,0.12166666666666666,0.07340674007340674,0.1801801801801802,0.18033333333333332,0.12012012012012012,0.26359693026359693,-2.2837513059193033,-2.4713157203213183
2017-01-24,student,0.941,0.998,0.1434768101434768,0.2377586410534575,0.13066666666666668,0.07340674007340674,0.18026359693026353,0.19766666666666666,0.12012012012012012,0.2669336002669336,-2.244166840968416,-2.4240169001281116
2017-01-25,student,0.939,0.998,0.1434768101434768,0.7733275364036876,0.12466666666666666,0.07340674007340674,0.18026359693026353,0.19200000000000003,0.12012012012012012,0.26359693026359693,-2.261427524599565,-2.429580831753616
2017-01-27,student,0.94,0.996,0.1434768101434768,0.13478177919578002,0.12366666666666666,0.07340674007340674,0.18026359693026353,0.17366666666666664,0.12012012012012012,0.26359693026359693,-2.2247268416578008,-2.4003959787654403
2017-01-30,student,0.915,0.99,0.1434768101434768,-0.5647127141155924,0.14066666666666666,0.07340674007340674,0.1801801801801802,0.21933333333333335,0.12012012012012012,0.26359693026359693,-2.3014288297558427,-2.508952376135626
2017-01-31,student,0.922,0.991,0.1434768101434768,-1.2560382933932275,0.118,0.07340674007340674,0.1801801801801802,0.17766666666666664,0.12012012012012012,0.26359693026359693,-2.3099290057984176,-2.491073902049271
2017-02-01,student,0.998,1.0,0.15015015015015012,1.4914073854492926,0.13966666666666666,0.07340674007340674,0.1801801801801802,0.204,0.12012012012012012,0.26359693026359693,-2.3276242466295396,-2.5042034552753414
2017-02-02,student,0.983,0.999,0.13680347013680347,-0.0022372014189625256,0.11533333333333333,0.07340674007340674,0.17025358692025352,0.165,0.11011011011011011,0.2502502502502502,-2.3970611227786214,-2.56661043331352
2017-02-03,student,0.989,1.0,0.1668335001668335,0.10021018759336492,0.11833333333333333,0.07340674007340674,0.1701701701701702,0.163,0.11336336336336336,0.2535869202535869,-2.3532327858691953,-2.5044034112359936
2017-02-06,student,0.998,1.0,0.16349683016349684,0.4029342301056475,0.12033333333333335,0.07332332332332332,0.1701701701701702,0.18333333333333335,0.11011011011011011,0.2502502502502502,-2.317351932799609,-2.4818462142450346
2017-02-07,student,0.998,1.0,0.16016016016016016,-0.8139275590794476,0.11966666666666666,0.07340674007340674,0.1768435101768435,0.16366666666666665,0.11011011011011011,0.2502502502502502,-2.2627720717440396,-2.4264336612304236
2017-02-08,student,0.927,0.99,0.1434768101434768,0.02301438181618251,0.11433333333333334,0.07332332332332332,0.17025358692025352,0.16333333333333333,0.11011011011011011,0.2502502502502502,-2.3595286572695136,-2.512948064800776
2017-02-09,student,0.999,1.0,0.1634968301634968,0.0559633559954075,0.13399999999999998,0.07340674007340674,0.1701701701701702,0.19533333333333336,0.11011011011011011,0.24691358024691357,-2.4324346439111086,-2.615689080217841
2017-02-10,student,0.999,1.0,0.1634968301634968,0.47078570124246494,0.127,0.07340674007340674,0.17359025692359017,0.17600000000000002,0.11011011011011011,0.24691358024691357,-2.3086142773187976,-2.459544605099295
2017-02-13,student,0.999,1.0,0.1634968301634968,0.10546879215983257,0.118,0.07340674007340674,0.17025358692025352,0.16666666666666666,0.11011011011011011,0.24691358024691357,-2.273379616777067,-2.446112684223587
2017-02-14,bb7,0.999,1.0,0.16683350016683351,-1.64012540583209,0.10966666666666665,0.07340674007340674,0.1701701701701702,0.15233333333333335,0.11011011011011011,0.24691358024691357,-2.2858197427125444,-2.427830254147052
2017-02-15,student,0.999,1.0,0.15348682015348683,-2.6941048928316276,0.125,0.07332332332332332,0.1701701701701702,0.17800000000000002,0.11011011011011011,0.24691358024691357,-2.4635093492961277,-2.657772508374641
2017-02-16,student,0.994,1.0,0.1434768101434768,1.3282230798236074,0.12533333333333332,0.07340674007340674,0.1701701701701702,0.18699999999999997,0.11011011011011011,0.2435769102435769,-3.84817099213243,-4.046174931807271
2017-02-17,student,0.993,1.0,0.14014014014014012,-0.16184451994494747,0.10766666666666667,0.07340674007340674,0.1701701701701702,0.15466666666666665,0.11011011011011011,0.24691358024691357,-2.7793834764270304,-2.956846922711982
2017-02-20,student,0.992,1.0,0.14014014014014012,0.8071159996733375,0.11133333333333334,0.07007007007007007,0.1701701701701702,0.17066666666666666,0.11011011011011011,0.24691358024691357,-2.311976925378175,-2.491103702959198
2017-02-21,student,0.983,0.999,0.14014014014014012,0.5966268795712575,0.122,0.07007007007007007,0.1701701701701702,0.18766666666666665,0.11011011011011011,0.24691358024691357,-2.2666972782403527,-2.423432114570178
2017-02-22,student,0.981,0.999,0.14014014014014012,-0.3211192581715274,0.10833333333333332,0.07007007007007007,0.1701701701701702,0.16666666666666666,0.11011011011011011,0.24691358024691357,-2.1634216372748196,-2.3297320594572355
2017-02-23,student,0.985,0.999,0.14014014014014012,0.25072300141930504,0.12533333333333332,0.07332332332332332,0.17350684017350682,0.18533333333333335,0.11011011011011011,0.24691358024691357,-2.2375568109616046,-2.3915317581717965
2017-02-27,student,0.984,0.999,0.14014014014014012,-0.12590652724395,0.12666666666666668,0.07340674007340674,0.1701701701701702,0.18566666666666667,0.11011011011011011,0.24691358024691357,-2.2208478572079975,-2.3714288072656875
2017-02-28,student,0.979,0.999,0.14014014014014012,0.01510641812159251,0.12066666666666666,0.07007007007007007,0.17350684017350682,0.16866666666666666,0.11011011011011011,0.24691358024691357,-2.210210355987191,-2.3509982274191863
2017-03-01,student,0.978,0.999,0.14014014014014012,0.42142281099347007,0.11466666666666665,0.07340674007340674,0.1701701701701702,0.16866666666666666,0.11011011011011011,0.24691358024691357,-2.1427258399984153,-2.318273486097083
2017-03-02,student,0.977,0.999,0.1434768101434768,0.2713858001260524,0.11866666666666666,0.07340674007340674,0.1701701701701702,0.16533333333333333,0.11011011011011011,0.24691358024691357,-2.2746824528818634,-2.433201370820263
2017-03-03,student,0.979,0.999,0.1434768101434768,-0.12397714577972252,0.12233333333333334,0.07332332332332331,0.17017017017017014,0.167,0.11011011011011011,0.24691358024691357,-2.2252856451302834,-2.3736176070510524
2017-03-06,student,0.978,0.999,0.1434768101434768,0.9812624920968874,0.11833333333333333,0.07332332332332331,0.1701701701701702,0.16866666666666666,0.11011011011011011,0.24691358024691357,-2.230569948542409,-2.3730551632842816
2017-03-07,student,0.98,0.999,0.1434768101434768,-0.7372037930601649,0.10966666666666668,0.07007007007007007,0.17017017017017014,0.16133333333333333,0.11011011011011011,0.24691358024691357,-2.2009197443481363,-2.36856754792413
2017-03-08,student,0.98,0.999,0.1434768101434768,-0.37742863798729254,0.12633333333333333,0.07007007007007007,0.17017017017017014,0.17899999999999996,0.1100266933600267,0.24691358024691357,-2.212612407040829,-2.377257985095624
2017-03-09,student,0.985,1.0,0.14014014014014012,0.63048840268081,0.10433333333333332,0.07332332332332331,0.17017017017017014,0.159,0.11011011011011011,0.24691358024691357,-2.1501660094816706,-2.2846466325707024
2017-03-10,student,0.984,1.0,0.14681348014681347,0.36367891522032253,0.122,0.07340674007340674,0.1701701701701702,0.17400000000000002,0.11011011011011011,0.24691358024691357,-2.1334139950272384,-2.2873318052564935
2017-03-14,student,0.985,1.0,0.1434768101434768,1.6648529015044424,0.123,0.07340674007340674,0.1701701701701702,0.18233333333333332,0.11011011011011011,0.24691358024691357,-2.137872882751175,-2.2888337174383553
2017-03-15,student,0.985,1.0,0.14014014014014012,-0.48268252101578507,0.11666666666666665,0.07332332332332331,0.1701701701701702,0.18133333333333335,0.11011011011011011,0.24691358024691357,-2.472981968434226,-2.6650165792699116
2017-03-16,student,0.984,0.999,0.14014014014014012,1.13988275365805,0.10799999999999998,0.07340674007340674,0.1701701701701702,0.15866666666666665,0.11011011011011011,0.24691358024691357,-2.317186343415509,-2.4935267206309626
2017-03-17,student,0.98,0.999,0.14014014014014012,-0.521879646985745,0.11599999999999999,0.07340674007340674,0.17025358692025352,0.16466666666666666,0.11011011011011011,0.24691358024691357,-2.334764521241813,-2.4706333020523936
2017-03-20,student,0.981,0.999,0.1434768101434768,-0.6187953111130925,0.11066666666666665,0.07340674007340674,0.1701701701701702,0.16666666666666666,0.11011011011011011,0.24691358024691357,-2.2327552592219444,-2.3900428947014505
2017-03-21,student,0.988,0.999,0.1434768101434768,0.15465391752189497,0.12266666666666666,0.07340674007340674,0.1701701701701702,0.18800000000000003,0.1100266933600267,0.24691358024691357,-2.212051018704634,-2.3725898273777464
2017-03-22,student,0.986,1.0,0.1434768101434768,-1.2744760760228926,0.12166666666666666,0.07340674007340674,0.1701701701701702,0.19066666666666668,0.11011011011011011,0.24691358024691357,-2.2199141706017325,-2.403314045812925
2017-03-23,student,0.986,0.999,0.1434768101434768,1.0167749311288174,0.12433333333333334,0.07332332332332331,0.1701701701701702,0.18099999999999997,0.10677344010677343,0.24691358024691357,-2.3902045391249094,-2.5821869986641333
2017-03-24,student,0.98,0.999,0.14014014014014012,0.3331411427064324,0.12366666666666666,0.07007007007007007,0.1701701701701702,0.18400000000000002,0.1100266933600267,0.24691358024691357,-2.3177156010792492,-2.5050536775439625
2017-03-27,student,0.985,1.0,0.14681348014681347,-0.1375700353592,0.11333333333333334,0.07007007007007007,0.1701701701701702,0.16233333333333333,0.11011011011011011,0.24691358024691357,-2.2207394697269964,-2.3568236139699428
2017-03-28,student,0.99,1.0,0.14681348014681347,0.9160455580785025,0.11533333333333333,0.07007007007007007,0.17025358692025352,0.169,0.11011011011011011,0.24691358024691357,-2.1663379104974614,-2.315739936839139
2017-03-29,student,0.977,0.999,0.1434768101434768,0.5590019308974751,0.12266666666666666,0.07007007007007007,0.1701701701701702,0.18766666666666668,0.11011011011011011,0.24691358024691357,-2.2309364994624175,-2.40679513732828
2017-03-30,student,0.912,0.999,0.14014014014014012,0.21686233953480002,0.12266666666666666,0.07007007007007007,0.1701701701701702,0.19000000000000003,0.11678345011678344,0.2535869202535869,-2.202169970042687,-2.39576987524816
2017-03-31,student,0.974,0.999,0.1434768101434768,-0.21823092645696,0.12133333333333333,0.07340674007340674,0.1701701701701702,0.18333333333333335,0.11011011011011011,0.24691358024691357,-2.1972344971385165,-2.350636764401543
2017-04-03,student,0.974,0.999,0.1434768101434768,0.1334222904535125,0.13499999999999998,0.07007007007007007,0.1701701701701702,0.18600000000000003,0.11011011011011011,0.2469969969969969,-2.224131807422307,-2.3918448795550007
2017-04-05,student,0.966,0.999,0.1434768101434768,0.5953762663574975,0.11333333333333334,0.07007007007007007,0.1701701701701702,0.164,0.11011011011011011,0.2469969969969969,-2.1357333156635994,-2.299412831099764
2017-04-06,student,0.969,0.999,0.1434768101434768,-0.32434164598461246,0.134,0.07007007007007007,0.1701701701701702,0.19933333333333336,0.11011011011011011,0.24691358024691357,-2.2334157298512314,-2.4176164658330985
2017-04-07,student,0.972,0.999,0.1434768101434768,-1.2807157606993225,0.11966666666666666,0.07007007007007007,0.1701701701701702,0.18333333333333335,0.11011011011011011,0.24699699699699693,-2.1924976087643455,-2.35723159862247
2017-04-10,student,0.975,0.999,0.14681348014681347,-0.34702941828133743,0.11699999999999999,0.07007007007007007,0.1701701701701702,0.16866666666666666,0.11011011011011011,0.2502502502502502,-2.1554606821063,-2.299817005471785
2017-04-11,student,0.975,0.999,0.14681348014681347,0.5983089499049276,0.11566666666666668,0.07007007007007007,0.1701701701701702,0.18133333333333332,0.11011011011011011,0.24691358024691357,-2.166466753734262,-2.312202366218237
2017-04-12,student,0.976,1.0,0.15015015015015012,-0.7377529929498663,0.122,0.07007007007007007,0.1701701701701702,0.18033333333333332,0.11011011011011011,0.24691358024691357,-2.1208704175012345,-2.2783889869569465
2017-04-13,student,0.974,1.0,0.15682349015682348,-1.4725979799464826,0.12433333333333334,0.07007007007007007,0.1701701701701702,0.18499999999999997,0.11011011011011011,0.24699699699699693,-2.2638104931953484,-2.4482513803363273
2017-04-17,student,0.974,1.0,0.15015015015015012,-0.8134811479014874,0.11466666666666668,0.07007007007007007,0.17025358692025352,0.17766666666666664,0.11011011011011011,0.2502502502502502,-2.3159557390065033,-2.4871673713939133
2017-04-18,student,0.974,0.999,0.14681348014681347,-0.36999288425025745,0.11633333333333333,0.07007007007007007,0.1701701701701702,0.17333333333333334,0.11011011011011011,0.2502502502502502,-2.1741737955480263,-2.333457644900613
2017-04-19,student,0.974,1.0,0.15015015015015012,-0.7897256440544025,0.12466666666666666,0.07007007007007007,0.17350684017350684,0.18866666666666668,0.11011011011011011,0.2502502502502502,-2.1842203666387623,-2.3551581457731734
2017-04-20,student,0.968,1.0,0.15682349015682348,0.5319636930569376,0.11533333333333333,0.07332332332332332,0.17350684017350684,0.16533333333333333,0.11011011011011011,0.2502502502502502,-2.1311979030239945,-2.281567884025251
2017-04-21,bb7,0.975,1.0,0.15682349015682348,-0.7710846755577375,0.10433333333333333,0.07340674007340674,0.17359025692359017,0.15833333333333333,0.11011011011011011,0.2502502502502502,-2.095044026761014,-2.248224493627896
2017-04-24,student,0.975,1.0,0.16016016016016013,0.548425136374455,0.12033333333333333,0.07007007007007007,0.17350684017350682,0.18499999999999997,0.11011011011011011,0.2502502502502502,-2.1522926971214384,-2.314879618238764
2017-04-25,student,0.977,1.0,0.15682349015682348,0.708476949984995,0.122,0.07007007007007007,0.1701701701701702,0.18466666666666667,0.11011011011011011,0.2502502502502502,-2.1690383021627824,-2.346374869704553
2017-04-26,student,0.977,1.0,0.15682349015682348,0.3777271174916825,0.13033333333333333,0.07340674007340674,0.17350684017350684,0.18800000000000003,0.11336336336336336,0.2535869202535869,-2.2590120522270856,-2.451413241441007
2017-04-27,student,0.977,1.0,0.1534868201534868,0.3205873843953526,0.12,0.07007007007007007,0.17350684017350682,0.18200000000000002,0.11011011011011011,0.2535869202535869,-2.249413642324182,-2.4387759807225877
2017-04-28,student,0.978,1.0,0.1534868201534868,0.3686218587758575,0.126,0.07007007007007007,0.17350684017350682,0.20133333333333334,0.11011011011011011,0.2535869202535869,-2.262465653754625,-2.454670450830421
2017-05-02,student,0.979,1.0,0.1534868201534868,-0.63042403394063,0.128,0.07007007007007007,0.1701701701701702,0.18566666666666665,0.11011011011011011,0.2535869202535869,-2.212078389765011,-2.4122174142704833
2017-05-03,student,0.978,1.0,0.1534868201534868,0.34425492971567756,0.12933333333333333,0.07007007007007007,0.1701701701701702,0.18499999999999997,0.11011011011011011,0.2535869202535869,-2.2832748905833107,-2.4539739267209333
2017-05-04,student,0.978,1.0,0.1534868201534868,0.9034279817361726,0.13399999999999998,0.07007007007007007,0.1701701701701702,0.19699999999999998,0.11011011011011011,0.2535869202535869,-2.2414937011249823,-2.424112029025586
2017-05-05,bb7,0.979,1.0,0.15682349015682348,-1.4812265244417748,0.106,0.07007007007007007,0.1701701701701702,0.16466666666666666,0.11011011011011011,0.25033366700033355,-2.3209550545396396,-2.5161638453188955
2017-05-08,student,0.983,1.0,0.15682349015682348,0.8644181413128049,0.11199999999999999,0.07340674007340674,0.1701701701701702,0.17166666666666666,0.11011011011011011,0.2535869202535869,-2.61982880508789,-2.8268170191484727
2017-05-09,student,0.98,1.0,0.15015015015015012,-0.04209017524272246,0.12766666666666668,0.07007007007007007,0.1701701701701702,0.18233333333333335,0.11336336336336336,0.2535869202535869,-2.3075016956734236,-2.502435172292958
2017-05-10,student,0.994,1.0,0.15015015015015012,1.2043320639867974,0.10333333333333335,0.07332332332332332,0.1701701701701702,0.162,0.11011011011011011,0.2502502502502502,-2.1630792456958767,-2.33129057238498
2017-05-11,student,0.99,1.0,0.14681348014681347,-0.4077081960404775,0.10100000000000002,0.07340674007340674,0.1701701701701702,0.15633333333333335,0.11011011011011011,0.2503336670003336,-2.3930462881242223,-2.5702867285069133
2017-05-12,student,0.991,1.0,0.15682349015682348,0.74626588354867,0.12466666666666666,0.07332332332332332,0.1701701701701702,0.20033333333333334,0.11011011011011011,0.25367033700367025,-2.357084137105273,-2.547411673826017
2017-05-15,student,0.985,1.0,0.15682349015682348,0.09906857146341252,0.108,0.07340674007340674,0.17350684017350682,0.17366666666666666,0.11336336336336336,0.25367033700367025,-2.207879651990329,-2.3910436373268693
2017-05-16,student,0.99,1.0,0.1534868201534868,1.3314693360810774,0.11833333333333335,0.07340674007340674,0.17350684017350682,0.16966666666666666,0.11336336336336336,0.2569235902569236,-2.149900103533767,-2.3265362037135437
2017-05-17,student,0.988,1.0,0.1534868201534868,0.8469452008344776,0.11699999999999999,0.07340674007340674,0.17350684017350682,0.17733333333333334,0.11344678011344678,0.2569235902569236,-2.169195232115745,-2.351007747314702
2017-05-18,student,0.984,1.0,0.1534868201534868,-1.2585001661564374,0.12866666666666668,0.07340674007340674,0.17350684017350682,0.19833333333333333,0.11344678011344678,0.2569235902569236,-2.2878551513667014,-2.505658480426423
2017-05-19,student,0.979,1.0,0.15015015015015012,1.0648438816527175,0.12233333333333331,0.07340674007340674,0.17350684017350682,0.17766666666666664,0.11344678011344678,0.2570070070070069,-2.384563642398493,-2.5725390561224417
2017-05-22,student,0.979,1.0,0.15015015015015012,-0.4320569847953374,0.115,0.07340674007340674,0.17350684017350684,0.18066666666666667,0.11344678011344678,0.2570070070070069,-2.280463581884725,-2.452664322932066
2017-05-23,student,0.979,1.0,0.15015015015015012,-0.37652304715204254,0.12766666666666668,0.07340674007340674,0.17350684017350682,0.20133333333333334,0.11344678011344678,0.2569235902569236,-2.4549669586981473,-2.676684416328888
2017-05-24,student,0.99,1.0,0.1534868201534868,0.7929373760130101,0.11933333333333333,0.07340674007340674,0.17684351017684352,0.16566666666666666,0.11344678011344678,0.2535869202535869,-2.3216294135598963,-2.5184500716568863
2017-05-25,student,0.99,1.0,0.1434768101434768,1.8123230688286325,0.11966666666666666,0.07340674007340674,0.17350684017350684,0.18766666666666665,0.11678345011678344,0.2602602602602602,-2.5860691826237874,-2.8337104070739842
2017-05-26,student,0.979,0.999,0.1434768101434768,0.60222771723069,0.10866666666666668,0.07332332332332332,0.17025358692025352,0.19200000000000003,0.1200367033700367,0.27027027027027023,-2.354328074552008,-2.5661800926942253
2017-05-29,student,0.987,1.0,0.14681348014681347,0.10642507245618249,0.09899999999999999,0.07332332332332332,0.17350684017350682,0.17200000000000001,0.12012012012012012,0.27027027027027023,-2.1893710548707106,-2.368805429164332
2017-05-30,student,0.978,0.999,0.14681348014681347,0.6999562889076201,0.12033333333333333,0.07340674007340674,0.17359025692359017,0.19299999999999998,0.12012012012012012,0.27027027027027023,-2.359292981441071,-2.572048053257854
2017-05-31,student,0.985,0.999,0.1434768101434768,-0.932716189971655,0.11733333333333333,0.07007007007007007,0.17025358692025352,0.19233333333333333,0.12012012012012012,0.27027027027027023,-2.243243224080316,-2.4412152150097235
2017-06-01,student,0.984,0.999,0.1434768101434768,0.8433030089224975,0.13399999999999998,0.07340674007340674,0.17350684017350682,0.19800000000000004,0.12012012012012012,0.27027027027027023,-2.293157079883825,-2.4849296050277303
2017-06-02,student,0.984,0.999,0.1434768101434768,-0.18025822935775002,0.11633333333333333,0.07340674007340674,0.17350684017350684,0.18233333333333335,0.12012012012012012,0.27027027027027023,-2.2518562952641967,-2.448921103261646
2017-06-05,student,0.985,0.999,0.1434768101434768,-0.03156873685440248,0.10966666666666668,0.07340674007340674,0.17350684017350682,0.18666666666666668,0.12012012012012012,0.27027027027027023,-2.1705659278776186,-2.346737150537798
2017-06-06,student,0.985,0.999,0.14681348014681347,-0.5189375464717826,0.12033333333333333,0.07007007007007007,0.17350684017350682,0.19100000000000003,0.12012012012012012,0.2670170170170169,-2.165946245748821,-2.3434556506134436
2017-06-07,student,0.985,0.999,0.14014014014014012,-0.010378470923135041,0.10666666666666665,0.07007007007007007,0.17350684017350682,0.16566666666666666,0.12012012012012012,0.26359693026359693,-2.496749522133957,-2.687378444405093
2017-06-08,student,0.977,0.999,0.14014014014014012,-0.434499361592225,0.10733333333333335,0.07332332332332332,0.17350684017350682,0.17600000000000002,0.12012012012012012,0.26359693026359693,-2.2349567707797298,-2.417461151622383
2017-06-09,student,0.978,0.999,0.14014014014014012,0.17137585810247752,0.121,0.07340674007340674,0.17350684017350682,0.19033333333333333,0.12012012012012012,0.26368034701368026,-2.211925405777836,-2.4002272991590026
2017-06-12,student,0.976,0.999,0.14014014014014012,-0.4047677184090449,0.12,0.07332332332332332,0.17350684017350684,0.19633333333333333,0.1200367033700367,0.26368034701368026,-2.1679532366075143,-2.3639269329628867
2017-06-13,student,0.977,0.999,0.1434768101434768,-0.5535801876056226,0.13066666666666668,0.07007007007007007,0.17025358692025352,0.20033333333333334,0.11678345011678344,0.26359693026359693,-2.3361814745553793,-2.5274082431919234
2017-06-14,student,0.916,0.999,0.12679346012679346,0.43181152519166754,0.12466666666666666,0.07340674007340674,0.17359025692359017,0.18099999999999997,0.12012012012012012,0.2669336002669336,-2.1904844180990684,-2.3510666935386215
2017-06-15,student,0.916,0.997,0.12679346012679346,-0.6091107800271276,0.13466666666666666,0.07340674007340674,0.17350684017350684,0.206,0.12012012012012012,0.2669336002669336,-2.1417556030941918,-2.330067683589244
2017-06-16,student,0.911,0.996,0.12679346012679346,-0.007806964642427472,0.11466666666666668,0.07340674007340674,0.1768435101768435,0.19033333333333335,0.12012012012012012,0.2670170170170169,-2.057026713504274,-2.2261344444423212
2017-06-19,student,0.937,0.999,0.12679346012679346,-0.12500094065127504,0.104,0.07340674007340674,0.1768435101768435,0.1743333333333333,0.12012012012012012,0.2669336002669336,-2.014969602494029,-2.170505414203516
2017-06-20,student,0.938,0.999,0.12679346012679346,1.2324444406586723,0.10933333333333334,0.07007007007007007,0.17025358692025352,0.16033333333333333,0.12012012012012012,0.2669336002669336,-1.9965702132733056,-2.1320981367420773
2017-06-21,student,0.914,0.995,0.12345679012345678,0.20320896714215986,0.133,0.07007007007007007,0.17025358692025352,0.21066666666666667,0.12012012012012012,0.2669336002669336,-2.1795131822059384,-2.3490162904063467
2017-06-22,student,0.915,0.996,0.12345679012345678,-0.46963335899571246,0.13233333333333333,0.07340674007340674,0.17350684017350682,0.20033333333333334,0.12012012012012012,0.2669336002669336,-2.2083939848048724,-2.3839394663394997
2017-06-23,student,0.922,0.999,0.12345679012345678,-0.83854014927582,0.14366666666666666,0.07340674007340674,0.17350684017350682,0.225,0.1200367033700367,0.26368034701368026,-2.1679468213500543,-2.363733051926901
2017-06-27,student,0.924,0.999,0.12345679012345678,-1.43139869702446,0.11966666666666666,0.07340674007340674,0.17025358692025352,0.19966666666666666,0.11678345011678344,0.26368034701368026,-2.2691770001569287,-2.470158707012017
2017-06-28,student,0.906,0.991,0.12345679012345678,-0.392507509759365,0.12633333333333333,0.07340674007340674,0.17350684017350682,0.19566666666666666,0.1200367033700367,0.26359693026359693,-2.2392387562736102,-2.4260835821152233
2017-06-29,student,0.904,0.99,0.12679346012679346,-0.64811670233281,0.10066666666666667,0.07340674007340674,0.17350684017350682,0.16233333333333333,0.12012012012012012,0.26359693026359693,-2.1534562350597737,-2.320343506858427
2017-06-30,student,0.876,0.99,0.12345679012345678,-0.11847530763831249,0.11399999999999999,0.07340674007340674,0.1701701701701702,0.17600000000000002,0.12012012012012012,0.26359693026359693,-2.235506948004765,-2.429719076010416
2017-07-03,student,0.871,0.988,0.12345679012345678,0.8260437632035251,0.11599999999999999,0.07340674007340674,0.17350684017350682,0.18600000000000003,0.12012012012012012,0.26359693026359693,-2.154230432677843,-2.3354095187010895
2017-07-04,student,0.895,0.99,0.12679346012679346,-0.3172422962121826,0.12166666666666665,0.07340674007340674,0.17350684017350682,0.18733333333333335,0.12012012012012012,0.26359693026359693,-2.1287014107905544,-2.291235290214183
2017-07-05,student,0.888,0.99,0.1301301301301301,0.35859270865095755,0.12466666666666666,0.07340674007340674,0.17350684017350682,0.18400000000000002,0.12012012012012012,0.26359693026359693,-2.0568315654626,-2.199639412282896
2017-07-06,student,0.933,0.995,0.12679346012679346,0.6578946081412249,0.11933333333333333,0.07340674007340674,0.17350684017350682,0.17700000000000002,0.11344678011344678,0.2535869202535869,-2.0532564031725147,-2.2225217191756093
2017-07-07,student,0.882,0.99,0.12679346012679346,-0.2839163902628925,0.13999999999999999,0.07340674007340674,0.17350684017350682,0.20166666666666666,0.11344678011344678,0.25367033700367025,-2.122418926058753,-2.299346583766662
2017-07-10,student,0.876,0.99,0.1301301301301301,1.5921615999522851,0.121,0.07340674007340674,0.17359025692359017,0.19266666666666668,0.12012012012012012,0.2669336002669336,-2.105016363743007,-2.2983293449393534
2017-07-11,student,0.896,0.99,0.1301301301301301,1.0825277835321925,0.121,0.07340674007340674,0.1768435101768435,0.18566666666666665,0.12012012012012012,0.2669336002669336,-2.151570805392648,-2.323056614934441
2017-07-12,student,0.907,0.994,0.1301301301301301,1.065492285175345,0.12466666666666666,0.07340674007340674,0.17350684017350682,0.19233333333333333,0.12012012012012012,0.26368034701368026,-2.1512796177583295,-2.3334903589751166
2017-07-13,student,0.904,0.991,0.1301301301301301,0.177286027610905,0.10966666666666665,0.07340674007340674,0.17350684017350682,0.17300000000000001,0.11344678011344678,0.2535869202535869,-2.0810406441435214,-2.242107548849135
2017-07-14,student,0.904,0.992,0.1301301301301301,-0.20724781012287502,0.119,0.07340674007340674,0.17359025692359017,0.18499999999999997,0.11344678011344678,0.25367033700367025,-2.055356600148471,-2.206538614565243
2017-07-17,student,0.898,0.994,0.1301301301301301,0.88160058067872,0.11633333333333333,0.07340674007340674,0.17359025692359017,0.19200000000000003,0.12012012012012012,0.2669336002669336,-2.1506201669107,-2.329942210031051
2017-07-18,student,0.903,0.99,0.1301301301301301,0.0839864828965525,0.13466666666666666,0.07340674007340674,0.1768435101768435,0.19933333333333336,0.11344678011344678,0.2535869202535869,-2.143117146483512,-2.3141339143326167
2017-07-19,student,0.89,0.99,0.1301301301301301,0.217569658308885,0.09766666666666667,0.07340674007340674,0.1768435101768435,0.17233333333333334,0.11344678011344678,0.25367033700367025,-1.9889418996146977,-2.160356818908965
2017-07-20,student,0.874,0.99,0.1301301301301301,-0.5237374674852225,0.12633333333333333,0.07340674007340674,0.1768435101768435,0.18366666666666664,0.11344678011344678,0.2569235902569236,-1.9875106438175785,-2.1613014984395083
2017-07-21,student,0.87,0.99,0.1301301301301301,0.6123353854342725,0.13,0.07340674007340674,0.1768435101768435,0.18733333333333335,0.11670003336670003,0.2569235902569236,-2.0702780961586793,-2.252861778802671
2017-07-24,student,0.871,0.99,0.1301301301301301,0.5811573183943325,0.12,0.07340674007340674,0.1768435101768435,0.19600000000000004,0.11670003336670003,0.2569235902569236,-2.006406571678418,-2.178458204244898
2017-07-25,student,0.878,0.99,0.1301301301301301,-0.4260960874810025,0.122,0.07340674007340674,0.1768435101768435,0.18833333333333335,0.11678345011678344,0.2569235902569236,-1.9760549734308688,-2.1329845921352772
2017-07-26,student,0.86,0.99,0.1301301301301301,0.36839531661078,0.12066666666666666,0.07340674007340674,0.17684351017684352,0.17600000000000002,0.11344678011344678,0.2569235902569236,-2.0023145769467146,-2.154462359348
2017-07-27,student,0.875,0.99,0.1334668001334668,-0.8725199759810225,0.13033333333333333,0.07340674007340674,0.17684351017684352,0.19899999999999998,0.11678345011678344,0.2569235902569236,-2.055236295297922,-2.215511793975221
2017-07-28,student,0.872,0.99,0.1334668001334668,0.36805612044848757,0.14133333333333334,0.07340674007340674,0.1768435101768435,0.20766666666666667,0.11670003336670003,0.2569235902569236,-2.21062905820506,-2.390364925214779
2017-07-31,student,0.89,0.992,0.1334668001334668,1.4113826343605123,0.107,0.07340674007340674,0.1768435101768435,0.16433333333333333,0.11344678011344678,0.2569235902569236,-1.9629819290680441,-2.113432328246199
2017-08-01,student,0.906,0.995,0.1334668001334668,0.09796245724547747,0.12,0.07340674007340674,0.17692692692692685,0.17733333333333334,0.11344678011344678,0.2569235902569236,-2.0668162447751097,-2.2220700561025923
2017-08-02,student,0.896,0.997,0.1301301301301301,-0.8906864655909225,0.12266666666666666,0.07340674007340674,0.17684351017684352,0.19333333333333336,0.11344678011344678,0.2602602602602602,-2.1200480589932993,-2.2798092246232486
2017-08-03,student,0.502,0.846,0.1301301301301301,-1.310074132502875,0.11566666666666665,0.07340674007340674,0.17692692692692685,0.17899999999999996,0.11678345011678344,0.2602602602602602,-2.084837593898981,-2.261727546369001
2017-08-04,student,0.487,0.821,0.12679346012679346,1.0908455549838576,0.12733333333333333,0.07340674007340674,0.17684351017684352,0.17933333333333334,0.11678345011678344,0.2602602602602602,-2.255447990083598,-2.430742509555085
2017-08-07,student,0.473,0.815,0.12679346012679346,-0.35983124984859505,0.10799999999999998,0.07340674007340674,0.17684351017684352,0.16566666666666666,0.11336336336336336,0.2535869202535869,-2.1087772177299713,-2.267246255347263
2017-08-08,student,0.513,0.852,0.12679346012679346,-0.62901462092579,0.11699999999999999,0.07340674007340674,0.17692692692692685,0.17633333333333331,0.11336336336336336,0.2535869202535869,-2.1046855572510306,-2.272772363381178
2017-08-09,student,0.56,0.865,0.12679346012679346,-0.912527048775455,0.13133333333333333,0.07340674007340674,0.18018018018018014,0.17800000000000002,0.11011011011011011,0.2535869202535869,-2.1345538378706514,-2.310334117435317
2017-08-10,student,0.519,0.847,0.1301301301301301,-2.726021553926415,0.123,0.07340674007340674,0.18018018018018014,0.18766666666666665,0.11336336336336336,0.2535869202535869,-2.4101487193623474,-2.6001796793654495
2017-08-11,student,0.512,0.832,0.12345679012345678,-2.033956105402065,0.11033333333333334,0.07340674007340674,0.17684351017684352,0.15966666666666665,0.10677344010677343,0.24366032699366022,-3.84577485283291,-4.049743827818576
2017-08-14,student,0.518,0.849,0.12679346012679346,-0.21050395003635747,0.11533333333333333,0.07340674007340674,0.17692692692692685,0.16,0.10343677010343677,0.24024024024024024,-2.947676264728978,-3.1514730385285876
2017-08-16,student,0.503,0.826,0.12679346012679346,1.8369119727951726,0.118,0.07340674007340674,0.1768435101768435,0.15666666666666665,0.10677344010677343,0.24366032699366022,-2.431199900881882,-2.6158073428183704
2017-08-17,student,0.529,0.832,0.12012012012012012,0.49778316442632986,0.12566666666666668,0.07340674007340674,0.1768435101768435,0.18033333333333332,0.11011011011011011,0.2535869202535869,-2.526059637994892,-2.7125209775476744
2017-08-18,student,0.522,0.827,0.12679346012679346,-2.5011179382032624,0.11933333333333333,0.07340674007340674,0.17684351017684352,0.18700000000000003,0.11011011011011011,0.2535869202535869,-2.369184130432757,-2.57103593934902
2017-08-21,bb7,0.47,0.828,0.12679346012679346,-2.3789800490408854,0.11366666666666668,0.07340674007340674,0.1768435101768435,0.17366666666666666,0.11678345011678344,0.2602602602602602,-2.5176730075634173,-2.6879165249381147
2017-08-22,student,0.478,0.827,0.12679346012679346,0.10911044006208251,0.12966666666666668,0.07340674007340674,0.1768435101768435,0.19000000000000003,0.11011011011011011,0.25033366700033355,-2.6588505483264804,-2.8687366366743494
2017-08-23,student,0.532,0.873,0.12012012012012012,1.1348422389794623,0.12433333333333334,0.07340674007340674,0.18018018018018014,0.17933333333333334,0.11011011011011011,0.2502502502502502,-2.230126718886838,-2.4137498114315794
2017-08-24,student,0.5,0.854,0.12345679012345678,0.7486597033747301,0.124,0.07340674007340674,0.1801801801801802,0.18466666666666667,0.11678345011678344,0.26034367701034355,-2.2397177411684157,-2.4336595457348578
2017-08-28,student,0.486,0.852,0.12679346012679346,0.7962340181454001,0.14,0.07340674007340674,0.1801801801801802,0.211,0.11678345011678344,0.26359693026359693,-2.2504001866926653,-2.4502775875555254
2017-08-29,student,0.454,0.812,0.12345679012345678,-0.9791137093904451,0.13,0.07340674007340674,0.18026359693026353,0.19766666666666666,0.11678345011678344,0.26034367701034355,-2.345681000225515,-2.560666070771098
2017-08-30,bb7,0.475,0.836,0.12345679012345678,0.39049818139824,0.11433333333333333,0.07340674007340674,0.18026359693026353,0.16699999999999995,0.11678345011678344,0.26359693026359693,-2.0781101030163716,-2.2468530337364556
2017-08-31,student,0.476,0.835,0.12679346012679346,-0.024385745657879987,0.125,0.07340674007340674,0.1801801801801802,0.18900000000000003,0.11678345011678344,0.26359693026359693,-2.1114438886680875,-2.2861579197753583
2017-09-01,student,0.905,0.992,0.12679346012679346,1.0031857575055674,0.12233333333333334,0.07340674007340674,0.18018018018018014,0.18666666666666668,0.11678345011678344,0.26359693026359693,-2.0904056713464687,-2.280833307542165
2017-09-04,bb7,0.586,0.879,0.1301301301301301,-1.42634580624535,0.10366666666666667,0.07340674007340674,0.1801801801801802,0.167,0.11678345011678344,0.26034367701034355,-2.1516133894933818,-2.3328847373891413
2017-09-05,bb7,0.455,0.813,0.1301301301301301,0.4143000247651725,0.12166666666666666,0.07340674007340674,0.18026359693026353,0.17600000000000002,0.12012012012012012,0.2669336002669336,-2.184831126506044,-2.342289599842522
2017-09-06,bb7,0.458,0.818,0.1301301301301301,-0.712669594046355,0.11499999999999999,0.07340674007340674,0.1801801801801802,0.17900000000000002,0.12012012012012012,0.2669336002669336,-2.04770572756485,-2.226196130919672
2017-09-07,bb7,0.458,0.82,0.1334668001334668,-0.250724918801315,0.13,0.07340674007340674,0.1801801801801802,0.18066666666666667,0.12012012012012012,0.2669336002669336,-2.0799997561218135,-2.259351214366002
2017-09-08,student,0.485,0.838,0.12679346012679346,-0.7720344518768725,0.12433333333333334,0.07340674007340674,0.1801801801801802,0.19066666666666668,0.12012012012012012,0.2669336002669336,-2.0923797185564434,-2.288578450792171
2017-09-11,bb7,0.495,0.842,0.12345679012345678,0.03392445442901995,0.11033333333333334,0.07340674007340674,0.18351685018351682,0.16133333333333336,0.11678345011678344,0.26368034701368026,-2.0008479713988176,-2.1392380126232826
2017-09-12,bb7,0.475,0.831,0.12679346012679346,1.8348221900193677,0.11166666666666665,0.0767434100767434,0.18360026693360018,0.154,0.11336336336336336,0.2535869202535869,-1.918415388683622,-2.0540874764184944
2017-09-13,student,0.858,0.99,0.12679346012679346,0.0999129487335175,0.13766666666666666,0.07340674007340674,0.1801801801801802,0.19866666666666666,0.11344678011344678,0.25367033700367025,-2.2289252812688765,-2.4104226254547103
2017-09-14,student,0.857,0.99,0.12679346012679346,1.1834219666793127,0.116,0.07340674007340674,0.1801801801801802,0.18233333333333332,0.11344678011344678,0.2569235902569236,-2.0232189009788737,-2.1941885820291125
2017-09-15,student,0.613,0.917,0.12679346012679346,-0.008717042862417479,0.11666666666666665,0.07340674007340674,0.1801801801801802,0.17899999999999996,0.11344678011344678,0.2570070070070069,-2.150924628568212,-2.3155742270637227
2017-09-18,student,0.503,0.843,0.1301301301301301,0.7942510173997124,0.11733333333333333,0.07340674007340674,0.18026359693026353,0.18333333333333335,0.11678345011678344,0.26359693026359693,-2.040530891565959,-2.2106830861053015
2017-09-19,student,0.856,0.993,0.1301301301301301,0.9588682487293925,0.124,0.07340674007340674,0.1801801801801802,0.20166666666666666,0.11678345011678344,0.26359693026359693,-2.0708526235661857,-2.2712817231156808
2017-09-20,bb7,0.854,0.994,0.13346680013346682,-0.6992269019408676,0.11533333333333333,0.07340674007340674,0.1801801801801802,0.17033333333333334,0.11678345011678344,0.26359693026359693,-2.2337856618598555,-2.403481977432613
2017-09-21,student,0.392,0.746,0.12345679012345678,-0.352400859264405,0.12166666666666666,0.07340674007340674,0.18018018018018014,0.18566666666666665,0.1200367033700367,0.26359693026359693,-2.211394916799228,-2.392529886138091
2017-09-22,student,0.855,0.99,0.13346680013346682,-1.4007601598815551,0.12433333333333334,0.07340674007340674,0.17692692692692685,0.18733333333333335,0.11678345011678344,0.26359693026359693,-2.0296422995961683,-2.210524540429237
2017-09-25,student,0.388,0.728,0.12345679012345678,-0.43961161116360503,0.13233333333333333,0.07340674007340674,0.1801801801801802,0.20333333333333337,0.12012012012012012,0.26359693026359693,-2.178450012797076,-2.3692678517170296
2017-09-26,bb7,0.853,0.994,0.13346680013346682,-0.17400682896627995,0.11466666666666665,0.07340674007340674,0.1801801801801802,0.17333333333333334,0.11678345011678344,0.2669336002669336,-2.0561792758626254,-2.2356419450444283
2017-09-27,student,0.84,0.989,0.12679346012679346,-1.5659104406572375,0.12733333333333333,0.07340674007340674,0.1801801801801802,0.19466666666666668,0.11344678011344678,0.2602602602602602,-2.09163772013319,-2.276407699380703
2017-09-28,bb7,0.847,0.99,0.12679346012679346,-0.17345378261459002,0.11166666666666665,0.07340674007340674,0.1801801801801802,0.17166666666666666,0.11344678011344678,0.2570070070070069,-2.217875916608622,-2.392227430639089
2017-09-29,bb7,0.858,0.994,0.1301301301301301,-0.36483989010799,0.11633333333333333,0.07340674007340674,0.1801801801801802,0.17433333333333334,0.11678345011678344,0.2602602602602602,-2.1715169670039476,-2.3474787439499396
2017-10-03,bb7,0.763,0.98,0.1301301301301301,0.9994673022477575,0.11699999999999999,0.07340674007340674,0.1801801801801802,0.168,0.11344678011344678,0.2569235902569236,-2.0659864805925365,-2.220117775322546
2017-10-04,student,0.857,0.99,0.1301301301301301,0.762298643564475,0.11733333333333335,0.07340674007340674,0.18026359693026353,0.18533333333333335,0.11344678011344678,0.2569235902569236,-2.3108525547354146,-2.5134401586422297
2017-10-05,student,0.54,0.864,0.1334668001334668,-0.2840322653740275,0.12233333333333334,0.07332332332332332,0.1768435101768435,0.18566666666666667,0.11011011011011011,0.2570070070070069,-2.16150874096303,-2.3567516393689347
2017-10-06,bb7,0.452,0.776,0.1301301301301301,1.47715608094733,0.11833333333333335,0.07340674007340674,0.1801801801801802,0.168,0.11011011011011011,0.2602602602602602,-2.0430932584379633,-2.219320873102723
2017-10-09,bb7,0.548,0.867,0.1301301301301301,0.4222416971824575,0.11299999999999999,0.07332332332332332,0.17684351017684352,0.16966666666666666,0.11011011011011011,0.2602602602602602,-2.1236331168129774,-2.3149756607523266
2017-10-10,bb7,0.554,0.871,0.1301301301301301,-0.02485451857214996,0.11133333333333333,0.07340674007340674,0.17350684017350684,0.1526666666666667,0.11011011011011011,0.2602602602602602,-2.016292999145053,-2.184070110253416
2017-10-11,bb7,0.468,0.803,0.1301301301301301,-0.9387547897607875,0.11266666666666665,0.07332332332332332,0.17350684017350684,0.16766666666666666,0.11011011011011011,0.2602602602602602,-2.025828251105382,-2.207575278576334
2017-10-12,bb7,0.534,0.851,0.1301301301301301,0.59870936509518,0.11833333333333333,0.07332332332332332,0.17359025692359017,0.16533333333333333,0.11011011011011011,0.2602602602602602,-2.2213567061717425,-2.4038961519468938
2017-10-13,bb7,0.91,0.999,0.14014014014014012,0.5925836228579826,0.119,0.07007007007007007,0.17350684017350682,0.18100000000000002,0.11344678011344678,0.2602602602602602,-2.136316415917374,-2.3427695278039993
2017-10-16,bb7,0.542,0.88,0.13680347013680347,1.5901672163124498,0.11866666666666666,0.07007007007007007,0.17350684017350684,0.18100000000000002,0.11011011011011011,0.25367033700367025,-2.073072361211798,-2.2788713630405786
2017-10-17,student,0.524,0.856,0.12679346012679346,-0.5733745313057275,0.11966666666666666,0.06998665331998664,0.17350684017350682,0.17766666666666667,0.11011011011011011,0.2535869202535869,-2.161754245545454,-2.34429342143364
2017-10-18,bb7,0.524,0.845,0.12012012012012012,-1.21890478706265,0.10233333333333333,0.07007007007007006,0.17350684017350682,0.16366666666666665,0.11011011011011011,0.25033366700033355,-2.040103773616177,-2.2219539916351714
2017-10-19,bb7,0.544,0.864,0.1301301301301301,-0.5197865567886151,0.11266666666666665,0.06998665331998664,0.17350684017350684,0.171,0.11011011011011011,0.24699699699699693,-2.155594955608621,-2.3640557319144873
2017-10-23,bb7,0.501,0.831,0.12345679012345678,0.26193069856941253,0.11166666666666668,0.07007007007007006,0.17350684017350684,0.165,0.10677344010677343,0.2502502502502502,-2.1169784242471232,-2.301085622229116
2017-10-24,student,0.498,0.818,0.12012012012012012,0.5004888943544574,0.10633333333333334,0.07007007007007006,0.17350684017350682,0.171,0.10677344010677343,0.24699699699699693,-2.1068553843117943,-2.2910074436651127
2017-10-25,bb7,0.483,0.814,0.12012012012012012,6.745890831167652,0.11299999999999999,0.06673340006673341,0.17350684017350684,0.16466666666666666,0.1100266933600267,0.24691358024691357,-2.197482710711926,-2.386661652594264
2017-10-26,student,0.499,0.818,0.12345679012345678,-0.14784057514589244,0.13799999999999998,0.07007007007007006,0.17350684017350682,0.20966666666666667,0.10677344010677343,0.2502502502502502,-4.403991302354843,-4.679043600938278
2017-10-27,student,0.155,0.388,0.11678345011678344,-0.42381587390485986,0.11633333333333333,0.07007007007007007,0.17350684017350684,0.16966666666666666,0.11011011011011011,0.2535869202535869,-4.036931442592262,-4.263591419100154
2017-10-30,student,0.566,0.877,0.1334668001334668,-0.1197127244193325,0.126,0.07007007007007007,0.17350684017350684,0.17433333333333334,0.1100266933600267,0.2502502502502502,-3.8529731109773526,-4.152171738070785
2017-10-31,student,0.522,0.844,0.12345679012345678,-1.156787516537355,0.11666666666666668,0.07007007007007006,0.17350684017350682,0.17900000000000002,0.10677344010677343,0.2502502502502502,-3.563978989368779,-3.817836720400761
2017-11-01,student,0.525,0.848,0.12345679012345678,2.37731375678541,0.10733333333333334,0.07007007007007006,0.17350684017350684,0.169,0.10677344010677343,0.2502502502502502,-3.4300206737917573,-3.6812573371610116
2017-11-02,student,0.524,0.843,0.12012012012012012,-1.0391542871343324,0.11133333333333333,0.07007007007007007,0.17350684017350684,0.15966666666666665,0.1100266933600267,0.25033366700033355,-3.3230478244883748,-3.554436702842375
2017-11-03,student,0.186,0.452,0.12012012012012012,1.6192034949590073,0.11866666666666668,0.07007007007007007,0.17350684017350684,0.17533333333333334,0.11011011011011011,0.2535869202535869,-3.0990064799156696,-3.3433915852008456
2017-11-06,student,0.499,0.832,0.11678345011678344,1.2179271361613426,0.10866666666666668,0.07007007007007007,0.17350684017350684,0.15833333333333333,0.1100266933600267,0.2535869202535869,-2.9509836257454363,-3.191047169658393
2017-11-07,student,0.504,0.836,0.12012012012012012,-0.9352306283761176,0.10933333333333334,0.07007007007007007,0.17359025692359017,0.17400000000000002,0.11011011011011011,0.25033366700033355,-2.9417015070654586,-3.1949831537518296
2017-11-08,student,0.501,0.826,0.12012012012012012,-1.4387898202645601,0.10466666666666667,0.07007007007007006,0.17350684017350684,0.15766666666666665,0.11011011011011011,0.2535869202535869,-3.0172334021872116,-3.2510019068072764
2017-11-09,student,0.503,0.833,0.12345679012345678,0.8553014592636875,0.12466666666666666,0.07007007007007007,0.17359025692359017,0.19066666666666665,0.11011011011011011,0.2535869202535869,-3.097590084038419,-3.3936359376893885
2017-11-10,student,0.5,0.841,0.12679346012679346,1.4527983567554177,0.10500000000000002,0.07007007007007007,0.1768435101768435,0.164,0.11011011011011011,0.25367033700367025,-2.719717634443173,-2.9400599288250753
2017-11-13,student,0.883,0.999,0.12679346012679346,-0.9335315776112225,0.1366666666666667,0.07007007007007007,0.17350684017350684,0.19099999999999998,0.11011011011011011,0.2535869202535869,-3.2306848203156093,-3.4889723358992915
2017-11-14,student,0.853,0.991,0.12679346012679346,-0.365080129267555,0.11766666666666666,0.07007007007007007,0.17350684017350684,0.18166666666666664,0.11011011011011011,0.2535869202535869,-2.816916574035374,-3.060803721522387
2017-11-15,student,0.857,0.994,0.12679346012679346,-0.9602776732998974,0.12366666666666666,0.07007007007007007,0.17350684017350684,0.18366666666666667,0.11011011011011011,0.2535869202535869,-2.669737860607559,-2.929886544359209
2017-11-16,student,0.861,0.994,0.12679346012679346,2.10329336055778,0.11099999999999999,0.07007007007007007,0.17350684017350684,0.16466666666666666,0.11011011011011011,0.2535869202535869,-2.4447996915645183,-2.6244528464844086
2017-11-17,student,0.875,0.999,0.1301301301301301,0.392409151775165,0.12933333333333333,0.07007007007007007,0.17350684017350684,0.19299999999999998,0.11011011011011011,0.2535869202535869,-2.682712272382715,-2.927348282039124
2017-11-20,student,0.878,0.999,0.1301301301301301,-0.605266699682105,0.12366666666666666,0.07340674007340674,0.1768435101768435,0.16366666666666665,0.11011011011011011,0.2535869202535869,-2.4536625019111122,-2.658103769341137
2017-11-21,student,0.864,0.998,0.1301301301301301,0.10047019483001252,0.119,0.07007007007007007,0.17350684017350684,0.18833333333333332,0.11344678011344678,0.2602602602602602,-2.423148830216826,-2.656003850011486
2017-11-22,student,0.501,0.852,0.12345679012345678,0.4700367199861668,0.12199999999999998,0.07340674007340674,0.1768435101768435,0.18899999999999997,0.11011011011011011,0.2535869202535869,-2.2763065081150233,-2.4684030646956505
2017-11-23,student,0.511,0.857,0.12345679012345678,0.4156371645679776,0.12066666666666666,0.07007007007007007,0.1768435101768435,0.171,0.11011011011011011,0.2535869202535869,-2.245081085966686,-2.439564745969057
2017-11-24,student,0.533,0.883,0.12679346012679346,0.19165706158844253,0.11166666666666668,0.07332332332332332,0.17359025692359017,0.17266666666666666,0.11344678011344678,0.2602602602602602,-2.2134930146214495,-2.414911165900684
2017-11-27,student,0.539,0.883,0.1334668001334668,-0.37952773735672507,0.11233333333333333,0.07340674007340674,0.17350684017350684,0.16666666666666666,0.11670003336670003,0.2602602602602602,-2.1005702113181424,-2.267364239333346
2017-11-28,student,0.541,0.886,0.12679346012679346,-0.803651818388365,0.11333333333333333,0.07340674007340674,0.17359025692359017,0.18333333333333335,0.11344678011344678,0.26359693026359693,-2.106927230458542,-2.3101564914072843
2017-11-29,student,0.538,0.886,0.12679346012679346,-0.242726056946435,0.11133333333333333,0.07340674007340674,0.17684351017684352,0.16033333333333333,0.11344678011344678,0.26359693026359693,-2.1391326762987695,-2.306085027742195
2017-11-30,student,0.516,0.877,0.12679346012679346,-1.4985344306601525,0.12466666666666666,0.07340674007340674,0.17684351017684352,0.19133333333333336,0.11344678011344678,0.26359693026359693,-2.1284873914262192,-2.324610108189685
2017-12-01,student,0.525,0.879,0.1334668001334668,-1.8092107492402625,0.13366666666666666,0.07340674007340674,0.17684351017684352,0.18866666666666668,0.11670003336670003,0.26359693026359693,-2.3585716126427396,-2.5760110413316792
2017-12-04,student,0.56,0.906,0.12679346012679346,1.40590577005506,0.12833333333333333,0.07340674007340674,0.17684351017684352,0.19166666666666665,0.11670003336670003,0.26359693026359693,-2.3521881300782392,-2.566481341420266
2017-12-05,student,0.206,0.505,0.12679346012679346,0.17219982125261743,0.105,0.07340674007340674,0.18018018018018014,0.17299999999999996,0.11678345011678344,0.26368034701368026,-2.328096380992448,-2.526273226358321
2017-12-06,student,0.184,0.471,0.12679346012679346,-0.4173432014057975,0.125,0.07340674007340674,0.17692692692692685,0.18433333333333332,0.11670003336670003,0.26359693026359693,-2.1555031525147568,-2.348062341962729
2017-12-07,student,0.515,0.874,0.14014014014014012,1.1848973739722477,0.122,0.07340674007340674,0.17684351017684352,0.18499999999999997,0.11670003336670003,0.26359693026359693,-2.2617172754564323,-2.4684334662776957
2017-12-08,student,0.554,0.896,0.1334668001334668,1.0143555739392625,0.11833333333333333,0.07340674007340674,0.17684351017684352,0.16933333333333334,0.11670003336670003,0.26359693026359693,-2.144426549181914,-2.3259683688615116
2017-12-11,student,0.215,0.505,0.12679346012679346,0.39566263613645497,0.11133333333333334,0.07340674007340674,0.18018018018018014,0.16766666666666666,0.11670003336670003,0.26359693026359693,-2.252892336845593,-2.459198489604896
2017-12-12,student,0.228,0.509,0.12679346012679346,-0.2471693273611275,0.12933333333333333,0.07340674007340674,0.18018018018018014,0.19566666666666666,0.11670003336670003,0.26359693026359693,-2.1708352609051498,-2.386121412273958
2017-12-13,student,0.215,0.488,0.12679346012679346,-0.8704888099717474,0.11466666666666668,0.07340674007340674,0.18018018018018014,0.17366666666666666,0.11344678011344678,0.2602602602602602,-2.1022370236214303,-2.30018216652802
2017-12-14,student,0.242,0.521,0.12679346012679346,0.43977833259557,0.12799999999999997,0.07340674007340674,0.18018018018018014,0.18299999999999997,0.11344678011344678,0.2603436770103436,-2.19358901479837,-2.403325764745353
2017-12-15,student,0.561,0.888,0.1334668001334668,0.323879310684725,0.13133333333333333,0.07340674007340674,0.18018018018018014,0.20299999999999999,0.11344678011344678,0.2602602602602602,-2.121152415748895,-2.3129736724521344
2017-12-18,student,0.873,0.998,0.1334668001334668,0.5510665681171776,0.11666666666666668,0.07332332332332332,0.17684351017684352,0.17933333333333334,0.11344678011344678,0.2602602602602602,-2.0587954706482905,-2.234362048637219
2017-12-19,student,0.547,0.888,0.1334668001334668,0.9579381254239825,0.11333333333333333,0.07340674007340674,0.17684351017684352,0.18400000000000002,0.11336336336336336,0.2602602602602602,-2.0439011817217057,-2.2355171894208152
2017-12-20,student,0.888,0.998,0.1334668001334668,0.5012058891734326,0.11733333333333333,0.07007007007007007,0.17350684017350684,0.18666666666666668,0.11011011011011011,0.2602602602602602,-2.2722685570244163,-2.482494964226499
2017-12-21,student,0.887,0.998,0.1334668001334668,-0.2756131877647525,0.13533333333333333,0.07340674007340674,0.17350684017350684,0.19866666666666669,0.11011011011011011,0.2602602602602602,-2.13491659821834,-2.3146004863293417
2017-12-22,student,0.54,0.884,0.1301301301301301,0.88310777230832,0.13566666666666666,0.07340674007340674,0.17684351017684352,0.20233333333333334,0.11336336336336336,0.2602602602602602,-2.0151047728994746,-2.2066529699672492
2017-12-26,student,0.559,0.891,0.1334668001334668,-0.3275946720031775,0.124,0.07340674007340674,0.1768435101768435,0.19600000000000004,0.11344678011344678,0.2602602602602602,-2.0830969315051453,-2.2787563751159112
2017-12-27,student,0.593,0.918,0.1334668001334668,-0.23738041722195252,0.12899999999999998,0.07340674007340674,0.17684351017684352,0.18699999999999997,0.11344678011344678,0.2602602602602602,-2.0262848513947707,-2.198654482122969
2017-12-28,student,0.562,0.9,0.1334668001334668,-0.7326720314231125,0.13366666666666668,0.07340674007340674,0.17684351017684352,0.19600000000000004,0.11344678011344678,0.2602602602602602,-2.0071400562767905,-2.1933155866558356
2017-12-29,student,0.579,0.918,0.14014014014014012,1.3575812516406875,0.11466666666666665,0.07340674007340674,0.17684351017684352,0.18899999999999997,0.11678345011678344,0.26359693026359693,-2.053349894667309,-2.254949990818534
2018-01-01,student,0.598,0.922,0.14014014014014012,-1.2942163245642249,0.12666666666666668,0.07340674007340674,0.18018018018018014,0.20333333333333334,0.11678345011678344,0.26359693026359693,-2.2045325087134553,-2.4191470458918056
2018-01-02,student,0.206,0.509,0.12679346012679346,0.3410562348447099,0.13999999999999999,0.07340674007340674,0.18018018018018014,0.21966666666666668,0.12012012012012012,0.27027027027027023,-2.207971126703546,-2.4288208157453424
2018-01-03,student,0.241,0.553,0.12679346012679346,-0.3284977343836025,0.122,0.07340674007340674,0.18018018018018014,0.18366666666666664,0.1200367033700367,0.27027027027027023,-2.2541853853264535,-2.460928866414626
2018-01-04,student,0.24,0.508,0.1301301301301301,0.12378553258781999,0.11366666666666665,0.07340674007340674,0.18018018018018014,0.17833333333333332,0.11670003336670003,0.2669336002669336,-2.133548225581738,-2.32143152003207
2018-01-05,student,0.202,0.502,0.13680347013680347,-0.08356240030932752,0.11399999999999999,0.07340674007340674,0.18018018018018014,0.17666666666666667,0.1200367033700367,0.27027027027027023,-2.0606413553028786,-2.2508775602572677
2018-01-08,student,0.206,0.503,0.1301301301301301,0.8723747492689949,0.11233333333333333,0.07340674007340674,0.18018018018018014,0.17766666666666664,0.11670003336670003,0.2670170170170169,-2.0587458401352317,-2.2369599195364867
2018-01-09,student,0.208,0.509,0.1301301301301301,0.10418204548021998,0.109,0.07340674007340674,0.18351685018351682,0.15066666666666667,0.11678345011678344,0.2670170170170169,-2.061916909689738,-2.2212422677057577
2018-01-10,student,0.213,0.51,0.1334668001334668,-0.16548223322998,0.129,0.07340674007340674,0.18018018018018014,0.19266666666666665,0.11670003336670003,0.2670170170170169,-2.0589357206048415,-2.266329925365501
2018-01-11,student,0.44,0.807,0.13680347013680347,0.9621460033827675,0.127,0.07340674007340674,0.1801801801801802,0.18533333333333335,0.11678345011678344,0.2670170170170169,-2.0665062461770587,-2.260045253017747
2018-01-12,student,0.219,0.523,0.1334668001334668,0.11594865277300002,0.11766666666666668,0.07340674007340674,0.18351685018351682,0.18133333333333335,0.11678345011678344,0.2669336002669336,-2.079431907154784,-2.2642704070555597
2018-01-15,student,0.222,0.536,0.13680347013680347,-0.3057531833296175,0.122,0.07665999332665999,0.18351685018351685,0.19466666666666668,0.12012012012012012,0.27360694027360694,-1.9752163559010447,-2.1726272813378236
2018-01-16,student,0.222,0.535,0.13680347013680347,0.06496275303528493,0.13699999999999998,0.07340674007340674,0.18351685018351685,0.20200000000000004,0.12012012012012012,0.27027027027027023,-2.011085873613582,-2.201973592291172
2018-01-17,student,0.236,0.555,0.1334668001334668,1.4166048264488524,0.12533333333333332,0.07340674007340674,0.1801801801801802,0.19866666666666666,0.12337337337337337,0.27035368702035356,-2.3929620555407345,-2.599988069690381
2018-01-18,student,0.233,0.555,0.14014014014014015,-0.80111613511892,0.10533333333333333,0.07340674007340674,0.18018018018018014,0.16966666666666666,0.12012012012012012,0.27360694027360694,-2.175112557006267,-2.395393976114121
2018-01-19,student,0.221,0.536,0.14014014014014015,0.33574727993598497,0.12166666666666666,0.07340674007340674,0.18018018018018014,0.19566666666666666,0.12337337337337337,0.27360694027360694,-2.1430483087059127,-2.3949277731571694
2018-01-22,student,0.205,0.528,0.1301301301301301,0.013454504558025049,0.125,0.07340674007340674,0.18018018018018014,0.20566666666666666,0.12012012012012012,0.27360694027360694,-2.1482665172438873,-2.365880136845017
2018-01-23,student,0.201,0.522,0.14014014014014015,1.5220667449794951,0.113,0.07340674007340674,0.18018018018018014,0.18233333333333332,0.12012012012012012,0.27360694027360694,-2.0602687558854353,-2.252372906465065
2018-01-24,student,0.204,0.535,0.14681348014681347,0.17347021794990758,0.12633333333333333,0.07340674007340674,0.18018018018018014,0.20000000000000004,0.12012012012012012,0.27360694027360694,-2.2429511094975325,-2.4541641115580157
2018-01-25,student,0.2,0.522,0.1334668001334668,-1.6030988413656224,0.12266666666666666,0.07007007007007007,0.18018018018018014,0.18366666666666667,0.12012012012012012,0.27027027027027023,-2.5412653531499707,-2.8104512558221297
2018-01-29,student,0.204,0.533,0.1301301301301301,0.45253023598805003,0.111,0.07340674007340674,0.1801801801801802,0.15933333333333333,0.12012012012012012,0.27027027027027023,-2.5318045070397845,-2.7437932235898805
2018-01-30,student,0.22,0.552,0.13680347013680347,-0.3054585697743125,0.11833333333333333,0.07340674007340674,0.1801801801801802,0.17266666666666666,0.12012012012012012,0.27027027027027023,-2.4562736591188195,-2.693910892850097
2018-01-31,student,0.466,0.869,0.14014014014014012,-0.79183329441494,0.11866666666666666,0.07340674007340674,0.18018018018018014,0.18700000000000003,0.12012012012012012,0.27027027027027023,-2.378052186893597,-2.600345806248736
2018-02-01,student,0.253,0.592,0.1334668001334668,-1.0385553186192151,0.11766666666666666,0.07340674007340674,0.18018018018018014,0.17933333333333334,0.12012012012012012,0.27027027027027023,-2.2571003540685295,-2.470715533888152
2018-02-02,student,0.451,0.858,0.12345679012345678,-1.3699267754551374,0.12,0.07340674007340674,0.1801801801801802,0.20099999999999998,0.12012012012012012,0.2669336002669336,-2.3507804722963743,-2.5809773375990255
2018-02-05,student,0.389,0.798,0.12679346012679346,0.41954548185545504,0.136,0.07340674007340674,0.1801801801801802,0.205,0.11344678011344678,0.26359693026359693,-2.6020680839171524,-2.848702350329923
2018-02-06,student,0.229,0.573,0.1334668001334668,-3.0985758574324826,0.13099999999999998,0.07340674007340674,0.18026359693026353,0.19366666666666665,0.11344678011344678,0.26359693026359693,-2.4285811399217283,-2.659764768449297
2018-02-07,student,0.163,0.469,0.1301301301301301,0.0344076240993825,0.12666666666666668,0.07340674007340674,0.18351685018351685,0.19333333333333336,0.11344678011344678,0.27027027027027023,-3.1086272942035094,-3.414135597897226
2018-02-08,student,0.169,0.484,0.1334668001334668,1.409240424335295,0.11966666666666666,0.07340674007340674,0.18351685018351682,0.18499999999999997,0.11678345011678344,0.27027027027027023,-2.478986552270162,-2.7155320459554315
2018-02-09,student,0.402,0.834,0.1301301301301301,-1.3220948078671224,0.12666666666666668,0.07340674007340674,0.1801801801801802,0.19299999999999998,0.11670003336670003,0.27027027027027023,-2.4345716619031945,-2.666600020901263
2018-02-12,student,0.381,0.821,0.1301301301301301,-0.37843416180477746,0.11399999999999999,0.07340674007340674,0.1801801801801802,0.18733333333333335,0.11678345011678344,0.27027027027027023,-2.3821831707843266,-2.604061109275615
2018-02-14,student,0.355,0.774,0.1301301301301301,-0.7964863988757251,0.12433333333333334,0.07340674007340674,0.1801801801801802,0.19133333333333336,0.11344678011344678,0.26701701701701697,-2.350037637818301,-2.576543242254105
2018-02-15,student,0.371,0.783,0.1301301301301301,0.6945590208250776,0.10633333333333334,0.07340674007340674,0.18351685018351685,0.1743333333333333,0.12012012012012012,0.27360694027360694,-2.4884834768051705,-2.730354209628897
2018-02-16,student,0.155,0.445,0.1301301301301301,-0.78714601932298,0.11466666666666665,0.07340674007340674,0.1801801801801802,0.18200000000000002,0.12012012012012012,0.27360694027360694,-2.387257658563498,-2.621548628204699
2018-02-19,student,0.15,0.434,0.1301301301301301,-0.6462985129820499,0.13333333333333333,0.07340674007340674,0.1801801801801802,0.20299999999999999,0.12012012012012012,0.27035368702035356,-2.519186758071833,-2.7828435866254377
2018-02-20,student,0.526,0.922,0.14347681014347682,0.1818679522589175,0.118,0.07340674007340674,0.1801801801801802,0.18333333333333335,0.11344678011344678,0.27027027027027023,-2.2913899677171194,-2.499516698530211
2018-02-21,student,0.453,0.877,0.14014014014014015,0.21182797970126505,0.12433333333333334,0.07340674007340674,0.1801801801801802,0.18833333333333332,0.11344678011344678,0.27027027027027023,-2.293486584384146,-2.527274472580858
2018-02-22,student,0.454,0.876,0.13680347013680347,-0.26453701994310996,0.11066666666666665,0.07340674007340674,0.18026359693026353,0.16333333333333333,0.11344678011344678,0.27027027027027023,-2.164245424835598,-2.361200179963535
2018-02-23,student,0.453,0.879,0.14014014014014015,0.26032811275603,0.12666666666666668,0.07340674007340674,0.18351685018351682,0.19499999999999998,0.11344678011344678,0.27027027027027023,-2.315697220110262,-2.5477746128363394
2018-02-26,student,0.454,0.882,0.14347681014347682,0.4833534171236825,0.12366666666666666,0.07340674007340674,0.18351685018351682,0.20099999999999998,0.11344678011344678,0.2703536870203536,-2.1454409603728255,-2.3581337814417638
2018-02-27,student,0.451,0.877,0.15682349015682348,-0.1014052954597226,0.11399999999999999,0.07340674007340674,0.18351685018351685,0.19266666666666665,0.12012012012012012,0.28028028028028024,-2.288928200284394,-2.4858965335362764
2018-02-28,student,0.454,0.879,0.1534868201534868,-0.19571489064742753,0.12933333333333333,0.07340674007340674,0.18351685018351682,0.20666666666666667,0.12012012012012012,0.2803636970303636,-2.252160780142707,-2.471294461592733
2018-03-01,student,0.476,0.896,0.14681348014681347,-0.6252886710601799,0.11066666666666665,0.07340674007340674,0.18351685018351682,0.17,0.12012012012012012,0.27360694027360694,-2.096456405234122,-2.2920495302583963
2018-03-05,student,0.494,0.891,0.14681348014681347,-1.736988192469995,0.12066666666666666,0.07340674007340674,0.18351685018351682,0.18166666666666664,0.12012012012012012,0.27035368702035356,-2.1570755058256443,-2.3603426940873358
2018-03-06,student,0.479,0.886,0.14681348014681347,-1.2904082618257826,0.12266666666666666,0.07340674007340674,0.18351685018351682,0.20866666666666667,0.12345679012345678,0.2869536202869536,-2.7346231454204375,-3.0296593050753318
2018-03-07,student,0.467,0.882,0.14347681014347682,-1.0355757032580675,0.13133333333333333,0.07340674007340674,0.18351685018351685,0.19133333333333336,0.12012012012012012,0.27360694027360694,-2.506971246707285,-2.75559246461933
2018-03-08,student,0.494,0.886,0.15015015015015012,1.0761779229430777,0.13566666666666666,0.07340674007340674,0.18351685018351682,0.20600000000000004,0.12012012012012012,0.27035368702035356,-2.5612055005319734,-2.820276101075042
2018-03-09,student,0.47,0.885,0.1534868201534868,-0.3218155314335225,0.11699999999999999,0.07340674007340674,0.17684351017684352,0.19133333333333336,0.12012012012012012,0.27035368702035356,-2.4502158461774464,-2.705250847545456
2018-03-12,student,0.449,0.88,0.15682349015682348,1.6825445700745076,0.11066666666666668,0.07340674007340674,0.17684351017684352,0.18366666666666667,0.12679346012679346,0.28361695028361694,-2.325624245987691,-2.5373109181679334
2018-03-13,student,0.443,0.881,0.16016016016016013,0.11105651960939503,0.12466666666666666,0.07340674007340674,0.17684351017684352,0.20133333333333336,0.12679346012679346,0.28361695028361694,-2.4922755337216778,-2.7387139696242686
2018-03-14,student,0.439,0.879,0.16016016016016013,0.16061126118165,0.147,0.07340674007340674,0.17684351017684352,0.22299999999999998,0.12679346012679346,0.28361695028361694,-2.3147793721718033,-2.553509784109469
2018-03-15,student,0.802,0.998,0.1534868201534868,-0.68302148869575,0.11966666666666666,0.07007007007007007,0.17684351017684352,0.19299999999999998,0.12679346012679346,0.28361695028361694,-2.1817237411024863,-2.3993249554814047
2018-03-16,student,0.805,0.998,0.1534868201534868,-1.34237409486781,0.10533333333333332,0.07332332332332332,0.17684351017684352,0.18833333333333335,0.12679346012679346,0.2803636970303636,-2.116144958869269,-2.303249391846518
2018-03-19,student,0.808,0.998,0.14347681014347682,-1.0804904278248626,0.13333333333333333,0.07332332332332332,0.17684351017684352,0.22666666666666666,0.12671004337671005,0.2803636970303636,-2.592688824649996,-2.8647535252400385
2018-03-20,student,0.825,0.998,0.15015015015015012,0.8039547344540425,0.119,0.07007007007007007,0.17684351017684352,0.18066666666666667,0.12671004337671005,0.2803636970303636,-2.34807913766292,-2.573740755214756
2018-03-21,student,0.456,0.891,0.15015015015015012,-0.37064241431,0.12133333333333333,0.07332332332332332,0.18018018018018014,0.20766666666666667,0.12679346012679346,0.2803636970303636,-2.202828348648125,-2.4338902928073582
2018-03-22,student,0.478,0.9,0.14681348014681347,-0.5396475927434099,0.10366666666666664,0.07340674007340674,0.17684351017684352,0.167,0.12679346012679346,0.2803636970303636,-2.063080156200907,-2.233879841643454
2018-03-23,student,0.497,0.9,0.14347681014347682,-1.3177471194786174,0.122,0.07340674007340674,0.1768435101768435,0.19099999999999998,0.12345679012345678,0.28028028028028024,-2.194185376977327,-2.400027839964773
2018-03-26,student,0.508,0.904,0.15682349015682348,1.4942199021206,0.13099999999999998,0.07340674007340674,0.17684351017684352,0.211,0.12671004337671005,0.28028028028028024,-2.396914488047916,-2.6244264956871928
2018-03-27,student,0.517,0.897,0.16016016016016013,0.8261799706405449,0.12333333333333334,0.07340674007340674,0.18351685018351685,0.19799999999999998,0.12345679012345678,0.28028028028028024,-2.396621555003262,-2.644466359876641
2018-03-28,student,0.528,0.912,0.1534868201534868,-1.2433199222577875,0.12066666666666666,0.07007007007007007,0.1801801801801802,0.20099999999999998,0.12345679012345678,0.28028028028028024,-2.3006331523242074,-2.531904923509047
2018-04-02,student,0.553,0.92,0.15682349015682348,0.9977503055786325,0.11033333333333334,0.07340674007340674,0.18351685018351682,0.18500000000000003,0.12345679012345678,0.28028028028028024,-2.324224146075767,-2.5354525254335423
2018-04-03,student,0.564,0.926,0.16016016016016013,0.7461562688286625,0.11933333333333333,0.07007007007007007,0.1801801801801802,0.18733333333333335,0.12345679012345678,0.2803636970303636,-2.4434687986156725,-2.658466466926398
2018-04-04,student,0.522,0.92,0.1534868201534868,0.381661253488625,0.11766666666666666,0.07340674007340674,0.17692692692692685,0.19600000000000004,0.12345679012345678,0.28028028028028024,-2.2669140873612186,-2.5050612921600943
2018-04-05,student,0.569,0.926,0.15682349015682348,2.6099859179051874,0.11499999999999999,0.07007007007007007,0.17692692692692685,0.18733333333333335,0.12671004337671005,0.277027027027027,-2.437670836708624,-2.686617180543498
2018-04-06,student,0.569,0.927,0.15682349015682348,-0.4166181308557226,0.11833333333333335,0.07340674007340674,0.18018018018018014,0.18799999999999997,0.12679346012679346,0.2803636970303636,-2.39833866090541,-2.623971552155522
2018-04-09,student,0.531,0.92,0.1534868201534868,-0.3583653954166801,0.128,0.07340674007340674,0.17684351017684352,0.20633333333333334,0.12679346012679346,0.2803636970303636,-2.2568244396921617,-2.4838646606134245
2018-04-10,student,0.531,0.915,0.16016016016016013,-0.05544619550138108,0.11033333333333334,0.07340674007340674,0.17684351017684352,0.19066666666666668,0.12679346012679346,0.28361695028361694,-2.2106213796454806,-2.441057842844855
2018-04-11,student,0.53,0.907,0.15015015015015015,0.13678677428688757,0.11333333333333334,0.07340674007340674,0.18018018018018014,0.20033333333333334,0.12679346012679346,0.28361695028361694,-2.178687861287278,-2.3941563010142692
2018-04-12,student,0.551,0.909,0.16016016016016013,0.766267636250595,0.12933333333333333,0.07340674007340674,0.17692692692692685,0.19266666666666668,0.12012012012012012,0.2703536870203536,-2.235346902833908,-2.451017423113769
2018-04-13,student,0.552,0.909,0.15682349015682348,-0.22604023837980997,0.12233333333333334,0.07007007007007007,0.18018018018018014,0.19266666666666668,0.12679346012679346,0.28361695028361694,-2.2458907795947107,-2.435334576328806
2018-04-16,student,0.545,0.915,0.15682349015682348,-2.15264382563709,0.11766666666666666,0.07007007007007007,0.18018018018018014,0.20133333333333336,0.12679346012679346,0.28361695028361694,-2.1266518994570895,-2.3274043142098333
2018-04-17,student,0.536,0.899,0.15015015015015015,-0.007801672126379944,0.12066666666666666,0.07340674007340674,0.18018018018018014,0.20166666666666666,0.12679346012679346,0.2869536202869536,-2.837331603222282,-3.111607033319156
2018-04-18,bb7,0.539,0.905,0.16016016016016013,-0.1926449722488725,0.11933333333333333,0.07332332332332332,0.18018018018018014,0.19233333333333333,0.12679346012679346,0.2869536202869536,-2.2883923265417225,-2.483727843881955
2018-04-19,bb7,0.536,0.899,0.15015015015015015,0.1448742519566275,0.125,0.07340674007340674,0.18351685018351685,0.19733333333333336,0.12679346012679346,0.2869536202869536,-2.110584402074522,-2.2970580684886617
2018-04-20,student,0.543,0.902,0.15015015015015015,0.8419845693738975,0.11833333333333333,0.07332332332332332,0.18018018018018014,0.20366666666666666,0.12679346012679346,0.2869536202869536,-2.078134748894652,-2.281698432978269
2018-04-23,bb7,0.572,0.902,0.14681348014681347,-0.0784748337946925,0.10966666666666668,0.07007007007007007,0.18018018018018014,0.19033333333333333,0.12679346012679346,0.2869536202869536,-2.2206615623982753,-2.4231684859016887
2018-04-24,student,0.558,0.895,0.14681348014681347,-0.9696143666326875,0.12266666666666666,0.07332332332332332,0.18018018018018014,0.19266666666666665,0.12679346012679346,0.2869536202869536,-2.0430936254944867,-2.205007361059352
2018-04-25,student,0.538,0.887,0.14681348014681347,-0.46058941854237745,0.13333333333333333,0.07007007007007007,0.18018018018018014,0.21366666666666667,0.12679346012679346,0.2869536202869536,-2.1704412428627147,-2.379783456884543
2018-04-26,student,0.555,0.894,0.15015015015015015,0.5876850376453174,0.10166666666666667,0.07007007007007007,0.18018018018018014,0.168,0.12671004337671005,0.2837003670337003,-2.0257286835866624,-2.1976732529674328
2018-04-27,student,0.551,0.89,0.15015015015015015,1.3798804630571375,0.11533333333333333,0.07007007007007007,0.18018018018018014,0.19733333333333333,0.12671004337671005,0.2837003670337003,-2.15731656532338,-2.3640461588809583
2018-04-30,student,0.559,0.894,0.15015015015015015,1.53263710597676,0.12266666666666666,0.07340674007340674,0.18351685018351685,0.18933333333333335,0.12671004337671005,0.2803636970303636,-2.161611496482453,-2.3616012585364605
2018-05-02,student,0.558,0.902,0.15015015015015015,-1.5464461159642275,0.12999999999999998,0.07340674007340674,0.1801801801801802,0.20533333333333334,0.12679346012679346,0.2869536202869536,-2.241746327591766,-2.473774127194298
2018-05-03,student,0.938,0.999,0.15015015015015015,-0.7396291712012251,0.12,0.07340674007340674,0.18018018018018014,0.19466666666666668,0.12679346012679346,0.2869536202869536,-2.2001549973767274,-2.400343200139595
2018-05-04,student,0.932,0.999,0.15015015015015015,0.07768874556257996,0.12,0.07340674007340674,0.18018018018018014,0.21033333333333334,0.12679346012679346,0.2869536202869536,-2.189462107556966,-2.410641989428328
2018-05-07,student,0.934,0.999,0.15015015015015015,1.3007598351312524,0.118,0.07340674007340674,0.18018018018018014,0.19999999999999998,0.12679346012679346,0.2870370370370369,-2.1583371332783763,-2.366161049122462
2018-05-08,student,0.935,0.999,0.15015015015015015,-0.2697214348684275,0.11466666666666665,0.07340674007340674,0.18018018018018014,0.18633333333333335,0.12671004337671005,0.2870370370370369,-2.154793683184235,-2.3592371810727144
2018-05-09,student,0.943,0.999,0.15015015015015015,0.630520450812258,0.12,0.07340674007340674,0.18018018018018014,0.20333333333333334,0.12679346012679346,0.2870370370370369,-2.145370771719312,-2.3523290964095804
2018-05-10,student,0.948,0.999,0.15015015015015015,-0.84007467768439,0.12366666666666666,0.07340674007340674,0.18018018018018014,0.18966666666666668,0.12679346012679346,0.29029029029029024,-2.237754625906731,-2.4506622719974795
2018-05-11,student,0.946,0.999,0.15348682015348683,0.5957862629500701,0.12533333333333332,0.07340674007340674,0.18018018018018014,0.20433333333333334,0.12679346012679346,0.2869536202869536,-2.253535457868966,-2.481474337999952
2018-05-14,bb7,0.94,0.999,0.16016016016016013,-0.056445395057562464,0.11,0.07340674007340674,0.18018018018018014,0.18066666666666667,0.12679346012679346,0.2869536202869536,-2.111616483405622,-2.3211922660032314
2018-05-15,student,0.941,0.999,0.15348682015348683,-1.315546921438115,0.121,0.07332332332332332,0.18018018018018014,0.19333333333333336,0.12679346012679346,0.2869536202869536,-2.1870720976966376,-2.3868329518278504
2018-05-16,student,0.933,0.999,0.15015015015015015,0.36518354808459497,0.13033333333333333,0.07332332332332332,0.17692692692692685,0.20766666666666667,0.12679346012679346,0.2870370370370369,-2.578481727010425,-2.817228086473185
2018-05-17,student,0.941,0.999,0.15015015015015015,0.1138111059376125,0.11,0.07007007007007007,0.17684351017684352,0.18866666666666668,0.12679346012679346,0.2869536202869536,-2.3206242673553645,-2.5312451545317693
2018-05-18,student,0.936,0.999,0.15015015015015015,-0.6579624453957149,0.129,0.07007007007007007,0.17684351017684352,0.214,0.12679346012679346,0.2869536202869536,-2.2398545354898607,-2.463818440092892
2018-05-21,student,0.94,0.999,0.15015015015015015,-0.649678557354565,0.11233333333333333,0.07340674007340674,0.17684351017684352,0.18966666666666668,0.12679346012679346,0.29029029029029024,-2.4877658994526626,-2.7245035758509046
2018-05-22,student,0.94,0.999,0.15015015015015015,2.1591811033044177,0.12733333333333333,0.07332332332332332,0.17692692692692685,0.2066666666666667,0.12679346012679346,0.2870370370370369,-2.4405695714895783,-2.7143611167910255
2018-05-23,student,0.938,0.999,0.15015015015015015,0.7543436253133724,0.125,0.07340674007340674,0.17684351017684352,0.20966666666666667,0.12679346012679346,0.2869536202869536,-2.455751248020443,-2.703561726661986
2018-05-24,student,0.926,0.999,0.15015015015015015,-0.6026849410186902,0.12,0.07007007007007007,0.17684351017684352,0.19433333333333333,0.12679346012679346,0.2869536202869536,-2.2735599670581954,-2.5202546628995655
2018-05-25,student,0.917,0.999,0.14681348014681347,0.709683585237775,0.11066666666666665,0.07007007007007006,0.17692692692692685,0.19033333333333333,0.1300467133800467,0.2969636302969636,-3.1045671567159103,-3.3601942414765316
2018-05-28,student,0.921,0.999,0.14681348014681347,0.4830420086504225,0.108,0.07007007007007007,0.17692692692692685,0.18733333333333335,0.1301301301301301,0.2969636302969636,-2.5303262606665866,-2.771766505144459
2018-05-29,student,0.92,0.999,0.15015015015015012,-0.975667741852,0.11599999999999999,0.07007007007007007,0.18018018018018014,0.19866666666666663,0.1301301301301301,0.297047047047047,-2.2498440784294917,-2.488830971542785
2018-05-30,student,0.936,0.999,0.15015015015015012,-0.12012196636568251,0.11833333333333333,0.07007007007007007,0.17692692692692685,0.20599999999999996,0.1301301301301301,0.2969636302969636,-2.2538775405442353,-2.503083819468371
2018-05-31,student,0.934,0.999,0.15348682015348683,0.4759861376664251,0.11399999999999999,0.07007007007007006,0.17692692692692685,0.19766666666666666,0.1301301301301301,0.2969636302969636,-2.2612380414440256,-2.4773330096557116
2018-06-01,student,0.936,0.999,0.15015015015015012,-0.4305765541828399,0.109,0.07007007007007006,0.17684351017684352,0.19266666666666668,0.1301301301301301,0.2937103770437103,-2.2882422030821394,-2.5180756627746206
2018-06-04,student,0.933,0.999,0.15015015015015012,-0.4260438731567126,0.12066666666666666,0.07007007007007006,0.17684351017684352,0.21233333333333335,0.1301301301301301,0.2937103770437103,-2.233254047596399,-2.4559565727563766
2018-06-05,student,0.941,0.999,0.15015015015015012,-0.47988161425286496,0.10566666666666669,0.07007007007007006,0.17684351017684352,0.18899999999999997,0.1301301301301301,0.2969636302969636,-2.1028775065580283,-2.306093873651091
2018-06-06,student,0.939,0.999,0.14681348014681347,2.0107788604192325,0.11533333333333333,0.07007007007007006,0.17684351017684352,0.18800000000000003,0.1301301301301301,0.29362696029362695,-2.1281442686163583,-2.3535960060800116
2018-06-07,student,0.946,0.999,0.15015015015015012,1.5685624369079774,0.12,0.07007007007007006,0.1768435101768435,0.20433333333333337,0.1301301301301301,0.2969636302969636,-2.4078792549493557,-2.6440022297859205
2018-06-08,student,0.946,0.999,0.1534868201534868,0.71317946809427,0.11366666666666668,0.07007007007007006,0.1768435101768435,0.19200000000000003,0.12345679012345678,0.29029029029029024,-2.3804844093475723,-2.593175543725015
2018-06-11,student,0.948,0.999,0.1534868201534868,0.21256112376244002,0.12,0.07007007007007007,0.1768435101768435,0.19333333333333336,0.12345679012345678,0.2869536202869536,-2.1247077173493816,-2.3119814955280775
2018-06-12,student,0.955,0.999,0.1534868201534868,1.131293669562225,0.12233333333333334,0.07007007007007006,0.1768435101768435,0.19666666666666668,0.12345679012345678,0.2869536202869536,-2.109554326318394,-2.3232227264278023
2018-06-13,student,0.952,0.999,0.15015015015015012,0.5308402412359876,0.13299999999999998,0.07007007007007006,0.17684351017684352,0.20366666666666666,0.12345679012345678,0.2869536202869536,-2.152825788404189,-2.342211490434138
2018-06-14,student,0.529,0.828,0.14681348014681347,-1.12286518844938,0.11366666666666668,0.07007007007007007,0.17684351017684352,0.18066666666666667,0.12012012012012012,0.2770270270270269,-2.0795159901156266,-2.2660011732922296
2018-06-15,student,0.502,0.806,0.14681348014681347,0.30318665062513994,0.123,0.07007007007007007,0.17684351017684352,0.20133333333333336,0.1234567901234568,0.29029029029029024,-2.1891927658098638,-2.392341619080706
2018-06-18,student,0.512,0.81,0.14681348014681347,-0.04506610158125507,0.11366666666666665,0.07007007007007007,0.17684351017684352,0.18400000000000002,0.12012012012012012,0.2770270270270269,-2.3108304587821116,-2.5221866970744697
2018-06-19,student,0.942,0.999,0.15015015015015012,-1.323994496103325,0.11133333333333333,0.07007007007007007,0.17684351017684352,0.19533333333333336,0.1301301301301301,0.2937103770437103,-2.1742072763242497,-2.3775200569022545
2018-06-20,student,0.937,0.999,0.15015015015015012,0.1621874208905875,0.121,0.07332332332332332,0.17684351017684352,0.2233333333333333,0.1301301301301301,0.2969636302969636,-2.2437299399395103,-2.4875178584708566
2018-06-21,student,0.939,0.999,0.14681348014681347,-0.19857767667789494,0.11266666666666665,0.07332332332332332,0.18018018018018014,0.20299999999999999,0.1301301301301301,0.2969636302969636,-2.093619884110911,-2.302759960014022
2018-06-22,student,0.925,0.999,0.1534868201534868,0.7423003340059074,0.10633333333333332,0.07332332332332332,0.18018018018018014,0.18633333333333335,0.1301301301301301,0.2969636302969636,-2.0718866040096007,-2.2537217754428167
2018-06-25,student,0.921,0.999,0.1534868201534868,-1.3845952277399625,0.11966666666666666,0.07007007007007007,0.17692692692692685,0.20033333333333334,0.1301301301301301,0.2969636302969636,-2.0968034719884643,-2.2910462735536825
2018-06-26,student,0.926,0.999,0.14681348014681347,-0.9984986190308524,0.122,0.07007007007007007,0.17692692692692685,0.19133333333333336,0.1301301301301301,0.29362696029362695,-2.9694271430037626,-3.1976410573652245
2018-06-27,student,0.503,0.806,0.14014014014014012,-1.414701510650235,0.11433333333333333,0.07007007007007007,0.17692692692692685,0.18666666666666668,0.1301301301301301,0.2969636302969636,-2.7980305442120197,-3.03130415697106
2018-06-28,student,0.512,0.814,0.13680347013680347,-0.8926321122993426,0.11099999999999999,0.07007007007007007,0.18018018018018014,0.18833333333333335,0.1301301301301301,0.2969636302969636,-2.4497465943220775,-2.6974778552892293
2018-06-29,student,0.492,0.806,0.14014014014014012,1.7169067056885225,0.129,0.07340674007340674,0.17692692692692685,0.21366666666666667,0.1300467133800467,0.2969636302969636,-2.5244798324502504,-2.770907243180645
2018-07-02,student,0.481,0.799,0.14014014014014012,0.26470647962706,0.11266666666666668,0.07007007007007007,0.17692692692692685,0.18766666666666668,0.1301301301301301,0.2969636302969636,-2.3203252076268344,-2.5284605552295925
2018-07-03,student,0.48,0.8,0.14014014014014012,0.48079410418925256,0.128,0.07340674007340674,0.17692692692692685,0.22066666666666665,0.12679346012679346,0.297047047047047,-2.273317854507791,-2.5008927371365646
2018-07-04,student,0.946,0.999,0.14681348014681347,0.10262425911524498,0.11833333333333335,0.07332332332332332,0.17692692692692685,0.21133333333333335,0.12679346012679346,0.29362696029362695,-2.1911209683473176,-2.407929862645886
2018-07-05,student,0.949,0.999,0.14681348014681347,-1.6032635338715728,0.12666666666666665,0.07007007007007007,0.17692692692692685,0.207,0.1300467133800467,0.2937103770437103,-2.1419463859627643,-2.3385302066796667
2018-07-06,student,0.957,0.999,0.14681348014681347,0.8072952056445275,0.11766666666666666,0.07007007007007007,0.17692692692692685,0.19700000000000004,0.12679346012679346,0.29029029029029024,-2.280725853783254,-2.4901697478793317
2018-07-09,student,0.955,0.999,0.14681348014681347,1.14707407341003,0.11233333333333333,0.07007007007007007,0.18018018018018014,0.20633333333333334,0.12679346012679346,0.29029029029029024,-2.3314332943652754,-2.56853344351783
2018-07-10,student,0.95,0.999,0.14681348014681347,0.36354062590344993,0.11466666666666668,0.07007007007007007,0.17692692692692685,0.19500000000000003,0.12679346012679346,0.29029029029029024,-2.1302150792715864,-2.3388803816861348
2018-07-11,student,0.513,0.837,0.13680347013680347,-0.32811948259731993,0.10633333333333335,0.07332332332332332,0.1801801801801802,0.16066666666666668,0.1301301301301301,0.2969636302969636,-2.003666939873758,-2.160652542469542
2018-07-12,student,0.5,0.829,0.13680347013680347,0.041083565451117465,0.13166666666666668,0.07332332332332332,0.18018018018018014,0.21833333333333335,0.1301301301301301,0.30030030030030025,-2.4296186287499775,-2.651411240221579
2018-07-13,student,0.471,0.806,0.13680347013680347,-0.27071715953657494,0.12866666666666668,0.07332332332332332,0.17684351017684352,0.225,0.1300467133800467,0.30030030030030025,-2.2670614047613955,-2.5033203668398136
2018-07-16,student,0.476,0.812,0.13680347013680347,-1.3043558400421875,0.109,0.07007007007007007,0.17684351017684352,0.19066666666666668,0.12679346012679346,0.297047047047047,-2.117780762275417,-2.321032715817657
2018-07-17,student,0.463,0.813,0.13680347013680347,0.19687132957624487,0.13099999999999998,0.07007007007007007,0.17684351017684352,0.207,0.12679346012679346,0.2969636302969636,-2.752605001791922,-3.000846184013457
2018-07-18,student,0.493,0.837,0.13680347013680347,-1.2216448592507625,0.10466666666666667,0.07007007007007007,0.17684351017684352,0.18300000000000002,0.12679346012679346,0.29037370704037363,-2.3019252544537165,-2.55475144431298
2018-07-19,student,0.935,0.999,0.13680347013680347,0.07236068306483749,0.10966666666666668,0.07007007007007007,0.17684351017684352,0.19133333333333336,0.12012012012012012,0.28028028028028024,-2.3372020655631323,-2.5601882758650953
2018-07-20,student,0.927,0.999,0.14014014014014012,0.929875214726305,0.12533333333333332,0.07007007007007007,0.17684351017684352,0.20166666666666666,0.12345679012345678,0.287037037037037,-2.2182840704355966,-2.4234934364033434
2018-07-23,student,0.942,0.999,0.1434768101434768,1.63207613254297,0.12,0.07007007007007007,0.17684351017684352,0.215,0.12012012012012012,0.28028028028028024,-2.1879017414422517,-2.4232771378837543
2018-07-24,student,0.928,0.999,0.1434768101434768,0.11566173378091993,0.123,0.07007007007007007,0.17684351017684352,0.20299999999999999,0.12012012012012012,0.28028028028028024,-2.2677240030237362,-2.4891098843496278
2018-07-25,student,0.94,0.999,0.14014014014014012,0.26658173572103505,0.11733333333333333,0.07007007007007007,0.17684351017684352,0.21233333333333335,0.12345679012345678,0.29029029029029024,-2.099347414115582,-2.3092806359327285
2018-07-26,student,0.928,0.999,0.1434768101434768,1.52082886718433,0.13166666666666668,0.07340674007340674,0.18026359693026353,0.20233333333333334,0.12345679012345678,0.29029029029029024,-2.1115552416689605,-2.296040838583045
2018-07-27,student,0.926,0.999,0.1434768101434768,0.6969525494786575,0.12433333333333331,0.07007007007007007,0.17684351017684352,0.19933333333333333,0.1234567901234568,0.29029029029029024,-2.1994031464983634,-2.3951956824800353
2018-07-30,student,0.927,0.999,0.14014014014014012,0.8825794982281001,0.11366666666666665,0.07007007007007007,0.17684351017684352,0.19200000000000003,0.12012012012012012,0.2803636970303636,-2.3938051947266827,-2.6215653352529666
2018-07-31,student,0.463,0.827,0.13680347013680347,0.23766317265310494,0.127,0.07007007007007007,0.17684351017684352,0.21033333333333334,0.12679346012679346,0.29362696029362695,-2.2922575878330207,-2.537370712262339
2018-08-01,student,0.467,0.829,0.1301301301301301,0.06071923890566744,0.11333333333333333,0.07007007007007007,0.17684351017684352,0.17233333333333334,0.12679346012679346,0.2937103770437103,-2.2647182137487074,-2.4724162007348727
2018-08-02,student,0.937,1.0,0.14014014014014012,-0.3047175494791451,0.118,0.07007007007007007,0.17684351017684352,0.20633333333333334,0.12012012012012012,0.28361695028361694,-2.2342089986975124,-2.4649065915878254
2018-08-03,student,0.467,0.828,0.1334668001334668,0.6186301826208349,0.11433333333333333,0.07007007007007007,0.17684351017684352,0.19566666666666668,0.12337337337337337,0.2869536202869536,-2.2487573986710694,-2.4593858210263497
2018-08-06,student,0.479,0.841,0.1334668001334668,-0.19957727196577757,0.12066666666666666,0.07007007007007006,0.17684351017684352,0.2133333333333333,0.12345679012345678,0.2869536202869536,-2.2182378859877927,-2.4544424564515355
2018-08-07,student,0.463,0.836,0.1334668001334668,-0.47535533381032,0.11933333333333333,0.07007007007007007,0.17684351017684352,0.20366666666666666,0.12345679012345678,0.2869536202869536,-2.2435436584931314,-2.4752437755000747
2018-08-08,student,0.581,0.89,0.14014014014014012,1.0230883369698924,0.11499999999999999,0.07007007007007007,0.17684351017684352,0.20033333333333334,0.12012012012012012,0.2869536202869536,-2.2394179941720456,-2.493751097319762
2018-08-09,student,0.453,0.827,0.1334668001334668,1.2295324241607224,0.12,0.07007007007007006,0.17684351017684352,0.19600000000000004,0.12337337337337337,0.2869536202869536,-2.2204889960542307,-2.4624549914999143
2018-08-10,student,0.45,0.823,0.13680347013680347,-1.72627328775891,0.13099999999999998,0.07007007007007007,0.17684351017684352,0.20333333333333337,0.12345679012345678,0.2869536202869536,-2.2789046465448988,-2.500782146889729
2018-08-13,student,0.923,0.999,0.14681348014681347,-0.9263308200380523,0.12199999999999998,0.07007007007007006,0.17684351017684352,0.19133333333333336,0.12012012012012012,0.28361695028361694,-2.613377974903301,-2.8514857365814583
2018-08-14,student,0.923,0.999,0.13680347013680347,0.287429075749855,0.13499999999999998,0.07007007007007006,0.17684351017684352,0.21000000000000005,0.12012012012012012,0.2802802802802803,-2.563543516839467,-2.8128685214893516
2018-08-16,student,0.441,0.796,0.1301301301301301,0.33878262518538,0.10933333333333334,0.07007007007007007,0.17684351017684352,0.18933333333333335,0.12345679012345678,0.2869536202869536,-2.3669111812995327,-2.573699560738207
2018-08-17,student,0.449,0.795,0.1334668001334668,2.1584610904227373,0.125,0.07332332332332332,0.17684351017684352,0.20533333333333328,0.12012012012012012,0.2869536202869536,-2.3956947429752073,-2.627702215942628
2018-08-20,student,0.454,0.803,0.1301301301301301,0.6489023738713903,0.11033333333333332,0.07007007007007007,0.17684351017684352,0.18266666666666667,0.12012012012012012,0.2837003670337003,-2.4561764071181664,-2.6992797031465168
2018-08-21,student,0.454,0.801,0.1301301301301301,-0.52598101036335,0.09833333333333333,0.07007007007007006,0.17684351017684352,0.17666666666666667,0.12012012012012012,0.28361695028361694,-2.6976994851687794,-2.9604021756761414
2018-08-23,student,0.454,0.804,0.1301301301301301,-0.975592761355885,0.11366666666666668,0.07007007007007006,0.17684351017684352,0.19600000000000004,0.12012012012012012,0.28361695028361694,-2.3044706789956306,-2.5413456739059526
2018-08-24,student,0.444,0.782,0.1301301301301301,-0.5318692126685475,0.11333333333333333,0.07007007007007007,0.17684351017684352,0.17733333333333334,0.12012012012012012,0.28028028028028024,-2.7601754983934317,-2.995793295760916
2018-08-27,student,0.442,0.787,0.1301301301301301,1.7641331206526099,0.12566666666666668,0.07007007007007007,0.17684351017684352,0.21066666666666664,0.12012012012012012,0.28028028028028024,-2.4317525221410334,-2.6735409667238708
2018-08-28,student,0.457,0.805,0.1301301301301301,-0.23271286122591495,0.11099999999999999,0.07007007007007007,0.17684351017684352,0.17366666666666666,0.12012012012012012,0.28028028028028024,-2.280579149831764,-2.4906108889357585
2018-08-29,student,0.459,0.803,0.1301301301301301,0.041448106416292485,0.11133333333333334,0.07007007007007006,0.17684351017684352,0.18400000000000002,0.12012012012012012,0.28028028028028024,-2.175391141155467,-2.3884194389084996
2018-08-30,student,0.456,0.8,0.1301301301301301,0.03433555370943252,0.12533333333333332,0.07007007007007006,0.17684351017684352,0.20466666666666664,0.12012012012012012,0.28028028028028024,-2.1980510581740464,-2.4117877948674624
2018-08-31,student,0.454,0.793,0.1301301301301301,1.3921623032566024,0.12266666666666666,0.07007007007007006,0.17684351017684352,0.19933333333333336,0.12012012012012012,0.28028028028028024,-2.1992190741199735,-2.42207770034882
2018-09-03,student,0.484,0.826,0.1301301301301301,-1.6314571165627125,0.13433333333333333,0.07007007007007007,0.17684351017684352,0.22799999999999998,0.12012012012012012,0.28361695028361694,-2.401496863484424,-2.646646313159758
2018-09-04,student,0.504,0.848,0.12679346012679346,-1.2917323277986674,0.11166666666666668,0.07007007007007007,0.17684351017684352,0.18299999999999997,0.1200367033700367,0.28028028028028024,-2.095415058761714,-2.2997246685292803
2018-09-05,student,0.476,0.829,0.12679346012679346,-0.40925264491548496,0.125,0.07007007007007007,0.1768435101768435,0.20366666666666666,0.12012012012012012,0.28028028028028024,-2.4036082037612214,-2.659184775220813
2018-09-06,student,0.458,0.812,0.12679346012679346,0.17063609217243747,0.106,0.07007007007007007,0.17684351017684352,0.18166666666666667,0.1200367033700367,0.28028028028028024,-2.3379887204128607,-2.5789528630821406
2018-09-07,student,0.434,0.787,0.12679346012679346,0.9302339890911075,0.10766666666666665,0.07007007007007006,0.1768435101768435,0.18666666666666668,0.12012012012012012,0.28028028028028024,-2.279083418187506,-2.510241320894217
2018-09-10,student,0.452,0.801,0.12679346012679346,-1.2479181718289927,0.11599999999999999,0.07007007007007007,0.17684351017684352,0.19099999999999998,0.12012012012012012,0.28028028028028024,-2.4351043332689257,-2.6698825075529475
2018-09-11,student,0.458,0.808,0.12679346012679346,-1.161015234804555,0.126,0.07007007007007006,0.17684351017684352,0.18966666666666668,0.1200367033700367,0.28028028028028024,-2.3702178783248753,-2.607443425735518
2018-09-12,student,0.457,0.683,0.12679346012679346,0.6288487913969525,0.127,0.07332332332332332,0.17692692692692685,0.20333333333333337,0.12337337337337337,0.28361695028361694,-2.574803568198414,-2.818887617145051
2018-09-14,student,0.485,0.831,0.12679346012679346,0.5875373441082624,0.13633333333333333,0.07007007007007007,0.17684351017684352,0.21199999999999997,0.11678345011678344,0.28028028028028024,-2.5285031111556973,-2.7819855866151584
2018-09-17,student,0.472,0.817,0.12679346012679346,-1.701269558778495,0.13033333333333333,0.07007007007007007,0.17684351017684352,0.20099999999999998,0.11678345011678344,0.28028028028028024,-2.436686228866117,-2.6513883333843875
2018-09-18,student,0.445,0.66,0.12679346012679346,-1.2108216184914924,0.127,0.07340674007340674,0.17684351017684352,0.21166666666666667,0.12345679012345678,0.28361695028361694,-2.525420835794454,-2.767630249306712
2018-09-19,student,0.886,0.978,0.1301301301301301,-0.3486714523324325,0.10999999999999999,0.07007007007007007,0.17684351017684352,0.18000000000000002,0.11678345011678344,0.28028028028028024,-2.7872881021745943,-3.017432988507634
2018-09-21,student,0.444,0.666,0.12679346012679346,-1.2084081248449774,0.11666666666666665,0.07332332332332332,0.18018018018018014,0.19499999999999998,0.12345679012345678,0.28361695028361694,-2.5354503431667834,-2.796574136387407
2018-09-24,student,0.451,0.669,0.12679346012679346,-1.64431860105467,0.11433333333333333,0.07332332332332332,0.18018018018018014,0.19433333333333333,0.12345679012345678,0.28361695028361694,-2.4602328704472187,-2.7016472364700492
2018-09-25,student,0.882,0.975,0.12679346012679346,1.5765751351513702,0.142,0.07007007007007007,0.17684351017684352,0.2146666666666667,0.12012012012012012,0.28028028028028024,-2.9018590813091394,-3.1716661516396907
2018-09-26,student,0.923,0.999,0.12679346012679346,-2.0440642519265753,0.11499999999999999,0.07340674007340674,0.17692692692692685,0.19600000000000004,0.1200367033700367,0.28028028028028024,-2.555778223115858,-2.804266168268341
2018-09-27,student,0.97,1.0,0.1301301301301301,-0.3559154303796175,0.13133333333333333,0.07340674007340674,0.18018018018018014,0.19800000000000004,0.12012012012012012,0.28028028028028024,-2.7429469371148487,-3.0105396031346645
2018-09-28,student,0.971,0.999,0.1301301301301301,-0.1592648676032525,0.12133333333333333,0.07332332332332332,0.17692692692692685,0.19266666666666668,0.12012012012012012,0.28028028028028024,-2.7485916570211355,-2.9622121547236837
2018-10-01,student,0.939,0.981,0.1301301301301301,2.4812656893876976,0.11966666666666666,0.07340674007340674,0.17692692692692685,0.20633333333333334,0.12012012012012012,0.28028028028028024,-2.4380485867290163,-2.6704877772008
2018-10-03,student,0.947,0.982,0.1334668001334668,-1.3633079839816575,0.12,0.07340674007340674,0.1801801801801802,0.19600000000000004,0.12012012012012012,0.2802802802802803,-2.5390231386493394,-2.7809275721150652
2018-10-04,student,0.949,0.982,0.1334668001334668,-1.95971007473136,0.13033333333333333,0.07340674007340674,0.18026359693026353,0.18800000000000003,0.12337337337337337,0.28361695028361694,-2.376567555497006,-2.5961581522121713
2018-10-05,student,0.975,1.0,0.13680347013680347,-1.6619249895883597,0.113,0.07340674007340674,0.18351685018351685,0.19399999999999998,0.12012012012012012,0.28028028028028024,-2.456334405359518,-2.699577056879795
2018-10-08,student,0.979,1.0,0.1301301301301301,-0.08881186372883254,0.13733333333333334,0.07340674007340674,0.18351685018351682,0.21466666666666664,0.11678345011678344,0.2802802802802803,-2.941900566864665,-3.2404335453094526
2018-10-09,student,0.587,0.869,0.1301301301301301,-4.448045578807262,0.12366666666666666,0.07340674007340674,0.18351685018351682,0.18933333333333335,0.12012012012012012,0.28361695028361694,-2.676716342243105,-2.915351907786198
2018-10-10,student,0.975,0.999,0.1334668001334668,1.6795298313533125,0.13,0.07340674007340674,0.18351685018351682,0.18833333333333335,0.11344678011344678,0.27027027027027023,-5.38867974903772,-5.711355655069863
2018-10-11,student,0.981,1.0,0.13680347013680347,-3.3180751134238173,0.12933333333333333,0.07332332332332332,0.1801801801801802,0.2006666666666667,0.11011011011011011,0.2670170170170169,-3.7956619910589318,-4.110358350761493
2018-10-12,student,0.979,0.986,0.1334668001334668,1.1653689754786751,0.11266666666666665,0.07340674007340674,0.1801801801801802,0.18699999999999997,0.12012012012012012,0.29029029029029024,-3.4523873558591234,-3.7785180704598305
2018-10-15,student,0.924,0.999,0.1334668001334668,0.05590930340516009,0.11866666666666666,0.07332332332332332,0.17684351017684352,0.19366666666666665,0.12345679012345678,0.28361695028361694,-2.929665019419759,-3.1788410510733054
2018-10-16,student,0.979,0.986,0.1334668001334668,1.064562255622415,0.13066666666666668,0.07340674007340674,0.1801801801801802,0.19633333333333336,0.12345679012345678,0.28361695028361694,-2.8247985748718847,-3.0887076168634104
2018-10-17,bb7,0.955,1.0,0.1334668001334668,-1.0527224285271675,0.114,0.07340674007340674,0.1801801801801802,0.17900000000000002,0.12012012012012012,0.28361695028361694,-2.6834427640802825,-2.935678186041129
2018-10-19,student,0.951,1.0,0.1334668001334668,-1.2687503313396375,0.12466666666666666,0.07340674007340674,0.1801801801801802,0.20099999999999998,0.12012012012012012,0.2869536202869536,-3.0326454996188295,-3.3139287718280785
2018-10-22,bb7,0.98,0.987,0.13680347013680347,-0.6729248781145024,0.10866666666666668,0.07340674007340674,0.1801801801801802,0.17966666666666667,0.12012012012012012,0.2869536202869536,-2.97457836957394,-3.237875578902507
2018-10-23,student,0.985,1.0,0.13680347013680347,-1.8292666201359302,0.12966666666666668,0.07340674007340674,0.1801801801801802,0.19366666666666668,0.12012012012012012,0.2837003670337003,-2.819226865157378,-3.0913938602641347
2018-10-24,student,0.985,1.0,0.13680347013680347,0.2467574240340651,0.135,0.07340674007340674,0.1801801801801802,0.19366666666666668,0.12012012012012012,0.28361695028361694,-2.599549512055339,-2.8318299950082673
2018-10-25,bb7,0.985,1.0,0.13680347013680347,-1.2528084831554476,0.10900000000000003,0.07340674007340674,0.1801801801801802,0.18266666666666667,0.12012012012012012,0.2837003670337003,-2.580439916143319,-2.8078652496545757
2018-10-26,student,0.982,1.0,0.13680347013680347,-0.47711628341395496,0.12466666666666666,0.07340674007340674,0.1801801801801802,0.18933333333333335,0.12012012012012012,0.2837003670337003,-2.7951527427710485,-3.022889709339936
2018-10-29,student,0.981,0.99,0.13680347013680347,3.2658896026919404,0.11933333333333333,0.07340674007340674,0.18018018018018014,0.19333333333333336,0.12012012012012012,0.2869536202869536,-2.6128768638543183,-2.8533672732876227
2018-10-30,student,0.975,0.984,0.13680347013680347,1.9620512546587277,0.12866666666666668,0.07340674007340674,0.18026359693026353,0.19366666666666665,0.11344678011344678,0.27360694027360694,-2.933154337527958,-3.193835185063071
2018-10-31,student,0.961,0.982,0.13680347013680347,2.44476578567437,0.12066666666666666,0.07340674007340674,0.18351685018351682,0.18866666666666668,0.11670003336670003,0.27360694027360694,-2.7703548546954626,-3.020861625323058
2018-11-01,student,0.912,0.999,0.1301301301301301,-0.5001166861691325,0.12333333333333334,0.07340674007340674,0.17684351017684352,0.19166666666666665,0.11344678011344678,0.27027027027027023,-2.767486293056243,-3.0071456535461376
2018-11-02,student,0.907,0.999,0.1301301301301301,1.7264916708643023,0.11833333333333333,0.07340674007340674,0.17684351017684352,0.19000000000000003,0.11344678011344678,0.27027027027027023,-2.5471376847983294,-2.791073376650724
2018-11-05,student,0.913,0.999,0.1301301301301301,0.9270355396792325,0.13166666666666665,0.07340674007340674,0.17692692692692685,0.20333333333333337,0.11344678011344678,0.27027027027027023,-2.887584528581315,-3.152941810836327
2018-11-06,student,0.91,0.999,0.1301301301301301,-0.38759647757480997,0.12333333333333334,0.07340674007340674,0.18351685018351682,0.19833333333333333,0.12012012012012012,0.28036369703036357,-2.555385031777545,-2.7640326358596257
2018-11-07,student,0.965,1.0,0.1301301301301301,0.7336881751523875,0.125,0.07340674007340674,0.17684351017684352,0.19833333333333333,0.12012012012012012,0.28028028028028024,-2.5507944657226616,-2.7877332069109007
2018-11-09,student,0.97,1.0,0.1334668001334668,-0.4041332855262277,0.10899999999999999,0.07340674007340674,0.17692692692692685,0.19099999999999998,0.12012012012012012,0.28028028028028024,-2.5153185153205513,-2.7593908690729743
2018-11-12,student,0.957,1.0,0.1301301301301301,-1.7763422501855322,0.14133333333333334,0.07340674007340674,0.17692692692692685,0.23666666666666666,0.12012012012012012,0.28028028028028024,-2.601992142736742,-2.881642604957898
2018-11-13,student,0.964,1.0,0.1301301301301301,-0.5780188044582875,0.121,0.07340674007340674,0.17692692692692685,0.18300000000000002,0.11344678011344678,0.27027027027027023,-2.99215515617416,-3.232419603167927
2018-11-14,student,0.97,1.0,0.1301301301301301,0.29687122879912264,0.12666666666666665,0.07340674007340674,0.17692692692692685,0.18133333333333335,0.11344678011344678,0.2669336002669336,-2.8412050303126315,-3.073077266719537
2018-11-15,student,0.975,0.987,0.13680347013680347,0.618448592446675,0.12233333333333334,0.07340674007340674,0.18018018018018014,0.19666666666666668,0.1200367033700367,0.27360694027360694,-2.601649770663258,-2.827285088007193
2018-11-16,bb7,0.975,0.989,0.14014014014014012,-0.02635409347796,0.119,0.07340674007340674,0.18351685018351682,0.18266666666666667,0.1200367033700367,0.2769436102769436,-2.4066099171469757,-2.621745239785328
2018-11-19,student,0.921,1.0,0.13680347013680347,0.6213037784185924,0.11733333333333333,0.07340674007340674,0.17684351017684352,0.19499999999999998,0.11678345011678344,0.27360694027360694,-2.307103409172522,-2.537793090980228
2018-11-20,student,0.965,0.985,0.14014014014014012,-1.0337559369721425,0.12833333333333333,0.07665999332665999,0.17684351017684352,0.19533333333333336,0.11678345011678344,0.27369035702369027,-2.4138464664376915,-2.630399392799358
2018-11-21,bb7,0.972,0.99,0.14014014014014012,-0.5746330137675,0.12066666666666666,0.07340674007340674,0.17684351017684352,0.18566666666666667,0.11678345011678344,0.27360694027360694,-2.334221684620233,-2.5627824296119814
2018-11-22,student,0.975,0.99,0.14014014014014012,-0.75401803191033,0.121,0.07340674007340674,0.18018018018018014,0.20533333333333337,0.12012012012012012,0.2803636970303636,-2.3974039346976594,-2.622695488172931
2018-11-26,student,0.975,0.99,0.14014014014014012,1.251164420733145,0.12166666666666665,0.07340674007340674,0.18018018018018014,0.19533333333333336,0.12012012012012012,0.28028028028028024,-2.323021652214132,-2.5247385678654437
2018-11-27,bb7,0.975,0.987,0.14014014014014012,0.5640246779972975,0.13033333333333333,0.07340674007340674,0.18018018018018014,0.18899999999999997,0.11678345011678344,0.27027027027027023,-2.443213390436312,-2.6395908270896915
2018-11-28,bb7,0.973,0.986,0.14014014014014012,-0.17474637800540732,0.11133333333333333,0.07340674007340674,0.18018018018018014,0.18300000000000002,0.11678345011678344,0.2702702702702703,-2.3923865469602696,-2.6110978226874386
2018-11-29,bb7,0.97,0.985,0.14014014014014012,0.8770516544508049,0.12066666666666666,0.07340674007340674,0.17684351017684352,0.18366666666666664,0.11678345011678344,0.2703536870203536,-2.7533237353229465,-2.954045499972571
2018-11-30,student,0.97,0.983,0.1334668001334668,-0.87710550148863,0.12866666666666668,0.07340674007340674,0.18018018018018014,0.2086666666666667,0.12337337337337337,0.28361695028361694,-2.399566299366143,-2.614904767323126
2018-12-03,bb7,0.97,0.979,0.1334668001334668,1.8005147046830374,0.12333333333333331,0.07332332332332332,0.17692692692692685,0.17500000000000002,0.11011011011011011,0.26701701701701697,-2.502822457790299,-2.721285432850244
2018-12-04,student,0.97,0.982,0.1334668001334668,-0.027964415620137406,0.12366666666666665,0.07332332332332332,0.18018018018018014,0.19866666666666669,0.12012012012012012,0.28361695028361694,-2.4622085629958685,-2.663602302381455
2018-12-05,student,0.97,0.98,0.1334668001334668,-0.7503850861617125,0.11599999999999999,0.07007007007007007,0.1768435101768435,0.18733333333333335,0.12012012012012012,0.28361695028361694,-2.3651758700056997,-2.56172817385848
2018-12-06,student,0.974,0.981,0.1334668001334668,-2.50813520202109,0.11466666666666665,0.07007007007007007,0.1768435101768435,0.19166666666666665,0.12012012012012012,0.28361695028361694,-2.7097966544520253,-2.9386403139162014
2018-12-07,student,0.97,0.981,0.1334668001334668,0.7824210128799349,0.119,0.07332332332332332,0.17692692692692685,0.19066666666666668,0.12012012012012012,0.2837003670337003,-2.7465739735994186,-3.0097708897183866
2018-12-10,student,0.964,0.974,0.1334668001334668,-1.83528725298891,0.123,0.07007007007007007,0.17692692692692685,0.19599999999999998,0.12012012012012012,0.2869536202869536,-2.4636015896527352,-2.6683185325274326
2018-12-11,student,0.969,0.97,0.1334668001334668,0.9779735004561325,0.118,0.07340674007340674,0.1801801801801802,0.20133333333333336,0.12012012012012012,0.2869536202869536,-2.589671900727791,-2.8404857601044218
2018-12-12,student,0.971,0.974,0.1334668001334668,2.0402487644949296,0.118,0.07340674007340674,0.18018018018018014,0.18933333333333335,0.12012012012012012,0.2869536202869536,-2.3552987873082896,-2.5804116621468376
2018-12-13,student,0.974,0.981,0.1334668001334668,1.6640304756234974,0.139,0.07340674007340674,0.18351685018351682,0.21566666666666667,0.12012012012012012,0.2869536202869536,-2.546471789239149,-2.771068457166729
2018-12-14,student,0.974,0.982,0.1334668001334668,0.395175017387015,0.11566666666666665,0.07340674007340674,0.18351685018351682,0.19033333333333335,0.12012012012012012,0.2869536202869536,-2.402731583674899,-2.601258925393321
2018-12-17,student,0.973,0.981,0.1334668001334668,0.504098410071255,0.11966666666666666,0.07340674007340674,0.18026359693026353,0.19833333333333333,0.12012012012012012,0.2869536202869536,-2.2810820982357547,-2.50871119350416
2018-12-18,student,0.974,0.98,0.1334668001334668,-0.3901613176798201,0.12233333333333334,0.07340674007340674,0.18351685018351682,0.20400000000000004,0.12345679012345678,0.2869536202869536,-2.4077679574370894,-2.6428239861172154
2018-12-19,student,0.964,0.976,0.1334668001334668,0.16492781377634247,0.13133333333333333,0.07340674007340674,0.18351685018351685,0.2126666666666667,0.12345679012345678,0.2869536202869536,-2.3090445378838007,-2.5157772404711367
2018-12-20,student,0.969,0.98,0.1334668001334668,-0.26303136795890253,0.13066666666666665,0.07340674007340674,0.18018018018018014,0.20333333333333334,0.12337337337337337,0.2869536202869536,-2.2756023765136333,-2.4747932403288257
2018-12-21,student,0.965,0.974,0.1334668001334668,-1.42128788714836,0.11699999999999999,0.07340674007340674,0.18018018018018014,0.19800000000000004,0.12345679012345678,0.2869536202869536,-2.274375361230107,-2.479396081394783
2018-12-24,student,0.964,0.976,0.1334668001334668,-0.593934433026315,0.123,0.07332332332332332,0.18018018018018014,0.19833333333333333,0.12345679012345678,0.2869536202869536,-2.3330380746375012,-2.54972083757234
2018-12-26,student,0.969,0.978,0.1334668001334668,-0.2335383235663725,0.13133333333333333,0.07007007007007007,0.1801801801801802,0.22433333333333336,0.12012012012012012,0.2869536202869536,-2.4090326916768046,-2.6513483464848395
2018-12-27,student,0.971,0.978,0.1334668001334668,0.251849096797905,0.14433333333333334,0.07340674007340674,0.1801801801801802,0.21833333333333335,0.12337337337337337,0.2869536202869536,-2.3700225230669973,-2.5989384584493758
2018-12-28,student,0.974,0.978,0.1334668001334668,0.7131354089249949,0.12866666666666665,0.07332332332332332,0.1801801801801802,0.2026666666666667,0.12012012012012012,0.2869536202869536,-2.4001461364479377,-2.624935908312783
2018-12-31,student,0.972,0.978,0.1334668001334668,0.4053975597000275,0.11166666666666665,0.07340674007340674,0.18018018018018014,0.19166666666666665,0.12337337337337337,0.2869536202869536,-2.235810627696945,-2.428892283459748
2019-01-01,student,0.973,0.978,0.1334668001334668,0.393199488565605,0.12666666666666668,0.07332332332332332,0.1801801801801802,0.19166666666666665,0.12345679012345678,0.2869536202869536,-2.240743817797056,-2.4413093978807994
2019-01-02,student,0.971,0.974,0.1334668001334668,-1.2768033655060376,0.13033333333333333,0.07340674007340674,0.18026359693026353,0.20200000000000004,0.12012012012012012,0.2869536202869536,-2.204646294364746,-2.405596187643915
2019-01-03,student,0.971,0.974,0.1334668001334668,-0.5559910659151925,0.12166666666666666,0.07332332332332332,0.1801801801801802,0.20833333333333334,0.12337337337337337,0.2869536202869536,-2.441292369880949,-2.661837858231708
2019-01-04,student,0.974,0.981,0.1301301301301301,0.8850296328748574,0.12333333333333334,0.07332332332332332,0.18018018018018014,0.20733333333333337,0.12012012012012012,0.2869536202869536,-2.358625168661536,-2.5867704500025392
2019-01-07,student,0.981,1.0,0.1301301301301301,0.9667991416489474,0.11100000000000003,0.07007007007007007,0.18018018018018014,0.18400000000000002,0.12012012012012012,0.2869536202869536,-2.2681562570158658,-2.4820594453772795
2019-01-08,student,0.971,0.978,0.1301301301301301,1.13568032519374,0.13699999999999998,0.07007007007007007,0.18018018018018014,0.21399999999999997,0.12012012012012012,0.2869536202869536,-2.3531684676587012,-2.5938167068763613
2019-01-09,student,0.974,0.98,0.1301301301301301,0.850703487667595,0.11833333333333333,0.07007007007007007,0.17692692692692685,0.18866666666666668,0.12012012012012012,0.2869536202869536,-2.2671360356624657,-2.456461420555226
2019-01-10,student,0.973,0.98,0.1301301301301301,0.5360763205533976,0.129,0.07007007007007007,0.17692692692692685,0.20533333333333337,0.11678345011678344,0.2769436102769436,-2.320630155625255,-2.5430860817861403
2019-01-11,student,0.969,0.98,0.1334668001334668,-1.0715036411054575,0.11299999999999999,0.07007007007007007,0.17684351017684352,0.19033333333333333,0.11678345011678344,0.27369035702369027,-2.2020434598113585,-2.401439699790305
2019-01-14,student,0.978,1.0,0.13680347013680347,0.6809596732326251,0.12933333333333333,0.07007007007007007,0.17684351017684352,0.19566666666666666,0.11678345011678344,0.27360694027360694,-2.4171504730417754,-2.6115150321752223
2019-01-15,student,0.978,1.0,0.13680347013680347,1.734647978400045,0.12533333333333332,0.07007007007007007,0.17684351017684352,0.21266666666666667,0.11678345011678344,0.27360694027360694,-2.354704959848633,-2.570749969252711
2019-01-16,student,0.977,1.0,0.13680347013680347,0.24318899428733248,0.13933333333333334,0.07007007007007007,0.17684351017684352,0.22866666666666666,0.11678345011678344,0.27360694027360694,-2.4644541512333,-2.694127803404648
2019-01-17,student,0.974,1.0,0.14014014014014012,-0.9689982112306901,0.112,0.07007007007007007,0.17684351017684352,0.17800000000000002,0.11678345011678344,0.27360694027360694,-2.0985470122242122,-2.2915799261971825
2019-01-18,student,0.974,1.0,0.14014014014014012,-0.6118793407666601,0.13999999999999999,0.07007007007007007,0.17684351017684352,0.21533333333333335,0.11678345011678344,0.27360694027360694,-2.2134419169691726,-2.4428661023708327
2019-01-21,student,0.974,1.0,0.14681348014681347,0.056563952026265046,0.11366666666666668,0.07007007007007007,0.17684351017684352,0.17933333333333334,0.11678345011678344,0.27360694027360694,-2.1527496311522607,-2.347796892286625
2019-01-22,student,0.978,1.0,0.14681348014681347,-0.219539393250625,0.12666666666666668,0.07007007007007007,0.17684351017684352,0.20000000000000004,0.11678345011678344,0.27360694027360694,-2.303804757065037,-2.538268649655899
2019-01-23,student,0.978,1.0,0.14681348014681347,-0.61723432458289,0.10633333333333332,0.07007007007007007,0.17684351017684352,0.16533333333333333,0.11678345011678344,0.27360694027360694,-2.0875309724051703,-2.256507808447225
2019-01-24,student,0.978,1.0,0.1434768101434768,-0.6572923120909775,0.11733333333333333,0.07007007007007007,0.17684351017684352,0.20299999999999999,0.11344678011344678,0.27027027027027023,-2.2374075135722373,-2.4460911312576785
2019-01-25,student,0.977,1.0,0.1434768101434768,-0.634211934434605,0.145,0.07340674007340674,0.18018018018018014,0.20966666666666667,0.11344678011344678,0.27027027027027023,-2.3621309999571993,-2.5498727959682626
2019-01-28,student,0.974,1.0,0.1434768101434768,-0.7520024026123749,0.12033333333333333,0.07007007007007007,0.17350684017350684,0.18633333333333335,0.11344678011344678,0.27027027027027023,-2.1747729355027277,-2.3635506548943708
2019-01-29,student,0.98,1.0,0.1434768101434768,0.29299518672674163,0.11966666666666666,0.07007007007007007,0.17350684017350684,0.18033333333333335,0.11344678011344678,0.27027027027027023,-2.111757589644624,-2.2761515418828995
2019-01-30,student,0.984,1.0,0.14014014014014012,0.3432493637182475,0.10699999999999998,0.07007007007007007,0.1768435101768435,0.18366666666666667,0.11670003336670001,0.27027027027027023,-2.1429154987549417,-2.3175677453684616
2019-01-31,student,0.98,1.0,0.14014014014014012,2.690173617889145,0.10566666666666669,0.07007007007007007,0.17350684017350684,0.17966666666666667,0.11344678011344678,0.27027027027027023,-2.109806604861287,-2.3095123769836032
2019-02-01,student,0.98,1.0,0.14014014014014012,0.0167243062810849,0.10966666666666668,0.07007007007007007,0.17350684017350684,0.18333333333333335,0.11344678011344678,0.27027027027027023,-2.4723391870839797,-2.6664842250693903
2019-02-04,student,0.981,1.0,0.13680347013680347,-0.225213482389035,0.12133333333333333,0.07007007007007007,0.17350684017350684,0.18766666666666665,0.11344678011344678,0.26701701701701697,-2.39656133467339,-2.588020602779009
2019-02-05,student,0.981,1.0,0.13680347013680347,-0.338075498850635,0.09999999999999999,0.07007007007007007,0.17350684017350684,0.16733333333333333,0.11344678011344678,0.2669336002669336,-2.1753605882678984,-2.3497266591094648
2019-02-06,student,0.978,1.0,0.1434768101434768,1.15922023955358,0.11933333333333333,0.07007007007007007,0.17350684017350684,0.19400000000000003,0.11344678011344678,0.27027027027027023,-2.423322430073626,-2.603424671799603
2019-02-07,student,0.979,1.0,0.1434768101434768,0.60575489594105,0.12266666666666665,0.07007007007007007,0.17684351017684352,0.17733333333333334,0.11344678011344678,0.26701701701701697,-2.2803882954355013,-2.47166498693012
2019-02-08,student,0.978,1.0,0.13680347013680347,-5.35553476451051,0.11666666666666665,0.07007007007007006,0.1768435101768435,0.19066666666666668,0.11678345011678344,0.27369035702369027,-2.25121460776596,-2.446473253379742
2019-02-11,bb7,0.973,0.999,0.13680347013680347,-0.2742434582388525,0.09433333333333334,0.07007007007007006,0.17025358692025352,0.159,0.11678345011678344,0.27369035702369027,-6.783373352410936,-6.97826523641805
2019-02-12,bb7,0.968,0.999,0.13680347013680347,-1.149472545104345,0.12666666666666668,0.07007007007007007,0.17350684017350684,0.18500000000000003,0.11678345011678344,0.27035368702035356,-3.7601255417937485,-3.9684224004944726
2019-02-14,student,0.981,0.999,0.14014014014014012,0.0458731635930274,0.121,0.07007007007007006,0.17350684017350684,0.20366666666666666,0.11344678011344678,0.2669336002669336,-2.430358733019165,-2.6300692036345032
2019-02-15,student,0.967,0.978,0.13680347013680347,-0.2195843704458924,0.117,0.07007007007007006,0.1768435101768435,0.18866666666666668,0.11678345011678344,0.27035368702035356,-2.9805111618544013,-3.217057328040751
2019-02-18,bb7,0.968,0.999,0.14014014014014012,-0.4211143126105199,0.12033333333333333,0.07007007007007007,0.17350684017350682,0.17766666666666667,0.11344678011344678,0.2669336002669336,-2.39749615926658,-2.568823767260829
2019-02-19,bb7,0.98,0.999,0.14681348014681347,-0.3592196792834724,0.11733333333333333,0.07007007007007006,0.17350684017350684,0.17733333333333334,0.11344678011344678,0.2669336002669336,-2.342813949447073,-2.527140082735814
2019-02-20,bb7,0.984,0.999,0.1434768101434768,1.107786240014105,0.12633333333333333,0.07007007007007007,0.17350684017350682,0.19100000000000003,0.11344678011344678,0.2669336002669336,-2.3372760956681478,-2.530313259038967
2019-02-21,bb7,0.979,0.999,0.14014014014014012,0.8184695522929675,0.11866666666666668,0.07007007007007007,0.17359025692359017,0.18400000000000002,0.11344678011344678,0.2669336002669336,-2.387351266275876,-2.590758513877962
2019-02-22,bb7,0.982,0.999,0.1434768101434768,1.1899584161808425,0.11233333333333333,0.07007007007007007,0.17350684017350682,0.17233333333333334,0.11344678011344678,0.2669336002669336,-2.2629297964656656,-2.4383106719152243
2019-02-25,bb7,0.984,1.0,0.14681348014681347,0.8253708188405126,0.10833333333333332,0.07007007007007006,0.17359025692359017,0.17433333333333334,0.11344678011344678,0.26693360026693363,-2.3141304573586523,-2.4908071420882907
2019-02-26,bb7,0.982,1.0,0.14681348014681347,0.22414954677322257,0.125,0.07007007007007007,0.1768435101768435,0.17566666666666667,0.11678345011678344,0.27027027027027023,-2.323083304984417,-2.497181923880365
2019-02-27,bb7,0.982,0.999,0.14681348014681347,-1.36920187054662,0.10766666666666669,0.07007007007007007,0.17359025692359017,0.17800000000000002,0.11678345011678344,0.27027027027027023,-2.2961301308013944,-2.481891552735345
2019-02-28,bb7,0.969,0.999,0.14014014014014012,0.05670415791107749,0.105,0.07007007007007007,0.17359025692359017,0.17166666666666666,0.11678345011678344,0.2703536870203536,-2.3945784769031224,-2.582810135329517
2019-03-01,bb7,0.961,0.999,0.14014014014014012,1.0443878870405077,0.11033333333333332,0.07007007007007006,0.17359025692359017,0.17666666666666667,0.11678345011678344,0.27360694027360694,-2.287891171824968,-2.493640397792549
2019-03-05,student,0.966,0.999,0.14014014014014012,1.6918288002275776,0.12133333333333333,0.07007007007007007,0.1768435101768435,0.19700000000000004,0.11678345011678344,0.2703536870203536,-2.256623589059483,-2.4652568974995446
2019-03-06,student,0.969,0.999,0.13680347013680347,-0.8990397499238201,0.11399999999999999,0.07007007007007006,0.17350684017350684,0.19766666666666668,0.11678345011678344,0.27360694027360694,-2.598869387890793,-2.8227863009155
2019-03-07,bb7,0.974,0.999,0.13680347013680347,0.14625487268831755,0.11333333333333333,0.07007007007007006,0.17350684017350684,0.17366666666666666,0.11678345011678344,0.27027027027027023,-2.4180928979704075,-2.598090534060495
2019-03-08,bb7,0.973,0.999,0.13680347013680347,-1.5671849916010299,0.107,0.07332332332332332,0.17359025692359017,0.18166666666666667,0.11678345011678344,0.27027027027027023,-2.225665207233681,-2.422067650323818
2019-03-11,bb7,0.979,0.999,0.13680347013680347,0.7871381028962375,0.11999999999999998,0.07007007007007006,0.17350684017350684,0.18600000000000003,0.11678345011678344,0.2702702702702703,-2.576057161832919,-2.76574182202608
2019-03-12,student,0.982,0.999,0.13680347013680347,0.499215167449245,0.124,0.07007007007007006,0.17350684017350684,0.19466666666666668,0.11678345011678344,0.2702702702702703,-2.365305291787961,-2.5726640051719287
2019-03-13,bb7,0.974,0.999,0.13680347013680347,0.35261527549124744,0.11033333333333332,0.07007007007007006,0.17350684017350684,0.18266666666666667,0.11670003336670001,0.2702702702702703,-2.2326392078301214,-2.4087924253894495
2019-03-14,student,0.973,0.999,0.13680347013680347,-0.555718921202125,0.12066666666666666,0.07007007007007006,0.17350684017350684,0.19000000000000003,0.11670003336670001,0.2702702702702703,-2.2722538146587596,-2.470318647945298
2019-03-15,student,0.974,0.999,0.13680347013680347,0.4044506228198749,0.11533333333333333,0.07007007007007006,0.17350684017350684,0.19733333333333336,0.11670003336670001,0.2702702702702703,-2.2528891239820825,-2.464735019828408
2019-03-18,student,0.974,0.999,0.1334668001334668,0.05187394667802254,0.123,0.07007007007007007,0.17359025692359017,0.18833333333333335,0.11344678011344678,0.2669336002669336,-2.2045285275847673,-2.4022161286605614
2019-03-19,student,0.974,0.999,0.14014014014014012,0.8742278739027025,0.12799999999999997,0.07007007007007007,0.17359025692359017,0.20600000000000004,0.11344678011344678,0.2669336002669336,-2.2522448274148883,-2.4573743852329244
2019-03-20,student,0.973,0.999,0.1334668001334668,0.08968405865103002,0.12033333333333333,0.07007007007007006,0.17350684017350684,0.18500000000000003,0.11344678011344678,0.2669336002669336,-2.2016404694206426,-2.3890331568456906
2019-03-22,bb7,0.972,0.999,0.14014014014014012,-1.1537927600291176,0.11033333333333334,0.07007007007007006,0.17359025692359017,0.17466666666666666,0.11344678011344678,0.2669336002669336,-2.2607500174009476,-2.4480607565476262
2019-03-25,student,0.975,0.999,0.14014014014014012,-1.2615057193660775,0.119,0.07007007007007006,0.17350684017350684,0.19400000000000003,0.11344678011344678,0.2670170170170169,-2.394153595857748,-2.6025692407238727
2019-03-26,student,0.966,0.999,0.14014014014014012,0.948218641299275,0.12266666666666666,0.07007007007007006,0.17350684017350684,0.19599999999999998,0.11344678011344678,0.27027027027027023,-2.4375385288834304,-2.6699841147968812
2019-03-27,student,0.969,0.999,0.13680347013680347,-0.01872638847989755,0.12566666666666668,0.07007007007007006,0.17684351017684352,0.19066666666666668,0.11344678011344678,0.27027027027027023,-2.347304113356046,-2.5648773466451678
2019-03-28,bb7,0.972,0.999,0.13680347013680347,1.237297198995075,0.111,0.07007007007007006,0.1768435101768435,0.17700000000000002,0.11344678011344678,0.27027027027027023,-2.355051360259168,-2.575489396835453
2019-04-01,student,0.972,0.999,0.14014014014014012,3.3107593630059373,0.11933333333333333,0.06998665331998664,0.17350684017350684,0.19066666666666668,0.11670003336670001,0.27027027027027023,-2.323808123008526,-2.5420839829043205
2019-04-02,student,0.969,0.999,0.14014014014014012,2.57879730034378,0.118,0.07007007007007007,0.1768435101768435,0.20000000000000004,0.11344678011344678,0.27027027027027023,-2.9991653074710096,-3.2580047604300133
2019-04-03,bb7,0.965,1.0,0.14014014014014012,-1.2973477832799727,0.11166666666666665,0.06998665331998664,0.17359025692359017,0.18366666666666667,0.11344678011344678,0.27027027027027023,-2.97163648333334,-3.1960838878115143
2019-04-04,bb7,0.972,1.0,0.14014014014014012,0.4466484541256426,0.112,0.07007007007007006,0.17359025692359017,0.17133333333333334,0.11678345011678344,0.27027027027027023,-2.5014158151668195,-2.712327055896785
2019-04-05,student,0.973,1.0,0.14014014014014012,-0.22714149459086497,0.12866666666666668,0.07007007007007006,0.17359025692359017,0.2046666666666667,0.11678345011678344,0.27027027027027023,-2.4404861784897958,-2.667618169845892
2019-04-08,bb7,0.973,1.0,0.14014014014014012,-0.5566944236528576,0.11399999999999999,0.07007007007007007,0.1768435101768435,0.18333333333333335,0.11678345011678344,0.27027027027027023,-2.318843549722294,-2.5140277594506126
2019-04-09,bb7,0.967,0.999,0.14014014014014012,0.8290579453533276,0.10500000000000002,0.07007007007007007,0.17350684017350684,0.17800000000000002,0.11678345011678344,0.27027027027027023,-2.3931369301879823,-2.611545696149247
2019-04-10,bb7,0.97,1.0,0.14014014014014012,0.8365253707158423,0.11233333333333333,0.07007007007007006,0.17350684017350684,0.168,0.11678345011678344,0.27027027027027023,-2.271570574445923,-2.437877935449549
2019-04-11,bb7,0.973,1.0,0.14014014014014012,0.4714435303815525,0.121,0.06998665331998664,0.17350684017350684,0.17733333333333334,0.11678345011678344,0.27027027027027023,-2.5231920431652757,-2.7331908473479314
2019-04-12,student,0.972,1.0,0.14014014014014012,0.10195587800537748,0.11433333333333333,0.06998665331998664,0.17350684017350684,0.207,0.11678345011678344,0.2703536870203536,-2.3473193920074458,-2.571033094339315
2019-04-15,student,0.967,1.0,0.14014014014014012,1.1124899975784575,0.12833333333333333,0.07332332332332332,0.17350684017350684,0.20833333333333334,0.11678345011678344,0.2703536870203536,-2.280382028152791,-2.499960966741688
2019-04-16,bb7,0.971,1.0,0.13680347013680347,-0.002045950996744983,0.121,0.06998665331998664,0.17025358692025352,0.18500000000000003,0.11344678011344678,0.2669336002669336,-2.658615096119107,-2.883400083511446
2019-04-18,bb7,0.969,0.999,0.13680347013680347,-0.004224136006840018,0.11399999999999999,0.06998665331998664,0.17350684017350682,0.18400000000000002,0.11344678011344678,0.2670170170170169,-2.2989900889225527,-2.4960207980139377
2019-04-22,bb7,0.974,1.0,0.13680347013680347,-0.07064400724546491,0.11399999999999999,0.07007007007007006,0.17350684017350682,0.18000000000000002,0.11678345011678344,0.27027027027027023,-2.2502179400226825,-2.4336101075524037
2019-04-23,student,0.979,1.0,0.13680347013680347,-0.4239406744909925,0.11733333333333333,0.06673340006673341,0.17025358692025352,0.19333333333333336,0.11678345011678344,0.27027027027027023,-2.129409006275661,-2.318285228021897
2019-04-24,bb7,0.979,1.0,0.13680347013680347,-0.036028913973882415,0.10966666666666668,0.07007007007007006,0.17350684017350682,0.17833333333333334,0.11670003336670003,0.27035368702035356,-2.1802334300208077,-2.349566596701814
2019-04-25,bb7,0.979,1.0,0.1334668001334668,-1.0986691087604248,0.11933333333333333,0.0667334000667334,0.17350684017350682,0.17566666666666667,0.11344678011344678,0.27027027027027023,-2.446972002524856,-2.6306707695421827
2019-04-26,student,0.979,1.0,0.13680347013680347,0.3057750703146774,0.12999999999999998,0.06998665331998664,0.17350684017350684,0.21,0.11670003336670003,0.26701701701701697,-2.311477407802948,-2.5358978615037517
2019-04-30,student,0.974,1.0,0.1334668001334668,0.2398070401224175,0.11933333333333333,0.07007007007007006,0.1768435101768435,0.18533333333333335,0.11670003336670003,0.2669336002669336,-2.39179946527422,-2.5694687161624534
2019-05-02,student,0.974,1.0,0.1334668001334668,-2.1596532633240075,0.11333333333333333,0.07007007007007006,0.17350684017350682,0.19200000000000003,0.11670003336670003,0.2669336002669336,-2.3151637300706804,-2.5299113929348644
2019-05-03,student,0.974,0.999,0.13680347013680347,-0.27892073193932,0.10400000000000002,0.07007007007007006,0.17350684017350682,0.17066666666666666,0.11344678011344678,0.27027027027027023,-2.423598922707878,-2.6261314008916505
2019-05-06,student,0.969,0.999,0.13680347013680347,-1.8270710997860902,0.10966666666666665,0.07007007007007006,0.17350684017350682,0.17500000000000002,0.11344678011344678,0.2670170170170169,-2.1997109327518682,-2.3904425889323475
2019-05-07,student,0.974,0.999,0.1334668001334668,-0.7633711680531299,0.125,0.07007007007007006,0.17350684017350682,0.2066666666666667,0.11344678011344678,0.2670170170170169,-2.6899446537540967,-2.9023941094327883
2019-05-08,student,0.974,0.999,0.13680347013680347,-1.684240642691545,0.11733333333333335,0.07007007007007006,0.17350684017350682,0.19133333333333336,0.11344678011344678,0.2669336002669336,-2.768268798765972,-2.977176242171361
2019-05-09,student,0.974,1.0,0.13680347013680347,0.5369479281365275,0.10066666666666668,0.07007007007007006,0.17350684017350682,0.15833333333333333,0.11344678011344678,0.27027027027027023,-2.568686994993618,-2.7678795909727616
2019-05-10,student,0.978,1.0,0.13680347013680347,0.2735750745386925,0.10633333333333332,0.07007007007007006,0.17025358692025352,0.17766666666666667,0.11344678011344678,0.27027027027027023,-2.281411734957379,-2.456916180222749
2019-05-13,student,0.978,1.0,0.13680347013680347,-0.48203426453847,0.108,0.07007007007007006,0.17350684017350684,0.18499999999999997,0.11344678011344678,0.27027027027027023,-2.2679703777785463,-2.485202972925904
2019-05-14,student,0.979,1.0,0.13680347013680347,0.881346241760335,0.12533333333333332,0.07007007007007006,0.17350684017350684,0.19466666666666665,0.12012012012012012,0.277027027027027,-2.4152365774523856,-2.609209773842378
2019-05-15,student,0.974,1.0,0.14014014014014012,-2.6593834483256047,0.12066666666666666,0.07007007007007006,0.17350684017350682,0.21033333333333334,0.12012012012012012,0.28028028028028024,-2.373828118958377,-2.605033329770993
2019-05-16,student,0.974,0.999,0.13680347013680347,1.99528692366726,0.11566666666666665,0.07007007007007006,0.17350684017350682,0.19033333333333335,0.11678345011678344,0.2669336002669336,-3.6011273524264236,-3.836346709839694
2019-05-17,bb7,0.979,1.0,0.13680347013680347,0.8752238875211199,0.11233333333333334,0.07007007007007007,0.17350684017350682,0.17766666666666667,0.11344678011344678,0.27027027027027023,-2.8153284036159327,-3.025213832615391
2019-05-20,student,0.974,0.999,0.13680347013680347,4.1870962982682025,0.11499999999999999,0.07007007007007006,0.17350684017350682,0.19200000000000003,0.11670003336670003,0.27035368702035356,-2.4038515931281603,-2.606976742804872
2019-05-21,bb7,0.971,0.999,0.13680347013680347,-2.6221929431887903,0.109,0.07007007007007007,0.17350684017350682,0.17200000000000001,0.11678345011678344,0.2670170170170169,-2.9385061311729586,-3.171108943075767
2019-05-22,student,0.973,1.0,0.1334668001334668,0.3620356024656624,0.12066666666666666,0.07007007007007006,0.1768435101768435,0.18566666666666665,0.11344678011344678,0.27360694027360694,-3.752172194770105,-4.0123691670322845
2019-05-23,student,0.974,0.999,0.1334668001334668,-0.9905167390214326,0.11433333333333333,0.07007007007007006,0.17350684017350682,0.19333333333333336,0.11344678011344678,0.27360694027360694,-2.8744582665080016,-3.10346110663784
2019-05-24,bb7,0.969,0.999,0.1334668001334668,2.171276641858275,0.11866666666666666,0.07340674007340674,0.17350684017350682,0.17766666666666667,0.11344678011344678,0.27360694027360694,-2.6630249085023547,-2.8655942179007576
2019-05-27,bb7,0.973,0.999,0.1334668001334668,0.5907055858878725,0.11166666666666668,0.06998665331998664,0.17350684017350682,0.17533333333333334,0.11344678011344678,0.27360694027360694,-2.716200988990391,-2.94773352958565
2019-05-28,bb7,0.977,1.0,0.1334668001334668,0.49966125596901245,0.108,0.07007007007007006,0.17350684017350682,0.18000000000000002,0.11344678011344678,0.27360694027360694,-2.4973701951749243,-2.7171570448837747
2019-05-29,bb7,0.979,0.999,0.1334668001334668,-1.3060013137235478,0.10933333333333332,0.07007007007007006,0.17350684017350682,0.17733333333333334,0.11336336336336336,0.2602602602602602,-2.517906906621296,-2.733567197016976
2019-05-30,bb7,0.978,0.999,0.1434768101434768,0.4226239096740325,0.11699999999999999,0.07007007007007006,0.1701701701701702,0.18800000000000003,0.11344678011344678,0.26359693026359693,-2.5907062200957953,-2.816365920316449
2019-05-31,student,0.978,1.0,0.1334668001334668,-0.23879437561131997,0.13166666666666665,0.0667334000667334,0.1701701701701702,0.19933333333333336,0.11344678011344678,0.2602602602602602,-2.508573900483749,-2.7414154139264606
2019-06-03,bb7,0.979,1.0,0.1334668001334668,1.42041235927905,0.11433333333333334,0.0667334000667334,0.1701701701701702,0.17033333333333334,0.11344678011344678,0.2602602602602602,-2.308656776046951,-2.4884109297370123
2019-06-04,student,0.982,1.0,0.1334668001334668,-1.0407236799678876,0.13533333333333333,0.0667334000667334,0.1701701701701702,0.213,0.11344678011344678,0.2602602602602602,-2.4525250834217194,-2.6606850027796973
2019-06-06,student,0.98,0.999,0.1334668001334668,-1.3287583713877578,0.12766666666666665,0.07007007007007006,0.17350684017350684,0.209,0.11678345011678344,0.2669336002669336,-2.3341845908385075,-2.5572991103430294
2019-06-07,student,0.977,0.999,0.1301301301301301,0.3730462860363575,0.11933333333333333,0.07007007007007006,0.1701701701701702,0.19766666666666666,0.11336336336336336,0.2602602602602602,-2.6096546907773517,-2.832208153000531
2019-06-10,bb7,0.977,0.999,0.1301301301301301,0.45004167005091,0.10633333333333334,0.07007007007007006,0.17025358692025352,0.16633333333333333,0.11336336336336336,0.2602602602602602,-2.3949421194159495,-2.5893794824098593
2019-06-11,bb7,0.974,0.999,0.1301301301301301,0.752134231375875,0.11566666666666665,0.07007007007007007,0.17350684017350682,0.17266666666666666,0.11011011011011011,0.2602602602602602,-2.507443017594729,-2.7020026356835047
2019-06-12,bb7,0.971,0.999,0.1301301301301301,-0.4118911573145375,0.11066666666666665,0.06998665331998664,0.17025358692025352,0.17600000000000002,0.11011011011011011,0.2570070070070069,-2.4069323531878952,-2.6192468507083797
2019-06-13,bb7,0.967,0.999,0.1334668001334668,-0.107716954231805,0.12033333333333333,0.06998665331998664,0.17025358692025352,0.17566666666666667,0.11011011011011011,0.2602602602602602,-2.362857406786139,-2.5628641236333407
2019-06-14,student,0.97,0.999,0.1334668001334668,-1.0596236887726276,0.11133333333333334,0.0667334000667334,0.17025358692025352,0.18633333333333335,0.11011011011011011,0.25700700700700696,-2.2900407296978202,-2.481813478127787
2019-06-17,student,0.969,0.999,0.1301301301301301,-1.34421868706213,0.118,0.0667334000667334,0.1701701701701702,0.18866666666666668,0.11011011011011011,0.2602602602602602,-2.316034694735837,-2.5237698291890327
2019-06-18,bb7,0.969,0.999,0.1301301301301301,0.29682853478801247,0.09733333333333334,0.0667334000667334,0.1701701701701702,0.15933333333333335,0.11011011011011011,0.2570070070070069,-2.396078733635858,-2.5745130806740595
2019-06-19,bb7,0.969,0.999,0.14681348014681347,-0.5843178065835251,0.11466666666666665,0.07007007007007006,0.1701701701701702,0.18033333333333335,0.11344678011344678,0.27027027027027023,-2.6731519725066146,-2.8775935964148887
2019-06-20,student,0.972,0.999,0.1301301301301301,1.3809655797006126,0.121,0.07007007007007006,0.17350684017350682,0.19666666666666668,0.11011011011011011,0.2569235902569236,-2.4076218911511678,-2.6120719854324443
2019-06-21,student,0.977,1.0,0.1334668001334668,-0.4427604674179375,0.12433333333333334,0.06998665331998664,0.17025358692025352,0.19100000000000003,0.11011011011011011,0.2602602602602602,-2.3599608036211013,-2.5535997073675736
2019-06-24,student,0.979,1.0,0.1334668001334668,0.14500719687504002,0.12233333333333334,0.0667334000667334,0.17017017017017014,0.18900000000000003,0.11011011011011011,0.2569235902569236,-2.219347629480728,-2.4107263032079644
2019-06-25,student,0.977,1.0,0.1334668001334668,0.3892516103899925,0.12333333333333334,0.07007007007007006,0.17017017017017014,0.19466666666666668,0.1100266933600267,0.25367033700367025,-2.2215056741338657,-2.424834125150376
2019-06-26,student,0.978,1.0,0.1334668001334668,-0.021502812829517493,0.11699999999999999,0.06998665331998664,0.17017017017017014,0.18600000000000003,0.11011011011011011,0.2569235902569236,-2.2644252606239803,-2.471360578463743
2019-06-27,bb7,0.979,1.0,0.1334668001334668,0.8993672781082175,0.11366666666666665,0.07007007007007006,0.17350684017350682,0.16533333333333333,0.1100266933600267,0.2569235902569236,-2.142688597802531,-2.3093171030986066
2019-06-28,student,0.982,1.0,0.1334668001334668,-0.3298050003004374,0.13033333333333333,0.07007007007007006,0.17017017017017014,0.19066666666666668,0.1100266933600267,0.2569235902569236,-2.2505207684306265,-2.433058566907127
2019-07-01,bb7,0.984,1.0,0.1301301301301301,0.7175923233005399,0.10299999999999998,0.06673340006673341,0.17017017017017014,0.15733333333333335,0.10677344010677343,0.25367033700367025,-2.192045698176501,-2.3513194113493263
2019-07-02,bb7,0.981,0.999,0.1301301301301301,-0.015695428604065087,0.11466666666666665,0.0667334000667334,0.17017017017017014,0.16633333333333333,0.10677344010677343,0.25367033700367025,-2.180468120579122,-2.3547952967395385
2019-07-03,student,0.981,1.0,0.1301301301301301,-0.46806315026461,0.11866666666666666,0.0667334000667334,0.16691691691691685,0.19533333333333336,0.1100266933600267,0.2502502502502502,-2.419633351865914,-2.620029498475691
2019-07-04,student,0.982,1.0,0.1301301301301301,0.7376415031647975,0.12266666666666665,0.0667334000667334,0.16691691691691685,0.19899999999999998,0.11336336336336336,0.2602602602602602,-2.2484067749729975,-2.446255882466363
2019-07-05,bb7,0.978,1.0,0.1301301301301301,-1.1230301989799973,0.122,0.0667334000667334,0.17017017017017014,0.17433333333333334,0.10677344010677343,0.2502502502502502,-2.1117893018263554,-2.269618401018225
2019-07-08,student,0.971,1.0,0.1301301301301301,-2.50283419171698,0.11999999999999998,0.06998665331998664,0.17017017017017014,0.18233333333333335,0.11011011011011011,0.2602602602602602,-2.316387418573301,-2.498586878953647
2019-07-09,student,0.968,0.999,0.1334668001334668,0.23157469133736744,0.11633333333333333,0.0667334000667334,0.17017017017017014,0.18533333333333335,0.11344678011344678,0.2602602602602602,-2.620470691608558,-2.837911244373722
2019-07-10,bb7,0.964,0.999,0.1334668001334668,-1.2981524061702499,0.111,0.0667334000667334,0.16691691691691685,0.17600000000000002,0.11336336336336336,0.2602602602602602,-2.417581513300753,-2.61656631317638
2019-07-11,student,0.953,0.999,0.1334668001334668,1.7881736063972902,0.121,0.0667334000667334,0.17017017017017014,0.18733333333333335,0.11336336336336336,0.2669336002669336,-2.5208409077454954,-2.7161096664794986
2019-07-12,bb7,0.956,0.999,0.1334668001334668,0.3472682132020576,0.106,0.0667334000667334,0.16691691691691685,0.166,0.11336336336336336,0.26368034701368026,-2.4194728427862855,-2.5971189671169363
2019-07-15,bb7,0.953,0.999,0.1334668001334668,1.81392542385611,0.10799999999999998,0.0667334000667334,0.16691691691691685,0.16233333333333336,0.11344678011344678,0.2669336002669336,-2.272587079017195,-2.465352192672457
2019-07-16,student,0.946,0.999,0.1334668001334668,2.192294199274955,0.118,0.0667334000667334,0.16691691691691685,0.19166666666666665,0.11344678011344678,0.2669336002669336,-2.8556156063737244,-3.079846666976862
2019-07-17,student,0.942,0.999,0.1334668001334668,0.8070711115038325,0.12133333333333333,0.07007007007007006,0.16683350016683351,0.18933333333333333,0.11344678011344678,0.2669336002669336,-2.5165505279780116,-2.731593359313055
2019-07-18,bb7,0.932,0.999,0.14681348014681347,-2.035933805675065,0.112,0.07007007007007006,0.17017017017017014,0.18800000000000003,0.11344678011344678,0.2670170170170169,-2.643217778647063,-2.854934371010651
2019-07-19,bb7,0.938,0.999,0.1334668001334668,-1.9686413295794574,0.11433333333333333,0.0667334000667334,0.16683350016683351,0.18000000000000002,0.11344678011344678,0.2669336002669336,-2.6094900745928715,-2.8173021446859714
2019-07-22,student,0.948,0.999,0.1334668001334668,-0.6749383071954475,0.11933333333333333,0.06998665331998664,0.17017017017017014,0.18366666666666667,0.11344678011344678,0.2669336002669336,-2.7608538388946053,-2.984604596276666
2019-07-23,student,0.954,0.999,0.1334668001334668,-0.3450707747134551,0.119,0.0667334000667334,0.16691691691691685,0.19299999999999998,0.11344678011344678,0.2669336002669336,-2.526655107959012,-2.763015668004453
2019-07-24,student,0.956,0.999,0.1334668001334668,-0.5989016105642075,0.12299999999999998,0.0667334000667334,0.16691691691691685,0.20099999999999998,0.11344678011344678,0.26359693026359693,-2.5204810657998067,-2.735396866334287
2019-07-25,bb7,0.938,0.999,0.14014014014014012,-0.6763515770185751,0.10733333333333334,0.06998665331998664,0.16683350016683351,0.17566666666666667,0.11344678011344678,0.2670170170170169,-2.75777351314442,-2.9761455242588672
2019-07-26,student,0.938,0.998,0.14014014014014012,0.260357344042545,0.11366666666666668,0.06673340006673341,0.16683350016683351,0.18333333333333332,0.11344678011344678,0.2669336002669336,-2.8323400043170373,-3.0655047337376136
2019-07-29,student,0.943,0.999,0.1301301301301301,-1.7101535771947776,0.11099999999999999,0.0667334000667334,0.1668335001668335,0.17966666666666667,0.11344678011344678,0.26034367701034355,-2.4890509598732655,-2.6916782548031337
2019-07-30,student,0.938,0.998,0.1434768101434768,-1.831426101793955,0.11466666666666665,0.0667334000667334,0.16683350016683351,0.17666666666666667,0.11344678011344678,0.26359693026359693,-2.7522122777075113,-2.96120095913532
2019-07-31,student,0.932,0.999,0.14681348014681347,0.8798443714789275,0.112,0.0667334000667334,0.16349683016349684,0.18666666666666665,0.11344678011344678,0.2602602602602602,-3.0820227091135166,-3.325701756622701
2019-08-01,student,0.938,0.999,0.13680347013680347,-3.0265506006878624,0.11533333333333334,0.0667334000667334,0.1668335001668335,0.17899999999999996,0.11344678011344678,0.2602602602602602,-2.9161244089308447,-3.1312222518256334
2019-08-02,bb7,0.938,0.999,0.14014014014014012,-0.16726304495453748,0.11666666666666665,0.07007007007007006,0.16683350016683351,0.17133333333333334,0.11336336336336336,0.26359693026359693,-3.1245637052047797,-3.3736499232725157
2019-08-05,bb7,0.938,0.999,0.15015015015015012,-1.9503060749702674,0.11966666666666666,0.0667334000667334,0.1668335001668335,0.19799999999999998,0.11344678011344678,0.26034367701034355,-3.1616597134121047,-3.434021139402156
2019-08-06,bb7,0.94,0.999,0.15015015015015012,-0.18916756653273498,0.11933333333333333,0.06673340006673341,0.1668335001668335,0.18466666666666667,0.11011011011011011,0.2602602602602602,-3.2139662362614816,-3.4690991254232704
2019-08-07,student,0.938,0.998,0.14014014014014012,-1.5117298748812127,0.114,0.06673340006673341,0.16683350016683351,0.19566666666666666,0.11344678011344678,0.26359693026359693,-3.1533338913108153,-3.4188134634207503
2019-08-08,bb7,0.948,0.999,0.1434768101434768,2.523485451972655,0.11066666666666668,0.06673340006673341,0.1668335001668335,0.18833333333333332,0.11011011011011011,0.2602602602602602,-3.202880448802398,-3.4534852170520414
2019-08-09,bb7,0.937,0.998,0.14014014014014012,-0.10282053551741,0.11266666666666665,0.07007007007007006,0.16683350016683351,0.17300000000000001,0.11344678011344678,0.26359693026359693,-3.1105908324679623,-3.3245223151504573
2019-08-13,student,0.679,0.949,0.13680347013680347,-1.7503053142200373,0.13566666666666666,0.07007007007007006,0.16683350016683351,0.22033333333333335,0.11344678011344678,0.2669336002669336,-3.249440775211994,-3.5307829239735202
2019-08-14,bb7,0.934,0.934,0.14014014014014012,0.8637581579351025,0.113,0.06673340006673341,0.1668335001668335,0.18466666666666667,0.11678345011678344,0.2669336002669336,-3.1421251891333175,-3.387390583334418
2019-08-16,bb7,0.934,0.934,0.14014014014014012,0.04205790313136748,0.10866666666666668,0.06673340006673341,0.1668335001668335,0.17333333333333334,0.11678345011678344,0.27027027027027023,-3.1066485589188124,-3.3377034135376844
2019-08-19,student,0.934,0.998,0.13680347013680347,-0.4703844924068875,0.12633333333333333,0.07007007007007006,0.1701701701701702,0.21433333333333335,0.11344678011344678,0.2669336002669336,-3.073108592787575,-3.338110443372195
2019-08-20,student,0.757,0.978,0.1301301301301301,1.13512063005722,0.11133333333333333,0.0667334000667334,0.16349683016349684,0.19099999999999998,0.11344678011344678,0.26359693026359693,-2.574311534385438,-2.8048829890846947
2019-08-21,bb7,0.705,0.957,0.13680347013680347,-2.6868447761882828,0.106,0.06673340006673341,0.1668335001668335,0.17600000000000002,0.11344678011344678,0.2669336002669336,-2.9166437217013472,-3.1325449949924615
2019-08-22,student,0.717,0.965,0.13680347013680347,-1.6991117365100799,0.11266666666666669,0.07007007007007006,0.16683350016683351,0.18866666666666668,0.11344678011344678,0.26359693026359693,-3.1035395913701587,-3.3444235852708952
2019-08-23,student,0.933,0.933,0.1334668001334668,1.0433260405374074,0.13099999999999998,0.06673340006673341,0.1668335001668335,0.20666666666666667,0.11678345011678344,0.2669336002669336,-3.2255897845547943,-3.461574968384924
2019-08-26,bb7,0.93,0.93,0.1334668001334668,0.9449399403047001,0.11033333333333334,0.06673340006673341,0.16683350016683351,0.17766666666666667,0.11678345011678344,0.2669336002669336,-3.173746024641061,-3.4147965455478424
2019-08-27,bb7,0.93,0.933,0.1334668001334668,1.84282416298913,0.10266666666666667,0.07007007007007006,0.16691691691691685,0.15833333333333335,0.11678345011678344,0.2669336002669336,-3.08636560427073,-3.318023795544279
2019-08-28,student,0.928,0.931,0.1334668001334668,-0.80408684143285,0.12533333333333332,0.06673340006673341,0.16683350016683351,0.19233333333333336,0.11678345011678344,0.2669336002669336,-3.1085949937186714,-3.340766786617632
2019-08-29,bb7,0.931,0.931,0.1334668001334668,-1.1695942234727528,0.10600000000000002,0.06673340006673341,0.1668335001668335,0.17766666666666667,0.11678345011678344,0.2669336002669336,-3.067394285083511,-3.2826110405660875
2019-08-30,bb7,0.941,0.998,0.1301301301301301,1.364210330081765,0.11566666666666668,0.06673340006673341,0.16683350016683351,0.17900000000000002,0.11344678011344678,0.2602602602602602,-3.104507178569682,-3.325511079902027
2019-09-03,student,0.914,0.997,0.12345679012345678,-1.9433133622596723,0.11766666666666666,0.0667334000667334,0.16349683016349684,0.19299999999999998,0.11344678011344678,0.2602602602602602,-3.087280658914732,-3.3204311054619606
2019-09-04,student,0.908,0.996,0.12345679012345678,0.18729169613425256,0.10766666666666665,0.06673340006673341,0.16358024691358017,0.17866666666666667,0.11344678011344678,0.2602602602602602,-3.0009961564070045,-3.2268830788929286
2019-09-05,bb7,0.942,0.998,0.1301301301301301,1.871430543687905,0.10633333333333334,0.06673340006673341,0.17017017017017014,0.15733333333333335,0.11344678011344678,0.2602602602602602,-3.0271142551014947,-3.2326080707194818
2019-09-06,student,0.97,0.998,0.12679346012679346,0.7649733066775226,0.11933333333333333,0.0667334000667334,0.1668335001668335,0.19866666666666669,0.11344678011344678,0.2602602602602602,-3.114545533783994,-3.3468507359515853
2019-09-09,student,0.719,0.813,0.12679346012679346,0.3734976590392074,0.12066666666666666,0.07007007007007006,0.16683350016683351,0.19033333333333333,0.11678345011678344,0.2669336002669336,-3.0210872109741675,-3.2416637764274903
2019-09-11,student,0.722,0.818,0.1301301301301301,2.6686834836573627,0.13166666666666665,0.07007007007007006,0.17017017017017014,0.213,0.11678345011678344,0.2669336002669336,-3.0260996033160454,-3.25097775362448
2019-09-12,bb7,0.92,0.938,0.1334668001334668,-1.43636415270226,0.10733333333333334,0.06673340006673341,0.16683350016683351,0.17800000000000002,0.11670003336670003,0.2669336002669336,-2.8716007941710457,-3.069925244131712
2019-09-13,student,0.938,0.997,0.1334668001334668,1.1064379939179279,0.12033333333333333,0.06673340006673341,0.1668335001668335,0.18966666666666668,0.11011011011011011,0.2569235902569236,-3.013463221991635,-3.246957738592304
2019-09-16,bb7,0.912,0.997,0.1301301301301301,-0.6911213190522449,0.11666666666666665,0.06673340006673341,0.16683350016683351,0.17466666666666666,0.11011011011011011,0.2569235902569236,-2.906182639093544,-3.0996652653738384
2019-09-17,bb7,0.918,0.997,0.1301301301301301,-1.9681640401016152,0.11199999999999999,0.0667334000667334,0.1668335001668335,0.17,0.11011011011011011,0.2569235902569236,-2.8173469338983113,-2.9935392333294457
2019-09-18,bb7,0.912,0.997,0.1301301301301301,0.461050184656155,0.10733333333333334,0.0667334000667334,0.16349683016349684,0.17366666666666666,0.11011011011011011,0.2569235902569236,-3.058292357294042,-3.274564957346142
2019-09-19,student,0.932,0.997,0.11011011011011011,-0.5776032386474226,0.09999999999999999,0.06664998331664997,0.16016016016016016,0.16733333333333333,0.10343677010343677,0.24366032699366022,-3.1039056048480704,-3.316803792298698
2019-09-20,student,0.937,0.998,0.10677344010677343,5.755064181776936,0.10633333333333335,0.06339673006339673,0.16016016016016016,0.16333333333333333,0.10669002335669,0.24691358024691357,-3.009120748332941,-3.2049141300068142
2019-09-23,bb7,0.937,0.997,0.11011011011011011,-0.46777520488964974,0.10333333333333333,0.0667334000667334,0.16349683016349684,0.152,0.10335335335335334,0.24024024024024024,-3.529261337299871,-3.739751909014872
2019-09-24,student,0.688,0.89,0.11678345011678344,0.7588234188868348,0.12166666666666666,0.0667334000667334,0.16358024691358017,0.18133333333333335,0.10343677010343677,0.2435769102435769,-3.739441740999082,-3.99801536845811
2019-09-25,student,0.942,0.997,0.11678345011678344,-3.4956283892424826,0.126,0.0667334000667334,0.16349683016349684,0.18733333333333335,0.1001001001001001,0.24024024024024024,-3.735137000798197,-4.016025149404603
2019-09-26,student,0.946,0.997,0.11344678011344678,-0.09465979123926005,0.118,0.0667334000667334,0.1668335001668335,0.167,0.1001001001001001,0.24024024024024024,-3.917460599797107,-4.154814604080099
2019-09-27,bb7,0.942,0.997,0.11678345011678344,-1.300565305467615,0.10833333333333334,0.0667334000667334,0.16358024691358017,0.162,0.1001001001001001,0.24024024024024024,-3.744920440907793,-3.9842819491200907
2019-09-30,student,0.961,0.997,0.11678345011678344,-1.0823324956297822,0.11333333333333333,0.06998665331998664,0.1701701701701702,0.16833333333333333,0.10001668335001669,0.24024024024024024,-3.625808232154237,-3.842654692104785
2019-10-01,student,0.963,0.997,0.11678345011678344,-2.1450562522618575,0.123,0.0667334000667334,0.16349683016349684,0.18133333333333335,0.1001001001001001,0.24024024024024024,-3.746927761410968,-3.9974103927339892
2019-10-03,bb7,0.963,0.997,0.11344678011344678,0.7083769309820298,0.10866666666666665,0.0667334000667334,0.16349683016349684,0.15933333333333333,0.1001001001001001,0.2369869869869869,-3.751434969042175,-3.9684590513693343
2019-10-04,student,0.963,0.997,0.11344678011344678,-0.9645874660596476,0.119,0.0667334000667334,0.16358024691358017,0.17833333333333334,0.1001001001001001,0.23690357023690356,-3.622349496515541,-3.845342286334302
2019-10-07,bb7,0.947,0.997,0.11344678011344678,-0.71507909305049,0.10466666666666669,0.0667334000667334,0.16349683016349684,0.16233333333333333,0.1001001001001001,0.2369869869869869,-3.469166208394813,-3.695649673268766
2019-10-09,bb7,0.945,0.997,0.11344678011344678,1.7897160894446098,0.10366666666666668,0.0667334000667334,0.16349683016349684,0.16333333333333333,0.10001668335001669,0.24024024024024024,-3.3195496387150842,-3.5233078257210653
2019-10-10,bb7,0.725,0.888,0.11344678011344678,-1.2768826677068625,0.09966666666666667,0.07007007007007007,0.1701701701701702,0.14966666666666667,0.1001001001001001,0.24032365699032357,-3.3274699299386175,-3.53978209629891
2019-10-11,student,0.945,0.997,0.11344678011344678,2.4298296272193127,0.135,0.06673340006673341,0.16683350016683351,0.19766666666666666,0.1001001001001001,0.24024024024024024,-3.4930538047399002,-3.7340852200101327
2019-10-14,bb7,0.938,0.997,0.11678345011678344,0.6259763202895974,0.11533333333333333,0.0667334000667334,0.1668335001668335,0.16,0.1001001001001001,0.2369869869869869,-3.5279077674116945,-3.7624311821709786
2019-10-15,bb7,0.936,0.997,0.11678345011678344,0.1574998839293974,0.11366666666666665,0.0667334000667334,0.1668335001668335,0.16566666666666666,0.10001668335001669,0.23690357023690356,-3.3420187081110284,-3.5585222450137417
2019-10-16,student,0.937,0.997,0.11344678011344678,-0.26870687359934753,0.12266666666666666,0.0667334000667334,0.16358024691358017,0.17433333333333334,0.10001668335001669,0.23690357023690356,-3.1839478240895143,-3.3822180511768085
2019-10-17,student,0.933,0.996,0.11344678011344678,3.8058532072685454,0.12533333333333332,0.0667334000667334,0.16683350016683351,0.18066666666666667,0.10001668335001669,0.23690357023690356,-3.1426656916841877,-3.351802476737904
2019-10-18,student,0.935,0.996,0.11344678011344678,-0.10506651698936248,0.12333333333333334,0.0667334000667334,0.16683350016683351,0.19066666666666665,0.10001668335001669,0.23690357023690356,-3.3097144468404847,-3.5240878048198327
2019-10-22,student,0.938,0.996,0.11344678011344678,-5.043584919205433,0.11633333333333333,0.0667334000667334,0.1668335001668335,0.18033333333333335,0.09676343009676343,0.23690357023690356,-3.1127536676107983,-3.3042717427030186
2019-10-23,student,0.931,0.994,0.11344678011344678,1.4074919731101976,0.11399999999999999,0.0667334000667334,0.1668335001668335,0.164,0.09676343009676343,0.23023023023023023,-5.046564412504045,-5.2286160173944465
2019-10-24,student,0.753,0.918,0.11344678011344678,-1.6359878390957934,0.125,0.0667334000667334,0.16683350016683351,0.17300000000000001,0.09676343009676343,0.23356690023356688,-3.1954369528818938,-3.367441664474659
2019-10-25,student,0.767,0.94,0.11011011011011011,0.69388376032319,0.12,0.0667334000667334,0.1668335001668335,0.16933333333333334,0.1001001001001001,0.23690357023690356,-3.3330233841751906,-3.571062399760722
2019-10-27,student,0.761,0.94,0.11011011011011011,4.20734426694105,0.11566666666666668,0.0667334000667334,0.1668335001668335,0.17300000000000001,0.1001001001001001,0.2336503169836502,-3.4914584399787674,-3.7210938245841882
2019-10-29,bb7,0.773,0.95,0.11011011011011011,4.07792189643359,0.10799999999999998,0.0667334000667334,0.16683350016683351,0.156,0.1001001001001001,0.23690357023690356,-3.472552924157938,-3.658022936343577
2019-10-30,bb7,0.761,0.947,0.11011011011011011,1.2164941001759577,0.09400000000000001,0.0667334000667334,0.1668335001668335,0.13799999999999998,0.10335335335335336,0.23690357023690356,-3.5987383976115805,-3.814641808030975
2019-10-31,student,0.938,0.997,0.10677344010677342,3.695434085836962,0.11133333333333333,0.0667334000667334,0.16349683016349684,0.17466666666666666,0.1001001001001001,0.23690357023690356,-3.7589590396836967,-3.9990341371989366
2019-11-01,student,0.952,0.997,0.11011011011011008,-0.15411821951744756,0.11366666666666668,0.0667334000667334,0.16683350016683351,0.16533333333333333,0.10343677010343677,0.24024024024024024,-4.073171940701174,-4.306625040539568
2019-11-04,student,0.952,0.997,0.11344678011344676,0.16026122549148503,0.118,0.0667334000667334,0.16349683016349684,0.17333333333333334,0.10343677010343677,0.24024024024024024,-3.821948401798256,-4.0747344576287094
2019-11-05,student,0.946,0.997,0.11011011011011008,0.060301278750332477,0.11166666666666665,0.0667334000667334,0.16349683016349684,0.16866666666666666,0.10335335335335336,0.24032365699032357,-3.715453704493225,-3.9576086835255864
2019-11-06,student,0.798,0.945,0.11678345011678344,0.8902161361167725,0.12133333333333333,0.0667334000667334,0.16349683016349684,0.17966666666666667,0.1001001001001001,0.23690357023690356,-3.7434286275351534,-3.9787400310516303
2019-11-07,bb7,0.965,0.998,0.11678345011678344,-0.5911924489366449,0.10533333333333333,0.0667334000667334,0.16349683016349684,0.15066666666666664,0.1001001001001001,0.23690357023690356,-3.355977192212813,-3.5343181547184477
2019-11-08,bb7,0.82,0.97,0.11344678011344678,-1.5612874261904777,0.10000000000000002,0.0667334000667334,0.16349683016349684,0.14533333333333334,0.10343677010343677,0.2369869869869869,-3.191600132839624,-3.3659799265097474
2019-11-11,student,0.839,0.975,0.11344678011344678,0.4165637860430825,0.13333333333333333,0.0667334000667334,0.1668335001668335,0.16966666666666666,0.10335335335335336,0.24024024024024024,-3.198710968796581,-3.3907552805024874
2019-11-13,bb7,0.97,0.998,0.12345679012345678,-1.4722183084149023,0.11733333333333333,0.0667334000667334,0.16349683016349684,0.163,0.1001001001001001,0.23690357023690356,-3.5429256573326047,-3.753039496682366
2019-11-14,student,0.581,0.808,0.12345679012345678,-0.35537979570203254,0.11866666666666666,0.0667334000667334,0.16349683016349684,0.17833333333333332,0.10343677010343677,0.24032365699032357,-3.50884449837854,-3.73902444805268
2019-11-15,bb7,0.816,0.972,0.12345679012345678,1.3026901252359149,0.11766666666666666,0.0667334000667334,0.16349683016349684,0.16866666666666666,0.10335335335335336,0.24024024024024024,-3.523185604506725,-3.7321275002699092
2019-11-18,bb7,0.605,0.838,0.12345679012345678,0.504040859873845,0.11099999999999999,0.0667334000667334,0.16349683016349684,0.17333333333333334,0.10343677010343677,0.2435769102435769,-3.5536364226929353,-3.805566972977722
2019-11-19,student,0.603,0.839,0.12345679012345678,0.10089797406239495,0.12966666666666665,0.0667334000667334,0.16349683016349684,0.20299999999999999,0.10343677010343677,0.2435769102435769,-3.536492122011669,-3.7820521906850644
2019-11-20,bb7,0.592,0.822,0.12345679012345678,-0.3067265576336025,0.11033333333333332,0.0667334000667334,0.16349683016349684,0.16666666666666666,0.10343677010343677,0.24032365699032357,-3.196503673190664,-3.3996490734291585
2019-11-21,bb7,0.95,0.998,0.12679346012679346,-0.0164593091595851,0.10166666666666667,0.0667334000667334,0.16349683016349684,0.16266666666666665,0.1001001001001001,0.2369869869869869,-3.133190513210825,-3.3633802290192363
2019-11-22,student,0.956,0.998,0.12679346012679346,-1.3925935628488975,0.12,0.0667334000667334,0.16349683016349684,0.18000000000000002,0.1001001001001001,0.24024024024024024,-3.1265786158477824,-3.3401531878153703
2019-11-25,student,0.772,0.952,0.12679346012679346,1.6741588284940498,0.12066666666666666,0.0667334000667334,0.1668335001668335,0.18133333333333335,0.10343677010343677,0.24024024024024024,-2.965765795219926,-3.1738045251267195
2019-11-26,bb7,0.772,0.958,0.12679346012679346,-0.7735771935903025,0.10533333333333335,0.0667334000667334,0.1668335001668335,0.15166666666666667,0.10343677010343677,0.2435769102435769,-2.854052575383165,-3.0357102738739985
2019-11-27,bb7,0.774,0.96,0.12012012012012012,1.578442533549925,0.108,0.0667334000667334,0.16683350016683351,0.159,0.10343677010343677,0.2435769102435769,-2.8000362138886974,-2.9800292535667547
2019-11-28,bb7,0.794,0.97,0.12012012012012012,0.39392236508434253,0.11299999999999999,0.06998665331998664,0.16683350016683351,0.16366666666666665,0.10343677010343677,0.2435769102435769,-2.8399945390950596,-3.0375420871390224
2019-11-29,bb7,0.774,0.962,0.12012012012012012,-1.8702502300922448,0.10766666666666667,0.0667334000667334,0.16683350016683351,0.15,0.10343677010343677,0.2435769102435769,-2.719343247996656,-2.881293234654228
2019-12-02,student,0.81,0.973,0.12679346012679346,-0.35049612674068503,0.11566666666666665,0.06673340006673341,0.16683350016683351,0.17766666666666667,0.10343677010343677,0.2435769102435769,-2.7170524663508995,-2.903874804458247
2019-12-03,bb7,0.81,0.971,0.12679346012679346,-0.5911476203849725,0.09300000000000001,0.0667334000667334,0.16683350016683351,0.15366666666666665,0.10343677010343677,0.2435769102435769,-2.6872023879436058,-2.8733729835205253
2019-12-04,student,0.801,0.969,0.1301301301301301,2.735882513372945,0.123,0.0667334000667334,0.16683350016683351,0.19466666666666665,0.10669002335669,0.24691358024691357,-2.746987645004503,-2.9542661370569627
2019-12-05,student,0.794,0.973,0.12679346012679346,-0.8268673955424625,0.11666666666666665,0.07007007007007006,0.1701701701701702,0.18133333333333332,0.10669002335669,0.24366032699366022,-2.8403436831632525,-3.016994083420753
2019-12-06,bb7,0.962,0.998,0.1301301301301301,-2.068287406066365,0.11633333333333334,0.0667334000667334,0.1668335001668335,0.17300000000000001,0.10343677010343677,0.2435769102435769,-2.7398747883425223,-2.9126851277866272
2019-12-09,bb7,0.955,0.998,0.12679346012679346,-0.561221877072315,0.125,0.0667334000667334,0.1668335001668335,0.16333333333333333,0.10343677010343677,0.2435769102435769,-2.916368750399688,-3.0852848623391713
2019-12-10,bb7,0.779,0.955,0.1301301301301301,-0.2678711054568775,0.11366666666666668,0.0667334000667334,0.17017017017017014,0.168,0.10343677010343677,0.24366032699366022,-2.8759852668801837,-3.0742117926925228
2019-12-11,bb7,0.776,0.957,0.12345679012345678,0.3204888570651375,0.11533333333333334,0.06998665331998664,0.16691691691691685,0.168,0.10669002335669,0.2435769102435769,-2.893393951877908,-3.106951961754631
2019-12-12,student,0.772,0.945,0.12012012012012012,1.7324309743334099,0.127,0.06673340006673341,0.17017017017017014,0.20033333333333334,0.10343677010343677,0.24032365699032357,-2.9064724463644804,-3.131009569216795
2019-12-13,student,0.775,0.947,0.12012012012012012,1.60726935383249,0.11766666666666666,0.07007007007007006,0.17017017017017014,0.17533333333333334,0.10343677010343677,0.2369869869869869,-2.896076859318414,-3.094503623707464
2019-12-16,bb7,0.774,0.944,0.12012012012012012,-0.6018023039565499,0.10933333333333334,0.07007007007007006,0.17017017017017014,0.15766666666666665,0.10343677010343677,0.2369869869869869,-2.8987571805315357,-3.0674296904044027
2019-12-17,bb7,0.815,0.953,0.12012012012012012,1.1916933789618827,0.11433333333333334,0.07007007007007007,0.17350684017350682,0.16966666666666666,0.10343677010343677,0.2369869869869869,-2.8579902440433025,-3.045091158681068
2019-12-18,bb7,0.829,0.962,0.11678345011678344,-1.53906950836716,0.10933333333333334,0.06998665331998664,0.16683350016683351,0.162,0.10343677010343677,0.24024024024024024,-2.8131793328130894,-2.9873685723666377
2019-12-19,student,0.766,0.942,0.12679346012679346,0.9420721404250101,0.12166666666666666,0.07007007007007006,0.16691691691691685,0.17733333333333334,0.10343677010343677,0.24024024024024024,-2.794672496446671,-2.9765731990880404
2019-12-20,student,0.787,0.945,0.12012012012012012,0.1989019148514174,0.12633333333333333,0.07007007007007006,0.16691691691691685,0.18733333333333332,0.10343677010343677,0.2435769102435769,-2.850186226101814,-3.04639366423349
2019-12-23,bb7,0.786,0.944,0.12012012012012012,-0.14700291358052497,0.10966666666666665,0.07007007007007007,0.16691691691691685,0.162,0.10343677010343677,0.23707040373707025,-2.785630496786038,-2.9752565893679956
2019-12-24,student,0.825,0.955,0.12012012012012012,-0.2895832290889025,0.12233333333333334,0.07007007007007006,0.17017017017017014,0.18900000000000003,0.10343677010343677,0.24024024024024024,-2.8299218178921097,-3.0324150944808026
2019-12-26,student,0.831,0.962,0.12012012012012012,-0.42028829983404997,0.11399999999999999,0.07007007007007006,0.1701701701701702,0.17233333333333334,0.10343677010343677,0.24024024024024024,-2.745796775655437,-2.923615704376075
2019-12-27,bb7,0.954,0.997,0.12012012012012012,1.1120379812609351,0.10366666666666667,0.06673340006673341,0.16683350016683351,0.159,0.1001001001001001,0.23690357023690356,-2.669504672036804,-2.8382689416544005
2019-12-30,bb7,0.805,0.953,0.12012012012012012,0.5365535948902524,0.10200000000000002,0.07007007007007007,0.17017017017017014,0.157,0.10343677010343677,0.2369869869869869,-2.564315037957419,-2.723595485851565
2019-12-31,bb7,0.825,0.958,0.11678345011678344,-0.09642350446437253,0.11666666666666665,0.06673340006673341,0.17017017017017014,0.16466666666666666,0.10343677010343677,0.2369869869869869,-2.580201360841569,-2.719618179340154
2020-01-01,student,0.816,0.953,0.11344678011344678,0.3273583477220825,0.12266666666666666,0.06673340006673341,0.16691691691691685,0.17633333333333334,0.10343677010343677,0.2369869869869869,-2.697581226964818,-2.897615534924452
2020-01-02,bb7,0.824,0.955,0.11344678011344678,1.5359916946829277,0.103,0.06673340006673341,0.16691691691691685,0.14833333333333334,0.10343677010343677,0.23690357023690356,-2.5103844339982206,-2.6603989328968543
2020-01-03,student,0.812,0.957,0.11678345011678344,-0.51587138956985,0.09966666666666667,0.07007007007007006,0.17350684017350682,0.14533333333333334,0.10343677010343677,0.23690357023690356,-2.5533210976853655,-2.695757858164481
2020-01-06,student,0.823,0.96,0.11678345011678344,-2.2465321539817324,0.12799999999999997,0.07007007007007006,0.17350684017350682,0.17133333333333334,0.10343677010343677,0.24024024024024024,-2.61498116669189,-2.788698317954937
2020-01-07,student,0.962,0.997,0.11678345011678344,-0.4801787404071575,0.12566666666666668,0.07007007007007006,0.16691691691691685,0.18399999999999997,0.10335335335335334,0.23690357023690356,-2.830534671630483,-3.040658440827101
2020-01-08,student,0.956,0.997,0.11678345011678344,-0.40608441761416253,0.11733333333333333,0.07007007007007006,0.16683350016683351,0.16033333333333333,0.1001001001001001,0.23690357023690356,-2.7305162043219897,-2.899101373650189
2020-01-09,student,0.951,0.997,0.11678345011678344,2.4589734033358575,0.10633333333333334,0.07007007007007006,0.16683350016683351,0.15666666666666665,0.1001001001001001,0.23690357023690356,-2.6783843166096624,-2.8656725080208822
2020-01-10,student,0.799,0.944,0.11678345011678344,1.3200548527928175,0.11599999999999999,0.07007007007007007,0.1701701701701702,0.159,0.1001001001001001,0.23690357023690356,-2.660845807015609,-2.807572077748986
2020-01-13,student,0.799,0.949,0.11678345011678344,1.562475302159985,0.10966666666666665,0.06998665331998664,0.16691691691691685,0.16766666666666666,0.1001001001001001,0.23690357023690356,-2.726752610244468,-2.901457730830156
2020-01-14,student,0.808,0.95,0.11678345011678344,-0.01773573166740501,0.123,0.07007007007007006,0.17025358692025352,0.164,0.1001001001001001,0.23690357023690356,-2.6858960332166735,-2.8293048895210413
2020-01-15,student,0.811,0.951,0.11678345011678344,0.17741608374211496,0.126,0.07007007007007007,0.17025358692025352,0.17500000000000002,0.1001001001001001,0.23356690023356688,-2.661857227320617,-2.820282673870316
2020-01-16,student,0.799,0.948,0.11678345011678344,-0.10413684156423497,0.11066666666666665,0.06673340006673341,0.16683350016683351,0.15933333333333333,0.1001001001001001,0.23356690023356688,-2.539152647706744,-2.6777856703643192
2020-01-17,student,0.81,0.95,0.11011011011011011,-0.28275723978406997,0.11766666666666666,0.06673340006673341,0.16683350016683351,0.169,0.1001001001001001,0.23356690023356688,-2.4947485585059037,-2.6462456360064115
2020-01-20,student,0.818,0.95,0.10343677010343676,-0.5591538350163775,0.10833333333333334,0.06673340006673341,0.16683350016683351,0.165,0.09676343009676343,0.23356690023356688,-2.46071747592847,-2.6001830943848163
2020-01-21,student,0.809,0.949,0.10343677010343676,-0.7745275720599849,0.11599999999999999,0.06998665331998664,0.1701701701701702,0.17866666666666664,0.09676343009676343,0.23356690023356688,-2.557341459003445,-2.7301680491799947
2020-01-22,student,0.811,0.949,0.10010010010010008,-0.36864896155754756,0.10100000000000002,0.0667334000667334,0.16683350016683351,0.15133333333333335,0.09676343009676343,0.23023023023023023,-2.3504832078144617,-2.489263834721228
2020-01-23,student,0.826,0.951,0.10010010010010008,1.4441124030314125,0.11566666666666668,0.0667334000667334,0.16358024691358017,0.16633333333333333,0.09676343009676343,0.23023023023023023,-2.3608939384863,-2.4861846126758484
2020-01-24,student,0.74,0.761,0.09009009009009007,-0.03542883449343248,0.121,0.07007007007007006,0.17350684017350682,0.17366666666666666,0.09676343009676343,0.23023023023023023,-2.561877529918819,-2.7113119012070865
2020-01-27,student,0.83,0.951,0.10010010010010008,-1.4945239835437976,0.103,0.07007007007007006,0.1701701701701702,0.143,0.09676343009676343,0.23023023023023023,-2.3804360802920863,-2.49353810467125
2020-01-28,student,0.741,0.759,0.10010010010010008,-0.9507527383328075,0.11599999999999999,0.06673340006673341,0.17017017017017014,0.17566666666666667,0.10001668335001669,0.23023023023023023,-2.5112783286712266,-2.6599928652287925
2020-01-29,student,0.829,0.965,0.10010010010010008,2.2859031057415673,0.11366666666666668,0.07007007007007006,0.17017017017017014,0.16366666666666665,0.1001001001001001,0.23023023023023023,-2.4735301289302023,-2.6064502458075367
2020-01-30,student,0.757,0.776,0.10343677010343677,-1.1869615357014376,0.109,0.06998665331998664,0.16683350016683351,0.14866666666666667,0.09676343009676343,0.22697697697697689,-2.46424066999853,-2.5912074307404267
2020-01-31,student,0.753,0.761,0.10343677010343677,-1.1513781117071926,0.11466666666666665,0.07007007007007007,0.17359025692359017,0.155,0.09676343009676343,0.23023023023023023,-2.444173500371338,-2.5759640065954756
2020-02-03,student,0.753,0.782,0.10343677010343677,-2.0834160048008377,0.109,0.06673340006673341,0.17017017017017014,0.14666666666666664,0.09676343009676343,0.23356690023356688,-2.4779802898472734,-2.61980488834723
2020-02-04,student,0.775,0.794,0.09342676009342675,1.3431432602599676,0.12533333333333332,0.07332332332332332,0.17350684017350684,0.161,0.09676343009676343,0.2236403069736402,-2.9884488447607374,-3.1645190114321022
2020-02-05,student,0.765,0.789,0.09342676009342675,2.919219506500357,0.10766666666666667,0.07332332332332332,0.17350684017350682,0.14466666666666667,0.1001001001001001,0.23356690023356688,-2.8356074451269486,-2.9775891745173313
2020-02-06,student,0.76,0.761,0.09009009009009007,-0.27999537861810997,0.12766666666666665,0.07007007007007007,0.17350684017350682,0.166,0.09676343009676343,0.22022022022022023,-2.986085816628619,-3.1700834373888505
2020-02-07,student,0.861,0.97,0.09009009009009007,-0.6205741442384449,0.108,0.07332332332332332,0.1701701701701702,0.1416666666666667,0.09342676009342676,0.22022022022022023,-2.819064232386766,-2.9846609510119633
2020-02-10,student,0.979,0.998,0.08675342008675341,-0.9863064430391926,0.10333333333333333,0.07007007007007006,0.1701701701701702,0.14566666666666667,0.09342676009342676,0.22022022022022023,-2.8891151948240905,-3.0704039076195095
2020-02-11,student,0.987,0.998,0.08675342008675341,0.5147106387570101,0.11533333333333333,0.07340674007340674,0.17359025692359015,0.1456666666666667,0.09342676009342676,0.22022022022022023,-2.8285081087491886,-2.983744931891937
2020-02-12,student,0.872,0.97,0.08675342008675341,1.3159007623344026,0.11433333333333334,0.07007007007007006,0.16683350016683351,0.15333333333333335,0.09342676009342676,0.21688355021688355,-2.8077784648894326,-2.989529894054662
2020-02-13,student,0.884,0.975,0.1001001001001001,0.9563768164510227,0.11466666666666665,0.06673340006673341,0.16683350016683351,0.15066666666666667,0.09676343009676343,0.22697697697697689,-2.9353409649139093,-3.104058646028484
2020-02-14,student,0.878,0.975,0.1001001001001001,-1.1773729677517275,0.09200000000000001,0.06673340006673341,0.1701701701701702,0.14100000000000001,0.09676343009676343,0.22689356022689355,-2.8170556456400138,-2.985932101791714
2020-02-17,student,0.878,0.975,0.09342676009342675,-0.3423499755246624,0.10033333333333333,0.06673340006673341,0.16691691691691685,0.14366666666666666,0.09676343009676343,0.22689356022689355,-2.718456464767225,-2.8800616201520115
2020-02-18,student,0.885,0.979,0.1001001001001001,-0.8134934437588623,0.12066666666666666,0.06998665331998664,0.1701701701701702,0.15766666666666665,0.09676343009676343,0.22689356022689355,-2.7261458167068335,-2.8377377980312777
2020-02-19,student,0.885,0.978,0.09009009009009007,0.38969724144257756,0.12266666666666666,0.06673340006673341,0.16683350016683351,0.16766666666666666,0.09676343009676343,0.22689356022689355,-2.7396926913691395,-2.8990754999349013
2020-02-20,student,0.842,0.862,0.08675342008675341,0.042936855528345017,0.11066666666666669,0.06673340006673341,0.16691691691691685,0.16333333333333333,0.1001001001001001,0.22697697697697689,-2.8247485635778684,-2.9944559882658477
2020-02-24,student,0.884,0.979,0.08675342008675341,-2.038000775301147,0.12366666666666666,0.06998665331998664,0.16683350016683351,0.16733333333333333,0.09676343009676343,0.22689356022689355,-2.7574019460000363,-2.926557069793668
2020-02-25,student,0.823,0.839,0.08675342008675341,0.45884233786552253,0.12266666666666666,0.06998665331998664,0.16683350016683351,0.16666666666666666,0.10001668335001669,0.23023023023023023,-2.8267836710211887,-2.9903917494079906
2020-02-26,student,0.966,0.947,0.08675342008675341,-1.267518021111895,0.12833333333333333,0.06673340006673341,0.16683350016683351,0.18000000000000002,0.09676343009676343,0.22697697697697689,-2.8847067765080903,-3.0594071988302027
2020-02-27,student,0.856,0.968,0.08008008008008007,-0.308152998365805,0.12166666666666666,0.06673340006673341,0.16683350016683351,0.152,0.09676343009676343,0.22689356022689355,-2.694404802677777,-2.828726729846686
2020-02-28,student,0.81,0.838,0.08008008008008007,-6.926803961555063,0.12333333333333334,0.06998665331998664,0.16683350016683351,0.169,0.09676343009676343,0.22689356022689355,-2.7744318716050027,-2.9446966270859862
2020-03-02,student,0.798,0.827,0.09676343009676343,-1.878418958038935,0.12433333333333331,0.07340674007340674,0.17350684017350682,0.163,0.10343677010343677,0.24024024024024024,-3.395186482794871,-3.595733789390958
2020-03-03,student,0.97,0.959,0.09676343009676343,1.4632201668266176,0.10033333333333334,0.07007007007007006,0.17350684017350682,0.14300000000000002,0.10343677010343677,0.23690357023690356,-3.571445150448517,-3.783316289998329
2020-03-04,student,0.967,0.956,0.10010010010010008,-0.7083310861988825,0.12933333333333333,0.07332332332332332,0.17350684017350682,0.18366666666666664,0.10343677010343677,0.23690357023690356,-3.6167237841911652,-3.8087812599664574
2020-03-05,student,0.967,0.948,0.10010010010010008,0.5320898640480325,0.112,0.07332332332332332,0.17350684017350682,0.157,0.10343677010343677,0.23690357023690356,-3.386594725616336,-3.605058665432486
2020-03-06,student,0.96,0.946,0.10677344010677343,-4.873285920799425,0.11433333333333333,0.07340674007340674,0.17025358692025352,0.16433333333333333,0.10343677010343677,0.23690357023690356,-3.4798246948270206,-3.719639762987445
2020-03-09,student,0.788,0.817,0.11011011011011011,-5.538519431761451,0.11133333333333333,0.07340674007340674,0.17350684017350684,0.17,0.10669002335669002,0.24032365699032357,-3.629453072333766,-3.890286877948469
2020-03-11,bb7,0.864,0.98,0.12345679012345678,-2.771708758020363,0.11366666666666665,0.07340674007340674,0.17350684017350684,0.16266666666666665,0.10677344010677343,0.24691358024691357,-3.946149437777401,-4.236894087887491
2020-03-12,bb7,0.969,0.949,0.12345679012345678,-9.733343615332199,0.11966666666666666,0.07340674007340674,0.17350684017350684,0.163,0.10677344010677343,0.24691358024691357,-4.198222424135689,-4.440368759928135
2020-03-13,bb7,0.96,0.94,0.13680347013680347,3.8899886941200474,0.12466666666666666,0.0767434100767434,0.17684351017684352,0.17966666666666664,0.11011011011011011,0.2569235902569236,-5.676773816524608,-6.065555864336113
2020-03-16,bb7,0.981,0.998,0.13680347013680347,-7.54050116433557,0.11699999999999999,0.07340674007340674,0.1768435101768435,0.18366666666666664,0.1100266933600267,0.2535869202535869,-5.839979717805725,-6.236091873181294
2020-03-17,bb7,0.948,0.93,0.15015015015015012,-2.9409612724707053,0.14266666666666666,0.07674341007674342,0.1801801801801802,0.19766666666666666,0.11344678011344678,0.26359693026359693,-6.448994295677985,-6.859883472980766
2020-03-18,bb7,0.943,0.921,0.15015015015015012,-2.7622711284285675,0.13333333333333333,0.07674341007674342,0.1801801801801802,0.18933333333333333,0.11344678011344678,0.2602602602602602,-6.382001036992122,-6.866268002977388
2020-03-19,bb7,0.95,0.932,0.14681348014681347,-2.853692954688772,0.12933333333333333,0.07674341007674342,0.1801801801801802,0.18800000000000003,0.11344678011344678,0.2602602602602602,-5.906548374418289,-6.368271999192688
2020-03-20,bb7,0.964,0.941,0.14681348014681347,6.6974214974020905,0.12,0.07674341007674342,0.1801801801801802,0.18499999999999997,0.11344678011344678,0.26034367701034355,-5.852244360389386,-6.287055470782708
2020-03-23,bb7,0.95,0.934,0.15015015015015012,-12.457198021669388,0.118,0.0767434100767434,0.18351685018351685,0.17200000000000001,0.11344678011344678,0.2570070070070069,-6.106334110928099,-6.58349067573852
2020-03-24,bb7,0.915,0.912,0.1634968301634968,5.96199746104866,0.11466666666666668,0.07999666332999665,0.18351685018351685,0.1723333333333333,0.11678345011678344,0.2670170170170169,-7.1136248769708885,-7.67796921320948
2020-03-25,bb7,0.921,0.921,0.17017017017017014,2.928623046391705,0.128,0.07674341007674342,0.18360026693360018,0.19133333333333336,0.11678345011678344,0.26368034701368026,-7.445650697735619,-7.89581732653
2020-03-26,bb7,0.921,0.916,0.1634968301634968,3.2871930997884173,0.11666666666666668,0.07674341007674342,0.18351685018351685,0.16666666666666666,0.12012012012012012,0.27027027027027023,-7.0150353678871165,-7.552036355298725
2020-03-27,bb7,0.944,0.996,0.17350684017350682,0.1237889817528875,0.12333333333333331,0.0767434100767434,0.18351685018351685,0.18166666666666667,0.11678345011678344,0.26368034701368026,-6.523926974870963,-7.019788102085299
2020-03-30,bb7,0.947,0.997,0.17350684017350682,-2.610367530611365,0.12100000000000001,0.0767434100767434,0.18351685018351685,0.18466666666666667,0.11678345011678344,0.26359693026359693,-5.9865111911060644,-6.475369326151302
2020-03-31,bb7,0.932,0.926,0.17017017017017014,4.195514696164739,0.13333333333333333,0.07674341007674342,0.18351685018351685,0.19399999999999998,0.11678345011678344,0.2669336002669336,-6.396425437078614,-6.967944893351279
2020-04-01,bb7,0.919,0.913,0.17017017017017014,-5.341764122252632,0.14233333333333334,0.08008008008008007,0.18360026693360018,0.20199999999999999,0.11678345011678344,0.2669336002669336,-6.249606856665236,-6.786875444908186
2020-04-03,bb7,0.947,0.996,0.17350684017350682,-3.5352239704369977,0.11233333333333333,0.07674341007674342,0.1868535201868535,0.165,0.11678345011678344,0.2669336002669336,-5.721574904096898,-6.208636680206904
2020-04-07,bb7,0.939,0.93,0.17017017017017014,7.585215494530255,0.13333333333333333,0.07999666332999665,0.1868535201868535,0.19633333333333333,0.11678345011678344,0.2669336002669336,-6.258125919896964,-6.783123700772003
2020-04-08,bb7,0.94,0.996,0.17350684017350682,-0.459095606913265,0.12166666666666666,0.08008008008008008,0.1868535201868535,0.17733333333333332,0.11344678011344678,0.2669336002669336,-6.626565234388719,-7.1048801339321175
2020-04-09,bb7,0.944,0.997,0.17350684017350682,2.370634055752935,0.12933333333333333,0.08008008008008007,0.18360026693360018,0.19833333333333333,0.11678345011678344,0.26368034701368026,-5.829725077105295,-6.287928446758511
2020-04-13,bb7,0.938,0.996,0.17350684017350682,-0.9182212466071524,0.13733333333333334,0.08008008008008008,0.18685352018685353,0.18499999999999997,0.11678345011678344,0.26359693026359693,-5.670828264854592,-6.110703210015201
2020-04-15,bb7,0.92,0.994,0.17017017017017014,0.9086053039940826,0.12566666666666668,0.08008008008008007,0.18360026693360018,0.17633333333333334,0.11670003336670003,0.26359693026359693,-5.442079762767367,-5.833719736158095
2020-04-16,bb7,0.938,0.996,0.1668335001668335,0.29798105305982736,0.11566666666666668,0.07999666332999665,0.18360026693360018,0.17333333333333334,0.11344678011344678,0.26359693026359693,-5.134886423624348,-5.514427062254547
2020-04-17,bb7,0.94,0.996,0.17017017017017014,1.0139031500062075,0.12933333333333333,0.07999666332999665,0.18351685018351685,0.17999999999999997,0.11678345011678344,0.26368034701368026,-5.101743958366669,-5.511323715682688
2020-04-20,bb7,0.942,0.996,0.17017017017017014,1.4917745113758847,0.11299999999999999,0.08008008008008007,0.18351685018351685,0.17466666666666666,0.11678345011678344,0.26368034701368026,-4.799546044962872,-5.161823487700918
2020-04-21,bb7,0.931,0.922,0.1668335001668335,-3.8849412184399625,0.12866666666666665,0.08008008008008007,0.18351685018351685,0.17633333333333334,0.11678345011678344,0.26359693026359693,-4.8214081967392115,-5.199630731832664
2020-04-22,bb7,0.94,0.996,0.17017017017017014,2.0141251380404146,0.12866666666666668,0.07999666332999665,0.18351685018351685,0.17666666666666667,0.11344678011344678,0.26359693026359693,-4.904972687310866,-5.276711629446518
2020-04-23,bb7,0.944,0.996,0.17017017017017014,0.3390251848024426,0.13466666666666666,0.07999666332999665,0.18351685018351685,0.19233333333333333,0.11344678011344678,0.26359693026359693,-4.970370878503527,-5.3575479672299045
2020-04-24,bb7,0.949,0.997,0.17017017017017014,-2.60255056170001,0.12966666666666665,0.07674341007674342,0.18351685018351685,0.18666666666666665,0.11344678011344678,0.26368034701368026,-4.738554410352559,-5.113443951188432
2020-04-27,bb7,0.94,0.92,0.1634968301634968,1.1659143792131126,0.14266666666666666,0.08008008008008007,0.18351685018351685,0.209,0.11678345011678344,0.2669336002669336,-4.950481533784369,-5.386330170351261
2020-04-28,bb7,0.922,0.911,0.1634968301634968,0.5460904414742851,0.11699999999999999,0.08008008008008007,0.18351685018351685,0.169,0.11678345011678344,0.2669336002669336,-4.6100978743248,-4.960069187993496
2020-04-29,bb7,0.92,0.907,0.1634968301634968,1.11056100698721,0.14033333333333334,0.08008008008008007,0.18351685018351685,0.19933333333333333,0.11678345011678344,0.2669336002669336,-4.496350012644431,-4.841336966970681
2020-04-30,bb7,0.957,0.996,0.1668335001668335,5.453180034335047,0.122,0.07999666332999665,0.18351685018351685,0.17966666666666667,0.11344678011344678,0.26359693026359693,-4.469988563716229,-4.8019761515897725
2020-05-04,bb7,0.949,0.996,0.1668335001668335,-7.037519409714863,0.12699999999999997,0.08008008008008007,0.18360026693360018,0.18933333333333333,0.11344678011344678,0.26359693026359693,-4.5945533046114235,-4.918437744095633
2020-05-05,bb7,0.949,0.996,0.1868535201868535,-2.6191740778030375,0.13366666666666668,0.08008008008008007,0.18685352018685353,0.19566666666666666,0.11678345011678344,0.27035368702035356,-5.070562664354911,-5.47380950030233
2020-05-06,student,0.921,0.898,0.18351685018351682,0.12592548770090006,0.15166666666666667,0.08008008008008007,0.18685352018685353,0.23399999999999999,0.11678345011678344,0.27360694027360694,-5.617245975189174,-6.157758836306772
2020-05-07,bb7,0.945,0.997,0.1868535201868535,-0.52485480945994,0.126,0.08008008008008008,0.18685352018685353,0.19400000000000003,0.1200367033700367,0.27035368702035356,-5.2076355037126145,-5.646726017674429
2020-05-08,bb7,0.95,0.998,0.1868535201868535,0.4878617758773102,0.15366666666666667,0.08008008008008008,0.18685352018685353,0.219,0.1200367033700367,0.27035368702035356,-5.195384588803078,-5.65353832973801
2020-05-11,bb7,0.953,0.998,0.19019019019019015,1.1500233027197848,0.13066666666666665,0.08008008008008008,0.18685352018685353,0.19466666666666665,0.11678345011678344,0.27035368702035356,-4.899635080196875,-5.29667668603872
2020-05-12,bb7,0.949,0.998,0.1868535201868535,-0.028507690097182514,0.13166666666666665,0.08008008008008007,0.18685352018685353,0.18766666666666668,0.1200367033700367,0.27360694027360694,-4.850132946984209,-5.272328400703327
2020-05-13,bb7,0.922,0.923,0.18351685018351682,1.3822946912295904,0.11599999999999999,0.08008008008008007,0.19027360694027354,0.17299999999999996,0.1200367033700367,0.27360694027360694,-4.4239627864831,-4.7914850348228395
2020-05-14,bb7,0.941,0.997,0.1868535201868535,-3.0960552146871745,0.12066666666666666,0.08008008008008008,0.19019019019019015,0.18300000000000002,0.11678345011678344,0.27360694027360694,-4.508214084694338,-4.866030119032718
2020-05-15,bb7,0.941,0.997,0.19019019019019015,0.031094549692432527,0.13433333333333333,0.08008008008008007,0.18693693693693686,0.18466666666666667,0.12012012012012012,0.27360694027360694,-4.543683181652158,-4.897671604358293
2020-05-18,bb7,0.939,0.997,0.1868535201868535,-2.7391450403125925,0.129,0.08008008008008007,0.18693693693693686,0.19599999999999998,0.12012012012012012,0.27360694027360694,-4.572681983016473,-4.927876027985845
2020-05-19,bb7,0.916,0.922,0.18351685018351682,-0.2484409315791325,0.13166666666666665,0.08008008008008008,0.1901901901901902,0.19199999999999998,0.12012012012012012,0.27369035702369027,-5.018499450399765,-5.4625970425029315
2020-05-20,bb7,0.919,0.935,0.18018018018018014,0.8255960507166575,0.13266666666666668,0.08008008008008008,0.1901901901901902,0.19799999999999998,0.12012012012012012,0.27360694027360694,-4.787259984340115,-5.187709945609796
2020-05-21,bb7,0.927,0.944,0.18018018018018014,-0.19649145055105754,0.14166666666666666,0.08008008008008007,0.18685352018685353,0.21233333333333335,0.12012012012012012,0.27360694027360694,-4.7863180734811905,-5.220649334770729
2020-05-22,bb7,0.913,0.922,0.18018018018018014,0.38200067501294255,0.147,0.08008008008008008,0.19019019019019015,0.20199999999999999,0.12012012012012012,0.27360694027360694,-4.663712430549223,-5.028408175147546
2020-05-26,bb7,0.922,0.94,0.18018018018018014,-0.3757004136538775,0.13999999999999999,0.08008008008008008,0.19019019019019015,0.204,0.12012012012012012,0.27360694027360694,-4.343456780392011,-4.6942191009581915
2020-05-27,bb7,0.731,0.791,0.18018018018018014,2.7476211113935998,0.124,0.08008008008008008,0.19019019019019015,0.17966666666666667,0.12012012012012012,0.27360694027360694,-4.16318138539911,-4.481505273892417
2020-05-28,bb7,0.935,0.943,0.18351685018351682,0.86783172006654,0.14066666666666666,0.08008008008008008,0.19019019019019015,0.21033333333333334,0.12012012012012012,0.2769436102769436,-4.373423084510882,-4.726443393948213
2020-05-29,bb7,0.948,0.957,0.18351685018351682,0.8194719172230125,0.14033333333333334,0.08008008008008008,0.19019019019019015,0.20166666666666666,0.12012012012012012,0.2769436102769436,-4.215199627739891,-4.539774315774619
2020-06-01,bb7,0.937,0.943,0.18351685018351682,2.964869304041655,0.11366666666666665,0.08008008008008008,0.19019019019019015,0.17266666666666666,0.12012012012012012,0.2769436102769436,-3.9896319794450212,-4.275247882771539
2020-06-02,bb7,0.712,0.777,0.18351685018351682,2.188088479873742,0.12633333333333333,0.08008008008008008,0.1901901901901902,0.17900000000000002,0.12012012012012012,0.2769436102769436,-4.181840375050685,-4.5165817148267005
2020-06-03,bb7,0.737,0.799,0.18351685018351682,1.1724684619967127,0.12333333333333334,0.08008008008008008,0.1901901901901902,0.19733333333333333,0.12012012012012012,0.2769436102769436,-4.156714747862454,-4.488489022711589
2020-06-04,bb7,0.73,0.788,0.18351685018351682,0.035980897015855606,0.13899999999999998,0.08008008008008008,0.19019019019019015,0.21166666666666667,0.12337337337337337,0.2769436102769436,-4.042771581664703,-4.344398780695521
2020-06-05,bb7,0.732,0.798,0.18351685018351682,4.29044629188145,0.123,0.08008008008008008,0.19027360694027354,0.18766666666666665,0.12345679012345678,0.28028028028028024,-3.9792679188960642,-4.295511133389411
2020-06-08,bb7,0.771,0.854,0.18351685018351682,1.7998276239428026,0.13099999999999998,0.08008008008008008,0.19352686019352686,0.19999999999999998,0.12012012012012012,0.2769436102769436,-4.276615366531996,-4.63413984002088
2020-06-09,bb7,0.943,0.965,0.18351685018351682,-1.3726402098101549,0.144,0.08008008008008008,0.1901901901901902,0.21966666666666668,0.12345679012345678,0.28028028028028024,-4.169308599423108,-4.510628996517429
2020-06-10,bb7,0.943,0.966,0.18351685018351682,0.5193896060632125,0.13033333333333333,0.08008008008008008,0.1901901901901902,0.18966666666666665,0.12345679012345678,0.28028028028028024,-3.8406018350286284,-4.113391267007643
2020-06-11,bb7,0.964,0.972,0.18351685018351682,-3.222377149960727,0.12666666666666668,0.08333333333333333,0.19027360694027354,0.17966666666666667,0.12345679012345678,0.28028028028028024,-3.893765192574478,-4.182472926192403
2020-06-12,bb7,0.967,0.971,0.18018018018018014,-0.34240229310186504,0.13566666666666666,0.08333333333333333,0.19352686019352686,0.20166666666666666,0.12345679012345678,0.28361695028361694,-4.044864633961445,-4.3659275861557765
2020-06-15,bb7,0.97,0.984,0.18018018018018014,-2.3755963495166847,0.147,0.08341675008341674,0.19352686019352686,0.20366666666666666,0.12345679012345678,0.28361695028361694,-4.023698373973073,-4.348785306938197
2020-06-16,bb7,0.948,0.97,0.18018018018018014,-1.1923793956801374,0.15333333333333335,0.08341675008341674,0.19352686019352686,0.22033333333333335,0.12345679012345678,0.28361695028361694,-4.226886797003395,-4.611396518604885
2020-06-17,bb7,0.955,0.971,0.1768435101768435,0.28821327170867,0.142,0.08341675008341674,0.1901901901901902,0.21633333333333335,0.12345679012345678,0.28361695028361694,-4.118327360140442,-4.451167921418488
2020-06-18,bb7,0.956,0.973,0.1768435101768435,1.4038039416589174,0.13066666666666668,0.08333333333333333,0.1901901901901902,0.18633333333333335,0.12345679012345678,0.28361695028361694,-3.8385263097306863,-4.13079769140292
2020-06-19,bb7,0.755,0.86,0.1768435101768435,2.4182503558558572,0.142,0.08333333333333333,0.19352686019352686,0.21333333333333335,0.12345679012345678,0.28028028028028024,-4.0536610403689854,-4.370298342849038
2020-06-22,bb7,0.748,0.847,0.18018018018018014,0.49678734769224503,0.144,0.08008008008008008,0.19352686019352686,0.21066666666666667,0.12345679012345678,0.28028028028028024,-3.979294594848736,-4.275783205895217
2020-06-23,bb7,0.749,0.85,0.18018018018018014,2.2902650297076024,0.12666666666666665,0.08008008008008008,0.19352686019352686,0.18933333333333333,0.12345679012345678,0.28028028028028024,-3.7827098159674652,-4.05966201726949
2020-06-24,bb7,0.735,0.833,0.18351685018351682,-1.4712531765578603,0.13,0.08008008008008008,0.19352686019352686,0.17733333333333334,0.12345679012345678,0.28036369703036357,-3.8602776827986305,-4.129160009588789
2020-06-25,bb7,0.734,0.826,0.18351685018351682,-0.13641494625592998,0.13533333333333333,0.08341675008341674,0.19352686019352686,0.19966666666666666,0.12345679012345678,0.28028028028028024,-3.868404545840876,-4.1751600467302055
2020-06-26,bb7,0.748,0.842,0.18351685018351682,0.7552497111052128,0.13333333333333333,0.08341675008341674,0.19352686019352686,0.18866666666666665,0.12345679012345678,0.28028028028028024,-3.885663690890975,-4.187314290420924
2020-06-29,bb7,0.939,0.956,0.18351685018351682,-1.4450430870974575,0.146,0.08333333333333333,0.19352686019352683,0.217,0.12345679012345678,0.28028028028028024,-4.029048403612989,-4.329096107781188
2020-06-30,bb7,0.945,0.949,0.18351685018351682,-0.30604947696325746,0.11833333333333333,0.08341675008341676,0.19352686019352686,0.17866666666666667,0.12679346012679346,0.28361695028361694,-3.836072739686984,-4.129534314310323
2020-07-01,bb7,0.949,0.997,0.1868535201868535,1.254026940750635,0.13733333333333334,0.08008008008008008,0.19027360694027354,0.2046666666666667,0.12679346012679346,0.28028028028028024,-3.9345684375785823,-4.2483729199813345
2020-07-02,bb7,0.945,0.949,0.1868535201868535,0.8995302707423878,0.141,0.08341675008341674,0.19352686019352686,0.217,0.1301301301301301,0.2803636970303636,-3.9665676377230312,-4.288218503985827
2020-07-03,bb7,0.949,0.967,0.18018018018018014,0.8165987827530199,0.11566666666666665,0.08341675008341676,0.19352686019352686,0.18466666666666667,0.12679346012679346,0.28361695028361694,-3.644097841583005,-3.924248522759253
2020-07-06,bb7,0.941,0.997,0.18018018018018014,1.6588852665982774,0.12966666666666668,0.08008008008008008,0.19027360694027354,0.19699999999999998,0.12679346012679346,0.28028028028028024,-3.5952389865906933,-3.8598691087671
2020-07-07,student,0.969,0.919,0.17350684017350682,0.9657753197852323,0.126,0.08341675008341676,0.19352686019352686,0.17933333333333334,0.1301301301301301,0.2869536202869536,-3.522077393003159,-3.7738145500833395
2020-07-08,bb7,0.696,0.948,0.18018018018018014,-0.6817176922938926,0.12533333333333332,0.08341675008341674,0.19352686019352686,0.17533333333333334,0.12679346012679346,0.28028028028028024,-3.5226887796928255,-3.7827382608577738
2020-07-09,bb7,0.687,0.948,0.18018018018018014,1.40560919943524,0.11833333333333333,0.08333333333333333,0.19352686019352686,0.17900000000000002,0.12679346012679346,0.28028028028028024,-3.371895159737259,-3.594629533729884
2020-07-10,bb7,0.676,0.945,0.18018018018018014,0.25784752873383743,0.128,0.08008008008008008,0.19352686019352686,0.19466666666666668,0.12679346012679346,0.2770270270270269,-3.518313985035189,-3.7791079700065024
2020-07-13,bb7,0.689,0.793,0.18018018018018014,0.6623863087427624,0.12433333333333334,0.08341675008341674,0.19352686019352686,0.18533333333333335,0.12679346012679346,0.28036369703036357,-3.455165196652887,-3.7312521296391123
2020-07-14,student,0.944,0.955,0.18018018018018014,-2.322089479473945,0.14433333333333334,0.08008008008008008,0.19027360694027354,0.221,0.12679346012679346,0.28028028028028024,-3.716790114655343,-4.02454637798472
2020-07-15,student,0.764,0.855,0.18018018018018014,1.15370023234779,0.152,0.08341675008341674,0.19352686019352686,0.22466666666666665,0.12679346012679346,0.28361695028361694,-3.7518111258557076,-4.077496848560391
2020-07-16,bb7,0.97,0.97,0.18018018018018014,2.7088912530969695,0.11633333333333333,0.08333333333333333,0.19352686019352683,0.17200000000000001,0.12679346012679346,0.28028028028028024,-3.6236864826904758,-3.8922100391117085
2020-07-17,bb7,0.949,0.958,0.18018018018018014,1.37325708290863,0.12533333333333332,0.08008008008008008,0.1901901901901902,0.19066666666666668,0.12679346012679346,0.28028028028028024,-4.272859515581739,-4.605840520639056
2020-07-20,bb7,0.941,0.996,0.19019019019019015,0.8263701781558199,0.11866666666666666,0.08008008008008007,0.19019019019019015,0.18000000000000002,0.12671004337671005,0.2769436102769436,-3.8830843406856985,-4.195874521154612
2020-07-21,bb7,0.896,0.994,0.19019019019019015,1.1963741397847074,0.12633333333333333,0.08008008008008007,0.19019019019019015,0.19733333333333336,0.12679346012679346,0.28028028028028024,-3.9811323970483428,-4.324476507759985
2020-07-22,bb7,0.929,0.939,0.1868535201868535,-2.35233367671847,0.11766666666666666,0.08333333333333333,0.1901901901901902,0.18166666666666667,0.12679346012679346,0.28028028028028024,-3.7404872520224184,-4.041372628381792
2020-07-23,bb7,0.93,0.996,0.19019019019019015,0.32492152270303004,0.13899999999999998,0.08008008008008008,0.19019019019019015,0.21633333333333335,0.12012012012012012,0.2769436102769436,-3.7636138961909706,-4.110043796277575
2020-07-24,bb7,0.922,0.996,0.19019019019019015,-0.9717618209757374,0.141,0.08008008008008007,0.18685352018685353,0.19733333333333333,0.12012012012012012,0.2769436102769436,-3.7666301518920577,-4.070329008478751
2020-07-27,student,0.947,0.95,0.1868535201868535,-0.3103093118104901,0.139,0.08008008008008008,0.18685352018685353,0.207,0.12012012012012012,0.2769436102769436,-3.8906554123470167,-4.2281410429378665
2020-07-28,bb7,0.949,0.957,0.1868535201868535,2.0590649158790297,0.12866666666666668,0.08008008008008007,0.18685352018685353,0.19166666666666668,0.12337337337337337,0.2769436102769436,-3.7532363554069406,-4.069233101065487
2020-07-29,bb7,0.939,0.996,0.19019019019019015,-0.28771000773618505,0.13399999999999998,0.08008008008008007,0.18685352018685353,0.18733333333333335,0.12012012012012012,0.2769436102769436,-3.664102560011553,-3.936300872550626
2020-07-30,bb7,0.943,0.949,0.18351685018351682,-1.2229848718416725,0.12633333333333333,0.08008008008008007,0.18685352018685353,0.18566666666666667,0.12337337337337337,0.2769436102769436,-3.5817226652154837,-3.866812159007843
2020-07-31,student,0.941,0.95,0.1868535201868535,1.1685483481975476,0.14166666666666666,0.08008008008008007,0.18693693693693686,0.215,0.12337337337337337,0.2769436102769436,-3.53749985227631,-3.846277336371302
2020-08-03,bb7,0.921,0.996,0.18351685018351682,1.7366876841062524,0.11099999999999999,0.07999666332999665,0.18685352018685353,0.17133333333333334,0.12012012012012012,0.2769436102769436,-3.069215251408309,-3.317844558110752
2020-08-04,bb7,0.888,0.995,0.1868535201868535,-0.7019923119231725,0.12533333333333332,0.07999666332999665,0.18685352018685353,0.18400000000000002,0.12012012012012012,0.2769436102769436,-3.270875893599543,-3.5241711528074755
2020-08-05,bb7,0.889,0.995,0.1868535201868535,0.6782078590658601,0.12766666666666665,0.08008008008008007,0.18685352018685353,0.19733333333333333,0.12012012012012012,0.2769436102769436,-3.2246319632742875,-3.4937899793480507
2020-08-06,bb7,0.943,0.962,0.1868535201868535,1.2120284744840375,0.12666666666666665,0.08008008008008007,0.18685352018685353,0.18033333333333335,0.12345679012345678,0.2769436102769436,-3.241160806906268,-3.494004078777469
2020-08-07,bb7,0.933,0.955,0.1868535201868535,-0.1825875518183075,0.13433333333333333,0.08008008008008007,0.18685352018685353,0.2016666666666667,0.12345679012345678,0.2770270270270269,-3.3462754698122352,-3.632790810170719
2020-08-10,bb7,0.934,0.958,0.19019019019019015,1.35620027522655,0.12933333333333333,0.08008008008008007,0.18685352018685353,0.19566666666666668,0.12345679012345678,0.2769436102769436,-3.3352653760874453,-3.618334988128295
2020-08-11,bb7,0.918,0.948,0.19352686019352683,-0.18631422376354254,0.13666666666666666,0.08008008008008008,0.18685352018685353,0.21033333333333334,0.12345679012345678,0.28361695028361694,-3.285936577398114,-3.5470359922164585
2020-08-12,bb7,0.932,0.951,0.19019019019019015,1.64576741722265,0.12266666666666666,0.08008008008008008,0.18685352018685353,0.20333333333333334,0.12345679012345678,0.28361695028361694,-3.2814353560938248,-3.5510789824910893
2020-08-13,bb7,0.907,0.995,0.1868535201868535,0.9000728763531227,0.111,0.08008008008008008,0.18685352018685353,0.17433333333333334,0.12345679012345678,0.28036369703036357,-3.182519615506899,-3.429018102625054
2020-08-14,bb7,0.908,0.996,0.19352686019352683,-2.178596354131723,0.12266666666666666,0.08008008008008007,0.18685352018685353,0.19399999999999998,0.12345679012345678,0.28036369703036357,-3.2273564272711384,-3.487562540499181
2020-08-17,bb7,0.931,0.95,0.1868535201868535,-0.29245509701686256,0.13233333333333333,0.08008008008008008,0.18685352018685353,0.20466666666666666,0.12345679012345678,0.2869536202869536,-3.2367983869806887,-3.4931406901600104
2020-08-18,bb7,0.93,0.949,0.1868535201868535,1.1375158081023349,0.10766666666666667,0.08008008008008008,0.18685352018685353,0.18199999999999997,0.12345679012345678,0.2869536202869536,-3.2895935512682017,-3.551216874054021
2020-08-19,bb7,0.93,0.948,0.1868535201868535,-0.290547125927195,0.124,0.08008008008008008,0.18685352018685353,0.18233333333333335,0.12345679012345678,0.2869536202869536,-3.18987548221332,-3.4354339599447385
2020-08-20,bb7,0.908,0.932,0.1868535201868535,-1.190962411509725,0.11866666666666666,0.08008008008008008,0.1901901901901902,0.16866666666666666,0.12345679012345678,0.2837003670337003,-2.975916057393879,-3.1983981006496305
2020-08-21,student,0.914,0.936,0.18018018018018014,0.31888822965062236,0.14333333333333334,0.08008008008008008,0.1901901901901902,0.20400000000000004,0.12345679012345678,0.28361695028361694,-3.2359630889546205,-3.5028078104257405
2020-08-24,student,0.916,0.996,0.18018018018018014,0.31943430562297753,0.13366666666666668,0.08008008008008008,0.18685352018685353,0.209,0.12345679012345678,0.28028028028028024,-3.088977572386715,-3.3287899262613063
2020-08-25,bb7,0.922,0.942,0.18018018018018014,1.5606863674812175,0.125,0.08008008008008008,0.1901901901901902,0.19533333333333333,0.12345679012345678,0.2869536202869536,-3.079009257732717,-3.3424446930951244
2020-08-26,bb7,0.934,0.948,0.1868535201868535,2.644838524376717,0.12466666666666666,0.08008008008008008,0.1901901901901902,0.19066666666666665,0.12345679012345678,0.28361695028361694,-3.0778871226406226,-3.3234452729728243
2020-08-27,student,0.912,0.944,0.1868535201868535,1.575633491265765,0.14733333333333334,0.08008008008008008,0.1901901901901902,0.21033333333333334,0.12345679012345678,0.28361695028361694,-3.3648717167564777,-3.6388087151621114
2020-08-28,bb7,0.922,0.948,0.1868535201868535,0.25519067226118486,0.12933333333333333,0.08008008008008008,0.1901901901901902,0.19266666666666665,0.12345679012345678,0.2837003670337003,-3.1814600657037095,-3.4374727099991045
2020-08-31,bb7,0.916,0.945,0.1868535201868535,-1.9848824115425852,0.13399999999999998,0.08008008008008008,0.1901901901901902,0.19733333333333336,0.12345679012345678,0.28361695028361694,-3.3389226292695864,-3.609859276384398
2020-09-01,bb7,0.908,0.944,0.19019019019019015,0.9392981707024722,0.12266666666666666,0.08008008008008008,0.1901901901901902,0.204,0.12679346012679346,0.28361695028361694,-3.7042894930991244,-4.067730250674577
2020-09-02,bb7,0.908,0.944,0.19019019019019015,0.9278275144699325,0.13999999999999999,0.08008008008008008,0.1901901901901902,0.20566666666666666,0.12671004337671005,0.28361695028361694,-3.622883601781811,-3.9391085857676935
2020-09-03,bb7,0.913,0.942,0.19019019019019015,0.17689593250137509,0.13166666666666665,0.08008008008008008,0.1901901901901902,0.19566666666666668,0.12671004337671005,0.28361695028361694,-3.4304862169184154,-3.7386983573269448
2020-09-04,bb7,0.656,0.658,0.19019019019019015,-2.068287300069765,0.12966666666666668,0.08008008008008008,0.1901901901901902,0.21666666666666667,0.12679346012679346,0.2869536202869536,-3.5051909881385863,-3.8322555555759372
2020-09-07,bb7,0.923,0.948,0.19019019019019015,1.0285554832394026,0.13066666666666668,0.08008008008008008,0.1901901901901902,0.19899999999999998,0.12679346012679346,0.2869536202869536,-3.368946700969847,-3.672552888186133
2020-09-08,bb7,0.922,0.948,0.19019019019019015,-1.53873214251991,0.134,0.08008008008008008,0.1901901901901902,0.21066666666666664,0.12679346012679346,0.2869536202869536,-3.4254997571192045,-3.72988946021185
2020-09-09,bb7,0.917,0.942,0.19019019019019015,-1.96918756660551,0.115,0.08008008008008008,0.1901901901901902,0.18100000000000002,0.12679346012679346,0.2869536202869536,-3.259727202658818,-3.5515464776072854
2020-09-10,bb7,0.923,0.944,0.18351685018351682,1.3330617907441125,0.12733333333333333,0.08008008008008008,0.1901901901901902,0.19633333333333333,0.12679346012679346,0.2869536202869536,-3.4598964970270725,-3.7743655861201786
2020-09-11,bb7,0.911,0.933,0.18351685018351682,1.1864735472013699,0.13166666666666665,0.08008008008008008,0.1901901901901902,0.20166666666666666,0.12679346012679346,0.2869536202869536,-3.5556219177329385,-3.8794159370088472
2020-09-14,bb7,0.912,0.936,0.18351685018351682,0.6346827476073225,0.13099999999999998,0.08008008008008008,0.1901901901901902,0.21433333333333335,0.12679346012679346,0.2869536202869536,-3.464869595813327,-3.7659169931051655
2020-09-15,bb7,0.911,0.931,0.18018018018018014,0.29613474475711754,0.12133333333333333,0.08008008008008008,0.19352686019352686,0.19699999999999998,0.12679346012679346,0.2869536202869536,-3.3654946826471197,-3.6709973725272227
2020-09-16,student,0.921,0.941,0.18018018018018014,0.9733870481255724,0.145,0.08008008008008008,0.19027360694027354,0.20666666666666667,0.12679346012679346,0.2837003670337003,-3.3727903833978807,-3.671583600495703
2020-09-17,student,0.92,0.938,0.18018018018018014,-0.9338770695164449,0.147,0.08333333333333333,0.19352686019352686,0.20266666666666666,0.12679346012679346,0.2837003670337003,-3.2084694990511977,-3.4727055292331874
2020-09-18,bb7,0.913,0.926,0.18351685018351682,-0.893699198085195,0.13166666666666665,0.08341675008341674,0.19352686019352683,0.21066666666666667,0.12679346012679346,0.2869536202869536,-3.170756989152694,-3.4575051514951975
2020-09-21,student,0.919,0.941,0.18018018018018014,-3.2741088825964875,0.144,0.08008008008008008,0.19352686019352683,0.21533333333333335,0.12671004337671005,0.28361695028361694,-3.1069068693183985,-3.3909401044791547
2020-09-22,bb7,0.919,0.94,0.19019019019019015,-0.9450288639221925,0.12566666666666668,0.08341675008341674,0.19352686019352683,0.19533333333333333,0.12679346012679346,0.2870370370370369,-3.4489723571746707,-3.7919179298059245
2020-09-23,bb7,0.909,0.932,0.1868535201868535,-0.027939923758977525,0.11666666666666668,0.08341675008341674,0.19352686019352683,0.18466666666666665,0.12679346012679346,0.2837003670337003,-3.2634668948140066,-3.55571876280641
2020-09-24,bb7,0.933,0.945,0.19019019019019015,-3.736793909344937,0.11666666666666665,0.08341675008341674,0.19352686019352683,0.18100000000000002,0.12679346012679346,0.2837003670337003,-3.217940921557574,-3.4856912097559256
2020-09-25,bb7,0.89,0.996,0.2068735402068735,2.8322908126189676,0.13499999999999998,0.08333333333333333,0.19352686019352686,0.20999999999999996,0.1301301301301301,0.29362696029362695,-3.584535788159415,-3.94700415610645
2020-09-28,bb7,0.878,0.995,0.21021021021021016,1.5440982647462902,0.12566666666666665,0.08341675008341676,0.19352686019352686,0.19166666666666665,0.1301301301301301,0.29362696029362695,-3.658449187197028,-3.964766006257531
2020-09-29,bb7,0.901,0.996,0.2068735402068735,-0.914882574133995,0.12799999999999997,0.08008008008008008,0.19352686019352686,0.19433333333333333,0.1301301301301301,0.2869536202869536,-3.6058328752116418,-3.9120234392564472
2020-09-30,bb7,0.915,0.996,0.2068735402068735,0.7578444944309,0.11866666666666666,0.08008008008008008,0.19352686019352686,0.18433333333333335,0.1301301301301301,0.2869536202869536,-3.370219621300977,-3.6409339392993414
2020-10-01,bb7,0.699,0.699,0.21021021021021016,1.2428980020026674,0.13499999999999998,0.08341675008341674,0.1968635301968635,0.21,0.13013013013013014,0.29029029029029024,-3.4985706016062754,-3.8121746170188335
2020-10-05,bb7,0.686,0.679,0.21021021021021016,0.8125058346977975,0.13233333333333333,0.08341675008341676,0.19686353019686353,0.2016666666666667,0.1334668001334668,0.2969636302969636,-3.4887355571704357,-3.8124883921434365
2020-10-06,bb7,0.942,0.906,0.20020020020020016,2.5474176938908175,0.12833333333333333,0.08341675008341674,0.1936102769436102,0.21,0.13338338338338337,0.29704704704704693,-3.3584390060218827,-3.652035438927505
2020-10-07,bb7,0.945,0.912,0.20020020020020016,-0.24393735767125,0.14666666666666667,0.08667000333666999,0.1936102769436102,0.2333333333333333,0.13680347013680347,0.30030030030030025,-3.5018503118037727,-3.826767620189323
2020-10-08,bb7,0.962,0.968,0.2068735402068735,0.97364575903465,0.11933333333333333,0.08341675008341674,0.19352686019352686,0.16333333333333333,0.1301301301301301,0.29029029029029024,-3.1043924411889376,-3.3382848803357192
2020-10-09,bb7,0.962,0.968,0.20020020020020016,0.47668179072061995,0.14133333333333334,0.08341675008341674,0.19352686019352686,0.20166666666666666,0.1301301301301301,0.2903737070403736,-3.2207943789791544,-3.4930726918065673
2020-10-12,bb7,0.951,0.965,0.20020020020020016,0.1360468683618349,0.148,0.08341675008341674,0.19352686019352683,0.22133333333333335,0.1301301301301301,0.29029029029029024,-3.3206517988654194,-3.608626503444466
2020-10-13,bb7,0.916,0.949,0.20020020020020016,-0.1548145159856293,0.13066666666666665,0.08341675008341674,0.19352686019352686,0.21033333333333334,0.1301301301301301,0.29029029029029024,-3.2310290030786946,-3.5265225037583594
2020-10-14,bb7,0.915,0.947,0.20020020020020016,-0.31345304405521013,0.129,0.08333333333333333,0.19352686019352686,0.19466666666666665,0.1300467133800467,0.29029029029029024,-3.0783587359586932,-3.332012608505146
2020-10-15,bb7,0.582,0.731,0.20020020020020016,-2.349382734790092,0.15566666666666668,0.08008008008008008,0.19352686019352686,0.22,0.12679346012679346,0.2870370370370369,-3.2291242860543994,-3.507443699931343
2020-10-16,bb7,0.491,0.734,0.1968635301968635,0.9629936222572275,0.12266666666666666,0.08008008008008008,0.19686353019686353,0.18833333333333335,0.12679346012679346,0.29029029029029024,-3.2272471214252865,-3.5180385473847235
2020-10-19,bb7,0.923,0.997,0.20353687020353683,1.3834560872400699,0.126,0.08008008008008008,0.19352686019352686,0.21266666666666667,0.1301301301301301,0.29029029029029024,-3.3363865379754616,-3.668657393490755
2020-10-20,bb7,0.448,0.695,0.1968635301968635,0.35697965872532744,0.12033333333333333,0.08008008008008008,0.19352686019352686,0.19366666666666665,0.1301301301301301,0.29362696029362695,-3.3444158419383547,-3.6709239620133767
2020-10-21,bb7,0.578,0.914,0.2068735402068735,0.32405762643019,0.119,0.08008008008008008,0.19352686019352686,0.18500000000000003,0.1301301301301301,0.29362696029362695,-3.0960567768104577,-3.3759231408092387
2020-10-22,bb7,0.909,0.997,0.20353687020353683,0.32366686964988256,0.12266666666666666,0.08008008008008007,0.19352686019352683,0.20966666666666667,0.1301301301301301,0.29029029029029024,-3.078992163474996,-3.365789727765811
2020-10-23,bb7,0.905,0.997,0.20353687020353683,0.29651813727907494,0.12833333333333333,0.08008008008008007,0.1901901901901902,0.19366666666666665,0.12679346012679346,0.2837003670337003,-3.0075827975020175,-3.2820529156853717
2020-10-26,bb7,0.917,0.997,0.20020020020020016,-1.3322882720251275,0.132,0.08008008008008007,0.1901901901901902,0.19699999999999998,0.12679346012679346,0.28361695028361694,-2.8819396102187094,-3.1295679094724904
2020-10-27,bb7,0.536,0.903,0.20353687020353683,-0.2755746317555925,0.13566666666666666,0.08008008008008008,0.19027360694027354,0.21199999999999997,0.12679346012679346,0.28361695028361694,-3.081073205852776,-3.371304771035032
2020-10-28,bb7,0.836,0.995,0.20353687020353683,-1.01330956239265,0.12433333333333334,0.08008008008008007,0.1901901901901902,0.20466666666666666,0.12679346012679346,0.2869536202869536,-2.987916762028779,-3.2988163271530846
2020-10-29,bb7,0.912,0.942,0.20353687020353683,-1.3068404710130275,0.12433333333333334,0.08008008008008007,0.19027360694027354,0.19466666666666668,0.1300467133800467,0.29029029029029024,-2.9430014060608283,-3.227179110306279
2020-10-30,bb7,0.864,0.993,0.20020020020020016,-0.7248894380529225,0.128,0.08008008008008007,0.1901901901901902,0.206,0.12679346012679346,0.2870370370370369,-3.0138632693736787,-3.314061974268745
2020-11-02,bb7,0.859,0.995,0.1968635301968635,1.20291456918653,0.15133333333333335,0.08008008008008007,0.1901901901901902,0.21833333333333335,0.12679346012679346,0.2837003670337003,-2.99835124105388,-3.291641061966733
2020-11-03,bb7,0.861,0.996,0.1968635301968635,0.8938171847869726,0.13966666666666666,0.07674341007674342,0.1901901901901902,0.205,0.12679346012679346,0.2869536202869536,-3.0010869203950703,-3.2652394688743
2020-11-04,bb7,0.544,0.906,0.1968635301968635,1.3874905723485675,0.13433333333333333,0.07674341007674342,0.1901901901901902,0.19933333333333333,0.12345679012345678,0.28028028028028024,-3.0606015203911365,-3.3677643640282926
2020-11-05,bb7,0.542,0.892,0.1968635301968635,2.4254779745043202,0.12733333333333333,0.07999666332999665,0.1901901901901902,0.19933333333333333,0.12679346012679346,0.2869536202869536,-2.9993339021758487,-3.281501772088387
2020-11-06,bb7,0.867,0.996,0.1968635301968635,0.40645578959838,0.12666666666666668,0.07999666332999665,0.1901901901901902,0.21366666666666667,0.12679346012679346,0.2869536202869536,-3.1540020600041303,-3.453159025038196
2020-11-09,bb7,0.554,0.905,0.1968635301968635,1.3746808171891924,0.12866666666666665,0.08008008008008007,0.1901901901901902,0.20000000000000004,0.12679346012679346,0.2869536202869536,-2.947868314963504,-3.2455702852689594
2020-11-10,bb7,0.546,0.903,0.1968635301968635,1.2494677334105848,0.12033333333333333,0.08008008008008007,0.1901901901901902,0.17633333333333334,0.12679346012679346,0.2869536202869536,-2.8094537728416276,-3.05300082586494
2020-11-11,bb7,0.587,0.911,0.20020020020020016,1.74843999195596,0.12766666666666668,0.08008008008008007,0.1901901901901902,0.205,0.12679346012679346,0.2837003670337003,-3.158510363156785,-3.4927785562261437
2020-11-12,bb7,0.583,0.912,0.1968635301968635,-0.162354497857895,0.12266666666666666,0.08008008008008007,0.19027360694027354,0.19166666666666665,0.12679346012679346,0.2869536202869536,-3.1335576526095084,-3.418048544691499
2020-11-13,bb7,0.945,0.969,0.20020020020020016,-0.45790654336657244,0.13499999999999998,0.08008008008008007,0.1901901901901902,0.20333333333333334,0.12679346012679346,0.2869536202869536,-3.131020324642667,-3.4390881522032077
2020-11-14,bb7,0.952,0.977,0.20020020020020016,0.67697100758769,0.12799999999999997,0.08008008008008007,0.1901901901901902,0.19166666666666668,0.12679346012679346,0.2869536202869536,-3.0794198761716762,-3.376966662149008
2020-11-17,bb7,0.605,0.93,0.20020020020020016,2.282616182517925,0.13,0.07999666332999665,0.1901901901901902,0.19033333333333333,0.12679346012679346,0.2869536202869536,-2.8448838449621765,-3.096844776749511
2020-11-18,bb7,0.645,0.94,0.20020020020020016,2.7163118409480154,0.12433333333333334,0.07999666332999665,0.1901901901901902,0.19399999999999998,0.12679346012679346,0.2869536202869536,-2.955838007198656,-3.252282630121138
2020-11-19,bb7,0.675,0.947,0.20020020020020016,-2.3870339160465974,0.13833333333333334,0.08008008008008008,0.1901901901901902,0.212,0.12345679012345678,0.28028028028028024,-3.1766769546970424,-3.46696200563637
2020-11-20,bb7,0.7,0.952,0.20020020020020016,0.50797877301845,0.14266666666666666,0.08008008008008008,0.1901901901901902,0.19999999999999998,0.12345679012345678,0.28036369703036357,-3.3318764922388002,-3.5983618016806735
2020-11-23,bb7,0.605,0.939,0.1968635301968635,0.7361156546085199,0.13566666666666666,0.08008008008008008,0.19027360694027354,0.19399999999999998,0.12345679012345678,0.28361695028361694,-3.1891091783139762,-3.4860488891853105
2020-11-24,bb7,0.643,0.942,0.1968635301968635,1.0609748401155525,0.13966666666666666,0.08008008008008008,0.1901901901901902,0.21999999999999997,0.12345679012345678,0.28028028028028024,-3.3242817967827816,-3.6366488405105235
2020-11-25,bb7,0.597,0.928,0.19352686019352683,-0.9659014528204124,0.12366666666666666,0.08333333333333333,0.19352686019352686,0.18633333333333335,0.12345679012345678,0.28028028028028024,-3.078351955880236,-3.3408699848184025
2020-11-26,bb7,0.599,0.932,0.19352686019352683,0.742853884652805,0.12966666666666665,0.08341675008341674,0.19352686019352686,0.19866666666666669,0.12679346012679346,0.28361695028361694,-2.9475816533329233,-3.222229306079023
2020-11-27,bb7,0.6,0.939,0.19019019019019015,0.3249292302871674,0.1396666666666667,0.08008008008008008,0.19019019019019015,0.19966666666666666,0.12337337337337337,0.2769436102769436,-2.945492052713641,-3.182311671724882
2020-12-01,bb7,0.694,0.964,0.20020020020020016,1.088105274107105,0.11599999999999999,0.08008008008008008,0.1901901901901902,0.16966666666666666,0.12671004337671005,0.28028028028028024,-2.9156494857581188,-3.1653792103509897
2020-12-02,bb7,0.615,0.945,0.1968635301968635,0.5587736820025926,0.131,0.08008008008008008,0.19027360694027354,0.20533333333333334,0.12679346012679346,0.28028028028028024,-3.0750663361504365,-3.3508724116533504
2020-12-03,bb7,0.598,0.939,0.20020020020020016,0.644704564408235,0.123,0.08008008008008008,0.19019019019019015,0.19833333333333333,0.12679346012679346,0.28028028028028024,-3.039023011682851,-3.302304056081367
2020-12-04,bb7,0.716,0.966,0.1968635301968635,1.4337092155950275,0.13866666666666666,0.08008008008008008,0.1901901901901902,0.208,0.12679346012679346,0.28028028028028024,-3.087163629845879,-3.3722475659887188
2020-12-07,bb7,0.67,0.953,0.1968635301968635,1.4950487057007473,0.14866666666666667,0.08008008008008008,0.19019019019019015,0.20833333333333334,0.12345679012345678,0.2769436102769436,-3.1221924847776394,-3.3971178243902362
2020-12-08,bb7,0.616,0.942,0.19352686019352683,0.22992987676774249,0.13899999999999998,0.08008008008008007,0.19019019019019015,0.20199999999999999,0.12671004337671005,0.28028028028028024,-3.094550064311879,-3.3684675778419413
2020-12-09,bb7,0.733,0.966,0.1968635301968635,0.803402850235025,0.142,0.08008008008008007,0.19019019019019015,0.20666666666666667,0.12345679012345678,0.2770270270270269,-2.9367363630363825,-3.1931814052209857
2020-12-10,bb7,0.643,0.943,0.1968635301968635,-0.31349639764414505,0.14100000000000001,0.08008008008008008,0.19019019019019015,0.21033333333333334,0.12671004337671005,0.2769436102769436,-3.0840811934408383,-3.372655159164508
2020-12-11,bb7,0.662,0.944,0.1968635301968635,0.6024099116826724,0.12333333333333334,0.08008008008008008,0.19019019019019015,0.18833333333333332,0.12345679012345678,0.28028028028028024,-2.8161544194945547,-3.0593014479883824
2020-12-14,bb7,0.643,0.934,0.19352686019352683,-0.021382144361122485,0.11599999999999999,0.08008008008008007,0.1868535201868535,0.16666666666666666,0.11678345011678344,0.2669336002669336,-2.7319745756870053,-2.952045386393824
2020-12-15,bb7,0.662,0.944,0.19352686019352683,-0.9054602702195401,0.13133333333333333,0.08008008008008008,0.19352686019352686,0.211,0.12679346012679346,0.2869536202869536,-2.7860589145833625,-3.0590300089685636
2020-12-16,bb7,0.661,0.946,0.19352686019352683,0.88462060860348,0.12999999999999998,0.08008008008008008,0.1901901901901902,0.17933333333333334,0.12345679012345678,0.28036369703036357,-2.629632076800195,-2.8530209737286945
2020-12-17,bb7,0.63,0.935,0.19352686019352683,-0.7221936717714524,0.12499999999999999,0.08008008008008008,0.1901901901901902,0.17933333333333334,0.12679346012679346,0.2837003670337003,-2.6476409268194603,-2.883254010391393
2020-12-18,bb7,0.606,0.931,0.19352686019352683,1.0356472043504201,0.13999999999999999,0.08008008008008008,0.1901901901901902,0.19833333333333333,0.12345679012345678,0.2769436102769436,-2.758728570153199,-3.0182061268415956
2020-12-21,bb7,0.639,0.93,0.19352686019352683,-4.472540207693068,0.13399999999999998,0.08008008008008007,0.18685352018685353,0.19000000000000003,0.11678345011678344,0.26359693026359693,-2.7055773951523348,-2.9092998077357826
2020-12-22,bb7,0.642,0.778,0.1968635301968635,1.2847882968427524,0.11399999999999999,0.08008008008008008,0.18693693693693686,0.16866666666666666,0.12012012012012012,0.27027027027027023,-3.06051340891913,-3.3119059908141817
2020-12-23,bb7,0.635,0.774,0.1968635301968635,2.4611176732511524,0.14133333333333334,0.08008008008008008,0.19352686019352686,0.2006666666666667,0.12012012012012012,0.27027027027027023,-3.4773721005239757,-3.7818346727983125
2020-12-24,bb7,0.631,0.774,0.1968635301968635,1.333986499515385,0.13966666666666666,0.08008008008008008,0.1901901901901902,0.19500000000000003,0.12012012012012012,0.27027027027027023,-3.427255126067115,-3.694458168659752
2020-12-28,bb7,0.631,0.789,0.1968635301968635,2.1524435732224827,0.13433333333333333,0.08341675008341674,0.19352686019352686,0.208,0.12679346012679346,0.2869536202869536,-3.288474425825059,-3.6037145257582606
2020-12-29,bb7,0.604,0.743,0.1968635301968635,0.004542103317712515,0.13233333333333333,0.08008008008008008,0.1901901901901902,0.19000000000000003,0.12012012012012012,0.27027027027027023,-3.21155077187479,-3.461673579888631
2020-12-30,bb7,0.586,0.733,0.19352686019352683,0.1677421125114425,0.12999999999999998,0.08008008008008008,0.19027360694027354,0.18233333333333335,0.12012012012012012,0.27027027027027023,-3.1928006408488208,-3.4597144764642884
2020-12-31,bb7,0.607,0.929,0.1968635301968635,-0.154243310846785,0.13466666666666666,0.08008008008008008,0.19352686019352686,0.19899999999999998,0.12345679012345678,0.28361695028361694,-2.9607452466171145,-3.2097635022608957
2021-01-01,bb7,0.623,0.757,0.1968635301968635,0.7694972544100075,0.13233333333333333,0.08008008008008008,0.1901901901901902,0.18700000000000003,0.12012012012012012,0.27027027027027023,-3.010563820967213,-3.26623744066925
2021-01-04,student,0.604,0.762,0.19352686019352683,1.7324354285055976,0.15833333333333333,0.08333333333333333,0.19352686019352686,0.229,0.12679346012679346,0.2837003670337003,-3.1022477098782457,-3.3855073141713374
2021-01-05,bb7,0.588,0.918,0.19352686019352683,0.66330455888239,0.12899999999999998,0.08341675008341674,0.19352686019352686,0.20266666666666666,0.12345679012345678,0.28036369703036357,-2.927614624739175,-3.1924402112752284
2021-01-06,bb7,0.604,0.935,0.1968635301968635,0.005548491263020011,0.119,0.08341675008341674,0.19352686019352686,0.18600000000000003,0.12671004337671005,0.2869536202869536,-2.790666523807214,-3.040331341980232
2021-01-07,bb7,0.592,0.93,0.19352686019352683,-0.49475885981379997,0.12233333333333334,0.08341675008341674,0.19352686019352686,0.18400000000000002,0.12671004337671005,0.28361695028361694,-2.678398188338608,-2.9083906491917997
2021-01-08,bb7,0.614,0.94,0.1968635301968635,1.234167011977575,0.13399999999999998,0.08008008008008008,0.19352686019352686,0.2006666666666667,0.12345679012345678,0.28036369703036357,-2.7685237408553163,-3.028265575303127
2021-01-11,bb7,0.65,0.796,0.1968635301968635,3.966572454081245,0.13033333333333333,0.08333333333333333,0.19352686019352686,0.213,0.12679346012679346,0.28036369703036357,-3.054971563179889,-3.3442341058918164
2021-01-12,bb7,0.672,0.792,0.1968635301968635,2.1063767929463073,0.16133333333333333,0.08341675008341676,0.19352686019352686,0.22666666666666666,0.12671004337671005,0.28028028028028024,-3.1824217491594315,-3.465972678606972
2021-01-13,bb7,0.644,0.94,0.1968635301968635,1.9346027869643776,0.12066666666666666,0.08341675008341676,0.19352686019352686,0.17433333333333334,0.12345679012345678,0.2769436102769436,-2.8922489482223974,-3.1494483609284925
2021-01-14,bb7,0.632,0.938,0.1968635301968635,0.2656411096213475,0.14633333333333334,0.08341675008341676,0.19352686019352686,0.21633333333333335,0.12345679012345678,0.2769436102769436,-3.178221411308477,-3.482397627148607
2021-01-15,bb7,0.624,0.935,0.1968635301968635,0.2565562943663552,0.13699999999999998,0.08341675008341676,0.19352686019352686,0.20033333333333334,0.12345679012345678,0.2769436102769436,-2.976005758954596,-3.2466423800142192
2021-01-18,bb7,0.619,0.931,0.1968635301968635,-3.02046050120817,0.14333333333333334,0.08341675008341676,0.19352686019352686,0.20633333333333334,0.12345679012345678,0.2770270270270269,-2.9502289306960456,-3.2287027296954625
2021-01-19,bb7,0.642,0.94,0.1968635301968635,2.021374030023895,0.12166666666666666,0.08341675008341676,0.1936102769436102,0.19399999999999998,0.12671004337671005,0.28028028028028024,-3.113506538439295,-3.404431330298052
2021-01-20,bb7,0.673,0.952,0.1968635301968635,2.2047613978254925,0.146,0.08341675008341676,0.19686353019686353,0.20633333333333334,0.12671004337671005,0.2770270270270269,-3.187571681537931,-3.486479003660948
2021-01-21,bb7,0.925,0.997,0.1968635301968635,0.8725205586045702,0.13533333333333333,0.08341675008341676,0.1936102769436102,0.20266666666666666,0.12679346012679346,0.28028028028028024,-3.07417013927528,-3.371393475922936
2021-01-22,bb7,0.929,0.997,0.1968635301968635,-0.6135748690117375,0.13566666666666669,0.08341675008341674,0.19352686019352686,0.20166666666666666,0.12345679012345678,0.28028028028028024,-3.0916675035953918,-3.393770804194882
2021-01-25,bb7,0.939,0.999,0.1968635301968635,-1.5374777043438923,0.13499999999999998,0.08341675008341674,0.19352686019352686,0.19066666666666668,0.12345679012345678,0.28028028028028024,-3.1521360341652316,-3.423896070412927
2021-01-27,bb7,0.938,0.998,0.1968635301968635,-2.087359232577885,0.14066666666666666,0.08341675008341674,0.19352686019352686,0.19999999999999998,0.12345679012345678,0.28028028028028024,-3.050120736194566,-3.3188214437404286
2021-01-28,bb7,0.962,0.978,0.1968635301968635,-0.9151224097784374,0.14833333333333334,0.08341675008341674,0.1936102769436102,0.21633333333333335,0.12679346012679346,0.28028028028028024,-3.1677346896618754,-3.4567135235103006
2021-01-29,bb7,0.643,0.782,0.19352686019352683,-1.547704502828175,0.13066666666666665,0.08341675008341676,0.1936102769436102,0.18733333333333335,0.12679346012679346,0.28028028028028024,-3.2669524114717072,-3.5791689441490786
2021-02-01,bb7,0.679,0.807,0.19352686019352683,4.240329590872642,0.12999999999999998,0.08341675008341676,0.1936102769436102,0.19100000000000003,0.12679346012679346,0.28028028028028024,-3.2195539998936864,-3.5034730298970604
2021-02-02,bb7,0.707,0.964,0.19352686019352683,5.271917786949501,0.13799999999999998,0.08341675008341676,0.1936102769436102,0.19199999999999998,0.12679346012679346,0.28028028028028024,-3.8151356331719244,-4.150741422813282
2021-02-03,bb7,0.71,0.848,0.19352686019352683,1.19118904292866,0.10866666666666668,0.08341675008341676,0.19686353019686353,0.18166666666666664,0.12679346012679346,0.28361695028361694,-3.8089683174054225,-4.147205334903898
2021-02-04,bb7,0.721,0.964,0.19352686019352683,1.05588725826697,0.12133333333333333,0.08341675008341676,0.19352686019352686,0.17800000000000002,0.12679346012679346,0.28361695028361694,-3.8125314823318592,-4.122851149497085
2021-02-05,bb7,0.673,0.821,0.19352686019352683,1.866477630358935,0.13399999999999998,0.08341675008341676,0.19352686019352686,0.205,0.12679346012679346,0.28361695028361694,-3.9760443128657954,-4.328641025459735
2021-02-08,bb7,0.711,0.844,0.19352686019352683,2.0338730555929727,0.13033333333333333,0.08341675008341676,0.1936102769436102,0.18400000000000002,0.12679346012679346,0.28361695028361694,-4.37891432800815,-4.759424228909713
2021-02-09,bb7,0.684,0.823,0.19352686019352683,-1.1574066061631676,0.11566666666666665,0.08341675008341676,0.1936102769436102,0.17,0.12679346012679346,0.28036369703036357,-4.186545392444758,-4.5256547654083334
2021-02-10,bb7,0.703,0.962,0.19352686019352683,0.174679140444705,0.12166666666666666,0.08341675008341674,0.19352686019352686,0.18133333333333335,0.12679346012679346,0.28028028028028024,-3.9408749302343047,-4.262054363341125
2021-02-11,bb7,0.684,0.959,0.19352686019352683,-0.20110829005786246,0.14233333333333334,0.08341675008341674,0.19352686019352686,0.21666666666666667,0.12679346012679346,0.28028028028028024,-3.920342520382942,-4.30129981102879
2021-02-12,bb7,0.72,0.965,0.19352686019352683,0.3136614356376275,0.14966666666666667,0.08341675008341674,0.19352686019352686,0.225,0.12679346012679346,0.28036369703036357,-3.8194914621683567,-4.1802107792756384
2021-02-15,bb7,0.709,0.851,0.19352686019352683,1.1674353326211127,0.13933333333333334,0.08341675008341676,0.1936102769436102,0.20866666666666667,0.12679346012679346,0.28361695028361694,-3.663989597329967,-3.972390207120263
2021-02-16,bb7,0.709,0.85,0.19352686019352683,-1.1840627767191325,0.135,0.08341675008341676,0.1936102769436102,0.204,0.12679346012679346,0.28361695028361694,-3.6033345966972004,-3.928792860909589
2021-02-17,bb7,0.703,0.962,0.19352686019352683,0.10318197021349251,0.12866666666666665,0.08341675008341676,0.1936102769436102,0.18733333333333335,0.12679346012679346,0.28036369703036357,-3.4335088175222537,-3.740514682687011
2021-02-18,bb7,0.964,1.0,0.19352686019352683,-0.2542153302039276,0.12466666666666666,0.08341675008341674,0.19352686019352686,0.18299999999999997,0.12671004337671005,0.28028028028028024,-3.2613625280480845,-3.5511449449133594
2021-02-19,bb7,0.725,0.972,0.19352686019352683,-1.531053800890755,0.14633333333333334,0.08341675008341674,0.19352686019352686,0.20966666666666667,0.12671004337671005,0.2837003670337003,-3.3475821753462696,-3.66260326198791
2021-02-22,bb7,0.713,0.974,0.19352686019352683,-1.89885101011179,0.12933333333333333,0.08341675008341676,0.1968635301968635,0.19199999999999998,0.12345679012345678,0.28361695028361694,-3.4105337129978204,-3.7004345404727963
2021-02-23,bb7,0.731,0.861,0.19352686019352683,2.09701004077619,0.14066666666666666,0.08341675008341676,0.19686353019686353,0.20366666666666666,0.12679346012679346,0.28361695028361694,-3.448650922078862,-3.776897149685183
2021-02-24,bb7,0.729,0.852,0.19352686019352683,0.6340239358132875,0.156,0.08341675008341676,0.19686353019686353,0.2086666666666667,0.12679346012679346,0.2869536202869536,-3.3718948400392836,-3.6636520487059006
2021-02-25,bb7,0.722,0.975,0.19352686019352683,0.7655245614668525,0.12866666666666668,0.08341675008341676,0.19694694694694687,0.19699999999999998,0.12679346012679346,0.28361695028361694,-3.343472085366576,-3.643932276395006
2021-02-26,bb7,0.729,0.976,0.19352686019352683,-2.6338807972402476,0.121,0.08341675008341676,0.19686353019686353,0.18233333333333335,0.12679346012679346,0.2837003670337003,-3.144494029300928,-3.4076589318946056
2021-03-01,bb7,0.71,0.967,0.19352686019352683,1.1209792794736424,0.13799999999999998,0.08667000333666999,0.2002002002002002,0.20033333333333334,0.12679346012679346,0.2837003670337003,-3.375299890482477,-3.66343688396836
2021-03-02,bb7,0.697,0.968,0.19352686019352683,2.376153031695205,0.142,0.08341675008341676,0.19694694694694687,0.21133333333333335,0.12679346012679346,0.2837003670337003,-3.4326838759014255,-3.7626443637187204
2021-03-03,bb7,0.677,0.965,0.19019019019019015,1.7921134921326098,0.13999999999999999,0.08667000333666999,0.20028361695028354,0.20866666666666667,0.12679346012679346,0.28361695028361694,-3.3966890016889772,-3.697412471998094
2021-03-04,bb7,0.684,0.815,0.1968635301968635,-1.4713415938298402,0.14633333333333334,0.08341675008341676,0.20353687020353686,0.21133333333333335,0.1300467133800467,0.29029029029029024,-3.401058970861844,-3.7247548946384077
2021-03-05,student,0.708,0.829,0.1968635301968635,-2.03765006276537,0.15166666666666667,0.08341675008341676,0.20353687020353686,0.22233333333333336,0.12679346012679346,0.29029029029029024,-3.3051123014479584,-3.6198177039968304
2021-03-08,student,0.676,0.799,0.1968635301968635,0.13879859814115247,0.14766666666666667,0.08341675008341676,0.20028361695028354,0.21466666666666667,0.12679346012679346,0.2869536202869536,-3.328081439576178,-3.6451892636617322
2021-03-09,bb7,0.667,0.785,0.1968635301968635,-0.14739022596023255,0.12966666666666668,0.08341675008341676,0.20028361695028354,0.19700000000000004,0.12679346012679346,0.2869536202869536,-3.234923447035181,-3.529052855630429
2021-03-10,bb7,0.674,0.793,0.1968635301968635,1.2452765398144625,0.14033333333333334,0.08341675008341676,0.20028361695028354,0.19466666666666668,0.1300467133800467,0.2869536202869536,-3.1682496726859095,-3.42664733915294
2021-03-12,bb7,0.728,0.964,0.1968635301968635,-0.8728640123571325,0.13966666666666666,0.08341675008341676,0.20028361695028354,0.19499999999999998,0.12679346012679346,0.29029029029029024,-3.025891964323239,-3.2776697727104773
2021-03-15,bb7,0.696,0.82,0.1968635301968635,0.30794564495467,0.13033333333333333,0.08667000333666999,0.20353687020353686,0.18933333333333335,0.1300467133800467,0.29362696029362695,-3.02814693719269,-3.2854532183666287
2021-03-16,bb7,0.698,0.824,0.1968635301968635,0.31998270867453255,0.13399999999999998,0.08341675008341676,0.20353687020353686,0.20299999999999999,0.12679346012679346,0.29362696029362695,-2.9350299114099987,-3.2046017607525843
2021-03-17,bb7,0.698,0.827,0.1968635301968635,-1.9716776629953174,0.11866666666666666,0.08341675008341676,0.20353687020353686,0.18299999999999997,0.12679346012679346,0.29362696029362695,-2.8644911695783577,-3.116243387518611
2021-03-18,student,0.728,0.853,0.1968635301968635,-1.0144588426978451,0.14766666666666667,0.08341675008341676,0.2036202869536202,0.206,0.1300467133800467,0.29362696029362695,-3.0316239839776706,-3.299230496536298
2021-03-19,bb7,0.71,0.836,0.1968635301968635,1.6394395080986348,0.12933333333333333,0.08341675008341676,0.20353687020353686,0.19533333333333336,0.12679346012679346,0.29029029029029024,-3.082647125843862,-3.3603216100299713
2021-03-22,bb7,0.695,0.826,0.1968635301968635,0.16312113851451,0.139,0.08341675008341676,0.20353687020353686,0.21,0.12679346012679346,0.29029029029029024,-3.19688700516759,-3.490043118068668
2021-03-23,bb7,0.699,0.835,0.1968635301968635,0.5857881730365,0.13633333333333333,0.08341675008341676,0.20353687020353683,0.20366666666666666,0.12679346012679346,0.29029029029029024,-3.1860081434767653,-3.4598899591571564
2021-03-24,bb7,0.672,0.966,0.1968635301968635,-2.480573803421455,0.14466666666666667,0.08341675008341676,0.20028361695028354,0.22199999999999998,0.12679346012679346,0.287037037037037,-3.0374060162403067,-3.337812197417598
2021-03-25,bb7,0.705,0.833,0.1968635301968635,-2.358760282329232,0.143,0.08667000333666999,0.20353687020353686,0.208,0.12679346012679346,0.29362696029362695,-3.120530913370314,-3.4080585604812303
2021-03-26,bb7,0.733,0.85,0.1968635301968635,2.0052114766680247,0.13233333333333333,0.08667000333666999,0.20353687020353686,0.20666666666666664,0.1300467133800467,0.29362696029362695,-3.181500431849384,-3.47939322036149
2021-03-30,bb7,0.72,0.851,0.1968635301968635,2.0648024084460928,0.152,0.08341675008341676,0.20353687020353686,0.21399999999999997,0.12679346012679346,0.29362696029362695,-3.2778016750348584,-3.5697243922609245
2021-03-31,bb7,0.72,0.853,0.1968635301968635,0.663701437001885,0.14133333333333334,0.08341675008341676,0.20353687020353686,0.19599999999999998,0.12679346012679346,0.29362696029362695,-3.3345114904236643,-3.626581700687872
2021-04-01,bb7,0.707,0.851,0.1968635301968635,0.8961809976273951,0.13033333333333333,0.08667000333666999,0.2036202869536202,0.20299999999999999,0.12679346012679346,0.2969636302969636,-3.149979704176846,-3.4628400016968106
2021-04-05,bb7,0.73,0.857,0.1968635301968635,-1.2306304187100874,0.14666666666666667,0.08341675008341676,0.20353687020353686,0.21833333333333335,0.1300467133800467,0.2937103770437103,-3.1401194032219957,-3.4408428396787003
2021-04-06,bb7,0.698,0.836,0.19352686019352683,0.3946872495221525,0.13099999999999998,0.08341675008341676,0.20353687020353686,0.19766666666666666,0.12679346012679346,0.2903737070403736,-3.3270217063406236,-3.6277941766277673
2021-04-07,bb7,0.67,0.819,0.19352686019352683,0.8735009850683074,0.13766666666666666,0.08341675008341676,0.20353687020353686,0.206,0.12679346012679346,0.29362696029362695,-3.2562843948246676,-3.5774230590086646
2021-04-08,bb7,0.667,0.813,0.19019019019019015,0.5044446444883876,0.13933333333333334,0.08341675008341676,0.2036202869536202,0.20399999999999996,0.12679346012679346,0.29362696029362695,-3.1909446222273026,-3.489000367201522
2021-04-09,student,0.684,0.833,0.1968635301968635,0.8500134824398525,0.14833333333333334,0.08341675008341676,0.20687354020687354,0.215,0.1301301301301301,0.29362696029362695,-3.1259349339157936,-3.4050959188171763
2021-04-12,student,0.708,0.851,0.1968635301968635,-4.79944758218169,0.16033333333333333,0.08341675008341676,0.20353687020353686,0.22666666666666666,0.1301301301301301,0.29362696029362695,-3.076902871089973,-3.3632260141866426
2021-04-13,bb7,0.743,0.878,0.19352686019352683,1.7062568393753477,0.13533333333333333,0.08341675008341676,0.20687354020687354,0.18966666666666668,0.12679346012679346,0.2969636302969636,-3.6072911658740514,-3.924555001647012
2021-04-15,bb7,0.741,0.985,0.20020020020020016,-0.41846007877660013,0.13933333333333334,0.08341675008341676,0.20353687020353686,0.211,0.1300467133800467,0.2903737070403736,-3.58503854794384,-3.926980634338448
2021-04-16,bb7,0.753,0.873,0.19352686019352683,0.17794207941773502,0.13466666666666668,0.08667000333666999,0.20353687020353686,0.20466666666666666,0.12679346012679346,0.29362696029362695,-3.5652842924130503,-3.9048480923925335
2021-04-19,bb7,0.738,0.862,0.19352686019352683,-1.4206166625439975,0.131,0.08667000333666999,0.20353687020353686,0.19266666666666665,0.1300467133800467,0.2937103770437103,-3.4018821361989646,-3.6988768464321637
2021-04-20,bb7,0.703,0.976,0.20020020020020016,-1.0161073116747026,0.13899999999999998,0.08341675008341676,0.20353687020353683,0.21833333333333335,0.12679346012679346,0.29029029029029024,-3.412315155372857,-3.733973287678973
2021-04-22,bb7,0.707,0.976,0.20020020020020016,-0.26939465022775255,0.14733333333333334,0.08341675008341676,0.20353687020353683,0.23233333333333336,0.1300467133800467,0.29029029029029024,-3.4628903137827725,-3.8021589712529353
2021-04-23,bb7,0.742,0.866,0.20020020020020016,-0.83093245022293,0.16066666666666668,0.08341675008341676,0.20353687020353686,0.22599999999999998,0.1300467133800467,0.29037370704037363,-3.421707544806472,-3.7432718026964773
2021-04-26,bb7,0.739,0.872,0.20020020020020016,1.4440446526768225,0.14566666666666667,0.08341675008341676,0.20353687020353686,0.208,0.1300467133800467,0.29037370704037363,-3.2252847749192672,-3.515369213654705
2021-04-27,bb7,0.729,0.862,0.20020020020020016,1.4328426934401848,0.15266666666666667,0.08667000333666999,0.20353687020353686,0.2193333333333333,0.1300467133800467,0.2937103770437103,-3.4114727305150283,-3.7373371136702067
2021-04-28,bb7,0.74,0.866,0.19352686019352683,1.5021489517693951,0.126,0.08341675008341676,0.2036202869536202,0.18533333333333335,0.1300467133800467,0.2937103770437103,-3.0995223516526216,-3.349373413305243
2021-04-29,bb7,0.703,0.835,0.19352686019352683,-0.588409982389315,0.12466666666666666,0.08675342008675341,0.2036202869536202,0.18600000000000003,0.1301301301301301,0.2969636302969636,-3.133165146231201,-3.4200722939225097
2021-04-30,bb7,0.728,0.85,0.19019019019019015,-1.6918773355293875,0.13566666666666666,0.08675342008675341,0.2036202869536202,0.19933333333333336,0.1301301301301301,0.2969636302969636,-3.1416875234867185,-3.41184283424789
2021-05-03,bb7,0.723,0.844,0.19352686019352683,0.24881967570880748,0.125,0.08675342008675342,0.2036202869536202,0.206,0.1301301301301301,0.2969636302969636,-3.089728111418337,-3.376876395342077
2021-05-04,bb7,0.707,0.842,0.19019019019019015,-0.6666460639464199,0.15433333333333335,0.08667000333666999,0.20353687020353686,0.23466666666666666,0.13338338338338337,0.2969636302969636,-3.2216477489125226,-3.560026000342233
2021-05-05,bb7,0.688,0.826,0.19019019019019015,0.54345179757115,0.13833333333333334,0.08667000333666999,0.20353687020353686,0.21466666666666664,0.13338338338338337,0.29362696029362695,-3.0503665382151426,-3.3433774056741123
2021-05-06,bb7,0.672,0.818,0.1968635301968635,1.1562759701576772,0.12399999999999999,0.08341675008341676,0.20353687020353686,0.19666666666666668,0.13338338338338337,0.2969636302969636,-3.013658157680143,-3.3077822287000687
2021-05-07,bb7,0.67,0.822,0.1968635301968635,0.36736135896290745,0.14866666666666667,0.08341675008341676,0.20353687020353686,0.215,0.1334668001334668,0.2969636302969636,-2.9718979840497988,-3.223104476155677
2021-05-10,bb7,0.669,0.822,0.1968635301968635,1.2018566313482875,0.11399999999999999,0.08341675008341676,0.20353687020353686,0.16866666666666666,0.1334668001334668,0.2969636302969636,-2.7399355617223766,-2.979174740875726
2021-05-11,bb7,0.738,0.87,0.1968635301968635,-0.22657257645406254,0.13566666666666669,0.08341675008341676,0.20353687020353686,0.20466666666666666,0.1334668001334668,0.2969636302969636,-2.8465121809478986,-3.0967180788675197
2021-05-12,bb7,0.732,0.87,0.19352686019352683,0.18091851812104998,0.14933333333333335,0.08341675008341676,0.20353687020353686,0.21966666666666668,0.1334668001334668,0.2937103770437103,-2.873789314266278,-3.1395322726545905
2021-05-14,bb7,0.744,0.874,0.19352686019352683,-1.2667184423511526,0.155,0.08341675008341676,0.20353687020353686,0.22166666666666668,0.1301301301301301,0.29362696029362695,-2.9766071779878867,-3.2539104013054545
2021-05-17,bb7,0.674,0.828,0.19352686019352683,2.4616530503983927,0.152,0.08341675008341676,0.20028361695028354,0.21933333333333335,0.13338338338338337,0.29362696029362695,-3.1336040588341523,-3.4337826428789975
2021-05-18,bb7,0.977,0.983,0.19352686019352683,0.9903834470128825,0.12833333333333333,0.08341675008341676,0.20353687020353686,0.18333333333333335,0.1301301301301301,0.2969636302969636,-3.156060551393565,-3.434975483027829
2021-05-19,bb7,0.977,0.983,0.19352686019352683,-1.4605723751304225,0.125,0.08341675008341676,0.20028361695028354,0.18133333333333335,0.1301301301301301,0.2969636302969636,-3.084527326872084,-3.366012788453828
2021-05-20,bb7,0.976,0.985,0.1868535201868535,-0.6555905933107,0.156,0.08341675008341676,0.2002002002002002,0.21533333333333335,0.1301301301301301,0.2969636302969636,-3.1563877007367944,-3.454532123946145
2021-05-21,bb7,0.98,0.986,0.1868535201868535,1.9690076378631973,0.145,0.08341675008341676,0.20353687020353686,0.19933333333333336,0.1301301301301301,0.2969636302969636,-3.0489810391431758,-3.3286228956246515
2021-05-24,bb7,0.976,0.983,0.19352686019352683,0.17430109659671505,0.13233333333333333,0.08341675008341676,0.20353687020353686,0.20866666666666667,0.1334668001334668,0.30363697030363695,-3.0875225875302985,-3.3662706333119514
2021-05-25,bb7,0.972,0.983,0.1968635301968635,0.6194472724003875,0.145,0.08341675008341676,0.20353687020353686,0.21333333333333335,0.13338338338338337,0.2969636302969636,-3.222152526045435,-3.496028458562725
2021-05-26,bb7,0.701,0.853,0.19019019019019015,0.844493198263325,0.13999999999999999,0.08667000333666999,0.20353687020353686,0.20133333333333334,0.1334668001334668,0.2969636302969636,-3.0597599056882423,-3.3447682784264843
2021-05-27,bb7,0.98,0.985,0.19019019019019015,0.7334225926882776,0.11866666666666666,0.08341675008341676,0.20028361695028354,0.18166666666666664,0.13338338338338337,0.2969636302969636,-2.9602255214551554,-3.2311375508065594
2021-05-28,bb7,0.978,0.983,0.19352686019352683,-0.174807065121015,0.14066666666666666,0.08341675008341676,0.20028361695028354,0.2173333333333333,0.13338338338338337,0.2969636302969636,-3.0981887354164575,-3.396329608572714
2021-05-31,bb7,0.98,0.985,0.19352686019352683,0.39913281064626005,0.14066666666666666,0.08341675008341676,0.20028361695028354,0.19733333333333336,0.1301301301301301,0.2969636302969636,-2.935237306699541,-3.1746347810337556
2021-06-01,bb7,0.706,0.853,0.1868535201868535,0.5039092187583801,0.13899999999999998,0.08667000333666999,0.20353687020353686,0.20099999999999998,0.1334668001334668,0.2969636302969636,-2.952326059374099,-3.1915105948883253
2021-06-02,bb7,0.974,0.983,0.1868535201868535,0.5030750114544,0.11366666666666665,0.08341675008341676,0.20353687020353686,0.17466666666666666,0.1301301301301301,0.2969636302969636,-2.7637512840102745,-3.012027943270563
2021-06-03,bb7,0.975,0.983,0.1868535201868535,0.8166714265235425,0.127,0.08341675008341676,0.20028361695028354,0.18400000000000002,0.1301301301301301,0.2969636302969636,-2.739455791057003,-2.9678784138474867
2021-06-04,bb7,0.98,0.983,0.1868535201868535,0.060196138283917566,0.147,0.08341675008341676,0.20353687020353686,0.20933333333333334,0.1301301301301301,0.2969636302969636,-2.8488297892340033,-3.112677395422168
2021-06-07,bb7,0.98,0.985,0.19019019019019015,0.7400161706865025,0.152,0.08341675008341676,0.20353687020353686,0.22699999999999998,0.1301301301301301,0.29362696029362695,-2.863688586756928,-3.1269417569863727
2021-06-08,bb7,0.98,0.989,0.19019019019019015,0.8507204284200025,0.14666666666666667,0.08341675008341676,0.20353687020353686,0.20733333333333337,0.1301301301301301,0.29362696029362695,-2.7668339501742376,-3.0132107759949838
2021-06-09,bb7,0.983,0.991,0.19019019019019015,-1.004274885627365,0.118,0.08341675008341676,0.20353687020353686,0.18300000000000002,0.1301301301301301,0.2969636302969636,-2.7326472953796537,-2.9620729284773817
2021-06-10,student,0.939,1.0,0.1868535201868535,1.1335465389954875,0.14566666666666667,0.08667000333666999,0.20353687020353686,0.21399999999999997,0.1301301301301301,0.29362696029362695,-2.7513714272830887,-2.986907186213417
2021-06-11,student,0.917,1.0,0.19019019019019015,0.541590332135025,0.15333333333333335,0.08667000333666999,0.20353687020353686,0.223,0.1301301301301301,0.29362696029362695,-2.842737941775603,-3.102188858241512
2021-06-14,bb7,0.917,1.0,0.19019019019019015,0.827810860172445,0.13466666666666668,0.08341675008341676,0.2002002002002002,0.20766666666666667,0.1301301301301301,0.29362696029362695,-2.7648374657923234,-3.001954566421874
2021-06-15,bb7,0.574,0.945,0.19019019019019015,0.21483932103695008,0.13433333333333333,0.08667000333666999,0.20353687020353686,0.21233333333333335,0.1301301301301301,0.2937103770437103,-2.7597303361481362,-2.9965155168259314
2021-06-16,student,0.917,1.0,0.19019019019019015,-0.16653813646118498,0.148,0.08341675008341676,0.20028361695028354,0.22666666666666666,0.1301301301301301,0.29362696029362695,-2.755193527616624,-2.9979485274607143
2021-06-17,bb7,0.922,1.0,0.19019019019019015,-0.25446881670415744,0.13899999999999998,0.08341675008341676,0.20028361695028354,0.2093333333333333,0.1301301301301301,0.29362696029362695,-2.7396633017485925,-2.9912384515811055
2021-06-18,bb7,0.907,1.0,0.19019019019019015,-0.24638564935289248,0.13066666666666665,0.08341675008341676,0.2002002002002002,0.19399999999999998,0.1301301301301301,0.29362696029362695,-2.711193068491747,-2.9679831471245395
2021-06-21,bb7,0.916,1.0,0.19019019019019015,0.4453255850338276,0.13733333333333334,0.08341675008341676,0.2002002002002002,0.20633333333333334,0.1301301301301301,0.29362696029362695,-2.7513681905519896,-3.0025858489467976
2021-06-22,bb7,0.912,1.0,0.1868535201868535,0.15311790665468256,0.12766666666666668,0.08341675008341676,0.2002002002002002,0.2006666666666667,0.1301301301301301,0.29362696029362695,-2.6915998563776773,-2.9430881179314685
2021-06-23,student,0.904,1.0,0.1868535201868535,-0.42724734893968497,0.13766666666666666,0.08667000333666999,0.20353687020353686,0.20600000000000004,0.1301301301301301,0.29362696029362695,-2.6849868082854997,-2.9212986303311728
2021-06-24,bb7,0.904,1.0,0.19019019019019015,0.8688554422592849,0.13199999999999998,0.08341675008341676,0.2002002002002002,0.19866666666666669,0.1301301301301301,0.29362696029362695,-2.5926257672098045,-2.8127148089695306
2021-06-25,student,0.907,1.0,0.1868535201868535,0.8755971978628274,0.16466666666666668,0.08667000333666999,0.2002002002002002,0.24433333333333332,0.13338338338338337,0.29362696029362695,-2.8716754826485222,-3.1421138307856173
2021-06-28,bb7,0.912,1.0,0.1868535201868535,0.190480165736575,0.13333333333333333,0.08341675008341676,0.20028361695028354,0.20333333333333334,0.13338338338338337,0.2969636302969636,-2.690321096133927,-2.9438639503223856
2021-06-29,bb7,0.884,0.997,0.1868535201868535,-0.21376094787649505,0.13333333333333333,0.08675342008675342,0.20687354020687354,0.19866666666666669,0.13338338338338337,0.29704704704704693,-2.6430698600777354,-2.8781220646868086
2021-06-30,student,0.877,0.997,0.1868535201868535,-0.211681676313765,0.1376666666666667,0.08675342008675342,0.20353687020353686,0.20433333333333334,0.13338338338338337,0.2969636302969636,-2.7001615446290543,-2.9649832815361687
2021-07-01,student,0.866,0.997,0.1868535201868535,0.15441797059228748,0.141,0.08675342008675342,0.20353687020353686,0.2073333333333333,0.13338338338338337,0.2969636302969636,-2.6929549128907184,-2.949665721255693
2021-07-02,bb7,0.903,1.0,0.1868535201868535,0.4958383291604975,0.115,0.08667000333666999,0.2002002002002002,0.17066666666666666,0.1301301301301301,0.29362696029362695,-2.4571602502454724,-2.6647499396416308
2021-07-05,student,0.876,0.997,0.1868535201868535,0.86313261643102,0.14366666666666666,0.08675342008675342,0.20353687020353686,0.221,0.13338338338338337,0.2969636302969636,-2.6095384036741835,-2.873245218790623
2021-07-06,bb7,0.907,1.0,0.19019019019019015,-2.905316959694045,0.12566666666666668,0.08667000333666999,0.2002002002002002,0.206,0.1334668001334668,0.30363697030363695,-2.6482758816914664,-2.9220431625064474
2021-07-07,bb7,0.914,1.0,0.1868535201868535,0.326187933273905,0.12766666666666668,0.08667000333666999,0.2002002002002002,0.21933333333333338,0.1334668001334668,0.3037203870537203,-2.725265523306012,-2.991398391994962
2021-07-08,bb7,0.92,1.0,0.19352686019352683,-1.7596404727645476,0.13399999999999998,0.08675342008675341,0.20353687020353686,0.20366666666666666,0.13338338338338337,0.2937103770437103,-2.7016690872014313,-2.9402812948182664
2021-07-09,bb7,0.92,1.0,0.1968635301968635,0.028869583427502503,0.14066666666666666,0.08667000333666999,0.20353687020353686,0.211,0.1334668001334668,0.2969636302969636,-2.809078580135093,-3.0735148261877128
2021-07-12,bb7,0.923,1.0,0.19352686019352683,-0.00543008717542251,0.14066666666666666,0.08675342008675341,0.20353687020353686,0.2006666666666667,0.1334668001334668,0.2969636302969636,-2.682167140733083,-2.91643438538583
2021-07-13,bb7,0.938,1.0,0.19352686019352683,0.2560985410280475,0.14066666666666666,0.08675342008675341,0.20353687020353686,0.21233333333333335,0.1334668001334668,0.2969636302969636,-2.7319132836360613,-2.9828914393293373
2021-07-14,bb7,0.985,0.994,0.1868535201868535,0.2870913875915299,0.13599999999999998,0.08675342008675342,0.20353687020353686,0.19933333333333333,0.1334668001334668,0.30030030030030025,-2.6894344318124483,-2.9282834137094556
2021-07-15,student,0.907,1.0,0.1868535201868535,0.12999460742955,0.157,0.08667000333666999,0.20353687020353686,0.217,0.13338338338338337,0.2969636302969636,-2.6675756072389363,-2.898127399666291
2021-07-16,student,0.983,0.994,0.1868535201868535,-0.3700576553301425,0.15133333333333335,0.08675342008675341,0.2036202869536202,0.227,0.13680347013680347,0.31031031031031026,-2.742734843197241,-3.0123259693539377
2021-07-19,student,0.932,1.0,0.19352686019352683,-0.628549879795415,0.158,0.08675342008675341,0.20353687020353686,0.23233333333333336,0.1334668001334668,0.3069736403069736,-2.7003104130947495,-2.944828084540528
2021-07-20,student,0.93,1.0,0.19352686019352683,-0.55464525864681,0.15066666666666667,0.08675342008675341,0.20353687020353686,0.22666666666666666,0.1334668001334668,0.3069736403069736,-2.670422732583511,-2.943893265584252
2021-07-22,student,0.989,0.994,0.1868535201868535,0.1510333425283149,0.14733333333333334,0.08675342008675341,0.20687354020687354,0.23500000000000001,0.13680347013680347,0.31031031031031026,-2.7134781822352823,-2.998909096297567
2021-07-23,bb7,0.987,0.994,0.1868535201868535,-0.3904463469823525,0.12966666666666665,0.08341675008341676,0.2036202869536202,0.19966666666666666,0.13346680013346682,0.307057057057057,-2.692003708992276,-2.949238333919949
2021-07-26,student,0.991,0.995,0.1868535201868535,-0.4217304926892975,0.157,0.08667000333666999,0.2036202869536202,0.24566666666666667,0.13346680013346682,0.3069736403069736,-2.85350767771427,-3.168804478128842
2021-07-27,student,0.993,0.995,0.18351685018351682,0.1518035831633475,0.13699999999999998,0.08667000333666999,0.2036202869536202,0.21566666666666667,0.1334668001334668,0.3069736403069736,-2.6978185008688578,-2.970215456189668
2021-07-28,student,0.994,0.995,0.1868535201868535,-0.6140860478142399,0.14233333333333334,0.08667000333666999,0.2036202869536202,0.207,0.13346680013346682,0.3069736403069736,-2.5759620249570037,-2.829820358644207
2021-07-29,student,0.988,0.994,0.1868535201868535,1.55063334412553,0.13699999999999998,0.08341675008341676,0.20353687020353686,0.21766666666666667,0.1334668001334668,0.3069736403069736,-2.650538307144993,-2.9071518189638192
2021-07-30,bb7,0.939,1.0,0.19352686019352683,-0.58498242320014,0.131,0.08341675008341676,0.20353687020353686,0.2093333333333333,0.1301301301301301,0.3037203870537203,-2.692487823278081,-2.9505150914275644
2021-08-02,bb7,0.99,0.994,0.19352686019352683,0.74356326681084,0.13733333333333334,0.08341675008341676,0.20353687020353686,0.209,0.1334668001334668,0.3069736403069736,-2.766005671736111,-3.0370924768706513
2021-08-03,student,0.991,0.994,0.1868535201868535,2.1608358414009774,0.151,0.08341675008341676,0.20353687020353686,0.23266666666666666,0.1334668001334668,0.3069736403069736,-2.7729951031828066,-3.057329139133036
2021-08-04,student,0.99,0.994,0.19352686019352683,-0.07509588847332255,0.14366666666666666,0.08341675008341676,0.20353687020353686,0.21533333333333335,0.1334668001334668,0.3069736403069736,-2.83961440640618,-3.115035777853086
2021-08-05,student,0.944,1.0,0.19352686019352683,-0.8502305434124773,0.15,0.08341675008341676,0.20353687020353686,0.23066666666666666,0.1334668001334668,0.30363697030363695,-2.7993945657980768,-3.089284351109078
2021-08-06,student,0.99,0.993,0.19352686019352683,-0.228903246984755,0.146,0.08341675008341676,0.20353687020353686,0.2233333333333333,0.13338338338338337,0.30363697030363695,-2.786186321770606,-3.0571204821791613
2021-08-09,bb7,0.989,0.993,0.19352686019352683,0.04189315787517253,0.133,0.08341675008341676,0.20353687020353686,0.209,0.13338338338338337,0.30363697030363695,-2.6803393795929016,-2.947175743320795
2021-08-10,bb7,0.989,0.993,0.19352686019352683,-0.552902557205665,0.13566666666666669,0.08341675008341676,0.20353687020353686,0.22833333333333336,0.13680347013680347,0.31364698031364696,-2.687926414784779,-2.9454754429952765
2021-08-11,bb7,0.991,0.993,0.19352686019352683,0.29471560261382745,0.13233333333333333,0.08341675008341676,0.20353687020353686,0.2283333333333333,0.13680347013680347,0.3103103103103103,-2.6566078362669896,-2.937595445172843
2021-08-12,bb7,0.976,0.985,0.19352686019352683,1.02279403598903,0.14233333333333334,0.09000667334000666,0.20687354020687354,0.2233333333333333,0.13680347013680347,0.3069736403069736,-2.550828610983337,-2.8161422713489626
2021-08-13,bb7,0.974,0.988,0.19352686019352683,0.7971932976715026,0.123,0.08675342008675342,0.2036202869536202,0.18833333333333332,0.13680347013680347,0.3069736403069736,-2.4043542727146647,-2.6182528707316943
2021-08-16,bb7,0.991,0.993,0.19352686019352683,-0.548915078527075,0.127,0.08667000333666999,0.20353687020353686,0.19066666666666668,0.13680347013680347,0.3069736403069736,-2.3823061231692106,-2.62387673369642
2021-08-17,bb7,0.991,0.994,0.19352686019352683,0.4282574462019349,0.13333333333333333,0.08667000333666999,0.2036202869536202,0.21033333333333334,0.1334668001334668,0.2969636302969636,-2.4498146435727413,-2.689433194185899
2021-08-18,student,0.976,0.984,0.19352686019352683,-0.5703322850114525,0.15233333333333335,0.08675342008675342,0.20687354020687354,0.2223333333333333,0.13680347013680347,0.3069736403069736,-2.5806409319030883,-2.8414670289010346
2021-08-20,bb7,0.978,0.984,0.19352686019352683,-0.3767222568707601,0.14066666666666666,0.08675342008675342,0.20687354020687354,0.22566666666666668,0.13680347013680347,0.3069736403069736,-2.427632611110312,-2.6913331351593412
2021-08-23,student,0.982,0.988,0.1868535201868535,-0.15363934496520504,0.142,0.09000667334000666,0.20687354020687354,0.20933333333333334,0.13672005338672005,0.30363697030363695,-2.744784118489628,-3.0177904016471726
2021-08-24,bb7,0.979,0.986,0.1868535201868535,0.47600152189436246,0.13066666666666668,0.08675342008675342,0.20687354020687354,0.19899999999999998,0.13672005338672005,0.30038371705038364,-2.5203641264466268,-2.7690332943399016
2021-08-25,bb7,0.982,0.992,0.1868535201868535,0.6530485827460975,0.13033333333333333,0.08675342008675342,0.20687354020687354,0.18666666666666668,0.13672005338672005,0.3003003003003003,-2.602228999710966,-2.850093448435292
2021-08-26,student,0.984,0.992,0.19019019019019015,-0.25320238651643756,0.14033333333333334,0.08675342008675342,0.20687354020687354,0.223,0.13672005338672005,0.3003003003003003,-2.5712611807090533,-2.8071955364426806
2021-08-27,student,0.982,0.992,0.19019019019019015,0.06350874324282751,0.146,0.08675342008675342,0.20687354020687354,0.22566666666666668,0.13672005338672005,0.30363697030363695,-2.5500378961594294,-2.7967822800074154
2021-08-30,student,0.982,0.991,0.19352686019352683,1.0834073165838827,0.15666666666666668,0.08675342008675342,0.20687354020687354,0.23966666666666667,0.13672005338672005,0.30038371705038364,-2.582583336889843,-2.8927398412544783
2021-08-31,student,0.933,1.0,0.19352686019352683,0.25563437295702246,0.14566666666666667,0.08675342008675342,0.20687354020687354,0.22699999999999998,0.1301301301301301,0.2969636302969636,-2.569658490822717,-2.8416340071969186
2021-09-01,student,0.902,0.999,0.1868535201868535,0.56387292971421,0.14633333333333334,0.08675342008675342,0.20687354020687354,0.2253333333333333,0.13346680013346682,0.30363697030363695,-2.4300066355456633,-2.687882178231764
2021-09-02,student,0.929,1.0,0.18351685018351682,0.5971634261849699,0.13899999999999998,0.08675342008675342,0.2036202869536202,0.20033333333333334,0.1334668001334668,0.30363697030363695,-2.3799751635209394,-2.616844771345849
2021-09-03,bb7,0.916,1.0,0.1968635301968635,0.16152656396847997,0.14433333333333334,0.08675342008675342,0.2036202869536202,0.22066666666666665,0.13346680013346682,0.30363697030363695,-2.4475213327980443,-2.7215227426807522
2021-09-06,bb7,0.935,1.0,0.1968635301968635,0.6987540966979775,0.145,0.08675342008675342,0.20353687020353686,0.20966666666666667,0.1301301301301301,0.29362696029362695,-2.4180494474967933,-2.6794070545032818
2021-09-07,bb7,0.932,1.0,0.20020020020020016,-0.7256343275351299,0.13799999999999998,0.08675342008675342,0.20353687020353686,0.21266666666666667,0.1301301301301301,0.29362696029362695,-2.348687586868237,-2.5939397480172555
2021-09-08,bb7,0.938,1.0,0.20020020020020016,0.1967153394541025,0.13033333333333333,0.08675342008675342,0.20353687020353686,0.18699999999999997,0.1301301301301301,0.29362696029362695,-2.2849035805820384,-2.514907428101106
2021-09-09,bb7,0.938,1.0,0.1968635301968635,0.42884798595894,0.13333333333333333,0.08675342008675342,0.20353687020353686,0.20566666666666666,0.1301301301301301,0.29362696029362695,-2.2497711329654595,-2.4561240386260788
2021-09-13,bb7,0.935,1.0,0.1968635301968635,0.006596981209237518,0.14133333333333334,0.08675342008675342,0.2036202869536202,0.21533333333333338,0.1301301301301301,0.29362696029362695,-2.294849942608826,-2.5326039119794213
2021-09-14,bb7,0.938,1.0,0.1968635301968635,0.11252302205693246,0.14666666666666667,0.08675342008675342,0.2036202869536202,0.23366666666666666,0.13346680013346682,0.30030030030030025,-2.2561557256816958,-2.50651473458331
2021-09-15,bb7,0.809,0.911,0.19019019019019015,1.58079201099051,0.13666666666666666,0.08675342008675342,0.2036202869536202,0.20966666666666667,0.13346680013346682,0.30363697030363695,-2.2004313138839042,-2.4338723705035608
2021-09-16,student,0.913,1.0,0.1968635301968635,0.8700450566044975,0.156,0.08675342008675342,0.20353687020353686,0.2233333333333333,0.1301301301301301,0.29362696029362695,-2.295517676821467,-2.5209614897838266
2021-09-17,bb7,0.939,1.0,0.1968635301968635,-1.3491392681756824,0.13233333333333333,0.08675342008675342,0.20353687020353686,0.21766666666666667,0.1301301301301301,0.29362696029362695,-2.3153205931201564,-2.5679972705791307
2021-09-20,bb7,0.927,1.0,0.1968635301968635,-1.0720158839300575,0.141,0.08675342008675342,0.20353687020353686,0.21200000000000005,0.1301301301301301,0.29362696029362695,-2.374938644608913,-2.5989175292055866
2021-09-21,student,0.988,0.993,0.1968635301968635,0.8836199334079975,0.151,0.08675342008675342,0.2036202869536202,0.22066666666666668,0.13672005338672005,0.30363697030363695,-2.5907157355604378,-2.8511273294136825
2021-09-22,student,0.99,0.993,0.1968635301968635,0.39644520188621,0.14766666666666667,0.08675342008675342,0.20353687020353686,0.23366666666666666,0.13346680013346682,0.30363697030363695,-2.5956620070049747,-2.8725971455645603
2021-09-23,bb7,0.933,1.0,0.1968635301968635,1.86966762733769,0.13366666666666666,0.08675342008675342,0.20353687020353686,0.20299999999999999,0.13346680013346682,0.2969636302969636,-2.327202427204439,-2.5499203831919486
2021-09-24,bb7,0.938,1.0,0.19352686019352683,-0.8043817889010474,0.13966666666666666,0.08675342008675342,0.20353687020353686,0.213,0.13346680013346682,0.30030030030030025,-2.4891876954756453,-2.7432778764420456
2021-09-27,bb7,0.989,0.993,0.19352686019352683,0.4311890054792748,0.13999999999999999,0.08675342008675342,0.20353687020353686,0.2106666666666667,0.13680347013680347,0.30363697030363695,-2.5068954911302135,-2.756497976676748
2021-09-28,bb7,0.817,0.914,0.19352686019352683,-0.6406092907742075,0.13999999999999999,0.09009009009009007,0.20353687020353686,0.21899999999999997,0.1400567233900567,0.30363697030363695,-2.5797212157445997,-2.851901049835704
2021-09-29,student,0.647,0.979,0.19352686019352683,0.6262942193932125,0.15033333333333335,0.08675342008675342,0.20353687020353686,0.23433333333333337,0.13672005338672005,0.30038371705038364,-2.5556063208140065,-2.827545582800949
2021-09-30,student,0.826,0.913,0.19352686019352683,-0.24979786779920504,0.14866666666666667,0.09009009009009007,0.20353687020353686,0.22099999999999997,0.13680347013680347,0.30363697030363695,-2.5912562321678876,-2.8604077962544263
2021-10-01,student,0.516,0.848,0.1868535201868535,-0.20798930131246252,0.14333333333333334,0.09009009009009007,0.2068735402068735,0.21433333333333335,0.13680347013680347,0.30363697030363695,-2.5214250622722347,-2.7736414802009857
2021-10-04,student,0.871,0.984,0.1868535201868535,1.3105581673449176,0.13733333333333334,0.08675342008675342,0.20353687020353686,0.21166666666666664,0.13680347013680347,0.30363697030363695,-2.507156181951411,-2.7751551246684483
2021-10-05,bb7,0.672,0.979,0.19352686019352683,0.7146802715471525,0.13866666666666666,0.09000667334000666,0.20353687020353686,0.21366666666666664,0.13672005338672005,0.30030030030030025,-2.4467085957334676,-2.6666109726736176
2021-10-06,bb7,0.941,1.0,0.19352686019352683,-1.5556541951212526,0.13566666666666666,0.08675342008675342,0.20353687020353686,0.2046666666666667,0.13672005338672005,0.29704704704704693,-2.39620160320183,-2.6277564826694078
2021-10-07,student,0.868,0.988,0.1868535201868535,2.9835723243095327,0.14166666666666666,0.09009009009009007,0.2068735402068735,0.22,0.13680347013680347,0.30363697030363695,-2.4433565945454374,-2.6948416479247688
2021-10-08,student,0.935,1.0,0.1968635301968635,0.6347228356943724,0.14733333333333332,0.08675342008675342,0.20353687020353686,0.22,0.13346680013346682,0.30038371705038364,-2.69281567124719,-2.9926074335754804
2021-10-11,bb7,0.941,1.0,0.19352686019352683,2.2271925299151354,0.13766666666666666,0.08675342008675342,0.20353687020353686,0.20566666666666666,0.13346680013346682,0.3003003003003003,-2.563781017927416,-2.82840727701833
2021-10-12,bb7,0.993,0.993,0.1968635301968635,1.232688563837355,0.12999999999999998,0.09009009009009007,0.20353687020353686,0.21066666666666667,0.13680347013680347,0.3003003003003003,-2.7596391749084637,-3.0270988989416683
2021-10-13,bb7,0.994,0.996,0.1968635301968635,4.661667008431055,0.11499999999999999,0.0900900900900901,0.20353687020353686,0.18133333333333335,0.13680347013680347,0.3003003003003003,-2.711258978316355,-2.9714104821381295
2021-10-14,student,0.993,0.991,0.2002002002002002,0.11680707868510004,0.16,0.08675342008675342,0.20353687020353686,0.24066666666666667,0.13680347013680347,0.30038371705038364,-3.724752130567826,-4.0656802964281065
2021-10-18,bb7,0.98,0.943,0.19686353019686353,2.098601132761697,0.1446666666666667,0.08675342008675342,0.20353687020353686,0.22433333333333336,0.13680347013680347,0.30363697030363695,-3.612734829148529,-3.9421091625442624
2021-10-19,bb7,0.963,1.0,0.20353687020353686,-2.50732251513422,0.129,0.08675342008675342,0.2002002002002002,0.18666666666666668,0.1301301301301301,0.2903737070403736,-3.361215295999848,-3.6344609279903155
2021-10-20,bb7,0.968,1.0,0.20353687020353686,-0.10112312900131004,0.14166666666666666,0.08675342008675342,0.20353687020353686,0.22699999999999998,0.1301301301301301,0.2903737070403736,-3.788785701373392,-4.1341256508247275
2021-10-21,student,0.796,0.939,0.1968635301968635,0.19378498049837986,0.15233333333333332,0.08675342008675342,0.20353687020353686,0.216,0.1301301301301301,0.29362696029362695,-3.8026703572287275,-4.142808640688487
2021-10-22,bb7,0.95,1.0,0.1968635301968635,-1.258097930064375,0.12833333333333333,0.08675342008675342,0.20353687020353686,0.19766666666666666,0.1301301301301301,0.29037370704037363,-3.625833840820697,-3.9451173376484907
2021-10-25,student,0.988,0.985,0.19019019019019015,-0.5516203915261899,0.151,0.08675342008675342,0.20353687020353686,0.228,0.13672005338672005,0.3003003003003003,-3.8609066073483564,-4.245235477344709
2021-10-26,student,0.703,0.671,0.19019019019019015,1.8745603811734324,0.146,0.08675342008675342,0.20353687020353686,0.242,0.13672005338672005,0.30038371705038364,-3.6660754582187915,-4.006745293562168
2021-10-27,bb7,0.698,0.657,0.1968635301968635,-0.26273545132437504,0.144,0.08675342008675342,0.20353687020353686,0.22366666666666668,0.13680347013680347,0.30038371705038364,-3.6441927076854443,-3.997057615698407
2021-10-28,student,0.698,0.662,0.19352686019352683,-2.170387475906095,0.148,0.08675342008675342,0.20353687020353686,0.2106666666666667,0.13346680013346682,0.3003003003003003,-3.518126959779173,-3.8166439093043936
2021-10-29,student,0.697,0.669,0.19352686019352683,-0.3223115305721175,0.153,0.08675342008675342,0.20353687020353686,0.23,0.13346680013346682,0.30038371705038364,-3.742907148049379,-4.089680326257261
2021-11-01,bb7,0.774,0.942,0.20353687020353686,1.3936777650751102,0.143,0.08675342008675342,0.20353687020353686,0.21866666666666668,0.1301301301301301,0.29029029029029024,-3.518557070964639,-3.842550568207156
2021-11-02,bb7,0.957,1.0,0.20353687020353686,0.49022229409390494,0.14333333333333334,0.08675342008675342,0.20028361695028354,0.21166666666666667,0.1300467133800467,0.29029029029029024,-3.5494200270188583,-3.8945167885495593
2021-11-03,bb7,0.96,1.0,0.20020020020020016,0.12136568134890752,0.13433333333333333,0.08675342008675342,0.2002002002002002,0.19733333333333336,0.1300467133800467,0.29029029029029024,-3.2902186689186124,-3.5871050197624426
2021-11-04,bb7,0.956,1.0,0.20020020020020016,0.5883897656487524,0.13366666666666666,0.08675342008675342,0.2002002002002002,0.18966666666666665,0.1300467133800467,0.29029029029029024,-3.122259255411214,-3.410028639975733
2021-11-08,student,0.972,0.933,0.19019019019019015,0.7596923128322826,0.14833333333333332,0.08675342008675342,0.2036202869536202,0.2273333333333333,0.13680347013680347,0.30363697030363695,-3.237247062197057,-3.5594568622958533
2021-11-09,bb7,0.737,0.989,0.20020020020020016,0.75244367599346,0.1406666666666667,0.08675342008675342,0.20353687020353686,0.21,0.1301301301301301,0.29029029029029024,-3.045994845879211,-3.3238704793976486
2021-11-10,student,0.942,1.0,0.1968635301968635,-0.5260940764436874,0.15433333333333332,0.08675342008675342,0.20353687020353686,0.222,0.1300467133800467,0.29029029029029024,-3.080915154689874,-3.377094704350448
2021-11-11,bb7,0.939,1.0,0.1968635301968635,-1.424935352333185,0.142,0.08675342008675342,0.20353687020353686,0.20433333333333334,0.1300467133800467,0.29029029029029024,-2.9221821238128367,-3.1903199258279065
2021-11-12,bb7,0.837,0.997,0.20020020020020016,1.2319633358107849,0.13266666666666665,0.09009009009009007,0.20687354020687354,0.19000000000000003,0.13680347013680347,0.30030030030030025,-2.9098386869681905,-3.1666362187061536
2021-11-15,bb7,0.975,0.996,0.18351685018351682,-0.01239886137240749,0.13133333333333333,0.08675342008675342,0.20353687020353686,0.19733333333333336,0.1301301301301301,0.2902902902902903,-2.598949423752363,-2.8658450424699815
2021-11-16,bb7,0.86,0.996,0.1868535201868535,-0.023186668768022445,0.13233333333333333,0.08675342008675342,0.2002002002002002,0.20299999999999999,0.1301301301301301,0.29029029029029024,-2.396689330311119,-2.6293075820222476
2021-11-17,student,0.949,0.994,0.18351685018351682,0.4532576486304325,0.13766666666666666,0.08675342008675342,0.20353687020353686,0.20066666666666666,0.1301301301301301,0.29037370704037363,-2.592362013290498,-2.8420423952488316
2021-11-18,student,0.386,0.848,0.20020020020020016,-0.7282258727353574,0.152,0.09009009009009007,0.20687354020687354,0.21933333333333335,0.1301301301301301,0.29362696029362695,-2.8519378441065864,-3.1382512940972593
2021-11-22,student,0.984,0.996,0.19352686019352683,-2.4597891693025624,0.15333333333333335,0.09000667334000666,0.20687354020687354,0.22033333333333335,0.13680347013680347,0.3003003003003003,-2.8469885537704513,-3.118424903478853
2021-11-23,student,0.802,0.996,0.19352686019352683,0.555601603012585,0.14866666666666667,0.09000667334000666,0.2036202869536202,0.21366666666666664,0.13680347013680347,0.30030030030030025,-2.952177629026484,-3.2156480128802998
2021-11-24,bb7,0.776,0.995,0.19352686019352683,-1.1426163244537975,0.12766666666666668,0.09000667334000666,0.20353687020353686,0.19133333333333333,0.13680347013680347,0.30030030030030025,-2.89291811235175,-3.204114756374297
2021-11-25,student,0.823,0.996,0.19352686019352683,0.1908597176799,0.1446666666666667,0.09000667334000666,0.20353687020353686,0.21133333333333335,0.13680347013680347,0.30030030030030025,-2.935386827499888,-3.2429792321666513
2021-11-26,student,0.614,0.978,0.19352686019352683,-3.3510628438865497,0.151,0.09000667334000666,0.20687354020687354,0.2343333333333333,0.13680347013680347,0.30030030030030025,-2.929695568233236,-3.220711199301435
2021-11-29,student,0.452,0.802,0.19019019019019015,-0.21251376005693748,0.148,0.0900900900900901,0.21021021021021022,0.21766666666666667,0.13680347013680347,0.30038371705038364,-3.2808440200705444,-3.621485010490619
2021-11-30,student,0.399,0.766,0.19019019019019015,-0.28907899554330496,0.14833333333333334,0.09009009009009007,0.21021021021021022,0.222,0.13680347013680347,0.30038371705038364,-2.9888744119395656,-3.2909508655817605
2021-12-01,bb7,0.575,0.973,0.20020020020020016,2.005272612070215,0.12000000000000001,0.08675342008675342,0.2068735402068735,0.19733333333333333,0.13680347013680347,0.3037203870537203,-2.995024782679916,-3.274836471248782
2021-12-02,bb7,0.662,0.982,0.20020020020020016,1.1790912279429124,0.13066666666666668,0.08675342008675342,0.2068735402068735,0.204,0.13680347013680347,0.3069736403069736,-2.9611759746547506,-3.2599676430657207
2021-12-03,student,0.896,1.0,0.20020020020020016,-0.752156984645155,0.15733333333333335,0.08675342008675342,0.2068735402068735,0.22833333333333336,0.13680347013680347,0.3037203870537203,-3.0052161729594578,-3.2975887840834455
2021-12-06,bb7,0.553,0.961,0.20020020020020016,-2.0852514520933827,0.13899999999999998,0.08675342008675342,0.20687354020687354,0.227,0.13680347013680347,0.30363697030363695,-2.9092214761225934,-3.202201879010774
2021-12-07,bb7,0.48,0.815,0.19019019019019015,1.7775046766590274,0.13299999999999998,0.08675342008675342,0.20687354020687354,0.19666666666666666,0.1400567233900567,0.307057057057057,-2.939872411987959,-3.229420436172058
2021-12-08,bb7,0.443,0.778,0.19019019019019015,2.19252953587419,0.13666666666666666,0.08675342008675342,0.20687354020687354,0.215,0.14014014014014012,0.31039372706039364,-2.93131811792941,-3.237341875475128
2021-12-09,bb7,0.736,0.948,0.1868535201868535,-0.010883091962697489,0.142,0.08675342008675342,0.20687354020687354,0.21566666666666667,0.14014014014014012,0.31364698031364696,-3.0738721558963853,-3.3921619541815216
2021-12-10,bb7,0.739,0.95,0.1868535201868535,0.19894175167281752,0.14566666666666667,0.08675342008675342,0.20687354020687354,0.23399999999999999,0.14014014014014012,0.31364698031364696,-3.028405677783165,-3.341625308538212
2021-12-13,bb7,0.738,0.95,0.1868535201868535,-0.8207963085654875,0.13433333333333333,0.09009009009009007,0.20695695695695687,0.20833333333333334,0.14014014014014012,0.31364698031364696,-2.8680498944538395,-3.157372919992651
2021-12-14,bb7,0.435,0.76,0.19019019019019015,-0.005576861996172466,0.12866666666666668,0.0900900900900901,0.21021021021021016,0.20466666666666666,0.14014014014014012,0.3137303970637303,-2.7900688883287,-3.1020596039134687
2021-12-15,bb7,0.438,0.753,0.19019019019019015,-0.30683321364506494,0.13599999999999998,0.0900900900900901,0.21021021021021022,0.216,0.14014014014014015,0.31364698031364696,-2.760563235977197,-3.0298933851675294
2021-12-16,bb7,0.437,0.758,0.19019019019019015,0.23609816689596497,0.15666666666666668,0.0900900900900901,0.21021021021021016,0.236,0.14014014014014015,0.3137303970637303,-2.905684741922514,-3.2189813548917225
2021-12-17,bb7,0.433,0.747,0.19352686019352683,-2.0213504611993,0.12266666666666666,0.0900900900900901,0.21021021021021022,0.205,0.14014014014014012,0.31364698031364696,-2.7040848669067716,-2.9898391309735044
2021-12-20,bb7,0.877,0.999,0.20353687020353683,-2.1479672761671047,0.148,0.0900900900900901,0.21021021021021022,0.21666666666666667,0.14014014014014012,0.31031031031031026,-3.0057077469461797,-3.3221340851503416
2021-12-21,bb7,0.874,0.998,0.20353687020353683,0.4020560690185826,0.15366666666666665,0.0900900900900901,0.21021021021021016,0.23366666666666666,0.14014014014014012,0.3103937270603936,-3.1365786414357117,-3.4752999298601552
2021-12-22,bb7,0.867,0.998,0.20353687020353683,1.69349829872088,0.12833333333333333,0.09000667334000666,0.20687354020687354,0.18733333333333332,0.13680347013680347,0.3069736403069736,-2.87484228883714,-3.1474236057268508
2021-12-23,bb7,0.632,0.979,0.20353687020353683,1.1202390663880324,0.13733333333333334,0.09009009009009007,0.20687354020687354,0.227,0.13680347013680347,0.307057057057057,-2.9843397801789853,-3.3029818430529834
2021-12-24,bb7,0.884,1.0,0.20353687020353683,-0.47758516012148,0.14433333333333334,0.09000667334000666,0.21021021021021016,0.21566666666666667,0.1400567233900567,0.307057057057057,-2.957245119199044,-3.2610031211728896
2021-12-27,bb7,0.57,0.963,0.20353687020353683,0.33310335679038994,0.147,0.0900900900900901,0.21021021021021022,0.22666666666666666,0.14014014014014012,0.31364698031364696,-2.973360580772933,-3.292803898511055
2021-12-28,bb7,0.59,0.974,0.20353687020353683,1.0215133203559623,0.14666666666666667,0.0900900900900901,0.21021021021021022,0.2243333333333333,0.14014014014014012,0.3103937270603936,-2.809664719754758,-3.083378845897003
2021-12-29,bb7,0.825,0.997,0.20353687020353683,-0.6478023580970674,0.148,0.09000667334000666,0.20687354020687354,0.23066666666666666,0.14014014014014012,0.307057057057057,-2.8434277734355047,-3.138635958756686
2021-12-30,bb7,0.876,0.998,0.20353687020353683,-0.14587330238543747,0.14166666666666666,0.08675342008675342,0.20695695695695687,0.209,0.14014014014014012,0.307057057057057,-2.7019567126264548,-2.9637612815117227
2021-12-31,bb7,0.633,0.98,0.20020020020020016,1.4106302695120325,0.15533333333333332,0.09009009009009007,0.21021021021021022,0.23299999999999998,0.14014014014014012,0.3103937270603936,-2.790201799132493,-3.10665981411806
2022-01-03,bb7,0.872,0.998,0.20020020020020016,1.4847783728297226,0.14666666666666667,0.09000667334000666,0.21021021021021022,0.2273333333333333,0.1400567233900567,0.30697364030697366,-2.7213975079034562,-3.007999395133229
2022-01-04,bb7,0.626,0.975,0.20020020020020016,0.6889079572258451,0.153,0.09009009009009007,0.20695695695695687,0.2396666666666667,0.14014014014014012,0.31031031031031026,-2.6659965050923637,-2.9530689659585905
2022-01-05,bb7,0.618,0.977,0.20020020020020016,-0.11323993099260232,0.12733333333333333,0.09000667334000666,0.21021021021021016,0.18666666666666668,0.14014014014014012,0.3103937270603936,-2.605150825536216,-2.8847473439669082
2022-01-06,bb7,0.604,0.963,0.20020020020020016,-0.701902599744975,0.14633333333333334,0.09000667334000666,0.21021021021021016,0.22333333333333336,0.13680347013680347,0.3069736403069736,-2.7094484993231127,-2.990390716644084
2022-01-07,bb7,0.667,0.983,0.20020020020020016,0.27567149441778993,0.14866666666666664,0.09009009009009007,0.21021021021021022,0.22033333333333335,0.13680347013680347,0.3069736403069736,-2.7040825039244027,-2.991301342884501
2022-01-10,bb7,0.654,0.98,0.20020020020020016,1.6849511547660625,0.12933333333333333,0.09009009009009007,0.20687354020687354,0.19499999999999998,0.1400567233900567,0.30363697030363695,-2.5652006054058236,-2.8297695249289974
2022-01-11,bb7,0.837,0.997,0.20020020020020016,0.024586709206042487,0.126,0.09009009009009007,0.20687354020687354,0.21,0.1400567233900567,0.30363697030363695,-2.733975598588301,-3.036365200609731
2022-01-12,bb7,0.613,0.973,0.20020020020020016,0.89783502454206,0.15333333333333332,0.09009009009009007,0.21021021021021022,0.22533333333333336,0.14014014014014012,0.3037203870537203,-2.6415025817418964,-2.9300630773251877
2022-01-13,bb7,0.578,0.961,0.20020020020020016,0.551626235541365,0.16033333333333336,0.09009009009009007,0.21021021021021022,0.23266666666666666,0.14014014014014012,0.3069736403069736,-2.551184480556897,-2.8287971155890603
2022-01-14,bb7,0.6,0.97,0.20020020020020016,-0.35053036832821494,0.13633333333333333,0.09009009009009007,0.20695695695695687,0.20633333333333334,0.14014014014014012,0.3069736403069736,-2.4537742042203425,-2.7113137060935095
2022-01-17,bb7,0.772,0.958,0.19019019019019015,1.4090195767422702,0.14366666666666666,0.09009009009009007,0.20687354020687354,0.22266666666666668,0.14014014014014012,0.31031031031031026,-2.5651779523512332,-2.850934315724641
2022-01-18,bb7,0.875,1.0,0.20020020020020016,-1.4916878180220725,0.12766666666666665,0.09000667334000666,0.20687354020687354,0.20400000000000004,0.1400567233900567,0.30363697030363695,-2.4587390615916784,-2.7307198127379806
2022-01-19,bb7,0.903,1.0,0.20020020020020016,-0.4186040170231226,0.13866666666666666,0.09000667334000666,0.20687354020687354,0.207,0.1400567233900567,0.30363697030363695,-2.503172476908975,-2.7507478997584527
2022-01-20,bb7,0.897,1.0,0.20353687020353683,-1.57599401645055,0.146,0.09000667334000666,0.20687354020687354,0.23199999999999998,0.13680347013680347,0.30363697030363695,-2.6348687830710005,-2.915370549652318
2022-01-21,bb7,0.69,0.984,0.1968635301968635,-0.94270094109755,0.15,0.09009009009009007,0.20687354020687354,0.216,0.1400567233900567,0.3069736403069736,-2.6389108227844726,-2.9131485406890616
2022-01-24,bb7,0.494,0.793,0.19019019019019015,-2.7592755376608924,0.153,0.0900900900900901,0.21021021021021022,0.22333333333333336,0.14014014014014012,0.31031031031031026,-2.824748749656684,-3.129895082563272
2022-01-25,bb7,0.703,0.988,0.1968635301968635,1.8912231457098123,0.12933333333333333,0.0900900900900901,0.21021021021021022,0.20166666666666666,0.14014014014014012,0.31031031031031026,-2.8815343260595565,-3.185317606527283
2022-01-27,bb7,0.498,0.799,0.19019019019019015,-0.10476928465262253,0.15133333333333335,0.0900900900900901,0.21029362696029355,0.23066666666666666,0.14014014014014012,0.31364698031364696,-3.002193152373273,-3.3212132622422397
2022-01-28,bb7,0.69,0.988,0.1968635301968635,-0.13101972949562501,0.13366666666666666,0.0900900900900901,0.21021021021021022,0.22133333333333335,0.14014014014014012,0.31031031031031026,-2.978426776891795,-3.299635334237251
2022-01-31,bb7,0.68,0.987,0.1968635301968635,2.3298520215605603,0.13466666666666668,0.0900900900900901,0.21021021021021022,0.19999999999999998,0.14014014014014012,0.31031031031031026,-2.800768751637696,-3.072882468288317
2022-02-01,bb7,0.895,1.0,0.1968635301968635,-0.07899287823398254,0.12999999999999998,0.0900900900900901,0.20687354020687354,0.21633333333333335,0.14014014014014012,0.30697364030697366,-2.886023283582311,-3.1953749358772083
2022-02-02,bb7,0.901,1.0,0.1968635301968635,0.9052019057967976,0.12633333333333333,0.08675342008675342,0.20687354020687354,0.20433333333333334,0.1400567233900567,0.3069736403069736,-2.790291704815976,-3.0760136925924244
2022-02-03,bb7,0.772,0.958,0.19019019019019015,-1.0902040804081,0.15133333333333335,0.08675342008675342,0.20695695695695687,0.2346666666666667,0.14014014014014015,0.31031031031031026,-2.8188574035782286,-3.1283470437501273
2022-02-04,bb7,0.804,0.994,0.1968635301968635,-0.52339735936424,0.13666666666666666,0.09000667334000666,0.21021021021021022,0.20633333333333334,0.14014014014014012,0.307057057057057,-2.7729723029546336,-3.035408525868923
2022-02-07,bb7,0.951,1.0,0.1968635301968635,-1.0771769355327325,0.13733333333333334,0.08675342008675342,0.20687354020687354,0.21866666666666665,0.14014014014014012,0.3069736403069736,-2.762679735016055,-3.056667553466813
2022-02-08,student,0.861,0.96,0.19019019019019015,-0.07477791723605501,0.14433333333333334,0.09009009009009007,0.20695695695695687,0.21266666666666667,0.14014014014014012,0.31031031031031026,-2.7452406885540794,-3.0301474889202793
2022-02-09,student,0.845,0.96,0.1901901901901902,1.0462862136226574,0.148,0.08675342008675342,0.20687354020687354,0.22833333333333336,0.14014014014014012,0.31031031031031026,-2.7120225224463863,-2.9755858316329706
2022-02-10,bb7,0.954,1.0,0.19686353019686353,1.0744887561858174,0.14533333333333334,0.08675342008675342,0.20687354020687354,0.2253333333333333,0.14014014014014012,0.3069736403069736,-2.6446162222792937,-2.9064198933091676
2022-02-11,bb7,0.949,1.0,0.19686353019686353,-1.9069762925764675,0.145,0.09000667334000666,0.20687354020687354,0.221,0.13346680013346682,0.30030030030030025,-2.6077364718356115,-2.880665404869891
2022-02-14,bb7,0.957,1.0,0.19686353019686353,-3.6836266057843146,0.142,0.0900900900900901,0.20687354020687354,0.20099999999999998,0.13672005338672005,0.30363697030363695,-2.644793125419802,-2.8929655635583207
2022-02-15,bb7,0.939,1.0,0.2002002002002002,4.309927059076995,0.14966666666666667,0.0900900900900901,0.21021021021021022,0.231,0.13672005338672005,0.3069736403069736,-3.34235593084687,-3.666709398698007
2022-02-16,bb7,0.941,1.0,0.2002002002002002,-0.7763177615974499,0.14033333333333334,0.09334334334334334,0.21029362696029355,0.21366666666666667,0.13672005338672005,0.3069736403069736,-3.645656303322745,-4.011882631952019
2022-02-17,bb7,0.945,1.0,0.2002002002002002,-0.0007805499310049868,0.143,0.09334334334334334,0.21354688021354687,0.217,0.13680347013680347,0.3037203870537203,-3.3410241953971074,-3.684658541609727
2022-02-18,bb7,0.939,1.0,0.2002002002002002,-0.4340597004732449,0.15066666666666667,0.0900900900900901,0.21354688021354687,0.22133333333333335,0.13680347013680347,0.307057057057057,-3.217762531607135,-3.5412099707251334
2022-02-21,bb7,0.941,1.0,0.2002002002002002,0.05069614014368751,0.15866666666666668,0.0900900900900901,0.21354688021354687,0.2373333333333333,0.13680347013680347,0.307057057057057,-3.1521491545398117,-3.4642375905598812
2022-02-22,bb7,0.949,1.0,0.2002002002002002,-1.71806307139726,0.144,0.0900900900900901,0.21354688021354687,0.21166666666666667,0.13680347013680347,0.3069736403069736,-2.975754533614018,-3.2802600400984705
2022-02-23,bb7,0.922,1.0,0.2002002002002002,-0.03355324810907999,0.15966666666666668,0.09342676009342675,0.21688355021688355,0.244,0.14673006339673006,0.3169836503169836,-3.0024688047072865,-3.3136293861160704
2022-02-24,bb7,0.938,1.0,0.1901901901901902,-6.003978459535892,0.14566666666666667,0.09334334334334334,0.21354688021354687,0.22166666666666668,0.14014014014014015,0.31031031031031026,-2.7966648430170244,-3.071283695225885
2022-02-25,bb7,0.921,1.0,0.21021021021021022,2.566667049880925,0.16566666666666666,0.09342676009342676,0.21688355021688355,0.2343333333333333,0.14681348014681347,0.32365699032365697,-3.8395622431167786,-4.243227814709871
2022-02-28,bb7,0.949,1.0,0.21021021021021022,0.025074144662754993,0.145,0.09334334334334334,0.2136302969636302,0.228,0.14681348014681347,0.32365699032365697,-4.182061757535417,-4.592943412280079
2022-03-02,bb7,0.951,1.0,0.20353687020353686,-1.278433010787965,0.14166666666666666,0.09342676009342676,0.2136302969636302,0.218,0.14681348014681347,0.32365699032365697,-3.6719089650372823,-4.008331915799473
2022-03-03,bb7,0.948,1.0,0.20353687020353686,-1.37874505019817,0.14733333333333332,0.09342676009342676,0.21688355021688355,0.22,0.14681348014681347,0.32365699032365697,-3.5405346921989467,-3.901383777219937
2022-03-04,bb7,0.901,1.0,0.21021021021021022,-2.28937441667304,0.15366666666666667,0.09342676009342676,0.21354688021354684,0.22666666666666668,0.14014014014014015,0.3137303970637303,-3.7195829624780163,-4.133373597002316
2022-03-07,bb7,0.785,0.993,0.21021021021021022,-3.347622792047315,0.147,0.09342676009342676,0.21354688021354687,0.21666666666666667,0.14339339339339338,0.3169836503169836,-3.805004694685532,-4.193242135922388
2022-03-08,bb7,0.939,1.0,0.21354688021354687,0.46674811136033756,0.13733333333333334,0.09342676009342676,0.21354688021354687,0.213,0.14681348014681347,0.32040373707040365,-3.999974005010328,-4.415665494608232
2022-03-09,bb7,0.949,1.0,0.21354688021354687,2.6349908469776304,0.14566666666666667,0.09342676009342676,0.21354688021354687,0.23366666666666666,0.14681348014681347,0.32040373707040365,-3.815109586886396,-4.186732608454398
2022-03-10,bb7,0.953,1.0,0.21354688021354687,3.1951374860270896,0.155,0.09342676009342676,0.21354688021354687,0.2246666666666667,0.14014014014014015,0.31364698031364696,-3.7465333119901696,-4.121553112160102
2022-03-11,bb7,0.957,1.0,0.21354688021354687,-0.1421040644817,0.14133333333333334,0.09342676009342676,0.21354688021354687,0.21566666666666667,0.14014014014014015,0.3137303970637303,-3.6713282277568275,-4.044167137971213
2022-03-14,bb7,0.954,1.0,0.21354688021354687,0.8886808305245699,0.15066666666666664,0.09342676009342676,0.2136302969636302,0.22066666666666668,0.14014014014014015,0.31706706706706694,-3.469193549108655,-3.818666623006223
2022-03-15,bb7,0.953,1.0,0.21021021021021022,-0.7923510241640824,0.151,0.09342676009342676,0.21688355021688355,0.2253333333333333,0.14014014014014015,0.32032032032032026,-3.4270912649976246,-3.806329202817599
2022-03-16,bb7,0.952,1.0,0.21021021021021022,2.1082383017521,0.14533333333333334,0.09342676009342676,0.21354688021354687,0.22366666666666668,0.14339339339339338,0.32032032032032026,-3.323202629601903,-3.6742823808371456
2022-03-17,bb7,0.947,1.0,0.21021021021021022,0.8716194929510876,0.15366666666666665,0.09342676009342676,0.21688355021688355,0.237,0.14339339339339338,0.31706706706706694,-3.3365130381912302,-3.6949942170376864
2022-03-21,bb7,0.94,1.0,0.21354688021354687,-1.5418333101268327,0.155,0.09342676009342676,0.21688355021688355,0.2323333333333333,0.14014014014014015,0.3169836503169836,-3.2069471409158568,-3.5502975997546424
2022-03-22,bb7,0.939,1.0,0.21354688021354687,0.617416878892765,0.14533333333333334,0.09342676009342676,0.21688355021688355,0.21799999999999997,0.1434768101434768,0.317067067067067,-3.164210932027928,-3.495501171294631
2022-03-23,bb7,0.942,1.0,0.21021021021021022,-0.80225689866002,0.13033333333333333,0.09342676009342676,0.21688355021688355,0.18400000000000002,0.1434768101434768,0.317067067067067,-3.0456686110079727,-3.3298780872388907
2022-03-24,bb7,0.947,1.0,0.21021021021021022,-0.30128488599086,0.1366666666666667,0.09342676009342676,0.21688355021688355,0.2103333333333333,0.1434768101434768,0.317067067067067,-3.069863928697918,-3.4036013328888246
2022-03-25,bb7,0.929,1.0,0.21021021021021022,-0.17891367828347,0.16966666666666666,0.09676343009676343,0.22022022022022023,0.23333333333333336,0.1434768101434768,0.32032032032032026,-2.9692175998595536,-3.261884727963003
2022-03-28,bb7,0.93,1.0,0.2002002002002002,0.6247348481415576,0.161,0.09342676009342676,0.2136302969636302,0.239,0.1434768101434768,0.317067067067067,-2.933888367719379,-3.2258045667453517
2022-03-29,bb7,0.937,1.0,0.2002002002002002,0.2434775980727575,0.15966666666666668,0.09668001334668,0.2136302969636302,0.22866666666666666,0.1434768101434768,0.32032032032032026,-2.750692161788029,-3.0179120771286296
2022-03-30,student,0.941,1.0,0.2002002002002002,0.6739459556656424,0.18266666666666667,0.09342676009342676,0.2136302969636302,0.25166666666666665,0.1434768101434768,0.317067067067067,-2.778499491721138,-3.071322576043889
2022-03-31,bb7,0.939,1.0,0.2002002002002002,0.29370271433381,0.13433333333333333,0.09342676009342676,0.2136302969636302,0.21399999999999997,0.14347681014347682,0.317067067067067,-2.562534798456493,-2.840285625097581
2022-04-01,bb7,0.939,1.0,0.2002002002002002,1.4683123547089276,0.15200000000000002,0.09342676009342676,0.21354688021354687,0.227,0.14347681014347682,0.317067067067067,-2.579284904134132,-2.851625331525317
2022-04-04,bb7,0.939,1.0,0.2002002002002002,0.846991915308515,0.15066666666666664,0.09342676009342676,0.2136302969636302,0.226,0.14347681014347682,0.32032032032032026,-2.6064611254539383,-2.8870037780742943
2022-04-05,bb7,0.937,1.0,0.2002002002002002,0.3188379580891824,0.15333333333333332,0.09342676009342676,0.21688355021688355,0.225,0.15015015015015012,0.33033033033033027,-2.537106708316433,-2.808592824700631
2022-04-06,bb7,0.939,1.0,0.2002002002002002,-0.29233261297353746,0.16466666666666666,0.09342676009342676,0.2136302969636302,0.23666666666666666,0.15015015015015012,0.327077077077077,-2.6129298691951597,-2.89160371588393
2022-04-07,bb7,0.948,1.0,0.2002002002002002,-0.2996496602217724,0.13133333333333333,0.09342676009342676,0.2136302969636302,0.20000000000000004,0.15015015015015012,0.3269936603269937,-2.4788922961570226,-2.7097633266600263
2022-04-08,bb7,0.944,1.0,0.2002002002002002,0.45671686613048,0.14033333333333334,0.09342676009342676,0.2136302969636302,0.21266666666666667,0.1500667334000667,0.327077077077077,-2.4660618754083043,-2.7298573091169698
2022-04-11,bb7,0.883,1.0,0.2002002002002002,-0.9592036104751425,0.154,0.09342676009342676,0.2136302969636302,0.228,0.1434768101434768,0.317067067067067,-2.5239195655675,-2.801063593677274
2022-04-12,bb7,0.935,1.0,0.2002002002002002,-1.5739073180985677,0.152,0.09342676009342676,0.2136302969636302,0.22966666666666666,0.15015015015015012,0.327077077077077,-2.479225346829602,-2.7336073420396034
2022-04-13,student,0.939,1.0,0.2002002002002002,0.13793432063821504,0.17033333333333334,0.09342676009342676,0.21688355021688355,0.25666666666666665,0.14347681014347682,0.317067067067067,-2.838318135818964,-3.170862049756819
2022-04-18,bb7,0.937,1.0,0.2002002002002002,-1.83311449441563,0.14533333333333334,0.09342676009342676,0.21688355021688355,0.22666666666666666,0.15015015015015012,0.33033033033033027,-2.6798273267146615,-2.940330396676778
2022-04-19,bb7,0.774,0.994,0.2002002002002002,-2.088618676751425,0.13599999999999998,0.09342676009342676,0.2136302969636302,0.217,0.1500667334000667,0.3269936603269936,-3.0290913370359553,-3.285054872127982
2022-04-20,bb7,0.835,0.965,0.19686353019686353,1.7934972615047227,0.147,0.09342676009342676,0.21354688021354687,0.22166666666666668,0.1500667334000667,0.33033033033033027,-3.3573257045764806,-3.6487319858505107
2022-04-21,bb7,0.934,1.0,0.19686353019686353,1.6264591746091224,0.15633333333333332,0.09342676009342676,0.21354688021354687,0.23666666666666666,0.1500667334000667,0.3269936603269936,-3.2875366724332897,-3.6076692494796045
2022-04-22,bb7,0.845,0.979,0.19686353019686353,-2.6320207370787703,0.14366666666666666,0.09342676009342676,0.21354688021354687,0.22466666666666665,0.15015015015015012,0.33033033033033027,-3.2403886457478412,-3.563657310075496
2022-04-25,bb7,0.942,1.0,0.2002002002002002,-1.783561573020765,0.149,0.09342676009342676,0.21354688021354687,0.22399999999999998,0.14347681014347682,0.32032032032032026,-3.3828579308550535,-3.746678631918653
2022-04-26,bb7,0.88,0.979,0.2002002002002002,1.98104921538498,0.14633333333333332,0.09668001334668,0.21354688021354687,0.22433333333333336,0.14681348014681347,0.32365699032365697,-3.366210410128703,-3.7162710230980784
2022-04-27,bb7,0.873,0.977,0.2002002002002002,-1.1679130805379452,0.157,0.09676343009676343,0.21354688021354687,0.23366666666666666,0.14681348014681347,0.3237404070737403,-3.259210080674049,-3.637362353657864
2022-04-28,bb7,0.863,0.975,0.2002002002002002,2.422972309475182,0.13866666666666666,0.09676343009676343,0.21354688021354687,0.21233333333333335,0.14681348014681347,0.3237404070737403,-3.1372407022628788,-3.44132056010818
2022-04-29,student,0.844,0.975,0.2002002002002002,-0.7862610877825549,0.164,0.09676343009676343,0.21688355021688355,0.25366666666666665,0.14681348014681347,0.3269936603269937,-3.306790746972873,-3.6702359172770893
2022-05-02,bb7,0.863,0.977,0.2002002002002002,-1.0170272477988225,0.14633333333333334,0.09676343009676343,0.21688355021688355,0.213,0.14681348014681347,0.3269936603269937,-3.0276275965073403,-3.30347480840244
2022-05-04,bb7,0.86,0.972,0.2002002002002002,-1.888815361191675,0.137,0.09676343009676343,0.21688355021688355,0.22266666666666668,0.14681348014681347,0.3269936603269937,-2.936889263805695,-3.241224453786832
2022-05-05,bb7,0.825,0.952,0.19686353019686353,0.9206912472324601,0.162,0.09676343009676343,0.21688355021688355,0.243,0.14673006339673006,0.3203203203203203,-3.197652082461067,-3.532948625059114
2022-05-06,bb7,0.814,0.952,0.19686353019686353,-1.7361184870561501,0.12566666666666668,0.09676343009676343,0.21688355021688355,0.20333333333333337,0.14681348014681347,0.3203203203203203,-2.930983356153338,-3.204207842650466
2022-05-09,student,0.792,0.938,0.19686353019686353,-0.6422755882761351,0.17700000000000002,0.09676343009676343,0.21688355021688355,0.2593333333333333,0.14681348014681347,0.3237404070737403,-3.3013915176773447,-3.6234947313193215
2022-05-10,bb7,0.746,0.93,0.19686353019686353,-0.33938482004292003,0.15633333333333332,0.09676343009676343,0.21688355021688355,0.2343333333333333,0.14681348014681347,0.32365699032365697,-3.2097291843194693,-3.523534025299041
2022-05-11,bb7,0.796,0.949,0.19686353019686353,-0.78058782305965,0.152,0.09676343009676343,0.22022022022022023,0.236,0.14681348014681347,0.3203203203203203,-3.1965745095337526,-3.537026751864058
2022-05-12,bb7,0.763,0.939,0.19686353019686353,-2.36506735139645,0.14633333333333334,0.09676343009676343,0.21688355021688355,0.22766666666666668,0.14681348014681347,0.32040373707040365,-3.1086645954810574,-3.4236417368795626
2022-05-13,bb7,0.781,0.939,0.19686353019686353,1.6345072785721102,0.141,0.09676343009676343,0.22022022022022023,0.20833333333333334,0.15015015015015012,0.3269936603269937,-3.165525286718813,-3.469711090010297
2022-05-16,student,0.858,0.979,0.19686353019686353,0.6469334927301524,0.165,0.10001668335001666,0.22022022022022023,0.24966666666666668,0.15348682015348683,0.333667000333667,-3.8373718160633024,-4.230911463908428
2022-05-17,student,0.787,0.945,0.19686353019686353,2.59915196801661,0.17933333333333334,0.1001001001001001,0.22022022022022023,0.26999999999999996,0.14681348014681347,0.3269936603269937,-3.5998606415850958,-3.9575496450103187
2022-05-18,student,0.744,0.941,0.19686353019686353,-0.6800568010215925,0.168,0.10001668335001666,0.22022022022022023,0.236,0.14347681014347682,0.31031031031031026,-3.5926886686870323,-3.926612314071712
2022-05-19,student,0.817,0.95,0.19686353019686353,-3.28589146105446,0.16666666666666666,0.1001001001001001,0.22022022022022023,0.24033333333333332,0.14681348014681347,0.3269936603269937,-3.435797641305824,-3.77762428926614
2022-05-20,bb7,0.935,1.0,0.2002002002002002,3.1583264035320298,0.15466666666666665,0.1001001001001001,0.22022022022022023,0.22,0.1534868201534868,0.3203203203203203,-3.60965745947686,-3.9502381520309013
2022-05-23,student,0.844,0.961,0.19686353019686353,0.9230679576797249,0.17500000000000002,0.1001001001001001,0.22022022022022023,0.268,0.14673006339673006,0.3137303970637303,-3.8597143240525082,-4.261476892991812
2022-05-24,bb7,0.824,0.961,0.19686353019686353,-0.9028286428827901,0.1456666666666667,0.1001001001001001,0.22022022022022023,0.20766666666666667,0.14681348014681347,0.3169836503169836,-3.4369810263291076,-3.757753547788796
2022-05-25,student,0.815,0.965,0.19686353019686353,-1.220424484853115,0.15333333333333332,0.1001001001001001,0.22030363697030356,0.23266666666666666,0.1534868201534868,0.32365699032365697,-3.4412221192782497,-3.760069389378843
2022-05-26,bb7,0.823,0.96,0.19686353019686353,1.0558033336294774,0.14633333333333334,0.1001001001001001,0.22030363697030356,0.21433333333333335,0.14681348014681347,0.31698365031698367,-3.312784328737955,-3.6424443251607426
2022-05-27,bb7,0.831,0.962,0.19686353019686353,1.72371975019539,0.139,0.1001001001001001,0.22355689022355688,0.21733333333333335,0.14681348014681347,0.3169836503169836,-3.2801598567008523,-3.5884655996786017
2022-05-30,student,0.814,0.961,0.19686353019686353,2.324803646512965,0.15133333333333332,0.10001668335001666,0.22355689022355688,0.21666666666666667,0.14681348014681347,0.3169836503169836,-3.1366669636289313,-3.4431168421167166
2022-05-31,student,0.802,0.959,0.19686353019686353,-0.35355957210086497,0.16633333333333333,0.1001001001001001,0.22355689022355688,0.246,0.15015015015015015,0.3303303303303303,-3.233739999826325,-3.556725159744531
2022-06-01,student,0.807,0.961,0.19686353019686353,-0.8307469327407475,0.15166666666666667,0.1001001001001001,0.22355689022355688,0.22599999999999998,0.15015015015015015,0.3303303303303303,-3.0035450582985233,-3.2905235074564425
2022-06-02,student,0.845,0.971,0.19686353019686353,0.009874664976684933,0.16433333333333333,0.1001001001001001,0.22355689022355688,0.23533333333333337,0.14681348014681347,0.3169836503169836,-3.0000411444430983,-3.304244788251782
2022-06-03,student,0.806,0.956,0.19686353019686353,-0.3982656497185174,0.16766666666666666,0.1001001001001001,0.22355689022355688,0.243,0.14681348014681347,0.3169836503169836,-3.041532418553832,-3.399677289522764
2022-06-06,student,0.818,0.958,0.19686353019686353,-0.005452866271572487,0.16066666666666665,0.1001001001001001,0.22355689022355688,0.24966666666666668,0.14681348014681347,0.3169836503169836,-2.9447049471508895,-3.2501884986109237
2022-06-07,student,0.839,0.971,0.19686353019686353,-0.9660370030701476,0.18000000000000002,0.1001001001001001,0.22355689022355688,0.24899999999999997,0.1534868201534868,0.32365699032365697,-2.921466637894925,-3.220961270998016
2022-06-08,student,0.797,0.955,0.19686353019686353,0.1346959167988375,0.17,0.1001001001001001,0.22355689022355688,0.23466666666666666,0.15015015015015015,0.33041374708041366,-2.8515964725379446,-3.1541569863463383
2022-06-09,student,0.839,0.961,0.19686353019686353,-0.38938078171250745,0.14966666666666664,0.09676343009676343,0.22355689022355688,0.21866666666666668,0.15015015015015015,0.33033033033033027,-2.714894352066458,-2.9770207818701393
2022-06-10,student,0.834,0.956,0.19686353019686353,-0.9142498257634475,0.15633333333333335,0.1001001001001001,0.22355689022355688,0.2233333333333333,0.15015015015015015,0.33033033033033027,-2.7633143911878433,-3.039539492920522
2022-06-13,student,0.84,0.966,0.19686353019686353,-3.0960737158942178,0.16066666666666665,0.1001001001001001,0.22355689022355688,0.22266666666666668,0.14681348014681347,0.3169836503169836,-2.7101752615308277,-2.96045232249122
2022-06-14,bb7,0.792,0.953,0.20687354020687354,0.014006886909294997,0.15233333333333332,0.1001001001001001,0.22355689022355688,0.24200000000000002,0.15015015015015015,0.33366700033366703,-3.31891058265847,-3.6390134529393836
2022-06-15,bb7,0.934,1.0,0.20687354020687354,0.34302049743587254,0.16033333333333333,0.1001001001001001,0.22355689022355688,0.24733333333333332,0.15015015015015015,0.33033033033033027,-3.250591642746055,-3.586544231429272
2022-06-16,bb7,0.812,0.957,0.20687354020687354,-2.2982123572161726,0.15066666666666664,0.1001001001001001,0.22355689022355688,0.24533333333333332,0.1534034034034034,0.33375041708375036,-3.0695032931997583,-3.3848739923926914
2022-06-17,bb7,0.835,0.972,0.20687354020687354,-0.89331108938977,0.14566666666666664,0.1001001001001001,0.22355689022355688,0.21233333333333335,0.14681348014681347,0.3203203203203203,-3.32705889874668,-3.628077136812254
2022-06-20,bb7,0.842,0.964,0.20687354020687354,0.7067904490807101,0.15533333333333332,0.1001001001001001,0.22689356022689355,0.22233333333333336,0.1500667334000667,0.3203203203203203,-3.2046886887781136,-3.5022564442595776
2022-06-21,bb7,0.948,1.0,0.20687354020687354,2.588833604957355,0.15833333333333333,0.1001001001001001,0.2236403069736402,0.2323333333333333,0.15340340340340342,0.33366700033366703,-3.2479036870140607,-3.578223983061413
2022-06-22,bb7,0.957,1.0,0.20687354020687354,-0.700556224362995,0.157,0.1001001001001001,0.2236403069736402,0.2253333333333333,0.15340340340340342,0.33366700033366703,-3.167614686965517,-3.452923905709742
2022-06-23,bb7,0.953,1.0,0.20687354020687354,1.9108938217911275,0.14966666666666664,0.1001001001001001,0.22689356022689355,0.22633333333333336,0.15340340340340342,0.33366700033366703,-3.0103961591691295,-3.2923098977004592
2022-06-24,bb7,0.938,1.0,0.20687354020687354,0.65277971238868,0.13999999999999999,0.1001001001001001,0.22689356022689355,0.21833333333333335,0.15340340340340342,0.33366700033366703,-2.9600232125100927,-3.2444272797749845
2022-06-27,bb7,0.945,1.0,0.21021021021021022,1.4508203802377175,0.16266666666666665,0.1001001001001001,0.22355689022355688,0.2343333333333333,0.15340340340340342,0.33366700033366703,-2.9332373164608216,-3.23728041446668
2022-06-28,bb7,0.945,1.0,0.20687354020687354,0.38268797904012747,0.16433333333333333,0.1001001001001001,0.22689356022689355,0.23666666666666666,0.15340340340340342,0.33366700033366703,-2.911997727615912,-3.1974079692171453
2022-06-29,bb7,0.944,1.0,0.20687354020687354,-1.50012155533197,0.148,0.1001001001001001,0.22689356022689355,0.22166666666666668,0.15348682015348683,0.33366700033366703,-2.7292581832898257,-2.9928266520563063
2022-06-30,student,0.943,1.0,0.20687354020687354,0.0018681281086675439,0.17333333333333334,0.1001001001001001,0.2236403069736402,0.26333333333333336,0.15348682015348683,0.33366700033366703,-2.895225913317814,-3.211532378037471
2022-07-01,bb7,0.947,1.0,0.20687354020687354,0.9763745834340799,0.15366666666666665,0.1001001001001001,0.22689356022689355,0.232,0.15348682015348683,0.33366700033366703,-2.8195646303380255,-3.103946995252142
2022-07-04,bb7,0.943,1.0,0.20687354020687354,1.2339755753661523,0.15833333333333335,0.1001001001001001,0.22689356022689355,0.22966666666666666,0.15348682015348683,0.33366700033366703,-2.703593277885748,-2.9861814736441166
2022-07-05,bb7,0.928,1.0,0.20687354020687354,0.21962277959236,0.145,0.1001001001001001,0.22689356022689355,0.23399999999999999,0.15340340340340342,0.33366700033366703,-2.7476072355385215,-3.0575150306207814
2022-07-06,bb7,0.926,1.0,0.20687354020687354,1.92565822799295,0.15766666666666665,0.1001001001001001,0.2236403069736402,0.244,0.15340340340340342,0.33366700033366703,-2.690912154567742,-2.9808571895199965
2022-07-07,bb7,0.933,1.0,0.20687354020687354,1.0694684498716425,0.15133333333333335,0.1001001001001001,0.22689356022689355,0.21933333333333335,0.15348682015348683,0.33366700033366703,-2.7348384776453085,-2.973704334166171
2022-07-08,bb7,0.937,1.0,0.20687354020687354,1.2073770498135974,0.14166666666666666,0.1001001001001001,0.22355689022355688,0.21766666666666667,0.15340340340340342,0.33366700033366703,-2.753281359059385,-3.0173982644939303
2022-07-11,student,0.939,1.0,0.20687354020687354,-1.0279052531587474,0.157,0.1001001001001001,0.22355689022355688,0.27066666666666667,0.15340340340340342,0.33366700033366703,-2.860254433636037,-3.1846827828554267
2022-07-12,bb7,0.944,1.0,0.20687354020687354,-1.5503849288053424,0.15866666666666665,0.1001001001001001,0.22355689022355688,0.238,0.15340340340340342,0.33366700033366703,-2.6700122081218676,-2.94002628839119
2022-07-13,bb7,0.937,1.0,0.20687354020687354,0.4672569938558349,0.17200000000000001,0.1001001001001001,0.2236403069736402,0.2416666666666667,0.15682349015682348,0.3269936603269937,-2.8790479246207954,-3.169156355472163
2022-07-14,bb7,0.826,0.984,0.20687354020687354,-0.5855730774886632,0.14933333333333335,0.1001001001001001,0.22689356022689355,0.20933333333333334,0.15682349015682348,0.33366700033366703,-2.7082198802950583,-2.947774618260848
2022-07-15,bb7,0.927,1.0,0.20687354020687354,1.4107158690714674,0.16633333333333333,0.1001001001001001,0.2236403069736402,0.229,0.15682349015682348,0.33033033033033027,-2.6586038456758523,-2.9218487379360005
2022-07-18,bb7,0.839,0.985,0.20687354020687354,2.051430463135865,0.16566666666666666,0.1001001001001001,0.22689356022689355,0.249,0.15682349015682348,0.333667000333667,-2.7796619611448676,-3.0899137724928627
2022-07-19,bb7,0.845,0.986,0.20687354020687354,0.32867900022764,0.17400000000000002,0.1001001001001001,0.22355689022355688,0.25466666666666665,0.15682349015682348,0.333667000333667,-2.898090814586698,-3.1821229053395443
2022-07-20,bb7,0.927,1.0,0.20687354020687354,1.6454248668187978,0.162,0.1001001001001001,0.22355689022355688,0.2396666666666667,0.15682349015682348,0.33041374708041366,-2.6969021623031284,-2.9639081846041044
2022-07-21,bb7,0.932,1.0,0.20687354020687354,0.563074911755485,0.15633333333333332,0.1001001001001001,0.22355689022355688,0.23,0.15682349015682348,0.333667000333667,-2.6580871728546183,-2.927723942623832
2022-07-22,student,0.937,1.0,0.20687354020687354,-0.038615890022667465,0.161,0.1001001001001001,0.22355689022355688,0.23366666666666666,0.15682349015682348,0.33041374708041366,-2.6348517462325973,-2.9006310231115138
2022-07-25,bb7,0.935,1.0,0.20687354020687354,-0.30334356395700995,0.15533333333333332,0.1001001001001001,0.2236403069736402,0.22866666666666668,0.15682349015682348,0.327077077077077,-2.567235103904065,-2.827116057479767
2022-07-26,bb7,0.939,1.0,0.20687354020687354,-2.273418244189235,0.14733333333333334,0.10335335335335334,0.2236403069736402,0.2333333333333333,0.16016016016016016,0.3404237570904237,-2.55362819314184,-2.801766294343255
2022-07-27,bb7,0.954,1.0,0.21021021021021022,1.5156093288044925,0.162,0.1001001001001001,0.22689356022689355,0.24533333333333332,0.15682349015682348,0.33041374708041366,-2.8605572631245306,-3.1542454807976723
2022-07-28,bb7,0.952,1.0,0.21021021021021022,1.24104553211665,0.148,0.1001001001001001,0.22689356022689355,0.216,0.15682349015682348,0.33366700033366703,-2.791554830513659,-3.0513398116833277
2022-07-29,bb7,0.96,1.0,0.21021021021021022,0.9099171427138799,0.14233333333333334,0.1001001001001001,0.22689356022689355,0.222,0.16007674341007672,0.3370036703370036,-2.731616489997271,-3.0046544724333235
2022-08-01,bb7,0.963,1.0,0.21021021021021022,1.4455370745923,0.15566666666666665,0.1001001001001001,0.22689356022689355,0.23366666666666666,0.16016016016016013,0.3370036703370037,-2.758034199421311,-3.0485723594026206
2022-08-02,bb7,0.953,1.0,0.21021021021021022,0.51738011242953,0.156,0.1001001001001001,0.2236403069736402,0.24266666666666667,0.16016016016016013,0.3370036703370037,-3.105671464927394,-3.427668377881755
2022-08-03,bb7,0.95,1.0,0.21021021021021022,-0.22806243195741002,0.14066666666666666,0.1001001001001001,0.2236403069736402,0.216,0.16016016016016013,0.3403403403403404,-2.8285607725787267,-3.1207855527527584
2022-08-04,bb7,0.956,1.0,0.21021021021021022,0.25397447010624996,0.13466666666666668,0.1001001001001001,0.22689356022689355,0.21199999999999997,0.16016016016016016,0.3403403403403403,-2.7154852462646026,-2.9858502569738783
2022-08-05,student,0.944,1.0,0.21021021021021022,0.1271061785808025,0.17400000000000002,0.1001001001001001,0.22689356022689355,0.24533333333333332,0.16016016016016016,0.3403403403403404,-2.758461868307826,-3.0603245390317704
2022-08-08,student,0.96,1.0,0.21021021021021022,-0.2565463826124901,0.17500000000000002,0.1001001001001001,0.22689356022689355,0.248,0.16016016016016016,0.3403403403403404,-2.6812786539557756,-2.9719316246630023
2022-08-10,bb7,0.96,1.0,0.21021021021021022,-0.22296784307613,0.15433333333333332,0.1001001001001001,0.22689356022689355,0.244,0.16016016016016016,0.3403403403403404,-2.6556954901284944,-2.934416780740025
2022-08-11,bb7,0.956,1.0,0.21021021021021022,0.5359443498759875,0.14533333333333334,0.1001001001001001,0.22355689022355688,0.21466666666666667,0.16016016016016016,0.3370036703370037,-2.505254444447007,-2.762423694922829
2022-08-12,bb7,0.955,1.0,0.21021021021021022,-0.253106678438545,0.15666666666666665,0.1001001001001001,0.22355689022355688,0.2373333333333333,0.16016016016016016,0.3370036703370037,-2.6171419278209354,-2.8919858384301587
2022-08-16,student,0.96,1.0,0.21021021021021022,0.9206862422418574,0.163,0.1001001001001001,0.22355689022355688,0.241,0.16016016016016013,0.3370036703370037,-2.5584392531914277,-2.81905614623591
2022-08-17,bb7,0.969,1.0,0.21021021021021022,0.40591458257739,0.157,0.1001001001001001,0.22355689022355688,0.24166666666666667,0.16016016016016013,0.3370036703370036,-2.563007715692879,-2.8320631322401266
2022-08-18,bb7,0.971,1.0,0.21021021021021022,-0.22242752620757753,0.157,0.1001001001001001,0.2236403069736402,0.2356666666666667,0.16016016016016016,0.3370036703370036,-2.566830121089588,-2.8341245705343896
2022-08-19,bb7,0.971,1.0,0.21021021021021022,-1.5161932554727575,0.15666666666666665,0.1001001001001001,0.22355689022355688,0.23166666666666666,0.16016016016016016,0.3370036703370036,-2.5349134550878194,-2.804081695837498
2022-08-22,bb7,0.96,1.0,0.21021021021021022,-1.737268816952315,0.15766666666666665,0.1001001001001001,0.22689356022689355,0.218,0.16016016016016016,0.3370036703370037,-2.6894991378229056,-2.976830076824858
2022-08-23,student,0.958,1.0,0.21021021021021022,-0.025787901683799908,0.17900000000000002,0.10343677010343677,0.22689356022689355,0.2653333333333333,0.16016016016016016,0.3403403403403403,-2.9288048599482734,-3.225778082595984
2022-08-24,student,0.956,1.0,0.21021021021021022,-0.09897166524414501,0.167,0.1001001001001001,0.22689356022689355,0.257,0.16016016016016016,0.337087087087087,-2.971514362247297,-3.3085033563833584
2022-08-25,bb7,0.956,1.0,0.21021021021021022,-0.6166388280472725,0.15233333333333332,0.1001001001001001,0.22689356022689355,0.22233333333333336,0.16016016016016016,0.3403403403403403,-2.7667303928807296,-3.06919141703685
2022-08-26,bb7,0.961,1.0,0.21021021021021022,0.509461088266405,0.15466666666666665,0.1001001001001001,0.22689356022689355,0.22433333333333336,0.16016016016016016,0.3370036703370037,-2.659878142576821,-2.925009128143667
2022-08-29,bb7,0.969,1.0,0.21021021021021022,-2.0289711054428725,0.15466666666666667,0.10343677010343677,0.22689356022689355,0.249,0.16016016016016016,0.3403403403403403,-2.645341252377523,-2.9234875758040593
2022-08-30,bb7,0.959,1.0,0.21021021021021022,3.0748092054534353,0.15466666666666667,0.1001001001001001,0.22689356022689355,0.2383333333333333,0.16016016016016016,0.337087087087087,-2.901873606671302,-3.1729530745268186
2022-09-01,bb7,0.953,1.0,0.21021021021021022,-1.125051285916055,0.147,0.1001001001001001,0.23031364698031356,0.22766666666666668,0.16016016016016016,0.337087087087087,-2.9700235581030925,-3.287527849491639
2022-09-02,student,0.956,1.0,0.21021021021021022,-0.3334086001952375,0.17600000000000002,0.10343677010343677,0.23031364698031356,0.25966666666666666,0.16349683016349684,0.337087087087087,-3.054198017481446,-3.37949007384777
2022-09-05,student,0.959,1.0,0.21021021021021022,0.0665133948867225,0.168,0.10343677010343677,0.23031364698031356,0.25066666666666665,0.1634134134134134,0.3403403403403404,-2.9090465196642676,-3.188719692607539
2022-09-06,bb7,0.957,1.0,0.21021021021021022,-0.491326315715125,0.158,0.10343677010343677,0.23031364698031356,0.22933333333333336,0.1634134134134134,0.3403403403403404,-2.822959241051558,-3.1109888728223005
2022-09-07,student,0.969,1.0,0.21021021021021022,-0.928630098987615,0.16733333333333333,0.10343677010343677,0.23031364698031356,0.25466666666666665,0.1634134134134134,0.3403403403403403,-2.773937937571976,-3.0534283449292396
2022-09-08,student,0.969,1.0,0.21021021021021022,0.7751723142700749,0.18333333333333335,0.10343677010343677,0.23023023023023023,0.2806666666666667,0.16016016016016016,0.3403403403403404,-2.89863389348427,-3.1966496904320905
2022-09-09,bb7,0.953,1.0,0.21021021021021022,1.3146281586017674,0.16,0.10343677010343677,0.23031364698031356,0.23700000000000002,0.1634134134134134,0.3403403403403404,-2.6860733788184725,-2.9718628083713137
2022-09-12,student,0.947,1.0,0.21021021021021022,0.67672114386905,0.161,0.10343677010343677,0.23023023023023023,0.23800000000000002,0.1634134134134134,0.3403403403403404,-2.6776491467689314,-2.939577267027869
2022-09-13,bb7,0.945,1.0,0.21021021021021022,0.6607230278811149,0.15866666666666668,0.10343677010343677,0.23031364698031356,0.2373333333333333,0.16349683016349684,0.3404237570904237,-2.598403717123243,-2.8731785937299548
2022-09-14,bb7,0.955,1.0,0.21021021021021022,-1.0541763152340926,0.15466666666666665,0.10343677010343677,0.23031364698031356,0.249,0.16349683016349684,0.3403403403403404,-2.5505105649222815,-2.8278940657787914
2022-09-15,student,0.932,1.0,0.21021021021021022,-0.9865057783917001,0.16466666666666668,0.10343677010343677,0.23023023023023023,0.24366666666666667,0.16349683016349684,0.3403403403403404,-2.8196432932689657,-3.1106487534060037
2022-09-16,bb7,0.94,1.0,0.21021021021021022,-2.60384094320566,0.15366666666666667,0.10343677010343677,0.23023023023023023,0.24133333333333332,0.16016016016016016,0.3403403403403404,-2.8320957811894134,-3.1125952669242767
2022-09-19,student,0.937,1.0,0.21021021021021022,0.7895516821326076,0.16266666666666668,0.10343677010343677,0.23356690023356688,0.24833333333333332,0.16349683016349684,0.34367701034367704,-3.152396607013806,-3.4453523340304084
2022-09-20,bb7,0.931,1.0,0.21021021021021022,0.6004936507931126,0.15833333333333333,0.10343677010343677,0.23023023023023023,0.228,0.16349683016349684,0.3404237570904237,-3.0522810098920847,-3.3313113566214922
2022-09-21,bb7,0.929,1.0,0.21021021021021022,-0.3927453807399325,0.15233333333333332,0.10343677010343677,0.23023023023023023,0.24,0.16349683016349684,0.3404237570904237,-2.9990591785421623,-3.2970288060667308
2022-09-22,student,0.927,1.0,0.21021021021021022,0.6400342335369376,0.18000000000000002,0.10343677010343677,0.23031364698031356,0.25666666666666665,0.16349683016349684,0.34367701034367704,-3.049320389310502,-3.352585009616385
2022-09-23,bb7,0.921,1.0,0.21021021021021022,-1.4242589507867025,0.148,0.10343677010343677,0.23356690023356688,0.21366666666666667,0.16349683016349684,0.3404237570904237,-2.727063009476476,-2.9851426444882967
2022-09-26,student,0.934,1.0,0.21021021021021022,-1.8257091856409273,0.18666666666666668,0.10343677010343677,0.23031364698031356,0.27566666666666667,0.16349683016349684,0.34367701034367704,-2.9924030831305437,-3.2972927085535857
2022-09-27,student,0.949,1.0,0.21021021021021022,0.18159137583634247,0.17066666666666666,0.10343677010343677,0.23023023023023023,0.26966666666666667,0.16349683016349684,0.34367701034367704,-3.512904129326703,-3.8384228853307785
2022-09-28,bb7,0.937,1.0,0.21021021021021022,-0.2971202291690225,0.15333333333333332,0.10343677010343677,0.23356690023356688,0.22766666666666668,0.16349683016349684,0.34367701034367704,-3.13439860236258,-3.4385228497635243
2022-09-29,student,0.936,1.0,0.21021021021021022,0.10480502156612004,0.16566666666666666,0.10343677010343677,0.23356690023356688,0.25066666666666665,0.16349683016349684,0.3404237570904237,-3.117255940715649,-3.4416827353480293
2022-09-30,student,0.931,1.0,0.21021021021021022,0.7912909423448925,0.16366666666666665,0.10343677010343677,0.23356690023356688,0.255,0.16349683016349684,0.3404237570904237,-2.9934130565674013,-3.291438380491252
2022-10-03,bb7,0.924,1.0,0.21021021021021022,-1.9957687150485277,0.158,0.10343677010343677,0.23356690023356688,0.24533333333333332,0.16349683016349684,0.34367701034367704,-2.7520858190456745,-3.030436625997321
2022-10-04,student,0.922,1.0,0.21021021021021022,2.3124858612202477,0.161,0.10343677010343677,0.23356690023356688,0.24133333333333332,0.16349683016349684,0.34367701034367704,-2.942882102714727,-3.2602691646409756
2022-10-06,student,0.936,1.0,0.21021021021021022,0.52772639795381,0.18400000000000002,0.10343677010343677,0.23690357023690356,0.26966666666666667,0.16349683016349684,0.34367701034367704,-2.9231030566100125,-3.216995687491604
2022-10-07,student,0.954,1.0,0.21021021021021022,-0.65565240710895,0.16633333333333333,0.10343677010343677,0.23690357023690356,0.25433333333333336,0.16349683016349684,0.34367701034367704,-2.862339053611856,-3.1444730281658453
2022-10-10,student,0.941,1.0,0.21021021021021022,-0.723414094444745,0.162,0.10343677010343677,0.23690357023690356,0.253,0.16349683016349684,0.34367701034367704,-2.852509732446579,-3.160062684798302
2022-10-11,student,0.937,1.0,0.21021021021021022,-1.5288785523902926,0.161,0.10343677010343677,0.23356690023356688,0.23666666666666666,0.1634968301634968,0.343677010343677,-2.971838078977039,-3.262068330577427
2022-10-12,bb7,0.95,1.0,0.21021021021021022,0.9857604786210001,0.15533333333333332,0.10343677010343677,0.23690357023690356,0.24033333333333332,0.16349683016349684,0.343677010343677,-3.0095040505546153,-3.2966828874952836
2022-10-13,student,0.95,1.0,0.21021021021021022,-0.8275442393160649,0.18600000000000003,0.10343677010343677,0.23690357023690356,0.27599999999999997,0.16349683016349684,0.343677010343677,-2.954566283653513,-3.266151819169604
2022-10-14,student,0.957,1.0,0.21021021021021022,1.131736707909835,0.17433333333333334,0.10343677010343677,0.23690357023690356,0.26566666666666666,0.16016016016016016,0.34367701034367704,-2.938872770647359,-3.268592325660666
2022-10-17,student,0.957,1.0,0.20687354020687354,1.16625346232395,0.16066666666666665,0.10343677010343677,0.23690357023690356,0.23766666666666666,0.1634968301634968,0.343677010343677,-2.767640973161158,-3.0614682616849405
2022-10-18,bb7,0.959,1.0,0.20687354020687354,1.701391263701805,0.15533333333333332,0.10343677010343677,0.2336503169836502,0.22799999999999998,0.1634968301634968,0.343677010343677,-2.733405932456199,-3.0083481281065922
2022-10-19,student,0.959,1.0,0.20687354020687354,-1.22009057840257,0.18266666666666667,0.10343677010343677,0.2336503169836502,0.2776666666666667,0.1634968301634968,0.343677010343677,-2.8885070191200493,-3.228157682650321
2022-10-20,student,0.947,1.0,0.20687354020687354,0.46193006223910754,0.1676666666666667,0.10343677010343677,0.23690357023690356,0.27266666666666667,0.1634968301634968,0.343677010343677,-2.80582195953325,-3.119539147153966
2022-10-21,student,0.954,1.0,0.20687354020687354,0.7386295246970025,0.169,0.10343677010343677,0.23356690023356688,0.26566666666666666,0.1634968301634968,0.3404237570904237,-2.6584920349785617,-2.9568080584947394
2022-10-24,student,0.967,1.0,0.20687354020687354,0.16291417915585243,0.17033333333333334,0.10343677010343677,0.23356690023356688,0.24733333333333332,0.16349683016349684,0.3404237570904237,-2.6385172469937106,-2.9103777712575702
2022-10-25,student,0.954,1.0,0.20687354020687354,0.005478439249302469,0.166,0.10343677010343677,0.23023023023023023,0.26999999999999996,0.16349683016349684,0.3404237570904237,-2.808696198523421,-3.141163370395487
2022-10-27,student,0.936,1.0,0.20353687020353686,0.6099477669976325,0.16566666666666666,0.10343677010343677,0.23356690023356688,0.24466666666666667,0.16016016016016016,0.34701368034701363,-2.671694348539207,-2.9596550974873854
2022-10-28,student,0.955,1.0,0.20353687020353686,-0.376390053612025,0.18733333333333335,0.10343677010343677,0.23356690023356688,0.2846666666666667,0.16016016016016016,0.3470136803470137,-2.728848022317163,-3.026825569270344
2022-10-31,student,0.946,1.0,0.2002002002002002,0.9669503069401475,0.16733333333333333,0.10343677010343677,0.23356690023356688,0.242,0.16016016016016016,0.34367701034367704,-2.5986968644278794,-2.883864665590675
2022-11-01,student,0.95,1.0,0.2002002002002002,1.3964325047470152,0.19033333333333335,0.10343677010343677,0.23356690023356688,0.2796666666666667,0.16016016016016016,0.34367701034367704,-2.6311298236834055,-2.917938416907585
2022-11-02,bb7,0.951,1.0,0.20353687020353686,-0.7305402993173875,0.151,0.10343677010343677,0.23356690023356688,0.23099999999999998,0.16016016016016016,0.34376042709376037,-2.544534370622544,-2.8085322495597613
2022-11-03,student,0.954,1.0,0.20353687020353686,0.036273244325867426,0.16433333333333333,0.10343677010343677,0.23356690023356688,0.23199999999999998,0.16016016016016016,0.3404237570904237,-2.464776336406788,-2.750462847484745
2022-11-04,student,0.956,1.0,0.20353687020353686,0.39287035770555495,0.15566666666666668,0.10343677010343677,0.2336503169836502,0.2373333333333333,0.16016016016016016,0.34367701034367704,-2.4814278479789458,-2.7422343490168957
2022-11-07,student,0.949,1.0,0.20353687020353686,1.41174085973157,0.18166666666666667,0.10343677010343677,0.2336503169836502,0.2723333333333333,0.16016016016016016,0.3403403403403404,-2.623354251363766,-2.8905496740596064
2022-11-09,student,0.934,1.0,0.2002002002002002,-0.2255397677457525,0.15666666666666665,0.10343677010343677,0.23356690023356688,0.23800000000000002,0.16016016016016016,0.343677010343677,-2.6054653778978487,-2.89533212634566
2022-11-10,student,0.946,1.0,0.2002002002002002,-1.7463070409912975,0.17033333333333334,0.10343677010343677,0.23356690023356688,0.25633333333333336,0.1634134134134134,0.3403403403403404,-2.613717373920097,-2.9041814176301037
2022-11-11,student,0.944,1.0,0.2002002002002002,1.4960122278162777,0.171,0.10343677010343677,0.23356690023356688,0.26466666666666666,0.16016016016016016,0.3403403403403404,-2.972067572040815,-3.250418400373337
2022-11-14,student,0.953,1.0,0.2002002002002002,0.013301494845980089,0.15433333333333332,0.10343677010343677,0.23356690023356688,0.2283333333333333,0.16016016016016016,0.34367701034367704,-2.8593615247439277,-3.150673888844548
2022-11-15,student,0.839,1.0,0.2002002002002002,0.67960027439889,0.155,0.10343677010343677,0.23356690023356688,0.2383333333333333,0.16016016016016016,0.34367701034367704,-2.857691303050882,-3.1449700295806444
2022-11-16,bb7,0.983,1.0,0.2002002002002002,-0.02433153866014498,0.13966666666666666,0.10343677010343677,0.23356690023356688,0.214,0.16016016016016016,0.3404237570904237,-2.6093261405528834,-2.8740592791706296
2022-11-17,bb7,0.987,1.0,0.2002002002002002,-0.9427216851689024,0.14866666666666667,0.10343677010343677,0.23356690023356688,0.22433333333333336,0.16016016016016016,0.3403403403403404,-2.5963751759855067,-2.871745400076396
2022-11-18,student,0.991,1.0,0.2002002002002002,0.524248675123545,0.17433333333333334,0.10343677010343677,0.23031364698031356,0.26766666666666666,0.16016016016016016,0.3403403403403404,-2.7266401517583754,-3.017072451526493
2022-11-21,student,0.981,1.0,0.2002002002002002,-0.57233439472559,0.16166666666666665,0.10343677010343677,0.23023023023023023,0.251,0.16016016016016016,0.343677010343677,-2.559825252128984,-2.8342523220589446
2022-11-22,student,0.981,1.0,0.2002002002002002,0.6642871786830125,0.15966666666666665,0.10343677010343677,0.23356690023356688,0.24266666666666667,0.16016016016016016,0.34367701034367704,-2.5544285902281327,-2.82279138079969
2022-11-23,student,0.973,1.0,0.2002002002002002,0.20286771142759005,0.17866666666666667,0.10343677010343677,0.23356690023356688,0.26533333333333337,0.16016016016016016,0.343677010343677,-2.5331133730365996,-2.8170414789567495
2022-11-24,student,0.971,1.0,0.2002002002002002,1.170848325861015,0.17766666666666667,0.10343677010343677,0.23356690023356688,0.26,0.16016016016016016,0.34367701034367704,-2.4731167555715463,-2.728438493449738
2022-11-25,student,0.982,1.0,0.2002002002002002,0.466495382913155,0.16,0.10343677010343677,0.23356690023356688,0.242,0.16016016016016016,0.34367701034367704,-2.390842221835998,-2.634125224894572
2022-11-28,bb7,0.986,1.0,0.2002002002002002,-0.25670577038942,0.14766666666666667,0.10343677010343677,0.23356690023356688,0.2316666666666667,0.16016016016016016,0.3404237570904237,-2.367977795262944,-2.6214991199061943
2022-11-29,student,0.982,1.0,0.2002002002002002,1.1355151129075742,0.16433333333333336,0.10343677010343677,0.23031364698031356,0.24333333333333332,0.16016016016016016,0.34367701034367704,-2.365269836389115,-2.60800566920774
2022-11-30,student,0.981,1.0,0.2002002002002002,0.6681492768605874,0.17333333333333334,0.10343677010343677,0.23356690023356688,0.244,0.16016016016016016,0.34701368034701363,-2.4429955263477217,-2.697419974210872
2022-12-01,student,0.983,1.0,0.2002002002002002,0.3032360230888725,0.17133333333333334,0.10343677010343677,0.23356690023356688,0.27599999999999997,0.16016016016016016,0.34701368034701363,-2.498744659378407,-2.7871846111426346
2022-12-02,student,0.98,1.0,0.2002002002002002,-0.9294518630221174,0.17066666666666666,0.10343677010343677,0.23031364698031356,0.25366666666666665,0.16016016016016016,0.34701368034701363,-2.3719603514001584,-2.6289254600701177
2022-12-05,student,0.987,1.0,0.2002002002002002,0.08682976813547,0.17,0.10343677010343677,0.23031364698031356,0.26166666666666666,0.16016016016016016,0.34701368034701363,-2.465486416467007,-2.7341694276571644
2022-12-06,student,0.98,1.0,0.2002002002002002,-0.5206700185218025,0.16266666666666665,0.10343677010343677,0.23031364698031356,0.23966666666666667,0.16341341341341342,0.34701368034701363,-2.419525843545378,-2.6973950195122645
2022-12-07,student,0.992,1.0,0.2002002002002002,-0.113845184981135,0.16366666666666665,0.10343677010343677,0.23031364698031356,0.235,0.16016016016016016,0.34701368034701363,-2.395177275164497,-2.648599011141427
2022-12-08,student,0.974,1.0,0.2002002002002002,0.22508395996126002,0.15833333333333333,0.10343677010343677,0.23356690023356688,0.22466666666666668,0.16341341341341342,0.3503503503503504,-2.423794419052216,-2.678343977394859
2022-12-09,student,0.98,1.0,0.2002002002002002,-0.6798113022007426,0.16866666666666666,0.10343677010343677,0.23356690023356688,0.25366666666666665,0.16341341341341342,0.3503503503503504,-2.3991436127085692,-2.640400365111831
2022-12-12,student,0.983,1.0,0.2002002002002002,-0.48946703339073505,0.16066666666666665,0.10335335335335334,0.23031364698031356,0.23866666666666667,0.16016016016016016,0.347097097097097,-2.458829408183841,-2.7002067095597386
2022-12-13,student,0.983,1.0,0.2002002002002002,0.7475604504463426,0.18600000000000003,0.10343677010343676,0.23356690023356688,0.2763333333333333,0.16016016016016016,0.34701368034701363,-2.5563729838048785,-2.8403392550451425
2022-12-14,student,0.981,1.0,0.2002002002002002,0.19361911247162752,0.16133333333333333,0.10343677010343677,0.23356690023356688,0.25999999999999995,0.16016016016016016,0.3503503503503503,-2.4250070904488137,-2.6871224308518387
2022-12-15,student,0.984,1.0,0.2002002002002002,-1.280053597073965,0.168,0.10343677010343677,0.23356690023356688,0.25566666666666665,0.16016016016016016,0.3503503503503503,-2.4629681680120368,-2.7109100097430447
2022-12-16,student,0.983,1.0,0.2002002002002002,-0.44775702671134504,0.17166666666666666,0.10343677010343677,0.23356690023356688,0.25533333333333336,0.16016016016016016,0.3503503503503503,-2.50371298822265,-2.734218916486844
2022-12-19,student,0.984,1.0,0.2002002002002002,0.02025140606362752,0.17333333333333334,0.10343677010343677,0.23031364698031356,0.2583333333333333,0.16016016016016016,0.3470136803470137,-2.5213324364645247,-2.800629339555231
2022-12-20,student,0.987,1.0,0.2002002002002002,-0.8572607884434196,0.169,0.10343677010343677,0.23031364698031356,0.255,0.16016016016016016,0.347097097097097,-2.4962818366078143,-2.773845915987321
2022-12-21,student,0.987,1.0,0.20353687020353686,-0.9879520979092249,0.16733333333333333,0.10343677010343677,0.23031364698031356,0.24933333333333332,0.16016016016016016,0.3470136803470137,-2.513645205613428,-2.75513804481407
2022-12-22,student,0.986,1.0,0.20353687020353686,-0.5013752089147325,0.16,0.10343677010343677,0.23031364698031356,0.244,0.16016016016016016,0.343677010343677,-2.581008273948938,-2.853859962231802
2022-12-23,student,0.987,1.0,0.20353687020353686,-2.5162514670704725,0.17166666666666666,0.10343677010343677,0.23031364698031356,0.258,0.16016016016016016,0.343677010343677,-2.64521681748073,-2.9186329530572155
2022-12-26,bb7,0.987,1.0,0.20687354020687354,1.4624890298439226,0.13833333333333334,0.10343677010343677,0.23031364698031356,0.215,0.16016016016016016,0.343677010343677,-2.8353988811980213,-3.101634957623249
2022-12-27,student,0.988,1.0,0.21021021021021022,0.7744696608428598,0.17333333333333334,0.10343677010343677,0.23031364698031356,0.248,0.16016016016016016,0.343677010343677,-2.9888462821218007,-3.2993051984468624
2022-12-28,student,0.987,1.0,0.21021021021021022,-0.3876429587821475,0.16033333333333333,0.10343677010343677,0.23023023023023023,0.24466666666666667,0.16016016016016016,0.3404237570904237,-2.8909201717392805,-3.18581155420968
2022-12-29,student,0.984,1.0,0.21021021021021022,0.06705296825298754,0.17033333333333334,0.10343677010343677,0.23356690023356688,0.25233333333333335,0.16016016016016016,0.3404237570904237,-2.7694141577107154,-3.037014963431983
2022-12-30,bb7,0.984,1.0,0.21021021021021022,-0.012765743925112483,0.158,0.10343677010343677,0.23356690023356688,0.23933333333333331,0.16016016016016016,0.337087087087087,-2.6599875255245986,-2.902055094545641
2023-01-02,student,0.984,1.0,0.21021021021021022,0.6110381639946925,0.16566666666666666,0.10343677010343677,0.23356690023356688,0.23933333333333331,0.16016016016016016,0.3403403403403403,-2.605379611261174,-2.882510947245046
2023-01-03,student,0.983,1.0,0.21021021021021022,-0.23296169938366748,0.168,0.10343677010343677,0.23023023023023023,0.254,0.16016016016016016,0.3403403403403404,-2.5507286090116588,-2.806494794155499
2023-01-04,student,0.983,1.0,0.21021021021021022,-1.346516216311915,0.17166666666666663,0.10343677010343677,0.23356690023356688,0.25866666666666666,0.16016016016016016,0.3404237570904237,-2.509627136956597,-2.765383358676072
2023-01-05,student,0.965,1.0,0.21021021021021022,0.21490974145939254,0.166,0.10343677010343677,0.23356690023356688,0.245,0.16016016016016016,0.34376042709376037,-2.577263248824407,-2.833922154854196
2023-01-06,bb7,0.971,1.0,0.20687354020687354,-1.0300447372295927,0.15233333333333335,0.10343677010343677,0.23356690023356688,0.23766666666666666,0.15682349015682348,0.34376042709376037,-2.48396090895386,-2.739994968561134
2023-01-09,student,0.971,1.0,0.20687354020687354,1.8451506381139149,0.16033333333333336,0.10343677010343677,0.23356690023356688,0.24433333333333332,0.15682349015682348,0.34367701034367704,-2.5182132844450242,-2.767037259862461
2023-01-10,student,0.973,1.0,0.20687354020687354,0.8791821326266398,0.16166666666666668,0.10343677010343677,0.2336503169836502,0.24933333333333332,0.15682349015682348,0.3470136803470137,-2.5383346107231555,-2.8031626242008807
2023-01-11,bb7,0.987,1.0,0.20687354020687354,-0.07371832733933253,0.15133333333333332,0.10343677010343677,0.23356690023356688,0.22399999999999998,0.15682349015682348,0.34701368034701363,-2.836631912547875,-3.119035611547976
2023-01-12,student,0.984,1.0,0.20687354020687354,-0.3062624176191,0.17166666666666666,0.10343677010343677,0.23356690023356688,0.25833333333333336,0.15682349015682348,0.34376042709376037,-2.8475025286328757,-3.1417000662391965
2023-01-13,bb7,0.985,1.0,0.20687354020687354,0.883813640191295,0.141,0.10343677010343677,0.23356690023356688,0.22266666666666665,0.15682349015682348,0.34376042709376037,-2.6678013023891953,-2.9151714270807605
2023-01-16,student,0.984,1.0,0.20687354020687354,0.3145415865642275,0.166,0.10343677010343677,0.23356690023356688,0.24933333333333332,0.15682349015682348,0.34376042709376037,-2.5824667793047875,-2.8531114105686632
2023-01-17,student,0.983,1.0,0.20687354020687354,0.6161740299919174,0.18499999999999997,0.10343677010343677,0.23356690023356688,0.255,0.15682349015682348,0.34367701034367704,-2.560854143530875,-2.814385520386877
2023-01-18,student,0.987,1.0,0.20687354020687354,-0.21237159746997747,0.17633333333333334,0.10335335335335334,0.23356690023356688,0.26266666666666666,0.15682349015682348,0.3404237570904237,-2.6201301293518546,-2.892706082731554
2023-01-19,student,0.987,1.0,0.20687354020687354,-0.9873808451378749,0.16966666666666666,0.10335335335335334,0.23356690023356688,0.238,0.15682349015682348,0.3403403403403404,-2.523934912100359,-2.792740419690641
2023-01-20,bb7,0.993,1.0,0.20687354020687354,-0.940700081999825,0.15366666666666665,0.10343677010343677,0.23356690023356688,0.22233333333333336,0.15682349015682348,0.3403403403403404,-2.5429048228649633,-2.7958030623208905
2023-01-23,student,0.993,1.0,0.20687354020687354,1.49762572303859,0.17133333333333334,0.10335335335335334,0.23356690023356688,0.25933333333333336,0.15682349015682348,0.3370036703370036,-2.6450426557834255,-2.891858282363384
2023-01-24,bb7,0.993,1.0,0.20687354020687354,0.6749101009669076,0.147,0.10335335335335334,0.23356690023356688,0.219,0.15682349015682348,0.3403403403403404,-2.5485740699847224,-2.809374768102681
2023-01-25,student,0.994,1.0,0.20687354020687354,-1.22174894491682,0.18466666666666667,0.10335335335335334,0.23356690023356688,0.2733333333333333,0.15682349015682348,0.337087087087087,-2.7241147014115206,-3.014337351742649
2023-01-27,student,0.994,1.0,0.20687354020687354,-0.24799780282371242,0.157,0.1001001001001001,0.23356690023356688,0.23099999999999998,0.15682349015682348,0.337087087087087,-2.7181778407612844,-2.9751411897147895
2023-01-30,student,0.994,1.0,0.20687354020687354,-0.29419708721839505,0.17666666666666667,0.10335335335335336,0.23690357023690356,0.268,0.15682349015682348,0.3370036703370036,-3.470145153636143,-3.8185196812736293
2023-01-31,student,0.994,1.0,0.20687354020687354,1.1738694753081749,0.16966666666666666,0.10343677010343677,0.2336503169836502,0.24266666666666667,0.15682349015682348,0.3370036703370037,-3.288612336447162,-3.6277667007923395
2023-02-01,bb7,0.994,1.0,0.20687354020687354,-1.2561907488072275,0.151,0.10335335335335334,0.2336503169836502,0.22499999999999998,0.15682349015682348,0.337087087087087,-3.110708281738322,-3.4307695637113937
2023-02-02,bb7,0.995,1.0,0.20687354020687354,1.0342463673497675,0.149,0.1001001001001001,0.23690357023690356,0.2193333333333333,0.15682349015682348,0.337087087087087,-3.1057319225240927,-3.4322440373464325
2023-02-03,student,0.995,1.0,0.20687354020687354,1.1646607471391826,0.16666666666666666,0.1001001001001001,0.23356690023356688,0.26733333333333337,0.15682349015682348,0.337087087087087,-3.1523521671735897,-3.494914030411431
2023-02-06,student,0.996,1.0,0.20687354020687354,-0.710986629164905,0.16966666666666666,0.1001001001001001,0.2336503169836502,0.24566666666666667,0.15682349015682348,0.3403403403403404,-2.9404384967618227,-3.236740703103207
2023-02-07,student,0.996,1.0,0.20687354020687354,-0.7617857151372225,0.16133333333333333,0.1001001001001001,0.23031364698031356,0.244,0.15682349015682348,0.3403403403403404,-2.9482753485142714,-3.237022864638451
2023-02-08,student,0.997,1.0,0.20687354020687354,0.6545156263962351,0.16833333333333333,0.1001001001001001,0.2336503169836502,0.25166666666666665,0.15682349015682348,0.3403403403403404,-2.8880562281209206,-3.1809735774092918
2023-02-09,bb7,0.997,1.0,0.20687354020687354,0.3075035391959025,0.155,0.1001001001001001,0.2336503169836502,0.23033333333333336,0.15682349015682348,0.3403403403403403,-2.7552803523220417,-3.0531718757039763
2023-02-10,student,0.997,1.0,0.20687354020687354,0.39739594571916503,0.162,0.1001001001001001,0.23356690023356688,0.26233333333333336,0.15682349015682348,0.3403403403403403,-2.7773133079979564,-3.089044182967183
2023-02-13,student,0.994,1.0,0.20687354020687354,-1.59675085295108,0.17433333333333334,0.1001001001001001,0.23356690023356688,0.25733333333333336,0.15682349015682348,0.337087087087087,-2.735316801267708,-3.023238747851666
2023-02-14,student,0.995,1.0,0.20687354020687354,0.5215531957331451,0.17,0.1001001001001001,0.23031364698031356,0.26,0.15682349015682348,0.337087087087087,-2.83045839683842,-3.1470765071630757
2023-02-15,bb7,0.996,1.0,0.21021021021021022,0.0239234955270875,0.15333333333333332,0.1001001001001001,0.23356690023356688,0.24233333333333332,0.15682349015682348,0.337087087087087,-2.7280716559974847,-3.014534488929963
2023-02-16,student,0.993,1.0,0.21021021021021022,-0.379346427919465,0.16333333333333333,0.1001001001001001,0.23023023023023023,0.23366666666666666,0.15682349015682348,0.337087087087087,-2.6141031046964893,-2.8874126600831778
2023-02-17,bb7,0.994,1.0,0.21021021021021022,-0.9187781189566349,0.155,0.10335335335335334,0.23356690023356688,0.242,0.15682349015682348,0.3403403403403404,-2.611037765808349,-2.8903901260957254
2023-02-20,bb7,0.994,1.0,0.21021021021021022,-0.005506443416057494,0.15666666666666665,0.10335335335335334,0.23356690023356688,0.22333333333333336,0.15682349015682348,0.337087087087087,-2.5125544818010135,-2.75808148803015
2023-02-21,student,0.994,1.0,0.21354688021354687,-0.6079900335540075,0.17133333333333334,0.1001001001001001,0.23356690023356688,0.27799999999999997,0.15682349015682348,0.337087087087087,-2.5764133506460376,-2.88088949253351
2023-02-22,student,0.995,1.0,0.21354688021354687,-1.2507805241411025,0.17466666666666666,0.1001001001001001,0.23356690023356688,0.282,0.15682349015682348,0.337087087087087,-2.5988526019157474,-2.8947880797268075
2023-02-23,student,0.995,1.0,0.21354688021354687,0.22906163564585752,0.17200000000000001,0.10343677010343677,0.23356690023356688,0.24466666666666667,0.15682349015682348,0.3403403403403404,-2.576639021917137,-2.834508418904813
2023-02-24,student,0.996,1.0,0.21688355021688355,-0.3797451858217731,0.18300000000000002,0.10343677010343677,0.23356690023356688,0.25166666666666665,0.15682349015682348,0.3404237570904237,-2.5061656671898915,-2.7424598669365405
2023-02-27,bb7,0.994,1.0,0.21688355021688355,-1.1001283372783448,0.15,0.10335335335335336,0.23356690023356688,0.2273333333333333,0.15682349015682348,0.3404237570904237,-2.3630243022065307,-2.619603223188836
2023-02-28,student,0.994,1.0,0.21688355021688355,-0.50823213737345,0.18866666666666668,0.1001001001001001,0.2336503169836502,0.26166666666666666,0.15682349015682348,0.34376042709376037,-2.6945011768393368,-2.991682575810961
2023-03-01,bb7,0.993,1.0,0.21688355021688355,1.1682629771185775,0.144,0.10335335335335336,0.2336503169836502,0.2313333333333333,0.15682349015682348,0.34376042709376037,-2.490525523062904,-2.7458701647095127
2023-03-02,bb7,0.993,1.0,0.21688355021688355,-0.9789815213700925,0.14866666666666667,0.1001001001001001,0.2336503169836502,0.225,0.15682349015682348,0.34376042709376037,-2.4096644193135845,-2.6629186457018656
2023-03-03,student,0.988,1.0,0.21688355021688355,1.9786480434574325,0.17500000000000002,0.10343677010343677,0.2336503169836502,0.254,0.15682349015682348,0.34701368034701363,-2.519967307025744,-2.782311931973465
2023-03-06,student,0.992,1.0,0.21688355021688355,1.3302319912118326,0.18233333333333335,0.10335335335335336,0.23690357023690356,0.26766666666666666,0.15682349015682348,0.34376042709376037,-2.716738308359422,-3.010796422589692
2023-03-08,bb7,0.992,1.0,0.21688355021688355,-0.15120368247925753,0.14866666666666664,0.10335335335335336,0.23690357023690356,0.238,0.15682349015682348,0.34376042709376037,-2.5768261260925303,-2.87659209469127
2023-03-09,bb7,0.993,1.0,0.21688355021688355,-1.1162943691280074,0.15733333333333333,0.10343677010343677,0.23690357023690356,0.23600000000000002,0.15682349015682348,0.34376042709376037,-2.4875766779773216,-2.7560796140459787
2023-03-10,student,0.992,1.0,0.21688355021688355,-0.42061147940526755,0.16766666666666666,0.10343677010343677,0.23690357023690356,0.25133333333333335,0.15682349015682348,0.34376042709376037,-2.55243463813013,-2.8517146874520916
2023-03-13,bb7,0.993,1.0,0.21688355021688355,-2.3211399032292523,0.151,0.10343677010343677,0.23690357023690356,0.21533333333333335,0.15682349015682348,0.34376042709376037,-2.3836557440724695,-2.6207715629730775
2023-03-14,bb7,0.993,1.0,0.22022022022022023,-0.9541682009725325,0.16366666666666668,0.10343677010343677,0.2369869869869869,0.2373333333333333,0.15682349015682348,0.3470136803470137,-2.830355923341396,-3.119329539885298
2023-03-15,student,0.992,1.0,0.22022022022022023,-1.0774267908645674,0.17566666666666667,0.10343677010343677,0.2369869869869869,0.269,0.15682349015682348,0.34701368034701363,-2.833563312611377,-3.117400290710222
2023-03-16,bb7,0.992,1.0,0.22022022022022023,0.8683759461909,0.169,0.10343677010343677,0.24024024024024024,0.25,0.15682349015682348,0.34701368034701363,-2.757676799907122,-3.0566984983707415
2023-03-17,bb7,0.991,1.0,0.22022022022022023,0.621081026115375,0.15766666666666665,0.10343677010343677,0.23690357023690356,0.235,0.15682349015682348,0.34376042709376037,-2.6972352182457167,-2.961515640676675
2023-03-20,bb7,0.992,1.0,0.22022022022022023,-0.660889602441,0.16266666666666665,0.10343677010343677,0.23690357023690356,0.24,0.16007674341007674,0.34376042709376037,-2.604697961256877,-2.8580519807848694
2023-03-21,bb7,0.993,1.0,0.22022022022022023,-0.48370670834609003,0.15433333333333332,0.10343677010343677,0.23690357023690356,0.23766666666666666,0.16007674341007674,0.34376042709376037,-2.6729919440238454,-2.963530894689746
2023-03-22,bb7,0.993,1.0,0.22022022022022023,0.31295047607091503,0.164,0.10343677010343677,0.23690357023690356,0.23566666666666666,0.16007674341007674,0.3470136803470137,-2.681830616432631,-2.947003160874668
2023-03-23,bb7,0.988,1.0,0.22022022022022023,-0.42059597469624,0.16766666666666666,0.10343677010343677,0.23690357023690356,0.242,0.15682349015682348,0.34701368034701363,-2.572043687853183,-2.8397450624683938
2023-03-24,bb7,0.993,1.0,0.22022022022022023,-0.4545797258860026,0.15733333333333333,0.10343677010343677,0.23690357023690356,0.23966666666666667,0.15682349015682348,0.34376042709376037,-2.549755993911441,-2.8182206317622818
2023-03-27,student,0.988,1.0,0.22022022022022023,0.3003731919590875,0.17633333333333334,0.10343677010343677,0.23690357023690356,0.259,0.15682349015682348,0.34376042709376037,-2.5944906043843576,-2.853872411042209
2023-03-28,bb7,0.992,1.0,0.22022022022022023,-1.1105933586044077,0.16166666666666665,0.10343677010343677,0.23690357023690356,0.241,0.15682349015682348,0.34376042709376037,-2.4567375548244508,-2.7321317608722184
2023-03-29,bb7,0.992,1.0,0.22022022022022023,1.4655691399475825,0.16933333333333334,0.10343677010343677,0.23690357023690356,0.236,0.15682349015682348,0.34376042709376037,-2.5868780417663926,-2.860689763850462
2023-03-31,student,0.994,1.0,0.22022022022022023,2.1267145342900653,0.18433333333333335,0.10343677010343677,0.23690357023690356,0.278,0.16007674341007674,0.3470136803470137,-2.6858618727811128,-2.9979775771630592
2023-04-03,student,0.994,1.0,0.22022022022022023,-0.1921774472809325,0.18466666666666667,0.10343677010343677,0.2369869869869869,0.2803333333333333,0.16016016016016016,0.3470136803470137,-2.602297562368647,-2.888301986728518
2023-04-05,bb7,0.994,1.0,0.22022022022022023,0.6362693898606324,0.16066666666666665,0.10343677010343677,0.23690357023690356,0.24366666666666667,0.16016016016016016,0.3470136803470137,-2.5273492605253685,-2.7788555014374183
2023-04-06,bb7,0.994,1.0,0.22022022022022023,0.6645760499227273,0.16033333333333333,0.10343677010343677,0.24024024024024024,0.24133333333333332,0.16016016016016016,0.3470136803470137,-2.453807486526188,-2.7052372794075072
2023-04-10,student,0.994,1.0,0.22022022022022023,1.0270148962708026,0.17433333333333334,0.10343677010343677,0.24024024024024024,0.25999999999999995,0.16016016016016016,0.3470136803470137,-2.5149355980573254,-2.7870699023439003
2023-04-11,bb7,0.995,1.0,0.22022022022022023,-0.09223443814809995,0.159,0.10343677010343677,0.2369869869869869,0.2363333333333333,0.16016016016016016,0.3470136803470137,-2.643087539813613,-2.911288002623988
2023-04-12,student,0.994,1.0,0.22022022022022023,0.38955888772217245,0.17200000000000001,0.10343677010343677,0.24024024024024024,0.25,0.16016016016016016,0.3470136803470137,-2.60733305107251,-2.921440476361127
2023-04-13,student,0.995,1.0,0.22022022022022023,-0.1846338312654801,0.17433333333333334,0.10343677010343677,0.23690357023690356,0.25066666666666665,0.15682349015682348,0.3470136803470137,-2.5537837904451743,-2.813941465326801
2023-04-17,student,0.997,1.0,0.22022022022022023,-1.6666243249592347,0.17033333333333334,0.10335335335335336,0.23690357023690356,0.24733333333333332,0.15682349015682348,0.34376042709376037,-2.505911709332591,-2.740181519955775
2023-04-18,bb7,0.994,1.0,0.22022022022022023,0.044676126170522495,0.16333333333333333,0.10343677010343677,0.2336503169836502,0.24966666666666668,0.15682349015682348,0.3404237570904237,-3.6764524131926364,-3.9545184134337803
2023-04-19,student,0.996,1.0,0.22022022022022023,-1.0845115468794875,0.18133333333333335,0.10335335335335336,0.23690357023690356,0.25866666666666666,0.15682349015682348,0.3404237570904237,-3.504943681096849,-3.793243422570451
2023-04-20,student,0.994,1.0,0.22022022022022023,0.031094432574832492,0.19233333333333333,0.10343677010343677,0.23690357023690356,0.2743333333333334,0.15682349015682348,0.3404237570904237,-3.4723183373162527,-3.7833386693871525
2023-04-21,bb7,0.994,1.0,0.22022022022022023,-0.23701056983839752,0.168,0.10335335335335336,0.23690357023690356,0.244,0.15682349015682348,0.343677010343677,-3.141167710454341,-3.422841043573807
2023-04-24,student,0.996,1.0,0.22022022022022023,0.7294834024218775,0.19033333333333335,0.10343677010343677,0.23690357023690356,0.2733333333333334,0.15682349015682348,0.3404237570904237,-3.171537743600681,-3.463102312139025
2023-04-25,bb7,0.996,1.0,0.21688355021688355,0.11376897090500249,0.16266666666666665,0.10343677010343677,0.23690357023690356,0.23966666666666667,0.15682349015682348,0.343677010343677,-2.866650306075107,-3.1435278278229624
2023-04-26,bb7,0.994,1.0,0.21688355021688355,0.70343128779297,0.152,0.10343677010343677,0.23690357023690356,0.228,0.15682349015682348,0.3437604270937603,-2.789593512215744,-3.0524758921987343
2023-04-27,bb7,0.994,1.0,0.21688355021688355,0.06414844067033754,0.15866666666666665,0.10335335335335336,0.23690357023690356,0.23266666666666666,0.15682349015682348,0.343677010343677,-2.7071396576557656,-3.010291916376361
2023-04-28,student,0.994,1.0,0.21688355021688355,0.7778433144193025,0.17066666666666666,0.1001001001001001,0.23690357023690356,0.253,0.15682349015682348,0.3404237570904237,-2.665727488327881,-2.9517916817887335
2023-05-02,student,0.994,1.0,0.21688355021688355,0.057574927987992436,0.16733333333333333,0.1001001001001001,0.23690357023690356,0.237,0.15682349015682348,0.34050717384050705,-2.6156613307126477,-2.869707863317131
2023-05-03,student,0.994,1.0,0.21688355021688355,0.15386283697060255,0.19166666666666665,0.1001001001001001,0.23690357023690356,0.274,0.16007674341007674,0.34367701034367704,-2.6038332292645907,-2.895956146765343
2023-05-04,bb7,0.994,1.0,0.21688355021688355,0.55686195008522,0.163,0.10335335335335336,0.23356690023356688,0.25533333333333336,0.16007674341007674,0.34367701034367704,-2.558438874041104,-2.8320631896477653
2023-05-05,student,0.994,1.0,0.21688355021688355,-0.6896410845987324,0.169,0.1001001001001001,0.23690357023690356,0.263,0.16016016016016016,0.34376042709376037,-2.4611651195282294,-2.7563657853570676
2023-05-08,student,0.994,1.0,0.22022022022022023,1.78674612322067,0.17566666666666667,0.10335335335335336,0.23690357023690356,0.26166666666666666,0.16016016016016016,0.34367701034367704,-2.4475658717360713,-2.70603042291
2023-05-09,student,0.994,1.0,0.21688355021688355,-0.18401947382557005,0.17733333333333334,0.10343677010343677,0.23690357023690356,0.25066666666666665,0.16016016016016016,0.3470136803470137,-2.622721841796962,-2.9155833644303537
2023-05-10,student,0.994,1.0,0.21688355021688355,0.153443018393265,0.17400000000000002,0.10343677010343677,0.23690357023690356,0.252,0.16016016016016016,0.3470136803470137,-2.5274097921698404,-2.773154526742714
2023-05-11,bb7,0.994,1.0,0.22022022022022023,0.6968425221130875,0.15633333333333332,0.10343677010343677,0.23690357023690356,0.24266666666666667,0.16016016016016016,0.3470136803470137,-2.4371005983131027,-2.700653339945539
2023-05-12,student,0.994,1.0,0.22022022022022023,0.4950201016765525,0.18566666666666667,0.10343677010343677,0.23690357023690356,0.27466666666666667,0.16016016016016016,0.3470136803470137,-2.459468704221763,-2.726861623578732
2023-05-15,student,0.994,1.0,0.21688355021688355,1.50351619510107,0.17700000000000002,0.10343677010343677,0.23690357023690356,0.24699999999999997,0.16016016016016016,0.3470136803470137,-2.4033988072025716,-2.6452555792346337
2023-05-16,bb7,0.993,1.0,0.21688355021688355,-0.02693241750950498,0.155,0.10343677010343677,0.23690357023690356,0.25066666666666665,0.16007674341007674,0.34367701034367704,-2.384277184615529,-2.640312800412732
2023-05-17,student,0.993,1.0,0.21688355021688355,-0.75151717365226,0.17800000000000002,0.10343677010343677,0.23690357023690356,0.2623333333333333,0.16007674341007672,0.34367701034367704,-2.4537181235125116,-2.7059898589173264
2023-05-18,bb7,0.993,1.0,0.21688355021688355,-1.206954038842835,0.15633333333333332,0.10343677010343677,0.23690357023690356,0.2333333333333333,0.15682349015682348,0.34367701034367704,-2.3718515677893772,-2.6046871060176264
2023-05-19,student,0.992,1.0,0.21688355021688355,1.4269293156115825,0.16866666666666666,0.10343677010343677,0.23690357023690356,0.24566666666666667,0.16007674341007672,0.34367701034367704,-2.453698949666994,-2.7177531608022845
2023-05-22,student,0.993,1.0,0.21688355021688355,0.40461087698975245,0.17366666666666666,0.10343677010343677,0.23690357023690356,0.25033333333333335,0.16007674341007672,0.34367701034367704,-2.4959588971848343,-2.756661334516487
2023-05-23,bb7,0.993,1.0,0.21688355021688355,0.5242257851484574,0.159,0.10343677010343677,0.23690357023690356,0.23399999999999999,0.16007674341007672,0.34367701034367704,-2.38010144860283,-2.6364676036467554
2023-05-24,bb7,0.994,1.0,0.21688355021688355,-0.5027419449358599,0.14,0.10343677010343677,0.23690357023690356,0.22566666666666665,0.16016016016016016,0.34376042709376037,-2.270713345078596,-2.503100892501131
2023-05-25,student,0.994,1.0,0.21688355021688355,-0.381035523208585,0.17200000000000001,0.10343677010343677,0.23690357023690356,0.26233333333333336,0.16016016016016016,0.34376042709376037,-2.3774776728457163,-2.6217421702937616
2023-05-26,bb7,0.749,0.993,0.21688355021688355,1.1523217920145374,0.14833333333333334,0.10669002335669002,0.24024024024024024,0.23066666666666666,0.16016016016016016,0.34376042709376037,-2.2139259130961366,-2.43812199803518
2023-05-29,bb7,0.729,0.993,0.21688355021688355,0.4480124786920625,0.166,0.10677344010677343,0.2435769102435769,0.245,0.16016016016016016,0.3470136803470137,-2.263841612730387,-2.494851807967828
2023-05-30,bb7,0.982,1.0,0.21688355021688355,0.018003652627472472,0.15433333333333335,0.10343677010343677,0.23690357023690356,0.2233333333333333,0.16016016016016016,0.3470136803470137,-2.1616355970052883,-2.381890908627559
2023-05-31,bb7,0.981,1.0,0.22022022022022023,0.2860641274097575,0.16233333333333333,0.10343677010343677,0.24024024024024024,0.24533333333333332,0.16016016016016016,0.3470136803470137,-2.1426339552078386,-2.3696151330630078
2023-06-01,student,0.981,1.0,0.22022022022022023,0.8495170917926275,0.17033333333333334,0.10343677010343677,0.24024024024024024,0.25966666666666666,0.16016016016016016,0.3470136803470137,-2.1579903246247047,-2.4136447909353382
2023-06-02,bb7,0.993,1.0,0.21688355021688355,0.3387976318186325,0.153,0.10343677010343677,0.23690357023690356,0.2253333333333333,0.16016016016016016,0.34376042709376037,-2.112282452515789,-2.339854185546935
2023-06-05,bb7,0.993,1.0,0.22355689022355688,0.3907870942110225,0.14233333333333334,0.10343677010343677,0.23690357023690356,0.20333333333333337,0.16016016016016016,0.34701368034701363,-2.008195238182929,-2.188888606235846
2023-06-06,bb7,0.993,1.0,0.22355689022355688,-0.18454067204638,0.16266666666666665,0.10343677010343677,0.23690357023690356,0.2373333333333333,0.16007674341007674,0.34367701034367704,-2.008177191135325,-2.2242574734283527
2023-06-07,bb7,0.985,1.0,0.22355689022355688,1.13212934785383,0.16,0.10343677010343677,0.23690357023690356,0.24466666666666667,0.15682349015682348,0.34367701034367704,-2.1511174302094735,-2.389383969270653
2023-06-08,bb7,0.992,1.0,0.21688355021688355,-0.8514581853076925,0.15633333333333332,0.10343677010343677,0.23690357023690356,0.24366666666666667,0.15682349015682348,0.34367701034367704,-2.177392127658299,-2.417510641444359
2023-06-09,bb7,0.988,1.0,0.21688355021688355,-1.0455371594274625,0.16266666666666665,0.10343677010343677,0.23690357023690356,0.23933333333333331,0.15682349015682348,0.34367701034367704,-2.1905208223234265,-2.4237942303374633
2023-06-12,bb7,0.971,1.0,0.22355689022355688,0.6568681032442873,0.16866666666666666,0.10343677010343677,0.23690357023690356,0.23566666666666666,0.15682349015682348,0.34367701034367704,-2.2423390253537545,-2.4448674310511986
2023-06-13,bb7,0.988,1.0,0.22355689022355688,0.3694463910547025,0.159,0.10343677010343677,0.23690357023690356,0.2253333333333333,0.15682349015682348,0.34367701034367704,-2.189729212688416,-2.426256776070723
2023-06-14,bb7,0.988,1.0,0.22355689022355688,0.49128813655670245,0.15733333333333335,0.10343677010343677,0.23690357023690356,0.24466666666666667,0.15682349015682348,0.34367701034367704,-2.148439353353566,-2.403130418015274
2023-06-15,bb7,0.965,1.0,0.22355689022355688,-0.86765781571963,0.169,0.10343677010343677,0.23690357023690356,0.24866666666666667,0.15682349015682348,0.34367701034367704,-2.1688617979781615,-2.4213433198358856
2023-06-16,bb7,0.985,1.0,0.22355689022355688,0.6021357438960451,0.148,0.10343677010343677,0.23690357023690356,0.22999999999999998,0.15682349015682348,0.34367701034367704,-2.1652987559323864,-2.403527440915808
2023-06-19,student,0.95,1.0,0.22355689022355688,-0.3215962795726625,0.18166666666666667,0.10343677010343677,0.23690357023690356,0.264,0.15682349015682348,0.34376042709376037,-2.178402524184223,-2.408764792056711
2023-06-20,bb7,0.959,1.0,0.22355689022355688,0.7987772958158526,0.158,0.10343677010343677,0.23690357023690356,0.23566666666666666,0.15682349015682348,0.34376042709376037,-2.0568602924895107,-2.2633760096436797
2023-06-21,bb7,0.966,1.0,0.22355689022355688,-0.1988601101819025,0.16733333333333333,0.10343677010343677,0.23690357023690356,0.2513333333333333,0.16007674341007672,0.34701368034701363,-2.125814133592623,-2.329142458681867
2023-06-22,bb7,0.972,1.0,0.22355689022355688,-1.2276635995290675,0.143,0.10343677010343677,0.23690357023690356,0.24,0.16007674341007672,0.3470136803470137,-2.0603898414647035,-2.282706639192782
2023-06-23,bb7,0.976,1.0,0.22355689022355688,-1.24851351071115,0.17200000000000001,0.10343677010343677,0.23690357023690356,0.24266666666666667,0.16016016016016016,0.3470136803470137,-2.2073804152241236,-2.4506542165207477
2023-06-26,bb7,0.978,1.0,0.22355689022355688,0.6785177941058624,0.158,0.10343677010343677,0.23690357023690356,0.24866666666666667,0.16016016016016016,0.3470136803470137,-2.2844680231361476,-2.549983314752045
2023-06-27,student,0.974,1.0,0.22355689022355688,0.79847965588918,0.18100000000000002,0.10343677010343677,0.23690357023690356,0.26133333333333336,0.16016016016016016,0.3470136803470137,-2.293085752648587,-2.5452008337190017
2023-06-28,bb7,0.993,1.0,0.22355689022355688,1.1162487682179498,0.168,0.10343677010343677,0.24024024024024024,0.24166666666666667,0.16016016016016016,0.3470136803470137,-2.2401155314383683,-2.4661237897987274
2023-06-30,bb7,0.974,1.0,0.22355689022355688,1.469886554687025,0.156,0.10343677010343677,0.24024024024024024,0.22666666666666666,0.16016016016016016,0.3470136803470137,-2.1360442738757204,-2.335113161590807
2023-07-03,bb7,0.959,1.0,0.22355689022355688,0.5228732524835874,0.17033333333333334,0.10343677010343677,0.24024024024024024,0.24133333333333332,0.16341341341341342,0.3503503503503504,-2.2271512837121126,-2.4649038086557145
2023-07-04,bb7,0.985,1.0,0.22355689022355688,0.3932287021881475,0.171,0.10343677010343677,0.24024024024024024,0.25566666666666665,0.16016016016016016,0.347097097097097,-2.2208685961422825,-2.4654517945600865
2023-07-05,student,0.988,1.0,0.22355689022355688,0.4733614803140051,0.19000000000000003,0.10677344010677343,0.24024024024024024,0.26699999999999996,0.16016016016016016,0.3503503503503503,-2.177336153245541,-2.410524162270662
2023-07-06,bb7,0.992,1.0,0.23356690023356688,0.5562138253340299,0.16366666666666665,0.10669002335669002,0.24032365699032357,0.2383333333333333,0.16349683016349684,0.353687020353687,-1.9988175124638845,-2.22436639040534
2023-07-07,bb7,0.988,1.0,0.23356690023356688,-0.036831409280199845,0.17766666666666667,0.10343677010343677,0.24032365699032357,0.25833333333333336,0.16349683016349684,0.353687020353687,-2.040395017492574,-2.2677299455893976
2023-07-10,bb7,0.988,1.0,0.23356690023356688,-0.4316973148271,0.16866666666666666,0.10343677010343677,0.24024024024024024,0.25733333333333336,0.16349683016349684,0.35368702035368704,-2.1551843888158095,-2.4428823802407487
2023-07-11,bb7,0.988,1.0,0.23023023023023023,0.848309545422455,0.166,0.10343677010343677,0.24032365699032357,0.2683333333333333,0.16349683016349684,0.3504337671004337,-2.118667295789439,-2.353808907024014
2023-07-12,bb7,0.992,1.0,0.23023023023023023,-0.638792008193275,0.141,0.10669002335669002,0.24032365699032357,0.20833333333333334,0.16349683016349684,0.35368702035368704,-1.9782853813732206,-2.1576807400122324
2023-07-13,student,0.993,1.0,0.23023023023023023,0.2260318351113999,0.18633333333333335,0.10669002335669002,0.24032365699032357,0.27666666666666667,0.16349683016349684,0.35368702035368704,-2.110264433641095,-2.346553404281677
2023-07-14,bb7,0.993,1.0,0.24024024024024024,1.4156495972887901,0.16866666666666666,0.10677344010677343,0.2435769102435769,0.256,0.16349683016349684,0.35702369035702364,-2.0421906803804464,-2.2666685807604483
2023-07-17,bb7,0.85,0.994,0.24024024024024024,0.43916668681789506,0.17966666666666667,0.10677344010677343,0.2435769102435769,0.257,0.16349683016349684,0.357107107107107,-2.0804774750839887,-2.2845040441130604
2023-07-18,bb7,0.842,0.995,0.24024024024024024,0.2851574464072551,0.18066666666666667,0.10677344010677343,0.2435769102435769,0.27466666666666667,0.16349683016349684,0.357107107107107,-2.1291838223816932,-2.387090443925242
2023-07-19,bb7,0.826,0.994,0.24024024024024024,0.6170931500722374,0.18266666666666667,0.10669002335669002,0.2435769102435769,0.26266666666666666,0.16683350016683351,0.357107107107107,-2.2330206581116063,-2.4776617487621113
2023-07-20,bb7,0.985,1.0,0.23690357023690356,0.25650387502266,0.17366666666666666,0.10343677010343677,0.24024024024024024,0.25433333333333336,0.16349683016349684,0.3537704371037704,-2.155727206179634,-2.398419118936915
2023-07-21,bb7,0.985,1.0,0.23690357023690356,-2.6856522001742826,0.17900000000000002,0.10343677010343677,0.24032365699032357,0.26333333333333336,0.16349683016349684,0.3537704371037704,-2.150868672150573,-2.3828713707446685
2023-07-24,bb7,0.984,1.0,0.23690357023690356,0.10750497649074994,0.17233333333333334,0.10677344010677343,0.24032365699032357,0.24133333333333332,0.16349683016349684,0.3570236903570237,-3.295240417443291,-3.567203237364464
2023-07-25,bb7,0.984,1.0,0.23690357023690356,-0.08092630800239003,0.18400000000000002,0.10677344010677343,0.2435769102435769,0.26833333333333337,0.16349683016349684,0.3570236903570237,-3.1173130747487243,-3.391882462090001
2023-07-26,bb7,0.988,1.0,0.23690357023690356,0.7035677610255426,0.17366666666666666,0.10677344010677343,0.24024024024024024,0.255,0.16349683016349684,0.3570236903570237,-2.9650588965182507,-3.2096810009307193
2023-07-27,bb7,0.987,1.0,0.24024024024024024,0.1070884639164775,0.171,0.10677344010677343,0.2435769102435769,0.255,0.16349683016349684,0.3570236903570237,-2.7176550201917085,-2.979974917508264
2023-07-28,bb7,0.991,1.0,0.2435769102435769,-0.36261016782653505,0.151,0.10677344010677343,0.2435769102435769,0.23399999999999999,0.16349683016349684,0.3570236903570237,-2.5563856890334375,-2.8034438765646383
2023-07-31,student,0.992,1.0,0.2435769102435769,0.57013137240949,0.19633333333333336,0.10677344010677343,0.2435769102435769,0.2916666666666667,0.16349683016349684,0.357107107107107,-2.557455150007547,-2.8407647797376887
2023-08-01,bb7,0.993,1.0,0.24024024024024024,-0.2844057685333975,0.16333333333333333,0.10677344010677343,0.2435769102435769,0.252,0.16349683016349684,0.35710710710710697,-2.332080369490269,-2.5885223777967172
2023-08-02,bb7,0.993,1.0,0.2435769102435769,-1.3619351452112374,0.169,0.10677344010677343,0.2435769102435769,0.24666666666666667,0.16349683016349684,0.35702369035702364,-2.318418309102589,-2.551198967714252
2023-08-03,bb7,0.992,1.0,0.24024024024024024,-0.5187942871958775,0.17666666666666667,0.10677344010677343,0.2435769102435769,0.25866666666666666,0.16349683016349684,0.35710710710710697,-2.3791483985947472,-2.6111388607899273
2023-08-04,bb7,0.992,1.0,0.24691358024691357,-0.6949198253586151,0.17266666666666666,0.10677344010677343,0.2435769102435769,0.245,0.16349683016349684,0.35710710710710697,-2.302472344751126,-2.523377080930569
2023-08-07,bb7,0.991,1.0,0.24691358024691357,0.029915250154252504,0.17800000000000002,0.10677344010677343,0.2435769102435769,0.26566666666666666,0.16349683016349684,0.357107107107107,-2.3642427059101156,-2.617042724436936
2023-08-08,bb7,0.991,1.0,0.24691358024691357,0.05455029359137997,0.16333333333333333,0.10677344010677343,0.2435769102435769,0.24666666666666667,0.16683350016683351,0.3570236903570237,-2.2952222886887435,-2.547331217755324
2023-08-09,bb7,0.991,1.0,0.2435769102435769,0.5904268802481974,0.151,0.10677344010677343,0.2435769102435769,0.2323333333333333,0.16683350016683351,0.357107107107107,-2.1443389662761443,-2.395145420932411
2023-08-10,bb7,0.991,1.0,0.23690357023690356,-0.425133482924395,0.16433333333333333,0.10677344010677343,0.24366032699366022,0.267,0.16683350016683351,0.357107107107107,-2.204333619480065,-2.477975891652942
2023-08-11,student,0.992,1.0,0.24691358024691357,-0.89913596610724,0.18533333333333335,0.10677344010677343,0.24691358024691357,0.3006666666666667,0.16683350016683351,0.3603603603603604,-2.2518622042182868,-2.4986413592627947
2023-08-14,bb7,0.992,1.0,0.24691358024691357,-0.067476944205825,0.16766666666666666,0.10677344010677343,0.24691358024691357,0.25433333333333336,0.16683350016683351,0.3603603603603604,-2.182461745941825,-2.4391465129353795
2023-08-16,bb7,0.992,1.0,0.24691358024691357,1.3022761771363824,0.18633333333333332,0.10677344010677343,0.2435769102435769,0.26866666666666666,0.16683350016683351,0.3603603603603604,-2.2254179654345507,-2.511071474277338
2023-08-17,bb7,0.992,0.998,0.24691358024691357,-0.11847093680672746,0.168,0.10677344010677343,0.24366032699366022,0.271,0.16683350016683351,0.3603603603603604,-2.261515141051061,-2.531234513850934
2023-08-18,bb7,0.991,0.999,0.24691358024691357,-0.17512190778382747,0.16433333333333333,0.10677344010677343,0.2435769102435769,0.2593333333333333,0.16683350016683351,0.3603603603603604,-2.134890679251979,-2.397718105876249
2023-08-21,bb7,0.991,1.0,0.2502502502502502,0.5106946485826025,0.17366666666666666,0.10677344010677343,0.2435769102435769,0.258,0.16683350016683351,0.3603603603603604,-2.10938842466414,-2.3745013219935243
2023-08-22,bb7,0.992,1.0,0.2502502502502502,-0.152051763436775,0.16466666666666666,0.10677344010677343,0.2435769102435769,0.25166666666666665,0.16683350016683351,0.3603603603603604,-2.118099528423533,-2.3576682389162764
2023-08-23,bb7,0.992,1.0,0.2502502502502502,0.26638769887916247,0.16,0.10677344010677343,0.2435769102435769,0.26066666666666666,0.1667500834167501,0.3603603603603604,-2.091022327524,-2.353392942418712
2023-08-24,bb7,0.991,1.0,0.2502502502502502,0.2279282540772809,0.17300000000000001,0.10677344010677343,0.24691358024691357,0.25766666666666665,0.1667500834167501,0.357107107107107,-2.0383659553862326,-2.27171863657968
2023-08-25,bb7,0.991,1.0,0.2502502502502502,-0.7792707633784375,0.18100000000000002,0.10677344010677343,0.24366032699366022,0.26733333333333337,0.16683350016683351,0.357107107107107,-1.9980182286754133,-2.253924328653356
2023-08-28,bb7,0.991,0.998,0.2569235902569236,-0.14005296657831498,0.14533333333333334,0.1100266933600267,0.24691358024691357,0.2273333333333333,0.16683350016683351,0.3603603603603603,-1.9605389864505558,-2.18957533657757
2023-08-29,bb7,0.991,0.999,0.2569235902569236,0.028040007049732474,0.16266666666666665,0.1100266933600267,0.24691358024691357,0.2313333333333333,0.16683350016683351,0.3603603603603603,-1.9008833705809791,-2.087061924136124
2023-08-30,bb7,0.992,1.0,0.2569235902569236,-0.02803045669815002,0.18300000000000002,0.10677344010677343,0.2435769102435769,0.2753333333333333,0.16683350016683351,0.3603603603603603,-1.9759958929516568,-2.2184165822788775
2023-08-31,bb7,0.991,1.0,0.2535869202535869,-0.7183618248001625,0.18666666666666668,0.10677344010677343,0.2435769102435769,0.2946666666666667,0.1667500834167501,0.3603603603603603,-2.035479278256416,-2.281619529001355
2023-09-01,bb7,0.987,1.0,0.2535869202535869,0.9266603055839066,0.17133333333333334,0.1100266933600267,0.24691358024691357,0.25633333333333336,0.16683350016683351,0.3603603603603604,-1.9652421323088516,-2.1981409812557016
2023-09-04,bb7,0.695,0.986,0.2535869202535869,0.50313898222298,0.171,0.11011011011011011,0.2469969969969969,0.26433333333333336,0.1701701701701702,0.3603603603603604,-1.9292380870947485,-2.203326414926618
2023-09-05,bb7,0.689,0.984,0.2535869202535869,0.2678745938566576,0.16333333333333333,0.11011011011011011,0.2469969969969969,0.243,0.1701701701701702,0.3603603603603604,-1.891869810776307,-2.122889736085551
2023-09-06,bb7,0.986,0.999,0.2569235902569236,-0.007175641228607518,0.16033333333333333,0.11011011011011011,0.24691358024691357,0.24466666666666667,0.16683350016683351,0.3603603603603604,-1.8984554135535479,-2.1128925774134237
2023-09-07,bb7,0.986,1.0,0.2535869202535869,0.2110599178914775,0.18300000000000002,0.11011011011011011,0.24691358024691357,0.26733333333333337,0.16683350016683351,0.363697030363697,-1.8511876559934877,-2.084086121511116
2023-09-08,bb7,0.983,1.0,0.2602602602602602,0.8075257893662625,0.16366666666666665,0.11011011011011011,0.24691358024691357,0.25733333333333336,0.16683350016683351,0.36369703036369705,-1.8464627034974332,-2.0650707350276005
2023-09-11,bb7,0.673,0.983,0.2569235902569236,0.9906489002034,0.16666666666666666,0.11011011011011011,0.24691358024691357,0.25166666666666665,0.1701701701701702,0.36369703036369705,-1.8460830664993595,-2.032342840275782
2023-09-12,bb7,0.986,1.0,0.2602602602602602,-0.6588957505605775,0.171,0.11011011011011011,0.24691358024691357,0.26233333333333336,0.1701701701701702,0.36369703036369705,-1.844591280083089,-2.073279776934899
2023-09-13,bb7,0.715,0.987,0.2569235902569236,0.57745066417915,0.167,0.11011011011011011,0.2502502502502502,0.249,0.1701701701701702,0.36369703036369705,-1.9426107806549657,-2.172637584674033
2023-09-14,bb7,0.987,1.0,0.2569235902569236,0.06928355779877751,0.19133333333333336,0.11011011011011011,0.24691358024691357,0.27266666666666667,0.1701701701701702,0.36369703036369705,-1.9266240165079982,-2.1503943260038234
2023-09-15,bb7,0.987,1.0,0.2535869202535869,0.21016967633454503,0.16566666666666666,0.11011011011011011,0.2502502502502502,0.251,0.1701701701701702,0.36369703036369705,-1.865183160319247,-2.0854853032340626
2023-09-18,bb7,0.993,1.0,0.2535869202535869,0.32656308052956495,0.162,0.1100266933600267,0.2502502502502502,0.26133333333333336,0.1701701701701702,0.36369703036369705,-1.8721844092101256,-2.088982235796104
2023-09-20,bb7,0.993,1.0,0.2535869202535869,-0.4482370323826025,0.17733333333333334,0.1100266933600267,0.24691358024691357,0.26599999999999996,0.1701701701701702,0.363697030363697,-1.9235993117187349,-2.148217503557281
2023-09-21,bb7,0.992,1.0,0.2535869202535869,-0.7389024760392751,0.15733333333333333,0.11011011011011011,0.2502502502502502,0.24733333333333332,0.17008675342008678,0.36369703036369705,-1.8555378827881863,-2.0927271612439933
2023-09-22,bb7,0.993,1.0,0.2569235902569236,0.155373081954285,0.16333333333333333,0.11011011011011011,0.2502502502502502,0.24766666666666667,0.1701701701701702,0.3670337003670337,-1.90804091095973,-2.1210421245116486
2023-09-25,bb7,0.987,1.0,0.2569235902569236,-0.6794650018556725,0.15933333333333333,0.11011011011011011,0.2469969969969969,0.24133333333333332,0.16683350016683351,0.36703370036703364,-1.9047507430986852,-2.116156433136728
2023-09-26,bb7,0.987,1.0,0.2602602602602602,-0.1395857031466175,0.161,0.10677344010677343,0.2469969969969969,0.25666666666666665,0.17008675342008678,0.36703370036703364,-1.9180048521953954,-2.1396168590860145
2023-09-27,bb7,0.987,1.0,0.2602602602602602,0.15510735363581998,0.17666666666666667,0.11011011011011011,0.2469969969969969,0.26499999999999996,0.16683350016683351,0.3637804471137804,-1.9020466223389834,-2.1259629328186374
2023-09-28,bb7,0.984,1.0,0.2569235902569236,-1.1277475827129924,0.164,0.10677344010677343,0.2469969969969969,0.25666666666666665,0.16683350016683351,0.3637804471137804,-1.9475803692819693,-2.208465878141184
2023-09-29,bb7,0.984,1.0,0.2535869202535869,0.9925115854228526,0.18333333333333335,0.11011011011011011,0.2502502502502502,0.2773333333333333,0.1701701701701702,0.36711711711711703,-2.040344168611864,-2.3116118193803503
2023-10-03,bb7,0.981,1.0,0.2602602602602602,-0.19852346598709497,0.15466666666666665,0.10677344010677343,0.2469969969969969,0.23199999999999998,0.1701701701701702,0.3637804471137804,-1.9023910377002808,-2.126848855017354
2023-10-04,bb7,0.987,1.0,0.2602602602602602,-0.4086235383491851,0.16433333333333333,0.10677344010677343,0.2469969969969969,0.24433333333333332,0.1701701701701702,0.36703370036703364,-1.9550420804842443,-2.1872656878973893
2023-10-05,bb7,0.989,1.0,0.2602602602602602,0.9384042161169626,0.2006666666666667,0.10677344010677343,0.24691358024691357,0.2936666666666667,0.1701701701701702,0.3637804471137804,-2.178530885127754,-2.454124201448246
2023-10-06,bb7,0.987,1.0,0.2535869202535869,0.26166002405213995,0.17,0.10677344010677343,0.24691358024691357,0.26366666666666666,0.17008675342008678,0.36703370036703364,-1.9956468727858598,-2.241890319306272
2023-10-09,bb7,0.987,0.999,0.2535869202535869,-0.529879723336125,0.17333333333333334,0.10677344010677343,0.24691358024691357,0.25133333333333335,0.17008675342008678,0.3637804471137804,-1.978769127203056,-2.207379763885311
2023-10-10,bb7,0.987,0.999,0.2569235902569236,1.1875462539489825,0.151,0.10677344010677343,0.24366032699366022,0.24966666666666668,0.1701701701701702,0.36703370036703364,-1.9890280316786488,-2.241517130500852
2023-10-11,bb7,0.987,0.998,0.2535869202535869,0.38028814543218253,0.17,0.10677344010677343,0.24366032699366022,0.26133333333333336,0.1701701701701702,0.3637804471137804,-1.9870291805973888,-2.232092486907178
2023-10-12,bb7,0.984,0.999,0.2535869202535869,-0.4642065170451725,0.16033333333333333,0.10677344010677343,0.24691358024691357,0.2373333333333333,0.1734234234234234,0.3637804471137804,-1.9317824869627243,-2.1775404787513817
2023-10-13,bb7,0.984,0.998,0.2535869202535869,0.25876778214649987,0.18066666666666667,0.10677344010677343,0.24691358024691357,0.297,0.17342342342342343,0.36703370036703364,-2.093692610464657,-2.3338086619437837
2023-10-16,bb7,0.985,0.998,0.2535869202535869,-0.11182114896949502,0.19033333333333335,0.1100266933600267,0.2469969969969969,0.2803333333333333,0.1701701701701702,0.36703370036703364,-2.250173561096073,-2.5161806006053222
2023-10-17,bb7,0.987,0.998,0.2535869202535869,-0.23920148172593497,0.17800000000000002,0.11011011011011011,0.2469969969969969,0.26266666666666666,0.1701701701701702,0.36703370036703364,-2.142460150799106,-2.3886445276985304
2023-10-18,bb7,0.987,0.998,0.2535869202535869,0.20764963547954746,0.163,0.10677344010677343,0.24691358024691357,0.248,0.1701701701701702,0.36703370036703364,-2.0622600356372787,-2.3156536213564567
2023-10-19,bb7,0.991,0.998,0.2502502502502502,-0.17367230423478802,0.19066666666666665,0.10677344010677343,0.24691358024691357,0.2763333333333333,0.1701701701701702,0.36703370036703364,-2.110422585789851,-2.3699189232197977
2023-10-20,bb7,0.993,0.998,0.2535869202535869,-1.2041013652409749,0.17933333333333334,0.10677344010677343,0.24691358024691357,0.26866666666666666,0.1701701701701702,0.36703370036703364,-2.0555824649425967,-2.304102072585097
2023-10-23,bb7,0.993,0.998,0.2535869202535869,-1.5044214307594,0.168,0.1100266933600267,0.24691358024691357,0.2383333333333333,0.1701701701701702,0.36703370036703364,-2.056437217120941,-2.2996750681346065
2023-10-25,bb7,0.993,0.996,0.2435769102435769,-0.6586818732452975,0.161,0.1100266933600267,0.2502502502502502,0.259,0.1701701701701702,0.3670337003670337,-2.1585676541693073,-2.4047356546959744
2023-10-26,bb7,0.993,0.997,0.24024024024024024,-1.067103924056185,0.159,0.1100266933600267,0.24691358024691357,0.24933333333333332,0.1701701701701702,0.36703370036703364,-2.1754987125855187,-2.4295498267281683
2023-10-27,bb7,0.989,0.997,0.24024024024024024,1.6488580087589926,0.17766666666666667,0.1100266933600267,0.24691358024691357,0.25766666666666665,0.1701701701701702,0.36703370036703364,-2.208876890910952,-2.4685286001286917
2023-10-30,bb7,0.991,0.997,0.24024024024024024,-0.4060842122691025,0.18033333333333335,0.1100266933600267,0.24699699699699693,0.2786666666666667,0.17350684017350684,0.36703370036703364,-2.263391419408,-2.532177842153659
2023-10-31,bb7,0.991,0.998,0.2435769102435769,-0.0847166067738225,0.17700000000000002,0.10677344010677343,0.2502502502502502,0.26533333333333337,0.1701701701701702,0.36711711711711703,-2.2186249437526278,-2.4795315663869957
2023-11-01,student,0.993,0.998,0.22355689022355688,-0.38050124062502255,0.18000000000000002,0.10677344010677343,0.24691358024691357,0.2856666666666667,0.16683350016683351,0.3637804471137804,-2.311935299190758,-2.580726035828657
2023-11-02,bb7,0.993,0.998,0.22355689022355688,1.2194601192408174,0.15566666666666665,0.10677344010677343,0.2469969969969969,0.23066666666666666,0.16683350016683351,0.3637804471137804,-2.1582441873800127,-2.4165028306335667
2023-11-03,bb7,0.993,0.998,0.22022022022022023,1.26049012682179,0.169,0.10677344010677343,0.2469969969969969,0.24966666666666668,0.1701701701701702,0.3637804471137804,-2.2011505177231716,-2.4440067732596047
2023-11-06,bb7,0.987,0.998,0.2435769102435769,-0.08408911195376001,0.17066666666666666,0.1100266933600267,0.25033366700033355,0.259,0.17350684017350684,0.3703703703703703,-2.073965754228183,-2.2968958155879626
2023-11-07,bb7,0.987,1.0,0.23690357023690356,0.20158470584474997,0.17700000000000002,0.1100266933600267,0.25033366700033355,0.25033333333333335,0.1701701701701702,0.36703370036703364,-2.066334851793239,-2.2844469667733396
2023-11-08,bb7,0.987,1.0,0.23690357023690356,-0.08105685400087498,0.169,0.11011011011011011,0.25033366700033355,0.25766666666666665,0.1701701701701702,0.3670337003670337,-2.027775625522019,-2.26798664712744
2023-11-09,bb7,0.987,1.0,0.23690357023690356,-0.54068353822381,0.18233333333333335,0.1100266933600267,0.2502502502502502,0.273,0.1701701701701702,0.36703370036703364,-2.0320224706945123,-2.25516586502478
2023-11-10,bb7,0.987,0.999,0.24024024024024024,0.10581803664473248,0.18033333333333335,0.1100266933600267,0.2502502502502502,0.25433333333333336,0.17008675342008678,0.36703370036703364,-2.0093418021602663,-2.2293764603187483
2023-11-13,bb7,0.984,0.998,0.24024024024024024,0.1651151697297025,0.18733333333333335,0.1100266933600267,0.2502502502502502,0.2763333333333334,0.1701701701701702,0.36703370036703364,-2.001532361813499,-2.234477611450153
2023-11-15,bb7,0.984,0.998,0.23690357023690356,1.5810933531235176,0.16833333333333333,0.1100266933600267,0.25033366700033355,0.26366666666666666,0.1701701701701702,0.36703370036703364,-1.896301988949372,-2.123507408744933
2023-11-16,bb7,0.984,0.998,0.24024024024024024,0.975788920793077,0.17233333333333334,0.11011011011011011,0.2535869202535869,0.24833333333333332,0.17350684017350684,0.36711711711711703,-1.9364627548951643,-2.154239830018491
2023-11-17,bb7,0.98,0.998,0.24024024024024024,-0.6518973545898575,0.17266666666666666,0.11011011011011011,0.2502502502502502,0.27266666666666667,0.17350684017350684,0.3703703703703703,-1.9724111722744484,-2.204692904630666
2023-11-20,student,0.981,0.998,0.2435769102435769,-0.474764551143775,0.19766666666666666,0.11011011011011011,0.2502502502502502,0.3076666666666667,0.17008675342008678,0.36703370036703364,-2.257931012874865,-2.5421886870565005
2023-11-21,bb7,0.981,0.999,0.24691358024691357,0.202651121583975,0.161,0.11011011011011011,0.2502502502502502,0.264,0.1701701701701702,0.36703370036703364,-2.146230998490286,-2.412741595966715
2023-11-22,bb7,0.984,0.998,0.24691358024691357,0.3579612133218775,0.16166666666666665,0.1100266933600267,0.2502502502502502,0.25166666666666665,0.1701701701701702,0.36703370036703364,-2.040595096413238,-2.270985113253437
2023-11-23,bb7,0.751,0.985,0.24691358024691357,-0.1681215056796575,0.18466666666666667,0.1100266933600267,0.2502502502502502,0.24866666666666667,0.17350684017350684,0.36711711711711703,-2.0106968679201365,-2.2327231420793177
2023-11-24,bb7,0.736,0.987,0.24691358024691357,-0.46493708275916745,0.18733333333333335,0.11011011011011011,0.2535869202535869,0.27499999999999997,0.17350684017350684,0.36711711711711703,-2.0270292930853953,-2.2590867375018893
2023-11-28,student,0.746,0.984,0.24691358024691357,1.095944486568885,0.205,0.11011011011011011,0.2535869202535869,0.31033333333333335,0.1734234234234234,0.36711711711711703,-2.0299751587584436,-2.2683966038103063
2023-11-29,bb7,0.983,0.998,0.24691358024691357,1.1449333331165925,0.18133333333333335,0.11011011011011011,0.2535869202535869,0.26166666666666666,0.1701701701701702,0.3670337003670337,-1.969256147950278,-2.195469479044943
2023-11-30,bb7,0.734,0.981,0.24691358024691357,-0.253732882296745,0.17666666666666667,0.11011011011011011,0.2535869202535869,0.2826666666666667,0.17350684017350684,0.3703703703703703,-2.0064716033577996,-2.244158063347946
2023-12-01,bb7,0.984,0.998,0.24691358024691357,0.40244020331376246,0.19166666666666668,0.11011011011011011,0.2535869202535869,0.2846666666666667,0.1701701701701702,0.36711711711711703,-1.9970499944518834,-2.2204439045998634
2023-12-04,bb7,0.984,0.997,0.24691358024691357,1.5698652608458423,0.18466666666666667,0.11011011011011011,0.2503336670003336,0.2623333333333333,0.17350684017350684,0.3670337003670337,-1.9013719792871744,-2.1116153101191784
2023-12-05,bb7,0.982,0.997,0.24691358024691357,0.12545581020621244,0.15933333333333333,0.11011011011011011,0.2502502502502502,0.251,0.17350684017350684,0.3670337003670337,-1.9557180849682045,-2.181632040809822
2023-12-06,bb7,0.984,0.998,0.24691358024691357,0.8701570422956975,0.17500000000000002,0.11011011011011011,0.2502502502502502,0.26433333333333336,0.1701701701701702,0.3670337003670337,-1.995473601174731,-2.2462850767921108
2023-12-07,bb7,0.978,0.997,0.24691358024691357,-0.512642731144665,0.19433333333333333,0.11011011011011011,0.2502502502502502,0.28833333333333333,0.1701701701701702,0.3670337003670337,-2.055103096756398,-2.298880208254656
2023-12-08,bb7,0.976,0.998,0.24691358024691357,0.30948953103993,0.18366666666666667,0.11011011011011011,0.2502502502502502,0.286,0.1701701701701702,0.3670337003670337,-2.0068913604171925,-2.2599773950898805
2023-12-11,bb7,0.749,0.988,0.24691358024691357,-0.00822368072604493,0.19033333333333333,0.11011011011011011,0.2502502502502502,0.289,0.17342342342342343,0.3670337003670337,-2.0420645781401605,-2.3113624136869695
2023-12-12,bb7,0.746,0.988,0.24691358024691357,-0.482373242933855,0.16233333333333333,0.11011011011011011,0.2502502502502502,0.25566666666666665,0.17350684017350684,0.36711711711711703,-1.9281168895667078,-2.1593786189359485
2023-12-13,bb7,0.736,0.988,0.24691358024691357,0.10178006816340496,0.16066666666666665,0.11011011011011011,0.2502502502502502,0.23199999999999998,0.17350684017350684,0.36711711711711703,-1.8384641752748239,-2.058617423657371
2023-12-14,bb7,0.982,0.998,0.24691358024691357,1.0668919167911974,0.18300000000000002,0.10677344010677343,0.2502502502502502,0.266,0.1701701701701702,0.36703370036703364,-1.9656955019978022,-2.2008725796215396
2023-12-15,bb7,0.984,0.998,0.24691358024691357,2.71724128878144,0.162,0.1100266933600267,0.2502502502502502,0.25266666666666665,0.1701701701701702,0.36703370036703364,-2.018722870826242,-2.2718823736311498
2023-12-18,bb7,0.985,0.998,0.24691358024691357,-0.14401742410671498,0.17766666666666667,0.11011011011011011,0.2502502502502502,0.26166666666666666,0.1701701701701702,0.36711711711711703,-2.2336156523861534,-2.483637292288005
2023-12-19,bb7,0.984,0.999,0.24691358024691357,0.3516018239052526,0.17266666666666666,0.11011011011011011,0.2502502502502502,0.265,0.1701701701701702,0.3703703703703703,-2.187389837306933,-2.4469131507977213
2023-12-20,bb7,0.983,0.999,0.24691358024691357,-1.9449152704076749,0.18233333333333335,0.11011011011011011,0.2502502502502502,0.27266666666666667,0.1701701701701702,0.3703703703703703,-2.131705336980891,-2.3768061028987506
2023-12-21,bb7,0.984,0.998,0.2502502502502502,0.3638235486413275,0.18033333333333332,0.11011011011011011,0.2502502502502502,0.275,0.1701701701701702,0.36711711711711703,-2.2632286962140555,-2.5200739869859436
2023-12-22,bb7,0.98,0.998,0.2502502502502502,0.9319269972144901,0.18166666666666667,0.11011011011011011,0.2502502502502502,0.2786666666666667,0.17350684017350684,0.3703703703703703,-2.2936115342897585,-2.539800822786895
2023-12-26,bb7,0.985,0.999,0.2502502502502502,-0.3436259669172925,0.16133333333333333,0.11011011011011011,0.2502502502502502,0.25633333333333336,0.1734234234234234,0.36711711711711703,-2.2057414590489732,-2.484673099579233
2023-12-27,bb7,0.985,0.998,0.2502502502502502,1.7378680094420549,0.18333333333333335,0.11011011011011011,0.2502502502502502,0.263,0.1734234234234234,0.36711711711711703,-2.172501560546378,-2.4270939819637203
2023-12-28,bb7,0.728,0.993,0.2502502502502502,0.7166099043262326,0.17766666666666667,0.11011011011011011,0.2502502502502502,0.2813333333333333,0.17350684017350684,0.3704537871204536,-2.147670082929119,-2.3943300898164743
2023-12-29,bb7,0.988,0.999,0.2502502502502502,0.45438320767488993,0.169,0.11011011011011011,0.2502502502502502,0.256,0.17350684017350684,0.36711711711711703,-2.1234667699022785,-2.3586736619729556
2024-01-01,bb7,0.994,0.998,0.2502502502502502,0.361839033855705,0.17033333333333334,0.11011011011011011,0.2502502502502502,0.26133333333333336,0.17350684017350684,0.3703703703703703,-2.154153120218715,-2.4213723832203904
2024-01-02,bb7,0.993,0.998,0.2502502502502502,-0.9342833120302001,0.167,0.11011011011011011,0.2502502502502502,0.261,0.17350684017350684,0.3703703703703704,-2.072428115983313,-2.3375584274215653
2024-01-03,bb7,0.988,0.998,0.2502502502502502,-0.7418269916106576,0.17500000000000002,0.11011011011011011,0.2502502502502502,0.27266666666666667,0.17350684017350684,0.3703703703703704,-2.1157384737669647,-2.3579624397370935
2024-01-04,bb7,0.992,0.998,0.2502502502502502,0.6694972603890575,0.16133333333333333,0.11011011011011011,0.2502502502502502,0.253,0.17350684017350684,0.36711711711711703,-2.192706408286033,-2.4689448511563543
2024-01-05,bb7,0.992,0.998,0.2502502502502502,0.40731839137885245,0.16666666666666666,0.11011011011011011,0.2502502502502502,0.261,0.17350684017350684,0.36711711711711703,-2.1559442691625037,-2.4175875157917415
2024-01-08,bb7,0.742,0.982,0.2502502502502502,-1.209263223606255,0.16333333333333333,0.11011011011011011,0.2502502502502502,0.2383333333333333,0.17350684017350684,0.37370704037370706,-2.090340704298549,-2.303221669435534
2024-01-09,bb7,0.988,0.998,0.2502502502502502,0.39386859618565495,0.17533333333333334,0.11011011011011011,0.2502502502502502,0.258,0.17350684017350684,0.36711711711711703,-2.148550625113771,-2.401071399940771
2024-01-10,bb7,0.985,0.998,0.2435769102435769,-0.054332734906295005,0.17400000000000002,0.11011011011011011,0.2502502502502502,0.25533333333333336,0.17350684017350684,0.37045378712045374,-2.124841121011747,-2.3700894528299603
2024-01-11,bb7,0.985,0.998,0.2435769102435769,-0.6699336793402675,0.17066666666666666,0.11011011011011011,0.2502502502502502,0.26733333333333337,0.17350684017350684,0.3703703703703703,-2.029371567020124,-2.259130020297186
2024-01-12,bb7,0.985,0.999,0.2435769102435769,2.5444140980207974,0.16433333333333333,0.11011011011011011,0.2502502502502502,0.242,0.17350684017350684,0.3703703703703704,-2.056206960044254,-2.2900301152036215
2024-01-15,bb7,0.678,0.975,0.2435769102435769,1.0203622968101298,0.19033333333333333,0.11011011011011011,0.2502502502502502,0.27999999999999997,0.17350684017350684,0.37370704037370706,-2.4900067902423753,-2.7581131089350093
2024-01-16,bb7,0.695,0.975,0.2535869202535869,-0.2819183256669975,0.17333333333333334,0.11011011011011011,0.2502502502502502,0.27099999999999996,0.17350684017350684,0.37370704037370706,-2.3747853908409224,-2.640247719531576
2024-01-17,bb7,0.69,0.978,0.2569235902569236,-0.7691597536846425,0.16633333333333333,0.11011011011011011,0.2502502502502502,0.265,0.17350684017350684,0.37370704037370706,-2.2889127875286968,-2.5362307855061084
2024-01-18,bb7,0.686,0.982,0.24691358024691357,0.3979677630877225,0.17333333333333334,0.11011011011011011,0.2502502502502502,0.2753333333333333,0.1768435101768435,0.37370704037370706,-2.224569895964655,-2.5149299844273756
2024-01-19,bb7,0.678,0.983,0.24691358024691357,0.536607234750425,0.17566666666666667,0.11011011011011011,0.2502502502502502,0.27366666666666667,0.17350684017350684,0.37370704037370706,-2.1492003127546733,-2.4014668665850802
2024-01-23,bb7,0.676,0.984,0.24691358024691357,-3.8103254827310824,0.18600000000000003,0.11011011011011011,0.2502502502502502,0.2816666666666667,0.17676009342676008,0.37370704037370706,-2.1380337684778024,-2.3997298872124766
2024-01-24,bb7,0.681,0.984,0.2535869202535869,2.0510281969598174,0.17033333333333334,0.11011011011011011,0.2502502502502502,0.255,0.17350684017350684,0.37370704037370706,-2.731660379781739,-3.0517925139573543
2024-01-25,bb7,0.681,0.985,0.2569235902569236,-0.4273935159953125,0.18066666666666667,0.11011011011011011,0.2502502502502502,0.28733333333333333,0.17350684017350684,0.37370704037370706,-2.8104587576046725,-3.1497813512661197
2024-01-29,bb7,0.679,0.984,0.2569235902569236,1.2719057776848175,0.165,0.11011011011011011,0.2502502502502503,0.26966666666666667,0.1767600934267601,0.3737904571237904,-2.5557121137599044,-2.876507516336045
2024-01-30,bb7,0.682,0.984,0.2569235902569236,0.7445810756073725,0.17866666666666667,0.11011011011011011,0.2502502502502503,0.26766666666666666,0.17350684017350684,0.3770437103770437,-2.5761847762607686,-2.899432308117692
2024-01-31,bb7,0.686,0.982,0.2602602602602602,1.6441871211542476,0.17633333333333334,0.11011011011011011,0.2502502502502502,0.268,0.1767600934267601,0.3770437103770437,-2.502269813125163,-2.8111295671500565
2024-02-01,bb7,0.66,0.974,0.26359693026359693,-0.022387485661880008,0.17966666666666667,0.11011011011011011,0.2502502502502502,0.26599999999999996,0.17684351017684352,0.3770437103770437,-2.406470451520243,-2.7036002031376536
2024-02-02,bb7,0.323,0.731,0.26359693026359693,0.4127918520932925,0.18200000000000002,0.11011011011011011,0.25033366700033355,0.27366666666666667,0.18009676343009678,0.3770437103770437,-2.356263733788546,-2.64140052310611
2024-02-05,bb7,0.307,0.716,0.2602602602602602,0.6411063657817448,0.15166666666666664,0.11011011011011011,0.2502502502502502,0.24066666666666667,0.1801801801801802,0.3770437103770437,-2.2240521340108517,-2.4917727840100867
2024-02-06,bb7,0.342,0.728,0.2602602602602602,1.3128337275381377,0.18666666666666668,0.11011011011011011,0.2502502502502502,0.2733333333333334,0.17684351017684352,0.3770437103770437,-2.2784091121932715,-2.561647220424652
2024-02-07,bb7,0.338,0.734,0.2602602602602602,0.25894899302609753,0.167,0.11011011011011011,0.2502502502502502,0.24666666666666667,0.1801801801801802,0.3770437103770437,-2.2948447737151976,-2.552436026399668
2024-02-08,bb7,0.357,0.749,0.2602602602602602,0.5171196884910074,0.18300000000000002,0.11011011011011011,0.2502502502502502,0.29633333333333334,0.17684351017684352,0.3770437103770437,-2.448775640472132,-2.795360121875792
2024-02-09,bb7,0.343,0.749,0.2602602602602602,0.38409041460270255,0.16066666666666665,0.11011011011011011,0.25033366700033355,0.248,0.17684351017684352,0.3770437103770437,-2.3591354935242848,-2.6337490119685754
2024-02-12,bb7,0.364,0.745,0.27027027027027023,-0.9381647975756251,0.17633333333333334,0.11011011011011011,0.2502502502502503,0.2796666666666667,0.17676009342676008,0.3770437103770437,-2.426838405705556,-2.7436474361267766
2024-02-13,bb7,0.373,0.748,0.27027027027027023,0.21949241552504,0.19633333333333333,0.1100266933600267,0.2502502502502502,0.3076666666666667,0.17350684017350684,0.3770437103770437,-2.4576606157316454,-2.7705268600889092
2024-02-14,bb7,0.728,0.983,0.2669336002669336,1.0032634113661847,0.16533333333333333,0.10677344010677343,0.2469135802469136,0.25333333333333335,0.17350684017350684,0.37370704037370706,-2.3192614032829884,-2.590528264959169
2024-02-15,bb7,0.577,0.844,0.27027027027027023,0.4295156791657226,0.17266666666666666,0.10677344010677343,0.24691358024691357,0.2703333333333333,0.17350684017350684,0.3770437103770437,-2.376563748668793,-2.6949228918512524
2024-02-16,bb7,0.391,0.743,0.27027027027027023,0.8872713162871875,0.18433333333333335,0.10677344010677343,0.24691358024691357,0.26866666666666666,0.17350684017350684,0.3770437103770437,-2.354409771993516,-2.632749123193178
2024-02-19,bb7,0.436,0.736,0.27360694027360694,0.08695202605715996,0.156,0.1100266933600267,0.24691358024691357,0.24366666666666667,0.17350684017350684,0.3770437103770437,-2.3256515393749706,-2.5825936754907945
2024-02-20,bb7,0.619,0.802,0.27360694027360694,-0.17743326644290752,0.18766666666666668,0.10677344010677343,0.2469135802469136,0.2776666666666667,0.17350684017350684,0.37370704037370706,-2.315427482104545,-2.6126694687197447
2024-02-21,bb7,0.618,0.828,0.27360694027360694,-0.18461343008786252,0.15933333333333335,0.10677344010677343,0.2469135802469136,0.23866666666666667,0.17350684017350684,0.37370704037370706,-2.215633475617067,-2.458089931990765
2024-02-22,bb7,0.444,0.78,0.27027027027027023,0.3098605240617475,0.19233333333333333,0.10677344010677343,0.2469135802469136,0.282,0.17350684017350684,0.3737904571237904,-2.3288993380946077,-2.6293895065910933
2024-02-23,bb7,0.407,0.765,0.2569235902569236,-0.092483742476375,0.15966666666666665,0.10677344010677343,0.2469135802469136,0.261,0.17350684017350684,0.37045378712045374,-2.1354955527975346,-2.4226098994406713
2024-02-26,bb7,0.418,0.767,0.2569235902569236,-0.16140139395015252,0.18700000000000003,0.1100266933600267,0.2502502502502502,0.2826666666666667,0.17350684017350684,0.37370704037370706,-2.238072793978999,-2.505724125210201
2024-02-27,bb7,0.631,0.859,0.2569235902569236,0.44068849794286746,0.18499999999999997,0.10677344010677343,0.24699699699699693,0.2823333333333333,0.17350684017350684,0.37045378712045374,-2.1420375744018356,-2.4146751628943317
2024-02-28,bb7,0.588,0.813,0.2502502502502502,-0.08427414666302252,0.16466666666666666,0.10677344010677343,0.24691358024691357,0.25966666666666666,0.17342342342342343,0.3703703703703704,-2.100856564593861,-2.3556857491553362
2024-02-29,student,0.613,0.829,0.24024024024024024,-0.07391053924440998,0.19333333333333336,0.10677344010677343,0.24691358024691357,0.2926666666666667,0.17342342342342343,0.3703703703703704,-2.0996428231616373,-2.3631821920873937
2024-03-01,bb7,0.615,0.827,0.23023023023023023,1.083941739278465,0.18000000000000002,0.10677344010677343,0.24691358024691357,0.27699999999999997,0.1701701701701702,0.3703703703703703,-2.068643774420698,-2.312462116034381
2024-03-04,bb7,0.624,0.825,0.22689356022689355,0.20498113691189504,0.166,0.10677344010677343,0.24691358024691357,0.26566666666666666,0.16683350016683351,0.3637804471137804,-2.088077339004452,-2.3509188193663877
2024-03-05,student,0.65,0.844,0.22022022022022023,0.5431314842631499,0.18633333333333332,0.10677344010677343,0.24691358024691357,0.28633333333333333,0.16683350016683351,0.36369703036369705,-2.1017708627448983,-2.3365867777367075
2024-03-06,bb7,0.668,0.85,0.22689356022689355,0.0754798591164276,0.153,0.10677344010677343,0.2435769102435769,0.23666666666666666,0.16683350016683351,0.36044377711044373,-2.0588339068343124,-2.3061632288162306
2024-03-07,student,0.984,0.999,0.22355689022355688,0.8357653612942025,0.17566666666666667,0.10677344010677343,0.2435769102435769,0.2783333333333334,0.16683350016683351,0.3603603603603604,-2.106140208171365,-2.379227331228383
2024-03-11,bb7,0.626,0.842,0.24024024024024024,-1.2878591622015252,0.18433333333333332,0.10677344010677343,0.24691358024691357,0.29,0.16683350016683351,0.36044377711044373,-2.10438485528591,-2.3604000646179357
2024-03-12,bb7,0.632,0.847,0.24024024024024024,-0.6682967763650475,0.171,0.10677344010677343,0.24699699699699693,0.25466666666666665,0.16683350016683351,0.36044377711044373,-2.06858267854962,-2.299774097932049
2024-03-13,bb7,0.625,0.83,0.24024024024024024,-2.2241653177027176,0.17766666666666667,0.10677344010677343,0.2435769102435769,0.26733333333333337,0.16683350016683351,0.3603603603603604,-2.1147087664276105,-2.36967532045588
2024-03-14,bb7,0.988,1.0,0.23356690023356688,0.5297618251773151,0.17133333333333334,0.10343677010343677,0.2435769102435769,0.2743333333333333,0.17008675342008672,0.3637804471137804,-2.1860159046392127,-2.45684952902163
2024-03-15,bb7,0.994,1.0,0.23023023023023023,-1.250407639931395,0.18666666666666668,0.10343677010343677,0.2435769102435769,0.2783333333333333,0.16683350016683351,0.363697030363697,-2.220900197179354,-2.5058364371164963
2024-03-18,bb7,0.994,1.0,0.2435769102435769,-0.1232453666284199,0.17466666666666666,0.10343677010343677,0.24691358024691357,0.27166666666666667,0.16683350016683351,0.363697030363697,-2.2319243205475128,-2.5212523456017135
2024-03-19,bb7,0.994,1.0,0.2435769102435769,-1.6389395509191975,0.15866666666666665,0.10343677010343677,0.24024024024024024,0.253,0.16683350016683351,0.363697030363697,-2.1373345094774634,-2.4257278571265437
2024-03-20,student,0.987,1.0,0.24024024024024024,-0.41086223976540753,0.20166666666666666,0.10343677010343677,0.24024024024024024,0.299,0.16683350016683351,0.36369703036369705,-2.262608180472838,-2.5438435269799218
2024-03-21,bb7,0.987,1.0,0.2435769102435769,0.9139500171622901,0.15966666666666665,0.10343677010343677,0.24032365699032357,0.2533333333333333,0.16675008341675007,0.3603603603603603,-2.102390561498493,-2.3453060044192844
2024-03-22,bb7,0.986,1.0,0.24024024024024024,-0.12697114009204996,0.18300000000000002,0.10343677010343677,0.24024024024024024,0.2803333333333333,0.1667500834167501,0.3570236903570237,-2.2123663180163877,-2.488273780248763
2024-03-26,bb7,0.983,1.0,0.23023023023023023,-0.5147723094770925,0.15866666666666665,0.10343677010343677,0.23690357023690356,0.24733333333333332,0.16349683016349684,0.3537704371037704,-2.167638997760919,-2.3967290600308186
2024-03-27,bb7,0.983,1.0,0.22689356022689355,-0.57237858634518,0.16933333333333334,0.10343677010343677,0.23690357023690356,0.25433333333333336,0.1634134134134134,0.35368702035368704,-2.1251629512832326,-2.3602761913980603
2024-03-28,bb7,0.986,1.0,0.22022022022022023,1.51180602365732,0.17500000000000002,0.10343677010343677,0.23690357023690356,0.252,0.16016016016016016,0.3504337671004337,-2.12111751926031,-2.344920894316805
2024-04-01,student,0.987,1.0,0.22022022022022023,0.3764517681157225,0.17766666666666667,0.10343677010343677,0.23690357023690356,0.2856666666666667,0.1634134134134134,0.3504337671004337,-2.2003432468738597,-2.473237575396993
2024-04-02,bb7,0.982,1.0,0.22689356022689355,0.3733336702399725,0.16633333333333333,0.10343677010343677,0.23690357023690356,0.25566666666666665,0.1634134134134134,0.3504337671004337,-2.065584091250971,-2.286030423070669
2024-04-03,bb7,0.986,1.0,0.22689356022689355,-0.0103330173315975,0.15933333333333333,0.1001001001001001,0.23690357023690356,0.25333333333333335,0.16016016016016016,0.3504337671004337,-2.039104303313472,-2.263385153243932
2024-04-04,bb7,0.986,1.0,0.22689356022689355,-0.22410320379246748,0.18800000000000003,0.1001001001001001,0.23690357023690356,0.27266666666666667,0.1634134134134134,0.3504337671004337,-2.1020744309607373,-2.3528955822342246
2024-04-05,bb7,0.973,1.0,0.1901901901901902,-0.03871654689105247,0.162,0.1001001001001001,0.23690357023690356,0.236,0.16016016016016016,0.3503503503503503,-1.9657559427777755,-2.1633376560610613
2024-04-08,student,0.979,0.998,0.1801801801801802,0.24819989309751753,0.16666666666666666,0.1001001001001001,0.23356690023356688,0.24533333333333332,0.16016016016016016,0.3503503503503503,-1.9110230335068426,-2.105819242549353
2024-04-09,student,0.693,0.888,0.18351685018351685,0.002447743459324969,0.17433333333333334,0.1001001001001001,0.23690357023690356,0.256,0.16016016016016016,0.347097097097097,-1.9501066512820127,-2.1632880343321808
2024-04-10,student,0.685,0.887,0.18351685018351685,0.7679272921353351,0.156,0.1001001001001001,0.23690357023690356,0.24833333333333332,0.16016016016016016,0.347097097097097,-1.914821822938553,-2.1344238046488733
2024-04-12,bb7,0.982,0.999,0.1901901901901902,-0.976310989012795,0.14,0.1001001001001001,0.23356690023356688,0.23399999999999999,0.16016016016016016,0.3470136803470137,-1.8835242700903043,-2.0924849346335677
2024-04-15,student,0.983,0.999,0.1901901901901902,-1.4902084709190626,0.15333333333333332,0.1001001001001001,0.23356690023356688,0.23933333333333331,0.16016016016016016,0.347097097097097,-1.9819992763981344,-2.1923021594614007
2024-04-16,student,0.99,0.998,0.18351685018351685,-0.971390939028315,0.15066666666666664,0.1001001001001001,0.23356690023356688,0.22799999999999998,0.16016016016016016,0.3503503503503503,-1.9446538823443889,-2.1370002578261804
2024-04-18,student,0.681,0.928,0.18351685018351685,-0.7595407658384,0.1506666666666667,0.1001001001001001,0.23356690023356688,0.22199999999999998,0.16007674341007674,0.3470136803470137,-2.313863400476958,-2.533033876765452
2024-04-19,student,0.684,0.926,0.1901901901901902,0.025893833100179953,0.16133333333333333,0.1001001001001001,0.23356690023356688,0.24666666666666667,0.16007674341007674,0.34367701034367704,-2.019452376521274,-2.2470387559353315
2024-04-22,student,0.992,0.998,0.1901901901901902,1.2718469168107074,0.17266666666666666,0.09676343009676343,0.23023023023023023,0.27166666666666667,0.16007674341007672,0.343677010343677,-1.9799205632078434,-2.2064701121012904
2024-04-23,student,0.693,0.923,0.1901901901901902,0.964556459534055,0.164,0.09676343009676343,0.23023023023023023,0.24033333333333332,0.16016016016016016,0.3470136803470137,-1.9037156561147266,-2.124597950901909
2024-04-24,student,0.685,0.914,0.19352686019352686,-0.10330899121745751,0.16133333333333333,0.1001001001001001,0.23356690023356688,0.242,0.16016016016016016,0.3503503503503504,-1.8838450346061824,-2.1006532991962565
2024-04-25,student,0.688,0.92,0.19352686019352686,1.2965707065294674,0.15566666666666668,0.10001668335001669,0.23031364698031356,0.26166666666666666,0.16016016016016016,0.3503503503503504,-1.9456220464307217,-2.177580783846689
2024-04-26,student,0.683,0.924,0.1901901901901902,-0.631890405393955,0.16833333333333333,0.1001001001001001,0.23356690023356688,0.24533333333333332,0.16016016016016016,0.34367701034367704,-1.9161252200810048,-2.130694666754928
2024-04-29,student,0.478,0.792,0.19352686019352686,0.9189202939218275,0.156,0.1001001001001001,0.23356690023356688,0.2373333333333333,0.1634134134134134,0.347097097097097,-1.938488204495055,-2.1452810509911915
2024-04-30,student,0.992,0.998,0.19352686019352686,-0.02569063447597251,0.15333333333333332,0.10001668335001669,0.23356690023356688,0.24233333333333332,0.16016016016016016,0.34367701034367704,-1.950646491703271,-2.1582858784690244
2024-05-02,student,0.672,0.924,0.19352686019352686,0.44936144881840756,0.14666666666666667,0.1001001001001001,0.23356690023356688,0.2303333333333333,0.16349683016349684,0.34367701034367704,-1.9265241575737315,-2.135739881922807
2024-05-03,student,0.468,0.794,0.19352686019352686,-0.382018004254815,0.17766666666666667,0.1001001001001001,0.23356690023356688,0.255,0.16016016016016016,0.347097097097097,-2.009592328379471,-2.232288290752168
2024-05-06,bb7,0.686,0.934,0.19352686019352686,-0.04594280899122993,0.13866666666666666,0.09676343009676343,0.23031364698031356,0.22166666666666668,0.16332999666332998,0.343677010343677,-1.8810361684023973,-2.088508114345872
2024-05-07,student,0.991,0.999,0.19352686019352686,0.7187228273536728,0.15633333333333332,0.09676343009676343,0.23023023023023023,0.2303333333333333,0.15682349015682348,0.337087087087087,-1.9966932089417873,-2.2124500749478635
2024-05-08,student,0.991,1.0,0.1901901901901902,0.22035274255506504,0.165,0.09676343009676343,0.23023023023023023,0.24266666666666667,0.15682349015682348,0.337087087087087,-2.261324306563297,-2.5018869273914883
2024-05-09,student,0.673,0.913,0.19352686019352686,0.7701904301128475,0.15633333333333332,0.09676343009676343,0.23023023023023023,0.246,0.15682349015682348,0.3403403403403404,-2.208880671551852,-2.448402462444063
2024-05-10,student,0.686,0.92,0.19352686019352686,0.45661503344568,0.16566666666666666,0.09676343009676343,0.23023023023023023,0.25666666666666665,0.15682349015682348,0.3403403403403403,-2.2084896720595575,-2.4571691514352434
2024-05-13,student,0.992,1.0,0.19352686019352686,-2.4753872791490923,0.17200000000000001,0.09676343009676343,0.22689356022689355,0.268,0.15682349015682348,0.337087087087087,-2.2733666385122557,-2.5186266988578327
2024-05-14,bb7,0.684,0.93,0.1901901901901902,0.320841596104565,0.15733333333333333,0.09676343009676343,0.23023023023023023,0.235,0.15682349015682348,0.343677010343677,-2.2021822209008453,-2.4527805576660233
2024-05-15,student,0.708,0.929,0.18351685018351685,-0.7545586317116275,0.15433333333333332,0.09668001334668001,0.22689356022689355,0.23966666666666667,0.15015015015015015,0.33366700033366703,-2.0782800435857163,-2.310760288120324
2024-05-16,bb7,0.992,1.0,0.18351685018351685,0.248817517778375,0.144,0.09342676009342676,0.22355689022355688,0.21999999999999997,0.15015015015015015,0.33041374708041366,-2.021418262454299,-2.252265340378028
2024-05-17,bb7,0.694,0.928,0.18351685018351685,0.027458854468854987,0.146,0.09676343009676343,0.22689356022689355,0.22433333333333336,0.15015015015015015,0.333667000333667,-2.05192229278176,-2.2594024941235893
2024-05-21,student,0.993,1.0,0.17684351017684352,0.25534140700597496,0.15833333333333333,0.09342676009342676,0.22355689022355688,0.237,0.15015015015015015,0.33041374708041366,-2.078853058781218,-2.3051782904531692
2024-05-22,student,0.992,1.0,0.17350684017350684,0.9131211605394349,0.16833333333333333,0.09342676009342676,0.22355689022355688,0.261,0.15015015015015015,0.3303303303303303,-2.088305689704595,-2.326821633136109
2024-05-23,bb7,0.718,0.934,0.1801801801801802,1.2579881840507925,0.12066666666666666,0.09342676009342676,0.22689356022689355,0.19266666666666668,0.15015015015015015,0.33375041708375036,-1.931571134567916,-2.1306862229420895
2024-05-24,bb7,0.992,1.0,0.1801801801801802,-0.4179660422332475,0.145,0.09342676009342676,0.22355689022355688,0.22599999999999998,0.15015015015015015,0.33366700033366703,-1.9870932586046566,-2.2136686956292895
2024-05-27,bb7,0.995,1.0,0.1701701701701702,0.368922706357225,0.14400000000000002,0.09342676009342676,0.22689356022689355,0.20766666666666667,0.15015015015015015,0.33366700033366703,-1.9919793771361876,-2.2213687949339986
2024-05-28,student,0.995,1.0,0.17350684017350684,-0.31723705949247755,0.16766666666666666,0.09342676009342676,0.22689356022689355,0.24433333333333332,0.1534034034034034,0.33366700033366703,-1.9943019465397416,-2.2020161761273305
2024-05-29,student,0.995,1.0,0.17350684017350684,-0.8737063030430174,0.16466666666666668,0.09342676009342676,0.22689356022689355,0.23666666666666666,0.1534034034034034,0.33366700033366703,-1.9499130495554349,-2.172504095092226
2024-05-30,student,0.996,1.0,0.17350684017350684,-1.0700907157254824,0.168,0.09676343009676343,0.22689356022689355,0.24433333333333332,0.15015015015015015,0.33375041708375036,-2.0019290606883966,-2.2261681901793837
2024-05-31,student,0.997,1.0,0.17350684017350684,-0.13838990846079496,0.14566666666666664,0.09342676009342676,0.22689356022689355,0.21933333333333335,0.1534034034034034,0.3370036703370036,-2.0035157504790386,-2.2196371484843183
2024-06-03,student,0.997,1.0,0.17350684017350684,3.1715790108397677,0.171,0.09342676009342676,0.22689356022689355,0.261,0.15015015015015015,0.33708708708708696,-1.9670699627104098,-2.2043454366449513
2024-06-04,student,0.997,1.0,0.1701701701701702,-3.9153330587514077,0.15266666666666664,0.09342676009342676,0.22689356022689355,0.2213333333333333,0.15015015015015012,0.3403403403403403,-2.08962470295127,-2.318533651737507
2024-06-05,student,0.992,1.0,0.18351685018351685,2.8646110454356775,0.161,0.09676343009676343,0.22689356022689355,0.2343333333333333,0.15348682015348683,0.3403403403403403,-3.325788853986927,-3.6460269100343456
2024-06-06,bb7,0.992,1.0,0.18685352018685353,1.2790611425281677,0.13633333333333333,0.09676343009676343,0.22697697697697689,0.20999999999999996,0.15348682015348683,0.3403403403403403,-3.2651145621038657,-3.5797332443496725
2024-06-07,student,0.992,1.0,0.18685352018685353,2.5352149237843653,0.17300000000000001,0.09676343009676343,0.23023023023023023,0.24133333333333332,0.15348682015348683,0.3370036703370036,-3.4411109220774163,-3.708868844480229
2024-06-10,student,0.993,1.0,0.18685352018685353,-0.5038630947388926,0.163,0.09676343009676343,0.23023023023023023,0.23933333333333331,0.15348682015348683,0.3403403403403403,-3.3966885669750035,-3.683733806909902
2024-06-11,student,0.992,1.0,0.18685352018685353,0.33935554586642,0.156,0.09676343009676343,0.23023023023023023,0.24166666666666667,0.15348682015348683,0.3370036703370036,-3.418375064095383,-3.7547068899696043
2024-06-12,bb7,0.99,1.0,0.19352686019352686,-0.3023564050170551,0.16033333333333333,0.10001668335001669,0.23023023023023023,0.2346666666666667,0.1534034034034034,0.3370036703370036,-3.032290395881277,-3.3248383790522813
2024-06-13,student,0.992,1.0,0.1901901901901902,-0.19439413332990252,0.17366666666666664,0.10001668335001669,0.23023023023023023,0.26233333333333336,0.15015015015015015,0.33366700033366703,-2.9752418435030585,-3.2759326766873755
2024-06-14,student,0.997,1.0,0.1801801801801802,0.13183908892013996,0.14866666666666664,0.1001001001001001,0.23356690023356688,0.2303333333333333,0.15348682015348683,0.33375041708375036,-2.2610297476314702,-2.4829677853590266
2024-06-18,student,0.997,1.0,0.1801801801801802,0.200881246484265,0.16133333333333333,0.1001001001001001,0.23356690023356688,0.24633333333333332,0.1534034034034034,0.33375041708375036,-2.3269119046091733,-2.5749252183923117
2024-06-19,student,0.996,1.0,0.18685352018685353,-0.06833705721528499,0.15833333333333333,0.10001668335001669,0.23356690023356688,0.24266666666666667,0.15348682015348683,0.33366700033366703,-2.312213845663201,-2.5566437538250018
2024-06-20,student,0.993,1.0,0.18685352018685353,0.08416353526372752,0.18600000000000003,0.09676343009676343,0.23356690023356688,0.26066666666666666,0.15348682015348683,0.33366700033366703,-2.304036442953435,-2.5482004851006947
2024-06-21,bb7,0.993,1.0,0.18685352018685353,-0.7772663011079926,0.16433333333333333,0.09676343009676343,0.2336503169836502,0.23266666666666666,0.15348682015348683,0.33366700033366703,-2.220725820990384,-2.4372661041009156
2024-06-24,student,0.993,1.0,0.18685352018685353,-0.2869895441291475,0.17,0.09676343009676343,0.23356690023356688,0.25466666666666665,0.15015015015015015,0.33366700033366703,-2.21735628719929,-2.467721627656808
2024-06-25,bb7,0.994,1.0,0.18351685018351685,0.343908367488345,0.14633333333333334,0.09676343009676343,0.23031364698031356,0.20800000000000005,0.15015015015015015,0.33366700033366703,-2.20228433476655,-2.4209279881482764
2024-06-26,student,0.994,1.0,0.18351685018351685,0.12633106798416,0.161,0.09676343009676343,0.23356690023356688,0.24433333333333332,0.1534034034034034,0.333667000333667,-2.2186223170213926,-2.47071188313217
2024-06-27,student,0.995,1.0,0.18351685018351685,1.1791896304221499,0.171,0.09676343009676343,0.23031364698031356,0.24166666666666667,0.15340340340340342,0.333667000333667,-2.236668977605855,-2.485496391483209
2024-06-28,student,0.993,0.903,0.18685352018685353,0.601381012784575,0.15366666666666665,0.09676343009676343,0.23023023023023023,0.23833333333333337,0.15674007340674007,0.33366700033366703,-2.193434285941878,-2.414697392332846
2024-07-01,bb7,0.995,0.915,0.18351685018351685,0.80453173006629,0.14466666666666664,0.10001668335001669,0.23023023023023023,0.213,0.15674007340674007,0.33366700033366703,-2.0606341530073906,-2.2808660445278215
2024-07-02,student,0.995,0.91,0.18351685018351685,-0.7256973633279176,0.161,0.09668001334668001,0.22689356022689355,0.241,0.16007674341007672,0.3338338338338337,-2.1497165691163156,-2.387399642332559
2024-07-03,student,0.993,0.891,0.1801801801801802,0.619764730249115,0.16766666666666666,0.09668001334668001,0.22689356022689355,0.252,0.15015015015015015,0.3237404070737403,-2.2656480402001824,-2.542403030267623
2024-07-04,bb7,0.993,0.9,0.17684351017684352,0.7627020801986726,0.14466666666666664,0.09342676009342676,0.22689356022689355,0.22,0.15015015015015015,0.3237404070737403,-2.181021946917885,-2.4155399756025484
2024-07-05,bb7,0.993,0.907,0.1801801801801802,0.9452797429341876,0.15133333333333332,0.09342676009342676,0.2236403069736402,0.22566666666666665,0.16016016016016016,0.33375041708375036,-2.1641757978937437,-2.4237265537782355
2024-07-08,student,0.995,0.928,0.18351685018351685,0.7277665300912926,0.165,0.09342676009342676,0.22689356022689355,0.244,0.16007674341007672,0.3370036703370037,-2.2817460024565284,-2.562132453930988
2024-07-09,student,0.993,0.926,0.18685352018685353,0.41425874680429003,0.15766666666666665,0.09668001334668001,0.22689356022689355,0.24166666666666667,0.16007674341007672,0.33375041708375036,-2.1722380075292946,-2.447455357139273
2024-07-10,student,0.993,0.928,0.18685352018685353,-0.5329089436716501,0.17200000000000001,0.09342676009342676,0.22689356022689355,0.26,0.15682349015682348,0.3370036703370037,-2.2236229821628966,-2.5067862085426302
2024-07-11,student,0.993,0.929,0.18351685018351685,0.6553345843781826,0.17433333333333334,0.09668001334668001,0.22689356022689355,0.261,0.15682349015682348,0.33375041708375036,-2.274132094064849,-2.5495620751577954
2024-07-12,student,0.994,0.937,0.18351685018351685,0.9937377945316499,0.162,0.09668001334668001,0.22689356022689355,0.246,0.16007674341007672,0.3370036703370037,-2.0932839089939934,-2.348878658625121
2024-07-15,bb7,0.994,0.937,0.18351685018351685,0.7230614342753425,0.13733333333333334,0.09342676009342676,0.22689356022689355,0.219,0.16016016016016013,0.3370036703370037,-2.163919352056672,-2.4129192733039453
2024-07-16,student,0.993,0.935,0.18351685018351685,0.8195145328504474,0.15566666666666665,0.09676343009676343,0.22697697697697689,0.24033333333333332,0.16016016016016016,0.337087087087087,-2.1811398760594174,-2.4282863215670423
2024-07-18,student,0.993,0.929,0.18351685018351685,1.3647015859516447,0.15633333333333335,0.09668001334668,0.22689356022689355,0.254,0.16016016016016013,0.33375041708375036,-2.1388283488581954,-2.4000516884830647
2024-07-19,student,0.993,0.931,0.18351685018351685,-0.5882484769578527,0.18533333333333335,0.09342676009342676,0.22689356022689355,0.26566666666666666,0.16016016016016013,0.33366700033366703,-2.260631618089943,-2.5266941899953492
2024-07-22,student,0.993,0.929,0.1801801801801802,0.29891034219128754,0.151,0.09342676009342676,0.22689356022689355,0.24966666666666668,0.15682349015682348,0.33366700033366703,-2.1707269148160235,-2.442103949694295
2024-07-23,student,0.993,0.93,0.1801801801801802,0.2350555564975525,0.14566666666666667,0.09342676009342676,0.22689356022689355,0.23399999999999999,0.15682349015682348,0.33366700033366703,-2.1315488916134693,-2.3839102910160945
2024-07-24,student,0.993,0.925,0.1801801801801802,-0.19837492947801239,0.15733333333333335,0.09676343009676343,0.22689356022689355,0.25066666666666665,0.15674007340674007,0.33375041708375036,-2.18071085646709,-2.4351114136884253
2024-07-25,bb7,0.993,0.92,0.18351685018351685,1.1750763100016375,0.14633333333333334,0.09342676009342676,0.22689356022689355,0.22166666666666668,0.15674007340674007,0.33366700033366703,-2.079689435391203,-2.3128624348383924
2024-07-26,student,0.993,0.914,0.18351685018351685,1.7919464595149375,0.158,0.09342676009342676,0.22689356022689355,0.2353333333333333,0.15674007340674007,0.33366700033366703,-2.1721577786582866,-2.400433378773331
2024-07-29,student,0.993,0.901,0.18351685018351685,0.292004759016115,0.16133333333333333,0.09342676009342676,0.22030363697030356,0.24266666666666667,0.15674007340674007,0.333667000333667,-2.2603601256906267,-2.5296987480658983
2024-07-30,student,0.689,0.642,0.17684351017684352,0.7561602065257924,0.15733333333333333,0.09342676009342676,0.22689356022689355,0.24633333333333332,0.15682349015682348,0.33375041708375036,-2.1923727398173067,-2.446821523556555
2024-07-31,student,0.993,0.913,0.18351685018351685,-0.11039672440954,0.15433333333333335,0.09342676009342676,0.22689356022689355,0.242,0.15674007340674007,0.333667000333667,-2.1693790050429733,-2.399548294325575
2024-08-01,student,0.993,0.923,0.18351685018351685,-0.6661528678722624,0.15866666666666665,0.09342676009342676,0.22689356022689355,0.226,0.15674007340674007,0.333667000333667,-2.04721887565536,-2.276175475812657
2024-08-02,student,0.993,0.919,0.18685352018685353,-2.13814904572688,0.148,0.09668001334668,0.22689356022689355,0.22999999999999998,0.15682349015682348,0.333667000333667,-2.098937781384171,-2.3286965606901844
2024-08-05,student,0.993,0.904,0.1801801801801802,-3.743461227409005,0.14933333333333335,0.09668001334668,0.22689356022689355,0.24,0.15682349015682348,0.33041374708041366,-2.2977340882365658,-2.5258225134598415
2024-08-06,student,0.992,0.877,0.18685352018685353,-0.1989363628390725,0.16066666666666665,0.09676343009676343,0.22689356022689355,0.249,0.15674007340674007,0.3303303303303303,-3.0873225769297976,-3.4144952686261054
2024-08-07,student,0.992,0.886,0.18685352018685353,1.1417793947110901,0.158,0.09676343009676343,0.22689356022689355,0.248,0.15682349015682348,0.3303303303303303,-2.588022123424296,-2.8915629027115624
2024-08-08,student,0.992,0.881,0.18685352018685353,-0.40576500724112496,0.15433333333333332,0.09676343009676343,0.22689356022689355,0.24733333333333332,0.15674007340674007,0.333667000333667,-2.4654001074433936,-2.768354846305615
2024-08-09,student,0.992,0.874,0.18685352018685353,1.6427079176457,0.16866666666666666,0.09676343009676343,0.22689356022689355,0.24433333333333337,0.15682349015682348,0.3303303303303303,-2.6187799678631034,-2.9137350402593065
2024-08-12,student,0.992,0.869,0.18685352018685353,0.21742361798857746,0.17300000000000001,0.09676343009676343,0.22689356022689355,0.25499999999999995,0.15682349015682348,0.3303303303303303,-2.38662881949497,-2.6700392021779686
2024-08-13,bb7,0.992,0.874,0.18685352018685353,-1.0661380641869476,0.145,0.09676343009676343,0.22689356022689355,0.22366666666666665,0.15682349015682348,0.3303303303303303,-2.2434364789649828,-2.4933083080457763
2024-08-14,bb7,0.992,0.87,0.18685352018685353,0.5597857918707875,0.1376666666666667,0.09676343009676343,0.22689356022689355,0.22699999999999998,0.15682349015682348,0.3303303303303303,-2.2985020442700392,-2.557119106686745
2024-08-16,bb7,0.992,0.865,0.18685352018685353,1.8391156533003898,0.16133333333333336,0.09676343009676343,0.22689356022689355,0.2283333333333333,0.15348682015348683,0.3303303303303303,-2.1586389572944507,-2.412508610789532
2024-08-19,bb7,0.992,0.848,0.18351685018351685,-0.1677375529437175,0.15233333333333332,0.09676343009676343,0.22689356022689355,0.22066666666666665,0.15674007340674007,0.33366700033366703,-2.271751410731328,-2.5028185481154495
2024-08-20,bb7,0.992,0.864,0.18685352018685353,0.359936962957915,0.15,0.09676343009676343,0.22689356022689355,0.22866666666666666,0.15674007340674007,0.333667000333667,-2.1638963457023825,-2.3959426959701706
2024-08-21,student,0.994,1.0,0.18685352018685353,0.18457827110098,0.1466666666666667,0.09676343009676343,0.22689356022689355,0.23866666666666667,0.15348682015348683,0.33041374708041366,-2.138307779732017,-2.379841281646926
2024-08-22,student,0.993,0.999,0.18685352018685353,-0.12877964307984247,0.15733333333333333,0.09676343009676343,0.22689356022689355,0.23933333333333331,0.15348682015348683,0.33041374708041366,-2.175236032888698,-2.43952002949499
2024-08-23,bb7,0.993,1.0,0.18351685018351685,0.19718774706738246,0.14033333333333334,0.09676343009676343,0.22689356022689355,0.224,0.15348682015348683,0.33041374708041366,-2.0720190578076516,-2.303357356274436
2024-08-26,student,0.994,1.0,0.18351685018351685,0.394420799362085,0.16666666666666666,0.09676343009676343,0.22689356022689355,0.25766666666666665,0.15348682015348683,0.33041374708041366,-2.229067676139718,-2.488382492576705
2024-08-27,bb7,0.991,0.874,0.18351685018351685,-0.49138992230352496,0.14633333333333334,0.09676343009676343,0.22689356022689355,0.23066666666666666,0.15682349015682348,0.33366700033366703,-2.081795360381159,-2.3103818868995676
2024-08-28,student,0.992,1.0,0.18351685018351685,0.2221867641855199,0.17800000000000002,0.09342676009342676,0.22689356022689355,0.252,0.15348682015348683,0.3303303303303303,-2.1175403840033344,-2.3664297346652967
2024-08-29,bb7,0.992,0.885,0.18685352018685353,1.343560430063305,0.16033333333333333,0.09676343009676343,0.22689356022689355,0.236,0.15674007340674007,0.33366700033366703,-2.085012831125635,-2.307441831131282
2024-08-30,bb7,0.992,0.89,0.18685352018685353,-0.12857982427241998,0.14833333333333332,0.09676343009676343,0.23023023023023023,0.222,0.15682349015682348,0.333667000333667,-2.1036558297711947,-2.325108142937013
2024-09-02,student,0.994,1.0,0.18685352018685353,0.1410916983025075,0.17133333333333334,0.09676343009676343,0.22689356022689355,0.24633333333333332,0.15674007340674007,0.33041374708041366,-2.1440430057340487,-2.3868045094677317
2024-09-03,bb7,0.994,1.0,0.18685352018685353,-0.343521371782165,0.15366666666666665,0.09676343009676343,0.22689356022689355,0.2263333333333333,0.15348682015348683,0.33041374708041366,-2.1012794971232625,-2.3375284232548985
2024-09-04,student,0.993,1.0,0.1901901901901902,-0.18694631116744992,0.15866666666666665,0.09676343009676343,0.22689356022689355,0.231,0.15348682015348683,0.33041374708041366,-2.1304089076787234,-2.3498045501404663
2024-09-05,bb7,0.991,1.0,0.19352686019352686,-0.07993304508807746,0.15433333333333335,0.09676343009676343,0.2236403069736402,0.23166666666666666,0.15348682015348683,0.33041374708041366,-2.1136548947747182,-2.336501740106207
2024-09-06,bb7,0.991,1.0,0.2002002002002002,-2.0031359151302577,0.14733333333333334,0.09342676009342676,0.2236403069736402,0.22199999999999998,0.15348682015348683,0.33041374708041366,-2.054736610934539,-2.2777987305868037
2024-09-09,student,0.993,1.0,0.19686353019686353,0.42513830434097,0.16666666666666666,0.09342676009342676,0.22355689022355688,0.25,0.15348682015348683,0.3303303303303303,-2.5489201204127183,-2.8409133111034754
2024-09-10,bb7,0.994,1.0,0.19352686019352686,-0.08843514362830499,0.14,0.09676343009676343,0.22689356022689355,0.23766666666666666,0.15348682015348683,0.33041374708041366,-2.3333722148774405,-2.614864125454478
2024-09-11,bb7,0.996,0.999,0.19352686019352686,-1.9121613893353624,0.15466666666666667,0.09668001334668,0.22689356022689355,0.24033333333333332,0.15348682015348683,0.3303303303303303,-2.3086235700871502,-2.5824277597696947
2024-09-12,bb7,0.996,1.0,0.19352686019352686,1.8339618988964275,0.15966666666666665,0.09676343009676343,0.23023023023023023,0.23266666666666666,0.15348682015348683,0.3303303303303303,-2.387511041152549,-2.654055082211674
2024-09-13,bb7,0.996,1.0,0.19352686019352686,-0.03204066749394499,0.16066666666666665,0.09676343009676343,0.22355689022355688,0.2303333333333333,0.15348682015348683,0.327077077077077,-2.3712014220351305,-2.602890138883009
2024-09-16,student,0.993,0.999,0.19352686019352686,-0.750244378842295,0.17600000000000002,0.09676343009676343,0.23023023023023023,0.25066666666666665,0.15348682015348683,0.3303303303303303,-2.3894024630788735,-2.653640885174678
2024-09-17,student,0.995,0.999,0.18685352018685353,-0.3417974630432975,0.16566666666666666,0.09676343009676343,0.22372372372372357,0.25366666666666665,0.15348682015348683,0.3303303303303303,-2.3164109722566355,-2.596807233930185
2024-09-18,student,0.996,0.999,0.18685352018685353,-0.7855482910308951,0.161,0.09676343009676343,0.22689356022689355,0.24366666666666667,0.15348682015348683,0.3303303303303303,-2.3188209226000414,-2.578780301783847
2024-09-19,student,0.995,0.999,0.1901901901901902,0.37706407595255254,0.17200000000000001,0.09676343009676343,0.23023023023023023,0.243,0.15348682015348683,0.33033033033033027,-2.556175069524643,-2.8063630778278674
2024-09-20,bb7,0.993,0.999,0.19352686019352686,0.5479309888130275,0.16833333333333333,0.09676343009676343,0.22697697697697689,0.24233333333333332,0.15348682015348683,0.327077077077077,-2.2529138693097623,-2.491401990727556
2024-09-23,bb7,0.994,0.999,0.1901901901901902,0.9625757260385049,0.15333333333333335,0.09342676009342676,0.22355689022355688,0.22566666666666665,0.15348682015348683,0.3269936603269937,-2.2214905532273588,-2.4486938387260846
2024-09-24,bb7,0.982,0.802,0.18351685018351685,-0.5953858007767251,0.165,0.09676343009676343,0.2236403069736402,0.22966666666666666,0.15348682015348683,0.3303303303303303,-2.322076305271624,-2.5819905916315373
2024-09-25,bb7,0.992,0.999,0.1901901901901902,-0.5717978610302725,0.165,0.09668001334668001,0.22689356022689355,0.23299999999999998,0.15015015015015012,0.3203203203203203,-2.1631194475209514,-2.379001372881462
2024-09-26,student,0.991,0.999,0.18685352018685353,1.4076259176676125,0.17166666666666666,0.09676343009676343,0.2236403069736402,0.25033333333333335,0.14681348014681347,0.3169836503169836,-2.2689162137270156,-2.508400151405545
2024-09-27,bb7,0.991,0.997,0.18685352018685353,-0.060217764525015,0.15,0.09676343009676343,0.22689356022689355,0.2103333333333333,0.1500667334000667,0.3169836503169836,-2.274436845681557,-2.5071056268467684
2024-09-30,bb7,0.991,0.997,0.18685352018685353,-1.4088769405072799,0.141,0.09342676009342676,0.2236403069736402,0.21166666666666667,0.14681348014681347,0.3203203203203203,-2.1826968275583387,-2.440628008901227
2024-10-01,student,0.991,0.996,0.18685352018685353,0.12854747771939004,0.17766666666666667,0.09676343009676343,0.22689356022689355,0.256,0.14681348014681347,0.32365699032365697,-2.4949684107176306,-2.7753801902367323
2024-10-03,bb7,0.991,0.996,0.1901901901901902,-1.5396545391311776,0.15633333333333335,0.09668001334668,0.22697697697697689,0.2273333333333333,0.14681348014681347,0.317067067067067,-2.277100123095223,-2.511711323364425
2024-10-04,bb7,0.989,0.997,0.19352686019352686,0.15247063930912502,0.17166666666666666,0.09668001334668,0.22689356022689355,0.24266666666666667,0.14681348014681347,0.32040373707040365,-2.6951130721625463,-2.9754316263289975
2024-10-07,bb7,0.989,0.996,0.19352686019352686,-0.8330094805904424,0.149,0.09342676009342676,0.2236403069736402,0.21966666666666665,0.14681348014681347,0.32040373707040365,-2.3817423587393014,-2.6269064776831814
2024-10-08,bb7,0.991,0.997,0.17684351017684352,0.184421910240805,0.14466666666666667,0.09342676009342676,0.22355689022355688,0.21166666666666667,0.1500667334000667,0.317067067067067,-2.4331918747158925,-2.679621412079798
2024-10-09,bb7,0.991,0.997,0.17684351017684352,0.6333575817575949,0.149,0.09342676009342676,0.22355689022355688,0.21,0.1500667334000667,0.317067067067067,-2.283097948252629,-2.52899271067248
2024-10-10,student,0.991,0.997,0.17684351017684352,-0.8593806455548676,0.16166666666666665,0.09342676009342676,0.22355689022355688,0.22766666666666666,0.14681348014681347,0.317067067067067,-2.2826018941625263,-2.5122009248096875
2024-10-11,bb7,0.992,0.996,0.1668335001668335,0.6083303543954826,0.152,0.09342676009342676,0.22355689022355688,0.204,0.14673006339673006,0.3137303970637303,-2.329052299201134,-2.5538047611086556
2024-10-14,bb7,0.992,0.995,0.1668335001668335,0.460884828796855,0.13033333333333333,0.09342676009342676,0.22355689022355688,0.19933333333333333,0.14673006339673006,0.3137303970637303,-2.1261121039206534,-2.3533902254164323
2024-10-15,bb7,0.992,0.995,0.1701701701701702,-0.3757575828070175,0.13566666666666669,0.09334334334334335,0.22355689022355688,0.20299999999999999,0.14347681014347682,0.31364698031364696,-2.0591433572312288,-2.240819691854717
2024-10-16,student,0.992,0.994,0.1668335001668335,-0.7521054503281032,0.16466666666666666,0.09342676009342676,0.22355689022355688,0.23166666666666666,0.14347681014347682,0.3137303970637303,-2.104758351224468,-2.333572833656
2024-10-17,student,0.992,0.993,0.1668335001668335,-0.03590983281113508,0.15866666666666668,0.09342676009342676,0.22355689022355688,0.212,0.14347681014347682,0.3137303970637303,-2.183426421824384,-2.3860096701760374
2024-10-18,student,0.992,0.996,0.1668335001668335,-0.5463806340914449,0.15333333333333332,0.09334334334334335,0.22355689022355688,0.21433333333333335,0.14347681014347682,0.31039372706039364,-2.208219863077442,-2.4390131992119737
2024-10-21,student,0.993,0.994,0.1668335001668335,-0.9635227813068049,0.15933333333333333,0.09334334334334335,0.22355689022355688,0.21766666666666665,0.14339339339339338,0.31039372706039364,-2.742323498678166,-2.9724647029812896
2024-10-22,student,0.994,0.995,0.1668335001668335,-1.527275087303345,0.18133333333333335,0.09334334334334334,0.22355689022355688,0.24733333333333332,0.14339339339339338,0.31031031031031026,-2.4072617399574012,-2.6286412046906715
2024-10-23,student,0.993,0.996,0.1668335001668335,-0.109280101069795,0.164,0.09342676009342676,0.2236403069736402,0.23966666666666667,0.14339339339339338,0.31039372706039364,-2.5490002356259844,-2.8135661823043305
2024-10-24,student,0.992,0.996,0.1668335001668335,-1.2905059298016877,0.163,0.09342676009342676,0.2236403069736402,0.247,0.14347681014347682,0.31039372706039364,-2.326064165016491,-2.575999816694378
2024-10-25,student,0.993,0.996,0.1668335001668335,-0.6711255653458624,0.14766666666666664,0.09342676009342676,0.22355689022355688,0.22066666666666665,0.1434768101434768,0.307057057057057,-2.296432109512272,-2.531100911951008
2024-10-28,student,0.994,0.996,0.1668335001668335,1.2708733439567275,0.14766666666666664,0.09342676009342676,0.22689356022689355,0.20666666666666667,0.1434768101434768,0.307057057057057,-2.343434551739233,-2.5563072594389555
2024-10-29,student,0.993,0.996,0.1668335001668335,-0.1292590632982401,0.15166666666666667,0.09342676009342676,0.22355689022355688,0.22699999999999998,0.1434768101434768,0.31031031031031026,-2.2827710326071697,-2.51646279384666
2024-10-30,student,0.992,0.996,0.1668335001668335,-0.8246798914735175,0.18000000000000002,0.09342676009342676,0.22689356022689355,0.24666666666666667,0.14347681014347682,0.3103103103103103,-3.0613812579908837,-3.3814627636596013
2024-10-31,student,0.992,0.996,0.1668335001668335,-1.144846372733125,0.15133333333333335,0.09342676009342676,0.22689356022689355,0.22,0.14339339339339338,0.3103103103103103,-2.8606752410301,-3.163269406717611
2024-11-01,student,0.992,0.996,0.17017017017017014,0.4531087701791975,0.17633333333333334,0.09342676009342676,0.22689356022689355,0.24,0.1434768101434768,0.31031031031031026,-2.788365555505324,-3.039870463812593
2024-11-04,student,0.992,0.997,0.1668335001668335,-0.4039798152310175,0.159,0.09342676009342676,0.22355689022355688,0.2183333333333333,0.1434768101434768,0.31031031031031026,-2.372901596650418,-2.585547868182528
2024-11-05,student,0.993,0.997,0.17017017017017014,0.75569413801981,0.17333333333333334,0.09342676009342676,0.22355689022355688,0.24166666666666667,0.14014014014014015,0.31031031031031026,-2.489150492861353,-2.7250899614448962
2024-11-06,student,0.993,0.997,0.17017017017017014,1.240059768534005,0.164,0.09342676009342676,0.2236403069736402,0.23766666666666666,0.14014014014014015,0.307057057057057,-2.445127306242718,-2.671615097671813
2024-11-07,student,0.993,0.999,0.17017017017017014,-0.999039601708905,0.16366666666666665,0.09342676009342676,0.22355689022355688,0.219,0.1434768101434768,0.31031031031031026,-2.412930726926742,-2.648219922984274
2024-11-08,student,0.993,0.999,0.17017017017017014,-0.22969856235332242,0.16433333333333333,0.09342676009342676,0.22355689022355688,0.224,0.1434768101434768,0.307057057057057,-2.4442042613438066,-2.6770639917908268
2024-11-11,student,0.995,0.997,0.17017017017017014,0.3517826370629725,0.14533333333333334,0.09334334334334335,0.22355689022355688,0.212,0.14014014014014015,0.31031031031031026,-2.3844743409967446,-2.6277323268146118
2024-11-12,student,0.994,0.997,0.17350684017350684,-1.4317522595751648,0.15566666666666665,0.09342676009342676,0.2236403069736402,0.21833333333333335,0.1434768101434768,0.3103103103103103,-2.2885026902819865,-2.5259773711204296
2024-11-13,student,0.994,0.997,0.17017017017017014,-0.4776718618706275,0.153,0.09342676009342676,0.22355689022355688,0.22966666666666669,0.1434768101434768,0.31039372706039364,-2.462419732728028,-2.714764097294669
2024-11-14,student,0.994,0.997,0.17017017017017014,-1.351178994817245,0.148,0.09342676009342676,0.22355689022355688,0.212,0.1434768101434768,0.3103103103103103,-2.384279953480405,-2.640281545449572
2024-11-18,student,0.996,0.999,0.16683350016683351,-0.13927958110286232,0.16066666666666665,0.09342676009342676,0.22689356022689355,0.2243333333333333,0.14014014014014015,0.31031031031031026,-2.233522480531062,-2.4543102217680843
2024-11-19,student,0.996,0.999,0.1701701701701702,0.06702721943565493,0.13933333333333334,0.09342676009342676,0.22689356022689355,0.19899999999999998,0.14014014014014015,0.31031031031031026,-2.4098026601469575,-2.6166343364324574
2024-11-21,student,0.997,0.999,0.1701701701701702,-1.163045723751055,0.14566666666666667,0.09342676009342676,0.22689356022689355,0.2066666666666667,0.14014014014014015,0.30697364030697366,-2.187475112680019,-2.347893464704182
2024-11-22,student,0.997,0.999,0.17350684017350684,3.213060545010465,0.146,0.09342676009342676,0.22689356022689355,0.225,0.14014014014014015,0.30697364030697366,-2.2719610379304642,-2.490360237471533
2024-11-25,student,0.999,0.999,0.1701701701701702,1.132571699243615,0.14533333333333334,0.09342676009342676,0.22689356022689355,0.21133333333333335,0.14014014014014012,0.30038371705038364,-2.629274165302393,-2.8576552632549164
2024-11-26,student,0.998,0.999,0.1701701701701702,-0.05052135801466498,0.166,0.09342676009342676,0.22689356022689355,0.2316666666666667,0.14014014014014012,0.30038371705038364,-2.561798500134668,-2.779127380090091
2024-11-27,student,0.87,0.926,0.17017017017017014,-0.045970252175737504,0.15433333333333332,0.09342676009342676,0.2236403069736402,0.2106666666666667,0.14014014014014012,0.30363697030363695,-2.4972023234537097,-2.756028135131396
2024-11-28,student,0.996,0.997,0.17350684017350682,-1.1488049129011975,0.155,0.09342676009342676,0.22355689022355688,0.22433333333333336,0.14014014014014012,0.30363697030363695,-2.3075905452417174,-2.5568716326857506
2024-11-29,student,0.846,0.912,0.17350684017350682,0.58500804006984,0.15533333333333332,0.09342676009342676,0.2236403069736402,0.21133333333333335,0.14014014014014015,0.3069736403069736,-2.581219046719024,-2.777181356637924
2024-12-02,student,0.859,0.926,0.17017017017017014,0.16086623255628257,0.148,0.09342676009342676,0.22697697697697689,0.21166666666666667,0.1434768101434768,0.307057057057057,-2.2385387314908467,-2.426211614142293
2024-12-03,student,0.871,0.931,0.17350684017350682,1.07139392717751,0.168,0.09342676009342676,0.23023023023023023,0.21,0.1434768101434768,0.3103103103103103,-2.114348860902306,-2.289433331662042
2024-12-04,student,0.868,0.927,0.1768435101768435,-0.4690702531277675,0.16766666666666666,0.09342676009342676,0.22372372372372357,0.22633333333333336,0.1434768101434768,0.31039372706039364,-2.22705562626199,-2.4536962867000267
2024-12-05,student,0.996,0.997,0.17350684017350682,1.2071542189375126,0.164,0.09342676009342676,0.2236403069736402,0.23066666666666666,0.14014014014014012,0.30697364030697366,-2.2741417502672228,-2.503351264738185
2024-12-06,student,0.841,0.924,0.17350684017350682,0.43156365992132756,0.145,0.09668001334668,0.22697697697697689,0.20066666666666666,0.1434768101434768,0.31364698031364696,-2.1464515097677905,-2.336390452736692
2024-12-09,student,0.847,0.924,0.17350684017350682,-1.5552493311030924,0.15866666666666665,0.09342676009342676,0.2236403069736402,0.22,0.1434768101434768,0.31364698031364696,-2.2346968493048,-2.430755885201373
2024-12-10,student,0.844,0.924,0.17350684017350682,0.59589443053693,0.17200000000000001,0.09342676009342676,0.2236403069736402,0.247,0.1434768101434768,0.31039372706039364,-2.4318145342865263,-2.705824346390061
2024-12-11,student,0.841,0.925,0.17350684017350682,0.17235982912473508,0.13566666666666669,0.09342676009342676,0.2236403069736402,0.19866666666666666,0.1434768101434768,0.3103103103103103,-2.2382262743204895,-2.445259561953648
2024-12-12,student,0.845,0.927,0.17350684017350682,-1.0643597002235725,0.159,0.09342676009342676,0.22689356022689355,0.224,0.1434768101434768,0.3103103103103103,-2.1499420754731267,-2.376894380076256
2024-12-13,student,0.845,0.925,0.17350684017350682,0.990157063875495,0.152,0.09668001334668,0.23023023023023023,0.21666666666666665,0.14014014014014015,0.31031031031031026,-2.234232979890819,-2.443085908812034
2024-12-16,student,0.872,0.925,0.1701701701701702,-0.690662257860055,0.15,0.09342676009342676,0.23023023023023023,0.21233333333333335,0.14014014014014012,0.3069736403069736,-2.130974067667001,-2.3275605684704086
2024-12-17,student,0.865,0.939,0.1701701701701702,-0.53947764673829,0.161,0.09342676009342676,0.23023023023023023,0.22966666666666669,0.14014014014014012,0.31031031031031026,-2.1342357008312236,-2.327562340518621
2024-12-18,student,0.997,0.997,0.1701701701701702,-1.16102155780703,0.148,0.09342676009342676,0.23023023023023023,0.20933333333333334,0.14014014014014012,0.3037203870537203,-2.1078230271178353,-2.293118873901847
2024-12-19,student,0.997,0.996,0.16683350016683351,-0.9613270157816001,0.15666666666666665,0.09342676009342676,0.23023023023023023,0.217,0.14014014014014012,0.30363697030363695,-2.146692751529719,-2.3437168851425487
2024-12-20,student,0.999,0.995,0.16683350016683351,-1.9008195728421327,0.15166666666666667,0.10001668335001669,0.23031364698031356,0.216,0.14014014014014012,0.3069736403069736,-2.2222962382048417,-2.400629016776061
2024-12-23,student,0.997,0.995,0.1701701701701702,0.2976288111966125,0.16633333333333333,0.09342676009342676,0.23023023023023023,0.215,0.14014014014014012,0.3037203870537203,-2.3725446388400124,-2.5504128688339316
2024-12-24,student,0.997,0.996,0.1701701701701702,-0.036746389227984955,0.155,0.09668001334668001,0.23023023023023023,0.224,0.14014014014014012,0.3069736403069736,-2.205676285098678,-2.427343110356609
2024-12-26,student,0.875,0.903,0.1701701701701702,0.11982159293466497,0.16066666666666668,0.09676343009676343,0.23023023023023023,0.2183333333333333,0.14014014014014012,0.3069736403069736,-2.1532640323133574,-2.3293530792322334
2024-12-27,student,0.997,0.995,0.17350684017350684,0.141398739725895,0.136,0.09676343009676343,0.23023023023023023,0.18366666666666667,0.14014014014014012,0.3069736403069736,-2.028972101932255,-2.190176761787923
2024-12-30,student,0.883,0.909,0.1701701701701702,-1.0416683980475325,0.16333333333333333,0.09676343009676343,0.23023023023023023,0.19800000000000004,0.14014014014014015,0.307057057057057,-2.110362711326874,-2.2464232509671955
2024-12-31,student,0.881,0.909,0.16683350016683351,-0.09109533468836747,0.15733333333333333,0.09668001334668001,0.23023023023023023,0.21333333333333335,0.14014014014014012,0.3069736403069736,-2.183015698633444,-2.3543136418408723
2025-01-01,student,0.887,0.912,0.16683350016683351,0.23253544380993502,0.158,0.09676343009676343,0.23023023023023023,0.21333333333333335,0.14014014014014012,0.3069736403069736,-2.147005530666743,-2.3350958621052507
2025-01-02,student,0.889,0.916,0.16683350016683351,2.264198831957475,0.17766666666666667,0.09676343009676343,0.23023023023023023,0.23666666666666666,0.14014014014014015,0.31031031031031026,-2.128329804383765,-2.334434235939804
2025-01-03,student,0.899,0.927,0.16683350016683351,0.70477359137605,0.14833333333333334,0.09342676009342676,0.23023023023023023,0.206,0.14014014014014015,0.307057057057057,-2.212402948621613,-2.3939003117903783
2025-01-06,student,0.789,0.563,0.16349683016349684,-1.3188876793637525,0.155,0.09676343009676343,0.23023023023023023,0.21166666666666667,0.14014014014014015,0.307057057057057,-2.181822926951854,-2.363506225556808
2025-01-07,student,0.87,0.92,0.16349683016349684,0.6798193648541601,0.155,0.09676343009676343,0.23023023023023023,0.212,0.14014014014014012,0.31031031031031026,-2.2498228326601666,-2.442116333583105
2025-01-08,student,0.888,0.917,0.16349683016349684,-0.055466831201120004,0.155,0.09676343009676343,0.23023023023023023,0.20199999999999999,0.14014014014014012,0.307057057057057,-2.1459653475555993,-2.307481476586813
2025-01-09,student,0.921,0.927,0.16349683016349684,-0.67091850725471,0.15266666666666667,0.09676343009676343,0.23023023023023023,0.20866666666666667,0.14014014014014012,0.307057057057057,-2.0432908101530005,-2.2214711741015054
2025-01-10,student,0.892,0.911,0.16349683016349684,-0.03989391433312511,0.15366666666666667,0.09668001334668001,0.23023023023023023,0.20666666666666667,0.14014014014014012,0.3069736403069736,-2.177168175420583,-2.363317461922971
2025-01-13,student,0.892,0.914,0.16349683016349684,-1.2109572029521725,0.159,0.09676343009676343,0.23023023023023023,0.214,0.14014014014014012,0.3069736403069736,-2.2882198635841178,-2.515327424553828
2025-01-14,student,0.898,0.916,0.16349683016349684,0.12635237141781508,0.16666666666666666,0.09342676009342676,0.23023023023023023,0.223,0.14014014014014012,0.3037203870537203,-2.2255948209368683,-2.4082405389347263
2025-01-15,student,0.896,0.916,0.16016016016016016,0.13654670530702,0.16633333333333333,0.09676343009676343,0.23023023023023023,0.2323333333333333,0.14014014014014012,0.30038371705038364,-2.387034269588962,-2.571486019318837
2025-01-16,student,0.896,0.922,0.16349683016349684,0.19390404408359752,0.154,0.09676343009676343,0.23023023023023023,0.219,0.14014014014014012,0.30038371705038364,-2.267895710658752,-2.4539842357131327
2025-01-17,student,0.932,0.928,0.16349683016349684,-1.3119579727308477,0.15233333333333335,0.09342676009342676,0.23023023023023023,0.19733333333333333,0.14014014014014012,0.30038371705038364,-2.2715934577367616,-2.4510556322733628
2025-01-20,student,0.935,0.93,0.16016016016016016,0.19384474094213247,0.15133333333333335,0.09342676009342676,0.22689356022689355,0.20966666666666667,0.1400567233900567,0.30030030030030025,-3.022916089635092,-3.1852888917184146
2025-01-21,student,0.929,0.947,0.16683350016683351,-1.3240654238161902,0.15533333333333335,0.09342676009342676,0.22697697697697689,0.21233333333333335,0.1400567233900567,0.30038371705038364,-2.3426678055284915,-2.520008173032244
2025-01-22,student,0.929,0.952,0.16683350016683351,0.004662124412757429,0.159,0.09342676009342676,0.22697697697697689,0.2113333333333333,0.14014014014014012,0.30363697030363695,-2.3474323803756705,-2.5284328219841385
2025-01-23,student,0.924,0.949,0.16349683016349684,-0.0326127078076775,0.16533333333333333,0.09342676009342676,0.22697697697697689,0.22999999999999998,0.1400567233900567,0.30363697030363695,-2.379558708274519,-2.602259290445164
2025-01-24,student,0.926,0.951,0.16349683016349684,-0.049248625916799904,0.17633333333333334,0.09342676009342676,0.22689356022689355,0.23299999999999998,0.14014014014014012,0.30363697030363695,-2.283149003096919,-2.491945177802603
2025-01-27,student,0.928,0.945,0.16349683016349684,-1.0211761241485497,0.14633333333333334,0.09342676009342676,0.22689356022689355,0.21166666666666667,0.13680347013680347,0.30030030030030025,-2.2085904000264813,-2.3795192715555733
2025-01-28,student,0.903,0.939,0.16016016016016013,0.6981638241587375,0.146,0.09342676009342676,0.22355689022355688,0.19266666666666665,0.1400567233900567,0.3003003003003003,-2.585408241828338,-2.7836806180962532
2025-01-29,student,0.904,0.935,0.16349683016349684,1.6617275066617676,0.16433333333333333,0.09342676009342676,0.22355689022355688,0.229,0.14014014014014012,0.30038371705038364,-2.4852865898234584,-2.7150724925793064
2025-01-30,student,0.898,0.931,0.16016016016016013,-1.810293058797595,0.15933333333333335,0.09668001334668,0.23023023023023023,0.21366666666666667,0.1400567233900567,0.30030030030030025,-2.448981052507143,-2.6690403001678393
2025-01-31,student,0.898,0.943,0.16016016016016013,1.8976445777320876,0.18900000000000003,0.09342676009342676,0.22355689022355688,0.25566666666666665,0.13680347013680347,0.30030030030030025,-3.4752153244692017,-3.758287276448883
2025-02-01,student,0.895,0.934,0.1634968301634968,-0.5667024393885199,0.17233333333333334,0.09342676009342676,0.22355689022355688,0.241,0.13680347013680347,0.30038371705038364,-3.189423042993338,-3.4475260008713495
2025-02-03,student,0.881,0.938,0.1634968301634968,-1.3374047949855075,0.15233333333333332,0.0900900900900901,0.22355689022355688,0.21066666666666667,0.13680347013680347,0.3003003003003003,-2.886536075824945,-3.1189537225585737
2025-02-04,student,0.901,0.941,0.16683350016683351,1.8506239067752623,0.165,0.09676343009676343,0.22697697697697689,0.20733333333333334,0.13680347013680347,0.30030030030030025,-2.699019529547294,-2.883426811932535
2025-02-05,student,0.898,0.942,0.16683350016683351,-0.70755502507644,0.13566666666666669,0.09334334334334335,0.22355689022355688,0.19733333333333333,0.13680347013680347,0.297047047047047,-2.7092896907171764,-2.960054000949632
2025-02-06,student,0.903,0.952,0.16683350016683351,-0.6624881414924125,0.16666666666666666,0.09342676009342676,0.22030363697030356,0.223,0.13680347013680347,0.297047047047047,-2.60009623767715,-2.8179513152793936
2025-02-07,student,0.899,0.955,0.16683350016683351,-0.8581258798374449,0.163,0.09342676009342676,0.22355689022355688,0.22833333333333336,0.13680347013680347,0.297047047047047,-2.574090926664184,-2.8112622862776924
2025-02-10,student,0.91,0.955,0.16683350016683351,-0.73069491677192,0.17500000000000002,0.09342676009342676,0.22355689022355688,0.23433333333333337,0.13680347013680347,0.30030030030030025,-2.541732517800215,-2.7795882586452616
2025-02-11,student,0.912,0.956,0.16683350016683351,-1.41428973214862,0.159,0.09342676009342676,0.22355689022355688,0.211,0.13680347013680347,0.29696363029696365,-2.500308827253477,-2.707209293953149
2025-02-12,student,0.921,0.956,0.16683350016683351,0.33068648808263756,0.13366666666666666,0.09342676009342676,0.22355689022355688,0.18300000000000002,0.13672005338672005,0.29696363029696365,-2.3318579049163564,-2.509812205462505
2025-02-13,student,0.921,0.955,0.1701701701701702,-0.5931626379213699,0.17966666666666667,0.09342676009342676,0.22355689022355688,0.236,0.13346680013346682,0.30030030030030025,-2.412028026541978,-2.6119075330528014
2025-02-14,student,0.924,0.965,0.1701701701701702,-0.16316381108183003,0.13966666666666666,0.09342676009342676,0.22355689022355688,0.19500000000000003,0.13672005338672005,0.3003837170503836,-2.238341308033557,-2.399016930478461
2025-02-17,student,0.92,0.97,0.1701701701701702,0.33725278289879,0.14733333333333334,0.09342676009342676,0.2236403069736402,0.19333333333333336,0.13672005338672005,0.297047047047047,-2.152427815574599,-2.317298018064017
2025-02-18,student,0.915,0.962,0.1701701701701702,-0.44919981643811246,0.15733333333333333,0.09676343009676343,0.22689356022689355,0.22366666666666668,0.13346680013346682,0.297047047047047,-2.176013372415231,-2.3454260460913194
2025-02-19,student,0.92,0.96,0.1701701701701702,-1.063003019338835,0.15933333333333333,0.09342676009342676,0.22355689022355688,0.21533333333333335,0.13680347013680347,0.297047047047047,-2.154185723046901,-2.321367625803298
2025-02-20,student,0.903,0.934,0.17350684017350684,0.574563349581535,0.15533333333333332,0.09668001334668001,0.22689356022689355,0.21866666666666668,0.13680347013680347,0.30030030030030025,-2.2364596550051363,-2.420859843022059
2025-02-21,student,0.908,0.95,0.17350684017350684,-1.084886075344305,0.156,0.09668001334668001,0.22689356022689355,0.20966666666666667,0.13680347013680347,0.30363697030363695,-2.1646232096361633,-2.3200659098270635
2025-02-24,student,0.912,0.952,0.17350684017350684,-1.092513600354875,0.15766666666666665,0.09342676009342676,0.22689356022689355,0.20833333333333334,0.13680347013680347,0.3003837170503836,-2.3214568776291427,-2.494773573593704
2025-02-25,student,0.919,0.954,0.17350684017350684,-0.19343509791756996,0.153,0.09342676009342676,0.22689356022689355,0.204,0.13680347013680347,0.3003837170503836,-2.391688467625524,-2.561237861417156
2025-02-27,student,0.999,1.0,0.17350684017350684,-0.95286110362664,0.159,0.09342676009342676,0.22355689022355688,0.20866666666666667,0.13672005338672005,0.3003837170503836,-2.2774618533478588,-2.452020353172973
2025-02-28,student,1.0,1.0,0.17350684017350684,-3.3678043028455202,0.16766666666666666,0.09676343009676343,0.22689356022689355,0.2293333333333333,0.13680347013680347,0.30030030030030025,-2.3701761090042854,-2.6019261967065477
2025-03-03,bb7,0.925,0.958,0.18351685018351685,0.4092157180281625,0.17,0.09676343009676343,0.23023023023023023,0.22333333333333336,0.14014014014014012,0.31039372706039364,-3.1897812191693866,-3.454318489401079
2025-03-04,student,0.999,1.0,0.18351685018351685,0.13279882946924504,0.15,0.09676343009676343,0.23023023023023023,0.217,0.14014014014014012,0.31031031031031026,-2.6545491926399607,-2.87305844627208
2025-03-05,student,0.929,0.953,0.1801801801801802,1.8441167007493575,0.16766666666666666,0.09676343009676343,0.23023023023023023,0.22966666666666669,0.14014014014014012,0.31039372706039364,-2.583392775538956,-2.7930106990221466
2025-03-06,student,0.929,0.948,0.1801801801801802,0.6291705069560075,0.16266666666666665,0.09676343009676343,0.23023023023023023,0.21866666666666668,0.14014014014014015,0.31039372706039364,-2.5472598335533267,-2.7593061239946475
2025-03-07,student,1.0,1.0,0.1801801801801802,-0.2418056850726425,0.17500000000000002,0.10001668335001669,0.23023023023023023,0.246,0.14014014014014012,0.31039372706039364,-2.442412305412729,-2.6585399616884153
2025-03-10,student,0.929,0.943,0.1801801801801802,0.5757192609451375,0.15466666666666665,0.09676343009676343,0.22697697697697689,0.20833333333333334,0.14014014014014015,0.31031031031031026,-2.3116519739012666,-2.4968479019061
2025-03-11,student,0.926,0.94,0.1801801801801802,-0.9087276427290725,0.14833333333333334,0.09676343009676343,0.23023023023023023,0.19899999999999998,0.14014014014014015,0.31031031031031026,-2.168835818522488,-2.3371583975366144
2025-03-12,student,1.0,1.0,0.1801801801801802,-0.8252810538513825,0.166,0.09676343009676343,0.23023023023023023,0.229,0.14014014014014012,0.31031031031031026,-2.336214515305831,-2.5346132097184886
2025-03-13,student,0.935,0.941,0.17684351017684352,-0.6987242704251876,0.154,0.09676343009676343,0.23023023023023023,0.20633333333333334,0.14014014014014012,0.3069736403069736,-2.6088448151629025,-2.7860518311389186
2025-03-17,student,1.0,1.0,0.1801801801801802,0.168869100898545,0.168,0.09676343009676343,0.23023023023023023,0.22666666666666666,0.13680347013680347,0.3003003003003003,-2.547622383025647,-2.7545970915386615
2025-03-18,student,1.0,1.0,0.1801801801801802,0.0,0.15433333333333335,0.09342676009342676,0.22689356022689355,0.21,0.13680347013680347,0.3003003003003003,-2.301649543851131,-2.489436290882057
2025-03-19,student,1.0,1.0,0.18351685018351685,1.8110484261467423,0.18233333333333335,0.09668001334668001,0.22689356022689355,0.23199999999999998,0.13680347013680347,0.30363697030363695,-2.3121336335712916,-2.5204418298055415
2025-03-20,student,1.0,1.0,0.18685352018685353,1.3625665313597248,0.14133333333333334,0.09676343009676343,0.22689356022689355,0.19266666666666668,0.13680347013680347,0.30363697030363695,-2.3379297415376024,-2.5169797104039016
2025-03-21,student,1.0,1.0,0.18685352018685353,0.268346214573885,0.15066666666666667,0.09676343009676343,0.23023023023023023,0.18933333333333335,0.13680347013680347,0.30363697030363695,-2.2916715617322727,-2.462817123266985
2025-03-24,student,1.0,1.0,0.18351685018351685,1.386308958629275,0.16766666666666666,0.1001001001001001,0.23023023023023023,0.22933333333333336,0.13680347013680347,0.30038371705038364,-2.3506275920537893,-2.5511139903137683
2025-03-25,student,1.0,1.0,0.18351685018351685,0.3526975459622,0.16633333333333333,0.09676343009676343,0.22697697697697689,0.22366666666666665,0.13680347013680347,0.30363697030363695,-2.436274049794564,-2.6461757201348566
2025-03-26,student,1.0,1.0,0.18351685018351685,-1.09000012483323,0.16333333333333333,0.09668001334668001,0.22689356022689355,0.22266666666666668,0.13680347013680347,0.30363697030363695,-2.311862383825401,-2.531982559759118
2025-03-27,student,0.931,0.952,0.18351685018351685,-1.1224889963661902,0.14566666666666667,0.09676343009676343,0.23023023023023023,0.19766666666666668,0.13680347013680347,0.30363697030363695,-2.2867777214835505,-2.4663456042208254
2025-03-28,student,0.925,0.957,0.1801801801801802,-0.16685464752626994,0.141,0.09342676009342676,0.22697697697697689,0.18966666666666665,0.13680347013680347,0.30363697030363695,-2.7230447677048746,-2.9222146218644522
2025-04-01,student,1.0,1.0,0.1801801801801802,-1.0811134986431175,0.15433333333333332,0.09342676009342676,0.22689356022689355,0.21,0.13680347013680347,0.30030030030030025,-2.5756061486600803,-2.742437447187694
2025-04-02,student,0.923,0.955,0.17684351017684352,0.5688027977807978,0.14966666666666667,0.09668001334668001,0.22689356022689355,0.20133333333333334,0.13680347013680347,0.30038371705038364,-2.5325045533455666,-2.711415588872899
2025-04-03,student,0.921,0.954,0.1801801801801802,-1.378859703797565,0.16033333333333333,0.09676343009676343,0.23023023023023023,0.22766666666666666,0.13680347013680347,0.3003003003003003,-2.456419258850187,-2.662630401876865
2025-04-04,student,0.925,0.957,0.17684351017684352,-2.7225737934101346,0.16366666666666668,0.09676343009676343,0.23023023023023023,0.21933333333333335,0.13680347013680347,0.30363697030363695,-2.6878176330135615,-2.8849157262871397
2025-04-07,bb7,0.927,0.958,0.1701701701701702,-3.0172475856952454,0.15666666666666665,0.09342676009342676,0.23023023023023023,0.21466666666666667,0.13680347013680347,0.30030030030030025,-3.302575449658383,-3.5653284812967536
2025-04-08,bb7,0.929,0.958,0.1801801801801802,2.111534785675648,0.149,0.09676343009676343,0.23023023023023023,0.20800000000000005,0.13680347013680347,0.30363697030363695,-3.715889852072592,-3.9903713225964283
2025-04-09,bb7,0.926,0.958,0.17684351017684352,-0.9159976804087374,0.15233333333333332,0.09676343009676343,0.23023023023023023,0.22066666666666668,0.1400567233900567,0.30363697030363695,-3.2905847637232526,-3.5529651933611883
2025-04-11,bb7,0.926,0.963,0.1801801801801802,1.1785275131554749,0.15333333333333332,0.09676343009676343,0.23023023023023023,0.209,0.1400567233900567,0.30038371705038364,-3.214359353849516,-3.485078356962495
2025-04-15,bb7,1.0,1.0,0.18351685018351685,1.676063461635895,0.16166666666666665,0.09676343009676343,0.23023023023023023,0.21966666666666668,0.1334668001334668,0.297047047047047,-2.795368024475518,-3.045493135119499
2025-04-16,bb7,0.938,0.963,0.1801801801801802,-0.15290007360987995,0.13633333333333333,0.09342676009342676,0.22689356022689355,0.18533333333333335,0.1334668001334668,0.29696363029696365,-2.577934620379138,-2.775805796974062
2025-04-17,bb7,0.938,0.961,0.17684351017684352,1.24271398904517,0.17066666666666666,0.09342676009342676,0.22355689022355688,0.22066666666666668,0.1334668001334668,0.29696363029696365,-2.559496572495339,-2.774791732172089
2025-04-21,bb7,0.924,0.957,0.17684351017684352,1.2306773771263302,0.131,0.09342676009342676,0.22355689022355688,0.18266666666666667,0.1334668001334668,0.297047047047047,-2.3774075276468873,-2.5672096888603244
2025-04-22,bb7,0.931,0.958,0.17684351017684352,0.21710115191267504,0.15633333333333335,0.09342676009342676,0.22355689022355688,0.19766666666666666,0.1334668001334668,0.29696363029696365,-2.3767149135476613,-2.548951064233759
2025-04-23,bb7,0.929,0.954,0.17684351017684352,2.0112696048897973,0.15333333333333335,0.09342676009342676,0.22355689022355688,0.20166666666666666,0.13672005338672005,0.29696363029696365,-2.29887694212326,-2.4655137745705
2025-04-24,bb7,0.941,0.957,0.17684351017684352,-0.7800286138228163,0.15766666666666668,0.09342676009342676,0.22355689022355688,0.20566666666666666,0.13672005338672005,0.29696363029696365,-2.4983740850451372,-2.67743062074323
2025-04-25,student,0.939,0.958,0.17684351017684352,-0.7292368652070925,0.17500000000000002,0.09342676009342676,0.22355689022355688,0.23333333333333336,0.1334668001334668,0.2969636302969636,-2.44660782449704,-2.6521699126047005
2025-04-28,bb7,0.939,0.958,0.17684351017684352,0.9518677264598301,0.153,0.09342676009342676,0.22355689022355688,0.21166666666666664,0.1334668001334668,0.2969636302969636,-2.4714644251268174,-2.6713426767691852
2025-04-29,bb7,0.922,0.965,0.17684351017684352,0.04898346197685502,0.16466666666666666,0.09342676009342676,0.22355689022355688,0.208,0.1334668001334668,0.29362696029362695,-2.358200970239128,-2.5231001318906405
2025-04-30,bb7,0.928,0.971,0.17350684017350684,-1.2993422947254123,0.14033333333333334,0.09342676009342676,0.22355689022355688,0.18333333333333335,0.1334668001334668,0.29037370704037363,-2.210531961277042,-2.3490558479072874
2025-05-02,bb7,0.922,0.967,0.17684351017684352,0.30234600119698746,0.15,0.09342676009342676,0.2236403069736402,0.20233333333333337,0.1334668001334668,0.29362696029362695,-2.660910220241635,-2.8557282587815545
2025-05-05,bb7,0.925,0.99,0.17684351017684352,0.6134239517885525,0.17066666666666666,0.09342676009342676,0.22030363697030356,0.22599999999999998,0.13680347013680347,0.29696363029696365,-2.4392540776353284,-2.6408692677443906
2025-05-06,bb7,0.919,0.988,0.17684351017684352,-0.619018708099435,0.15433333333333335,0.09342676009342676,0.22355689022355688,0.20633333333333334,0.13680347013680347,0.297047047047047,-2.299132363310007,-2.4938446979698763
2025-05-07,student,0.923,0.99,0.17684351017684352,1.104163985941135,0.163,0.1001001001001001,0.22697697697697689,0.23066666666666666,0.13680347013680347,0.297047047047047,-2.534588186459754,-2.766843232835753
2025-05-08,bb7,0.927,0.98,0.17684351017684352,-0.25312834500296,0.16233333333333333,0.09342676009342676,0.22030363697030356,0.219,0.1334668001334668,0.2937103770437103,-2.4848847330198467,-2.706057204135045
2025-05-09,bb7,0.929,0.982,0.17684351017684352,0.9553098601906574,0.14333333333333334,0.09342676009342676,0.22030363697030356,0.19899999999999998,0.1334668001334668,0.2969636302969636,-2.3071364589652292,-2.480211898593695
2025-05-12,bb7,0.93,0.98,0.17684351017684352,3.5686888823570926,0.154,0.09342676009342676,0.22022022022022023,0.21033333333333334,0.13680347013680347,0.30363697030363695,-2.36055516767881,-2.5505088350217973
2025-05-13,bb7,0.997,1.0,0.17684351017684352,-1.6049621589402274,0.144,0.09342676009342676,0.22022022022022023,0.20599999999999996,0.13672005338672005,0.30363697030363695,-2.657575903345161,-2.852178564321968
2025-05-14,bb7,0.997,1.0,0.17684351017684352,-0.06815521487677248,0.15733333333333333,0.09342676009342676,0.22022022022022023,0.218,0.13672005338672005,0.30363697030363695,-2.77463129963449,-2.9750610851146537
2025-05-15,bb7,0.994,1.0,0.17684351017684352,1.6119075591475476,0.14166666666666666,0.09342676009342676,0.22022022022022023,0.21066666666666667,0.13672005338672005,0.30038371705038364,-2.4626509437056474,-2.6754322298363187
2025-05-16,bb7,0.996,1.0,0.17684351017684352,0.012965898362794992,0.15466666666666665,0.09342676009342676,0.22022022022022023,0.216,0.13680347013680347,0.30363697030363695,-2.3919240082121997,-2.597515676528532
2025-05-19,bb7,0.999,1.0,0.17684351017684352,-0.4139226039242674,0.17266666666666666,0.09342676009342676,0.21688355021688355,0.22266666666666668,0.1301301301301301,0.29037370704037363,-2.3997307961252208,-2.597486649840342
2025-05-20,bb7,0.999,1.0,0.17684351017684352,-1.0892111160317999,0.121,0.09342676009342676,0.22022022022022023,0.18666666666666668,0.13346680013346682,0.297047047047047,-2.222765660536148,-2.4000463859254806
2025-05-21,student,0.999,1.0,0.17684351017684352,0.6878521440407326,0.14233333333333334,0.09668001334668,0.22355689022355688,0.19499999999999998,0.1301301301301301,0.29362696029362695,-2.2792101793863924,-2.4510999036947436
2025-05-22,student,0.999,1.0,0.17684351017684352,-1.0731056359302276,0.14666666666666667,0.09342676009342676,0.22030363697030356,0.20066666666666666,0.1301301301301301,0.29362696029362695,-2.1779870203097538,-2.3867028800223467
2025-05-23,student,0.999,1.0,0.17684351017684352,0.7762295811108875,0.15233333333333335,0.09342676009342676,0.22030363697030356,0.20166666666666666,0.1301301301301301,0.29362696029362695,-2.2133897356779872,-2.3841799951555758
2025-05-26,student,0.999,1.0,0.17684351017684352,1.11113644004028,0.165,0.09342676009342676,0.22030363697030356,0.21733333333333335,0.1301301301301301,0.29362696029362695,-2.2064616105945842,-2.376264786850459
