Date,Winner,gofpval_student,gofpval_bb7,lam_emp,actual_returns,lam_student,lam_student_ci_lo,lam_student_ci_hi,lam_bb7,lam_bb7_ci_lo,lam_bb7_ci_hi,es_student,es_bb7
2015-06-04,student,0.989,0.992,0.16016016016016016,-5.8399159207483295,0.14,0.04004004004004004,0.2202202202202202,0.142,0.04004004004004004,0.2202202202202202,-11.058026809115308,-11.109106732119107
2015-06-05,student,0.988,0.992,0.16016016016016016,-4.79619763378434,0.142,0.04004004004004004,0.2202202202202202,0.14,0.04004004004004004,0.2202202202202202,-11.24841822752678,-11.316051436973874
2015-06-08,student,0.987,0.992,0.16016016016016016,-4.054448941939975,0.14,0.04004004004004004,0.2202202202202202,0.138,0.04004004004004004,0.2202202202202202,-11.325621002773605,-11.379899474445116
2015-06-09,student,0.992,0.994,0.16016016016016016,-3.4103621751708553,0.152,0.04004004004004004,0.22072072072072024,0.148,0.04004004004004004,0.24024024024024024,-10.922379046048988,-10.964954307251745
2015-06-10,student,0.994,0.995,0.16016016016016016,-1.6447359927269096,0.122,0.04004004004004004,0.2202202202202202,0.12,0.04004004004004004,0.2202202202202202,-10.847162593192053,-10.874033704083843
2015-06-11,student,0.987,0.989,0.16016016016016016,-4.914425941526964,0.108,0.04004004004004004,0.2202202202202202,0.106,0.04004004004004004,0.24024024024024024,-11.06248688370551,-11.11553139892495
2015-06-12,student,0.987,0.989,0.16016016016016016,-5.754260731206,0.116,0.04004004004004004,0.2202202202202202,0.116,0.04004004004004004,0.24024024024024024,-10.884960831347101,-10.990605530149901
2015-06-15,student,0.986,0.988,0.16016016016016016,-6.2022874659154,0.124,0.04004004004004004,0.2202202202202202,0.13,0.04004004004004004,0.24024024024024024,-10.690573923424711,-10.804074272151786
2015-06-16,student,0.986,0.987,0.16016016016016016,-1.7329563755609798,0.126,0.04004004004004004,0.22072072072072024,0.126,0.04004004004004004,0.24024024024024024,-11.091935846931916,-11.184023412131566
2015-06-17,student,0.994,0.994,0.16016016016016016,-0.43157133956734517,0.134,0.04004004004004004,0.2202202202202202,0.134,0.04004004004004004,0.24024024024024024,-10.543822670414324,-10.58987294140236
2015-06-18,student,0.994,0.994,0.16016016016016016,0.2504399450302549,0.13,0.04004004004004004,0.2202202202202202,0.132,0.04004004004004004,0.24024024024024024,-10.41126673250455,-10.470362185890247
2015-06-19,student,0.994,0.994,0.16016016016016016,0.6827052012772896,0.108,0.04004004004004004,0.2202202202202202,0.108,0.04004004004004004,0.24024024024024024,-10.535307368101126,-10.597417455523264
2015-06-22,student,0.994,0.994,0.16016016016016016,4.0511506682351195,0.14,0.04004004004004004,0.2202202202202202,0.14,0.04004004004004004,0.24024024024024024,-10.606072141375897,-10.67420445615675
2015-06-23,student,0.992,0.994,0.16016016016016016,2.90262568849124,0.118,0.04004004004004004,0.2202202202202202,0.12,0.04004004004004004,0.24024024024024024,-10.513204626117304,-10.600206633385962
2015-06-24,student,0.994,0.994,0.16016016016016016,0.18334908122702442,0.136,0.04004004004004004,0.2202202202202202,0.14,0.04004004004004004,0.24024024024024024,-10.578983617450966,-10.677202324530642
2015-06-25,student,0.994,0.994,0.16016016016016016,2.413464837737995,0.144,0.04004004004004004,0.2202202202202202,0.146,0.04004004004004004,0.24024024024024024,-10.922491043082461,-11.028062788417142
2015-06-26,student,0.994,0.995,0.16016016016016016,3.8092803452079145,0.114,0.04004004004004004,0.2202202202202202,0.122,0.04004004004004004,0.24024024024024024,-10.566232870239979,-10.68785244015376
2015-06-29,student,0.994,0.994,0.16016016016016016,1.8285611322575703,0.122,0.04004004004004004,0.2202202202202202,0.128,0.04004004004004004,0.24024024024024024,-10.687705614371728,-10.806198146772974
2015-06-30,student,0.994,0.994,0.16016016016016016,0.819286150729855,0.124,0.04004004004004004,0.2202202202202202,0.126,0.04004004004004004,0.24024024024024024,-10.328797548909446,-10.440585926852917
2015-07-01,student,0.994,0.995,0.16016016016016016,2.5051999481814002,0.182,0.04004004004004004,0.22072072072072024,0.184,0.04004004004004004,0.24024024024024024,-10.413544253576172,-10.531309163120532
2015-07-02,student,0.994,0.994,0.16016016016016016,1.1529609989820302,0.138,0.04004004004004004,0.2202202202202202,0.142,0.04004004004004004,0.24024024024024024,-10.05822320752709,-10.127060671532515
2015-07-03,bb7,0.994,0.994,0.16016016016016016,1.4926209906801553,0.11,0.04004004004004004,0.2202202202202202,0.112,0.04004004004004004,0.24024024024024024,-10.138236712384217,-10.203151887442612
2015-07-06,student,0.993,0.994,0.16016016016016016,-1.1263500088093548,0.118,0.04004004004004004,0.22072072072072024,0.122,0.04004004004004004,0.24024024024024024,-10.257380329302231,-10.3424670993804
2015-07-07,student,0.995,0.995,0.16016016016016016,-0.05204298715824973,0.14,0.04004004004004004,0.2202202202202202,0.144,0.04004004004004004,0.24024024024024024,-10.740331372047313,-10.82699978673318
2015-07-08,student,0.995,0.995,0.16016016016016016,-0.9819290114876194,0.152,0.04004004004004004,0.2202202202202202,0.154,0.04004004004004004,0.24024024024024024,-10.77655291087021,-10.848985834711081
2015-07-09,student,0.994,0.995,0.16016016016016016,-2.1665292035585195,0.136,0.04004004004004004,0.2202202202202202,0.136,0.04004004004004004,0.24024024024024024,-10.509096561616062,-10.593513957458764
2015-07-10,student,0.995,0.996,0.16016016016016016,-2.49011008689524,0.128,0.04004004004004004,0.2202202202202202,0.128,0.04004004004004004,0.24024024024024024,-10.565041722302425,-10.65024789084795
2015-07-13,student,0.995,0.996,0.16016016016016016,0.5730758860052052,0.122,0.04004004004004004,0.2202202202202202,0.122,0.04004004004004004,0.24024024024024024,-10.653058894519571,-10.736447149069042
2015-07-14,student,0.994,0.995,0.12012012012012012,0.3566286558346403,0.13,0.04004004004004004,0.2202202202202202,0.132,0.04004004004004004,0.24024024024024024,-10.426308222082264,-10.501337754433644
2015-07-15,student,0.995,0.995,0.16016016016016016,-0.6203113416522551,0.14,0.04004004004004004,0.22072072072072024,0.138,0.04004004004004004,0.24024024024024024,-10.454364679695669,-10.534659418689875
2015-07-16,student,0.995,0.996,0.16016016016016016,0.8586139096798502,0.118,0.04004004004004004,0.2202202202202202,0.118,0.04004004004004004,0.24024024024024024,-10.481200837346842,-10.555505735926538
2015-07-17,student,0.995,0.996,0.16016016016016016,0.8943230864766704,0.126,0.04004004004004004,0.2202202202202202,0.126,0.04004004004004004,0.24024024024024024,-10.110201439804191,-10.16147339106558
2015-07-20,student,0.995,0.996,0.16016016016016016,0.2821338765509802,0.138,0.04004004004004004,0.2202202202202202,0.138,0.04004004004004004,0.24024024024024024,-10.001713641273728,-10.077848541709777
2015-07-21,student,0.996,0.997,0.16016016016016016,4.720825737639379,0.136,0.04004004004004004,0.2202202202202202,0.136,0.04004004004004004,0.24024024024024024,-9.867406401930195,-9.928104860396436
2015-07-22,student,0.995,0.996,0.12012012012012012,7.303894335848229,0.166,0.04004004004004004,0.2202202202202202,0.17,0.04004004004004004,0.24024024024024024,-10.275199215225483,-10.336215670513083
2015-07-23,student,0.995,0.996,0.12012012012012012,8.30245057738846,0.124,0.04004004004004004,0.2202202202202202,0.124,0.04004004004004004,0.2202202202202202,-9.96989857402052,-10.017406534832597
2015-07-24,student,0.995,0.996,0.12012012012012012,6.057963939531284,0.142,0.04004004004004004,0.2202202202202202,0.14,0.04004004004004004,0.24024024024024024,-9.803306288191019,-9.849744036085958
2015-07-27,student,0.995,0.995,0.12012012012012012,2.85307763054884,0.146,0.04004004004004004,0.2202202202202202,0.146,0.04004004004004004,0.24024024024024024,-9.753839021801449,-9.806438800672808
2015-07-28,student,0.995,0.996,0.12012012012012012,2.7996059332188237,0.158,0.04004004004004004,0.2202202202202202,0.156,0.04004004004004004,0.2202202202202202,-9.973260670641,-9.996684092964998
2015-07-29,student,0.995,0.995,0.12012012012012012,2.1331307625197002,0.132,0.04004004004004004,0.2202202202202202,0.132,0.04004004004004004,0.22072072072072024,-9.915939518053081,-9.964825076640663
2015-07-30,student,0.995,0.996,0.12012012012012012,1.0214667739176095,0.116,0.04004004004004004,0.2202202202202202,0.116,0.04004004004004004,0.24024024024024024,-9.963509768045823,-10.01699424521625
2015-07-31,student,0.995,0.995,0.12012012012012012,3.4248393294273356,0.128,0.04004004004004004,0.2202202202202202,0.128,0.04004004004004004,0.22072072072072024,-10.088673706454832,-10.15232923449007
2015-08-03,student,0.994,0.994,0.12012012012012012,6.21694493120034,0.138,0.04004004004004004,0.2202202202202202,0.148,0.04004004004004004,0.24024024024024024,-10.198376338588995,-10.252005252093651
2015-08-04,student,0.994,0.994,0.12012012012012012,1.8441745400294007,0.12,0.04004004004004004,0.2202202202202202,0.128,0.04004004004004004,0.24024024024024024,-11.696011643594732,-11.770462088977109
2015-08-05,student,0.993,0.994,0.12012012012012012,2.2754109251714607,0.12,0.04004004004004004,0.2202202202202202,0.126,0.04004004004004004,0.24024024024024024,-10.324217101180642,-10.394756688438871
2015-08-06,student,0.992,0.994,0.12012012012012012,2.893913209297281,0.158,0.04004004004004004,0.2202202202202202,0.166,0.04004004004004004,0.24024024024024024,-9.92749631349661,-10.014829425296034
2015-08-07,student,0.992,0.994,0.12012012012012012,3.6823132943638055,0.106,0.04004004004004004,0.2202202202202202,0.11,0.04004004004004004,0.24024024024024024,-10.098744945768969,-10.171711165181275
2015-08-10,student,0.992,0.992,0.12012012012012012,5.4552703046900906,0.15,0.04004004004004004,0.2202202202202202,0.16,0.04004004004004004,0.24024024024024024,-10.20896593091411,-10.278530446118292
2015-08-11,student,0.989,0.992,0.12012012012012012,3.950381641872101,0.126,0.04004004004004004,0.2202202202202202,0.13,0.04004004004004004,0.24024024024024024,-9.920629712060427,-9.981487837247384
2015-08-12,student,0.989,0.992,0.12012012012012012,3.1858623288735,0.136,0.04004004004004004,0.2202202202202202,0.146,0.04004004004004004,0.24024024024024024,-10.010743985937122,-10.07316574188173
2015-08-13,student,0.992,0.993,0.12012012012012012,4.4361927074740795,0.12,0.04004004004004004,0.2202202202202202,0.136,0.04004004004004004,0.24024024024024024,-9.812074876167586,-9.849733541708163
2015-08-14,student,0.992,0.993,0.12012012012012012,2.956368210275364,0.11,0.04004004004004004,0.2202202202202202,0.114,0.04004004004004004,0.24024024024024024,-10.051634393398698,-10.077996297658808
2015-08-17,student,0.98,0.98,0.14014014014014015,2.614384980922135,0.122,0.04004004004004004,0.2202202202202202,0.128,0.04004004004004004,0.24024024024024024,-10.404619043394076,-10.460631441767264
2015-08-18,student,0.98,0.981,0.12012012012012012,4.161873426490664,0.124,0.04004004004004004,0.2202202202202202,0.138,0.04004004004004004,0.2202202202202202,-10.921540313786704,-10.962372565507842
2015-08-19,student,0.987,0.989,0.12012012012012012,2.632099631126045,0.132,0.04004004004004004,0.2202202202202202,0.14,0.04004004004004004,0.2202202202202202,-10.992098581309438,-11.023882725026617
2015-08-20,student,0.969,0.97,0.12012012012012012,-1.1641076855704557,0.122,0.04004004004004004,0.2202202202202202,0.136,0.04004004004004004,0.2202202202202202,-10.775451460856905,-10.806590608378196
2015-08-21,student,0.987,0.989,0.12012012012012012,-0.0964649529714956,0.106,0.04004004004004004,0.2202202202202202,0.122,0.04004004004004004,0.2202202202202202,-10.802814389555136,-10.82681195676313
2015-08-24,student,0.96,0.963,0.12012012012012012,-6.805894930121256,0.112,0.04004004004004004,0.2202202202202202,0.12,0.04004004004004004,0.2202202202202202,-10.551158802722464,-10.57435347372412
2015-08-25,student,0.985,0.987,0.12012012012012012,-4.030532003094396,0.148,0.04004004004004004,0.2202202202202202,0.148,0.04004004004004004,0.2202202202202202,-11.289791973849354,-11.31382695875548
2015-08-26,student,0.989,0.991,0.12012012012012012,-5.735678889344724,0.11,0.04004004004004004,0.2202202202202202,0.114,0.04004004004004004,0.2202202202202202,-11.507341699933557,-11.513086714726361
2015-08-27,student,0.992,0.993,0.12012012012012012,-5.293556802061936,0.106,0.04004004004004004,0.2202202202202202,0.108,0.04004004004004004,0.2202202202202202,-10.973860662987835,-11.015355809800058
2015-08-28,student,0.993,0.994,0.12012012012012012,-5.4701320572603285,0.122,0.04004004004004004,0.2202202202202202,0.126,0.04004004004004004,0.2202202202202202,-10.974386855156284,-11.004221517239456
2015-08-31,student,0.992,0.992,0.12012012012012012,-8.289898300916166,0.106,0.04004004004004004,0.20070070070070023,0.112,0.04004004004004004,0.2202202202202202,-10.975003370670073,-11.046535148947111
2015-09-01,student,0.992,0.993,0.12012012012012012,-12.090429877754225,0.118,0.04004004004004004,0.20070070070070023,0.128,0.04004004004004004,0.2202202202202202,-10.785736021005931,-10.859485675794774
2015-09-02,student,0.989,0.992,0.12012012012012012,-12.703961313347342,0.09,0.04004004004004004,0.20070070070070023,0.094,0.04004004004004004,0.2202202202202202,-10.9608580150163,-11.029219617488899
2015-09-03,student,0.993,0.993,0.12012012012012012,-9.207993136907668,0.112,0.04004004004004004,0.2202202202202202,0.12,0.04004004004004004,0.2202202202202202,-11.259689161080987,-11.337132494671637
2015-09-04,student,0.992,0.992,0.12012012012012012,-12.03421683724218,0.09,0.04004004004004004,0.20020020020020018,0.094,0.04004004004004004,0.2202202202202202,-10.950655682732897,-11.021091667633556
2015-09-07,student,0.992,0.991,0.16016016016016016,-6.76211442814174,0.124,0.04004004004004004,0.2202202202202202,0.172,0.08008008008008008,0.2802802802802803,-13.54624078697078,-13.935186206433587
2015-09-08,student,0.989,0.988,0.14014014014014015,-6.446748115507951,0.114,0.04004004004004004,0.2202202202202202,0.166,0.0795795795795796,0.2802802802802803,-12.960582212908637,-13.376278483021098
2015-09-09,student,0.992,0.989,0.12012012012012012,-1.824930831550033,0.13,0.04004004004004004,0.20070070070070023,0.176,0.06006006006006006,0.2602602602602602,-12.769369721339645,-13.139589867285638
2015-09-10,student,0.977,0.974,0.12012012012012012,-4.725036119437636,0.118,0.04004004004004004,0.20070070070070023,0.17,0.06006006006006006,0.2602602602602602,-12.034103705091823,-12.283240685445067
2015-09-11,student,0.979,0.977,0.08008008008008008,-4.858908193264437,0.126,0.04004004004004004,0.20070070070070023,0.166,0.06006006006006006,0.2602602602602602,-11.574927931649169,-11.882862467496903
2015-09-14,student,0.99,0.988,0.12012012012012012,-2.263951233185807,0.118,0.04004004004004004,0.20070070070070023,0.168,0.06006006006006006,0.2602602602602602,-11.63864968231893,-12.000398729654794
2015-09-15,student,0.977,0.975,0.12012012012012012,-0.8475037538641423,0.102,0.04004004004004004,0.20070070070070023,0.146,0.06006006006006006,0.2802802802802803,-11.811635190941644,-12.191037637228273
2015-09-16,student,0.969,0.968,0.14014014014014015,1.4373549956080183,0.124,0.04004004004004004,0.2202202202202202,0.18,0.0795795795795796,0.2802802802802803,-12.241125863515343,-12.76362443620258
2015-09-18,student,0.989,0.987,0.14014014014014015,2.2875718735367228,0.122,0.04004004004004004,0.2202202202202202,0.174,0.0795795795795796,0.2802802802802803,-11.59343885467911,-12.144013396006299
2015-09-21,student,0.988,0.987,0.14014014014014015,5.684816991436113,0.108,0.04004004004004004,0.2202202202202202,0.18,0.08008008008008008,0.2802802802802803,-11.830468293910773,-12.390443874068287
2015-09-22,student,0.944,0.94,0.14014014014014015,5.920826154287718,0.12,0.04004004004004004,0.2202202202202202,0.176,0.0795795795795796,0.2802802802802803,-11.35772657112564,-11.888673688006095
2015-09-23,student,0.994,0.994,0.12012012012012012,5.09862950818401,0.126,0.04004004004004004,0.20020020020020018,0.182,0.06006006006006006,0.2802802802802803,-11.223991660883543,-11.70138991474774
2015-09-24,student,0.989,0.988,0.14014014014014015,3.898585882977495,0.122,0.04004004004004004,0.2202202202202202,0.17,0.06006006006006006,0.2802802802802803,-11.028327629054939,-11.442946076087994
2015-09-28,student,0.988,0.989,0.10010010010010009,3.718982543930175,0.114,0.04004004004004004,0.20020020020020018,0.158,0.06006006006006006,0.2602602602602602,-10.937303989407177,-11.278324581889388
2015-09-29,student,0.992,0.992,0.12012012012012012,3.906189760743795,0.106,0.04004004004004004,0.2202202202202202,0.152,0.06006006006006006,0.2802802802802803,-10.678903665046812,-11.046135690495733
2015-09-30,student,0.994,0.992,0.12012012012012012,3.1530442536241354,0.126,0.04004004004004004,0.2202202202202202,0.2,0.06006006006006006,0.2802802802802803,-10.52886037184687,-10.907298748156323
2015-10-01,student,0.966,0.959,0.12012012012012012,3.7319663670946004,0.132,0.04004004004004004,0.2202202202202202,0.198,0.06006006006006006,0.2802802802802803,-10.516617454274263,-10.84941077066934
2015-10-05,student,0.993,0.992,0.12012012012012012,4.180509561658434,0.11,0.04004004004004004,0.2202202202202202,0.16,0.06006006006006006,0.2802802802802803,-10.064266239940665,-10.351853371147646
2015-10-06,student,0.974,0.969,0.12012012012012012,1.8262251625009,0.112,0.04004004004004004,0.2202202202202202,0.154,0.06006006006006006,0.2802802802802803,-9.746067409026619,-10.026374343474808
2015-10-07,student,0.994,0.994,0.12012012012012012,0.9280528218952151,0.134,0.04004004004004004,0.2202202202202202,0.178,0.08008008008008008,0.2802802802802803,-9.735198340765209,-10.00419912198918
2015-10-08,student,0.98,0.977,0.12012012012012012,2.214645714428255,0.118,0.04004004004004004,0.2202202202202202,0.178,0.06006006006006006,0.2802802802802803,-10.411442623060285,-10.709647693431082
2015-10-09,student,0.963,0.955,0.12012012012012012,2.9851044762633947,0.122,0.04004004004004004,0.2202202202202202,0.154,0.08008008008008008,0.2802802802802803,-9.942109773288752,-10.225528728450216
2015-10-12,student,0.979,0.975,0.12012012012012012,0.3575345847264302,0.118,0.04004004004004004,0.20070070070070023,0.164,0.08008008008008008,0.2802802802802803,-9.845865461961969,-10.187716961911079
2015-10-13,student,0.995,0.994,0.10010010010010009,0.6212519701990351,0.148,0.04004004004004004,0.2202202202202202,0.198,0.06006006006006006,0.2802802802802803,-9.942439430265567,-10.26181034407026
2015-10-14,student,0.995,0.994,0.10010010010010009,-0.6092432927823498,0.134,0.04004004004004004,0.2202202202202202,0.182,0.06006006006006006,0.2802802802802803,-9.74231120161899,-10.029858315518542
2015-10-15,student,0.994,0.994,0.10010010010010009,-0.4321161458236603,0.112,0.04004004004004004,0.2202202202202202,0.168,0.06006006006006006,0.2802802802802803,-10.00898860016913,-10.300254211852598
2015-10-16,student,0.994,0.994,0.08008008008008008,1.4142210288362898,0.112,0.04004004004004004,0.2202202202202202,0.172,0.06006006006006006,0.2802802802802803,-9.665514722093148,-9.907361239141819
2015-10-19,student,0.995,0.994,0.10010010010010009,0.3467725283767149,0.106,0.04004004004004004,0.20020020020020018,0.154,0.06006006006006006,0.2802802802802803,-9.536172937544736,-9.787794065057714
2015-10-20,student,0.995,0.995,0.10010010010010009,2.18237695021766,0.072,0.04004004004004004,0.20020020020020018,0.13,0.06006006006006006,0.2602602602602602,-9.455475143826542,-9.669684553366304
2015-10-21,student,0.995,0.994,0.10010010010010009,1.95357517427103,0.12,0.04004004004004004,0.20020020020020018,0.172,0.06006006006006006,0.2602602602602602,-9.360019317529606,-9.598777177949527
2015-10-23,student,0.995,0.995,0.08008008008008008,3.2692751161069897,0.116,0.04004004004004004,0.20020020020020018,0.146,0.06006006006006006,0.2602602602602602,-9.303353009099212,-9.502471093223827
2015-10-26,student,0.994,0.994,0.10010010010010009,1.3771115716084998,0.118,0.04004004004004004,0.20020020020020018,0.162,0.06006006006006006,0.2602602602602602,-9.370964277725781,-9.580191233045115
2015-10-27,student,0.995,0.994,0.10010010010010009,2.485482884755475,0.11,0.04004004004004004,0.20020020020020018,0.166,0.06006006006006006,0.2602602602602602,-9.260865921917476,-9.46540057902835
2015-10-28,bb7,0.995,0.994,0.08008008008008008,2.48634287170598,0.144,0.04004004004004004,0.20020020020020018,0.178,0.06006006006006006,0.2602602602602602,-9.188457571216135,-9.402816150786817
2015-10-29,bb7,0.997,0.995,0.10010010010010009,1.05668089822611,0.1,0.04004004004004004,0.20020020020020018,0.148,0.06006006006006006,0.2602602602602602,-9.17574246013476,-9.380153910485344
2015-10-30,bb7,0.996,0.995,0.10010010010010009,-0.28477087733575035,0.116,0.04004004004004004,0.20020020020020018,0.15,0.06006006006006006,0.2602602602602602,-9.08313931791995,-9.2870301308041
2015-11-02,bb7,0.997,0.996,0.08008008008008008,-2.4021863262616354,0.106,0.02002002002002002,0.20020020020020018,0.108,0.04004004004004004,0.20020020020020018,-9.32190374022284,-9.381147848191318
2015-11-03,bb7,0.997,0.996,0.08008008008008008,-2.2977432874825956,0.102,0.02002002002002002,0.20020020020020018,0.104,0.04004004004004004,0.20020020020020018,-9.327964676976352,-9.390148035959722
2015-11-04,bb7,0.997,0.996,0.08008008008008008,-2.73107906489747,0.1,0.02002002002002002,0.20020020020020018,0.1,0.04004004004004004,0.20020020020020018,-9.075663199547682,-9.154319260359944
2015-11-05,student,0.994,0.994,0.08008008008008008,-3.9738118421492157,0.088,0.02002002002002002,0.20020020020020018,0.094,0.04004004004004004,0.20020020020020018,-9.326918838212634,-9.40622006235005
2015-11-06,student,0.992,0.987,0.08008008008008008,-2.6023354669283756,0.136,0.02002002002002002,0.20020020020020018,0.138,0.04004004004004004,0.20020020020020018,-9.133692764478013,-9.223278966603567
2015-11-09,student,0.994,0.994,0.08008008008008008,-1.8030134597070955,0.088,0.02002002002002002,0.20020020020020018,0.128,0.06006006006006006,0.2602602602602602,-9.192059198062871,-9.415761595677871
2015-11-10,student,0.995,0.994,0.08008008008008008,-3.5729395959046655,0.1,0.02002002002002002,0.20020020020020018,0.15,0.06006006006006006,0.2602602602602602,-9.148482322015564,-9.372875821179052
2015-11-13,student,0.996,0.995,0.08008008008008008,-2.698386153131015,0.1,0.02002002002002002,0.20020020020020018,0.128,0.06006006006006006,0.2602602602602602,-9.480245068986608,-9.711587539175532
2015-11-16,student,0.996,0.995,0.08008008008008008,-0.5756729563134402,0.114,0.02002002002002002,0.20020020020020018,0.162,0.06006006006006006,0.24024024024024024,-9.39111123240429,-9.59914335800198
2015-11-17,student,0.994,0.994,0.06006006006006006,-1.1396767084178403,0.096,0.02002002002002002,0.20020020020020018,0.106,0.04004004004004004,0.20020020020020018,-9.06998201559204,-9.137558472748868
2015-11-18,student,0.996,0.995,0.08008008008008008,-4.315865566636796,0.114,0.02002002002002002,0.20020020020020018,0.136,0.06006006006006006,0.2602602602602602,-9.100985060969162,-9.367951976264324
2015-11-19,student,0.996,0.995,0.08008008008008008,-2.800505959612446,0.08,0.02002002002002002,0.20020020020020018,0.124,0.06006006006006006,0.24074074074074028,-9.162813212212212,-9.383909939192062
2015-11-20,student,0.995,0.995,0.08008008008008008,-3.0376014906494504,0.112,0.02002002002002002,0.20020020020020018,0.166,0.06006006006006006,0.2602602602602602,-9.22265023136203,-9.532699703136084
2015-11-23,student,0.996,0.994,0.08008008008008008,-1.3337253950373757,0.104,0.02002002002002002,0.18068068068068022,0.16,0.06006006006006006,0.2602602602602602,-9.499859787782114,-9.85015611949286
2015-11-24,student,0.996,0.994,0.08008008008008008,-4.790824982456731,0.088,0.02002002002002002,0.18068068068068022,0.134,0.06006006006006006,0.2602602602602602,-9.613796044444818,-9.942512068591943
2015-11-26,student,0.996,0.994,0.08008008008008008,-4.49715688073398,0.1,0.02002002002002002,0.18068068068068022,0.16,0.06006006006006006,0.2602602602602602,-9.710230661728165,-10.09441697147996
2015-11-27,student,0.995,0.994,0.06006006006006006,0.0035711863389851217,0.098,0.02002002002002002,0.18068068068068022,0.162,0.06006006006006006,0.2602602602602602,-9.902319940939499,-10.265912063798671
2015-11-30,student,0.995,0.994,0.06006006006006006,1.128904583998845,0.116,0.02002002002002002,0.18068068068068022,0.176,0.06006006006006006,0.2602602602602602,-9.588443925178709,-9.971453974769672
2015-12-01,student,0.994,0.994,0.08008008008008008,0.32556487266578005,0.112,0.02002002002002002,0.18068068068068022,0.16,0.06006006006006006,0.2602602602602602,-9.608965311951309,-9.976744723403167
2015-12-02,student,0.995,0.994,0.08008008008008008,-0.6976580248925301,0.112,0.02002002002002002,0.18068068068068022,0.156,0.06006006006006006,0.2602602602602602,-9.601324076076592,-10.000488036618506
2015-12-03,student,0.996,0.995,0.08008008008008008,1.8378102052633398,0.114,0.02002002002002002,0.20020020020020018,0.18,0.06006006006006006,0.2602602602602602,-9.870301253648382,-10.210903382456376
2015-12-04,student,0.996,0.994,0.08008008008008008,-0.5177066980344847,0.108,0.02002002002002002,0.20020020020020018,0.164,0.06006006006006006,0.2602602602602602,-9.723486587732713,-10.113175740863374
2015-12-07,student,0.996,0.994,0.08008008008008008,-1.1859182494254796,0.088,0.02002002002002002,0.20020020020020018,0.14,0.06006006006006006,0.2602602602602602,-9.561324930329569,-9.91581025943504
2015-12-08,student,0.995,0.994,0.08008008008008008,-1.8535694488893246,0.114,0.02002002002002002,0.20020020020020018,0.166,0.06006006006006006,0.2602602602602602,-9.61350722921136,-9.923853206328872
2015-12-09,student,0.995,0.994,0.08008008008008008,-2.097120378647435,0.082,0.02002002002002002,0.20020020020020018,0.136,0.06006006006006006,0.2602602602602602,-9.643653609623179,-9.980150852682888
2015-12-10,student,0.995,0.994,0.08008008008008008,-2.4644861688261246,0.114,0.02002002002002002,0.20020020020020018,0.156,0.06006006006006006,0.2602602602602602,-9.531405334446259,-9.892456466664632
2015-12-11,student,0.997,0.994,0.08008008008008008,-5.338895522889185,0.092,0.02002002002002002,0.20020020020020018,0.146,0.06006006006006006,0.2602602602602602,-9.599964367618853,-9.935605759013368
2015-12-14,student,0.994,0.992,0.06006006006006006,-5.6395128993972845,0.108,0.02002002002002002,0.20020020020020018,0.186,0.06006006006006006,0.2602602602602602,-9.645578237725957,-10.04544708056223
2015-12-15,student,0.994,0.992,0.08008008008008008,-5.0650944339814545,0.126,0.02002002002002002,0.20020020020020018,0.174,0.06006006006006006,0.2602602602602602,-9.536200966086723,-9.932133387167378
2015-12-16,student,0.994,0.99,0.08008008008008008,-2.037617690305285,0.108,0.02002002002002002,0.20020020020020018,0.162,0.06006006006006006,0.2602602602602602,-9.677716559774625,-10.111506915669622
2015-12-17,student,0.994,0.993,0.08008008008008008,0.11863306259022055,0.106,0.04004004004004004,0.20020020020020018,0.16,0.06006006006006006,0.2802802802802803,-9.719315494772895,-10.145445370743042
2015-12-18,student,0.994,0.993,0.08008008008008008,-1.5239207663162204,0.122,0.02002002002002002,0.20020020020020018,0.182,0.06006006006006006,0.2602602602602602,-9.575358920528362,-9.956375646852493
2015-12-21,student,0.995,0.993,0.08008008008008008,0.9132558167350999,0.112,0.04004004004004004,0.20020020020020018,0.168,0.06006006006006006,0.2802802802802803,-9.513978843099041,-9.851824245349755
2015-12-22,student,0.994,0.993,0.08008008008008008,0.21222574856182463,0.07,0.04004004004004004,0.20020020020020018,0.12,0.06006006006006006,0.2602602602602602,-9.43997958079838,-9.784128473481115
2015-12-23,student,0.995,0.993,0.08008008008008008,2.39001518795535,0.13,0.04004004004004004,0.20020020020020018,0.176,0.06006006006006006,0.2602602602602602,-9.433093634945607,-9.80911816805112
2015-12-24,student,0.994,0.993,0.08008008008008008,1.4930981147966047,0.092,0.02002002002002002,0.20020020020020018,0.142,0.06006006006006006,0.2602602602602602,-9.39547069276376,-9.750775588488933
2015-12-28,student,0.983,0.978,0.08008008008008008,2.759007741564425,0.092,0.02002002002002002,0.20020020020020018,0.15,0.06006006006006006,0.2602602602602602,-9.532379882855867,-9.946380036248447
2015-12-29,student,0.994,0.993,0.08008008008008008,2.1145474113413756,0.098,0.02002002002002002,0.20020020020020018,0.146,0.06006006006006006,0.2602602602602602,-9.160104280256574,-9.473269620148242
2015-12-30,student,0.995,0.993,0.08008008008008008,0.2716778071778756,0.092,0.02002002002002002,0.20020020020020018,0.128,0.06006006006006006,0.2602602602602602,-9.11350158401495,-9.454622745473637
2015-12-31,student,0.994,0.993,0.08008008008008008,-0.19704051703172942,0.108,0.02002002002002002,0.20020020020020018,0.148,0.06006006006006006,0.2602602602602602,-9.136690591872174,-9.555787575191
2016-01-01,student,0.994,0.993,0.08008008008008008,-0.7594404348918543,0.11,0.02002002002002002,0.20020020020020018,0.152,0.06006006006006006,0.2602602602602602,-9.097009563218386,-9.525479694108995
2016-01-04,student,0.995,0.993,0.08008008008008008,-1.4936103946678092,0.116,0.02002002002002002,0.20020020020020018,0.168,0.06006006006006006,0.2602602602602602,-9.287926772349307,-9.794498590315555
2016-01-05,student,0.995,0.994,0.08008008008008008,-4.1845617220431395,0.12,0.02002002002002002,0.20020020020020018,0.196,0.06006006006006006,0.2602602602602602,-9.338825627359434,-9.793352984722961
2016-01-06,student,0.995,0.994,0.08008008008008008,-3.252502984621864,0.106,0.02002002002002002,0.20020020020020018,0.17,0.06006006006006006,0.2602602602602602,-9.332056014078752,-9.775266744277054
2016-01-07,student,0.994,0.993,0.08008008008008008,-6.9062440508331795,0.124,0.02002002002002002,0.20020020020020018,0.192,0.06006006006006006,0.2602602602602602,-9.23332187849092,-9.654341931698486
2016-01-08,student,0.996,0.994,0.08008008008008008,-5.958737641969535,0.114,0.02002002002002002,0.20020020020020018,0.154,0.06006006006006006,0.2602602602602602,-9.158833471768084,-9.645945732190635
2016-01-11,student,0.997,0.994,0.08008008008008008,-7.955540242589349,0.094,0.02002002002002002,0.20020020020020018,0.13,0.06006006006006006,0.2602602602602602,-8.984560051607613,-9.483983448452038
2016-01-12,student,0.997,0.994,0.08008008008008008,-9.287031738468185,0.094,0.02002002002002002,0.20020020020020018,0.16,0.06006006006006006,0.2602602602602602,-9.159749519860423,-9.66848092793976
2016-01-13,bb7,0.996,0.994,0.08008008008008008,-5.97577218959155,0.132,0.02002002002002002,0.20020020020020018,0.198,0.06006006006006006,0.2602602602602602,-9.250009843189284,-9.691998976646689
2016-01-14,student,0.995,0.993,0.08008008008008008,-5.53107652656997,0.124,0.02002002002002002,0.18068068068068022,0.186,0.06006006006006006,0.2602602602602602,-9.024748852523775,-9.363260229186261
2016-01-15,student,0.995,0.993,0.08008008008008008,-9.05170618751921,0.098,0.02002002002002002,0.18068068068068022,0.15,0.06006006006006006,0.2602602602602602,-8.753618769071998,-9.078734107672718
2016-01-18,bb7,0.996,0.994,0.10010010010010009,-7.5175755922402905,0.094,0.02002002002002002,0.20020020020020018,0.136,0.06006006006006006,0.2802802802802803,-9.229884362089686,-9.531089769210839
2016-01-19,student,0.997,0.994,0.10010010010010009,-5.7425035028119655,0.11,0.02002002002002002,0.20020020020020018,0.184,0.06006006006006006,0.2802802802802803,-9.145035858775378,-9.464925754319513
2016-01-20,student,0.997,0.995,0.10010010010010009,-8.73853597925137,0.092,0.02002002002002002,0.20020020020020018,0.17,0.06006006006006006,0.2802802802802803,-9.059546156708246,-9.339460150670234
2016-01-21,student,0.997,0.995,0.10010010010010009,-4.893415123721925,0.102,0.02002002002002002,0.20020020020020018,0.176,0.0795795795795796,0.2802802802802803,-9.501385418399169,-9.801676399014385
2016-01-22,student,0.997,0.995,0.10010010010010009,-2.87737299719728,0.11,0.02002002002002002,0.20020020020020018,0.178,0.08008008008008008,0.2802802802802803,-9.205330112197466,-9.456850724007513
2016-01-25,student,0.997,0.994,0.10010010010010009,-1.7807780514782152,0.13,0.02002002002002002,0.20020020020020018,0.198,0.0795795795795796,0.2802802802802803,-9.217277373425624,-9.456266327038954
2016-01-27,bb7,0.997,0.995,0.10010010010010009,0.1381805669679344,0.074,0.02002002002002002,0.20020020020020018,0.124,0.0795795795795796,0.2802802802802803,-9.258048439064552,-9.546387238225828
2016-01-28,student,0.997,0.995,0.10010010010010009,-1.96707351713391,0.082,0.02002002002002002,0.20020020020020018,0.166,0.0795795795795796,0.2802802802802803,-9.164135079816807,-9.51375181939502
2016-01-29,student,0.996,0.995,0.10010010010010009,-2.9101096824919255,0.09,0.02002002002002002,0.20020020020020018,0.176,0.06006006006006006,0.2802802802802803,-9.636640633672712,-10.024700583536088
2016-02-01,bb7,0.997,0.995,0.10010010010010009,-1.789862725714545,0.068,0.02002002002002002,0.20020020020020018,0.118,0.06006006006006006,0.2802802802802803,-10.489149208822475,-10.874614557164662
2016-02-02,bb7,0.997,0.995,0.10010010010010009,-1.419786451908235,0.098,0.02002002002002002,0.20020020020020018,0.14,0.06006006006006006,0.2802802802802803,-10.224792652065146,-10.604872990646374
2016-02-03,bb7,0.997,0.996,0.10010010010010009,-4.06047940193279,0.074,0.02002002002002002,0.20020020020020018,0.128,0.06006006006006006,0.2802802802802803,-9.986529772334205,-10.389065495989733
2016-02-04,student,0.998,0.997,0.10010010010010009,-0.6677024496673599,0.114,0.02002002002002002,0.20020020020020018,0.182,0.06006006006006006,0.2802802802802803,-10.891895700979804,-11.273959699030947
2016-02-05,student,0.998,0.997,0.10010010010010009,-0.5239727127312399,0.118,0.02002002002002002,0.20020020020020018,0.198,0.08008008008008008,0.2802802802802803,-10.204476692380304,-10.556074714871237
2016-02-08,student,0.994,0.989,0.10010010010010009,-2.8550684958694807,0.09,0.02002002002002002,0.20020020020020018,0.158,0.08008008008008008,0.2802802802802803,-10.814321455685414,-11.199947099272249
2016-02-09,student,0.999,0.997,0.10010010010010009,-5.882201265650391,0.094,0.02002002002002002,0.20020020020020018,0.164,0.0795795795795796,0.2802802802802803,-10.68259275113147,-11.052193358805585
2016-02-10,student,0.997,0.996,0.10010010010010009,-8.743096948986675,0.106,0.02002002002002002,0.20020020020020018,0.174,0.06006006006006006,0.2802802802802803,-10.456100358435142,-10.849885565354448
2016-02-11,bb7,0.998,0.997,0.10010010010010009,-11.464256874048552,0.08,0.02002002002002002,0.20020020020020018,0.146,0.06006006006006006,0.2802802802802803,-9.907920173692402,-10.255312887327083
2016-02-12,student,0.999,0.997,0.10010010010010009,-11.082257476867694,0.126,0.02002002002002002,0.20020020020020018,0.192,0.06006006006006006,0.2802802802802803,-10.23060453560714,-10.559528157531357
2016-02-15,bb7,0.998,0.997,0.10010010010010009,-5.042791542727503,0.088,0.02002002002002002,0.18068068068068022,0.146,0.06006006006006006,0.2802802802802803,-10.560224541911932,-10.86148651329632
2016-02-16,student,0.997,0.995,0.10010010010010009,-8.27043516770803,0.118,0.02002002002002002,0.18018018018018017,0.188,0.06006006006006006,0.2802802802802803,-10.409066565680867,-10.669972263137279
2016-02-17,student,0.997,0.995,0.10010010010010009,-4.839059079841558,0.1,0.02002002002002002,0.18018018018018017,0.158,0.06006006006006006,0.2802802802802803,-10.24399054669973,-10.531213871186429
2016-02-18,student,0.997,0.995,0.10010010010010009,-3.3924619732653487,0.11,0.02002002002002002,0.18018018018018017,0.172,0.06006006006006006,0.2802802802802803,-10.121329908935499,-10.4318289726856
2016-02-19,student,0.997,0.995,0.10010010010010009,-3.1129880007310122,0.108,0.02002002002002002,0.18018018018018017,0.162,0.06006006006006006,0.2802802802802803,-9.813306537955311,-10.133072116812496
2016-02-22,student,0.997,0.996,0.10010010010010009,-3.1966162710810897,0.092,0.02002002002002002,0.18018018018018017,0.152,0.06006006006006006,0.2802802802802803,-10.035432371929192,-10.283311964319399
2016-02-23,bb7,0.997,0.995,0.10010010010010009,-1.8987228834230379,0.074,0.02002002002002002,0.18018018018018017,0.12,0.06006006006006006,0.2802802802802803,-10.539101747714438,-10.813078119628265
2016-02-24,student,0.996,0.995,0.10010010010010009,-0.10429191442299812,0.1,0.02002002002002002,0.18018018018018017,0.166,0.06006006006006006,0.2802802802802803,-11.119435969239975,-11.393421556401947
2016-02-25,student,0.995,0.994,0.10010010010010009,0.6454732708918223,0.096,0.02002002002002002,0.18018018018018017,0.164,0.08008008008008008,0.2802802802802803,-11.218712920823451,-11.517060540334139
2016-02-26,student,0.997,0.995,0.10010010010010009,2.0089119620961373,0.086,0.02002002002002002,0.18018018018018017,0.188,0.08008008008008008,0.2802802802802803,-10.773819340622786,-11.080065238660238
2016-02-29,student,0.997,0.995,0.10010010010010009,-3.140881776087574,0.106,0.02002002002002002,0.18018018018018017,0.17,0.08008008008008008,0.2802802802802803,-12.056621507084166,-12.402960574828592
2016-03-01,student,0.995,0.995,0.08008008008008008,3.8748740653674707,0.094,0.02002002002002002,0.18018018018018017,0.172,0.08008008008008008,0.2802802802802803,-14.282257528239644,-14.702490755590203
2016-03-02,student,0.995,0.994,0.08008008008008008,9.117372905628905,0.088,0.02002002002002002,0.18018018018018017,0.158,0.08008008008008008,0.2802802802802803,-13.166121441770814,-13.5687161738695
2016-03-03,bb7,0.995,0.995,0.10010010010010009,8.712073791485551,0.088,0.02002002002002002,0.18018018018018017,0.136,0.0795795795795796,0.2802802802802803,-12.595076977684123,-12.953387075132818
2016-03-04,student,0.995,0.994,0.10010010010010009,8.61099449694793,0.108,0.02002002002002002,0.18018018018018017,0.166,0.0795795795795796,0.2802802802802803,-12.163376769418887,-12.507628989618071
2016-03-08,student,0.995,0.994,0.10010010010010009,6.8947586819549755,0.086,0.02002002002002002,0.18018018018018017,0.166,0.0795795795795796,0.2802802802802803,-11.455384297792978,-11.818141016934097
2016-03-09,student,0.995,0.995,0.08008008008008008,9.667621623605656,0.1,0.02002002002002002,0.18018018018018017,0.164,0.0795795795795796,0.2802802802802803,-11.630706462169634,-11.999158050181446
2016-03-10,student,0.995,0.994,0.10010010010010009,7.9539112341699205,0.108,0.02002002002002002,0.18018018018018017,0.194,0.0795795795795796,0.2802802802802803,-11.228765221644563,-11.616556943806136
2016-03-11,student,0.995,0.994,0.08008008008008008,9.99871323153479,0.084,0.02002002002002002,0.18018018018018017,0.152,0.0795795795795796,0.2802802802802803,-11.321491799714492,-11.724480699822527
2016-03-14,student,0.995,0.995,0.08008008008008008,8.557143664217044,0.12,0.02002002002002002,0.18018018018018017,0.19,0.0795795795795796,0.2802802802802803,-11.151530093552298,-11.628040099571407
2016-03-15,student,0.997,0.995,0.10010010010010009,10.002246402792114,0.102,0.02002002002002002,0.18018018018018017,0.186,0.0795795795795796,0.2802802802802803,-10.793557797535929,-11.238242044326856
2016-03-16,student,0.996,0.995,0.10010010010010009,7.861914753940619,0.106,0.02002002002002002,0.18018018018018017,0.164,0.0795795795795796,0.2802802802802803,-10.727275988547625,-11.192695993237095
2016-03-17,student,0.995,0.994,0.08008008008008008,1.6631569462000102,0.082,0.02002002002002002,0.18068068068068022,0.156,0.06006006006006006,0.2802802802802803,-13.621411924609196,-14.081799262870177
2016-03-18,student,0.995,0.994,0.10010010010010009,3.293161456882545,0.09,0.02002002002002002,0.18068068068068022,0.158,0.06006006006006006,0.2802802802802803,-13.304803974774739,-13.80669209602935
2016-03-21,student,0.995,0.994,0.10010010010010009,3.2062077233090043,0.12,0.02002002002002002,0.18068068068068022,0.188,0.06006006006006006,0.2802802802802803,-13.097446181387538,-13.59828424808393
2016-03-22,student,0.995,0.994,0.10010010010010009,4.8431819266759994,0.106,0.02002002002002002,0.18068068068068022,0.168,0.06006006006006006,0.2802802802802803,-12.694115072396201,-13.168507809784783
2016-03-23,student,0.994,0.993,0.08008008008008008,4.702993147940416,0.088,0.02002002002002002,0.18068068068068022,0.15,0.06006006006006006,0.2802802802802803,-11.949998376940862,-12.388089382190024
2016-03-28,student,0.994,0.994,0.08008008008008008,4.774189463328244,0.102,0.02002002002002002,0.18068068068068022,0.166,0.06006006006006006,0.2802802802802803,-11.753368193928797,-12.19506659232149
2016-03-29,student,0.994,0.994,0.10010010010010009,4.862385285500345,0.126,0.02002002002002002,0.18018018018018017,0.212,0.06006006006006006,0.2802802802802803,-11.22643340661729,-11.63995021309863
2016-03-30,bb7,0.995,0.994,0.10010010010010009,6.927336110134464,0.09,0.02002002002002002,0.18018018018018017,0.148,0.06006006006006006,0.2802802802802803,-10.626063385334932,-10.9652495400524
2016-03-31,bb7,0.992,0.987,0.10010010010010009,5.92613281489867,0.086,0.02002002002002002,0.18018018018018017,0.148,0.06006006006006006,0.2802802802802803,-10.236858912946015,-10.565549000778006
2016-04-01,student,0.994,0.993,0.10010010010010009,4.992703266395515,0.118,0.02002002002002002,0.18068068068068022,0.212,0.06006006006006006,0.2802802802802803,-10.015944576960173,-10.30246206924889
2016-04-04,student,0.994,0.994,0.08008008008008008,5.599827449772505,0.094,0.02002002002002002,0.18068068068068022,0.182,0.06006006006006006,0.2802802802802803,-9.680291384106486,-9.98077988421671
2016-04-05,student,0.994,0.993,0.10010010010010009,-0.7432237089964602,0.11,0.02002002002002002,0.18068068068068022,0.198,0.0795795795795796,0.28078078078078034,-9.848611074657656,-10.164851448229747
2016-04-06,student,0.994,0.994,0.10010010010010009,-3.16128746955706,0.1,0.02002002002002002,0.18068068068068022,0.152,0.04004004004004004,0.24024024024024024,-9.890029359820389,-10.07178399850229
2016-04-07,bb7,0.994,0.994,0.08008008008008008,-4.4566575808101705,0.082,0.02002002002002002,0.18068068068068022,0.102,0.04004004004004004,0.24024024024024024,-9.681707984133613,-9.842855790539184
2016-04-08,bb7,0.994,0.994,0.08008008008008008,-5.32872700578155,0.088,0.02002002002002002,0.18068068068068022,0.112,0.04004004004004004,0.24024024024024024,-9.47456647368553,-9.642929778883238
2016-04-11,bb7,0.994,0.992,0.08008008008008008,-0.8924269403461857,0.074,0.02002002002002002,0.18068068068068022,0.094,0.04004004004004004,0.24024024024024024,-10.272572450208452,-10.436603376312592
2016-04-12,student,0.994,0.992,0.08008008008008008,-1.0830686094620903,0.116,0.02002002002002002,0.18068068068068022,0.132,0.04004004004004004,0.24024024024024024,-9.871057105689596,-10.04189998519229
2016-04-13,bb7,0.994,0.992,0.08008008008008008,-2.8488126575928057,0.1,0.02002002002002002,0.18018018018018017,0.114,0.04004004004004004,0.22072072072072024,-10.009796140046555,-10.18758273867052
2016-04-18,bb7,0.994,0.994,0.10010010010010009,-1.1384817256890003,0.08,0.02002002002002002,0.18018018018018017,0.118,0.04004004004004004,0.22072072072072024,-10.21387744352505,-10.384934211466515
2016-04-20,bb7,0.994,0.994,0.10010010010010009,-0.6229154956721363,0.104,0.02002002002002002,0.18018018018018017,0.118,0.04004004004004004,0.22072072072072024,-9.935463341373211,-10.1066945081099
2016-04-21,student,0.994,0.992,0.08008008008008008,-0.7944073358065111,0.108,0.02002002002002002,0.18018018018018017,0.138,0.04004004004004004,0.22072072072072024,-9.693925636345424,-9.8890392341291
2016-04-22,bb7,0.994,0.989,0.08008008008008008,3.7598545924746096,0.086,0.02002002002002002,0.18068068068068022,0.112,0.04004004004004004,0.24024024024024024,-10.791575669574105,-11.022810660101571
2016-04-25,bb7,0.994,0.99,0.08008008008008008,4.0937983477937845,0.078,0.02002002002002002,0.18068068068068022,0.124,0.04004004004004004,0.24024024024024024,-10.332272210236486,-10.554860648463997
2016-04-26,student,0.995,0.99,0.08008008008008008,7.065003706603434,0.114,0.02002002002002002,0.18068068068068022,0.144,0.04004004004004004,0.24024024024024024,-10.393965982142214,-10.6153592560734
2016-04-27,bb7,0.995,0.992,0.08008008008008008,6.535747292083699,0.11,0.02002002002002002,0.18068068068068022,0.128,0.04004004004004004,0.24024024024024024,-10.013453688169623,-10.231708595129556
2016-04-28,bb7,0.995,0.99,0.08008008008008008,2.054432142305069,0.092,0.02002002002002002,0.20020020020020018,0.118,0.04004004004004004,0.24024024024024024,-9.937567463698574,-10.143258735787578
2016-04-29,bb7,0.995,0.995,0.08008008008008008,1.4020574960091003,0.086,0.02002002002002002,0.20020020020020018,0.126,0.04004004004004004,0.24024024024024024,-9.996416080225531,-10.203431907769241
2016-05-02,bb7,0.995,0.993,0.08008008008008008,-0.3670004311001003,0.092,0.02002002002002002,0.20020020020020018,0.128,0.04004004004004004,0.24024024024024024,-9.838066498434332,-10.051514745364761
2016-05-03,bb7,0.995,0.993,0.08008008008008008,-3.24884819262733,0.092,0.02002002002002002,0.20020020020020018,0.112,0.04004004004004004,0.24024024024024024,-10.308125503184426,-10.549383684883512
2016-05-04,bb7,0.995,0.995,0.08008008008008008,-4.252825131008731,0.092,0.02002002002002002,0.20020020020020018,0.124,0.04004004004004004,0.22072072072072024,-9.646206944052706,-9.857402600956608
2016-05-05,bb7,0.995,0.995,0.08008008008008008,-5.137649558308249,0.094,0.02002002002002002,0.20020020020020018,0.114,0.04004004004004004,0.2202202202202202,-10.078968032203479,-10.282755461324948
2016-05-06,bb7,0.995,0.995,0.08008008008008008,-5.354958212976419,0.08,0.02002002002002002,0.18068068068068022,0.104,0.04004004004004004,0.2202202202202202,-10.281213064425016,-10.48660319556007
2016-05-09,bb7,0.996,0.995,0.08008008008008008,-2.860652303436479,0.102,0.02002002002002002,0.18018018018018017,0.122,0.04004004004004004,0.2202202202202202,-10.34605323692825,-10.554997617992118
2016-05-10,student,0.995,0.992,0.08008008008008008,-3.7248003959385847,0.11,0.02002002002002002,0.18018018018018017,0.138,0.04004004004004004,0.2202202202202202,-10.007728538500047,-10.19922285693814
2016-05-11,student,0.996,0.995,0.10010010010010009,-4.4947198276351354,0.094,0.02002002002002002,0.18018018018018017,0.164,0.06006006006006006,0.2802802802802803,-10.196675073004295,-10.601479728369743
2016-05-12,bb7,0.996,0.995,0.10010010010010009,-0.8977549285986997,0.096,0.02002002002002002,0.18018018018018017,0.114,0.04004004004004004,0.2202202202202202,-10.151719338818257,-10.320741116164319
2016-05-13,bb7,0.996,0.996,0.10010010010010009,-1.1453189800399697,0.098,0.02002002002002002,0.18018018018018017,0.12,0.04004004004004004,0.2202202202202202,-9.800296918893816,-9.960896601495692
2016-05-16,student,0.995,0.994,0.08008008008008008,-1.958986437843964,0.106,0.02002002002002002,0.18018018018018017,0.14,0.04004004004004004,0.2202202202202202,-9.635639135458122,-9.809191985178115
2016-05-17,bb7,0.996,0.995,0.10010010010010009,-0.4713648664376594,0.118,0.02002002002002002,0.18018018018018017,0.14,0.04004004004004004,0.2202202202202202,-9.840435961624566,-10.022174658269616
2016-05-18,bb7,0.995,0.995,0.10010010010010009,0.8754911671644257,0.098,0.02002002002002002,0.18018018018018017,0.114,0.04004004004004004,0.2202202202202202,-9.75933958642738,-9.92435654744413
2016-05-19,bb7,0.995,0.99,0.10010010010010009,-1.6125864060492798,0.106,0.02002002002002002,0.18018018018018017,0.14,0.04004004004004004,0.2202202202202202,-9.521809258316614,-9.671265479672956
2016-05-20,bb7,0.995,0.995,0.10010010010010009,-2.8129399325477094,0.082,0.02002002002002002,0.18018018018018017,0.116,0.04004004004004004,0.2202202202202202,-9.604708117133068,-9.757853660639498
2016-05-23,bb7,0.996,0.995,0.10010010010010009,-6.15372666942127,0.106,0.02002002002002002,0.18018018018018017,0.136,0.04004004004004004,0.2202202202202202,-9.529789449454986,-9.673807410200702
2016-05-24,student,0.995,0.995,0.10010010010010009,-6.62035258226992,0.106,0.02002002002002002,0.20020020020020018,0.16,0.06006006006006006,0.2802802802802803,-9.388706148236306,-9.73437969110448
2016-05-25,student,0.995,0.994,0.10010010010010009,-2.467823172157264,0.1,0.02002002002002002,0.20020020020020018,0.16,0.06006006006006006,0.2802802802802803,-9.648579558547434,-10.028186824398402
2016-05-26,student,0.995,0.995,0.10010010010010009,-0.17926164300733927,0.09,0.02002002002002002,0.20020020020020018,0.156,0.06006006006006006,0.2802802802802803,-9.518784214349854,-9.918446114702451
2016-05-27,student,0.995,0.995,0.08008008008008008,4.542804167392395,0.094,0.02002002002002002,0.20020020020020018,0.156,0.06006006006006006,0.2802802802802803,-9.838822682527546,-10.232032172755337
2016-05-30,student,0.995,0.995,0.08008008008008008,7.99564600482369,0.1,0.02002002002002002,0.20020020020020018,0.16,0.06006006006006006,0.2802802802802803,-10.325613778761753,-10.669043207794282
2016-05-31,student,0.995,0.994,0.08008008008008008,8.77001809250769,0.09,0.02002002002002002,0.20020020020020018,0.146,0.06006006006006006,0.2802802802802803,-9.966305990106667,-10.318886953232584
2016-06-01,student,0.994,0.992,0.06006006006006006,6.801787704531645,0.108,0.02002002002002002,0.18018018018018017,0.158,0.06006006006006006,0.2602602602602602,-9.672720619595392,-10.01464006650695
2016-06-02,bb7,0.994,0.992,0.06006006006006006,9.73734677763049,0.122,0.02002002002002002,0.18018018018018017,0.176,0.06006006006006006,0.2602602602602602,-10.618715513454168,-10.973082088725326
2016-06-03,student,0.989,0.984,0.06006006006006006,10.171554277723486,0.096,0.02002002002002002,0.18018018018018017,0.164,0.06006006006006006,0.2602602602602602,-10.014675564255365,-10.350679200576499
2016-06-06,bb7,0.989,0.984,0.06006006006006006,12.18461933329179,0.112,0.02002002002002002,0.18018018018018017,0.178,0.06006006006006006,0.2602602602602602,-9.841779734901937,-10.171077351995596
2016-06-07,student,0.994,0.992,0.08008008008008008,14.25014422040225,0.096,0.02002002002002002,0.18018018018018017,0.146,0.06006006006006006,0.2602602602602602,-9.62551228591061,-9.903557025192912
2016-06-08,student,0.994,0.992,0.08008008008008008,11.110057451419967,0.104,0.02002002002002002,0.18068068068068022,0.156,0.06006006006006006,0.2602602602602602,-9.804966091132702,-10.120325594450222
2016-06-09,student,0.994,0.992,0.08008008008008008,5.776319641267131,0.12,0.02002002002002002,0.18068068068068022,0.176,0.06006006006006006,0.2602602602602602,-10.224424764549237,-10.511082176664154
2016-06-10,student,0.994,0.989,0.08008008008008008,0.9767878194631148,0.104,0.02002002002002002,0.18068068068068022,0.154,0.06006006006006006,0.2602602602602602,-11.05192200794215,-11.308352256771812
2016-06-13,student,0.995,0.994,0.08008008008008008,-1.5748397638657199,0.102,0.02002002002002002,0.18068068068068022,0.154,0.06006006006006006,0.2602602602602602,-10.928378648583374,-11.185223652337697
2016-06-14,student,0.994,0.992,0.08008008008008008,-1.14203264268566,0.12,0.02002002002002002,0.18018018018018017,0.16,0.06006006006006006,0.2602602602602602,-10.624795909733546,-10.834313745141207
2016-06-15,student,0.994,0.994,0.08008008008008008,2.741786290482165,0.108,0.02002002002002002,0.18018018018018017,0.148,0.06006006006006006,0.2602602602602602,-10.995466270147245,-11.211142773989717
2016-06-16,student,0.995,0.994,0.08008008008008008,1.8542796544739755,0.112,0.02002002002002002,0.18018018018018017,0.158,0.06006006006006006,0.2602602602602602,-10.402047107006402,-10.634045934002609
2016-06-17,student,0.995,0.994,0.08008008008008008,1.1162778476146051,0.086,0.02002002002002002,0.18018018018018017,0.138,0.06006006006006006,0.2602602602602602,-10.284970174502009,-10.45619593947793
2016-06-20,student,0.995,0.994,0.08008008008008008,2.336093948457641,0.1,0.02002002002002002,0.18018018018018017,0.144,0.06006006006006006,0.2602602602602602,-9.939650666548086,-10.099122415252172
2016-06-21,student,0.994,0.989,0.08008008008008008,-0.5961621339045396,0.136,0.02002002002002002,0.18018018018018017,0.188,0.06006006006006006,0.2602602602602602,-10.450420951121462,-10.671760293545724
2016-06-22,student,0.994,0.989,0.08008008008008008,-0.485469132594304,0.09,0.02002002002002002,0.18018018018018017,0.146,0.06006006006006006,0.2602602602602602,-10.39834192571646,-10.619531709172854
2016-06-23,student,0.994,0.989,0.08008008008008008,2.866831958499205,0.096,0.02002002002002002,0.18018018018018017,0.164,0.06006006006006006,0.2602602602602602,-10.261825236131036,-10.488936138651376
2016-06-24,student,0.994,0.989,0.08008008008008008,1.8577762454227598,0.114,0.02002002002002002,0.18018018018018017,0.164,0.06006006006006006,0.2602602602602602,-10.117406711935299,-10.354162976495305
2016-06-27,student,0.994,0.989,0.08008008008008008,3.039255391777005,0.114,0.02002002002002002,0.18018018018018017,0.162,0.06006006006006006,0.2602602602602602,-10.20111365672548,-10.453395714974313
2016-06-28,student,0.992,0.987,0.08008008008008008,1.2569730489533602,0.12,0.02002002002002002,0.18018018018018017,0.184,0.06006006006006006,0.2602602602602602,-10.211654001877712,-10.49767178286609
2016-06-29,student,0.992,0.986,0.08008008008008008,-0.2880741647072702,0.126,0.02002002002002002,0.18018018018018017,0.172,0.06006006006006006,0.2602602602602602,-10.333730470878331,-10.606275237612467
2016-06-30,student,0.993,0.988,0.08008008008008008,-0.0009623395025553649,0.108,0.02002002002002002,0.18018018018018017,0.142,0.06006006006006006,0.2602602602602602,-10.077830977813868,-10.370368819436251
2016-07-01,student,0.994,0.988,0.08008008008008008,1.1183621114435796,0.088,0.02002002002002002,0.18018018018018017,0.146,0.06006006006006006,0.2602602602602602,-10.05641438878519,-10.313276355722431
2016-07-04,student,0.994,0.992,0.08008008008008008,0.5813025185578045,0.106,0.02002002002002002,0.18018018018018017,0.176,0.06006006006006006,0.2602602602602602,-9.625878843048959,-9.921949607121075
2016-07-05,student,0.996,0.994,0.08008008008008008,0.8847379792882696,0.126,0.02002002002002002,0.18018018018018017,0.178,0.06006006006006006,0.2602602602602602,-9.526998276579034,-9.807642683705192
2016-07-07,student,0.997,0.994,0.08008008008008008,-0.14130463093445522,0.11,0.02002002002002002,0.18018018018018017,0.156,0.06006006006006006,0.2602602602602602,-9.419983530889644,-9.717308358064837
2016-07-08,student,0.997,0.994,0.08008008008008008,-2.0816665303587953,0.13,0.02002002002002002,0.18018018018018017,0.19,0.06006006006006006,0.2602602602602602,-9.219866577935067,-9.489632032099689
2016-07-11,student,0.998,0.995,0.08008008008008008,2.263265777025225,0.084,0.02002002002002002,0.18018018018018017,0.132,0.06006006006006006,0.2602602602602602,-9.72870419313307,-10.01093822967428
2016-07-12,student,0.996,0.994,0.08008008008008008,2.5937448841657558,0.132,0.02002002002002002,0.18018018018018017,0.182,0.06006006006006006,0.2602602602602602,-9.738603078896263,-10.037243527605519
2016-07-13,student,0.995,0.994,0.08008008008008008,4.1334157406243,0.118,0.02002002002002002,0.18018018018018017,0.182,0.06006006006006006,0.2602602602602602,-9.851793167791113,-10.11170587941639
2016-07-14,student,0.996,0.994,0.08008008008008008,3.2704525403413554,0.112,0.02002002002002002,0.18018018018018017,0.15,0.06006006006006006,0.2602602602602602,-9.718172492793174,-9.980986275280047
2016-07-15,student,0.996,0.994,0.08008008008008008,-1.5613231944651345,0.1,0.02002002002002002,0.18018018018018017,0.142,0.06006006006006006,0.2602602602602602,-9.611397171255533,-9.88316262699202
2016-07-18,student,0.995,0.994,0.08008008008008008,-1.9733076659713737,0.08,0.02002002002002002,0.18018018018018017,0.126,0.06006006006006006,0.2602602602602602,-9.429262092875186,-9.70265696260866
2016-07-19,student,0.995,0.994,0.08008008008008008,-2.815698758737594,0.114,0.02002002002002002,0.18018018018018017,0.18,0.06006006006006006,0.2602602602602602,-9.2492746753892,-9.503510647476453
2016-07-20,student,0.994,0.992,0.08008008008008008,-2.408433190276715,0.072,0.02002002002002002,0.18018018018018017,0.11,0.06006006006006006,0.2602602602602602,-9.211138897210814,-9.444165976679512
2016-07-21,student,0.994,0.99,0.08008008008008008,-2.2023901068508236,0.114,0.02002002002002002,0.18018018018018017,0.176,0.06006006006006006,0.2602602602602602,-9.224831965867017,-9.433746538618143
2016-07-22,student,0.994,0.989,0.08008008008008008,-2.669012677298445,0.094,0.02002002002002002,0.18018018018018017,0.146,0.06006006006006006,0.2602602602602602,-9.06819601058212,-9.281732004181336
2016-07-25,student,0.998,0.996,0.08008008008008008,-3.0342435893446535,0.116,0.02002002002002002,0.18068068068068022,0.182,0.06006006006006006,0.2602602602602602,-8.9054140571936,-9.127704023582643
2016-07-26,student,0.995,0.994,0.08008008008008008,-3.8801090666003555,0.1,0.02002002002002002,0.18068068068068022,0.154,0.06006006006006006,0.2602602602602602,-8.943691221516271,-9.188421126000765
2016-07-27,student,0.998,0.996,0.08008008008008008,-4.422762954850004,0.098,0.02002002002002002,0.18068068068068022,0.158,0.06006006006006006,0.2602602602602602,-8.740222901721133,-8.985872804106252
2016-07-28,student,0.998,0.997,0.08008008008008008,-4.600374839568424,0.066,0.02002002002002002,0.18068068068068022,0.108,0.06006006006006006,0.2602602602602602,-8.910607838440145,-9.124526034479334
2016-07-29,student,0.998,0.996,0.08008008008008008,-0.3950743423496348,0.126,0.02002002002002002,0.18018018018018017,0.19,0.06006006006006006,0.2602602602602602,-9.56510550866366,-9.801843014962433
2016-08-01,student,0.998,0.996,0.08008008008008008,-0.1656762703701502,0.088,0.02002002002002002,0.18018018018018017,0.142,0.06006006006006006,0.2602602602602602,-9.070425626772282,-9.305198446601478
2016-08-02,student,0.994,0.994,0.08008008008008008,-0.483794172746,0.074,0.02002002002002002,0.18018018018018017,0.122,0.06006006006006006,0.2602602602602602,-9.240961379517945,-9.440206007319798
2016-08-03,student,0.995,0.994,0.08008008008008008,-0.8999591987313751,0.086,0.02002002002002002,0.18018018018018017,0.142,0.06006006006006006,0.2602602602602602,-9.208475907328324,-9.412741902319379
2016-08-04,student,0.998,0.995,0.08008008008008008,-0.37644360551828987,0.106,0.02002002002002002,0.18018018018018017,0.158,0.06006006006006006,0.2602602602602602,-9.585749733521844,-9.82601266179547
2016-08-05,student,0.994,0.994,0.08008008008008008,1.8197836529822902,0.108,0.02002002002002002,0.18018018018018017,0.15,0.06006006006006006,0.2602602602602602,-9.606462749899343,-9.855436451946709
2016-08-08,student,0.998,0.996,0.08008008008008008,0.6237739824854901,0.11,0.02002002002002002,0.18018018018018017,0.164,0.06006006006006006,0.2602602602602602,-9.504413674626178,-9.769580418759915
2016-08-09,student,0.998,0.995,0.08008008008008008,1.5858041701750452,0.092,0.02002002002002002,0.18018018018018017,0.136,0.06006006006006006,0.2602602602602602,-9.7428394016855,-9.97807250457547
2016-08-10,student,0.998,0.995,0.08008008008008008,0.34995305928515985,0.086,0.02002002002002002,0.18018018018018017,0.148,0.06006006006006006,0.2602602602602602,-9.46924701925496,-9.685639188885203
2016-08-11,student,0.998,0.995,0.08008008008008008,-0.8473170696840597,0.082,0.02002002002002002,0.18018018018018017,0.142,0.06006006006006006,0.2602602602602602,-9.200821269753767,-9.426779456651152
2016-08-12,student,0.994,0.994,0.08008008008008008,2.4124691172587607,0.082,0.02002002002002002,0.18018018018018017,0.126,0.06006006006006006,0.2602602602602602,-9.174220980604318,-9.36499993230746
2016-08-16,student,0.994,0.993,0.08008008008008008,2.539890846359136,0.122,0.02002002002002002,0.18018018018018017,0.182,0.06006006006006006,0.2602602602602602,-9.101019768868397,-9.339513885557478
2016-08-17,student,0.994,0.993,0.08008008008008008,1.4533326242388958,0.09,0.02002002002002002,0.18018018018018017,0.154,0.06006006006006006,0.2602602602602602,-8.989014033713124,-9.251771019099857
2016-08-18,student,0.994,0.993,0.08008008008008008,1.663798190134751,0.148,0.02002002002002002,0.18018018018018017,0.192,0.06006006006006006,0.2602602602602602,-8.955808971484744,-9.223012085109245
2016-08-19,student,0.994,0.993,0.08008008008008008,4.382362956184326,0.104,0.02002002002002002,0.18018018018018017,0.174,0.06006006006006006,0.2602602602602602,-8.854253968867992,-9.074091407572453
2016-08-22,student,0.998,0.995,0.08008008008008008,2.00290413289148,0.102,0.02002002002002002,0.18018018018018017,0.154,0.06006006006006006,0.2602602602602602,-8.951089838721977,-9.155553125152856
2016-08-23,student,0.996,0.994,0.08008008008008008,2.5649601232443358,0.104,0.02002002002002002,0.18018018018018017,0.148,0.06006006006006006,0.2602602602602602,-8.943328590406068,-9.195397514958069
2016-08-24,student,0.997,0.995,0.08008008008008008,2.7196532703892102,0.086,0.02002002002002002,0.18018018018018017,0.134,0.06006006006006006,0.2602602602602602,-8.85311318239569,-9.107501088404797
2016-08-25,student,0.996,0.994,0.08008008008008008,1.6929138545998454,0.072,0.02002002002002002,0.18018018018018017,0.118,0.06006006006006006,0.2602602602602602,-9.0276600265592,-9.31274756995109
2016-08-26,student,0.996,0.995,0.08008008008008008,1.385016176948675,0.122,0.02002002002002002,0.18018018018018017,0.156,0.06006006006006006,0.2602602602602602,-9.082218115822458,-9.349543772525678
2016-08-29,student,0.994,0.991,0.08008008008008008,-0.7384652488128349,0.12,0.02002002002002002,0.18068068068068022,0.178,0.06006006006006006,0.2602602602602602,-10.205220285037257,-10.502649987116701
2016-08-30,student,0.994,0.991,0.08008008008008008,0.5573534968489,0.102,0.02002002002002002,0.18068068068068022,0.162,0.06006006006006006,0.2602602602602602,-10.178721422799455,-10.478962988222078
2016-08-31,student,0.994,0.991,0.08008008008008008,1.376428837755925,0.1,0.02002002002002002,0.18018018018018017,0.14,0.06006006006006006,0.2602602602602602,-9.97991038592637,-10.26187692820092
2016-09-01,student,0.993,0.991,0.08008008008008008,1.4060300823163154,0.11,0.02002002002002002,0.18018018018018017,0.15,0.06006006006006006,0.2602602602602602,-9.65550133020808,-9.93061816773652
2016-09-02,student,0.993,0.991,0.08008008008008008,-0.24624281849967966,0.092,0.02002002002002002,0.18018018018018017,0.148,0.06006006006006006,0.2602602602602602,-9.789951195879103,-10.062010536065358
2016-09-06,student,0.994,0.993,0.08008008008008008,2.4636164123964157,0.108,0.02002002002002002,0.18018018018018017,0.158,0.06006006006006006,0.2602602602602602,-9.809078642316894,-10.074445080630271
2016-09-07,student,0.994,0.993,0.08008008008008008,3.0128442550494805,0.086,0.02002002002002002,0.18018018018018017,0.122,0.06006006006006006,0.2602602602602602,-9.56791874057626,-9.81244824073124
2016-09-08,student,0.994,0.991,0.08008008008008008,1.726482323197606,0.132,0.02002002002002002,0.18018018018018017,0.176,0.06006006006006006,0.2602602602602602,-9.189066731958988,-9.450729350279037
2016-09-09,student,0.991,0.986,0.08008008008008008,2.6819779194922857,0.082,0.02002002002002002,0.18018018018018017,0.094,0.04004004004004004,0.20020020020020018,-9.392173694563313,-9.518488777215499
2016-09-12,student,0.994,0.991,0.08008008008008008,2.8589125432805313,0.094,0.02002002002002002,0.18018018018018017,0.122,0.04004004004004004,0.20020020020020018,-9.597688556111105,-9.720891187962115
2016-09-14,student,0.994,0.991,0.08008008008008008,2.780351830845036,0.102,0.02002002002002002,0.18018018018018017,0.116,0.04004004004004004,0.20020020020020018,-9.422114949911087,-9.555449516027135
2016-09-15,student,0.993,0.99,0.08008008008008008,0.8242753733692703,0.112,0.02002002002002002,0.18018018018018017,0.128,0.04004004004004004,0.20020020020020018,-9.36483237541682,-9.480565895320668
2016-09-16,student,0.993,0.989,0.08008008008008008,1.5145765923802252,0.116,0.02002002002002002,0.18018018018018017,0.134,0.04004004004004004,0.20020020020020018,-9.233575998848705,-9.362792684618013
2016-09-19,student,0.993,0.989,0.08008008008008008,1.8458986544732152,0.106,0.02002002002002002,0.18018018018018017,0.13,0.04004004004004004,0.20020020020020018,-9.1618564654008,-9.292435564000819
2016-09-20,student,0.994,0.991,0.08008008008008008,0.8495063564807305,0.102,0.02002002002002002,0.18018018018018017,0.124,0.04004004004004004,0.20020020020020018,-9.003682400103742,-9.130396551067724
2016-09-21,student,0.994,0.99,0.08008008008008008,-1.239076224474395,0.096,0.02002002002002002,0.18018018018018017,0.106,0.04004004004004004,0.20020020020020018,-8.964637759885463,-9.098714319267156
2016-09-22,student,0.994,0.993,0.08008008008008008,-1.48577958523632,0.12,0.02002002002002002,0.18018018018018017,0.174,0.06006006006006006,0.2602602602602602,-8.916627587747854,-9.182833993316482
2016-09-23,student,0.995,0.993,0.08008008008008008,-2.4041700986812553,0.098,0.02002002002002002,0.18018018018018017,0.116,0.04004004004004004,0.2202202202202202,-8.752318726242294,-8.87880355693779
2016-09-26,student,0.994,0.99,0.08008008008008008,-2.395116637502455,0.1,0.02002002002002002,0.18018018018018017,0.114,0.04004004004004004,0.2202202202202202,-8.790653286109755,-8.910866604989714
2016-09-27,student,0.994,0.994,0.08008008008008008,-1.42801145317786,0.092,0.02002002002002002,0.18018018018018017,0.156,0.06006006006006006,0.2602602602602602,-9.461748824503031,-9.680103757451372
2016-09-28,student,0.994,0.993,0.08008008008008008,-1.0622244805471452,0.124,0.02002002002002002,0.18018018018018017,0.154,0.06006006006006006,0.2602602602602602,-9.238774971711976,-9.421559463642177
2016-09-29,student,0.994,0.993,0.08008008008008008,-2.3664804394064847,0.08,0.02002002002002002,0.18018018018018017,0.124,0.06006006006006006,0.2602602602602602,-9.099397210762124,-9.296178392312788
2016-09-30,student,0.994,0.993,0.08008008008008008,-1.753058606051935,0.088,0.02002002002002002,0.18018018018018017,0.128,0.06006006006006006,0.2602602602602602,-9.00539726087906,-9.240280421344016
2016-10-03,student,0.995,0.994,0.08008008008008008,-1.1688992409443948,0.094,0.02002002002002002,0.18018018018018017,0.136,0.06006006006006006,0.2602602602602602,-8.776621583443633,-8.947780895081522
2016-10-04,student,0.994,0.994,0.08008008008008008,0.9855066816834799,0.104,0.02002002002002002,0.18018018018018017,0.158,0.06006006006006006,0.2602602602602602,-8.763245280114155,-8.89190921213803
2016-10-05,student,0.998,0.995,0.08008008008008008,1.21529723859689,0.106,0.02002002002002002,0.18018018018018017,0.152,0.06006006006006006,0.2602602602602602,-8.729555120123484,-8.873106347109887
2016-10-06,student,0.998,0.995,0.08008008008008008,-1.7189620466213902,0.094,0.02002002002002002,0.18018018018018017,0.142,0.06006006006006006,0.2602602602602602,-8.81398912622228,-8.970898181910528
2016-10-07,student,0.998,0.994,0.08008008008008008,-0.6513116917478899,0.112,0.02002002002002002,0.18018018018018017,0.174,0.06006006006006006,0.2602602602602602,-8.940396922244785,-9.08418253948995
2016-10-10,student,0.998,0.994,0.08008008008008008,0.6859419164001797,0.07,0.02002002002002002,0.18018018018018017,0.104,0.06006006006006006,0.2602602602602602,-8.860845065843936,-9.061532730058481
2016-10-13,student,0.993,0.99,0.08008008008008008,0.7326191647880851,0.094,0.02002002002002002,0.18018018018018017,0.154,0.06006006006006006,0.2602602602602602,-8.77059029874546,-8.99106885457105
2016-10-14,student,0.993,0.99,0.08008008008008008,-0.8973216678488403,0.076,0.02002002002002002,0.18018018018018017,0.122,0.06006006006006006,0.2602602602602602,-8.780211648126878,-8.96587038053451
2016-10-17,student,0.996,0.994,0.08008008008008008,0.85754085576531,0.096,0.02002002002002002,0.18018018018018017,0.152,0.06006006006006006,0.2602602602602602,-9.266921838592314,-9.492819122554886
2016-10-18,student,0.997,0.994,0.08008008008008008,1.2564918673251249,0.1,0.02002002002002002,0.18018018018018017,0.138,0.06006006006006006,0.2602602602602602,-9.022063334591913,-9.248186122545171
2016-10-19,student,0.997,0.994,0.08008008008008008,0.19748333443549518,0.084,0.02002002002002002,0.18018018018018017,0.13,0.06006006006006006,0.2602602602602602,-9.058066353561411,-9.359914641730656
2016-10-20,student,0.993,0.991,0.08008008008008008,-0.5151273485494302,0.096,0.02002002002002002,0.18018018018018017,0.158,0.06006006006006006,0.2602602602602602,-9.108061601946094,-9.433832951559303
2016-10-21,student,0.994,0.993,0.08008008008008008,-0.07297317810293491,0.098,0.02002002002002002,0.18018018018018017,0.146,0.06006006006006006,0.2602602602602602,-9.10890805478728,-9.455738433316656
2016-10-24,student,0.998,0.995,0.08008008008008008,1.7021151587104102,0.102,0.02002002002002002,0.18018018018018017,0.146,0.06006006006006006,0.2602602602602602,-9.19989278071397,-9.538407154171647
2016-10-25,student,0.996,0.993,0.08008008008008008,1.2911934164446945,0.1,0.02002002002002002,0.18018018018018017,0.164,0.06006006006006006,0.2602602602602602,-9.182944700382635,-9.5278053869617
2016-10-26,student,0.997,0.993,0.08008008008008008,0.18007469791640007,0.096,0.02002002002002002,0.18018018018018017,0.146,0.06006006006006006,0.2602602602602602,-9.30943889425826,-9.648661592118344
2016-10-27,student,0.996,0.993,0.08008008008008008,-0.7046467054670051,0.084,0.02002002002002002,0.18018018018018017,0.136,0.04004004004004004,0.2602602602602602,-9.576390996619331,-9.870644480841234
2016-10-28,student,0.998,0.995,0.08008008008008008,0.22552049259598028,0.09,0.02002002002002002,0.18018018018018017,0.15,0.04004004004004004,0.24024024024024024,-9.089815691617314,-9.419495769063
2016-11-01,student,0.998,0.994,0.08008008008008008,0.018219319546569773,0.1,0.02002002002002002,0.18018018018018017,0.15,0.04004004004004004,0.2602602602602602,-9.030031092982172,-9.368117309305712
2016-11-02,student,0.99,0.985,0.08008008008008008,-3.4902720386634147,0.08,0.02002002002002002,0.18018018018018017,0.13,0.04004004004004004,0.2602602602602602,-8.8943337170001,-9.243501240952247
2016-11-03,student,0.992,0.985,0.08008008008008008,-5.1458723841156395,0.088,0.02002002002002002,0.18018018018018017,0.164,0.04004004004004004,0.2602602602602602,-8.809238785153392,-9.076726623383182
2016-11-04,student,0.993,0.987,0.08008008008008008,-6.188086861733665,0.104,0.02002002002002002,0.18018018018018017,0.168,0.04004004004004004,0.2602602602602602,-8.639676261640336,-8.906315381968167
2016-11-07,student,0.993,0.986,0.08008008008008008,-4.128710228072385,0.096,0.02002002002002002,0.18018018018018017,0.104,0.04004004004004004,0.20020020020020018,-8.607625439123014,-8.733950141391896
2016-11-08,student,0.993,0.987,0.08008008008008008,-4.2125713918045795,0.072,0.02002002002002002,0.18018018018018017,0.088,0.04004004004004004,0.20020020020020018,-8.673050039154164,-8.807040545050455
2016-11-09,student,0.992,0.985,0.08008008008008008,-3.2604800407180647,0.114,0.02002002002002002,0.18018018018018017,0.128,0.04004004004004004,0.20020020020020018,-8.621553193272977,-8.76700062803417
2016-11-10,student,0.996,0.993,0.08008008008008008,0.3472789022574161,0.088,0.02002002002002002,0.18018018018018017,0.162,0.04004004004004004,0.2602602602602602,-8.707021551167152,-9.015092321797644
2016-11-11,student,0.998,0.994,0.08008008008008008,-0.9275597995121094,0.092,0.02002002002002002,0.18018018018018017,0.128,0.06006006006006006,0.2602602602602602,-8.772003547838864,-9.077023777432569
2016-11-15,student,0.998,0.994,0.08008008008008008,-0.08233151672103878,0.106,0.02002002002002002,0.18018018018018017,0.15,0.04004004004004004,0.2602602602602602,-8.676894510250023,-8.945565239066962
2016-11-16,student,0.998,0.994,0.08008008008008008,0.8895948243460204,0.106,0.02002002002002002,0.18018018018018017,0.17,0.04004004004004004,0.2602602602602602,-8.6628568216252,-8.917231942836056
2016-11-17,student,0.996,0.993,0.08008008008008008,2.3167249042443556,0.092,0.02002002002002002,0.18018018018018017,0.14,0.059559559559559584,0.2602602602602602,-9.006908049764153,-9.25218700129981
2016-11-18,student,0.993,0.986,0.08008008008008008,3.30493449669036,0.096,0.02002002002002002,0.18018018018018017,0.11,0.04004004004004004,0.20020020020020018,-9.108338588843457,-9.26898022847993
2016-11-21,student,0.995,0.993,0.08008008008008008,-0.2840451447115888,0.098,0.02002002002002002,0.18018018018018017,0.164,0.04004004004004004,0.2602602602602602,-9.015183335150622,-9.261990422375932
2016-11-22,student,0.998,0.994,0.08008008008008008,-2.458754547327964,0.074,0.02002002002002002,0.18018018018018017,0.114,0.04004004004004004,0.2602602602602602,-9.10538115637625,-9.398819687091182
2016-11-23,student,0.998,0.993,0.08008008008008008,-2.1042982759857547,0.1,0.02002002002002002,0.18018018018018017,0.152,0.04004004004004004,0.2602602602602602,-8.958650547867265,-9.212361002259145
2016-11-24,student,0.995,0.993,0.08008008008008008,-1.1472792751489593,0.088,0.02002002002002002,0.18018018018018017,0.132,0.04004004004004004,0.24024024024024024,-9.078344097558324,-9.31423075841131
2016-11-25,student,0.993,0.988,0.10010010010010009,-1.7668054515840041,0.08,0.02002002002002002,0.18018018018018017,0.126,0.04004004004004004,0.24024024024024024,-10.02007754007203,-10.253347055129627
2016-11-28,student,0.995,0.993,0.08008008008008008,-0.6335254145107045,0.11,0.02002002002002002,0.18018018018018017,0.162,0.04004004004004004,0.2602602602602602,-10.906676163232582,-11.218020307636621
2016-11-29,student,0.994,0.992,0.08008008008008008,-2.21945624014976,0.088,0.02002002002002002,0.18018018018018017,0.142,0.04004004004004004,0.2602602602602602,-10.390906343049046,-10.674632377908049
2016-11-30,student,0.994,0.991,0.08008008008008008,-1.7129755763785846,0.096,0.02002002002002002,0.18018018018018017,0.172,0.04004004004004004,0.2602602602602602,-10.032346132440958,-10.32593170468174
2016-12-01,student,0.994,0.992,0.08008008008008008,-1.6874203088098956,0.088,0.02002002002002002,0.18018018018018017,0.136,0.04004004004004004,0.2602602602602602,-9.96074674526506,-10.258798241824898
2016-12-02,student,0.993,0.989,0.08008008008008008,-1.7356065333601602,0.09,0.02002002002002002,0.18018018018018017,0.142,0.04004004004004004,0.2602602602602602,-9.894745467969267,-10.211635686101747
2016-12-05,student,0.994,0.992,0.08008008008008008,2.612382192606595,0.094,0.02002002002002002,0.18018018018018017,0.142,0.04004004004004004,0.2602602602602602,-11.546393750024603,-11.874591483823162
2016-12-06,student,0.993,0.99,0.08008008008008008,3.1204569606812,0.07,0.02002002002002002,0.18018018018018017,0.126,0.059559559559559584,0.2602602602602602,-10.948500607295868,-11.261251727837926
2016-12-07,student,0.993,0.99,0.08008008008008008,1.8535192542263244,0.096,0.02002002002002002,0.18018018018018017,0.14,0.059559559559559584,0.2602602602602602,-10.615121854834175,-10.930467728433335
2016-12-08,student,0.993,0.989,0.08008008008008008,2.4843120184324095,0.094,0.02002002002002002,0.18018018018018017,0.142,0.059559559559559584,0.2602602602602602,-10.290705158569665,-10.608179778450655
2016-12-09,student,0.993,0.99,0.08008008008008008,1.6828934433307294,0.092,0.02002002002002002,0.18018018018018017,0.162,0.06006006006006006,0.2602602602602602,-10.179838516811396,-10.533866533231642
2016-12-12,student,0.995,0.993,0.10010010010010009,1.8304524023815494,0.074,0.02002002002002002,0.18018018018018017,0.096,0.06006006006006006,0.2602602602602602,-10.196043659395109,-10.505916340062704
2016-12-13,student,0.994,0.991,0.10010010010010009,3.4895514618183694,0.09,0.02002002002002002,0.18018018018018017,0.162,0.06006006006006006,0.2602602602602602,-9.916691040841034,-10.233566876428572
2016-12-14,student,0.995,0.993,0.10010010010010009,2.0981063920554446,0.108,0.02002002002002002,0.18018018018018017,0.15,0.06006006006006006,0.2602602602602602,-9.717378736244711,-10.019048738171733
2016-12-15,student,0.993,0.991,0.10010010010010009,2.7226045276192297,0.088,0.02002002002002002,0.18018018018018017,0.154,0.06006006006006006,0.2602602602602602,-9.976297403797641,-10.298154205268489
2016-12-16,student,0.993,0.991,0.10010010010010009,4.117018320044165,0.102,0.02002002002002002,0.18018018018018017,0.156,0.06006006006006006,0.2602602602602602,-9.748149491221524,-10.067620841011843
2016-12-19,student,0.991,0.989,0.10010010010010009,3.045883560441834,0.08,0.02002002002002002,0.18018018018018017,0.128,0.06006006006006006,0.2602602602602602,-9.511474783295638,-9.835397629292816
2016-12-20,student,0.992,0.989,0.10010010010010009,1.4216884958492946,0.106,0.02002002002002002,0.18018018018018017,0.148,0.06006006006006006,0.2602602602602602,-9.404190965442023,-9.70375730635446
2016-12-21,student,0.998,0.994,0.10010010010010009,1.7373874939999245,0.108,0.02002002002002002,0.18018018018018017,0.15,0.06006006006006006,0.2602602602602602,-9.435142924580887,-9.764555455402967
2016-12-22,student,0.995,0.993,0.10010010010010009,-1.9792860280718352,0.086,0.02002002002002002,0.18018018018018017,0.134,0.06006006006006006,0.2602602602602602,-9.427905959644045,-9.763654392453907
2016-12-23,student,0.995,0.993,0.10010010010010009,-3.4396002528757452,0.1,0.02002002002002002,0.18018018018018017,0.176,0.059559559559559584,0.2602602602602602,-9.441688440402963,-9.757429366632532
2016-12-26,student,0.998,0.994,0.10010010010010009,-3.55625959459395,0.074,0.02002002002002002,0.18018018018018017,0.13,0.06006006006006006,0.2602602602602602,-9.524948499131108,-9.856605833570013
2016-12-27,student,0.998,0.994,0.10010010010010009,-2.9406884931772552,0.086,0.02002002002002002,0.18018018018018017,0.138,0.06006006006006006,0.2602602602602602,-9.275076858861059,-9.58709654200274
2016-12-28,student,0.997,0.994,0.10010010010010009,-3.0302364670365445,0.098,0.02002002002002002,0.18018018018018017,0.16,0.059559559559559584,0.2602602602602602,-9.277016829201221,-9.588479615502582
2016-12-29,student,0.998,0.994,0.10010010010010009,-3.46108296167134,0.1,0.02002002002002002,0.18018018018018017,0.144,0.059559559559559584,0.2602602602602602,-9.064399208119903,-9.39335508593755
2016-12-30,student,0.996,0.993,0.10010010010010009,-2.5558934747370543,0.094,0.02002002002002002,0.18018018018018017,0.136,0.059559559559559584,0.2602602602602602,-8.960708595422494,-9.282217059857027
2017-01-02,student,0.995,0.993,0.10010010010010009,-3.693640541832985,0.086,0.02002002002002002,0.18018018018018017,0.146,0.059559559559559584,0.2602602602602602,-8.817800664319288,-9.13716582390758
2017-01-03,student,0.99,0.987,0.10010010010010009,-2.844646033368025,0.096,0.02002002002002002,0.18018018018018017,0.146,0.04004004004004004,0.2602602602602602,-8.879091090953773,-9.181928120970827
2017-01-04,student,0.998,0.994,0.10010010010010009,-2.6893454292483,0.086,0.02002002002002002,0.18018018018018017,0.15,0.04004004004004004,0.24074074074074028,-8.761997919325761,-9.09940330059442
2017-01-05,student,0.998,0.994,0.10010010010010009,-0.32068603675613994,0.1,0.02002002002002002,0.18018018018018017,0.17,0.059559559559559584,0.2602602602602602,-9.027386854410862,-9.355610330411585
2017-01-06,student,0.998,0.994,0.10010010010010009,-1.482757210197325,0.092,0.02002002002002002,0.18018018018018017,0.15,0.059559559559559584,0.2602602602602602,-8.879940043944142,-9.190915259328676
2017-01-09,student,0.998,0.994,0.10010010010010009,-0.054739082147044926,0.1,0.02002002002002002,0.18018018018018017,0.146,0.059559559559559584,0.2602602602602602,-9.171186431181985,-9.471258419732488
2017-01-10,student,0.998,0.994,0.10010010010010009,-1.53262315699695,0.106,0.02002002002002002,0.18018018018018017,0.15,0.059559559559559584,0.2602602602602602,-9.085672194282623,-9.386737816685837
2017-01-11,student,0.998,0.994,0.10010010010010009,-0.6141202022238151,0.096,0.02002002002002002,0.18018018018018017,0.152,0.06006006006006006,0.2602602602602602,-9.157597459185851,-9.475946626017318
2017-01-12,student,0.998,0.997,0.10010010010010009,1.1080717227851102,0.112,0.02002002002002002,0.18018018018018017,0.17,0.06006006006006006,0.2602602602602602,-8.992991588960054,-9.297023858740639
2017-01-13,student,0.998,0.994,0.10010010010010009,-1.6123993603103295,0.094,0.02002002002002002,0.18018018018018017,0.142,0.06006006006006006,0.2602602602602602,-8.76595204346271,-9.087612109202807
2017-01-16,student,0.998,0.994,0.10010010010010009,0.11049493151459022,0.118,0.02002002002002002,0.18018018018018017,0.168,0.06006006006006006,0.2602602602602602,-9.17920011938882,-9.501977831646673
2017-01-17,student,0.998,0.994,0.10010010010010009,0.24357247008998534,0.076,0.02002002002002002,0.18018018018018017,0.12,0.06006006006006006,0.2602602602602602,-9.027240059862468,-9.348457760578757
2017-01-18,student,0.998,0.994,0.10010010010010009,0.6733324906367752,0.086,0.02002002002002002,0.18018018018018017,0.136,0.06006006006006006,0.2602602602602602,-8.980800018349852,-9.26729934222872
2017-01-19,student,0.998,0.994,0.10010010010010009,0.6438564608787753,0.098,0.02002002002002002,0.18018018018018017,0.132,0.06006006006006006,0.2602602602602602,-8.72966949265057,-9.037030604327281
2017-01-20,student,0.998,0.994,0.10010010010010009,-0.18966131765151495,0.086,0.02002002002002002,0.18018018018018017,0.146,0.06006006006006006,0.2602602602602602,-8.790490260226914,-9.112269611127124
2017-01-23,student,0.998,0.994,0.10010010010010009,0.4988590091065004,0.106,0.02002002002002002,0.18018018018018017,0.166,0.06006006006006006,0.2602602602602602,-8.65844720642965,-8.954524088317706
2017-01-24,student,0.998,0.994,0.10010010010010009,0.0068818464003601865,0.092,0.02002002002002002,0.18018018018018017,0.162,0.06006006006006006,0.2602602602602602,-8.659855516758762,-8.961152147711772
2017-01-25,student,0.998,0.995,0.10010010010010009,-0.3267754648934198,0.112,0.02002002002002002,0.18018018018018017,0.196,0.06006006006006006,0.2602602602602602,-8.622261001934614,-8.920584369238338
2017-01-27,student,0.998,0.995,0.10010010010010009,-0.04512024112271029,0.104,0.02002002002002002,0.18018018018018017,0.16,0.06006006006006006,0.2602602602602602,-8.616486849108894,-8.890099305783464
2017-01-30,student,0.999,0.998,0.08008008008008008,1.1612563593465999,0.102,0.02002002002002002,0.18018018018018017,0.17,0.06006006006006006,0.2602602602602602,-8.608670157999779,-8.893639186932592
2017-01-31,student,0.999,0.998,0.08008008008008008,-0.5443536214609699,0.088,0.02002002002002002,0.18018018018018017,0.144,0.04004004004004004,0.2602602602602602,-8.532198408056106,-8.781131736196647
2017-02-01,student,0.999,0.998,0.08008008008008008,0.7269220962787499,0.114,0.02002002002002002,0.18018018018018017,0.162,0.059559559559559584,0.2602602602602602,-8.581163455711616,-8.846068357471362
2017-02-02,student,0.999,0.998,0.08008008008008008,2.022986802725725,0.09,0.02002002002002002,0.18018018018018017,0.126,0.06006006006006006,0.2602602602602602,-8.761552387031958,-9.013795729477712
2017-02-03,student,1.0,0.998,0.08008008008008008,2.4131222077127896,0.076,0.02002002002002002,0.18018018018018017,0.142,0.06006006006006006,0.2602602602602602,-8.812377196588008,-9.105071372109185
2017-02-06,student,0.999,0.998,0.08008008008008008,4.213356240339874,0.084,0.02002002002002002,0.18018018018018017,0.14,0.06006006006006006,0.2602602602602602,-9.108187974101149,-9.414087090380471
2017-02-07,student,0.994,0.992,0.08008008008008008,3.9153595058079746,0.088,0.02002002002002002,0.18018018018018017,0.138,0.06006006006006006,0.2602602602602602,-8.98102604290579,-9.295644611982377
2017-02-08,student,0.994,0.993,0.08008008008008008,3.7125243241619055,0.102,0.02002002002002002,0.18018018018018017,0.148,0.06006006006006006,0.2602602602602602,-8.869697890881074,-9.125351332797033
2017-02-09,student,0.994,0.993,0.08008008008008008,3.61218388722923,0.084,0.02002002002002002,0.18018018018018017,0.14,0.06006006006006006,0.2602602602602602,-8.744892893400968,-8.999206971009505
2017-02-10,student,0.994,0.993,0.08008008008008008,3.1929330872918698,0.096,0.02002002002002002,0.18018018018018017,0.158,0.06006006006006006,0.2602602602602602,-8.976396524870655,-9.241149785695294
2017-02-13,student,0.995,0.994,0.08008008008008008,3.2479378777829755,0.072,0.02002002002002002,0.18018018018018017,0.112,0.06006006006006006,0.2602602602602602,-8.829682168193049,-9.084120895687985
2017-02-14,student,0.995,0.994,0.08008008008008008,4.94182612273633,0.114,0.02002002002002002,0.18018018018018017,0.156,0.06006006006006006,0.2602602602602602,-8.87373271051482,-9.130693970477989
2017-02-15,student,1.0,0.999,0.08008008008008008,3.1033520140129855,0.078,0.02002002002002002,0.18018018018018017,0.13,0.06006006006006006,0.2602602602602602,-8.963644989224653,-9.208974249278372
2017-02-16,student,0.999,0.999,0.10010010010010009,3.3988052188544398,0.1,0.02002002002002002,0.18018018018018017,0.162,0.06006006006006006,0.2602602602602602,-8.931080621814766,-9.166166352353246
2017-02-17,student,0.994,0.994,0.08008008008008008,1.8071830445671901,0.074,0.02002002002002002,0.18018018018018017,0.138,0.06006006006006006,0.2602602602602602,-9.02913310368761,-9.240933612863827
2017-02-20,student,0.996,0.994,0.08008008008008008,2.50331058685436,0.084,0.02002002002002002,0.18018018018018017,0.152,0.06006006006006006,0.2602602602602602,-8.898988964173899,-9.093469264371922
2017-02-21,student,0.997,0.995,0.08008008008008008,2.3371540363695305,0.098,0.02002002002002002,0.18018018018018017,0.152,0.06006006006006006,0.2602602602602602,-8.857808609430242,-9.0516984435091
2017-02-22,student,0.996,0.995,0.08008008008008008,1.8935993415335453,0.08,0.02002002002002002,0.18018018018018017,0.142,0.06006006006006006,0.2602602602602602,-8.661778047627978,-8.850356978305216
2017-02-23,student,0.998,0.996,0.08008008008008008,2.227684394898745,0.086,0.02002002002002002,0.18018018018018017,0.138,0.06006006006006006,0.2602602602602602,-8.580776670331034,-8.796430489989733
2017-02-27,student,0.997,0.995,0.08008008008008008,0.7394201871682748,0.104,0.02002002002002002,0.18018018018018017,0.158,0.06006006006006006,0.2602602602602602,-8.59118111005839,-8.795922582184641
2017-02-28,student,0.997,0.995,0.08008008008008008,0.9518768346375949,0.088,0.02002002002002002,0.18018018018018017,0.116,0.06006006006006006,0.2602602602602602,-8.67694651511919,-8.929838588802488
2017-03-01,student,0.996,0.995,0.08008008008008008,2.1467673047548246,0.076,0.02002002002002002,0.18018018018018017,0.138,0.06006006006006006,0.2602602602602602,-8.77713075032035,-9.021542222070947
2017-03-02,student,0.997,0.995,0.08008008008008008,1.7623165341620846,0.074,0.02002002002002002,0.18018018018018017,0.162,0.06006006006006006,0.2602602602602602,-8.8834836098656,-9.193168142330698
2017-03-03,student,0.996,0.995,0.08008008008008008,-0.08291090529755052,0.074,0.02002002002002002,0.18018018018018017,0.128,0.06006006006006006,0.2602602602602602,-8.698022822056696,-8.996764961795682
2017-03-06,student,0.997,0.995,0.08008008008008008,1.7546282424252846,0.09,0.02002002002002002,0.18018018018018017,0.16,0.06006006006006006,0.2602602602602602,-8.70675911316405,-9.013439343130692
2017-03-07,student,0.999,0.999,0.08008008008008008,0.12621400583692965,0.086,0.02002002002002002,0.18018018018018017,0.136,0.06006006006006006,0.2602602602602602,-8.656491420892783,-9.007286047876217
2017-03-08,student,0.999,0.999,0.08008008008008008,-0.4349217520137852,0.086,0.02002002002002002,0.18018018018018017,0.132,0.06006006006006006,0.2602602602602602,-8.5495040266507,-8.889234426924325
2017-03-09,student,0.999,0.999,0.08008008008008008,1.2432690004314497,0.086,0.02002002002002002,0.18018018018018017,0.148,0.06006006006006006,0.2602602602602602,-8.580878330350375,-8.904314762433954
2017-03-10,student,1.0,0.999,0.08008008008008008,0.9351059973607699,0.074,0.02002002002002002,0.18018018018018017,0.108,0.059559559559559584,0.2602602602602602,-8.540629358085036,-8.859519611250983
2017-03-14,student,1.0,0.999,0.08008008008008008,2.27313498879153,0.096,0.02002002002002002,0.18018018018018017,0.14,0.059559559559559584,0.2602602602602602,-8.388566122580064,-8.678279493481114
2017-03-15,student,1.0,0.999,0.08008008008008008,1.46905146203901,0.106,0.02002002002002002,0.18018018018018017,0.148,0.06006006006006006,0.2602602602602602,-8.405066759850051,-8.668854335972322
2017-03-16,student,1.0,0.999,0.08008008008008008,1.55032594604625,0.116,0.02002002002002002,0.18018018018018017,0.184,0.06006006006006006,0.2602602602602602,-8.37001037331434,-8.651397623463431
2017-03-17,student,1.0,0.999,0.08008008008008008,2.0890168037462105,0.1,0.02002002002002002,0.18018018018018017,0.158,0.06006006006006006,0.2602602602602602,-8.591872093440688,-8.8944887225572
2017-03-20,student,1.0,0.999,0.08008008008008008,1.16968334832672,0.102,0.02002002002002002,0.18018018018018017,0.172,0.06006006006006006,0.2602602602602602,-8.432864058858994,-8.727987461399795
2017-03-21,student,1.0,0.999,0.08008008008008008,0.410274555582135,0.086,0.02002002002002002,0.18018018018018017,0.156,0.06006006006006006,0.2602602602602602,-8.398539623051256,-8.700802821459044
2017-03-22,student,1.0,0.999,0.08008008008008008,0.32978333632733015,0.094,0.02002002002002002,0.18018018018018017,0.138,0.06006006006006006,0.2602602602602602,-8.456674944119047,-8.74478780908911
2017-03-23,student,1.0,0.999,0.08008008008008008,1.3341452531102354,0.084,0.02002002002002002,0.18018018018018017,0.142,0.06006006006006006,0.2602602602602602,-8.465031800926893,-8.735681870679837
2017-03-24,student,1.0,0.999,0.08008008008008008,1.5628590198106154,0.09,0.02002002002002002,0.18018018018018017,0.16,0.06006006006006006,0.2602602602602602,-8.470420327824362,-8.761219849200955
2017-03-27,student,1.0,0.999,0.08008008008008008,1.683227872108815,0.07,0.02002002002002002,0.18018018018018017,0.138,0.06006006006006006,0.2602602602602602,-8.32601202075375,-8.638448647491336
2017-03-28,student,0.999,0.999,0.08008008008008008,1.355110867477055,0.078,0.02002002002002002,0.18018018018018017,0.148,0.06006006006006006,0.2602602602602602,-8.399015657754811,-8.715641034110066
2017-03-29,student,1.0,0.999,0.08008008008008008,2.935793529999785,0.12,0.02002002002002002,0.18018018018018017,0.18,0.06006006006006006,0.2602602602602602,-8.411245101499583,-8.762303805071403
2017-03-30,student,1.0,0.999,0.08008008008008008,1.8973658692938604,0.076,0.02002002002002002,0.18018018018018017,0.132,0.06006006006006006,0.2602602602602602,-8.326709130257564,-8.670651801788734
2017-03-31,student,0.999,0.999,0.08008008008008008,2.5179207681683655,0.102,0.02002002002002002,0.18018018018018017,0.162,0.06006006006006006,0.2602602602602602,-8.57341843702841,-8.88908298887757
2017-04-03,student,0.999,0.999,0.08008008008008008,2.770527925683955,0.106,0.02002002002002002,0.18018018018018017,0.168,0.06006006006006006,0.2602602602602602,-8.561820276793014,-8.858605767447948
2017-04-05,student,0.999,0.999,0.08008008008008008,2.57209730160284,0.076,0.02002002002002002,0.18018018018018017,0.12,0.06006006006006006,0.2602602602602602,-8.532192262890073,-8.806459758070432
2017-04-06,student,0.999,0.999,0.08008008008008008,3.14088324311974,0.088,0.02002002002002002,0.18018018018018017,0.154,0.06006006006006006,0.2602602602602602,-8.769923086935536,-9.074817069559959
2017-04-07,student,0.999,0.998,0.08008008008008008,0.8427969726547551,0.094,0.02002002002002002,0.18018018018018017,0.122,0.04004004004004004,0.20020020020020018,-8.6289585541893,-8.831368239589304
2017-04-10,student,0.999,0.996,0.08008008008008008,-1.6605899338319152,0.096,0.02002002002002002,0.18018018018018017,0.114,0.04004004004004004,0.20020020020020018,-8.750250241801853,-8.940516584985547
2017-04-11,student,0.994,0.993,0.08008008008008008,-0.46938324282672994,0.068,0.02002002002002002,0.18018018018018017,0.128,0.06006006006006006,0.2602602602602602,-8.597364529867598,-8.902301919020891
2017-04-12,student,0.999,0.997,0.08008008008008008,-1.9027759567060494,0.096,0.02002002002002002,0.18018018018018017,0.118,0.04004004004004004,0.20020020020020018,-8.503119752103087,-8.690864885049841
2017-04-13,student,0.991,0.986,0.08008008008008008,-4.586503714910444,0.092,0.02002002002002002,0.18018018018018017,0.122,0.04004004004004004,0.20020020020020018,-8.381680689101847,-8.552418382567161
2017-04-17,student,0.999,0.998,0.08008008008008008,-5.360460942234575,0.094,0.02002002002002002,0.18018018018018017,0.122,0.04004004004004004,0.20020020020020018,-8.294988039923643,-8.46468738232835
2017-04-18,student,0.999,0.998,0.08008008008008008,-5.656669213065064,0.094,0.02002002002002002,0.18018018018018017,0.148,0.06006006006006006,0.2602602602602602,-8.154504197598364,-8.364749336034922
2017-04-19,student,0.999,0.999,0.08008008008008008,-6.227347423978735,0.078,0.02002002002002002,0.18018018018018017,0.138,0.06006006006006006,0.2602602602602602,-8.210657168791688,-8.417891013865272
2017-04-20,student,0.999,0.998,0.08008008008008008,-5.727133239706765,0.08,0.02002002002002002,0.18018018018018017,0.14,0.06006006006006006,0.2602602602602602,-8.231000091532328,-8.412278164589061
2017-04-21,student,0.999,0.998,0.08008008008008008,-5.80060104553714,0.088,0.02002002002002002,0.18018018018018017,0.158,0.06006006006006006,0.2602602602602602,-8.446637465857616,-8.667140435266763
2017-04-24,student,0.999,0.998,0.08008008008008008,-3.4740349223178697,0.08,0.02002002002002002,0.18018018018018017,0.1,0.04004004004004004,0.20020020020020018,-8.300852835603662,-8.438896031834762
2017-04-25,student,0.999,0.997,0.08008008008008008,-1.8509774394236855,0.092,0.02002002002002002,0.18018018018018017,0.124,0.04004004004004004,0.20020020020020018,-8.210246300501318,-8.36081842108772
2017-04-26,student,0.999,0.999,0.08008008008008008,-4.19822614089543,0.076,0.02002002002002002,0.18018018018018017,0.118,0.04004004004004004,0.2602602602602602,-8.16717048341246,-8.386562858934822
2017-04-27,student,0.999,0.999,0.10010010010010009,-3.7179804878871554,0.098,0.02002002002002002,0.18018018018018017,0.166,0.04004004004004004,0.2602602602602602,-8.295405312511727,-8.544657708249629
2017-04-28,student,0.999,0.999,0.08008008008008008,-0.9825020010935648,0.094,0.02002002002002002,0.18018018018018017,0.146,0.04004004004004004,0.2602602602602602,-8.300751159123385,-8.551082316226813
2017-05-02,student,0.999,0.999,0.08008008008008008,-0.401213188848055,0.074,0.02002002002002002,0.18018018018018017,0.134,0.04004004004004004,0.2602602602602602,-8.199672742830243,-8.417953043099445
2017-05-03,student,0.999,0.999,0.08008008008008008,0.5411853659046901,0.09,0.02002002002002002,0.18018018018018017,0.13,0.04004004004004004,0.2602602602602602,-8.187871393761649,-8.470318190811536
2017-05-04,student,0.999,0.999,0.08008008008008008,3.56667231715081,0.08,0.02002002002002002,0.18018018018018017,0.134,0.04004004004004004,0.2602602602602602,-8.535450043690878,-8.80423862024457
2017-05-05,student,0.999,0.999,0.08008008008008008,2.1545554159416,0.092,0.02002002002002002,0.18018018018018017,0.142,0.04004004004004004,0.2602602602602602,-8.477526638131318,-8.746912627423997
2017-05-08,student,0.999,0.999,0.10010010010010009,4.124524642410651,0.084,0.02002002002002002,0.18018018018018017,0.144,0.04004004004004004,0.2602602602602602,-8.375679292181012,-8.650892779803169
2017-05-09,student,0.999,0.999,0.10010010010010009,2.86709748912323,0.112,0.02002002002002002,0.18018018018018017,0.166,0.04004004004004004,0.2602602602602602,-8.274613358154783,-8.55122654794126
2017-05-10,student,0.999,0.999,0.10010010010010009,2.210638737100481,0.106,0.02002002002002002,0.18018018018018017,0.15,0.04004004004004004,0.2602602602602602,-8.207664447347197,-8.493501900463711
2017-05-11,student,0.999,0.998,0.10010010010010009,3.5996372281240303,0.106,0.02002002002002002,0.18018018018018017,0.16,0.04004004004004004,0.2602602602602602,-8.059885737880027,-8.32103920823427
2017-05-12,student,0.999,0.999,0.10010010010010009,4.798019322084265,0.098,0.02002002002002002,0.18018018018018017,0.148,0.04004004004004004,0.24024024024024024,-8.115208264475378,-8.330321353154618
2017-05-15,student,0.999,0.999,0.10010010010010009,3.714005497070125,0.102,0.02002002002002002,0.1606606606606602,0.154,0.04004004004004004,0.24024024024024024,-8.14155861793932,-8.386640682811084
2017-05-16,student,0.999,0.999,0.10010010010010009,4.94945509147747,0.118,0.02002002002002002,0.1606606606606602,0.174,0.04004004004004004,0.24024024024024024,-8.035425314295361,-8.268145702237968
2017-05-17,student,0.999,0.999,0.10010010010010009,3.9689496411156298,0.074,0.02002002002002002,0.16016016016016016,0.116,0.04004004004004004,0.24024024024024024,-7.827772945962943,-8.013054346029387
2017-05-18,student,0.999,0.999,0.10010010010010009,1.91674998451591,0.076,0.02002002002002002,0.16016016016016016,0.13,0.04004004004004004,0.24024024024024024,-8.10904376053051,-8.332228878628639
2017-05-19,student,0.999,0.999,0.10010010010010009,3.3869906982186895,0.076,0.02002002002002002,0.16016016016016016,0.12,0.04004004004004004,0.24024024024024024,-8.180766402954676,-8.388957936372744
2017-05-22,student,0.999,0.999,0.10010010010010009,-0.02259541805484,0.106,0.02002002002002002,0.16016016016016016,0.154,0.04004004004004004,0.24024024024024024,-7.991929331562615,-8.198937558150298
2017-05-23,student,0.996,0.996,0.10010010010010009,-0.7476217135676853,0.094,0.02002002002002002,0.16016016016016016,0.14,0.04004004004004004,0.24024024024024024,-8.03379102857353,-8.239902118041245
2017-05-24,student,0.995,0.995,0.08008008008008008,-1.369315236794635,0.086,0.02002002002002002,0.18018018018018017,0.11,0.04004004004004004,0.20020020020020018,-7.8680739403365445,-8.021887311369273
2017-05-25,student,0.995,0.994,0.10010010010010009,0.6739596591876444,0.072,0.02002002002002002,0.16016016016016016,0.098,0.04004004004004004,0.20020020020020018,-7.938139609506631,-8.096592266504013
2017-05-26,student,0.999,0.999,0.10010010010010009,0.4431096903136553,0.09,0.02002002002002002,0.16016016016016016,0.108,0.04004004004004004,0.20020020020020018,-7.882719514092776,-8.0406509721251
2017-05-29,student,0.999,0.999,0.10010010010010009,-0.78797834786252,0.058,0.02002002002002002,0.16016016016016016,0.092,0.04004004004004004,0.20020020020020018,-7.785943783169896,-7.941005202693703
2017-05-30,student,0.999,0.999,0.10010010010010009,-0.5663969925085246,0.06,0.02002002002002002,0.16016016016016016,0.086,0.04004004004004004,0.20020020020020018,-7.887677372864986,-8.058422368078087
2017-05-31,student,0.999,0.999,0.10010010010010009,-1.54126939436267,0.078,0.02002002002002002,0.18018018018018017,0.1,0.04004004004004004,0.20020020020020018,-7.820117385763234,-7.98620762809504
2017-06-01,student,0.999,0.999,0.10010010010010009,-0.9160361209531196,0.084,0.02002002002002002,0.18018018018018017,0.102,0.04004004004004004,0.20020020020020018,-8.036723822835611,-8.207565286974738
2017-06-02,student,0.999,0.999,0.10010010010010009,-1.7147714054460697,0.084,0.02002002002002002,0.18018018018018017,0.116,0.04004004004004004,0.20020020020020018,-8.0446487842821,-8.221629335906353
2017-06-05,student,0.999,0.999,0.08008008008008008,-0.1422286168229645,0.08,0.02002002002002002,0.16016016016016016,0.1,0.04004004004004004,0.20020020020020018,-8.820927193034091,-9.00244537404706
2017-06-06,student,0.996,0.994,0.10010010010010009,2.0803014495349554,0.096,0.02002002002002002,0.18018018018018017,0.12,0.04004004004004004,0.20020020020020018,-8.774476072321107,-8.94672799300876
2017-06-07,student,0.994,0.991,0.10010010010010009,2.8399070845025403,0.078,0.02002002002002002,0.18018018018018017,0.102,0.04004004004004004,0.20020020020020018,-8.797254600345761,-8.97494391950021
2017-06-08,student,0.994,0.991,0.10010010010010009,-0.4327751092068196,0.086,0.02002002002002002,0.18018018018018017,0.11,0.04004004004004004,0.20020020020020018,-8.884926797744523,-9.048400604368103
2017-06-09,student,0.994,0.991,0.10010010010010009,-1.6450414490909497,0.082,0.02002002002002002,0.18018018018018017,0.104,0.04004004004004004,0.20020020020020018,-8.729778257025144,-8.892779345189462
2017-06-12,student,0.999,0.998,0.10010010010010009,-0.16535509411032479,0.076,0.02002002002002002,0.18018018018018017,0.096,0.04004004004004004,0.20020020020020018,-8.662264967721203,-8.8455775318362
2017-06-13,student,0.994,0.991,0.10010010010010009,-2.0779502318115797,0.088,0.02002002002002002,0.18018018018018017,0.12,0.04004004004004004,0.20020020020020018,-8.554241781609772,-8.721327883957331
2017-06-14,student,0.994,0.99,0.10010010010010009,-0.9087831628055749,0.088,0.02002002002002002,0.18018018018018017,0.114,0.04004004004004004,0.20020020020020018,-8.474604294686358,-8.64664666737223
2017-06-15,student,0.994,0.991,0.10010010010010009,-1.6071593275449398,0.094,0.02002002002002002,0.18018018018018017,0.112,0.04004004004004004,0.20020020020020018,-8.187891934033365,-8.353050440854846
2017-06-16,student,0.994,0.991,0.10010010010010009,-1.7211359583902501,0.076,0.02002002002002002,0.18018018018018017,0.1,0.04004004004004004,0.20020020020020018,-8.183780304134228,-8.343942480827039
2017-06-19,student,0.994,0.991,0.10010010010010009,-1.2526218774994198,0.09,0.02002002002002002,0.18018018018018017,0.104,0.04004004004004004,0.20020020020020018,-7.966885130106666,-8.119194709999752
2017-06-20,student,0.994,0.991,0.08008008008008008,-1.3770461785324901,0.078,0.02002002002002002,0.18018018018018017,0.098,0.04004004004004004,0.20020020020020018,-7.925859849152191,-8.07241913311893
2017-06-21,student,0.999,0.997,0.08008008008008008,-0.8822579125352649,0.048,0.02002002002002002,0.18018018018018017,0.076,0.04004004004004004,0.20020020020020018,-7.947046196876197,-8.1044087146476
2017-06-22,student,0.999,0.997,0.08008008008008008,0.1524184787140349,0.084,0.02002002002002002,0.18018018018018017,0.114,0.04004004004004004,0.20020020020020018,-8.006399115814766,-8.160887808856518
2017-06-23,student,0.999,0.997,0.08008008008008008,-0.2135241654886001,0.076,0.02002002002002002,0.18018018018018017,0.102,0.04004004004004004,0.20020020020020018,-7.76911764438956,-7.912552996300294
2017-06-27,student,0.999,0.999,0.08008008008008008,-2.88514696438563,0.086,0.02002002002002002,0.18018018018018017,0.106,0.04004004004004004,0.20020020020020018,-7.910459393606365,-8.042239878767546
2017-06-28,student,0.989,0.987,0.06006006006006006,-3.08832444044593,0.092,0.02002002002002002,0.18018018018018017,0.114,0.04004004004004004,0.20020020020020018,-7.723940549675815,-7.859667032626032
2017-06-29,student,0.99,0.988,0.06006006006006006,-3.614868526887595,0.078,0.02002002002002002,0.18018018018018017,0.11,0.04004004004004004,0.20020020020020018,-7.713884878806538,-7.845638713335391
2017-06-30,student,0.986,0.983,0.06006006006006006,-2.7329747361185195,0.082,0.02002002002002002,0.1606606606606602,0.11,0.04004004004004004,0.20020020020020018,-7.618114441913869,-7.743548856007133
2017-07-03,student,0.99,0.99,0.06006006006006006,-1.3638523645903597,0.088,0.02002002002002002,0.1606606606606602,0.114,0.04004004004004004,0.24024024024024024,-7.603697939570151,-7.803902239074189
2017-07-04,student,0.99,0.99,0.06006006006006006,-1.1144259415730198,0.09,0.02002002002002002,0.16016016016016016,0.13,0.04004004004004004,0.24024024024024024,-7.587672552531806,-7.816684145652702
2017-07-05,student,0.99,0.988,0.06006006006006006,-2.3029384146547547,0.1,0.02002002002002002,0.16016016016016016,0.126,0.02002002002002002,0.20020020020020018,-7.49458215018621,-7.636525730420797
2017-07-06,student,0.993,0.993,0.06006006006006006,-1.538159499018645,0.082,0.02002002002002002,0.1606606606606602,0.144,0.04004004004004004,0.24024024024024024,-7.384670210150463,-7.549434355648228
2017-07-07,student,0.993,0.993,0.06006006006006006,-2.75987451666201,0.096,0.02002002002002002,0.1606606606606602,0.14,0.04004004004004004,0.24024024024024024,-7.293283017131612,-7.465386941128871
2017-07-10,student,0.993,0.993,0.06006006006006006,0.1343929770746497,0.09,0.02002002002002002,0.16016016016016016,0.15,0.04004004004004004,0.24024024024024024,-7.637445750478855,-7.815374772643419
2017-07-11,student,0.99,0.986,0.06006006006006006,3.2319187052240044,0.1,0.02002002002002002,0.1606606606606602,0.118,0.04004004004004004,0.20020020020020018,-8.321340788711918,-8.473599923485816
2017-07-12,student,0.988,0.985,0.08008008008008008,4.5070892136497145,0.1,0.02002002002002002,0.1606606606606602,0.128,0.04004004004004004,0.20020020020020018,-8.419288804201868,-8.587137854750923
2017-07-13,student,0.986,0.98,0.06006006006006006,5.362216150857285,0.078,0.02002002002002002,0.1606606606606602,0.106,0.04004004004004004,0.20020020020020018,-8.25406333248394,-8.421937024977396
2017-07-14,student,0.986,0.981,0.06006006006006006,5.09029012333015,0.09,0.02002002002002002,0.1606606606606602,0.11,0.04004004004004004,0.20020020020020018,-7.987291736756691,-8.158097899697978
2017-07-17,student,0.988,0.984,0.06006006006006006,4.858182228689119,0.098,0.02002002002002002,0.1606606606606602,0.11,0.04004004004004004,0.20020020020020018,-7.931278156910422,-8.101841553882627
2017-07-18,student,0.986,0.979,0.06006006006006006,4.396579301847579,0.096,0.02002002002002002,0.1606606606606602,0.11,0.04004004004004004,0.20020020020020018,-7.909593289162745,-8.074968003130982
2017-07-19,student,0.985,0.975,0.06006006006006006,4.738964722991269,0.074,0.02002002002002002,0.1606606606606602,0.096,0.04004004004004004,0.20020020020020018,-7.833361068150063,-7.998738228091011
2017-07-20,student,0.985,0.975,0.06006006006006006,2.9113343561841343,0.066,0.02002002002002002,0.1606606606606602,0.084,0.04004004004004004,0.20020020020020018,-7.834063912317083,-8.00762288601641
2017-07-21,student,0.986,0.983,0.06006006006006006,4.18266852156921,0.098,0.02002002002002002,0.18018018018018017,0.116,0.04004004004004004,0.20020020020020018,-7.791370258448081,-7.974511677478735
2017-07-24,student,0.988,0.985,0.06006006006006006,3.271808742431865,0.09,0.02002002002002002,0.18018018018018017,0.112,0.04004004004004004,0.20020020020020018,-7.8435680528677025,-8.009136192062718
2017-07-25,student,0.993,0.993,0.06006006006006006,3.104936181182215,0.11,0.02002002002002002,0.18018018018018017,0.164,0.04004004004004004,0.24024024024024024,-7.762302154309595,-7.992816297596812
2017-07-26,student,0.993,0.99,0.06006006006006006,2.50053515445912,0.086,0.02002002002002002,0.18018018018018017,0.106,0.04004004004004004,0.20020020020020018,-7.571229385275163,-7.7211002816579875
2017-07-27,student,0.993,0.99,0.06006006006006006,1.3273134117361698,0.086,0.02002002002002002,0.18018018018018017,0.11,0.04004004004004004,0.20020020020020018,-7.556831972745122,-7.706551810066364
2017-07-28,student,0.993,0.99,0.06006006006006006,2.554471059848405,0.072,0.02002002002002002,0.1606606606606602,0.096,0.02002002002002002,0.20020020020020018,-7.405244274058041,-7.551357191933796
2017-07-31,student,0.993,0.99,0.06006006006006006,4.582405560433725,0.076,0.02002002002002002,0.1606606606606602,0.09,0.04004004004004004,0.20020020020020018,-7.381451664726648,-7.522408491211566
2017-08-01,student,0.99,0.988,0.06006006006006006,4.002878090612465,0.078,0.02002002002002002,0.1606606606606602,0.102,0.02002002002002002,0.20020020020020018,-7.330367277697591,-7.465995258368723
2017-08-02,student,0.988,0.986,0.06006006006006006,3.0806481921445106,0.09,0.02002002002002002,0.1606606606606602,0.108,0.02002002002002002,0.20020020020020018,-7.354772675009508,-7.489915178340663
2017-08-03,student,0.988,0.986,0.06006006006006006,2.367964075387065,0.122,0.02002002002002002,0.1606606606606602,0.136,0.02002002002002002,0.20020020020020018,-7.357576957666723,-7.505600537829402
2017-08-04,student,0.988,0.986,0.06006006006006006,2.63642339006196,0.082,0.02002002002002002,0.18018018018018017,0.108,0.02002002002002002,0.20020020020020018,-7.275889154163671,-7.4232751699767
2017-08-07,student,0.988,0.986,0.06006006006006006,1.6108599918462851,0.102,0.02002002002002002,0.18018018018018017,0.12,0.02002002002002002,0.20020020020020018,-7.26436273133863,-7.408642655785258
2017-08-08,student,0.988,0.986,0.06006006006006006,-0.27362106642501005,0.072,0.02002002002002002,0.18018018018018017,0.104,0.039539539539539564,0.20020020020020018,-7.227722918654431,-7.380046841079908
2017-08-09,student,0.99,0.986,0.06006006006006006,-0.1712654299982449,0.084,0.02002002002002002,0.18018018018018017,0.104,0.039539539539539564,0.20020020020020018,-7.236196234170988,-7.376175404339214
2017-08-10,student,0.99,0.99,0.06006006006006006,0.24517899617946526,0.094,0.02002002002002002,0.18018018018018017,0.13,0.04004004004004004,0.24024024024024024,-7.274842998282409,-7.452324858062317
2017-08-11,student,0.993,0.99,0.06006006006006006,-3.758779190299119,0.078,0.02002002002002002,0.1606606606606602,0.124,0.04004004004004004,0.24024024024024024,-7.15590103017505,-7.344757941258107
2017-08-14,student,0.99,0.99,0.06006006006006006,-7.30630220410494,0.08,0.02002002002002002,0.18018018018018017,0.106,0.04004004004004004,0.24024024024024024,-7.778666459847995,-7.969817438112526
2017-08-16,student,0.99,0.99,0.06006006006006006,-5.909429706879374,0.078,0.02002002002002002,0.18018018018018017,0.122,0.04004004004004004,0.24024024024024024,-7.854587388119124,-8.037062930683051
2017-08-17,student,0.99,0.99,0.06006006006006006,-3.1998393231932587,0.092,0.02002002002002002,0.18018018018018017,0.136,0.04004004004004004,0.24024024024024024,-7.7214739080067645,-7.8854083166355196
2017-08-18,student,0.99,0.989,0.06006006006006006,-6.960189163547739,0.09,0.02002002002002002,0.18018018018018017,0.148,0.04004004004004004,0.24024024024024024,-8.175289619168053,-8.338069442634653
2017-08-21,student,0.99,0.99,0.06006006006006006,-11.23057771819397,0.086,0.02002002002002002,0.18018018018018017,0.14,0.04004004004004004,0.24024024024024024,-8.130678692692623,-8.313479107095585
2017-08-22,student,0.988,0.986,0.06006006006006006,-11.42410996558978,0.086,0.02002002002002002,0.18018018018018017,0.102,0.039539539539539564,0.20020020020020018,-7.993118114232736,-8.122069741222656
2017-08-23,student,0.99,0.988,0.06006006006006006,-8.061833395314581,0.108,0.02002002002002002,0.18018018018018017,0.148,0.04004004004004004,0.24024024024024024,-8.446983027961366,-8.626760481175953
2017-08-24,student,0.99,0.987,0.06006006006006006,-6.81904353825621,0.08,0.02002002002002002,0.18018018018018017,0.136,0.04004004004004004,0.24024024024024024,-8.397469279181596,-8.59094371664287
2017-08-28,student,0.99,0.988,0.06006006006006006,-5.107005524533039,0.094,0.02002002002002002,0.18018018018018017,0.152,0.04004004004004004,0.24024024024024024,-8.500497244357826,-8.690243127347392
2017-08-29,student,0.99,0.986,0.06006006006006006,-3.71238448719018,0.08,0.02002002002002002,0.16016016016016016,0.126,0.04004004004004004,0.24024024024024024,-10.356939216913151,-10.535428479797945
2017-08-30,student,0.99,0.988,0.06006006006006006,-3.161153870974441,0.086,0.02002002002002002,0.18018018018018017,0.13,0.04004004004004004,0.24024024024024024,-9.413088630928595,-9.583093525648769
2017-08-31,student,0.988,0.987,0.04004004004004004,-4.142594441476691,0.08,0.02002002002002002,0.1606606606606602,0.128,0.04004004004004004,0.24024024024024024,-8.94829187487407,-9.130953081463858
2017-09-01,student,0.993,0.99,0.06006006006006006,-5.740532319173855,0.088,0.02002002002002002,0.16016016016016016,0.13,0.04004004004004004,0.24024024024024024,-8.680851505012283,-8.867845748548167
2017-09-04,student,0.988,0.986,0.06006006006006006,-1.43488004963409,0.092,0.02002002002002002,0.16016016016016016,0.122,0.02002002002002002,0.20020020020020018,-8.754166910535037,-8.902662342714807
2017-09-05,student,0.99,0.986,0.06006006006006006,1.9502002815739097,0.092,0.02002002002002002,0.16016016016016016,0.124,0.02002002002002002,0.20020020020020018,-8.993037801846848,-9.146872543784154
2017-09-06,student,0.99,0.986,0.06006006006006006,1.2044899007064351,0.08,0.02002002002002002,0.16016016016016016,0.12,0.02002002002002002,0.20020020020020018,-8.515813263892138,-8.672088407590753
2017-09-07,student,0.988,0.985,0.06006006006006006,-0.7027546388284097,0.088,0.02002002002002002,0.1606606606606602,0.114,0.039539539539539564,0.20020020020020018,-8.342008119864072,-8.48772791718545
2017-09-08,student,0.99,0.986,0.06006006006006006,-3.0901012523782647,0.092,0.02002002002002002,0.1606606606606602,0.128,0.04004004004004004,0.20020020020020018,-8.165250682963299,-8.305103702146894
2017-09-11,bb7,0.988,0.985,0.06006006006006006,-4.951554000373795,0.088,0.02002002002002002,0.16016016016016016,0.11,0.04004004004004004,0.20020020020020018,-8.156314220385468,-8.298150532280516
2017-09-12,student,0.988,0.984,0.06006006006006006,-3.0412055887825353,0.1,0.02002002002002002,0.16016016016016016,0.12,0.04004004004004004,0.20020020020020018,-8.048859562553883,-8.195944338194144
2017-09-13,student,0.988,0.984,0.06006006006006006,-2.9519019300872507,0.082,0.02002002002002002,0.18018018018018017,0.112,0.04004004004004004,0.20020020020020018,-7.806197280831304,-7.945735229917263
2017-09-14,bb7,0.998,0.993,0.06006006006006006,-1.8909252769175253,0.082,0.02002002002002002,0.16016016016016016,0.106,0.039539539539539564,0.20020020020020018,-7.8188516250077615,-7.9614416130468495
2017-09-15,bb7,0.997,0.992,0.06006006006006006,-1.7959643106719503,0.074,0.02002002002002002,0.16016016016016016,0.096,0.039539539539539564,0.20020020020020018,-7.730820229526378,-7.8770911442455835
2017-09-18,bb7,0.987,0.98,0.06006006006006006,-0.8490577128516351,0.07,0.02002002002002002,0.16016016016016016,0.094,0.04004004004004004,0.20020020020020018,-7.693789931917398,-7.827232229918811
2017-09-19,student,0.988,0.985,0.06006006006006006,-1.0370367802722453,0.098,0.02002002002002002,0.18018018018018017,0.128,0.04004004004004004,0.20020020020020018,-7.6196855270674835,-7.766868975578209
2017-09-20,bb7,0.989,0.986,0.08008008008008008,0.1740303579298148,0.072,0.02002002002002002,0.18018018018018017,0.088,0.04004004004004004,0.20020020020020018,-7.618936699233619,-7.766925401028064
2017-09-21,bb7,0.989,0.986,0.06006006006006006,-0.28593030120031526,0.084,0.02002002002002002,0.18018018018018017,0.1,0.04004004004004004,0.20020020020020018,-7.580532810801485,-7.728347991617018
2017-09-22,student,0.988,0.986,0.06006006006006006,-1.0793462986516302,0.09,0.02002002002002002,0.18018018018018017,0.112,0.04004004004004004,0.20020020020020018,-7.6465252823090974,-7.795490166527434
2017-09-25,bb7,0.99,0.986,0.06006006006006006,-1.3650398312923804,0.08,0.02002002002002002,0.1606606606606602,0.1,0.02002002002002002,0.20020020020020018,-7.474339885161302,-7.623815601732094
2017-09-26,student,0.99,0.986,0.06006006006006006,-1.6387614574650808,0.098,0.02002002002002002,0.18018018018018017,0.122,0.04004004004004004,0.20020020020020018,-7.528898626189298,-7.6830624229323385
2017-09-27,bb7,0.99,0.986,0.06006006006006006,-3.493909736146425,0.084,0.02002002002002002,0.18018018018018017,0.106,0.04004004004004004,0.20020020020020018,-7.444992901538126,-7.587072057944038
2017-09-28,student,0.99,0.986,0.06006006006006006,-3.911131071189775,0.086,0.02002002002002002,0.18018018018018017,0.118,0.04004004004004004,0.20020020020020018,-7.397182003210021,-7.55700147520822
2017-09-29,bb7,0.988,0.985,0.06006006006006006,-3.822720666712179,0.078,0.02002002002002002,0.18018018018018017,0.098,0.02002002002002002,0.20020020020020018,-7.367103610114072,-7.525842175172318
2017-10-03,student,0.99,0.986,0.06006006006006006,-3.96891458078227,0.088,0.02002002002002002,0.1606606606606602,0.114,0.02002002002002002,0.20020020020020018,-7.363016934506482,-7.531547544031606
2017-10-04,bb7,0.99,0.986,0.06006006006006006,-3.5012352519138146,0.086,0.02002002002002002,0.16016016016016016,0.106,0.02002002002002002,0.20020020020020018,-7.400832138514374,-7.567692531833314
2017-10-05,bb7,0.99,0.986,0.06006006006006006,-4.06980081552515,0.092,0.02002002002002002,0.18018018018018017,0.106,0.039539539539539564,0.20020020020020018,-7.353848284907816,-7.5088926330087125
2017-10-06,student,0.99,0.986,0.06006006006006006,-1.6580521130067498,0.1,0.02002002002002002,0.18018018018018017,0.112,0.04004004004004004,0.20020020020020018,-7.329979100956187,-7.475896604432359
2017-10-09,bb7,0.99,0.986,0.06006006006006006,0.4410150034519901,0.128,0.02002002002002002,0.18018018018018017,0.138,0.04004004004004004,0.20020020020020018,-7.857519609835408,-8.017504697649933
2017-10-10,bb7,0.99,0.986,0.06006006006006006,1.8416098495109001,0.078,0.02002002002002002,0.18018018018018017,0.11,0.04004004004004004,0.20020020020020018,-7.809354476773776,-7.969392857021445
2017-10-11,bb7,0.99,0.986,0.06006006006006006,0.07581822374511504,0.072,0.02002002002002002,0.1606606606606602,0.094,0.04004004004004004,0.20020020020020018,-7.576626936363916,-7.74484833930097
2017-10-12,bb7,0.99,0.986,0.06006006006006006,1.66472937457197,0.066,0.02002002002002002,0.16016016016016016,0.102,0.04004004004004004,0.20020020020020018,-8.182738064555872,-8.35153614211787
2017-10-13,bb7,0.99,0.986,0.06006006006006006,1.778410568510385,0.088,0.02002002002002002,0.1606606606606602,0.1,0.04004004004004004,0.20020020020020018,-8.093287512085123,-8.244442054733334
2017-10-16,bb7,0.99,0.986,0.06006006006006006,1.77078172474709,0.082,0.02002002002002002,0.16016016016016016,0.104,0.04004004004004004,0.20020020020020018,-7.98190476620108,-8.122481719288025
2017-10-17,bb7,0.99,0.986,0.06006006006006006,1.43968497284002,0.076,0.02002002002002002,0.16016016016016016,0.098,0.04004004004004004,0.20020020020020018,-7.962051206596283,-8.107758761058742
2017-10-18,bb7,0.99,0.986,0.06006006006006006,-0.5447985801543052,0.066,0.02002002002002002,0.16016016016016016,0.096,0.04004004004004004,0.20020020020020018,-7.867976131079607,-8.002146230657587
2017-10-19,student,0.99,0.986,0.06006006006006006,-0.4843275918056853,0.084,0.02002002002002002,0.1606606606606602,0.124,0.04004004004004004,0.20020020020020018,-7.75735789410959,-7.8880110332142195
2017-10-23,bb7,0.99,0.986,0.06006006006006006,-1.1081802394034148,0.088,0.02002002002002002,0.18018018018018017,0.11,0.04004004004004004,0.20020020020020018,-7.861676879056804,-7.97691532358815
2017-10-24,student,0.99,0.986,0.06006006006006006,-0.3288843406350903,0.104,0.02002002002002002,0.18018018018018017,0.13,0.04004004004004004,0.20020020020020018,-7.7525962234571875,-7.876659430124763
2017-10-25,student,0.99,0.986,0.06006006006006006,11.723786090610494,0.098,0.02002002002002002,0.18018018018018017,0.13,0.04004004004004004,0.20020020020020018,-7.649561622477711,-7.776954512209256
2017-10-26,student,0.99,0.986,0.06006006006006006,12.958862828214583,0.104,0.02002002002002002,0.18018018018018017,0.132,0.04004004004004004,0.20020020020020018,-7.9751052244720775,-8.104046501427465
2017-10-27,bb7,0.99,0.986,0.06006006006006006,11.701974323006263,0.07,0.02002002002002002,0.18018018018018017,0.08,0.04004004004004004,0.20020020020020018,-7.721872468501505,-7.851239678662129
2017-10-30,student,0.99,0.987,0.06006006006006006,11.405858851313019,0.098,0.02002002002002002,0.18018018018018017,0.13,0.04004004004004004,0.20020020020020018,-7.628765787887716,-7.747880222721467
2017-10-31,bb7,0.99,0.988,0.06006006006006006,9.436820951800897,0.082,0.02002002002002002,0.18018018018018017,0.098,0.04004004004004004,0.20020020020020018,-7.669132365125097,-7.790554249320456
2017-11-01,bb7,0.99,0.988,0.06006006006006006,12.597622583422742,0.082,0.02002002002002002,0.18018018018018017,0.11,0.04004004004004004,0.20020020020020018,-7.667474386911261,-7.800600667034043
2017-11-02,bb7,0.99,0.988,0.06006006006006006,13.332982208948923,0.088,0.02002002002002002,0.18018018018018017,0.102,0.04004004004004004,0.20020020020020018,-8.341560050075834,-8.471606889487605
2017-11-03,student,0.99,0.987,0.06006006006006006,15.266729955340825,0.09,0.02002002002002002,0.18018018018018017,0.118,0.04004004004004004,0.20020020020020018,-8.032765237320977,-8.176045660340376
2017-11-06,student,0.99,0.988,0.06006006006006006,14.661650203550414,0.096,0.02002002002002002,0.18018018018018017,0.128,0.04004004004004004,0.20070070070070023,-7.9524425319252385,-8.095442386519064
2017-11-07,bb7,0.993,0.99,0.06006006006006006,13.255714546387134,0.084,0.02002002002002002,0.18018018018018017,0.106,0.04004004004004004,0.20020020020020018,-8.307375207944906,-8.478608089114301
2017-11-08,student,0.993,0.988,0.06006006006006006,-0.8259862367196302,0.096,0.02002002002002002,0.18018018018018017,0.124,0.04004004004004004,0.20070070070070023,-20.990476578912915,-21.13962830105066
2017-11-09,bb7,0.993,0.99,0.06006006006006006,-0.003028517606320391,0.092,0.02002002002002002,0.18018018018018017,0.106,0.04004004004004004,0.20020020020020018,-19.10484644792958,-19.260773211381437
2017-11-10,student,0.995,0.99,0.06006006006006006,5.007914018845675,0.094,0.02002002002002002,0.18018018018018017,0.114,0.04004004004004004,0.20020020020020018,-17.75152422879097,-17.913311447894863
2017-11-13,bb7,0.996,0.992,0.06006006006006006,4.070607192799399,0.072,0.02002002002002002,0.18018018018018017,0.1,0.04004004004004004,0.20020020020020018,-16.099270077457813,-16.28549158367387
2017-11-14,bb7,0.996,0.99,0.06006006006006006,5.128099123878025,0.08,0.02002002002002002,0.18018018018018017,0.098,0.04004004004004004,0.20020020020020018,-15.037065387147155,-15.214702417000499
2017-11-15,student,0.995,0.989,0.06006006006006006,2.108340293285775,0.084,0.02002002002002002,0.18018018018018017,0.116,0.04004004004004004,0.20070070070070023,-14.282253972500609,-14.444443793459417
2017-11-16,bb7,0.993,0.989,0.06006006006006006,6.370121674251149,0.076,0.02002002002002002,0.18018018018018017,0.108,0.04004004004004004,0.20070070070070023,-13.509635296301747,-13.663574832994236
2017-11-17,student,0.993,0.989,0.06006006006006006,4.2219842688349996,0.094,0.02002002002002002,0.18018018018018017,0.134,0.04004004004004004,0.20070070070070023,-12.728836930781615,-12.883533205223708
2017-11-20,student,0.993,0.989,0.06006006006006006,2.290237932597275,0.09,0.02002002002002002,0.18018018018018017,0.12,0.04004004004004004,0.20020020020020018,-11.996734411277359,-12.148497575797855
2017-11-21,bb7,0.992,0.989,0.06006006006006006,2.6357871619663955,0.078,0.02002002002002002,0.18018018018018017,0.106,0.04004004004004004,0.20020020020020018,-12.123158890313436,-12.282158764808008
2017-11-22,bb7,0.993,0.989,0.06006006006006006,4.7250183676771105,0.082,0.02002002002002002,0.18018018018018017,0.104,0.04004004004004004,0.20020020020020018,-11.747669079471077,-11.885089568991978
2017-11-23,bb7,0.993,0.989,0.06006006006006006,5.1661625400679965,0.112,0.02002002002002002,0.18018018018018017,0.146,0.04004004004004004,0.20070070070070023,-11.167092552241225,-11.315366801698751
2017-11-24,student,0.995,0.989,0.06006006006006006,2.2369939916861865,0.094,0.02002002002002002,0.18018018018018017,0.122,0.04004004004004004,0.20070070070070023,-11.8730266990023,-12.026130037928997
2017-11-27,student,0.994,0.989,0.06006006006006006,3.0895864257223864,0.106,0.02002002002002002,0.18018018018018017,0.136,0.04004004004004004,0.20070070070070023,-11.487863665895265,-11.642001770525631
2017-11-28,bb7,0.993,0.988,0.06006006006006006,2.279800718977941,0.074,0.02002002002002002,0.18018018018018017,0.098,0.04004004004004004,0.20070070070070023,-10.876417632483124,-11.027642304930822
2017-11-29,bb7,0.992,0.988,0.06006006006006006,2.2015490246999465,0.084,0.02002002002002002,0.18018018018018017,0.104,0.04004004004004004,0.20070070070070023,-10.348746590347902,-10.507302601314505
2017-11-30,bb7,0.995,0.991,0.06006006006006006,-2.6225714933261686,0.08,0.02002002002002002,0.18018018018018017,0.108,0.04004004004004004,0.2202202202202202,-10.413238259852463,-10.57450318168667
2017-12-01,bb7,0.993,0.989,0.06006006006006006,-4.437699826941019,0.114,0.02002002002002002,0.18018018018018017,0.146,0.04004004004004004,0.20070070070070023,-9.86229456362311,-10.02606460314307
2017-12-04,student,0.995,0.991,0.06006006006006006,-1.7266635047096537,0.096,0.02002002002002002,0.18018018018018017,0.132,0.04004004004004004,0.20070070070070023,-9.717511170875827,-9.881232842345566
2017-12-05,bb7,0.995,0.989,0.06006006006006006,-0.8498374433907042,0.078,0.02002002002002002,0.18018018018018017,0.096,0.04004004004004004,0.20070070070070023,-9.420268271094269,-9.588606578080832
2017-12-06,student,0.995,0.992,0.06006006006006006,-2.3103885145220246,0.096,0.02002002002002002,0.18018018018018017,0.12,0.04004004004004004,0.20070070070070023,-9.013131384998983,-9.177449553634577
2017-12-07,bb7,0.998,0.992,0.06006006006006006,-2.4192761533288847,0.086,0.02002002002002002,0.18018018018018017,0.108,0.04004004004004004,0.20070070070070023,-8.907952083127796,-9.065536846124331
2017-12-08,bb7,0.998,0.995,0.06006006006006006,-3.3736289889720594,0.086,0.02002002002002002,0.18018018018018017,0.11,0.04004004004004004,0.20070070070070023,-8.500979601661701,-8.640137141138865
2017-12-11,student,0.998,0.994,0.06006006006006006,-2.31119946895816,0.092,0.02002002002002002,0.18018018018018017,0.122,0.04004004004004004,0.20070070070070023,-8.276755836155974,-8.413894354266205
2017-12-12,bb7,0.998,0.995,0.06006006006006006,-0.7902923051078652,0.084,0.02002002002002002,0.18018018018018017,0.104,0.04004004004004004,0.2202202202202202,-8.270349036115956,-8.406861029805698
2017-12-13,bb7,0.997,0.992,0.06006006006006006,-1.3699105215064948,0.072,0.02002002002002002,0.18018018018018017,0.102,0.04004004004004004,0.2202202202202202,-8.163528585467766,-8.302661965568644
2017-12-14,student,0.998,0.992,0.06006006006006006,0.8592078497613401,0.096,0.02002002002002002,0.18018018018018017,0.12,0.04004004004004004,0.2202202202202202,-8.653244083026282,-8.80118044083535
2017-12-15,student,0.998,0.992,0.06006006006006006,3.15573136978656,0.11,0.02002002002002002,0.18018018018018017,0.144,0.04004004004004004,0.2202202202202202,-8.765905163675841,-8.91790797005895
2017-12-18,bb7,0.997,0.992,0.06006006006006006,2.39906121429956,0.08,0.02002002002002002,0.18018018018018017,0.108,0.04004004004004004,0.2202202202202202,-8.368582792351985,-8.516909742594232
2017-12-19,bb7,0.997,0.992,0.06006006006006006,1.0953506429596098,0.078,0.02002002002002002,0.18018018018018017,0.106,0.04004004004004004,0.2202202202202202,-8.192084466613364,-8.326178054333951
2017-12-20,bb7,0.997,0.992,0.06006006006006006,2.08331812209742,0.086,0.02002002002002002,0.18018018018018017,0.1,0.04004004004004004,0.2202202202202202,-8.61371732210557,-8.75817833287165
2017-12-21,student,0.998,0.992,0.06006006006006006,1.1557990752845897,0.096,0.02002002002002002,0.18018018018018017,0.112,0.04004004004004004,0.2202202202202202,-8.455093757034149,-8.595792890528324
2017-12-22,student,0.998,0.993,0.06006006006006006,2.9038341097549045,0.088,0.02002002002002002,0.18018018018018017,0.122,0.04004004004004004,0.2202202202202202,-8.445066279348517,-8.595622578191778
2017-12-26,bb7,0.998,0.995,0.06006006006006006,1.2880812680749947,0.084,0.02002002002002002,0.18018018018018017,0.106,0.04004004004004004,0.2202202202202202,-8.333749112879222,-8.473644553102055
2017-12-27,student,0.998,0.996,0.06006006006006006,0.5931135953426947,0.098,0.02002002002002002,0.18018018018018017,0.128,0.04004004004004004,0.2202202202202202,-8.397493352991223,-8.539416114115
2017-12-28,student,0.998,0.997,0.06006006006006006,0.6601475457879546,0.1,0.02002002002002002,0.18018018018018017,0.13,0.04004004004004004,0.2202202202202202,-8.410175277240858,-8.555024180194737
2017-12-29,student,0.998,0.995,0.06006006006006006,0.7515781835959395,0.084,0.02002002002002002,0.18018018018018017,0.114,0.04004004004004004,0.2202202202202202,-8.242850476740353,-8.377081339176712
2018-01-01,bb7,0.998,0.996,0.06006006006006006,-0.3136543835772655,0.082,0.02002002002002002,0.18018018018018017,0.102,0.04004004004004004,0.2202202202202202,-8.254119416770852,-8.389923621139383
2018-01-02,bb7,0.998,0.997,0.06006006006006006,-1.8758001244226556,0.074,0.02002002002002002,0.18018018018018017,0.088,0.04004004004004004,0.2202202202202202,-8.199903231635362,-8.323533460867994
2018-01-03,bb7,0.999,0.997,0.06006006006006006,-1.8662005313490804,0.074,0.02002002002002002,0.18018018018018017,0.108,0.04004004004004004,0.2202202202202202,-8.018400712415445,-8.153654762224757
2018-01-04,student,0.998,0.996,0.06006006006006006,-1.4599358304726104,0.1,0.02002002002002002,0.18018018018018017,0.12,0.04004004004004004,0.2202202202202202,-7.929269493737804,-8.053878057000228
2018-01-05,student,0.998,0.997,0.06006006006006006,-2.1633196495897153,0.092,0.02002002002002002,0.18018018018018017,0.116,0.04004004004004004,0.2202202202202202,-7.778125240528383,-7.900306737083868
2018-01-08,bb7,0.998,0.996,0.06006006006006006,-2.4050510147943704,0.08,0.02002002002002002,0.18018018018018017,0.094,0.04004004004004004,0.2202202202202202,-7.737137336650153,-7.869965021413238
2018-01-09,student,0.998,0.996,0.06006006006006006,-1.7911949531000906,0.092,0.02002002002002002,0.18018018018018017,0.12,0.04004004004004004,0.2202202202202202,-7.791128089241682,-7.933391541749905
2018-01-10,bb7,0.998,0.996,0.06006006006006006,-1.3699931801252254,0.076,0.02002002002002002,0.18018018018018017,0.102,0.04004004004004004,0.2202202202202202,-7.724783576152881,-7.845499211541017
2018-01-11,bb7,0.998,0.994,0.06006006006006006,1.0023378536891245,0.076,0.02002002002002002,0.18018018018018017,0.092,0.04004004004004004,0.2202202202202202,-8.005974249310151,-8.12768148844032
2018-01-12,student,0.998,0.995,0.06006006006006006,0.4669805564665499,0.1,0.02002002002002002,0.18018018018018017,0.116,0.04004004004004004,0.2202202202202202,-7.922368753709385,-8.049857729185609
2018-01-15,student,0.998,0.995,0.06006006006006006,1.5132144748282945,0.106,0.02002002002002002,0.18018018018018017,0.114,0.04004004004004004,0.2202202202202202,-7.966798317293642,-8.107039785823535
2018-01-16,student,0.997,0.992,0.06006006006006006,3.145554365820529,0.09,0.02002002002002002,0.18018018018018017,0.114,0.04004004004004004,0.2202202202202202,-8.05987254138166,-8.208579293181097
2018-01-17,student,0.998,0.992,0.06006006006006006,6.7222845820722945,0.084,0.02002002002002002,0.18018018018018017,0.11,0.04004004004004004,0.2202202202202202,-7.981794011462058,-8.1201086414825
2018-01-18,student,0.995,0.992,0.06006006006006006,5.483003119081395,0.1,0.02002002002002002,0.18018018018018017,0.122,0.04004004004004004,0.2202202202202202,-8.020733591911503,-8.177078170248768
2018-01-19,student,0.994,0.989,0.06006006006006006,6.57714961369255,0.084,0.02002002002002002,0.18018018018018017,0.112,0.04004004004004004,0.2202202202202202,-7.991044575021618,-8.126250433163124
2018-01-22,student,0.993,0.989,0.06006006006006006,5.331645411392044,0.094,0.02002002002002002,0.18018018018018017,0.132,0.04004004004004004,0.2202202202202202,-7.994624105673605,-8.126098523948047
2018-01-23,student,0.995,0.991,0.06006006006006006,8.34437436666996,0.088,0.02002002002002002,0.18018018018018017,0.108,0.04004004004004004,0.2202202202202202,-7.827167557573068,-7.958820341408476
2018-01-24,student,0.995,0.991,0.06006006006006006,10.54172000408367,0.11,0.02002002002002002,0.18018018018018017,0.126,0.04004004004004004,0.2202202202202202,-8.033298732907397,-8.175758330403484
2018-01-25,student,0.995,0.992,0.06006006006006006,6.206867741352415,0.11,0.02002002002002002,0.18018018018018017,0.138,0.04004004004004004,0.2202202202202202,-8.078953237823443,-8.23423747147936
2018-01-29,student,0.995,0.992,0.06006006006006006,6.22567436782344,0.096,0.02002002002002002,0.18018018018018017,0.128,0.04004004004004004,0.2202202202202202,-7.932381463843974,-8.075237917208907
2018-01-30,student,0.995,0.992,0.06006006006006006,5.754043017512515,0.078,0.02002002002002002,0.18018018018018017,0.092,0.04004004004004004,0.2202202202202202,-7.826769811213363,-7.974268564061354
2018-01-31,student,0.996,0.992,0.06006006006006006,4.012239516236301,0.106,0.02002002002002002,0.18018018018018017,0.13,0.04004004004004004,0.2202202202202202,-8.198499977796514,-8.358705800210275
2018-02-01,student,0.997,0.992,0.06006006006006006,-0.4978094409864545,0.096,0.02002002002002002,0.18018018018018017,0.108,0.04004004004004004,0.2202202202202202,-8.492251644452375,-8.640180717771964
2018-02-02,student,0.995,0.991,0.06006006006006006,-1.393987987523524,0.084,0.02002002002002002,0.18018018018018017,0.096,0.04004004004004004,0.2202202202202202,-8.402876699489266,-8.550816079760434
2018-02-05,student,0.995,0.991,0.06006006006006006,-2.0745348362751797,0.09,0.02002002002002002,0.18018018018018017,0.126,0.04004004004004004,0.2202202202202202,-8.306356960727346,-8.450545680343854
2018-02-06,student,0.994,0.989,0.06006006006006006,-4.3375629673611895,0.124,0.02002002002002002,0.18018018018018017,0.144,0.04004004004004004,0.2202202202202202,-8.157563187652356,-8.314840522510018
2018-02-07,student,0.993,0.989,0.06006006006006006,-7.12129692777096,0.098,0.02002002002002002,0.18018018018018017,0.12,0.04004004004004004,0.2202202202202202,-8.345200399736441,-8.4883855155255
2018-02-08,student,0.996,0.992,0.06006006006006006,-6.739883985097709,0.09,0.02002002002002002,0.18018018018018017,0.126,0.04004004004004004,0.2202202202202202,-8.616089472894288,-8.753599023031809
2018-02-09,student,0.994,0.992,0.06006006006006006,-5.649351492761891,0.104,0.02002002002002002,0.18018018018018017,0.126,0.04004004004004004,0.2202202202202202,-10.149021995680933,-10.293501295090085
2018-02-12,student,0.995,0.992,0.06006006006006006,-7.393947193304925,0.102,0.02002002002002002,0.18018018018018017,0.124,0.04004004004004004,0.2202202202202202,-9.646047575983117,-9.78558152201707
2018-02-14,student,0.997,0.992,0.06006006006006006,-9.556513097845565,0.098,0.02002002002002002,0.18018018018018017,0.114,0.04004004004004004,0.2202202202202202,-9.272163004652308,-9.408321866203545
2018-02-15,student,0.998,0.993,0.06006006006006006,-7.424201882517419,0.082,0.02002002002002002,0.18018018018018017,0.112,0.04004004004004004,0.2202202202202202,-9.048606601046842,-9.193606788519698
2018-02-16,student,0.998,0.993,0.06006006006006006,-6.689926299416985,0.09,0.02002002002002002,0.18018018018018017,0.112,0.04004004004004004,0.2202202202202202,-9.169705042884322,-9.317972125277029
2018-02-19,student,0.997,0.993,0.06006006006006006,-5.608451778757041,0.088,0.02002002002002002,0.18018018018018017,0.106,0.04004004004004004,0.2202202202202202,-9.611600926112647,-9.775905505437642
2018-02-20,student,0.998,0.995,0.06006006006006006,-5.0617605864527055,0.132,0.02002002002002002,0.18018018018018017,0.17,0.04004004004004004,0.2202202202202202,-9.24274774461053,-9.408358155705507
2018-02-21,student,0.998,0.995,0.06006006006006006,-1.5079849442139,0.09,0.02002002002002002,0.18018018018018017,0.118,0.04004004004004004,0.2202202202202202,-9.502287351968128,-9.668714776430592
2018-02-22,student,0.998,0.995,0.06006006006006006,-1.29610271628471,0.098,0.02002002002002002,0.18018018018018017,0.12,0.04004004004004004,0.2202202202202202,-9.102878359476897,-9.265934343988866
2018-02-23,student,0.998,0.993,0.06006006006006006,-3.45824621966953,0.112,0.02002002002002002,0.18018018018018017,0.142,0.04004004004004004,0.2202202202202202,-9.093591551294315,-9.264509899637792
2018-02-26,student,0.997,0.992,0.06006006006006006,-2.53677815295527,0.09,0.02002002002002002,0.18018018018018017,0.106,0.04004004004004004,0.2202202202202202,-8.995945379159512,-9.160289091055029
2018-02-27,student,0.997,0.992,0.06006006006006006,-1.69922425564505,0.104,0.02002002002002002,0.18018018018018017,0.13,0.04004004004004004,0.2202202202202202,-9.261043369151702,-9.411571621081242
2018-02-28,student,0.998,0.996,0.06006006006006006,1.7911375843949648,0.094,0.02002002002002002,0.18018018018018017,0.12,0.04004004004004004,0.2202202202202202,-10.221982883478187,-10.368233625108878
2018-03-01,student,0.998,0.995,0.06006006006006006,-1.0257042195512551,0.09,0.02002002002002002,0.18018018018018017,0.114,0.04004004004004004,0.2202202202202202,-9.868254409389207,-10.010914981731393
2018-03-05,student,0.998,0.993,0.06006006006006006,-0.3036238375267052,0.116,0.02002002002002002,0.18018018018018017,0.148,0.04004004004004004,0.2202202202202202,-9.89760893659692,-10.030989297138905
2018-03-06,student,0.995,0.992,0.06006006006006006,-1.4178492755972503,0.106,0.02002002002002002,0.18018018018018017,0.136,0.04004004004004004,0.2202202202202202,-9.344024828677492,-9.476241488836909
2018-03-07,student,0.996,0.992,0.06006006006006006,-4.144272590925276,0.096,0.02002002002002002,0.18018018018018017,0.132,0.04004004004004004,0.2202202202202202,-9.126458651512422,-9.26407134129731
2018-03-08,student,0.997,0.992,0.06006006006006006,-2.7121524328734496,0.08,0.02002002002002002,0.18018018018018017,0.11,0.04004004004004004,0.2202202202202202,-8.916545471724984,-9.044037730380705
2018-03-09,student,0.995,0.992,0.06006006006006006,-3.56737693477214,0.1,0.02002002002002002,0.18018018018018017,0.124,0.04004004004004004,0.2202202202202202,-8.723686235786852,-8.84933098357798
2018-03-12,student,0.996,0.992,0.06006006006006006,-3.10364589199863,0.11,0.02002002002002002,0.18018018018018017,0.128,0.04004004004004004,0.2202202202202202,-8.393726399189214,-8.509087419832507
2018-03-13,student,0.996,0.992,0.06006006006006006,-1.7876249854352448,0.078,0.02002002002002002,0.18018018018018017,0.114,0.04004004004004004,0.2202202202202202,-8.224628794128959,-8.364827170116873
2018-03-14,student,0.996,0.992,0.06006006006006006,-0.6983125788659401,0.108,0.02002002002002002,0.18018018018018017,0.132,0.04004004004004004,0.2202202202202202,-8.511985096473525,-8.649768579623807
2018-03-15,student,0.996,0.992,0.06006006006006006,-2.3213739024627653,0.086,0.02002002002002002,0.18018018018018017,0.118,0.04004004004004004,0.2202202202202202,-8.373195065310462,-8.517156003545852
2018-03-16,student,0.995,0.992,0.06006006006006006,-1.43688228070186,0.066,0.02002002002002002,0.18018018018018017,0.088,0.04004004004004004,0.2202202202202202,-8.545332996009446,-8.675165002954781
2018-03-19,student,0.996,0.992,0.06006006006006006,-3.4386811265317503,0.078,0.02002002002002002,0.18018018018018017,0.102,0.04004004004004004,0.2202202202202202,-8.492451058259054,-8.614601229778458
2018-03-20,student,0.996,0.992,0.06006006006006006,-0.9034849795067501,0.09,0.02002002002002002,0.18018018018018017,0.132,0.04004004004004004,0.2202202202202202,-8.820222233277056,-8.932461773268813
2018-03-21,student,0.997,0.992,0.06006006006006006,1.285245607038845,0.094,0.02002002002002002,0.18018018018018017,0.126,0.04004004004004004,0.2202202202202202,-9.477773803810155,-9.586133773465582
2018-03-22,student,0.998,0.992,0.06006006006006006,-2.8604589973648755,0.098,0.02002002002002002,0.18018018018018017,0.124,0.04004004004004004,0.2202202202202202,-9.498113138259829,-9.606510729694852
2018-03-23,student,0.995,0.989,0.06006006006006006,-3.6019715684648252,0.11,0.02002002002002002,0.18018018018018017,0.128,0.04004004004004004,0.2202202202202202,-9.42279449022252,-9.536333722159913
2018-03-26,student,0.993,0.988,0.06006006006006006,-2.5746600599804306,0.116,0.02002002002002002,0.18018018018018017,0.15,0.04004004004004004,0.2202202202202202,-9.092910615743097,-9.22509567939354
2018-03-27,student,0.993,0.988,0.06006006006006006,-1.34351381049312,0.106,0.02002002002002002,0.18018018018018017,0.142,0.04004004004004004,0.2202202202202202,-8.762600788575925,-8.896096918982554
2018-03-28,student,0.994,0.988,0.06006006006006006,-3.5296356925362753,0.096,0.02002002002002002,0.18018018018018017,0.116,0.04004004004004004,0.2202202202202202,-8.56863342916136,-8.694267291844518
2018-04-02,student,0.993,0.988,0.06006006006006006,-3.46584274381169,0.074,0.02002002002002002,0.18018018018018017,0.11,0.04004004004004004,0.2202202202202202,-8.503558074752107,-8.630830419124363
2018-04-03,student,0.994,0.989,0.06006006006006006,-1.7181581288390098,0.098,0.02002002002002002,0.18018018018018017,0.126,0.04004004004004004,0.2202202202202202,-8.267527707926352,-8.393229201395672
2018-04-04,student,0.993,0.989,0.06006006006006006,-1.1242582162764545,0.074,0.02002002002002002,0.18018018018018017,0.092,0.04004004004004004,0.2202202202202202,-8.651565241073635,-8.791284419182984
2018-04-05,student,0.994,0.989,0.06006006006006006,1.2712883225242657,0.104,0.02002002002002002,0.18018018018018017,0.126,0.04004004004004004,0.2202202202202202,-8.494851426320926,-8.642390100747264
2018-04-06,student,0.994,0.989,0.06006006006006006,0.539659400354276,0.072,0.02002002002002002,0.18018018018018017,0.1,0.04004004004004004,0.2202202202202202,-8.480030036139558,-8.613544220179888
2018-04-09,student,0.995,0.991,0.06006006006006006,1.6023851120952055,0.114,0.02002002002002002,0.18018018018018017,0.15,0.04004004004004004,0.2202202202202202,-8.953034288031507,-9.09381963205092
2018-04-10,student,0.997,0.992,0.06006006006006006,3.3513855103019603,0.096,0.02002002002002002,0.18018018018018017,0.13,0.04004004004004004,0.2202202202202202,-9.31573846081675,-9.45054393936712
2018-04-11,student,0.998,0.992,0.06006006006006006,0.7353988536342354,0.072,0.02002002002002002,0.18018018018018017,0.108,0.04004004004004004,0.2202202202202202,-9.738752303047963,-9.86648773689874
2018-04-12,student,0.997,0.992,0.06006006006006006,0.26297483924923115,0.078,0.02002002002002002,0.18018018018018017,0.1,0.04004004004004004,0.2202202202202202,-9.426598367442715,-9.5574911976662
2018-04-13,student,0.998,0.993,0.06006006006006006,1.9312781563540158,0.094,0.02002002002002002,0.18018018018018017,0.118,0.04004004004004004,0.2202202202202202,-9.360540554293792,-9.48054597045553
2018-04-16,student,0.997,0.992,0.06006006006006006,0.40161624245450067,0.096,0.02002002002002002,0.18018018018018017,0.116,0.04004004004004004,0.2202202202202202,-9.070502763866092,-9.183547951253413
2018-04-17,student,0.996,0.992,0.06006006006006006,-1.1443891577582543,0.118,0.02002002002002002,0.18018018018018017,0.14,0.04004004004004004,0.2202202202202202,-9.009678593837368,-9.128906969595992
2018-04-18,student,0.998,0.993,0.06006006006006006,-0.09437227165257439,0.064,0.02002002002002002,0.18018018018018017,0.092,0.04004004004004004,0.2202202202202202,-9.130344305542385,-9.231959079329297
2018-04-19,student,0.998,0.995,0.06006006006006006,-3.2468815354604454,0.086,0.02002002002002002,0.18018018018018017,0.124,0.04004004004004004,0.2202202202202202,-9.366095154444675,-9.465388154235642
2018-04-20,student,0.997,0.992,0.06006006006006006,-1.4630077641738348,0.106,0.02002002002002002,0.18018018018018017,0.128,0.04004004004004004,0.2202202202202202,-9.040173782459501,-9.150988354986684
2018-04-23,student,0.996,0.991,0.06006006006006006,-0.2924991719823794,0.072,0.02002002002002002,0.18018018018018017,0.094,0.04004004004004004,0.2202202202202202,-8.588466575006434,-8.716303296584812
2018-04-24,student,0.996,0.989,0.06006006006006006,-2.6954467637277544,0.092,0.02002002002002002,0.18018018018018017,0.144,0.04004004004004004,0.2202202202202202,-8.658430954421329,-8.77844916346574
2018-04-25,student,0.998,0.992,0.06006006006006006,-2.43807492666024,0.086,0.02002002002002002,0.18018018018018017,0.106,0.04004004004004004,0.2202202202202202,-8.947089053262724,-9.061878755102779
2018-04-26,student,0.998,0.992,0.06006006006006006,-3.6403612347208805,0.102,0.02002002002002002,0.18018018018018017,0.132,0.04004004004004004,0.2202202202202202,-8.971918413467739,-9.101433879969534
2018-04-27,student,0.997,0.991,0.06006006006006006,-1.10851541342389,0.096,0.02002002002002002,0.18018018018018017,0.124,0.04004004004004004,0.2202202202202202,-8.71686145358128,-8.848547283291817
2018-04-30,student,0.997,0.992,0.06006006006006006,2.318123882166815,0.098,0.02002002002002002,0.18018018018018017,0.126,0.04004004004004004,0.2202202202202202,-8.805770207877325,-8.940082448993655
2018-05-02,student,0.998,0.992,0.06006006006006006,1.6331461087794548,0.104,0.02002002002002002,0.18018018018018017,0.132,0.04004004004004004,0.22072072072072024,-8.6139121205877,-8.750254796103745
2018-05-03,student,0.998,0.992,0.06006006006006006,1.5205467909467147,0.11,0.02002002002002002,0.18018018018018017,0.138,0.04004004004004004,0.22072072072072024,-8.469012946030501,-8.59473909612975
2018-05-04,student,0.998,0.992,0.06006006006006006,0.8851803838997199,0.094,0.02002002002002002,0.18018018018018017,0.114,0.04004004004004004,0.22072072072072024,-8.349118580658415,-8.472436107130406
2018-05-07,student,0.998,0.993,0.06006006006006006,1.279464415013425,0.076,0.02002002002002002,0.18018018018018017,0.104,0.04004004004004004,0.2202202202202202,-8.690130433302379,-8.83124357332713
2018-05-08,student,0.998,0.993,0.06006006006006006,0.6020022502567749,0.066,0.02002002002002002,0.18018018018018017,0.084,0.04004004004004004,0.2202202202202202,-8.348482937571777,-8.490445965921543
2018-05-09,student,0.998,0.992,0.06006006006006006,2.2113654351461,0.1,0.02002002002002002,0.18018018018018017,0.15,0.04004004004004004,0.2202202202202202,-8.404992962039712,-8.544272115219862
2018-05-10,student,0.998,0.994,0.06006006006006006,2.544732994060025,0.1,0.02002002002002002,0.18018018018018017,0.134,0.04004004004004004,0.2202202202202202,-8.337622924300096,-8.463387074174346
2018-05-11,student,0.998,0.992,0.06006006006006006,3.73059950218253,0.088,0.02002002002002002,0.18018018018018017,0.104,0.04004004004004004,0.2202202202202202,-8.393270275282005,-8.532554670620703
2018-05-14,student,0.999,0.995,0.06006006006006006,2.389889391298495,0.104,0.02002002002002002,0.18018018018018017,0.128,0.04004004004004004,0.2202202202202202,-8.530889923718126,-8.663676786516422
2018-05-15,student,0.998,0.992,0.06006006006006006,0.11685273554000508,0.082,0.02002002002002002,0.18018018018018017,0.136,0.04004004004004004,0.2202202202202202,-8.555366177137278,-8.695621864168178
2018-05-16,student,0.998,0.992,0.06006006006006006,0.13635284615603016,0.108,0.02002002002002002,0.18018018018018017,0.132,0.04004004004004004,0.22072072072072024,-8.804693185535834,-8.954666760423457
2018-05-17,student,0.998,0.992,0.06006006006006006,0.1798958422133603,0.094,0.02002002002002002,0.18018018018018017,0.112,0.04004004004004004,0.22072072072072024,-8.786638261436911,-8.939042701074538
2018-05-18,student,0.998,0.992,0.06006006006006006,-0.21611914280550493,0.116,0.02002002002002002,0.18018018018018017,0.144,0.04004004004004004,0.24024024024024024,-8.474857909282154,-8.608510255352943
2018-05-21,student,0.998,0.994,0.06006006006006006,-0.5657168886917798,0.072,0.02002002002002002,0.18018018018018017,0.108,0.04004004004004004,0.24024024024024024,-8.455506654063297,-8.600724474044426
2018-05-22,student,0.999,0.995,0.06006006006006006,1.9634878843445804,0.126,0.02002002002002002,0.18018018018018017,0.154,0.04004004004004004,0.24024024024024024,-8.463341807791698,-8.591443862144418
2018-05-23,student,0.999,0.995,0.06006006006006006,3.5771119367394704,0.092,0.02002002002002002,0.18018018018018017,0.13,0.04004004004004004,0.24024024024024024,-8.383589385162749,-8.507134243667092
2018-05-24,student,0.999,0.995,0.06006006006006006,6.200051608267611,0.102,0.02002002002002002,0.18018018018018017,0.118,0.04004004004004004,0.24024024024024024,-8.089922821991218,-8.217960708714081
2018-05-25,student,0.998,0.992,0.06006006006006006,5.1841301003347455,0.098,0.02002002002002002,0.18018018018018017,0.12,0.04004004004004004,0.24024024024024024,-7.991430538166314,-8.119291881623147
2018-05-28,student,0.999,0.995,0.06006006006006006,4.555633002076245,0.092,0.02002002002002002,0.18018018018018017,0.128,0.04004004004004004,0.24024024024024024,-7.895721303091797,-8.013720277660905
2018-05-29,student,0.998,0.993,0.06006006006006006,4.101451927699715,0.108,0.02002002002002002,0.18018018018018017,0.134,0.04004004004004004,0.24024024024024024,-8.285540321085293,-8.399484935545589
2018-05-30,student,0.999,0.994,0.06006006006006006,5.62252286107047,0.106,0.02002002002002002,0.18018018018018017,0.136,0.04004004004004004,0.24024024024024024,-8.460291557939494,-8.569770064962636
2018-05-31,student,0.999,0.994,0.06006006006006006,7.27175789882237,0.086,0.02002002002002002,0.18018018018018017,0.12,0.04004004004004004,0.24024024024024024,-8.315506635364883,-8.420240151495829
2018-06-01,student,0.999,0.994,0.06006006006006006,7.0786137203457,0.082,0.02002002002002002,0.18018018018018017,0.102,0.04004004004004004,0.22072072072072024,-8.220929574094324,-8.318972011188645
2018-06-04,student,0.998,0.993,0.06006006006006006,6.1339953304591655,0.082,0.02002002002002002,0.18018018018018017,0.11,0.04004004004004004,0.22072072072072024,-8.218244930377134,-8.324030131969742
2018-06-05,student,0.999,0.993,0.06006006006006006,2.983321526877339,0.074,0.02002002002002002,0.18018018018018017,0.112,0.04004004004004004,0.24024024024024024,-8.462155279766703,-8.55986650510902
2018-06-06,student,0.999,0.994,0.06006006006006006,3.4728673042366895,0.116,0.02002002002002002,0.18018018018018017,0.15,0.04004004004004004,0.24024024024024024,-8.476311257597386,-8.557966048423385
2018-06-07,student,0.999,0.995,0.06006006006006006,1.4852642069687998,0.09,0.02002002002002002,0.18018018018018017,0.116,0.04004004004004004,0.24024024024024024,-8.241984927626763,-8.330163927586485
2018-06-08,student,0.999,0.996,0.06006006006006006,2.3965304596409247,0.092,0.02002002002002002,0.20020020020020018,0.11,0.04004004004004004,0.24024024024024024,-8.289872453279534,-8.370062066705101
2018-06-11,student,1.0,0.996,0.06006006006006006,2.2953447444631947,0.07,0.02002002002002002,0.18018018018018017,0.098,0.04004004004004004,0.24024024024024024,-8.207567967698019,-8.334461228393065
2018-06-12,student,1.0,0.997,0.06006006006006006,5.080512807548375,0.086,0.02002002002002002,0.18018018018018017,0.114,0.04004004004004004,0.24024024024024024,-8.689147509397158,-8.79215683298075
2018-06-13,student,1.0,0.997,0.06006006006006006,6.243642543718764,0.086,0.02002002002002002,0.18018018018018017,0.128,0.04004004004004004,0.24024024024024024,-8.642699612954674,-8.78101589946081
2018-06-14,student,1.0,0.995,0.06006006006006006,3.494162544400716,0.084,0.02002002002002002,0.18018018018018017,0.112,0.04004004004004004,0.24024024024024024,-8.63716528396248,-8.78041936261874
2018-06-15,student,1.0,0.997,0.06006006006006006,5.20289972797011,0.114,0.02002002002002002,0.20020020020020018,0.15,0.04004004004004004,0.24024024024024024,-8.685949050155356,-8.803936542876292
2018-06-18,student,1.0,0.996,0.06006006006006006,4.493698072272516,0.08,0.02002002002002002,0.18018018018018017,0.116,0.04004004004004004,0.24024024024024024,-8.617448648399474,-8.74830288718183
2018-06-19,student,0.998,0.992,0.06006006006006006,3.3413806874216503,0.098,0.02002002002002002,0.18018018018018017,0.126,0.04004004004004004,0.24024024024024024,-8.498020781979255,-8.619688026116684
2018-06-20,student,0.999,0.995,0.06006006006006006,1.6200148806477601,0.102,0.02002002002002002,0.18018018018018017,0.126,0.04004004004004004,0.24024024024024024,-8.562411603545184,-8.705436588433603
2018-06-21,student,0.999,0.995,0.06006006006006006,0.3887329524444252,0.102,0.02002002002002002,0.18018018018018017,0.168,0.04004004004004004,0.24024024024024024,-8.305524275985997,-8.429706734337707
2018-06-22,student,0.998,0.992,0.06006006006006006,0.33329172562325526,0.106,0.02002002002002002,0.18018018018018017,0.15,0.04004004004004004,0.24024024024024024,-8.199827628318866,-8.315331393670862
2018-06-25,student,0.999,0.993,0.06006006006006006,0.1838914075870104,0.098,0.02002002002002002,0.18018018018018017,0.158,0.04004004004004004,0.24024024024024024,-8.094495873849523,-8.25367603930413
2018-06-26,student,0.999,0.994,0.06006006006006006,-1.23506333296658,0.118,0.02002002002002002,0.18018018018018017,0.166,0.04004004004004004,0.24024024024024024,-8.290280065877702,-8.441796521918244
2018-06-27,student,0.999,0.994,0.06006006006006006,-4.114000612202805,0.064,0.02002002002002002,0.18018018018018017,0.096,0.04004004004004004,0.24024024024024024,-8.227312621227982,-8.349370630348785
2018-06-28,student,0.999,0.993,0.06006006006006006,-2.77468029083911,0.098,0.02002002002002002,0.20020020020020018,0.124,0.04004004004004004,0.24024024024024024,-8.5856776912005,-8.687823251550377
2018-06-29,student,0.999,0.995,0.06006006006006006,-2.370568148663645,0.09,0.02002002002002002,0.18018018018018017,0.14,0.04004004004004004,0.24024024024024024,-8.778035400814547,-8.902851446829713
2018-07-02,student,1.0,0.997,0.06006006006006006,-0.7744078816285204,0.092,0.02002002002002002,0.18018018018018017,0.126,0.04004004004004004,0.24024024024024024,-8.353577915003846,-8.469077359019453
2018-07-03,student,0.999,0.996,0.06006006006006006,1.47458788279313,0.084,0.02002002002002002,0.18018018018018017,0.118,0.04004004004004004,0.24024024024024024,-8.383774012284668,-8.517353295624162
2018-07-04,student,0.999,0.996,0.06006006006006006,0.9574607350790649,0.11,0.02002002002002002,0.18018018018018017,0.15,0.04004004004004004,0.24024024024024024,-8.330161157105845,-8.478704938740698
2018-07-05,student,0.999,0.994,0.06006006006006006,-0.8437525094204144,0.092,0.02002002002002002,0.18018018018018017,0.124,0.04004004004004004,0.24024024024024024,-8.567994065803253,-8.714828236521692
2018-07-06,student,1.0,0.996,0.06006006006006006,-1.552421939643975,0.12,0.02002002002002002,0.18018018018018017,0.154,0.04004004004004004,0.24024024024024024,-8.550616600200726,-8.704022708270129
2018-07-09,student,0.999,0.995,0.06006006006006006,-0.275223192446175,0.102,0.02002002002002002,0.18018018018018017,0.152,0.04004004004004004,0.24024024024024024,-8.667487166394249,-8.810571690315772
2018-07-10,student,0.999,0.995,0.06006006006006006,0.2258914300466952,0.07,0.02002002002002002,0.18018018018018017,0.112,0.04004004004004004,0.24024024024024024,-8.428586416071314,-8.566830801400451
2018-07-11,student,0.999,0.993,0.06006006006006006,1.44852910707248,0.076,0.02002002002002002,0.18018018018018017,0.114,0.04004004004004004,0.24024024024024024,-8.618372730136294,-8.77821723723468
2018-07-12,student,0.999,0.995,0.06006006006006006,1.2901674344036154,0.092,0.02002002002002002,0.18018018018018017,0.144,0.04004004004004004,0.24024024024024024,-8.771061492449912,-8.931249588414437
2018-07-13,student,0.999,0.994,0.06006006006006006,0.07922675245905986,0.11,0.02002002002002002,0.18018018018018017,0.14,0.04004004004004004,0.24024024024024024,-8.649614791543897,-8.827403351793825
2018-07-16,student,0.999,0.996,0.06006006006006006,-1.4897670456343648,0.104,0.02002002002002002,0.18018018018018017,0.148,0.04004004004004004,0.24024024024024024,-8.363534206960283,-8.539922865026542
2018-07-17,student,0.999,0.994,0.06006006006006006,-0.6639187766872701,0.098,0.02002002002002002,0.18018018018018017,0.15,0.04004004004004004,0.24024024024024024,-8.137807049254787,-8.290335117282558
2018-07-18,student,0.999,0.995,0.06006006006006006,-0.44285199221955485,0.108,0.02002002002002002,0.18018018018018017,0.154,0.04004004004004004,0.24074074074074028,-7.944092481672937,-8.089618869893185
2018-07-19,student,0.999,0.996,0.06006006006006006,1.9832532605584898,0.086,0.02002002002002002,0.18018018018018017,0.136,0.04004004004004004,0.24074074074074028,-8.041108275685524,-8.192871989575341
2018-07-20,student,0.999,0.997,0.06006006006006006,3.255080251487475,0.1,0.02002002002002002,0.18018018018018017,0.146,0.04004004004004004,0.24074074074074028,-7.88973360151683,-8.03494639226302
2018-07-23,student,0.999,0.996,0.06006006006006006,3.0604450912020846,0.104,0.02002002002002002,0.18018018018018017,0.144,0.04004004004004004,0.24074074074074028,-7.828842453943525,-7.9527688354514545
2018-07-24,student,1.0,0.996,0.06006006006006006,3.4130188550227345,0.096,0.02002002002002002,0.18018018018018017,0.136,0.04004004004004004,0.24074074074074028,-7.703804119337855,-7.841216265921647
2018-07-25,student,0.999,0.994,0.06006006006006006,4.743076357300206,0.14,0.02002002002002002,0.18018018018018017,0.168,0.04004004004004004,0.24074074074074028,-7.895081109298564,-8.037699967706846
2018-07-26,student,0.999,0.995,0.06006006006006006,7.49434268182778,0.082,0.02002002002002002,0.18018018018018017,0.118,0.04004004004004004,0.24074074074074028,-7.952462779528946,-8.084924494566968
2018-07-27,student,0.999,0.993,0.06006006006006006,7.41431396309504,0.092,0.02002002002002002,0.18018018018018017,0.128,0.04004004004004004,0.24074074074074028,-8.034441650458012,-8.173810970992468
2018-07-30,student,0.998,0.993,0.06006006006006006,9.038143426841499,0.096,0.02002002002002002,0.18018018018018017,0.14,0.04004004004004004,0.24024024024024024,-8.55988087798349,-8.716858644853374
2018-07-31,student,0.998,0.993,0.06006006006006006,7.62427414973237,0.076,0.02002002002002002,0.18018018018018017,0.124,0.04004004004004004,0.24024024024024024,-8.385778722399213,-8.505302650550243
2018-08-01,student,0.998,0.993,0.06006006006006006,7.595162247166575,0.106,0.02002002002002002,0.18018018018018017,0.14,0.04004004004004004,0.24024024024024024,-8.266974448651116,-8.386082241179258
2018-08-02,student,0.998,0.993,0.06006006006006006,7.47324560948525,0.104,0.02002002002002002,0.18018018018018017,0.16,0.04004004004004004,0.24024024024024024,-8.041168339852348,-8.16525237371184
2018-08-03,student,0.998,0.993,0.06006006006006006,7.332191140358365,0.094,0.02002002002002002,0.18018018018018017,0.132,0.04004004004004004,0.24024024024024024,-7.938184804334547,-8.097139051274473
2018-08-06,student,0.998,0.993,0.06006006006006006,7.518547375718326,0.118,0.02002002002002002,0.18018018018018017,0.172,0.04004004004004004,0.24024024024024024,-7.898504487739338,-8.041587302027732
2018-08-07,student,0.998,0.993,0.06006006006006006,6.190139814764261,0.088,0.02002002002002002,0.18018018018018017,0.134,0.04004004004004004,0.24024024024024024,-7.929258389842423,-8.071157967503607
2018-08-08,student,0.999,0.995,0.06006006006006006,5.591347388185375,0.126,0.02002002002002002,0.18018018018018017,0.174,0.04004004004004004,0.24024024024024024,-7.911159296310585,-8.046706211015229
2018-08-09,student,0.999,0.996,0.06006006006006006,5.15559073294736,0.114,0.02002002002002002,0.18018018018018017,0.156,0.04004004004004004,0.24024024024024024,-8.501478107921331,-8.656937857113258
2018-08-10,student,0.999,0.995,0.06006006006006006,3.4297694783306754,0.08,0.02002002002002002,0.18018018018018017,0.13,0.04004004004004004,0.24024024024024024,-8.336508591792278,-8.47366549309554
2018-08-13,student,0.999,0.995,0.06006006006006006,1.5434859919297959,0.082,0.02002002002002002,0.18018018018018017,0.122,0.04004004004004004,0.24024024024024024,-8.486855500032988,-8.639896785280664
2018-08-14,student,0.999,0.995,0.06006006006006006,1.7957339970915607,0.094,0.02002002002002002,0.18018018018018017,0.14,0.04004004004004004,0.24024024024024024,-8.310490316687467,-8.458986064544797
2018-08-16,student,0.999,0.996,0.06006006006006006,2.3046905025853004,0.106,0.02002002002002002,0.18018018018018017,0.146,0.04004004004004004,0.24074074074074028,-8.222287530823857,-8.374794588252426
2018-08-17,student,0.999,0.996,0.06006006006006006,4.13163928224645,0.092,0.02002002002002002,0.18018018018018017,0.12,0.04004004004004004,0.24074074074074028,-8.024874947805886,-8.187696466046091
2018-08-20,student,0.999,0.995,0.06006006006006006,2.117347193892295,0.076,0.02002002002002002,0.18018018018018017,0.118,0.04004004004004004,0.24074074074074028,-8.010291934179467,-8.179716185102967
2018-08-21,student,0.998,0.993,0.06006006006006006,0.6052537532706205,0.108,0.02002002002002002,0.18018018018018017,0.158,0.04004004004004004,0.24074074074074028,-8.063404619665276,-8.247641371465551
2018-08-23,student,1.0,1.0,0.08008008008008008,0.8011994772670002,0.104,0.02002002002002002,0.18018018018018017,0.14,0.04004004004004004,0.24024024024024024,-8.356720464528056,-8.522759151346492
2018-08-24,student,0.998,0.993,0.06006006006006006,-0.7871301501569744,0.09,0.02002002002002002,0.18018018018018017,0.14,0.04004004004004004,0.24074074074074028,-8.18954968441066,-8.35901622885817
2018-08-27,student,0.999,0.994,0.06006006006006006,-0.23490773150993416,0.11,0.02002002002002002,0.18018018018018017,0.168,0.04004004004004004,0.24074074074074028,-8.16513473168294,-8.33838628509025
2018-08-28,student,0.999,0.993,0.06006006006006006,1.5443882264632909,0.108,0.02002002002002002,0.18018018018018017,0.142,0.04004004004004004,0.24024024024024024,-9.218757846345968,-9.389356415311115
2018-08-29,student,0.999,0.993,0.06006006006006006,2.623613377494275,0.092,0.02002002002002002,0.18018018018018017,0.124,0.04004004004004004,0.24024024024024024,-9.888396422605704,-10.071666749849722
2018-08-30,student,0.998,0.993,0.06006006006006006,2.5501619099847,0.108,0.02002002002002002,0.20020020020020018,0.14,0.04004004004004004,0.24024024024024024,-9.523927241543916,-9.683916174351172
2018-08-31,student,0.999,0.993,0.06006006006006006,3.2089828559551403,0.096,0.02002002002002002,0.18018018018018017,0.144,0.04004004004004004,0.24024024024024024,-9.139961327020774,-9.303109479490043
2018-09-03,student,0.999,0.993,0.06006006006006006,0.8346558176582508,0.108,0.02002002002002002,0.18018018018018017,0.14,0.04004004004004004,0.24024024024024024,-8.98263859170236,-9.144004491222885
2018-09-04,student,0.999,0.993,0.06006006006006006,1.2886087807347604,0.066,0.02002002002002002,0.18018018018018017,0.108,0.04004004004004004,0.24024024024024024,-8.820194408466582,-8.98201241133671
2018-09-05,student,0.999,0.993,0.06006006006006006,0.9362983941190952,0.084,0.02002002002002002,0.18018018018018017,0.12,0.04004004004004004,0.24024024024024024,-8.425181539948147,-8.599343300441522
2018-09-06,student,0.998,0.993,0.06006006006006006,0.9936972650978203,0.096,0.02002002002002002,0.18018018018018017,0.134,0.04004004004004004,0.24024024024024024,-8.421739502546753,-8.589100646571831
2018-09-07,student,0.998,0.993,0.06006006006006006,1.5843413060508051,0.118,0.02002002002002002,0.18018018018018017,0.172,0.04004004004004004,0.24024024024024024,-8.280287230943038,-8.439362944256601
2018-09-10,student,0.998,0.993,0.06006006006006006,-2.297460160482465,0.084,0.02002002002002002,0.18018018018018017,0.122,0.04004004004004004,0.24024024024024024,-8.246429575163232,-8.395395950182124
2018-09-11,student,0.999,0.995,0.06006006006006006,-2.35388903906611,0.076,0.02002002002002002,0.20020020020020018,0.102,0.04004004004004004,0.24024024024024024,-8.152689786244828,-8.276255965833283
2018-09-12,student,0.999,0.994,0.06006006006006006,-1.4885220630749307,0.106,0.02002002002002002,0.18018018018018017,0.148,0.04004004004004004,0.24024024024024024,-8.182478107485888,-8.323206618904216
2018-09-14,student,0.999,0.994,0.06006006006006006,-1.2205555931014755,0.074,0.02002002002002002,0.18018018018018017,0.112,0.04004004004004004,0.24024024024024024,-8.112261804374768,-8.249553161210082
2018-09-17,student,0.999,0.995,0.06006006006006006,-3.7136715118486356,0.092,0.02002002002002002,0.18018018018018017,0.124,0.04004004004004004,0.24024024024024024,-8.086723390483892,-8.258524292419269
2018-09-18,student,0.999,0.995,0.06006006006006006,-5.478991882983541,0.068,0.02002002002002002,0.18018018018018017,0.094,0.04004004004004004,0.24024024024024024,-8.107868849547998,-8.27876441893829
2018-09-19,student,0.999,0.995,0.06006006006006006,-5.58177939495123,0.094,0.02002002002002002,0.18018018018018017,0.128,0.04004004004004004,0.24024024024024024,-8.877852861396962,-9.043023867079583
2018-09-21,student,0.999,0.994,0.06006006006006006,-6.292922803605015,0.104,0.02002002002002002,0.18018018018018017,0.148,0.04004004004004004,0.24024024024024024,-8.531665684589253,-8.695337936692221
2018-09-24,student,0.999,0.995,0.06006006006006006,-6.34599725829746,0.094,0.02002002002002002,0.18018018018018017,0.136,0.04004004004004004,0.24024024024024024,-8.36554755732087,-8.51593390803388
2018-09-25,student,0.999,0.993,0.06006006006006006,-4.142589666855555,0.096,0.02002002002002002,0.18018018018018017,0.134,0.04004004004004004,0.24024024024024024,-8.364032485923827,-8.518074694992494
2018-09-26,student,0.998,0.993,0.06006006006006006,-4.726492570900816,0.106,0.02002002002002002,0.18018018018018017,0.154,0.04004004004004004,0.24024024024024024,-8.595184362027702,-8.756496930248192
2018-09-27,student,0.999,0.993,0.06006006006006006,-3.800232968871745,0.096,0.02002002002002002,0.18018018018018017,0.128,0.04004004004004004,0.24024024024024024,-8.511234931838349,-8.649017358453419
2018-09-28,student,0.999,0.993,0.06006006006006006,-4.468732602141205,0.094,0.02002002002002002,0.18018018018018017,0.13,0.04004004004004004,0.24024024024024024,-8.21707185313779,-8.355772964024426
2018-10-01,student,0.999,0.993,0.06006006006006006,-2.1021507518832747,0.108,0.02002002002002002,0.18018018018018017,0.142,0.04004004004004004,0.24024024024024024,-8.312560064687878,-8.474003761973417
2018-10-03,student,0.999,0.993,0.06006006006006006,-2.2668034252708704,0.082,0.02002002002002002,0.18018018018018017,0.13,0.04004004004004004,0.24024024024024024,-8.503984258692578,-8.646029775676638
2018-10-04,student,1.0,0.996,0.06006006006006006,-1.28375951258839,0.09,0.02002002002002002,0.18018018018018017,0.128,0.04004004004004004,0.24024024024024024,-9.470914969444337,-9.5934398879156
2018-10-05,student,1.0,0.996,0.06006006006006006,-2.14654593471949,0.114,0.02002002002002002,0.18018018018018017,0.144,0.04004004004004004,0.24024024024024024,-9.180710504123804,-9.318414553887974
2018-10-08,student,1.0,0.997,0.06006006006006006,-0.2597942298075101,0.098,0.02002002002002002,0.18018018018018017,0.154,0.04004004004004004,0.24024024024024024,-8.98580664299486,-9.123265162722774
2018-10-09,student,1.0,0.995,0.06006006006006006,-0.3003047926072648,0.098,0.02002002002002002,0.18018018018018017,0.132,0.04004004004004004,0.24024024024024024,-9.036261287574265,-9.1831087372992
2018-10-10,student,1.0,0.996,0.06006006006006006,-0.39478790123524066,0.076,0.02002002002002002,0.18018018018018017,0.106,0.04004004004004004,0.24024024024024024,-8.863366589538769,-9.000742168323951
2018-10-11,student,1.0,0.999,0.06006006006006006,-3.5229625185608047,0.096,0.02002002002002002,0.18018018018018017,0.15,0.04004004004004004,0.24024024024024024,-9.255959837472936,-9.390735033873746
2018-10-12,student,1.0,0.999,0.06006006006006006,-3.5808691283605096,0.118,0.02002002002002002,0.18018018018018017,0.156,0.04004004004004004,0.24024024024024024,-8.929439687749086,-9.059851503110123
2018-10-15,student,1.0,1.0,0.06006006006006006,-2.6224546708490344,0.09,0.02002002002002002,0.18018018018018017,0.124,0.04004004004004004,0.24024024024024024,-8.595732419199292,-8.725641703486184
2018-10-16,student,1.0,0.999,0.08008008008008008,-4.218659488957105,0.094,0.02002002002002002,0.18018018018018017,0.126,0.04004004004004004,0.24024024024024024,-8.772334419657682,-8.916110735172323
2018-10-17,student,1.0,1.0,0.08008008008008008,-3.5948637764380997,0.108,0.02002002002002002,0.18018018018018017,0.142,0.04004004004004004,0.24024024024024024,-8.566333432983457,-8.711118492229266
2018-10-19,student,1.0,1.0,0.08008008008008008,-3.6259872703841896,0.09,0.02002002002002002,0.18018018018018017,0.134,0.04004004004004004,0.24024024024024024,-8.589712476561239,-8.73415818222484
2018-10-22,student,1.0,1.0,0.06006006006006006,-2.7944392204578348,0.106,0.02002002002002002,0.18018018018018017,0.12,0.04004004004004004,0.24024024024024024,-10.004462544404142,-10.151780086683223
2018-10-23,student,1.0,0.999,0.06006006006006006,-6.083153069021719,0.1,0.02002002002002002,0.18018018018018017,0.136,0.04004004004004004,0.24024024024024024,-9.799890800592154,-9.936417168157906
2018-10-24,student,1.0,0.999,0.06006006006006006,-6.370803200980859,0.108,0.02002002002002002,0.18018018018018017,0.136,0.04004004004004004,0.24024024024024024,-9.42191902559309,-9.559892911278595
2018-10-25,student,1.0,0.999,0.08008008008008008,-8.80709055576953,0.108,0.02002002002002002,0.18018018018018017,0.144,0.04004004004004004,0.24024024024024024,-10.10642595945772,-10.24649321459994
2018-10-26,student,0.998,0.993,0.10010010010010009,-5.25506378124759,0.094,0.02002002002002002,0.20020020020020018,0.12,0.04004004004004004,0.24024024024024024,-12.615796591318912,-12.786116315283373
2018-10-29,student,1.0,0.997,0.08008008008008008,-1.251030457057145,0.116,0.02002002002002002,0.20020020020020018,0.14,0.04004004004004004,0.24024024024024024,-11.267870828057745,-11.422075764166852
2018-10-30,student,0.999,0.993,0.10010010010010009,-0.4896574034274055,0.13,0.02002002002002002,0.20020020020020018,0.174,0.04004004004004004,0.24024024024024024,-11.14675542174648,-11.319593015316233
2018-10-31,student,0.999,0.995,0.08008008008008008,1.913247835892974,0.09,0.02002002002002002,0.20020020020020018,0.13,0.04004004004004004,0.24024024024024024,-10.356501790999292,-10.517821489100674
2018-11-01,student,0.999,0.995,0.08008008008008008,2.2512080708271145,0.102,0.02002002002002002,0.20020020020020018,0.128,0.04004004004004004,0.24024024024024024,-10.532228326854433,-10.690231705505916
2018-11-02,student,0.998,0.993,0.10010010010010009,3.3993630704920963,0.082,0.02002002002002002,0.20020020020020018,0.114,0.04004004004004004,0.24024024024024024,-10.734819734665532,-10.913186158389392
2018-11-05,student,1.0,0.999,0.08008008008008008,5.7440266205167685,0.088,0.02002002002002002,0.20020020020020018,0.104,0.04004004004004004,0.24024024024024024,-9.830249349900827,-9.994793793092517
2018-11-06,student,1.0,0.999,0.08008008008008008,6.897687911265955,0.094,0.02002002002002002,0.20020020020020018,0.12,0.04004004004004004,0.24024024024024024,-9.986469258398982,-10.152849985725213
2018-11-07,student,1.0,0.999,0.08008008008008008,8.17637551616938,0.1,0.02002002002002002,0.20020020020020018,0.126,0.04004004004004004,0.24024024024024024,-9.693778073493199,-9.845762214719473
2018-11-09,student,1.0,0.999,0.08008008008008008,7.155261703279386,0.102,0.02002002002002002,0.20020020020020018,0.122,0.04004004004004004,0.24024024024024024,-9.54905667565424,-9.705159168956838
2018-11-12,student,0.998,0.993,0.10010010010010009,8.03873725034166,0.102,0.02002002002002002,0.20020020020020018,0.128,0.04004004004004004,0.24024024024024024,-9.647985461214514,-9.79733126786135
2018-11-13,student,0.998,0.993,0.10010010010010009,3.45816749188849,0.096,0.02002002002002002,0.20020020020020018,0.134,0.04004004004004004,0.24074074074074028,-10.636006042239604,-10.795575133675193
2018-11-14,student,0.998,0.993,0.10010010010010009,1.3896758796492106,0.106,0.02002002002002002,0.20020020020020018,0.148,0.04004004004004004,0.24074074074074028,-10.33869047394687,-10.51183338406546
2018-11-15,student,0.998,0.993,0.08008008008008008,-1.528795587482135,0.094,0.02002002002002002,0.20020020020020018,0.148,0.04004004004004004,0.24074074074074028,-9.849180181114724,-9.996393974403844
2018-11-16,student,0.998,0.994,0.08008008008008008,-0.33618559404096493,0.112,0.02002002002002002,0.20020020020020018,0.138,0.04004004004004004,0.24074074074074028,-9.445007213823835,-9.595014678996774
2018-11-19,student,0.998,0.994,0.08008008008008008,-0.314708699989295,0.11,0.02002002002002002,0.20020020020020018,0.15,0.04004004004004004,0.24074074074074028,-8.938820730432239,-9.062457654864422
2018-11-20,student,0.999,0.995,0.08008008008008008,-3.8703328284072844,0.092,0.02002002002002002,0.20020020020020018,0.116,0.04004004004004004,0.24074074074074028,-8.961807311770624,-9.090008034338581
2018-11-21,student,1.0,0.999,0.08008008008008008,-3.5802791373303346,0.104,0.02002002002002002,0.20020020020020018,0.126,0.04004004004004004,0.24074074074074028,-9.524518505965792,-9.666806289451111
2018-11-22,student,1.0,0.999,0.10010010010010009,-4.90256236120398,0.116,0.02002002002002002,0.20020020020020018,0.15,0.04004004004004004,0.24074074074074028,-9.419002879218642,-9.554167346401325
2018-11-26,student,1.0,0.999,0.08008008008008008,-2.41836250060273,0.12,0.02002002002002002,0.20020020020020018,0.172,0.04004004004004004,0.24074074074074028,-9.310308083504609,-9.428943062525226
2018-11-27,student,1.0,1.0,0.08008008008008008,0.07665686682715456,0.134,0.02002002002002002,0.20020020020020018,0.168,0.04004004004004004,0.24074074074074028,-9.168036242895788,-9.291713347069312
2018-11-28,student,1.0,0.999,0.08008008008008008,1.20796861104146,0.12,0.02002002002002002,0.20020020020020018,0.164,0.04004004004004004,0.24074074074074028,-8.96420169919963,-9.080489866827183
2018-11-29,student,0.998,0.995,0.10010010010010009,1.0885294423989051,0.144,0.02002002002002002,0.20020020020020018,0.182,0.04004004004004004,0.24074074074074028,-9.172067625271465,-9.282162027668983
2018-11-30,student,0.999,0.997,0.10010010010010009,0.7031503598663599,0.126,0.02002002002002002,0.20020020020020018,0.148,0.04004004004004004,0.24074074074074028,-8.927344299721401,-9.044080958862443
2018-12-03,student,0.998,0.995,0.08008008008008008,0.766312634740275,0.084,0.02002002002002002,0.20020020020020018,0.128,0.04004004004004004,0.24074074074074028,-8.514054345517234,-8.613834143359753
2018-12-04,student,0.998,0.997,0.10010010010010009,1.5286797987843699,0.118,0.02002002002002002,0.20020020020020018,0.154,0.04004004004004004,0.24024024024024024,-8.670510888314427,-8.772504452165215
2018-12-05,student,0.999,0.998,0.10010010010010009,2.43929125350108,0.1,0.02002002002002002,0.20020020020020018,0.13,0.04004004004004004,0.24074074074074028,-8.774339829824065,-8.885101188514362
2018-12-06,student,0.999,0.997,0.10010010010010009,1.8122496029519004,0.118,0.02002002002002002,0.20020020020020018,0.156,0.04004004004004004,0.24024024024024024,-8.850312638177902,-8.96286335583502
2018-12-07,student,0.999,0.997,0.10010010010010009,3.455587320700995,0.114,0.02002002002002002,0.20020020020020018,0.148,0.04004004004004004,0.24024024024024024,-8.757504033572879,-8.870670821360408
2018-12-10,student,0.999,0.997,0.10010010010010009,1.5248061428945943,0.088,0.02002002002002002,0.20020020020020018,0.12,0.04004004004004004,0.24024024024024024,-8.685920009164573,-8.798413777454403
2018-12-11,student,0.999,0.997,0.10010010010010009,1.2829087142272848,0.102,0.02002002002002002,0.20020020020020018,0.126,0.04004004004004004,0.24024024024024024,-8.675494530363085,-8.783577637092657
2018-12-12,student,0.999,0.998,0.10010010010010009,1.0225636511048148,0.09,0.02002002002002002,0.20020020020020018,0.114,0.04004004004004004,0.24024024024024024,-8.803452815322043,-8.91091149195111
2018-12-13,student,0.999,0.997,0.10010010010010009,3.15342676103283,0.096,0.02002002002002002,0.20020020020020018,0.15,0.04004004004004004,0.24024024024024024,-8.43719444894193,-8.556540552530162
2018-12-14,student,0.999,0.998,0.10010010010010009,3.6039720258926398,0.13,0.02002002002002002,0.20020020020020018,0.152,0.04004004004004004,0.24024024024024024,-8.365714532119522,-8.473519970206194
2018-12-17,student,0.999,0.998,0.10010010010010009,2.23092952243506,0.102,0.02002002002002002,0.20020020020020018,0.14,0.04004004004004004,0.24024024024024024,-8.3445153787534,-8.447437398851834
2018-12-18,student,0.999,0.996,0.10010010010010009,1.1380002141891745,0.1,0.02002002002002002,0.20020020020020018,0.12,0.04004004004004004,0.24024024024024024,-8.48709528376905,-8.595308546612738
2018-12-19,student,0.999,0.996,0.10010010010010009,2.30996275375591,0.118,0.02002002002002002,0.20020020020020018,0.142,0.04004004004004004,0.24024024024024024,-8.384275720670594,-8.507167804013635
2018-12-20,student,0.998,0.995,0.10010010010010009,3.1223187361075553,0.09,0.02002002002002002,0.20020020020020018,0.128,0.04004004004004004,0.24024024024024024,-8.518098521073982,-8.643310226599842
2018-12-21,student,0.993,0.989,0.10010010010010009,0.15470424360252033,0.118,0.02002002002002002,0.20020020020020018,0.162,0.04004004004004004,0.24024024024024024,-8.466026153963412,-8.590416394292955
2018-12-24,student,0.988,0.982,0.10010010010010009,1.7917478768722348,0.074,0.02002002002002002,0.20020020020020018,0.104,0.04004004004004004,0.24024024024024024,-8.45616796055767,-8.573851967927519
2018-12-26,student,0.993,0.989,0.10010010010010009,-0.06749035528339972,0.118,0.02002002002002002,0.20020020020020018,0.144,0.04004004004004004,0.24024024024024024,-8.439855109314774,-8.5629460090833
2018-12-27,student,0.999,0.997,0.10010010010010009,-0.4301675894788395,0.12,0.02002002002002002,0.20020020020020018,0.156,0.04004004004004004,0.24024024024024024,-8.40166735928064,-8.526342498642396
2018-12-28,student,0.999,0.997,0.10010010010010009,-2.01912330034806,0.096,0.02002002002002002,0.20020020020020018,0.118,0.04004004004004004,0.24024024024024024,-8.515626161221574,-8.648010405854563
2018-12-31,student,0.999,0.997,0.10010010010010009,-2.3067564656598147,0.134,0.02002002002002002,0.20020020020020018,0.162,0.04004004004004004,0.24024024024024024,-8.332285339067537,-8.454837976492032
2019-01-01,student,0.998,0.995,0.10010010010010009,-0.44464542797604967,0.114,0.02002002002002002,0.20020020020020018,0.152,0.04004004004004004,0.24024024024024024,-8.22140490910587,-8.355252893395122
2019-01-02,student,0.997,0.993,0.10010010010010009,-0.36504774964979503,0.104,0.02002002002002002,0.20020020020020018,0.13,0.04004004004004004,0.24024024024024024,-8.203953949515306,-8.329081141407562
2019-01-03,student,0.998,0.995,0.10010010010010009,-1.2999585026259899,0.102,0.02002002002002002,0.20020020020020018,0.136,0.04004004004004004,0.24024024024024024,-8.505519882668887,-8.63195359432179
2019-01-04,student,0.998,0.993,0.10010010010010009,0.15664890286622957,0.102,0.02002002002002002,0.20020020020020018,0.136,0.04004004004004004,0.24024024024024024,-8.812550767109071,-8.936758942324365
2019-01-07,student,0.998,0.995,0.10010010010010009,2.68318416203675,0.104,0.02002002002002002,0.20020020020020018,0.144,0.04004004004004004,0.24024024024024024,-8.750233727139904,-8.873573675143522
2019-01-08,student,0.998,0.997,0.10010010010010009,3.6435622539008152,0.1,0.02002002002002002,0.20020020020020018,0.136,0.04004004004004004,0.24024024024024024,-8.519962771353098,-8.633859602144392
2019-01-09,student,0.998,0.996,0.10010010010010009,4.288495788281455,0.094,0.02002002002002002,0.20020020020020018,0.128,0.04004004004004004,0.24024024024024024,-8.18510695894823,-8.29445924398141
2019-01-10,student,0.998,0.996,0.10010010010010009,3.9558864532885103,0.082,0.02002002002002002,0.20020020020020018,0.104,0.04004004004004004,0.24024024024024024,-8.408271724463463,-8.522089628473188
2019-01-11,student,0.998,0.995,0.10010010010010009,3.3114579400827204,0.104,0.02002002002002002,0.20020020020020018,0.14,0.04004004004004004,0.24024024024024024,-8.347734353832251,-8.460648814843022
2019-01-14,student,0.998,0.995,0.10010010010010009,3.91183343085903,0.096,0.02002002002002002,0.20020020020020018,0.118,0.04004004004004004,0.24024024024024024,-8.299733275286703,-8.416088194311516
2019-01-15,student,0.998,0.993,0.10010010010010009,4.766654658334185,0.088,0.02002002002002002,0.20020020020020018,0.14,0.04004004004004004,0.24024024024024024,-8.283853784376776,-8.39688107140776
2019-01-16,student,0.997,0.993,0.10010010010010009,6.372303356257455,0.116,0.02002002002002002,0.20020020020020018,0.146,0.04004004004004004,0.24024024024024024,-8.485714810679474,-8.604826788537547
2019-01-17,student,0.998,0.995,0.10010010010010009,5.65129950656291,0.108,0.02002002002002002,0.20020020020020018,0.144,0.04004004004004004,0.24024024024024024,-8.30887029494911,-8.434539530429102
2019-01-18,student,1.0,1.0,0.08008008008008008,4.57017330616633,0.098,0.02002002002002002,0.20020020020020018,0.126,0.04004004004004004,0.24024024024024024,-8.073204082840777,-8.192933945206713
2019-01-21,student,1.0,0.998,0.08008008008008008,4.524690394179291,0.12,0.02002002002002002,0.20020020020020018,0.154,0.04004004004004004,0.24024024024024024,-8.593864676538766,-8.746527250538234
2019-01-22,student,1.0,0.998,0.08008008008008008,2.7974647327597753,0.1,0.02002002002002002,0.20020020020020018,0.126,0.04004004004004004,0.24024024024024024,-8.806445194415867,-8.953532297832021
2019-01-23,student,1.0,0.998,0.10010010010010009,0.7964174269268753,0.112,0.02002002002002002,0.20020020020020018,0.134,0.04004004004004004,0.24024024024024024,-8.396221745460663,-8.511737472266505
2019-01-24,student,1.0,0.998,0.10010010010010009,1.03159689239566,0.1,0.02002002002002002,0.20020020020020018,0.124,0.04004004004004004,0.24024024024024024,-8.193275603439863,-8.304212893730837
2019-01-25,student,1.0,1.0,0.10010010010010009,0.6381750135189848,0.114,0.02002002002002002,0.20020020020020018,0.146,0.04004004004004004,0.24024024024024024,-8.06747735047731,-8.189186538397571
2019-01-28,student,1.0,1.0,0.10010010010010009,-1.1351923847663148,0.1,0.02002002002002002,0.20020020020020018,0.122,0.04004004004004004,0.24024024024024024,-7.919630910162486,-8.029367824830876
2019-01-29,student,1.0,1.0,0.10010010010010009,-3.2533858917525134,0.126,0.02002002002002002,0.20020020020020018,0.144,0.04004004004004004,0.24024024024024024,-7.884574958585335,-8.00216675262699
2019-01-30,student,1.0,1.0,0.10010010010010009,-3.1300424586018636,0.094,0.02002002002002002,0.20020020020020018,0.124,0.04004004004004004,0.24024024024024024,-7.80805924742154,-7.926629669336271
2019-01-31,student,1.0,1.0,0.10010010010010009,0.7321433429853956,0.106,0.02002002002002002,0.20020020020020018,0.134,0.04004004004004004,0.24024024024024024,-8.024436847840187,-8.14268628422167
2019-02-01,student,1.0,1.0,0.10010010010010009,0.20710030778390087,0.126,0.02002002002002002,0.20020020020020018,0.146,0.04004004004004004,0.24024024024024024,-7.948121077679415,-8.065025776000692
2019-02-04,student,1.0,1.0,0.10010010010010009,-0.47442027517600927,0.104,0.02002002002002002,0.20020020020020018,0.146,0.04004004004004004,0.24024024024024024,-7.953770026973774,-8.066415055764628
2019-02-05,student,1.0,1.0,0.10010010010010009,-0.06676240547458917,0.108,0.02002002002002002,0.20020020020020018,0.138,0.04004004004004004,0.24024024024024024,-7.782001161804814,-7.886606737306268
2019-02-06,student,1.0,1.0,0.10010010010010009,2.8084351267361156,0.084,0.02002002002002002,0.18018018018018017,0.124,0.04004004004004004,0.24024024024024024,-7.976438013914303,-8.097388706269825
2019-02-07,student,1.0,1.0,0.10010010010010009,2.026404611035996,0.086,0.02002002002002002,0.18018018018018017,0.118,0.04004004004004004,0.24024024024024024,-7.927841979172514,-8.048705280102183
2019-02-08,student,1.0,1.0,0.10010010010010009,2.1539153896279455,0.102,0.02002002002002002,0.18018018018018017,0.126,0.04004004004004004,0.24024024024024024,-7.877526747480901,-7.997639132472485
2019-02-11,student,1.0,1.0,0.10010010010010009,2.1424874018776157,0.092,0.02002002002002002,0.20020020020020018,0.122,0.04004004004004004,0.24024024024024024,-7.986328854475676,-8.098409064541027
2019-02-12,student,1.0,1.0,0.10010010010010009,0.5901979428053494,0.104,0.02002002002002002,0.20020020020020018,0.132,0.04004004004004004,0.24024024024024024,-7.878264328360326,-7.986067279443353
2019-02-14,student,1.0,1.0,0.10010010010010009,-2.7060179559538007,0.088,0.02002002002002002,0.20020020020020018,0.122,0.04004004004004004,0.24024024024024024,-7.809479316386932,-7.920803565806234
2019-02-15,student,1.0,1.0,0.10010010010010009,-6.03079136467692,0.074,0.02002002002002002,0.20020020020020018,0.104,0.04004004004004004,0.24024024024024024,-7.953595501725244,-8.049479210522922
2019-02-18,student,1.0,1.0,0.08008008008008008,-5.562677226535094,0.078,0.02002002002002002,0.20020020020020018,0.094,0.04004004004004004,0.22072072072072024,-8.649375341821946,-8.75038848809338
2019-02-19,student,1.0,1.0,0.08008008008008008,-5.98639941424992,0.082,0.02002002002002002,0.20020020020020018,0.102,0.04004004004004004,0.22072072072072024,-8.557899249285645,-8.649210661944668
2019-02-20,student,1.0,1.0,0.10010010010010009,-4.015813739951126,0.13,0.02002002002002002,0.20020020020020018,0.154,0.04004004004004004,0.24024024024024024,-8.372052086372554,-8.466315251555859
2019-02-21,student,1.0,1.0,0.10010010010010009,-5.77521473393087,0.098,0.02002002002002002,0.20020020020020018,0.124,0.04004004004004004,0.24024024024024024,-8.228104997454684,-8.322200416935393
2019-02-22,student,1.0,1.0,0.08008008008008008,-4.885303337419059,0.098,0.02002002002002002,0.20020020020020018,0.128,0.04004004004004004,0.24024024024024024,-8.116287835227032,-8.21163045198705
2019-02-25,student,1.0,1.0,0.08008008008008008,-3.246560551222506,0.1,0.02002002002002002,0.20020020020020018,0.13,0.04004004004004004,0.24024024024024024,-8.022042987771005,-8.112194772807989
2019-02-26,student,1.0,1.0,0.08008008008008008,-3.93677385456491,0.078,0.02002002002002002,0.20020020020020018,0.098,0.04004004004004004,0.22072072072072024,-8.282817150927519,-8.376529947669288
2019-02-27,student,1.0,1.0,0.10010010010010009,-2.45034727399659,0.098,0.02002002002002002,0.20020020020020018,0.132,0.04004004004004004,0.24024024024024024,-8.486684231449125,-8.600627867621768
2019-02-28,student,0.999,0.997,0.10010010010010009,-0.026301708170530125,0.084,0.02002002002002002,0.20020020020020018,0.114,0.04004004004004004,0.24024024024024024,-9.219864053857215,-9.336257618515887
2019-03-01,student,1.0,0.999,0.08008008008008008,1.8628567613946898,0.112,0.02002002002002002,0.20020020020020018,0.14,0.04004004004004004,0.24024024024024024,-8.846099697476278,-8.944318937526445
2019-03-05,student,1.0,1.0,0.10010010010010009,2.49679700266001,0.1,0.02002002002002002,0.20020020020020018,0.122,0.04004004004004004,0.24024024024024024,-8.8005625191025,-8.91574297911576
2019-03-06,student,1.0,0.999,0.10010010010010009,3.373236941102615,0.102,0.02002002002002002,0.20020020020020018,0.124,0.04004004004004004,0.24024024024024024,-8.558525422715896,-8.666111172487701
2019-03-07,student,1.0,1.0,0.08008008008008008,1.3448618531279,0.104,0.02002002002002002,0.20020020020020018,0.134,0.04004004004004004,0.24024024024024024,-8.416794703101827,-8.522629791881489
2019-03-08,student,1.0,1.0,0.10010010010010009,0.9444624430280149,0.116,0.02002002002002002,0.20020020020020018,0.148,0.04004004004004004,0.24024024024024024,-8.209032526748612,-8.30667795739874
2019-03-11,student,1.0,1.0,0.10010010010010009,1.299421969419215,0.106,0.02002002002002002,0.20020020020020018,0.124,0.04004004004004004,0.24024024024024024,-8.25013550440605,-8.350126094782434
2019-03-12,student,1.0,1.0,0.10010010010010009,-0.27344191065529505,0.104,0.02002002002002002,0.20020020020020018,0.136,0.04004004004004004,0.24024024024024024,-8.25238360658983,-8.33968788610958
2019-03-13,student,1.0,1.0,0.10010010010010009,2.44648743469103,0.092,0.02002002002002002,0.20020020020020018,0.116,0.04004004004004004,0.24024024024024024,-8.280530527236257,-8.374363949956157
2019-03-14,student,1.0,0.999,0.08008008008008008,2.4729456405946855,0.092,0.02002002002002002,0.20020020020020018,0.11,0.04004004004004004,0.24024024024024024,-8.023106822882536,-8.105261995427545
2019-03-15,student,1.0,0.999,0.08008008008008008,4.0927648630605455,0.134,0.02002002002002002,0.20020020020020018,0.16,0.04004004004004004,0.24024024024024024,-7.831709035190289,-7.928661768019692
2019-03-18,student,1.0,0.999,0.08008008008008008,2.3660087942240606,0.11,0.02002002002002002,0.20020020020020018,0.128,0.04004004004004004,0.24024024024024024,-7.872775154938166,-7.97095676856645
2019-03-19,student,1.0,0.998,0.08008008008008008,3.888776871347946,0.112,0.02002002002002002,0.20020020020020018,0.124,0.04004004004004004,0.24024024024024024,-7.748584996867811,-7.834507315038128
2019-03-20,student,1.0,0.998,0.08008008008008008,4.857791251231015,0.092,0.02002002002002002,0.20020020020020018,0.114,0.04004004004004004,0.24024024024024024,-7.66370430088091,-7.752588164309247
2019-03-22,student,1.0,0.998,0.08008008008008008,4.186583225439685,0.104,0.02002002002002002,0.20020020020020018,0.122,0.04004004004004004,0.24024024024024024,-7.668034853383047,-7.7558852277391415
2019-03-25,student,1.0,0.998,0.08008008008008008,3.807727805994081,0.102,0.02002002002002002,0.20020020020020018,0.13,0.04004004004004004,0.24024024024024024,-7.675850164522239,-7.773821633230175
2019-03-26,student,1.0,0.998,0.08008008008008008,3.8807124063664604,0.116,0.02002002002002002,0.20020020020020018,0.15,0.04004004004004004,0.24024024024024024,-7.895225705715172,-7.99624006460157
2019-03-27,student,1.0,0.998,0.08008008008008008,5.261677824613675,0.102,0.02002002002002002,0.20020020020020018,0.138,0.04004004004004004,0.24024024024024024,-7.730305066269777,-7.82793629423972
2019-03-28,student,1.0,0.998,0.08008008008008008,6.2549913267379695,0.124,0.02002002002002002,0.20020020020020018,0.158,0.04004004004004004,0.24024024024024024,-7.809516273426922,-7.901865286913163
2019-04-01,student,1.0,0.998,0.08008008008008008,8.21892733934062,0.142,0.02002002002002002,0.20020020020020018,0.172,0.04004004004004004,0.24024024024024024,-7.76380025630936,-7.860936302205507
2019-04-02,student,1.0,0.998,0.08008008008008008,7.645810860428399,0.106,0.02002002002002002,0.20020020020020018,0.138,0.04004004004004004,0.24024024024024024,-7.930182300483633,-8.028023297982289
2019-04-03,student,1.0,0.998,0.08008008008008008,6.42612015225888,0.112,0.02002002002002002,0.20020020020020018,0.128,0.04004004004004004,0.24024024024024024,-7.820179317637116,-7.909585833040205
2019-04-04,student,1.0,0.998,0.08008008008008008,4.746517398856179,0.122,0.02002002002002002,0.20020020020020018,0.13,0.04004004004004004,0.24024024024024024,-7.772771522908912,-7.8517764164033785
2019-04-05,student,1.0,0.998,0.08008008008008008,3.492815398523319,0.104,0.02002002002002002,0.20020020020020018,0.122,0.04004004004004004,0.24024024024024024,-7.761907285369265,-7.851546359321948
2019-04-08,student,1.0,0.999,0.08008008008008008,4.014241131652135,0.116,0.02002002002002002,0.20020020020020018,0.13,0.04004004004004004,0.24024024024024024,-8.130618191838487,-8.216499099077241
2019-04-09,student,1.0,0.998,0.08008008008008008,5.104795871893635,0.102,0.02002002002002002,0.20020020020020018,0.136,0.04004004004004004,0.24024024024024024,-8.181864924675198,-8.263645550843696
2019-04-10,student,1.0,0.998,0.08008008008008008,2.8899305616954143,0.096,0.02002002002002002,0.20020020020020018,0.116,0.04004004004004004,0.24024024024024024,-8.350673171864077,-8.435464325429678
2019-04-11,student,0.999,0.998,0.08008008008008008,1.8609978867180044,0.088,0.02002002002002002,0.20020020020020018,0.114,0.04004004004004004,0.24024024024024024,-8.207595974764773,-8.296823137753393
2019-04-12,student,1.0,0.998,0.08008008008008008,0.07856014410575957,0.112,0.02002002002002002,0.20020020020020018,0.136,0.04004004004004004,0.24024024024024024,-8.379461290778258,-8.46817811547361
2019-04-15,student,1.0,0.998,0.08008008008008008,-2.98192911856208,0.096,0.02002002002002002,0.20020020020020018,0.116,0.04004004004004004,0.24024024024024024,-8.352871984143029,-8.43526302176098
2019-04-16,student,1.0,0.997,0.08008008008008008,-4.435304853474211,0.084,0.02002002002002002,0.20020020020020018,0.104,0.04004004004004004,0.24024024024024024,-8.1803790574649,-8.269286003756791
2019-04-18,student,1.0,0.998,0.08008008008008008,-4.002528292403426,0.104,0.02002002002002002,0.20020020020020018,0.114,0.04004004004004004,0.24024024024024024,-8.522883359412619,-8.609688317840636
2019-04-22,student,1.0,0.998,0.08008008008008008,-3.6878591125947002,0.096,0.02002002002002002,0.20020020020020018,0.114,0.04004004004004004,0.24024024024024024,-8.321769034268815,-8.405806838213575
2019-04-23,student,1.0,0.998,0.08008008008008008,-3.9874778721452606,0.124,0.02002002002002002,0.20020020020020018,0.15,0.04004004004004004,0.24024024024024024,-8.368757175154498,-8.451924442816404
2019-04-24,student,0.999,0.994,0.08008008008008008,-2.377335409027535,0.098,0.02002002002002002,0.20020020020020018,0.124,0.04004004004004004,0.24024024024024024,-8.296238133584033,-8.387955112334675
2019-04-25,student,1.0,0.996,0.08008008008008008,-3.5295737476586613,0.132,0.02002002002002002,0.20020020020020018,0.146,0.04004004004004004,0.24024024024024024,-8.119526370620228,-8.191455848006353
2019-04-26,student,1.0,0.996,0.08008008008008008,-0.7294944690727654,0.084,0.02002002002002002,0.20020020020020018,0.1,0.04004004004004004,0.24024024024024024,-8.024667416505196,-8.102723850996046
2019-04-30,student,0.999,0.994,0.08008008008008008,-0.21322896545181536,0.086,0.02002002002002002,0.20020020020020018,0.108,0.04004004004004004,0.24024024024024024,-8.016124673494081,-8.103591528946074
2019-05-02,student,0.999,0.994,0.08008008008008008,-2.2854298008614853,0.114,0.02002002002002002,0.20020020020020018,0.136,0.04004004004004004,0.24024024024024024,-7.863984620867671,-7.956357604667887
2019-05-03,student,0.999,0.994,0.06006006006006006,-1.16392575151427,0.088,0.02002002002002002,0.20020020020020018,0.106,0.04004004004004004,0.2202202202202202,-7.715044707237686,-7.78907086743031
2019-05-06,student,0.999,0.992,0.06006006006006006,-1.516096122105745,0.11,0.02002002002002002,0.20020020020020018,0.14,0.04004004004004004,0.2202202202202202,-7.675443366529527,-7.7694130567936135
2019-05-07,student,0.999,0.994,0.06006006006006006,-0.3479115370086398,0.092,0.02002002002002002,0.20020020020020018,0.11,0.04004004004004004,0.2202202202202202,-7.855024036866195,-7.948487822656776
2019-05-08,student,0.999,0.994,0.06006006006006006,-2.05810918870076,0.116,0.02002002002002002,0.20020020020020018,0.138,0.04004004004004004,0.2202202202202202,-7.879508242566461,-7.973200922619133
2019-05-09,student,1.0,0.995,0.06006006006006006,-1.4776012667099852,0.108,0.02002002002002002,0.20020020020020018,0.142,0.04004004004004004,0.2202202202202202,-8.035328927103189,-8.130143790634039
2019-05-10,student,1.0,0.995,0.06006006006006006,-1.7850573087936445,0.098,0.02002002002002002,0.20020020020020018,0.124,0.04004004004004004,0.2202202202202202,-7.830489168163868,-7.91570007790936
2019-05-13,student,1.0,0.994,0.06006006006006006,-0.49690666773852993,0.094,0.02002002002002002,0.20020020020020018,0.112,0.04004004004004004,0.2202202202202202,-7.9765630554556,-8.06648345521918
2019-05-14,student,1.0,0.995,0.06006006006006006,-1.32072762292069,0.102,0.02002002002002002,0.20020020020020018,0.116,0.04004004004004004,0.2202202202202202,-7.947195686163284,-8.02780521262148
2019-05-15,student,1.0,0.995,0.06006006006006006,-2.05696081829519,0.088,0.02002002002002002,0.20020020020020018,0.114,0.04004004004004004,0.2202202202202202,-7.949988158543654,-8.046189158327245
2019-05-16,student,1.0,0.996,0.06006006006006006,1.3753123264253602,0.104,0.02002002002002002,0.20020020020020018,0.122,0.04004004004004004,0.2202202202202202,-8.01371723699951,-8.096554382675746
2019-05-17,student,1.0,0.996,0.06006006006006006,1.490823009236525,0.068,0.02002002002002002,0.20020020020020018,0.092,0.04004004004004004,0.2202202202202202,-7.889475447487472,-7.965391341160364
2019-05-20,student,1.0,0.997,0.06006006006006006,5.78474796540402,0.102,0.02002002002002002,0.20020020020020018,0.12,0.04004004004004004,0.2202202202202202,-7.7517184195307,-7.829802126234919
2019-05-21,student,1.0,0.995,0.06006006006006006,3.9327663059314157,0.114,0.02002002002002002,0.20020020020020018,0.136,0.04004004004004004,0.2202202202202202,-7.655601817423234,-7.729541698897012
2019-05-22,student,0.999,0.994,0.06006006006006006,6.04042396976679,0.102,0.02002002002002002,0.20020020020020018,0.128,0.04004004004004004,0.2202202202202202,-7.840126046871357,-7.912768070502457
2019-05-23,student,1.0,0.996,0.06006006006006006,5.290990477741175,0.094,0.02002002002002002,0.20020020020020018,0.112,0.04004004004004004,0.2202202202202202,-7.6947831547603105,-7.773010983435359
2019-05-24,student,1.0,0.996,0.06006006006006006,6.6056155693875755,0.096,0.02002002002002002,0.20020020020020018,0.124,0.04004004004004004,0.2202202202202202,-7.960954641200206,-8.04238013538326
2019-05-27,student,1.0,0.996,0.06006006006006006,7.402197186320185,0.11,0.02002002002002002,0.20020020020020018,0.142,0.04004004004004004,0.2202202202202202,-7.857194592647307,-7.943600435974331
2019-05-28,student,1.0,0.997,0.06006006006006006,7.727378629109005,0.102,0.02002002002002002,0.20020020020020018,0.13,0.04004004004004004,0.2202202202202202,-7.904354584339885,-7.99624423324173
2019-05-29,student,1.0,0.995,0.06006006006006006,6.34758207678599,0.104,0.02002002002002002,0.20020020020020018,0.116,0.04004004004004004,0.2202202202202202,-7.651111613153374,-7.743751434349325
2019-05-30,student,1.0,0.998,0.06006006006006006,5.684390785092649,0.112,0.02002002002002002,0.20020020020020018,0.124,0.04004004004004004,0.2202202202202202,-7.705579167433414,-7.802236419216255
2019-05-31,student,0.999,0.994,0.06006006006006006,5.901398699599749,0.092,0.02002002002002002,0.20020020020020018,0.12,0.04004004004004004,0.2202202202202202,-7.507245599541966,-7.589418632582239
2019-06-03,student,0.999,0.994,0.06006006006006006,3.052288958958625,0.088,0.02002002002002002,0.20020020020020018,0.12,0.04004004004004004,0.2202202202202202,-9.302021115297661,-9.399881537459759
2019-06-04,student,0.999,0.994,0.06006006006006006,3.952665588230235,0.076,0.02002002002002002,0.20020020020020018,0.094,0.04004004004004004,0.2202202202202202,-9.242762460306542,-9.344791433608549
2019-06-06,student,1.0,0.996,0.06006006006006006,1.1692128813669296,0.106,0.02002002002002002,0.20020020020020018,0.13,0.04004004004004004,0.2202202202202202,-9.007969754724574,-9.088302936093932
2019-06-07,student,0.999,0.994,0.06006006006006006,2.6207807693353997,0.102,0.02002002002002002,0.18018018018018017,0.136,0.04004004004004004,0.2202202202202202,-8.525584926234963,-8.614031809044706
2019-06-10,student,0.999,0.994,0.06006006006006006,1.4500633390083895,0.076,0.02002002002002002,0.18018018018018017,0.102,0.04004004004004004,0.2202202202202202,-8.852585584015717,-8.940995723427829
2019-06-11,student,0.999,0.994,0.06006006006006006,1.1398820320277796,0.098,0.02002002002002002,0.18018018018018017,0.126,0.04004004004004004,0.2202202202202202,-8.627595813011395,-8.713597626461969
2019-06-12,student,0.999,0.994,0.06006006006006006,-0.5456131204152854,0.09,0.02002002002002002,0.18018018018018017,0.116,0.04004004004004004,0.2202202202202202,-8.559918228539411,-8.655923335094991
2019-06-13,student,0.999,0.994,0.08008008008008008,1.4019998972793255,0.132,0.02002002002002002,0.18018018018018017,0.152,0.04004004004004004,0.2202202202202202,-9.018441287010294,-9.119406474185137
2019-06-14,student,0.999,0.994,0.06006006006006006,-0.22875543567739542,0.116,0.02002002002002002,0.18018018018018017,0.14,0.04004004004004004,0.2202202202202202,-8.66897538443116,-8.775346685326742
2019-06-17,student,0.999,0.994,0.06006006006006006,-1.231651485957755,0.082,0.02002002002002002,0.18018018018018017,0.108,0.04004004004004004,0.2202202202202202,-8.420930102351313,-8.517096562059695
2019-06-18,student,0.999,0.994,0.06006006006006006,-1.1452916645848203,0.096,0.02002002002002002,0.18018018018018017,0.124,0.04004004004004004,0.2202202202202202,-8.091526010947476,-8.189223118434795
2019-06-19,student,0.999,0.994,0.06006006006006006,-0.14286664492855003,0.118,0.02002002002002002,0.18018018018018017,0.134,0.04004004004004004,0.2202202202202202,-7.971650313674407,-8.058076227005994
2019-06-20,student,0.999,0.994,0.06006006006006006,3.2059555901573393,0.078,0.02002002002002002,0.18018018018018017,0.094,0.04004004004004004,0.2202202202202202,-9.008680390154005,-9.093238492553953
2019-06-21,student,0.999,0.995,0.06006006006006006,2.509712848805405,0.088,0.02002002002002002,0.18018018018018017,0.124,0.04004004004004004,0.2202202202202202,-8.825454397215722,-8.923527268258272
2019-06-24,student,0.999,0.994,0.06006006006006006,1.44374699629099,0.078,0.02002002002002002,0.18018018018018017,0.108,0.04004004004004004,0.2202202202202202,-8.662580370155737,-8.763145187079282
2019-06-25,student,0.999,0.994,0.06006006006006006,1.5920173969202653,0.09,0.02002002002002002,0.18018018018018017,0.116,0.04004004004004004,0.2202202202202202,-8.405904132032465,-8.511520189532709
2019-06-26,student,0.999,0.994,0.06006006006006006,1.7389463974025297,0.118,0.02002002002002002,0.18018018018018017,0.154,0.04004004004004004,0.2202202202202202,-8.121124791173477,-8.23332707053327
2019-06-27,student,1.0,0.996,0.06006006006006006,1.3874174319748849,0.11,0.02002002002002002,0.18018018018018017,0.134,0.04004004004004004,0.2202202202202202,-8.008608992109073,-8.10600878750444
2019-06-28,student,1.0,0.996,0.06006006006006006,1.9016376547644103,0.092,0.02002002002002002,0.18018018018018017,0.114,0.04004004004004004,0.2202202202202202,-7.877444460068781,-7.988002961074888
2019-07-01,student,1.0,0.996,0.06006006006006006,2.7614510141861057,0.086,0.02002002002002002,0.18018018018018017,0.104,0.04004004004004004,0.2202202202202202,-7.865839707111378,-7.97489952559325
2019-07-02,student,1.0,0.995,0.06006006006006006,2.7905476872240254,0.112,0.02002002002002002,0.18018018018018017,0.138,0.04004004004004004,0.2202202202202202,-7.802929349402743,-7.905742875837092
2019-07-03,student,0.999,0.993,0.06006006006006006,2.485307262383765,0.1,0.02002002002002002,0.18018018018018017,0.142,0.04004004004004004,0.2202202202202202,-7.6238551252676166,-7.7319338930205435
2019-07-04,student,1.0,0.995,0.06006006006006006,1.7061578534214203,0.09,0.02002002002002002,0.18018018018018017,0.112,0.04004004004004004,0.2202202202202202,-7.663449976247533,-7.7604967588184905
2019-07-05,student,1.0,0.996,0.06006006006006006,0.7585374372208149,0.072,0.02002002002002002,0.18018018018018017,0.092,0.04004004004004004,0.2202202202202202,-7.58620997691399,-7.672503388187966
2019-07-08,student,1.0,0.996,0.06006006006006006,-1.61076214201505,0.102,0.02002002002002002,0.18018018018018017,0.118,0.04004004004004004,0.2202202202202202,-7.447395881333136,-7.536217287144716
2019-07-09,student,1.0,0.996,0.06006006006006006,-1.8157748529368651,0.108,0.02002002002002002,0.18018018018018017,0.132,0.04004004004004004,0.2202202202202202,-7.392794011787512,-7.479200303653767
2019-07-10,student,1.0,0.996,0.06006006006006006,-2.0617063878900153,0.092,0.02002002002002002,0.18018018018018017,0.128,0.04004004004004004,0.2202202202202202,-7.291674200832273,-7.390314949893242
2019-07-11,student,1.0,0.996,0.06006006006006006,-0.4784982503299804,0.118,0.02002002002002002,0.18018018018018017,0.15,0.04004004004004004,0.2202202202202202,-7.259783257319686,-7.346599100287593
2019-07-12,student,1.0,0.997,0.06006006006006006,-0.03568918716263009,0.09,0.02002002002002002,0.18018018018018017,0.12,0.04004004004004004,0.2202202202202202,-7.109910654407678,-7.18896565463291
2019-07-15,student,1.0,0.996,0.06006006006006006,2.973944232241869,0.082,0.02002002002002002,0.18018018018018017,0.096,0.04004004004004004,0.2202202202202202,-7.185426835931319,-7.266247286328886
2019-07-16,student,1.0,0.995,0.06006006006006006,2.921527557909424,0.114,0.02002002002002002,0.18018018018018017,0.138,0.04004004004004004,0.2202202202202202,-7.206788113595672,-7.288590736842476
2019-07-17,student,1.0,0.995,0.06006006006006006,4.968701598678068,0.112,0.02002002002002002,0.18018018018018017,0.132,0.04004004004004004,0.2202202202202202,-7.030263577676029,-7.111098582786132
2019-07-18,student,0.999,0.993,0.06006006006006006,3.3474548727976394,0.092,0.02002002002002002,0.18018018018018017,0.11,0.04004004004004004,0.2202202202202202,-6.954933007424825,-7.037558019544091
2019-07-19,student,0.999,0.993,0.06006006006006006,2.4698092024677996,0.082,0.02002002002002002,0.18018018018018017,0.1,0.04004004004004004,0.2202202202202202,-7.134079858008228,-7.214666719745159
2019-07-22,student,0.999,0.993,0.06006006006006006,3.8201648100261743,0.08,0.02002002002002002,0.18018018018018017,0.11,0.04004004004004004,0.2202202202202202,-8.503700206254058,-8.584024514212311
2019-07-23,student,0.999,0.993,0.06006006006006006,2.4898032659241087,0.11,0.02002002002002002,0.18018018018018017,0.128,0.04004004004004004,0.2202202202202202,-8.34668126912092,-8.423864976348264
2019-07-24,student,0.998,0.991,0.06006006006006006,2.491024719635534,0.076,0.02002002002002002,0.18018018018018017,0.096,0.04004004004004004,0.2202202202202202,-8.233115774023124,-8.317549706420122
2019-07-25,student,0.999,0.993,0.06006006006006006,1.7094348315944548,0.078,0.02002002002002002,0.18018018018018017,0.09,0.04004004004004004,0.2202202202202202,-8.23770304456821,-8.316194994744366
2019-07-26,student,0.999,0.992,0.06006006006006006,1.0077506611089597,0.084,0.02002002002002002,0.18018018018018017,0.11,0.04004004004004004,0.2202202202202202,-7.961708202616137,-8.040748177305344
2019-07-29,student,0.996,0.988,0.06006006006006006,-1.5388147471805753,0.094,0.02002002002002002,0.18018018018018017,0.106,0.04004004004004004,0.2202202202202202,-8.388422364280224,-8.485545599996415
2019-07-30,student,0.998,0.991,0.06006006006006006,-4.826098389952705,0.084,0.02002002002002002,0.18018018018018017,0.098,0.04004004004004004,0.2202202202202202,-7.730819200806772,-7.8270172272726635
2019-07-31,student,0.999,0.992,0.06006006006006006,-5.743054536849055,0.098,0.02002002002002002,0.18018018018018017,0.12,0.04004004004004004,0.2202202202202202,-7.701826872966025,-7.782653410673206
2019-08-01,student,0.997,0.988,0.06006006006006006,-8.368291972966125,0.106,0.02002002002002002,0.18018018018018017,0.146,0.04004004004004004,0.2202202202202202,-7.927839965743571,-8.013321535524373
2019-08-02,student,0.999,0.993,0.06006006006006006,-7.796371656682005,0.074,0.02002002002002002,0.18018018018018017,0.102,0.04004004004004004,0.2202202202202202,-8.09666971134487,-8.174614219105948
2019-08-05,student,0.999,0.993,0.06006006006006006,-8.28041805372663,0.102,0.02002002002002002,0.18018018018018017,0.128,0.04004004004004004,0.2202202202202202,-8.22648911485671,-8.306760628172105
2019-08-06,student,0.999,0.993,0.06006006006006006,-7.34501837212606,0.106,0.02002002002002002,0.18018018018018017,0.116,0.039539539539539564,0.2202202202202202,-8.406695978078192,-8.488853693074892
2019-08-07,student,0.999,0.993,0.06006006006006006,-8.564475110054854,0.084,0.02002002002002002,0.18018018018018017,0.11,0.039539539539539564,0.2202202202202202,-8.283277201147678,-8.373137942647489
2019-08-08,student,0.999,0.993,0.06006006006006006,-7.762794593778635,0.104,0.02002002002002002,0.18018018018018017,0.126,0.039539539539539564,0.2202202202202202,-8.118068744661386,-8.209858087801061
2019-08-09,student,0.999,0.992,0.06006006006006006,-7.92118548758918,0.086,0.02002002002002002,0.18018018018018017,0.104,0.039539539539539564,0.2202202202202202,-7.841049521419649,-7.9210030041770985
2019-08-13,student,0.999,0.993,0.06006006006006006,-11.384734855298209,0.098,0.02002002002002002,0.18018018018018017,0.124,0.02002002002002002,0.2202202202202202,-7.698776363920985,-7.781477142790193
2019-08-14,bb7,0.999,0.993,0.06006006006006006,-7.273104570134619,0.098,0.02002002002002002,0.18018018018018017,0.106,0.02002002002002002,0.20020020020020018,-9.278269127004286,-9.357993407871989
2019-08-16,bb7,0.999,0.994,0.06006006006006006,-7.855907501274965,0.12,0.02002002002002002,0.18018018018018017,0.134,0.02002002002002002,0.20020020020020018,-8.881227899182692,-8.96028134609476
2019-08-19,bb7,1.0,0.997,0.08008008008008008,-4.45173878054991,0.096,0.02002002002002002,0.18018018018018017,0.118,0.02002002002002002,0.2202202202202202,-10.163187255877899,-10.259114645501512
2019-08-20,bb7,0.999,0.996,0.08008008008008008,-3.088559436137175,0.132,0.02002002002002002,0.18018018018018017,0.144,0.02002002002002002,0.2202202202202202,-10.320881820517544,-10.419148608705244
2019-08-21,bb7,0.999,0.995,0.08008008008008008,-2.5142430237051796,0.096,0.02002002002002002,0.18018018018018017,0.11,0.039539539539539564,0.20070070070070023,-10.351847817852944,-10.451830985992878
2019-08-22,bb7,0.999,0.994,0.08008008008008008,-4.416594047478146,0.086,0.02002002002002002,0.18018018018018017,0.092,0.039539539539539564,0.20070070070070023,-9.634669807586913,-9.72756451171125
2019-08-23,bb7,0.999,0.998,0.08008008008008008,-1.6985726897127453,0.082,0.02002002002002002,0.18018018018018017,0.106,0.04004004004004004,0.2202202202202202,-10.23565237007716,-10.329353792366607
2019-08-26,bb7,1.0,0.999,0.08008008008008008,-1.5960517629680206,0.07,0.02002002002002002,0.18018018018018017,0.096,0.04004004004004004,0.2202202202202202,-9.707098563038416,-9.80787317893155
2019-08-27,bb7,0.999,0.992,0.08008008008008008,-1.3094099004549107,0.098,0.02002002002002002,0.18018018018018017,0.12,0.04004004004004004,0.2202202202202202,-9.434063764464124,-9.52692935369944
2019-08-28,student,1.0,0.996,0.08008008008008008,2.6818958921006297,0.128,0.02002002002002002,0.18018018018018017,0.142,0.04004004004004004,0.2202202202202202,-10.17044795564879,-10.293129111345374
2019-08-29,bb7,1.0,0.995,0.08008008008008008,-0.6705216368422304,0.094,0.02002002002002002,0.18018018018018017,0.13,0.04004004004004004,0.2202202202202202,-9.90954310464153,-10.015655015876114
2019-08-30,bb7,0.999,0.992,0.08008008008008008,-0.48079043769349517,0.064,0.02002002002002002,0.18018018018018017,0.084,0.04004004004004004,0.2202202202202202,-8.834663092442625,-8.918783614772584
2019-09-03,bb7,0.999,0.992,0.08008008008008008,-1.0245197437608105,0.078,0.02002002002002002,0.18018018018018017,0.106,0.04004004004004004,0.2202202202202202,-8.689186128593821,-8.767040890862937
2019-09-04,bb7,0.995,0.987,0.08008008008008008,0.22989615733090485,0.082,0.02002002002002002,0.18018018018018017,0.108,0.04004004004004004,0.2202202202202202,-8.545576604441395,-8.635862765922067
2019-09-05,bb7,0.997,0.989,0.08008008008008008,1.3739228325861794,0.074,0.02002002002002002,0.18018018018018017,0.104,0.04004004004004004,0.2202202202202202,-8.515526749179786,-8.599553782070057
2019-09-06,student,0.999,0.992,0.08008008008008008,3.7133337435183194,0.102,0.02002002002002002,0.18018018018018017,0.142,0.04004004004004004,0.2202202202202202,-9.422996591826687,-9.53009197280703
2019-09-09,bb7,0.999,0.993,0.08008008008008008,2.905798632998125,0.092,0.02002002002002002,0.18018018018018017,0.116,0.04004004004004004,0.2202202202202202,-9.07920858094969,-9.181652004869466
2019-09-11,bb7,1.0,0.995,0.08008008008008008,1.974709103373725,0.096,0.02002002002002002,0.18018018018018017,0.12,0.04004004004004004,0.2202202202202202,-9.145404572499308,-9.249299589379435
2019-09-12,bb7,1.0,0.995,0.08008008008008008,2.2190393048897197,0.108,0.02002002002002002,0.18018018018018017,0.13,0.04004004004004004,0.2202202202202202,-9.055027562466819,-9.15440908404825
2019-09-13,bb7,1.0,0.995,0.08008008008008008,2.8219047488023996,0.096,0.02002002002002002,0.18018018018018017,0.114,0.04004004004004004,0.2202202202202202,-8.96947888387618,-9.065069186082738
2019-09-16,bb7,1.0,0.999,0.08008008008008008,3.0936898123449894,0.078,0.02002002002002002,0.18018018018018017,0.122,0.04004004004004004,0.2202202202202202,-9.22655874655275,-9.31304172969618
2019-09-17,bb7,0.999,0.992,0.08008008008008008,1.0115189209177946,0.078,0.02002002002002002,0.18018018018018017,0.096,0.04004004004004004,0.2202202202202202,-8.97039180428119,-9.046915761292155
2019-09-18,bb7,1.0,1.0,0.08008008008008008,3.1358297071772996,0.092,0.02002002002002002,0.18018018018018017,0.114,0.04004004004004004,0.2202202202202202,-8.851270876161967,-8.938820206525685
2019-09-19,bb7,1.0,0.996,0.08008008008008008,-0.22776161997413502,0.1,0.02002002002002002,0.18018018018018017,0.13,0.04004004004004004,0.2202202202202202,-8.759037930058447,-8.837325385159762
2019-09-20,student,1.0,0.992,0.08008008008008008,3.1706090636549646,0.102,0.02002002002002002,0.18018018018018017,0.134,0.04004004004004004,0.2202202202202202,-8.481030708495265,-8.554640077833417
2019-09-23,bb7,1.0,1.0,0.10010010010010009,2.054814398753855,0.102,0.02002002002002002,0.18018018018018017,0.132,0.04004004004004004,0.2202202202202202,-8.508334795266274,-8.60059577218285
2019-09-24,student,0.999,0.992,0.10010010010010009,2.079820414943455,0.104,0.02002002002002002,0.18018018018018017,0.152,0.04004004004004004,0.2202202202202202,-8.50859809722861,-8.601025223257755
2019-09-25,bb7,1.0,1.0,0.10010010010010009,-2.5863980792784997,0.084,0.02002002002002002,0.18018018018018017,0.122,0.04004004004004004,0.2202202202202202,-8.366396300030406,-8.462305942826024
2019-09-26,bb7,1.0,1.0,0.08008008008008008,-3.031409651189875,0.09,0.02002002002002002,0.18018018018018017,0.116,0.04004004004004004,0.2202202202202202,-7.8917189561989405,-7.961874305705913
2019-09-27,bb7,1.0,0.999,0.08008008008008008,-4.75655994082892,0.076,0.02002002002002002,0.18018018018018017,0.1,0.04004004004004004,0.2202202202202202,-7.9303342539228545,-8.015652653553289
2019-09-30,student,0.996,0.986,0.08008008008008008,-3.8528422476810595,0.114,0.02002002002002002,0.18018018018018017,0.146,0.04004004004004004,0.2202202202202202,-8.118876668961612,-8.1923473297127
2019-10-01,bb7,1.0,1.0,0.08008008008008008,-5.718881130974619,0.102,0.02002002002002002,0.18018018018018017,0.128,0.04004004004004004,0.2202202202202202,-8.888924874159056,-8.963436590537
2019-10-03,bb7,1.0,1.0,0.06006006006006006,-7.654498831979936,0.064,0.02002002002002002,0.18018018018018017,0.078,0.02002002002002002,0.20020020020020018,-8.7227967844099,-8.756145631270188
2019-10-04,bb7,1.0,1.0,0.06006006006006006,-6.290827503826705,0.114,0.02002002002002002,0.18018018018018017,0.124,0.02002002002002002,0.20020020020020018,-8.730842801164057,-8.77147270059915
2019-10-07,bb7,1.0,1.0,0.06006006006006006,-10.54789066145084,0.088,0.02002002002002002,0.16016016016016016,0.1,0.02002002002002002,0.20020020020020018,-10.507080965737126,-10.546399149651974
2019-10-09,bb7,1.0,1.0,0.06006006006006006,-7.96655743791795,0.072,0.02002002002002002,0.16016016016016016,0.094,0.02002002002002002,0.20020020020020018,-10.79815911187552,-10.83167003147263
2019-10-10,bb7,1.0,1.0,0.06006006006006006,-9.421848941364317,0.07,0.02002002002002002,0.16016016016016016,0.08,0.02002002002002002,0.20020020020020018,-11.053323029066236,-11.091295511864582
2019-10-11,bb7,1.0,1.0,0.06006006006006006,-3.4312042388030406,0.078,0.02002002002002002,0.16016016016016016,0.084,0.02002002002002002,0.20020020020020018,-13.616392838275827,-13.633550872277617
2019-10-14,bb7,1.0,1.0,0.06006006006006006,-4.6911124458730615,0.076,0.02002002002002002,0.16016016016016016,0.092,0.02002002002002002,0.20020020020020018,-12.588527510005441,-12.60825324480548
2019-10-15,bb7,1.0,1.0,0.08008008008008008,-5.114718275846321,0.07,0.02002002002002002,0.16016016016016016,0.092,0.02002002002002002,0.20020020020020018,-11.606591565453188,-11.633212472084423
2019-10-16,bb7,1.0,1.0,0.08008008008008008,-4.969265603067291,0.084,0.02002002002002002,0.1606606606606602,0.096,0.02002002002002002,0.20020020020020018,-11.939713581725872,-11.964301761210546
2019-10-17,bb7,1.0,1.0,0.06006006006006006,0.28344464804057035,0.092,0.02002002002002002,0.16016016016016016,0.104,0.02002002002002002,0.20020020020020018,-12.597548598710237,-12.628845156053027
2019-10-18,bb7,1.0,1.0,0.06006006006006006,1.8173395403032853,0.084,0.02002002002002002,0.16016016016016016,0.094,0.02002002002002002,0.18018018018018017,-11.408810821065629,-11.427851300176593
2019-10-22,bb7,1.0,1.0,0.06006006006006006,-5.995313364334326,0.074,0.02002002002002002,0.16016016016016016,0.092,0.02002002002002002,0.18018018018018017,-10.938447761671096,-10.9641119560058
2019-10-23,bb7,1.0,1.0,0.06006006006006006,-3.5017049752341456,0.056,0.02002002002002002,0.16016016016016016,0.078,0.02002002002002002,0.18018018018018017,-10.137831287938456,-10.163137987534473
2019-10-24,bb7,1.0,1.0,0.06006006006006006,-9.04409627673037,0.058,0.02002002002002002,0.16016016016016016,0.074,0.02002002002002002,0.18018018018018017,-10.508695465329875,-10.533555069322023
2019-10-25,bb7,1.0,1.0,0.06006006006006006,-4.01765754107403,0.096,0.02002002002002002,0.16016016016016016,0.104,0.02002002002002002,0.18018018018018017,-10.39358011807803,-10.42048313783424
2019-10-27,bb7,1.0,1.0,0.06006006006006006,-5.15293306322892,0.092,0.02002002002002002,0.1606606606606602,0.108,0.02002002002002002,0.18018018018018017,-10.136008132512057,-10.152930989403846
2019-10-29,bb7,1.0,1.0,0.06006006006006006,-3.602390441348845,0.08,0.02002002002002002,0.16016016016016016,0.098,0.02002002002002002,0.18018018018018017,-9.64078363235272,-9.665010267627824
2019-10-30,bb7,1.0,1.0,0.06006006006006006,-0.6607852825874354,0.09,0.02002002002002002,0.16016016016016016,0.1,0.02002002002002002,0.18018018018018017,-9.309078600502712,-9.334895040566458
2019-10-31,bb7,1.0,1.0,0.06006006006006006,5.1958166700902,0.092,0.02002002002002002,0.16016016016016016,0.104,0.02002002002002002,0.18018018018018017,-8.87911270507558,-8.901620367495525
2019-11-01,bb7,1.0,1.0,0.06006006006006006,3.8708511793286844,0.082,0.02002002002002002,0.16016016016016016,0.096,0.02002002002002002,0.18018018018018017,-9.008421687335783,-9.037136004002452
2019-11-04,bb7,1.0,1.0,0.06006006006006006,4.8233380844901,0.064,0.02002002002002002,0.16016016016016016,0.076,0.02002002002002002,0.18018018018018017,-8.725914883994658,-8.760341142493132
2019-11-05,bb7,1.0,1.0,0.06006006006006006,12.827404946732582,0.082,0.02002002002002002,0.18018018018018017,0.084,0.02002002002002002,0.18018018018018017,-11.339667414809247,-11.358760664191008
2019-11-06,student,0.995,0.993,0.06006006006006006,11.641673065827671,0.102,0.02002002002002002,0.16016016016016016,0.114,0.02002002002002002,0.18018018018018017,-8.616087714503863,-8.635894527639804
2019-11-07,bb7,0.997,0.995,0.06006006006006006,15.874291136104913,0.092,0.02002002002002002,0.16016016016016016,0.094,0.02002002002002002,0.18018018018018017,-9.921360200647161,-9.955476866139238
2019-11-08,bb7,0.999,0.997,0.06006006006006006,11.03062464672254,0.064,0.02002002002002002,0.16016016016016016,0.082,0.02002002002002002,0.18018018018018017,-10.745180911405994,-10.772500314884697
2019-11-11,bb7,0.999,0.995,0.06006006006006006,10.189235285467246,0.068,0.02002002002002002,0.16016016016016016,0.078,0.02002002002002002,0.18018018018018017,-10.224582214376568,-10.239844828662893
2019-11-13,bb7,0.999,0.996,0.06006006006006006,7.488101366104498,0.088,0.02002002002002002,0.16016016016016016,0.096,0.02002002002002002,0.18018018018018017,-9.751751296183308,-9.784799739248276
2019-11-14,bb7,1.0,1.0,0.06006006006006006,5.976195322391354,0.08,0.02002002002002002,0.16016016016016016,0.096,0.02002002002002002,0.18018018018018017,-9.798393096699835,-9.832456795172758
2019-11-15,bb7,1.0,1.0,0.06006006006006006,2.81492775425753,0.082,0.02002002002002002,0.16016016016016016,0.09,0.02002002002002002,0.18018018018018017,-11.096645410098645,-11.112205177791136
2019-11-18,bb7,1.0,1.0,0.06006006006006006,3.050598786193635,0.084,0.02002002002002002,0.18018018018018017,0.084,0.02002002002002002,0.18018018018018017,-10.38840387726578,-10.400711923716946
2019-11-19,bb7,1.0,1.0,0.06006006006006006,2.768573613820835,0.076,0.02002002002002002,0.16016016016016016,0.092,0.02002002002002002,0.18018018018018017,-9.973917527353128,-9.998164225462912
2019-11-20,bb7,0.988,0.986,0.06006006006006006,2.681002626441,0.102,0.02002002002002002,0.18018018018018017,0.098,0.02002002002002002,0.18018018018018017,-9.677011782432707,-9.667248244705533
2019-11-21,bb7,0.999,0.999,0.06006006006006006,2.193632158942525,0.082,0.02002002002002002,0.16016016016016016,0.084,0.02002002002002002,0.18018018018018017,-9.60761263240551,-9.627670624890246
2019-11-22,bb7,0.999,0.999,0.06006006006006006,-0.18124846208068068,0.076,0.02002002002002002,0.16016016016016016,0.078,0.02002002002002002,0.18018018018018017,-9.234291052543718,-9.251931847934328
2019-11-25,bb7,0.999,0.999,0.06006006006006006,2.368642872837995,0.064,0.02002002002002002,0.18018018018018017,0.068,0.02002002002002002,0.18018018018018017,-8.887770731342753,-8.892415272034391
2019-11-26,bb7,0.999,0.999,0.06006006006006006,1.649952098678165,0.104,0.02002002002002002,0.16016016016016016,0.108,0.02002002002002002,0.18018018018018017,-8.712280308321878,-8.727974380326362
2019-11-27,bb7,0.999,0.999,0.06006006006006006,5.974030181604715,0.086,0.02002002002002002,0.1606606606606602,0.092,0.02002002002002002,0.18018018018018017,-9.417613199864471,-9.436998782411614
2019-11-28,bb7,0.999,0.999,0.06006006006006006,6.37211916492106,0.066,0.02002002002002002,0.18018018018018017,0.074,0.02002002002002002,0.18018018018018017,-9.156536934101576,-9.180533901608342
2019-11-29,bb7,0.999,0.999,0.06006006006006006,2.4673675948996596,0.07,0.02002002002002002,0.16016016016016016,0.078,0.02002002002002002,0.18018018018018017,-9.662364244097498,-9.690384286968287
2019-12-02,bb7,0.999,0.999,0.06006006006006006,1.1253492400146854,0.114,0.02002002002002002,0.1606606606606602,0.124,0.02002002002002002,0.18018018018018017,-9.288827004678653,-9.316306783025146
2019-12-03,bb7,0.999,0.999,0.06006006006006006,-0.14998923490091493,0.088,0.02002002002002002,0.1606606606606602,0.094,0.02002002002002002,0.18018018018018017,-9.147766301657095,-9.18248316076992
2019-12-04,bb7,0.999,0.999,0.06006006006006006,1.6542332687167605,0.074,0.02002002002002002,0.18018018018018017,0.076,0.02002002002002002,0.18018018018018017,-8.906387379230445,-8.928455888944104
2019-12-05,bb7,0.999,0.999,0.06006006006006006,0.8385948459223653,0.086,0.02002002002002002,0.1606606606606602,0.092,0.02002002002002002,0.18018018018018017,-8.619595544791325,-8.637980244919172
2019-12-06,bb7,1.0,1.0,0.06006006006006006,0.12277662676883105,0.092,0.02002002002002002,0.1606606606606602,0.1,0.02002002002002002,0.18018018018018017,-8.392725276070516,-8.413502013522384
2019-12-09,bb7,1.0,1.0,0.06006006006006006,-1.6195800224186894,0.092,0.02002002002002002,0.18018018018018017,0.098,0.02002002002002002,0.18018018018018017,-8.204302721078331,-8.222568531890513
2019-12-10,bb7,0.999,0.999,0.06006006006006006,-1.7024653923361295,0.076,0.02002002002002002,0.18018018018018017,0.084,0.02002002002002002,0.18018018018018017,-8.139322058077475,-8.150898953525676
2019-12-11,bb7,0.999,0.999,0.06006006006006006,-2.902525066041934,0.076,0.02002002002002002,0.18018018018018017,0.078,0.02002002002002002,0.18018018018018017,-7.959230866460117,-7.972059424230122
2019-12-12,bb7,0.999,0.999,0.06006006006006006,-4.074470255153955,0.086,0.02002002002002002,0.18018018018018017,0.092,0.02002002002002002,0.18018018018018017,-7.814051035913864,-7.830246247135806
2019-12-13,bb7,0.999,0.999,0.06006006006006006,-0.3169961423951242,0.094,0.02002002002002002,0.18018018018018017,0.096,0.02002002002002002,0.18018018018018017,-7.9983507878188815,-8.014784351485607
2019-12-16,bb7,0.999,0.999,0.06006006006006006,0.5222338061616106,0.058,0.02002002002002002,0.18018018018018017,0.068,0.02002002002002002,0.18018018018018017,-8.016276959564829,-8.025719501863561
2019-12-17,bb7,0.999,0.999,0.08008008008008008,1.6950188730058908,0.1,0.02002002002002002,0.18018018018018017,0.1,0.02002002002002002,0.18018018018018017,-7.86318555904924,-7.876202793314073
2019-12-18,bb7,0.999,0.999,0.06006006006006006,-0.5906795532166047,0.074,0.02002002002002002,0.18018018018018017,0.08,0.02002002002002002,0.18018018018018017,-7.89150316120038,-7.9077780691769854
2019-12-19,bb7,1.0,1.0,0.08008008008008008,-0.10500015152549957,0.066,0.02002002002002002,0.1606606606606602,0.074,0.02002002002002002,0.18018018018018017,-7.927447533662019,-7.945542873816905
2019-12-20,bb7,1.0,1.0,0.06006006006006006,3.8512107683874754,0.088,0.02002002002002002,0.18018018018018017,0.096,0.02002002002002002,0.18018018018018017,-9.27874349580343,-9.283787686874293
2019-12-23,bb7,1.0,1.0,0.08008008008008008,3.70947525478549,0.07,0.02002002002002002,0.16016016016016016,0.074,0.02002002002002002,0.18018018018018017,-9.089164568012446,-9.11028898448583
2019-12-24,bb7,1.0,1.0,0.08008008008008008,4.10175019613342,0.086,0.02002002002002002,0.1606606606606602,0.094,0.02002002002002002,0.18018018018018017,-8.711327723293824,-8.727662881574052
2019-12-26,bb7,0.998,0.999,0.06006006006006006,3.1985280476133946,0.102,0.02002002002002002,0.18018018018018017,0.102,0.02002002002002002,0.18018018018018017,-8.49530885812135,-8.491554378115213
2019-12-27,bb7,0.999,0.999,0.06006006006006006,4.759162671368776,0.084,0.02002002002002002,0.18018018018018017,0.084,0.02002002002002002,0.18018018018018017,-8.532016665144539,-8.520560015088035
2019-12-30,bb7,0.999,0.999,0.06006006006006006,1.7731302729958598,0.072,0.02002002002002002,0.16016016016016016,0.084,0.02002002002002002,0.18018018018018017,-8.637059447488326,-8.631136877171105
2019-12-31,bb7,0.998,0.999,0.06006006006006006,1.4722465085198002,0.092,0.02002002002002002,0.16016016016016016,0.096,0.02002002002002002,0.18018018018018017,-8.355235460472006,-8.354364969878029
2020-01-01,bb7,0.999,0.999,0.06006006006006006,0.7198141802020046,0.066,0.02002002002002002,0.16016016016016016,0.072,0.02002002002002002,0.18018018018018017,-8.236919144206476,-8.239533059487789
2020-01-02,bb7,0.998,0.999,0.06006006006006006,2.007224669909575,0.09,0.02002002002002002,0.16016016016016016,0.092,0.02002002002002002,0.18018018018018017,-8.096193375455947,-8.099768783485072
2020-01-03,bb7,0.986,0.988,0.06006006006006006,1.8644428835259597,0.092,0.02002002002002002,0.16016016016016016,0.094,0.02002002002002002,0.18018018018018017,-7.968971553784617,-7.96604206382843
2020-01-06,bb7,0.984,0.985,0.06006006006006006,-2.3740779961001,0.076,0.02002002002002002,0.16016016016016016,0.08,0.02002002002002002,0.18018018018018017,-8.104605144504994,-8.109407885244917
2020-01-07,bb7,0.986,0.986,0.06006006006006006,-2.7048519935487603,0.088,0.02002002002002002,0.18018018018018017,0.088,0.02002002002002002,0.18018018018018017,-8.168955370109614,-8.159515080154334
2020-01-08,bb7,0.989,0.989,0.06006006006006006,-2.836228511737555,0.086,0.02002002002002002,0.16016016016016016,0.092,0.02002002002002002,0.18018018018018017,-8.02918004403867,-8.027594506120003
2020-01-09,bb7,0.986,0.986,0.06006006006006006,-0.04308592543781531,0.058,0.02002002002002002,0.16016016016016016,0.064,0.02002002002002002,0.18018018018018017,-7.9903861156776435,-7.994767920012538
2020-01-10,student,1.0,1.0,0.06006006006006006,-0.665493269180365,0.094,0.02002002002002002,0.16016016016016016,0.108,0.02002002002002002,0.18018018018018017,-8.130275547221807,-8.132578993987238
2020-01-13,student,1.0,1.0,0.06006006006006006,2.15029244164955,0.108,0.02002002002002002,0.16016016016016016,0.112,0.02002002002002002,0.18018018018018017,-7.887683442890298,-7.891145714833363
2020-01-14,student,1.0,1.0,0.06006006006006006,2.0852123798634548,0.074,0.02002002002002002,0.16016016016016016,0.084,0.02002002002002002,0.18018018018018017,-7.702166418240381,-7.7079017559393215
2020-01-15,student,1.0,1.0,0.06006006006006006,0.49232709417301934,0.072,0.02002002002002002,0.16016016016016016,0.076,0.02002002002002002,0.18018018018018017,-7.666329899604677,-7.669656440013598
2020-01-16,student,0.993,0.994,0.06006006006006006,-0.2639592344029945,0.09,0.02002002002002002,0.16016016016016016,0.092,0.02002002002002002,0.18018018018018017,-7.631626862596095,-7.637534226713048
2020-01-17,student,0.993,0.993,0.06006006006006006,-0.9661119528013851,0.1,0.02002002002002002,0.18018018018018017,0.1,0.02002002002002002,0.18018018018018017,-7.677512392748675,-7.679013202944419
2020-01-20,student,0.993,0.993,0.06006006006006006,1.1741236940303046,0.09,0.02002002002002002,0.16016016016016016,0.092,0.02002002002002002,0.18018018018018017,-8.934831386066726,-8.937233225303018
2020-01-21,student,0.993,0.993,0.06006006006006006,1.5783811076763594,0.094,0.02002002002002002,0.18018018018018017,0.094,0.02002002002002002,0.18018018018018017,-8.707655299290872,-8.69923985511117
2020-01-22,student,0.989,0.989,0.06006006006006006,2.9211520273063503,0.096,0.02002002002002002,0.18018018018018017,0.096,0.02002002002002002,0.18018018018018017,-8.451136225710387,-8.441669477096418
2020-01-23,student,0.987,0.987,0.06006006006006006,2.6872696328913146,0.1,0.02002002002002002,0.16016016016016016,0.102,0.02002002002002002,0.18018018018018017,-8.507248881485072,-8.501929572772683
2020-01-24,student,0.993,0.993,0.06006006006006006,1.6838228385817546,0.066,0.02002002002002002,0.16016016016016016,0.072,0.02002002002002002,0.18018018018018017,-8.229229440233288,-8.224273911081262
2020-01-27,student,0.993,0.993,0.06006006006006006,-1.95615372155677,0.086,0.02002002002002002,0.18018018018018017,0.084,0.02002002002002002,0.18018018018018017,-8.330803630690259,-8.319388322589246
2020-01-28,student,0.999,0.999,0.06006006006006006,-1.8549185553092502,0.08,0.02002002002002002,0.16016016016016016,0.088,0.02002002002002002,0.1606606606606602,-8.100397818154162,-8.09319801236618
2020-01-29,student,0.999,0.999,0.06006006006006006,0.20499718710851533,0.106,0.02002002002002002,0.18018018018018017,0.104,0.02002002002002002,0.16016016016016016,-8.087725836216737,-8.06546602494561
2020-01-30,student,0.999,0.999,0.04004004004004004,-1.1024294406806703,0.08,0.02002002002002002,0.16016016016016016,0.084,0.02002002002002002,0.16016016016016016,-7.8121745969532945,-7.802943313815158
2020-01-31,student,0.999,0.999,0.04004004004004004,0.5953929537702549,0.082,0.02002002002002002,0.16016016016016016,0.086,0.02002002002002002,0.16016016016016016,-7.853413158221147,-7.844901007540149
2020-02-03,student,0.999,0.999,0.04004004004004004,-2.6665626892828005,0.064,0.02002002002002002,0.16016016016016016,0.064,0.02002002002002002,0.16016016016016016,-7.858112915903546,-7.846976682028729
2020-02-04,student,0.999,0.999,0.04004004004004004,0.4334825588254101,0.078,0.02002002002002002,0.16016016016016016,0.082,0.02002002002002002,0.16016016016016016,-7.658649502056757,-7.648774821786012
2020-02-05,student,0.999,0.999,0.04004004004004004,0.10180745119324486,0.076,0.02002002002002002,0.16016016016016016,0.078,0.02002002002002002,0.16016016016016016,-7.735872459850344,-7.723124508530159
2020-02-06,student,0.993,0.993,0.04004004004004004,-1.0294053660139297,0.064,0.02002002002002002,0.16016016016016016,0.064,0.02002002002002002,0.16016016016016016,-8.298101291121533,-8.288842391157031
2020-02-07,student,0.999,0.999,0.04004004004004004,-0.8923318305426498,0.076,0.02002002002002002,0.16016016016016016,0.074,0.02002002002002002,0.16016016016016016,-7.576376775440642,-7.560899113274516
2020-02-10,student,0.993,0.993,0.04004004004004004,0.046519312591300044,0.076,0.02002002002002002,0.16016016016016016,0.076,0.02002002002002002,0.16016016016016016,-8.322500344189471,-8.313406514768833
2020-02-11,student,0.999,0.999,0.04004004004004004,1.1598374896081056,0.08,0.02002002002002002,0.16016016016016016,0.08,0.02002002002002002,0.16016016016016016,-7.82722918625607,-7.814138249377128
2020-02-12,student,0.989,0.993,0.04004004004004004,0.03833691086592006,0.08,0.02002002002002002,0.16016016016016016,0.078,0.02002002002002002,0.16016016016016016,-8.139083882187727,-8.126703320494677
2020-02-13,student,0.979,0.978,0.04004004004004004,3.3596737527335003,0.062,0.02002002002002002,0.16016016016016016,0.06,0.02002002002002002,0.16016016016016016,-8.028333287094204,-8.015571921768512
2020-02-14,student,0.975,0.973,0.04004004004004004,0.8209809550057452,0.084,0.02002002002002002,0.18018018018018017,0.08,0.02002002002002002,0.16016016016016016,-8.206817528781752,-8.179077686157324
2020-02-17,student,0.951,0.951,0.04004004004004004,4.046449408098861,0.074,0.02002002002002002,0.16016016016016016,0.08,0.02002002002002002,0.16016016016016016,-9.412849317530668,-9.417923975392625
2020-02-18,student,0.993,0.996,0.04004004004004004,2.42980068632881,0.078,0.02002002002002002,0.16016016016016016,0.08,0.02002002002002002,0.16016016016016016,-9.874640188130996,-9.878883599522695
2020-02-19,student,0.981,0.98,0.04004004004004004,2.48425739973331,0.088,0.02002002002002002,0.16016016016016016,0.088,0.02002002002002002,0.1606606606606602,-9.723447344757744,-9.722812345702922
2020-02-20,student,0.999,1.0,0.04004004004004004,2.51310157823652,0.066,0.02002002002002002,0.16016016016016016,0.07,0.02002002002002002,0.16016016016016016,-9.417508486217823,-9.411088343827371
2020-02-24,student,1.0,1.0,0.04004004004004004,1.5521847582578148,0.084,0.02002002002002002,0.16016016016016016,0.086,0.02002002002002002,0.16016016016016016,-9.06626434616793,-9.058586615298259
2020-02-25,student,0.998,0.999,0.04004004004004004,2.8898895936385047,0.09,0.02002002002002002,0.16016016016016016,0.09,0.02002002002002002,0.16016016016016016,-8.597438635130231,-8.58192615594411
2020-02-26,student,0.999,0.999,0.04004004004004004,1.1811668550988597,0.058,0.02002002002002002,0.16016016016016016,0.06,0.02002002002002002,0.16016016016016016,-8.521137980449938,-8.507602744796975
2020-02-27,student,0.994,0.993,0.04004004004004004,0.06724234986255473,0.072,0.02002002002002002,0.16016016016016016,0.07,0.02002002002002002,0.16016016016016016,-8.369437203309367,-8.352576364004465
2020-02-28,student,0.998,0.999,0.04004004004004004,-7.855459354504145,0.098,0.02002002002002002,0.16016016016016016,0.1,0.02002002002002002,0.16016016016016016,-8.392484564434556,-8.371481836154878
2020-03-02,student,0.998,0.999,0.04004004004004004,-8.251509785400755,0.06,0.02002002002002002,0.16016016016016016,0.058,0.02002002002002002,0.16016016016016016,-8.581804867214775,-8.557575223654206
2020-03-03,student,0.999,0.999,0.04004004004004004,-6.79687930116844,0.088,0.02002002002002002,0.16016016016016016,0.088,0.02002002002002002,0.16016016016016016,-8.393028767227397,-8.368983753350903
2020-03-04,student,0.997,0.999,0.04004004004004004,-7.854599726916829,0.086,0.02002002002002002,0.16016016016016016,0.086,0.02002002002002002,0.16016016016016016,-8.121979029426505,-8.099466530045985
2020-03-05,student,0.996,0.999,0.04004004004004004,-8.185280866603476,0.07,0.02002002002002002,0.16016016016016016,0.068,0.02002002002002002,0.16016016016016016,-8.241566365131579,-8.2216386149639
2020-03-06,student,0.997,0.999,0.04004004004004004,-13.36491029465544,0.078,0.02002002002002002,0.16016016016016016,0.078,0.02002002002002002,0.16016016016016016,-8.022694409515703,-7.999340859715314
2020-03-09,student,0.994,0.997,0.04004004004004004,-18.216216007886395,0.074,0.02002002002002002,0.16016016016016016,0.076,0.02002002002002002,0.16016016016016016,-8.265035635846944,-8.24679445690992
2020-03-11,student,0.994,0.997,0.04004004004004004,-21.970696173027854,0.072,0.02002002002002002,0.16016016016016016,0.068,0.02002002002002002,0.16016016016016016,-8.091002135114689,-8.07504793093062
2020-03-12,student,0.998,0.999,0.04004004004004004,-32.470075566574536,0.076,0.02002002002002002,0.16016016016016016,0.074,0.02002002002002002,0.16016016016016016,-7.7010174031272625,-7.679353618036892
2020-03-13,student,0.996,0.999,0.04004004004004004,-23.84293987241212,0.102,0.02002002002002002,0.16016016016016016,0.102,0.02002002002002002,0.16016016016016016,-8.052752893306184,-8.02821144877966
2020-03-16,student,0.987,0.987,0.06006006006006006,-26.595933047436,0.078,0.02002002002002002,0.18018018018018017,0.08,0.02002002002002002,0.18018018018018017,-10.301994916346903,-10.288862922387047
2020-03-17,student,0.999,0.999,0.06006006006006006,-28.93647610438603,0.094,0.02002002002002002,0.18018018018018017,0.102,0.02002002002002002,0.18018018018018017,-11.776744269125889,-11.78059294471915
2020-03-18,student,0.999,0.999,0.06006006006006006,-31.645174607063936,0.108,0.02002002002002002,0.18018018018018017,0.104,0.02002002002002002,0.18018018018018017,-11.063143749474923,-11.048402512384444
2020-03-19,student,0.998,0.999,0.06006006006006006,-33.350807857206945,0.1,0.02002002002002002,0.18018018018018017,0.098,0.02002002002002002,0.18018018018018017,-10.427904119932384,-10.396222758859635
2020-03-20,student,0.997,0.998,0.06006006006006006,-28.62680115826702,0.074,0.02002002002002002,0.18018018018018017,0.08,0.02002002002002002,0.18018018018018017,-10.05716931456051,-10.037244569757055
2020-03-23,student,0.997,0.998,0.06006006006006006,-36.87697918174573,0.084,0.02002002002002002,0.18018018018018017,0.096,0.02002002002002002,0.18018018018018017,-11.853731661265417,-11.848324285692165
2020-03-24,student,0.996,0.997,0.08008008008008008,-25.11110334511306,0.094,0.02002002002002002,0.18018018018018017,0.1,0.02002002002002002,0.20020020020020018,-13.435785862611981,-13.453292117865711
2020-03-25,student,1.0,1.0,0.08008008008008008,-18.94182592470203,0.086,0.02002002002002002,0.18018018018018017,0.1,0.02002002002002002,0.20020020020020018,-13.905235459478964,-13.963558550319478
2020-03-26,student,0.993,0.993,0.10010010010010009,-3.9748353983028992,0.102,0.02002002002002002,0.18018018018018017,0.13,0.04004004004004004,0.2202202202202202,-22.580660239978794,-22.732775443303385
2020-03-27,student,0.999,0.999,0.10010010010010009,-9.754705843066269,0.094,0.02002002002002002,0.18018018018018017,0.112,0.04004004004004004,0.2202202202202202,-22.775954899416906,-22.893307222135256
2020-03-30,student,0.995,0.993,0.10010010010010009,-5.307150142026114,0.078,0.02002002002002002,0.18018018018018017,0.104,0.04004004004004004,0.2202202202202202,-24.951625207209727,-25.136727260461026
2020-03-31,student,0.996,0.993,0.10010010010010009,2.8018802135775305,0.092,0.02002002002002002,0.18018018018018017,0.114,0.04004004004004004,0.2202202202202202,-24.139114364516185,-24.330361014283763
2020-04-01,student,0.993,0.993,0.10010010010010009,-1.1120249541224778,0.096,0.02002002002002002,0.18018018018018017,0.11,0.04004004004004004,0.2202202202202202,-22.104344006129008,-22.297135725607884
2020-04-03,student,0.993,0.993,0.10010010010010009,-3.887516902687935,0.082,0.02002002002002002,0.18018018018018017,0.11,0.04004004004004004,0.2202202202202202,-21.435101139191282,-21.645257686404527
2020-04-07,student,0.991,0.989,0.10010010010010009,-1.5273570920395567,0.096,0.02002002002002002,0.18018018018018017,0.114,0.04004004004004004,0.2202202202202202,-20.09851195850746,-20.23265882427997
2020-04-08,student,0.997,0.993,0.12012012012012012,9.48898611678936,0.09,0.02002002002002002,0.18018018018018017,0.126,0.04004004004004004,0.24024024024024024,-28.302310181751288,-28.630636322738077
2020-04-09,student,0.995,0.993,0.12012012012012012,5.017048459860397,0.088,0.02002002002002002,0.18018018018018017,0.122,0.04004004004004004,0.24024024024024024,-27.18380652072648,-27.543120848996644
2020-04-13,student,0.995,0.993,0.12012012012012012,0.7952233287615862,0.078,0.02002002002002002,0.18018018018018017,0.126,0.04004004004004004,0.24024024024024024,-24.455544955327994,-24.788229166661104
2020-04-15,student,0.998,0.996,0.12012012012012012,-3.0814002486848886,0.084,0.02002002002002002,0.18018018018018017,0.11,0.04004004004004004,0.24024024024024024,-21.381702970920017,-21.67988426799647
2020-04-16,student,0.999,0.996,0.12012012012012012,-4.198451050419144,0.086,0.02002002002002002,0.18018018018018017,0.108,0.04004004004004004,0.24024024024024024,-19.333200009748325,-19.55701574368347
2020-04-17,student,0.999,0.996,0.12012012012012012,1.8338487023189516,0.12,0.02002002002002002,0.18018018018018017,0.164,0.04004004004004004,0.24024024024024024,-19.74975918488596,-20.013403518812062
2020-04-20,student,0.996,0.993,0.12012012012012012,-0.20592709243701912,0.098,0.02002002002002002,0.18018018018018017,0.146,0.04004004004004004,0.24024024024024024,-18.68419158922158,-18.931982766221306
2020-04-21,student,0.999,0.999,0.12012012012012012,1.9752605712798466,0.094,0.02002002002002002,0.18018018018018017,0.138,0.04004004004004004,0.24024024024024024,-18.946158948074103,-19.282065366545837
2020-04-22,student,0.997,0.995,0.12012012012012012,8.20330632287497,0.094,0.02002002002002002,0.18018018018018017,0.12,0.04004004004004004,0.24024024024024024,-20.025437013714754,-20.39533164080827
2020-04-23,student,1.0,1.0,0.12012012012012012,3.1383115013598757,0.108,0.02002002002002002,0.18018018018018017,0.14,0.04004004004004004,0.24024024024024024,-19.15904970200269,-19.56671623432543
2020-04-24,student,0.999,0.997,0.12012012012012012,1.15146074263571,0.128,0.02002002002002002,0.18018018018018017,0.16,0.04004004004004004,0.24024024024024024,-17.489874597737025,-17.834102065005773
2020-04-27,student,0.999,0.999,0.12012012012012012,0.32134118981032544,0.12,0.02002002002002002,0.18068068068068022,0.168,0.04004004004004004,0.24024024024024024,-16.156146409206936,-16.485024125820726
2020-04-28,student,0.999,0.999,0.12012012012012012,2.0126223933015055,0.098,0.02002002002002002,0.18068068068068022,0.128,0.04004004004004004,0.24024024024024024,-15.180012598304206,-15.406468921665255
2020-04-29,student,0.999,0.999,0.12012012012012012,4.932306273157391,0.084,0.02002002002002002,0.18018018018018017,0.118,0.04004004004004004,0.24024024024024024,-13.721696581709022,-13.88328836290374
2020-04-30,student,0.999,0.999,0.12012012012012012,7.3812907724517105,0.118,0.02002002002002002,0.18018018018018017,0.154,0.04004004004004004,0.24024024024024024,-13.496069216084408,-13.59930049508302
2020-05-04,student,0.999,0.999,0.12012012012012012,-0.4193023637787139,0.096,0.02002002002002002,0.18018018018018017,0.148,0.04004004004004004,0.24024024024024024,-12.614564463878661,-12.736836321322407
2020-05-05,student,0.999,0.996,0.12012012012012012,-4.559960520756425,0.094,0.02002002002002002,0.18018018018018017,0.122,0.04004004004004004,0.24024024024024024,-12.322988108341017,-12.455205427205907
2020-05-06,student,1.0,0.999,0.12012012012012012,-1.3201124856458244,0.092,0.02002002002002002,0.18068068068068022,0.124,0.04004004004004004,0.24024024024024024,-12.905074989775716,-13.027312754433042
2020-05-07,student,1.0,0.999,0.12012012012012012,-3.2300177120768403,0.112,0.02002002002002002,0.20020020020020018,0.15,0.04004004004004004,0.24024024024024024,-12.010376145729907,-12.185738445323892
2020-05-08,student,1.0,0.999,0.12012012012012012,-6.057151999222044,0.078,0.02002002002002002,0.20020020020020018,0.128,0.04004004004004004,0.24024024024024024,-11.723810873278675,-11.950333296126571
2020-05-11,student,0.999,0.997,0.12012012012012012,-2.2877209044217457,0.096,0.02002002002002002,0.20020020020020018,0.148,0.06006006006006006,0.2602602602602602,-12.888430299548785,-13.200942197290948
2020-05-12,student,0.999,0.998,0.12012012012012012,-2.3227446024871643,0.098,0.02002002002002002,0.20020020020020018,0.156,0.06006006006006006,0.2602602602602602,-12.426295509847321,-12.750737629995747
2020-05-13,student,0.999,0.996,0.12012012012012012,-0.3773283033959509,0.108,0.02002002002002002,0.20020020020020018,0.156,0.06006006006006006,0.2602602602602602,-11.61870687463015,-11.90599644196299
2020-05-14,student,0.999,0.999,0.12012012012012012,-7.57287074518711,0.098,0.02002002002002002,0.20020020020020018,0.134,0.04004004004004004,0.24024024024024024,-11.026755324778696,-11.247576753670234
2020-05-15,student,0.999,0.999,0.12012012012012012,-11.386725593104236,0.096,0.02002002002002002,0.20020020020020018,0.112,0.04004004004004004,0.24024024024024024,-10.949020703207962,-11.170519014095836
2020-05-18,student,0.999,0.999,0.14014014014014015,-7.79209209933194,0.114,0.02002002002002002,0.20020020020020018,0.154,0.06006006006006006,0.2602602602602602,-14.319328164957293,-14.693063535814057
2020-05-19,student,0.993,0.99,0.14014014014014015,-5.830872115410445,0.122,0.02002002002002002,0.20020020020020018,0.178,0.06006006006006006,0.2602602602602602,-15.027798010581987,-15.343859996184651
2020-05-20,bb7,0.999,0.999,0.14014014014014015,-5.186649693447636,0.084,0.02002002002002002,0.20020020020020018,0.124,0.06006006006006006,0.2602602602602602,-13.327702281024202,-13.606173221699429
2020-05-21,student,1.0,1.0,0.14014014014014015,-5.29025646875486,0.1,0.02002002002002002,0.20020020020020018,0.154,0.06006006006006006,0.2602602602602602,-12.347251072155991,-12.621174380323467
2020-05-22,student,1.0,1.0,0.14014014014014015,-3.6522624235295593,0.096,0.02002002002002002,0.20020020020020018,0.154,0.06006006006006006,0.2602602602602602,-12.179777102210242,-12.462723835364336
2020-05-26,student,1.0,1.0,0.14014014014014015,-4.60953650487168,0.116,0.02002002002002002,0.20020020020020018,0.174,0.06006006006006006,0.2602602602602602,-11.445405556223188,-11.718558931644967
2020-05-27,bb7,0.996,0.997,0.14014014014014015,-1.2726827096830897,0.07,0.02002002002002002,0.20020020020020018,0.102,0.06006006006006006,0.2602602602602602,-11.093182299561288,-11.371213142423766
2020-05-28,student,1.0,1.0,0.14014014014014015,-3.8430870914141444,0.128,0.02002002002002002,0.20020020020020018,0.168,0.06006006006006006,0.2602602602602602,-11.154162603755681,-11.426554812120331
2020-05-29,student,1.0,1.0,0.14014014014014015,1.0913489470073308,0.106,0.02002002002002002,0.20020020020020018,0.154,0.06006006006006006,0.26076076076076027,-12.71974662376429,-13.042620878930366
2020-06-01,student,1.0,1.0,0.14014014014014015,5.257546672173071,0.096,0.02002002002002002,0.20020020020020018,0.134,0.06006006006006006,0.26076076076076027,-12.150355226318492,-12.431164053662751
2020-06-02,student,1.0,1.0,0.14014014014014015,8.494146375015724,0.116,0.02002002002002002,0.20020020020020018,0.164,0.06006006006006006,0.2602602602602602,-14.757137207848942,-15.09282077849056
2020-06-03,student,1.0,1.0,0.14014014014014015,9.835555370823519,0.096,0.02002002002002002,0.20020020020020018,0.146,0.06006006006006006,0.2602602602602602,-13.846649722829618,-14.136162164955465
2020-06-04,bb7,1.0,1.0,0.14014014014014015,9.76497002094037,0.072,0.02002002002002002,0.20020020020020018,0.096,0.06006006006006006,0.2602602602602602,-12.82189091294682,-13.06563306570948
2020-06-05,student,1.0,1.0,0.14014014014014015,13.546473574258727,0.104,0.02002002002002002,0.20020020020020018,0.154,0.06006006006006006,0.2602602602602602,-12.520490560984793,-12.751824522360158
2020-06-08,student,1.0,0.999,0.14014014014014015,13.380626960264486,0.118,0.02002002002002002,0.20020020020020018,0.154,0.06006006006006006,0.2602602602602602,-11.87730072563097,-12.091752450144934
2020-06-09,bb7,1.0,1.0,0.14014014014014015,13.199218847263907,0.09,0.02002002002002002,0.20020020020020018,0.142,0.06006006006006006,0.2602602602602602,-11.123142147245169,-11.308285635524022
2020-06-10,student,1.0,1.0,0.14014014014014015,9.830742455699534,0.102,0.02002002002002002,0.20020020020020018,0.162,0.06006006006006006,0.2602602602602602,-11.813029866015142,-12.02559071748395
2020-06-11,student,1.0,1.0,0.14014014014014015,6.088416372148711,0.1,0.039539539539539564,0.20020020020020018,0.142,0.06006006006006006,0.2602602602602602,-10.90853846130805,-11.098777145877381
2020-06-12,student,1.0,1.0,0.14014014014014015,5.323790959319339,0.096,0.039539539539539564,0.20020020020020018,0.134,0.06006006006006006,0.2602602602602602,-10.454372237058646,-10.670944947141757
2020-06-15,student,1.0,1.0,0.14014014014014015,0.19671697951517597,0.116,0.02002002002002002,0.20020020020020018,0.162,0.06006006006006006,0.2602602602602602,-11.10753927962599,-11.328418658937666
2020-06-16,student,1.0,1.0,0.14014014014014015,0.28267137214630544,0.116,0.039539539539539564,0.20020020020020018,0.158,0.06006006006006006,0.2602602602602602,-10.441687103613425,-10.643509630130792
2020-06-17,student,1.0,1.0,0.14014014014014015,-0.4111500426603,0.092,0.02002002002002002,0.20020020020020018,0.14,0.06006006006006006,0.2602602602602602,-10.261045837531277,-10.436948609679348
2020-06-18,student,1.0,1.0,0.14014014014014015,2.01598360442375,0.12,0.02002002002002002,0.20020020020020018,0.166,0.06006006006006006,0.2602602602602602,-9.903273886420566,-10.062594787750921
2020-06-19,bb7,1.0,1.0,0.14014014014014015,-0.744465405679215,0.084,0.02002002002002002,0.20020020020020018,0.126,0.06006006006006006,0.2602602602602602,-11.367754719168243,-11.607894443916926
2020-06-22,student,1.0,1.0,0.14014014014014015,-0.9636174561276502,0.138,0.02002002002002002,0.20020020020020018,0.182,0.06006006006006006,0.26076076076076027,-10.911551372486656,-11.155410988302764
2020-06-23,student,1.0,1.0,0.14014014014014015,2.3349648639979086,0.132,0.02002002002002002,0.20020020020020018,0.184,0.06006006006006006,0.26076076076076027,-10.348721565233847,-10.599883119741412
2020-06-24,student,1.0,1.0,0.14014014014014015,-0.9515592514554707,0.098,0.02002002002002002,0.20020020020020018,0.15,0.06006006006006006,0.26076076076076027,-10.100485668143854,-10.351553558237905
2020-06-25,student,1.0,1.0,0.14014014014014015,1.989831312085964,0.096,0.02002002002002002,0.20020020020020018,0.152,0.06006006006006006,0.2802802802802803,-11.844538676766266,-12.095349875527255
2020-06-26,student,1.0,1.0,0.14014014014014015,5.399005402141055,0.134,0.02002002002002002,0.20020020020020018,0.184,0.06006006006006006,0.2802802802802803,-11.358286723049408,-11.594327633352819
2020-06-29,student,1.0,1.0,0.14014014014014015,4.6878139084826635,0.1,0.02002002002002002,0.20020020020020018,0.154,0.06006006006006006,0.2802802802802803,-11.28273835092914,-11.533427209031306
2020-06-30,student,1.0,1.0,0.14014014014014015,3.9982017372722596,0.1,0.02002002002002002,0.20020020020020018,0.164,0.06006006006006006,0.2802802802802803,-10.7695832520392,-11.010613297536363
2020-07-01,student,1.0,1.0,0.14014014014014015,5.281718297193759,0.11,0.02002002002002002,0.20020020020020018,0.164,0.06006006006006006,0.2802802802802803,-10.230858131733745,-10.457854595364607
2020-07-02,bb7,1.0,1.0,0.14014014014014015,4.493332049793289,0.09,0.02002002002002002,0.20020020020020018,0.136,0.06006006006006006,0.2802802802802803,-10.42456235877885,-10.638519773269225
2020-07-03,student,0.997,0.997,0.14014014014014015,3.948525056120249,0.102,0.02002002002002002,0.20020020020020018,0.17,0.06006006006006006,0.2802802802802803,-10.079386998377432,-10.275527136296088
2020-07-06,student,0.998,0.998,0.14014014014014015,4.203931112653304,0.094,0.02002002002002002,0.20020020020020018,0.152,0.06006006006006006,0.2802802802802803,-9.547036883621692,-9.761775486611091
2020-07-07,bb7,0.999,0.999,0.14014014014014015,3.845552541827644,0.088,0.02002002002002002,0.20020020020020018,0.12,0.06006006006006006,0.2802802802802803,-9.54166499423803,-9.739330395538628
2020-07-08,student,0.999,0.999,0.14014014014014015,6.008295802030984,0.092,0.02002002002002002,0.20020020020020018,0.124,0.06006006006006006,0.2802802802802803,-10.113348316058545,-10.357302678589335
2020-07-09,bb7,0.999,0.999,0.14014014014014015,9.088876729427925,0.09,0.02002002002002002,0.20020020020020018,0.128,0.06006006006006006,0.2802802802802803,-9.986283293809418,-10.313899111265378
2020-07-10,student,0.999,0.999,0.14014014014014015,5.093648790511089,0.1,0.02002002002002002,0.20020020020020018,0.154,0.06006006006006006,0.2802802802802803,-10.599101592982064,-10.950616772062236
2020-07-13,bb7,0.999,0.999,0.14014014014014015,7.891576057000719,0.064,0.02002002002002002,0.20020020020020018,0.11,0.06006006006006006,0.2802802802802803,-10.779705952212847,-11.161464306710489
2020-07-14,bb7,1.0,1.0,0.14014014014014015,5.199839897852245,0.08,0.02002002002002002,0.20020020020020018,0.132,0.06006006006006006,0.2802802802802803,-10.16678744364556,-10.479727699037946
2020-07-15,student,1.0,1.0,0.14014014014014015,6.074998814199494,0.116,0.02002002002002002,0.20020020020020018,0.156,0.06006006006006006,0.2802802802802803,-10.464117968533737,-10.844842690907408
2020-07-16,student,1.0,1.0,0.14014014014014015,9.500647684965426,0.116,0.02002002002002002,0.20020020020020018,0.18,0.06006006006006006,0.2802802802802803,-10.396746730501768,-10.81308769767158
2020-07-17,bb7,1.0,1.0,0.14014014014014015,9.389815470670321,0.09,0.02002002002002002,0.20020020020020018,0.14,0.06006006006006006,0.2802802802802803,-9.743349315804638,-10.125234881175874
2020-07-20,student,0.999,1.0,0.14014014014014015,10.774277624921497,0.118,0.02002002002002002,0.20020020020020018,0.16,0.06006006006006006,0.2802802802802803,-9.871687985347693,-10.294273105217444
2020-07-21,student,1.0,1.0,0.14014014014014015,9.77167228790252,0.118,0.02002002002002002,0.20020020020020018,0.174,0.06006006006006006,0.2802802802802803,-9.648993583410723,-10.015313367003694
2020-07-22,student,1.0,1.0,0.14014014014014015,8.506676344861784,0.12,0.02002002002002002,0.20020020020020018,0.186,0.06006006006006006,0.2802802802802803,-9.499282723302498,-9.825970635585735
2020-07-23,bb7,1.0,1.0,0.14014014014014015,7.271988282412564,0.09,0.02002002002002002,0.20020020020020018,0.168,0.06006006006006006,0.2802802802802803,-9.594845074420148,-9.909729193852534
2020-07-24,student,0.998,1.0,0.14014014014014015,7.3483416116165845,0.11,0.02002002002002002,0.20020020020020018,0.174,0.06006006006006006,0.2802802802802803,-9.636670422159925,-9.952194658264851
2020-07-27,student,0.999,1.0,0.14014014014014015,7.234377820052195,0.136,0.02002002002002002,0.20020020020020018,0.184,0.06006006006006006,0.2802802802802803,-9.94388076027139,-10.27220420123692
2020-07-28,student,0.999,1.0,0.14014014014014015,11.227776628833906,0.092,0.02002002002002002,0.20020020020020018,0.164,0.06006006006006006,0.2802802802802803,-10.269519650029292,-10.604582522201996
2020-07-29,bb7,0.999,0.999,0.14014014014014015,8.886152394816463,0.09,0.02002002002002002,0.20020020020020018,0.152,0.06006006006006006,0.2802802802802803,-10.882133357236402,-11.225631631671272
2020-07-30,student,0.999,0.999,0.14014014014014015,2.775448498273855,0.096,0.02002002002002002,0.20020020020020018,0.186,0.06006006006006006,0.2802802802802803,-13.047909922224713,-13.517380026545714
2020-07-31,student,1.0,1.0,0.14014014014014015,4.219826090207755,0.092,0.02002002002002002,0.20020020020020018,0.146,0.06006006006006006,0.2802802802802803,-11.727937389739068,-12.11185859631619
2020-08-03,student,1.0,1.0,0.14014014014014015,1.5867108437756248,0.108,0.02002002002002002,0.20020020020020018,0.176,0.06006006006006006,0.2802802802802803,-11.516689688896811,-11.868128343799683
2020-08-04,student,0.999,0.999,0.14014014014014015,-0.03101604843631045,0.096,0.02002002002002002,0.18068068068068022,0.162,0.06006006006006006,0.2802802802802803,-11.026234840579717,-11.411231914087585
2020-08-05,bb7,1.0,1.0,0.14014014014014015,1.2955128351246346,0.078,0.02002002002002002,0.20020020020020018,0.13,0.06006006006006006,0.2802802802802803,-10.46822697754005,-10.748131410293318
2020-08-06,student,1.0,1.0,0.14014014014014015,1.4732658345568597,0.114,0.02002002002002002,0.20020020020020018,0.188,0.06006006006006006,0.2802802802802803,-10.234795569056327,-10.520841211239624
2020-08-07,student,0.999,0.999,0.14014014014014015,1.157331869459325,0.092,0.02002002002002002,0.18018018018018017,0.154,0.06006006006006006,0.2802802802802803,-10.732210525350819,-10.975119026919296
2020-08-10,student,0.999,0.999,0.14014014014014015,1.8984552463852098,0.118,0.02002002002002002,0.18018018018018017,0.176,0.06006006006006006,0.2802802802802803,-10.77416656633149,-11.020390129810869
2020-08-11,bb7,1.0,1.0,0.14014014014014015,0.7031081394427949,0.086,0.02002002002002002,0.18018018018018017,0.166,0.06006006006006006,0.2802802802802803,-10.087655633293576,-10.246838693148263
2020-08-12,student,0.999,0.999,0.14014014014014015,3.11003595858178,0.104,0.02002002002002002,0.18018018018018017,0.166,0.06006006006006006,0.2802802802802803,-9.916463812982144,-10.145117343472274
2020-08-13,bb7,0.999,0.998,0.14014014014014015,3.4177448991614003,0.062,0.02002002002002002,0.18018018018018017,0.122,0.06006006006006006,0.2802802802802803,-9.895381865832084,-10.092489621988548
2020-08-14,bb7,1.0,0.999,0.14014014014014015,0.6558099666841597,0.082,0.02002002002002002,0.18018018018018017,0.128,0.06006006006006006,0.2802802802802803,-9.394856822815138,-9.579199812457592
2020-08-17,bb7,0.999,0.999,0.14014014014014015,0.2519175734973751,0.076,0.02002002002002002,0.18018018018018017,0.13,0.06006006006006006,0.2802802802802803,-9.105082926029565,-9.285675194064869
2020-08-18,bb7,1.0,0.999,0.14014014014014015,1.8282690158561596,0.088,0.02002002002002002,0.18018018018018017,0.148,0.06006006006006006,0.2802802802802803,-8.782184333243015,-8.97771208478712
2020-08-19,bb7,1.0,0.999,0.14014014014014015,2.2083666482289748,0.082,0.02002002002002002,0.18018018018018017,0.16,0.06006006006006006,0.2802802802802803,-8.733779692746372,-8.972719356815105
2020-08-20,student,1.0,1.0,0.14014014014014015,0.17009050428015982,0.152,0.02002002002002002,0.18018018018018017,0.216,0.06006006006006006,0.2802802802802803,-8.73512590684287,-8.98365158568321
2020-08-21,bb7,0.999,0.999,0.14014014014014015,1.8817507904496449,0.086,0.02002002002002002,0.18018018018018017,0.15,0.06006006006006006,0.2802802802802803,-8.763378910641677,-9.05662338995548
2020-08-24,student,0.999,1.0,0.14014014014014015,1.7277022330685297,0.102,0.02002002002002002,0.18018018018018017,0.178,0.06006006006006006,0.2802802802802803,-8.62775709342182,-8.940086915677567
2020-08-25,student,0.999,0.999,0.14014014014014015,2.6534544932038546,0.11,0.02002002002002002,0.18018018018018017,0.176,0.06006006006006006,0.2802802802802803,-8.621934359416786,-8.980285584071014
2020-08-26,student,1.0,1.0,0.14014014014014015,1.3677502527252745,0.1,0.02002002002002002,0.18018018018018017,0.168,0.06006006006006006,0.2802802802802803,-8.642183566554817,-8.95261624644849
2020-08-27,student,1.0,1.0,0.14014014014014015,3.07558132958531,0.096,0.02002002002002002,0.18018018018018017,0.146,0.06006006006006006,0.2802802802802803,-8.274311840978237,-8.56926112972995
2020-08-28,student,0.999,1.0,0.14014014014014015,5.767036193478495,0.108,0.02002002002002002,0.18018018018018017,0.168,0.06006006006006006,0.2802802802802803,-8.844149712878728,-9.178794512416827
2020-08-31,student,0.999,1.0,0.14014014014014015,3.1365210451782093,0.114,0.02002002002002002,0.18018018018018017,0.192,0.06006006006006006,0.2802802802802803,-9.045398449540768,-9.358908392633118
2020-09-01,student,0.999,0.999,0.14014014014014015,2.7334494728611403,0.104,0.02002002002002002,0.18018018018018017,0.142,0.06006006006006006,0.2802802802802803,-8.782429134932652,-9.09952072931368
2020-09-02,bb7,0.999,0.998,0.14014014014014015,2.774292952762404,0.06,0.02002002002002002,0.18018018018018017,0.11,0.06006006006006006,0.2802802802802803,-8.423520362684107,-8.689959981440909
2020-09-03,student,0.999,0.999,0.14014014014014015,3.4772688570220542,0.124,0.02002002002002002,0.18018018018018017,0.196,0.06006006006006006,0.2802802802802803,-8.448978073020218,-8.709873684400009
2020-09-04,student,1.0,1.0,0.14014014014014015,0.43752830850636926,0.112,0.02002002002002002,0.18018018018018017,0.198,0.06006006006006006,0.2802802802802803,-8.17033859073564,-8.40378296932855
2020-09-07,student,0.999,0.999,0.14014014014014015,0.3821115823301502,0.096,0.02002002002002002,0.18018018018018017,0.162,0.06006006006006006,0.2802802802802803,-8.161266618607243,-8.436363763605979
2020-09-08,bb7,0.999,0.999,0.14014014014014015,-0.8827007584706551,0.088,0.02002002002002002,0.18018018018018017,0.14,0.06006006006006006,0.2802802802802803,-8.47696331568695,-8.742396547210705
2020-09-09,student,0.999,0.998,0.14014014014014015,-4.9352196436794795,0.102,0.02002002002002002,0.18018018018018017,0.152,0.06006006006006006,0.2802802802802803,-8.436697296628246,-8.682758175461247
2020-09-10,student,0.999,0.998,0.14014014014014015,-4.60255020658375,0.096,0.02002002002002002,0.18018018018018017,0.174,0.06006006006006006,0.2802802802802803,-8.283807085889878,-8.50859433043907
2020-09-11,bb7,0.999,0.999,0.14014014014014015,-4.629749558445325,0.086,0.02002002002002002,0.18018018018018017,0.156,0.06006006006006006,0.2802802802802803,-8.835660736316138,-9.121037610245615
2020-09-14,student,0.999,0.999,0.14014014014014015,-0.6778317407853849,0.092,0.02002002002002002,0.18018018018018017,0.16,0.06006006006006006,0.2802802802802803,-11.269661816389263,-11.566785992729626
2020-09-15,bb7,0.997,0.998,0.14014014014014015,-0.69158896094207,0.084,0.02002002002002002,0.18018018018018017,0.156,0.06006006006006006,0.2802802802802803,-11.168114176579847,-11.449809637510313
2020-09-16,bb7,0.998,0.999,0.14014014014014015,-0.3183494973738552,0.084,0.02002002002002002,0.18018018018018017,0.16,0.06006006006006006,0.2802802802802803,-10.647436601997317,-10.883872507515724
2020-09-17,student,0.997,0.997,0.14014014014014015,-0.45653701684984027,0.104,0.02002002002002002,0.18018018018018017,0.174,0.06006006006006006,0.2802802802802803,-10.31245009685788,-10.573935704205821
2020-09-18,bb7,0.998,0.999,0.14014014014014015,0.8142376166270897,0.086,0.02002002002002002,0.18018018018018017,0.146,0.06006006006006006,0.2802802802802803,-10.422371017209485,-10.688495426968192
2020-09-21,student,0.998,0.999,0.14014014014014015,-1.2313624702112356,0.098,0.02002002002002002,0.18018018018018017,0.148,0.06006006006006006,0.2802802802802803,-10.133235759330262,-10.422495342355873
2020-09-22,bb7,0.997,0.997,0.14014014014014015,-1.0725743155982803,0.088,0.02002002002002002,0.18018018018018017,0.15,0.06006006006006006,0.2802802802802803,-9.888796399000102,-10.198577569464913
2020-09-23,bb7,0.999,0.999,0.14014014014014015,1.8084383692289552,0.082,0.02002002002002002,0.18018018018018017,0.164,0.06006006006006006,0.2802802802802803,-10.802601151236392,-11.118150114447051
2020-09-24,student,0.999,0.998,0.14014014014014015,-3.981949149060385,0.104,0.02002002002002002,0.18018018018018017,0.152,0.06006006006006006,0.2802802802802803,-10.297306974630832,-10.581628521715796
2020-09-25,bb7,0.999,0.999,0.14014014014014015,-1.97035754740243,0.088,0.02002002002002002,0.18018018018018017,0.158,0.06006006006006006,0.2802802802802803,-10.186342783205589,-10.488726517826933
2020-09-28,bb7,0.999,0.999,0.14014014014014015,-1.308074600690405,0.06,0.02002002002002002,0.18018018018018017,0.148,0.06006006006006006,0.2802802802802803,-10.217365427143909,-10.524871496278179
2020-09-29,bb7,0.999,0.999,0.14014014014014015,-2.5887725099340297,0.086,0.02002002002002002,0.18018018018018017,0.162,0.06006006006006006,0.2802802802802803,-9.946656409213677,-10.251284426042771
2020-09-30,bb7,0.999,0.999,0.14014014014014015,-3.01466100525913,0.09,0.02002002002002002,0.18018018018018017,0.166,0.06006006006006006,0.2802802802802803,-9.81472094802207,-10.224965831519876
2020-10-01,student,0.998,0.998,0.14014014014014015,-1.0073423627868041,0.106,0.02002002002002002,0.18018018018018017,0.186,0.06006006006006006,0.2802802802802803,-9.538380717113489,-9.88969142370475
2020-10-05,student,0.999,0.999,0.14014014014014015,1.26057080228314,0.098,0.02002002002002002,0.18018018018018017,0.16,0.06006006006006006,0.2802802802802803,-9.30998683454491,-9.630577801949004
2020-10-06,bb7,0.999,0.999,0.14014014014014015,3.756945702767905,0.078,0.02002002002002002,0.18018018018018017,0.13,0.06006006006006006,0.2802802802802803,-9.997259407395909,-10.336511494895968
2020-10-07,student,0.999,0.999,0.14014014014014015,4.041861144747275,0.114,0.02002002002002002,0.18018018018018017,0.186,0.06006006006006006,0.2802802802802803,-9.400183140269132,-9.720876371674288
2020-10-08,bb7,0.999,0.999,0.14014014014014015,5.55242181691286,0.082,0.02002002002002002,0.18018018018018017,0.164,0.06006006006006006,0.2802802802802803,-9.226907446875641,-9.511947703390438
2020-10-09,bb7,1.0,1.0,0.16016016016016016,12.184543872779825,0.092,0.02002002002002002,0.18018018018018017,0.182,0.06006006006006006,0.3003003003003003,-10.808125834880139,-11.194420958606045
2020-10-12,bb7,1.0,1.0,0.16016016016016016,9.969018228172976,0.096,0.02002002002002002,0.18018018018018017,0.182,0.06006006006006006,0.28078078078078034,-11.12421839976558,-11.492775546626003
2020-10-13,bb7,1.0,1.0,0.16016016016016016,9.0156799913599,0.078,0.02002002002002002,0.18018018018018017,0.168,0.06006006006006006,0.3003003003003003,-10.663692085833743,-11.010325942487466
2020-10-14,bb7,1.0,1.0,0.16016016016016016,9.868728867159293,0.098,0.02002002002002002,0.18018018018018017,0.172,0.06006006006006006,0.3003003003003003,-10.065879796471428,-10.393486935539459
2020-10-15,bb7,1.0,1.0,0.16016016016016016,6.69815465678693,0.07,0.02002002002002002,0.18018018018018017,0.15,0.06006006006006006,0.3003003003003003,-9.966668409670099,-10.27157238199352
2020-10-16,bb7,1.0,1.0,0.16016016016016016,6.588225673551945,0.094,0.02002002002002002,0.18018018018018017,0.164,0.06006006006006006,0.3003003003003003,-10.056893427388907,-10.365154548318646
2020-10-19,bb7,1.0,1.0,0.16016016016016016,7.436404279029835,0.104,0.02002002002002002,0.18018018018018017,0.152,0.06006006006006006,0.3003003003003003,-9.76394906374237,-10.104119787367217
2020-10-20,bb7,1.0,1.0,0.16016016016016016,6.63119422196401,0.09,0.02002002002002002,0.18018018018018017,0.168,0.06006006006006006,0.3003003003003003,-9.584811811092699,-9.934257043918358
2020-10-21,bb7,1.0,1.0,0.16016016016016016,7.00447064638316,0.1,0.02002002002002002,0.18018018018018017,0.184,0.06006006006006006,0.3003003003003003,-9.373262526641687,-9.738054129991227
2020-10-22,bb7,1.0,1.0,0.16016016016016016,4.5802599539498,0.108,0.02002002002002002,0.18018018018018017,0.188,0.06006006006006006,0.3003003003003003,-9.59713324756602,-10.084801233553705
2020-10-23,student,1.0,1.0,0.16016016016016016,2.36049236750462,0.114,0.02002002002002002,0.18018018018018017,0.194,0.0795795795795796,0.3003003003003003,-9.730375471168855,-10.17078346339684
2020-10-26,bb7,0.999,0.999,0.16016016016016016,-0.84702602057364,0.066,0.02002002002002002,0.18018018018018017,0.14,0.0795795795795796,0.3003003003003003,-9.574878502728541,-10.040323636875343
2020-10-27,bb7,0.992,1.0,0.16016016016016016,-2.7129356633630346,0.09,0.02002002002002002,0.18018018018018017,0.15,0.06006006006006006,0.3003003003003003,-9.629562273271157,-10.108887456767855
2020-10-28,bb7,0.999,1.0,0.16016016016016016,-4.656184025826655,0.098,0.02002002002002002,0.18018018018018017,0.18,0.06006006006006006,0.3003003003003003,-9.339393423220805,-9.796844511896197
2020-10-29,bb7,0.998,1.0,0.18018018018018017,-2.0835022414300353,0.094,0.02002002002002002,0.18068068068068022,0.162,0.08008008008008008,0.3003003003003003,-10.041015762864824,-10.404704195847854
2020-10-30,bb7,0.998,1.0,0.18018018018018017,-4.26366808018578,0.114,0.02002002002002002,0.20020020020020018,0.194,0.08008008008008008,0.3003003003003003,-9.958348834983916,-10.328542787418076
2020-11-02,bb7,1.0,1.0,0.18018018018018017,-3.8920903434667604,0.094,0.02002002002002002,0.18018018018018017,0.152,0.08008008008008008,0.3003003003003003,-10.026867502916733,-10.397188878455662
2020-11-03,bb7,1.0,1.0,0.18018018018018017,-2.4569259492946802,0.112,0.02002002002002002,0.18018018018018017,0.206,0.08008008008008008,0.3003003003003003,-9.510106208183265,-9.88146280021518
2020-11-04,bb7,1.0,1.0,0.18018018018018017,-1.101052912864795,0.104,0.02002002002002002,0.18018018018018017,0.194,0.08008008008008008,0.3003003003003003,-8.995340519402612,-9.360128218538152
2020-11-05,bb7,0.997,1.0,0.18018018018018017,3.05190097244007,0.1,0.02002002002002002,0.18018018018018017,0.176,0.0795795795795796,0.3003003003003003,-8.622413540632596,-8.990120400792389
2020-11-06,bb7,0.997,1.0,0.18018018018018017,3.4520244606018,0.106,0.02002002002002002,0.18068068068068022,0.172,0.08008008008008008,0.3003003003003003,-8.404729414887447,-8.712616390967014
2020-11-09,bb7,1.0,1.0,0.18018018018018017,6.555255181361232,0.08,0.02002002002002002,0.18068068068068022,0.198,0.0795795795795796,0.3003003003003003,-8.688942792460972,-8.98028240676854
2020-11-10,bb7,1.0,1.0,0.18018018018018017,8.721180678094317,0.092,0.02002002002002002,0.18068068068068022,0.168,0.08008008008008008,0.3003003003003003,-8.722846784189326,-8.985221357302198
2020-11-11,bb7,0.99,1.0,0.18018018018018017,12.429113772194182,0.118,0.02002002002002002,0.18068068068068022,0.206,0.08008008008008008,0.3003003003003003,-9.098231084494353,-9.404351732234835
2020-11-12,bb7,1.0,1.0,0.18018018018018017,11.15232942260134,0.094,0.02002002002002002,0.18068068068068022,0.15,0.08008008008008008,0.3003003003003003,-8.824987287853919,-9.083181730462282
2020-11-13,bb7,1.0,1.0,0.18018018018018017,12.542665532456931,0.108,0.02002002002002002,0.20020020020020018,0.162,0.08008008008008008,0.3003003003003003,-8.660352226682559,-8.86546843685423
2020-11-14,bb7,1.0,1.0,0.18018018018018017,10.68234079634736,0.106,0.02002002002002002,0.20020020020020018,0.176,0.08008008008008008,0.3003003003003003,-8.886479963635265,-9.158163922729393
2020-11-17,bb7,1.0,1.0,0.18018018018018017,10.781867371799525,0.088,0.02002002002002002,0.18068068068068022,0.188,0.08008008008008008,0.3003003003003003,-9.53651089906886,-9.840706463635335
2020-11-18,bb7,0.994,1.0,0.18018018018018017,10.58854354186347,0.074,0.02002002002002002,0.18068068068068022,0.15,0.08008008008008008,0.3003003003003003,-9.375343924649528,-9.656558533477954
2020-11-19,bb7,1.0,1.0,0.18018018018018017,4.276805198791081,0.078,0.02002002002002002,0.18068068068068022,0.17,0.08008008008008008,0.3003003003003003,-10.360016061664602,-10.710032202652357
2020-11-20,bb7,0.994,1.0,0.18018018018018017,4.6781967856657705,0.092,0.02002002002002002,0.20020020020020018,0.176,0.08008008008008008,0.3003003003003003,-9.768128665444731,-10.112255312124034
2020-11-23,bb7,0.997,1.0,0.18018018018018017,4.337719099936136,0.104,0.02002002002002002,0.20020020020020018,0.172,0.08008008008008008,0.3003003003003003,-9.440281884717468,-9.789743445180429
2020-11-24,bb7,0.997,1.0,0.18018018018018017,4.75206578131195,0.08,0.02002002002002002,0.20020020020020018,0.178,0.08008008008008008,0.3003003003003003,-10.904271155857048,-11.358678437602144
2020-11-25,bb7,1.0,1.0,0.18018018018018017,1.5382413750414357,0.112,0.02002002002002002,0.20020020020020018,0.188,0.08008008008008008,0.3003003003003003,-10.721450568268727,-11.096775657394758
2020-11-26,bb7,0.999,0.999,0.18018018018018017,3.7472976152605297,0.084,0.02002002002002002,0.20020020020020018,0.176,0.08008008008008008,0.3003003003003003,-11.10424548440297,-11.488117764708432
2020-11-27,bb7,0.999,0.998,0.18018018018018017,2.0372785802179854,0.11,0.02002002002002002,0.20020020020020018,0.202,0.08008008008008008,0.3003003003003003,-10.58257279833859,-10.970076675193614
2020-12-01,bb7,1.0,1.0,0.18018018018018017,4.04741314896189,0.08,0.02002002002002002,0.20020020020020018,0.158,0.08008008008008008,0.3003003003003003,-9.745317201497299,-10.056483474253863
2020-12-02,bb7,1.0,1.0,0.18018018018018017,2.1452325018481853,0.094,0.02002002002002002,0.20020020020020018,0.182,0.08008008008008008,0.3003003003003003,-10.094120206782893,-10.42915476438231
2020-12-03,bb7,1.0,1.0,0.18018018018018017,1.556760338949565,0.098,0.02002002002002002,0.18068068068068022,0.176,0.0795795795795796,0.3003003003003003,-10.722682682030248,-11.084426516810563
2020-12-04,student,1.0,1.0,0.18018018018018017,6.421474282775385,0.144,0.02002002002002002,0.18068068068068022,0.216,0.08008008008008008,0.3003003003003003,-11.820597091948104,-12.193531804053503
2020-12-07,bb7,1.0,1.0,0.18018018018018017,7.032507669494265,0.112,0.02002002002002002,0.20020020020020018,0.198,0.08008008008008008,0.3003003003003003,-11.089046771325673,-11.491016132298583
2020-12-08,bb7,1.0,1.0,0.18018018018018017,7.100043830652265,0.106,0.02002002002002002,0.18018018018018017,0.196,0.08008008008008008,0.3003003003003003,-11.11313863568625,-11.535333619598832
2020-12-09,bb7,1.0,1.0,0.18018018018018017,6.67651093021259,0.118,0.02002002002002002,0.18068068068068022,0.202,0.08008008008008008,0.3003003003003003,-10.754076642480488,-11.202627589044546
2020-12-10,bb7,1.0,1.0,0.18018018018018017,7.466707396763061,0.1,0.02002002002002002,0.18018018018018017,0.176,0.08008008008008008,0.3003003003003003,-10.417570485578711,-10.884218232337911
2020-12-11,bb7,1.0,1.0,0.18018018018018017,7.414888667135105,0.12,0.02002002002002002,0.18018018018018017,0.21,0.08008008008008008,0.3003003003003003,-9.894098300448313,-10.312795255672984
2020-12-14,bb7,1.0,1.0,0.18018018018018017,8.634512354224796,0.118,0.02002002002002002,0.18018018018018017,0.19,0.08008008008008008,0.3003003003003003,-9.323250198908932,-9.668755661861322
2020-12-15,bb7,1.0,1.0,0.18018018018018017,5.090479147307074,0.102,0.02002002002002002,0.18018018018018017,0.194,0.08008008008008008,0.3003003003003003,-9.524326649298969,-9.916741224747103
2020-12-16,bb7,1.0,1.0,0.18018018018018017,5.425790873273655,0.084,0.02002002002002002,0.18018018018018017,0.152,0.08008008008008008,0.3003003003003003,-8.810806648227397,-9.208077325190152
2020-12-17,bb7,1.0,1.0,0.18018018018018017,3.6088637005210993,0.09,0.02002002002002002,0.18018018018018017,0.176,0.08008008008008008,0.3003003003003003,-9.138589106039756,-9.525466974275895
2020-12-18,bb7,1.0,1.0,0.18018018018018017,3.85926882211551,0.102,0.02002002002002002,0.18018018018018017,0.184,0.08008008008008008,0.3003003003003003,-9.076169411149387,-9.385843954230893
2020-12-21,bb7,1.0,1.0,0.18018018018018017,-1.3861572432433946,0.098,0.02002002002002002,0.18018018018018017,0.178,0.08008008008008008,0.3003003003003003,-9.11404956891738,-9.450621743028442
2020-12-22,bb7,1.0,1.0,0.18018018018018017,0.09906159195680564,0.092,0.02002002002002002,0.18018018018018017,0.188,0.08008008008008008,0.3003003003003003,-8.922324022883448,-9.210114608018971
2020-12-23,bb7,1.0,1.0,0.18018018018018017,1.8289489685153009,0.1,0.02002002002002002,0.18018018018018017,0.186,0.08008008008008008,0.3003003003003003,-8.650478851590691,-8.994299892232736
2020-12-24,bb7,1.0,1.0,0.18018018018018017,2.338737116722256,0.072,0.02002002002002002,0.18018018018018017,0.148,0.0795795795795796,0.3003003003003003,-8.377372522603952,-8.655863064909262
2020-12-28,bb7,1.0,1.0,0.18018018018018017,3.711082678669201,0.098,0.02002002002002002,0.18068068068068022,0.164,0.08008008008008008,0.3003003003003003,-8.164230225252744,-8.446471312259074
2020-12-29,student,1.0,1.0,0.18018018018018017,4.222609194289362,0.132,0.02002002002002002,0.18068068068068022,0.21,0.08008008008008008,0.3003003003003003,-8.045193864385741,-8.340396401079229
2020-12-30,bb7,1.0,1.0,0.18018018018018017,4.982808664414697,0.094,0.02002002002002002,0.18068068068068022,0.19,0.08008008008008008,0.3003003003003003,-7.838542099763059,-8.128404050026912
2020-12-31,bb7,1.0,1.0,0.18018018018018017,4.742150154236551,0.096,0.02002002002002002,0.18068068068068022,0.152,0.08008008008008008,0.3003003003003003,-7.631853420145264,-7.917516542454663
2021-01-01,bb7,1.0,1.0,0.18018018018018017,6.325811580491651,0.11,0.02002002002002002,0.18068068068068022,0.192,0.08008008008008008,0.3003003003003003,-7.400641785959261,-7.700054122056707
2021-01-04,bb7,1.0,1.0,0.18018018018018017,5.7127038640523455,0.098,0.02002002002002002,0.18068068068068022,0.18,0.08008008008008008,0.3003003003003003,-7.8207805709265585,-8.114456707351259
2021-01-05,bb7,0.998,0.998,0.18018018018018017,9.764683397777636,0.096,0.02002002002002002,0.18018018018018017,0.176,0.08008008008008008,0.3003003003003003,-10.69004351490569,-11.006518902738211
2021-01-06,bb7,0.998,0.997,0.18018018018018017,7.553887803739645,0.09,0.02002002002002002,0.18018018018018017,0.164,0.08008008008008008,0.3003003003003003,-10.71704391484716,-11.074663797657372
2021-01-07,bb7,0.998,0.997,0.18018018018018017,4.85001084631316,0.084,0.02002002002002002,0.18018018018018017,0.188,0.0795795795795796,0.3003003003003003,-10.473445601421831,-10.849725577707108
2021-01-08,bb7,0.998,0.997,0.18018018018018017,6.450667073223884,0.09,0.02002002002002002,0.18018018018018017,0.18,0.0795795795795796,0.3003003003003003,-10.122644925139884,-10.482494224581908
2021-01-11,bb7,0.998,0.997,0.18018018018018017,6.507650962377866,0.076,0.02002002002002002,0.18018018018018017,0.17,0.0795795795795796,0.3003003003003003,-10.309529990187599,-10.619948285745735
2021-01-12,bb7,0.998,0.998,0.18018018018018017,7.195348959027401,0.11,0.02002002002002002,0.18018018018018017,0.188,0.0795795795795796,0.3003003003003003,-9.938682867060665,-10.250202871072648
2021-01-13,bb7,1.0,1.0,0.18018018018018017,10.460545327839029,0.088,0.02002002002002002,0.18018018018018017,0.16,0.0795795795795796,0.3003003003003003,-9.213735120072,-9.453757488595347
2021-01-14,bb7,0.998,0.998,0.18018018018018017,9.92376618756392,0.108,0.02002002002002002,0.18018018018018017,0.174,0.0795795795795796,0.3003003003003003,-9.364130658498913,-9.666170632296916
2021-01-15,bb7,0.997,0.997,0.18018018018018017,7.438893200935755,0.08,0.02002002002002002,0.18018018018018017,0.152,0.08008008008008008,0.3003003003003003,-9.173774568707104,-9.508718632977798
2021-01-18,bb7,1.0,1.0,0.18018018018018017,3.2441494296949642,0.064,0.02002002002002002,0.18018018018018017,0.148,0.08008008008008008,0.3003003003003003,-8.642153868266455,-8.901028299627065
2021-01-19,bb7,1.0,1.0,0.18018018018018017,3.7795991523758503,0.084,0.02002002002002002,0.18068068068068022,0.166,0.08008008008008008,0.3003003003003003,-8.470601350277876,-8.737757457019201
2021-01-20,bb7,1.0,1.0,0.18018018018018017,5.167080495472595,0.088,0.02002002002002002,0.18068068068068022,0.178,0.08008008008008008,0.3003003003003003,-8.235967261907227,-8.545931546777934
2021-01-21,bb7,1.0,1.0,0.18018018018018017,4.208872421624545,0.086,0.02002002002002002,0.18018018018018017,0.16,0.0795795795795796,0.3003003003003003,-8.120626947342174,-8.407455928869725
2021-01-22,bb7,0.997,0.997,0.18018018018018017,0.6800204635714555,0.094,0.02002002002002002,0.18018018018018017,0.18,0.0795795795795796,0.3003003003003003,-8.6952094867355,-9.049730567672878
2021-01-25,bb7,0.997,0.996,0.18018018018018017,-2.1669955909853504,0.116,0.02002002002002002,0.18018018018018017,0.182,0.06006006006006006,0.3003003003003003,-9.441250599382686,-9.785412476967176
2021-01-27,bb7,1.0,1.0,0.18018018018018017,-5.614339359821854,0.086,0.02002002002002002,0.18018018018018017,0.166,0.06006006006006006,0.3003003003003003,-8.986178594979789,-9.345759892849586
2021-01-28,bb7,1.0,1.0,0.18018018018018017,-8.320649307624642,0.064,0.02002002002002002,0.18018018018018017,0.138,0.06006006006006006,0.3003003003003003,-9.484701164904836,-9.860742195571428
2021-01-29,bb7,1.0,1.0,0.18018018018018017,-9.311546441775924,0.082,0.02002002002002002,0.18018018018018017,0.162,0.06006006006006006,0.3003003003003003,-9.02094513127923,-9.392755127502877
2021-02-01,bb7,1.0,1.0,0.18018018018018017,-2.111869829126724,0.108,0.02002002002002002,0.18018018018018017,0.202,0.06006006006006006,0.3003003003003003,-8.977088658347492,-9.321236654689711
2021-02-02,bb7,1.0,1.0,0.18018018018018017,4.587171292287547,0.084,0.02002002002002002,0.18018018018018017,0.162,0.0795795795795796,0.3003003003003003,-9.651270258774687,-9.990965980056744
2021-02-03,bb7,1.0,1.0,0.18018018018018017,4.662651977790562,0.086,0.02002002002002002,0.18018018018018017,0.142,0.0795795795795796,0.3003003003003003,-9.339637665994157,-9.695039438192433
2021-02-04,bb7,1.0,1.0,0.18018018018018017,5.712300249603636,0.088,0.02002002002002002,0.18018018018018017,0.16,0.08008008008008008,0.3003003003003003,-9.27225181829232,-9.605357719596533
2021-02-05,bb7,1.0,1.0,0.18018018018018017,11.791044914704552,0.11,0.02002002002002002,0.18018018018018017,0.2,0.08008008008008008,0.3003003003003003,-9.538841913088334,-9.908161568593739
2021-02-08,bb7,1.0,1.0,0.18018018018018017,15.396624266504283,0.098,0.02002002002002002,0.18018018018018017,0.174,0.08008008008008008,0.3003003003003003,-10.014649385567914,-10.392551653215971
2021-02-09,bb7,1.0,1.0,0.18018018018018017,16.266959359717998,0.102,0.02002002002002002,0.18018018018018017,0.188,0.08008008008008008,0.3003003003003003,-9.642983365056898,-9.998194837777888
2021-02-10,bb7,0.993,0.994,0.18018018018018017,17.465131357657334,0.086,0.02002002002002002,0.18018018018018017,0.176,0.08008008008008008,0.3003003003003003,-10.196831182369033,-10.625463661387954
2021-02-11,bb7,0.994,0.994,0.18018018018018017,16.809564129391887,0.112,0.02002002002002002,0.18018018018018017,0.216,0.08008008008008008,0.3003003003003003,-10.217649268870046,-10.659467884548093
2021-02-12,bb7,0.994,0.994,0.18018018018018017,19.372960889836076,0.114,0.02002002002002002,0.18018018018018017,0.182,0.08008008008008008,0.3003003003003003,-10.160019604756117,-10.54948143400062
2021-02-15,bb7,1.0,1.0,0.18018018018018017,15.38982736578736,0.122,0.02002002002002002,0.18018018018018017,0.218,0.08008008008008008,0.3003003003003003,-12.741947391374183,-13.143870407772674
2021-02-16,bb7,0.994,0.994,0.18018018018018017,10.19154117700846,0.072,0.02002002002002002,0.18018018018018017,0.164,0.08008008008008008,0.3003003003003003,-15.218904335489572,-15.674585217749934
2021-02-17,bb7,1.0,1.0,0.18018018018018017,10.042142411892984,0.106,0.02002002002002002,0.18018018018018017,0.192,0.08008008008008008,0.3003003003003003,-13.323974002194031,-13.71268391767709
2021-02-18,bb7,0.992,0.993,0.18018018018018017,8.32742505180894,0.1,0.02002002002002002,0.18018018018018017,0.194,0.08008008008008008,0.3003003003003003,-14.667232854750251,-15.046982424696191
2021-02-19,bb7,0.989,0.99,0.18018018018018017,1.5627612326955047,0.084,0.02002002002002002,0.18018018018018017,0.166,0.08008008008008008,0.3003003003003003,-18.114767241722067,-18.533049677756516
2021-02-22,bb7,0.984,0.986,0.18018018018018017,-2.4529797985946895,0.096,0.02002002002002002,0.18018018018018017,0.18,0.08008008008008008,0.3003003003003003,-16.734236079224992,-17.153076258780352
2021-02-23,bb7,1.0,1.0,0.18018018018018017,-1.4230684842451047,0.088,0.02002002002002002,0.18018018018018017,0.184,0.08008008008008008,0.3003003003003003,-14.381734427710523,-14.700656901775629
2021-02-24,bb7,0.999,0.999,0.18018018018018017,0.8899055268880406,0.088,0.02002002002002002,0.18018018018018017,0.174,0.08008008008008008,0.3003003003003003,-13.293958298913374,-13.629040855474182
2021-02-25,bb7,1.0,1.0,0.18018018018018017,1.439744758959835,0.08,0.02002002002002002,0.18018018018018017,0.168,0.08008008008008008,0.3003003003003003,-12.255529077464965,-12.591636744413416
2021-02-26,bb7,0.99,0.991,0.18018018018018017,-2.5877192579651744,0.106,0.02002002002002002,0.18018018018018017,0.188,0.08008008008008008,0.3003003003003003,-12.413494088456085,-12.776426077844372
2021-03-01,bb7,0.99,0.99,0.18018018018018017,-3.1519559867173146,0.114,0.02002002002002002,0.18018018018018017,0.22,0.08008008008008008,0.3003003003003003,-12.062187291573185,-12.394094546152326
2021-03-02,bb7,1.0,1.0,0.18018018018018017,-0.47980705644795973,0.098,0.02002002002002002,0.18018018018018017,0.186,0.08008008008008008,0.3003003003003003,-10.668469679067208,-10.963004686915562
2021-03-03,bb7,1.0,0.999,0.18018018018018017,1.5517212856178353,0.094,0.02002002002002002,0.20020020020020018,0.168,0.08008008008008008,0.3003003003003003,-10.342814797042816,-10.625178115024243
2021-03-04,bb7,1.0,1.0,0.18018018018018017,-0.9663937969388952,0.09,0.02002002002002002,0.18018018018018017,0.188,0.08008008008008008,0.3003003003003003,-10.072981667841225,-10.386980440788943
2021-03-05,bb7,1.0,1.0,0.18018018018018017,-1.0564636609111158,0.104,0.02002002002002002,0.18018018018018017,0.182,0.08008008008008008,0.3003003003003003,-10.395376105531497,-10.76431764336221
2021-03-08,bb7,0.99,0.99,0.18018018018018017,2.7259666454683744,0.082,0.02002002002002002,0.18018018018018017,0.174,0.08008008008008008,0.3003003003003003,-11.086021911085766,-11.552491063585189
2021-03-09,bb7,0.99,0.992,0.18018018018018017,2.0117137180553692,0.09,0.02002002002002002,0.18018018018018017,0.188,0.08008008008008008,0.3003003003003003,-10.792529519427882,-11.22731473779648
2021-03-10,bb7,1.0,1.0,0.18018018018018017,1.2162745161505146,0.098,0.02002002002002002,0.18018018018018017,0.182,0.08008008008008008,0.3003003003003003,-10.084046477638582,-10.488814477425702
2021-03-12,bb7,1.0,1.0,0.18018018018018017,0.46928546604529386,0.1,0.02002002002002002,0.18018018018018017,0.182,0.08008008008008008,0.3003003003003003,-9.743618206124621,-10.20126824265684
2021-03-15,bb7,1.0,1.0,0.18018018018018017,3.775289653032715,0.1,0.02002002002002002,0.18018018018018017,0.184,0.08008008008008008,0.3003003003003003,-10.592594898615825,-11.071474909173507
2021-03-16,bb7,1.0,1.0,0.18018018018018017,2.295742859604114,0.096,0.02002002002002002,0.18018018018018017,0.186,0.08008008008008008,0.3003003003003003,-10.268480817604704,-10.721349886653595
2021-03-17,bb7,1.0,1.0,0.18018018018018017,-0.35222997482900553,0.098,0.02002002002002002,0.18018018018018017,0.172,0.08008008008008008,0.3203203203203203,-10.07427165361737,-10.52715427854196
2021-03-18,bb7,0.994,0.997,0.18018018018018017,-5.159426912080421,0.112,0.02002002002002002,0.18018018018018017,0.226,0.08008008008008008,0.3203203203203203,-10.59003326639761,-11.056403793060108
2021-03-19,bb7,0.994,0.994,0.18018018018018017,-2.66905116617148,0.094,0.02002002002002002,0.18018018018018017,0.172,0.08008008008008008,0.3203203203203203,-10.646634634503892,-11.111370765790172
2021-03-22,bb7,0.994,0.994,0.18018018018018017,-0.20514179720583503,0.084,0.02002002002002002,0.18018018018018017,0.182,0.08008008008008008,0.3203203203203203,-10.88626312504347,-11.280410262164322
2021-03-23,bb7,0.991,0.994,0.18018018018018017,-0.8949009446205399,0.088,0.02002002002002002,0.18018018018018017,0.184,0.08008008008008008,0.3203203203203203,-10.20563070482049,-10.57114193149229
2021-03-24,bb7,0.99,0.991,0.18018018018018017,-3.410542052164955,0.092,0.02002002002002002,0.18018018018018017,0.21,0.08008008008008008,0.3203203203203203,-9.959154100957445,-10.36865222607865
2021-03-25,bb7,0.997,0.998,0.18018018018018017,-5.648905355658625,0.126,0.02002002002002002,0.18018018018018017,0.224,0.08008008008008008,0.3203203203203203,-9.270391684332376,-9.635344186018191
2021-03-26,bb7,0.99,0.99,0.18018018018018017,-4.664043902786916,0.118,0.02002002002002002,0.18068068068068022,0.194,0.08008008008008008,0.3203203203203203,-9.415731354057021,-9.82395406148407
2021-03-30,bb7,0.994,0.994,0.18018018018018017,-2.678834444251435,0.092,0.02002002002002002,0.18018018018018017,0.158,0.08008008008008008,0.3203203203203203,-9.099760538184343,-9.584604423411285
2021-03-31,bb7,0.992,0.992,0.18018018018018017,-2.4980938149292604,0.078,0.02002002002002002,0.18018018018018017,0.186,0.08008008008008008,0.3203203203203203,-9.066383142367922,-9.551111735219102
2021-04-01,bb7,0.994,0.994,0.18018018018018017,0.27345737057004516,0.094,0.02002002002002002,0.18018018018018017,0.206,0.08008008008008008,0.3203203203203203,-9.188960955108538,-9.591398647099313
2021-04-05,bb7,0.992,0.994,0.18018018018018017,0.7703103028841403,0.1,0.02002002002002002,0.18018018018018017,0.182,0.08008008008008008,0.3203203203203203,-9.533470798104403,-9.992095818690636
2021-04-06,bb7,0.991,0.994,0.18018018018018017,-0.43768434268694517,0.094,0.02002002002002002,0.18018018018018017,0.198,0.08008008008008008,0.3203203203203203,-9.117815358586325,-9.514029988744737
2021-04-07,bb7,0.99,0.992,0.18018018018018017,0.9563031423863302,0.084,0.02002002002002002,0.18018018018018017,0.202,0.08008008008008008,0.3203203203203203,-9.058240623109855,-9.439604856846795
2021-04-08,bb7,0.997,0.998,0.18018018018018017,0.08150231457409013,0.092,0.02002002002002002,0.18018018018018017,0.198,0.08008008008008008,0.3203203203203203,-8.384083278392659,-8.733733543146242
2021-04-09,bb7,0.989,0.994,0.18018018018018017,2.1637149251676653,0.1,0.02002002002002002,0.18018018018018017,0.216,0.08008008008008008,0.3203203203203203,-9.474222855401374,-9.834945505064205
2021-04-12,bb7,0.99,0.995,0.18018018018018017,-0.5206790102733652,0.098,0.02002002002002002,0.18018018018018017,0.204,0.08008008008008008,0.3203203203203203,-9.51771598064481,-9.865487137272256
2021-04-13,bb7,0.99,0.995,0.18018018018018017,-0.09043212070220918,0.112,0.02002002002002002,0.18018018018018017,0.22,0.08008008008008008,0.3203203203203203,-9.32071220772112,-9.694127577738499
2021-04-15,bb7,0.99,0.995,0.18018018018018017,-3.4674453663411695,0.092,0.02002002002002002,0.18018018018018017,0.188,0.08008008008008008,0.3203203203203203,-9.468704649274427,-9.85186957631805
2021-04-16,bb7,0.991,0.995,0.18018018018018017,-3.9917059308447396,0.08,0.02002002002002002,0.18018018018018017,0.184,0.08008008008008008,0.3203203203203203,-9.08274792084197,-9.447761366795259
2021-04-19,bb7,0.99,0.995,0.18018018018018017,-6.4586859924360045,0.084,0.02002002002002002,0.18018018018018017,0.168,0.08008008008008008,0.3203203203203203,-9.029498755971476,-9.376074442295746
2021-04-20,bb7,0.991,0.995,0.18018018018018017,-5.643154717798275,0.066,0.02002002002002002,0.18018018018018017,0.158,0.08008008008008008,0.3203203203203203,-10.49096674930154,-10.92386744874116
2021-04-22,bb7,0.989,0.996,0.18018018018018017,-4.1937297422617945,0.102,0.02002002002002002,0.18018018018018017,0.202,0.08008008008008008,0.3203203203203203,-10.13488258909564,-10.600418511863085
2021-04-23,bb7,0.989,0.995,0.18018018018018017,-6.6700327702139095,0.084,0.02002002002002002,0.18018018018018017,0.182,0.08008008008008008,0.3203203203203203,-10.147148381794672,-10.585954387729391
2021-04-26,bb7,0.988,0.995,0.18018018018018017,-5.075829798274494,0.108,0.02002002002002002,0.18018018018018017,0.22,0.08008008008008008,0.3203203203203203,-9.654987585678246,-10.01900356180079
2021-04-27,bb7,0.988,0.995,0.18018018018018017,-3.3118734870928086,0.106,0.02002002002002002,0.18018018018018017,0.208,0.08008008008008008,0.3203203203203203,-9.304338814027957,-9.673306776642749
2021-04-28,bb7,0.989,0.995,0.18018018018018017,2.48718576444874,0.082,0.02002002002002002,0.20020020020020018,0.142,0.08008008008008008,0.3203203203203203,-12.201988409687823,-12.603326657901901
2021-04-29,bb7,0.997,0.998,0.18018018018018017,1.1458240345015698,0.088,0.02002002002002002,0.18018018018018017,0.17,0.08008008008008008,0.3203203203203203,-11.753958637145784,-12.16541608347756
2021-04-30,bb7,0.988,0.995,0.18018018018018017,1.3156748192274692,0.106,0.02002002002002002,0.18018018018018017,0.192,0.08008008008008008,0.3203203203203203,-12.064584956244296,-12.5137849689841
2021-05-03,bb7,0.988,0.991,0.18018018018018017,1.4869005798253103,0.122,0.02002002002002002,0.18018018018018017,0.196,0.08008008008008008,0.3203203203203203,-11.397100452780617,-11.816656132011037
2021-05-04,bb7,0.999,1.0,0.18018018018018017,1.7504244335842694,0.116,0.02002002002002002,0.18018018018018017,0.206,0.08008008008008008,0.3203203203203203,-10.762842956012749,-11.138618102979388
2021-05-05,student,0.999,1.0,0.18018018018018017,3.41758171888686,0.13,0.02002002002002002,0.18068068068068022,0.242,0.08008008008008008,0.3203203203203203,-10.138352041024136,-10.470591721132271
2021-05-06,bb7,0.988,0.993,0.18018018018018017,3.1181789904048443,0.074,0.02002002002002002,0.18018018018018017,0.176,0.08008008008008008,0.3203203203203203,-10.347221859424618,-10.71129635380222
2021-05-07,bb7,0.995,0.997,0.18018018018018017,3.8370655312241,0.074,0.02002002002002002,0.18018018018018017,0.174,0.08008008008008008,0.3203203203203203,-10.054739011483417,-10.41739751768851
2021-05-10,bb7,0.995,0.996,0.18018018018018017,2.31601356448323,0.116,0.02002002002002002,0.18068068068068022,0.216,0.08008008008008008,0.3203203203203203,-10.174966920891382,-10.544337951726051
2021-05-11,bb7,0.995,0.995,0.18018018018018017,0.9501421854472498,0.078,0.02002002002002002,0.18018018018018017,0.164,0.08008008008008008,0.3203203203203203,-10.09762078347701,-10.506759075342874
2021-05-12,bb7,0.995,0.996,0.18018018018018017,-0.4927638852229951,0.124,0.02002002002002002,0.18068068068068022,0.216,0.08008008008008008,0.3203203203203203,-10.291753381791942,-10.747118024588618
2021-05-14,bb7,0.995,0.996,0.18018018018018017,-1.3489607287674499,0.098,0.02002002002002002,0.18068068068068022,0.196,0.08008008008008008,0.3203203203203203,-9.868748455884365,-10.276051827871376
2021-05-17,bb7,0.995,0.997,0.18018018018018017,3.09093799337557,0.116,0.02002002002002002,0.18068068068068022,0.214,0.08008008008008008,0.3203203203203203,-9.641915871757385,-10.094700878082957
2021-05-18,bb7,0.997,0.998,0.18018018018018017,3.87382092867713,0.104,0.02002002002002002,0.20020020020020018,0.206,0.08008008008008008,0.3203203203203203,-9.255741992575762,-9.736211374943887
2021-05-19,bb7,0.994,0.996,0.18018018018018017,4.75872299746449,0.098,0.02002002002002002,0.18068068068068022,0.22,0.08008008008008008,0.3203203203203203,-9.243046532757182,-9.760715171387261
2021-05-20,bb7,0.994,0.996,0.18018018018018017,3.8594381272759652,0.108,0.02002002002002002,0.18068068068068022,0.21,0.08008008008008008,0.3203203203203203,-9.049680024576698,-9.532251248248148
2021-05-21,bb7,0.931,0.986,0.18018018018018017,5.77830788540696,0.102,0.02002002002002002,0.20020020020020018,0.206,0.08008008008008008,0.3203203203203203,-8.723035315803696,-9.143303888303333
2021-05-24,bb7,0.932,0.987,0.18018018018018017,6.82904191013414,0.088,0.02002002002002002,0.20020020020020018,0.162,0.08008008008008008,0.3203203203203203,-8.530609127432346,-8.92196375964168
2021-05-25,bb7,0.951,0.994,0.18018018018018017,7.369195789818835,0.082,0.02002002002002002,0.20020020020020018,0.184,0.08008008008008008,0.3203203203203203,-8.627941794608574,-9.031075384587288
2021-05-26,bb7,0.994,0.996,0.18018018018018017,8.73395016774272,0.106,0.02002002002002002,0.20020020020020018,0.188,0.08008008008008008,0.3203203203203203,-8.644828331961737,-8.983404649275755
2021-05-27,bb7,0.994,0.995,0.18018018018018017,10.02248182844695,0.1,0.02002002002002002,0.18018018018018017,0.196,0.08008008008008008,0.3203203203203203,-8.369757401160076,-8.707578908050623
2021-05-28,bb7,0.921,0.985,0.18018018018018017,11.147134959511751,0.108,0.02002002002002002,0.20020020020020018,0.19,0.08008008008008008,0.3203203203203203,-8.574788001279941,-8.941176231685818
2021-05-31,bb7,0.996,0.998,0.18018018018018017,8.013297542010685,0.108,0.02002002002002002,0.20020020020020018,0.188,0.08008008008008008,0.3203203203203203,-10.451393643466591,-10.825380461037149
2021-06-01,bb7,0.995,0.997,0.18018018018018017,8.44870153345942,0.114,0.02002002002002002,0.20020020020020018,0.19,0.08008008008008008,0.3203203203203203,-9.806165194296765,-10.192363853356936
2021-06-02,bb7,0.995,0.997,0.18018018018018017,8.51155413938032,0.104,0.02002002002002002,0.20020020020020018,0.212,0.10010010010010009,0.3203203203203203,-9.461610928413997,-9.803083916774098
2021-06-03,bb7,0.995,0.998,0.18018018018018017,9.536660729002019,0.092,0.02002002002002002,0.20020020020020018,0.192,0.09959959959959962,0.3203203203203203,-9.052386441827682,-9.35059679769601
2021-06-04,bb7,0.994,0.996,0.18018018018018017,6.016135538943155,0.114,0.02002002002002002,0.20020020020020018,0.216,0.08008008008008008,0.3203203203203203,-9.590810844770203,-9.920647160819176
2021-06-07,bb7,0.994,0.997,0.18018018018018017,4.90877565228833,0.098,0.02002002002002002,0.20020020020020018,0.206,0.08008008008008008,0.3203203203203203,-9.483942097528523,-9.834392828498814
2021-06-08,bb7,0.995,0.998,0.18018018018018017,4.61611950926766,0.094,0.02002002002002002,0.20020020020020018,0.174,0.08008008008008008,0.3203203203203203,-9.152026151499504,-9.488785012648403
2021-06-09,bb7,0.996,0.997,0.18018018018018017,2.5840702133254503,0.116,0.02002002002002002,0.18068068068068022,0.226,0.08008008008008008,0.3203203203203203,-9.144397823143525,-9.49076836413681
2021-06-10,bb7,0.995,0.996,0.18018018018018017,2.598506281628325,0.086,0.02002002002002002,0.18068068068068022,0.19,0.08008008008008008,0.3203203203203203,-9.075326449869548,-9.460754773589167
2021-06-11,bb7,0.995,0.997,0.18018018018018017,3.35022449731248,0.104,0.02002002002002002,0.18068068068068022,0.212,0.08008008008008008,0.3203203203203203,-8.723662913258933,-9.058579987182837
2021-06-14,bb7,0.995,0.998,0.18018018018018017,3.54505279687951,0.098,0.02002002002002002,0.18068068068068022,0.21,0.08008008008008008,0.3203203203203203,-8.630324515402396,-9.000641496807978
2021-06-15,bb7,0.995,0.998,0.18018018018018017,3.13693639532395,0.118,0.02002002002002002,0.18068068068068022,0.222,0.08008008008008008,0.3203203203203203,-8.648490950036347,-9.033145919319669
2021-06-16,bb7,0.994,0.998,0.18018018018018017,2.717482302501765,0.098,0.02002002002002002,0.18068068068068022,0.182,0.08008008008008008,0.3203203203203203,-8.71396623263076,-9.121934694125029
2021-06-17,bb7,0.994,0.997,0.18018018018018017,1.407286650655875,0.106,0.02002002002002002,0.20020020020020018,0.226,0.08008008008008008,0.3203203203203203,-8.78202216037642,-9.190356145892563
2021-06-18,bb7,0.994,0.997,0.18018018018018017,1.6288115069728601,0.102,0.02002002002002002,0.20020020020020018,0.204,0.08008008008008008,0.3203203203203203,-8.756018504577671,-9.146158246815418
2021-06-21,bb7,0.994,0.998,0.18018018018018017,2.363418798519815,0.11,0.02002002002002002,0.20020020020020018,0.198,0.09959959959959962,0.3203203203203203,-8.772581396029588,-9.13553195169089
2021-06-22,bb7,0.994,0.998,0.18018018018018017,2.3718603943002448,0.086,0.02002002002002002,0.20020020020020018,0.176,0.08008008008008008,0.3203203203203203,-8.701743673595521,-9.05751706389711
2021-06-23,bb7,1.0,1.0,0.18018018018018017,2.70166755156197,0.116,0.04004004004004004,0.20070070070070023,0.198,0.09959959959959962,0.3203203203203203,-8.38574757571986,-8.669865928942011
2021-06-24,bb7,0.999,1.0,0.18018018018018017,2.7527080298511546,0.124,0.02002002002002002,0.20020020020020018,0.202,0.10010010010010009,0.3203203203203203,-8.3571557228006,-8.684918618618907
2021-06-25,bb7,0.999,1.0,0.18018018018018017,4.12298573777049,0.106,0.02002002002002002,0.20020020020020018,0.216,0.09959959959959962,0.3203203203203203,-8.238479119240703,-8.596576033570946
2021-06-28,bb7,0.937,0.996,0.18018018018018017,3.207616546640205,0.106,0.02002002002002002,0.20020020020020018,0.214,0.10010010010010009,0.3203203203203203,-7.912750150167425,-8.251993315508054
2021-06-29,bb7,0.935,0.995,0.18018018018018017,1.9962588499450349,0.102,0.02002002002002002,0.20020020020020018,0.2,0.08008008008008008,0.3203203203203203,-7.735308556478746,-8.030350277721332
2021-06-30,bb7,0.999,1.0,0.18018018018018017,2.4754915688323695,0.088,0.02002002002002002,0.20020020020020018,0.194,0.08008008008008008,0.3203203203203203,-7.855262892617582,-8.12745318016091
2021-07-01,bb7,0.944,0.997,0.18018018018018017,2.148616254220445,0.102,0.02002002002002002,0.20020020020020018,0.194,0.08008008008008008,0.3203203203203203,-7.762178474848305,-8.061787084097018
2021-07-02,bb7,0.946,0.997,0.18018018018018017,3.474082659704565,0.094,0.02002002002002002,0.20020020020020018,0.172,0.08008008008008008,0.3203203203203203,-7.812939529157515,-8.135899914558326
2021-07-05,bb7,1.0,1.0,0.18018018018018017,4.068242038061545,0.102,0.02002002002002002,0.20020020020020018,0.198,0.08008008008008008,0.3203203203203203,-7.758606565000527,-8.072211588644256
2021-07-06,bb7,0.999,1.0,0.18018018018018017,2.946477744239755,0.076,0.02002002002002002,0.20020020020020018,0.196,0.08008008008008008,0.3203203203203203,-7.646947322050134,-8.00937349305293
2021-07-07,bb7,0.999,1.0,0.18018018018018017,3.6472753020972855,0.106,0.02002002002002002,0.20020020020020018,0.188,0.08008008008008008,0.3203203203203203,-7.626445905424358,-8.028565877460334
2021-07-08,bb7,0.996,1.0,0.18018018018018017,0.9110996690318103,0.09,0.02002002002002002,0.18068068068068022,0.186,0.08008008008008008,0.3203203203203203,-8.086218446189372,-8.459635797237516
2021-07-09,bb7,0.995,1.0,0.18018018018018017,-0.9525463898971844,0.096,0.02002002002002002,0.18068068068068022,0.21,0.08008008008008008,0.3203203203203203,-8.242033059613943,-8.688152897916702
2021-07-12,bb7,0.999,1.0,0.18018018018018017,-0.6857865836809797,0.112,0.02002002002002002,0.20020020020020018,0.184,0.09959959959959962,0.3203203203203203,-8.061603452030761,-8.466801236866315
2021-07-13,bb7,0.999,1.0,0.18018018018018017,0.3111302323026203,0.112,0.02002002002002002,0.20020020020020018,0.188,0.10010010010010009,0.3203203203203203,-8.125060590754053,-8.462189815181267
2021-07-14,bb7,0.999,1.0,0.18018018018018017,1.2702856170262,0.078,0.02002002002002002,0.20020020020020018,0.2,0.10010010010010009,0.3203203203203203,-7.98137005777126,-8.306647886129753
2021-07-15,bb7,0.999,1.0,0.18018018018018017,1.9756576028504704,0.124,0.02002002002002002,0.20020020020020018,0.226,0.10010010010010009,0.3203203203203203,-7.875773516395627,-8.211263358921022
2021-07-16,bb7,0.999,1.0,0.18018018018018017,0.2600129205656849,0.1,0.02002002002002002,0.20020020020020018,0.186,0.10010010010010009,0.3203203203203203,-7.681601122328328,-7.957307123261704
2021-07-19,bb7,0.999,1.0,0.18018018018018017,-1.7457049290755202,0.1,0.02002002002002002,0.20020020020020018,0.19,0.10010010010010009,0.34034034034034033,-7.968513798740997,-8.245298311607703
2021-07-20,bb7,0.999,1.0,0.18018018018018017,-1.43081430533929,0.098,0.02002002002002002,0.20020020020020018,0.172,0.10010010010010009,0.34034034034034033,-8.021764853058206,-8.274849909007512
2021-07-22,bb7,0.999,1.0,0.18018018018018017,-0.45189385068385035,0.102,0.02002002002002002,0.20020020020020018,0.212,0.10010010010010009,0.34034034034034033,-7.789532048734829,-8.087054105296026
2021-07-23,student,0.999,1.0,0.18018018018018017,1.4640068243546545,0.132,0.02002002002002002,0.20020020020020018,0.234,0.10010010010010009,0.34034034034034033,-8.03254042770764,-8.331897923230539
2021-07-26,bb7,1.0,1.0,0.18018018018018017,1.2416297011029296,0.118,0.02002002002002002,0.20020020020020018,0.198,0.10010010010010009,0.34034034034034033,-7.773332135560084,-8.038393648793097
2021-07-27,bb7,1.0,1.0,0.18018018018018017,2.0280501969062894,0.098,0.02002002002002002,0.20020020020020018,0.22,0.09959959959959962,0.34034034034034033,-7.5277735034145055,-7.839924839989035
2021-07-28,bb7,0.995,0.998,0.18018018018018017,1.5040446555561346,0.088,0.02002002002002002,0.20020020020020018,0.162,0.08008008008008008,0.3203203203203203,-7.696260919981447,-8.053318351820964
2021-07-29,bb7,0.999,1.0,0.18018018018018017,2.4589394679491448,0.076,0.02002002002002002,0.20020020020020018,0.162,0.08008008008008008,0.3203203203203203,-7.453829455220281,-7.7800197015825745
2021-07-30,bb7,0.996,0.998,0.18018018018018017,0.9422529027480047,0.102,0.02002002002002002,0.20020020020020018,0.208,0.09959959959959962,0.3203203203203203,-7.867725212588301,-8.207765753066472
2021-08-02,bb7,1.0,1.0,0.18018018018018017,2.9548325608454644,0.098,0.02002002002002002,0.20020020020020018,0.21,0.08008008008008008,0.3203203203203203,-7.556489562665919,-7.80909800016144
2021-08-03,bb7,1.0,1.0,0.18018018018018017,5.6793095956381,0.1,0.02002002002002002,0.20020020020020018,0.194,0.08008008008008008,0.3203203203203203,-7.5931888706523765,-7.9019572060839725
2021-08-04,bb7,0.996,1.0,0.18018018018018017,7.21060591421335,0.098,0.02002002002002002,0.20020020020020018,0.192,0.08008008008008008,0.3203203203203203,-7.967870374557944,-8.34274993664863
2021-08-05,bb7,0.995,0.998,0.18018018018018017,4.2455747686896546,0.116,0.02002002002002002,0.20020020020020018,0.228,0.08008008008008008,0.3203203203203203,-8.129008702149891,-8.531180528464095
2021-08-06,bb7,0.996,0.998,0.18018018018018017,2.6247328623571295,0.1,0.02002002002002002,0.20020020020020018,0.2,0.08008008008008008,0.3203203203203203,-8.011136737616388,-8.395261966985494
2021-08-09,student,0.996,0.998,0.18018018018018017,2.997273171862165,0.124,0.02002002002002002,0.20020020020020018,0.234,0.08008008008008008,0.3203203203203203,-8.009491043861345,-8.414595112970922
2021-08-10,bb7,0.996,0.998,0.18018018018018017,1.8692744726811048,0.102,0.02002002002002002,0.18068068068068022,0.198,0.08008008008008008,0.3203203203203203,-8.160243809530302,-8.655643603776767
2021-08-11,bb7,0.995,0.999,0.18018018018018017,2.4905913829045097,0.072,0.02002002002002002,0.20020020020020018,0.142,0.08008008008008008,0.3203203203203203,-8.120125211054596,-8.515155270820218
2021-08-12,bb7,1.0,1.0,0.18018018018018017,0.5381634143281849,0.096,0.02002002002002002,0.20020020020020018,0.192,0.09959959959959962,0.3203203203203203,-8.361737313695961,-8.736544490855149
2021-08-13,bb7,0.995,0.998,0.18018018018018017,2.9922020852628552,0.084,0.02002002002002002,0.20020020020020018,0.178,0.09959959959959962,0.3203203203203203,-8.948400341046192,-9.385729752162922
2021-08-16,bb7,0.995,0.998,0.18018018018018017,1.0151315817543403,0.108,0.02002002002002002,0.20020020020020018,0.194,0.09959959959959962,0.32082082082082036,-8.797894593983782,-9.23792000040553
2021-08-17,bb7,0.995,0.998,0.18018018018018017,-0.33542577857555456,0.104,0.02002002002002002,0.20020020020020018,0.198,0.10010010010010009,0.34034034034034033,-8.947944245875936,-9.385356357619225
2021-08-18,bb7,0.999,1.0,0.18018018018018017,-1.7620441772442894,0.116,0.02002002002002002,0.20020020020020018,0.222,0.09959959959959962,0.3203203203203203,-8.416347654923461,-8.794402375930593
2021-08-20,bb7,0.99,0.997,0.18018018018018017,-1.7997086271135547,0.098,0.02002002002002002,0.20020020020020018,0.208,0.09959959959959962,0.3203203203203203,-9.42731899463836,-9.805056125812033
2021-08-23,bb7,0.995,0.997,0.18018018018018017,-0.48161078029266957,0.102,0.02002002002002002,0.20020020020020018,0.204,0.09959959959959962,0.3203203203203203,-9.150603964728486,-9.563054065987522
2021-08-24,bb7,0.995,0.997,0.18018018018018017,-0.1561129542003845,0.106,0.02002002002002002,0.20020020020020018,0.184,0.10010010010010009,0.3203203203203203,-8.880390575959456,-9.253366461321301
2021-08-25,bb7,0.996,0.998,0.18018018018018017,0.49798958544836525,0.124,0.02002002002002002,0.20020020020020018,0.226,0.10010010010010009,0.3203203203203203,-8.917249618279433,-9.30170524530148
2021-08-26,bb7,0.996,0.998,0.18018018018018017,-0.5899246093105497,0.11,0.02002002002002002,0.20020020020020018,0.204,0.10010010010010009,0.3203203203203203,-8.786060852901562,-9.166957734971609
2021-08-27,bb7,0.996,0.998,0.18018018018018017,-1.1860286352518898,0.078,0.02002002002002002,0.20020020020020018,0.186,0.10010010010010009,0.3203203203203203,-8.599088242099562,-8.994581517393856
2021-08-30,bb7,0.996,0.998,0.18018018018018017,-1.410389794440405,0.098,0.02002002002002002,0.20020020020020018,0.194,0.10010010010010009,0.32082082082082036,-8.452589104801715,-8.779680534614856
2021-08-31,bb7,0.997,0.999,0.18018018018018017,0.20112741986921479,0.102,0.02002002002002002,0.20020020020020018,0.21,0.10010010010010009,0.32082082082082036,-8.570085854437297,-8.941396108298767
2021-09-01,bb7,0.995,0.996,0.18018018018018017,-0.8823294410188549,0.126,0.02002002002002002,0.20020020020020018,0.212,0.10010010010010009,0.3203203203203203,-8.575530076278646,-8.91291628499234
2021-09-02,bb7,0.994,0.996,0.18018018018018017,-0.11270437668242511,0.108,0.02002002002002002,0.20020020020020018,0.194,0.10010010010010009,0.3203203203203203,-8.34285426591022,-8.696450868975594
2021-09-03,bb7,0.994,0.997,0.18018018018018017,2.0072754137488498,0.112,0.02002002002002002,0.20020020020020018,0.202,0.10010010010010009,0.3203203203203203,-8.866400013665586,-9.195578960949522
2021-09-06,bb7,0.994,0.996,0.18018018018018017,2.323666610235625,0.088,0.02002002002002002,0.20020020020020018,0.168,0.10010010010010009,0.3203203203203203,-8.595783660718226,-8.919368684169026
2021-09-07,bb7,0.996,0.998,0.18018018018018017,0.9439981415871846,0.1,0.02002002002002002,0.20020020020020018,0.2,0.09959959959959962,0.3203203203203203,-8.515304547981115,-8.865107638036903
2021-09-08,student,0.996,0.998,0.18018018018018017,0.5479660934278996,0.14,0.02002002002002002,0.20020020020020018,0.236,0.10010010010010009,0.3203203203203203,-8.522812299543409,-8.89150690059993
2021-09-09,student,0.994,0.996,0.18018018018018017,1.5009325255885397,0.142,0.02002002002002002,0.20020020020020018,0.236,0.10010010010010009,0.3203203203203203,-8.55010963426979,-8.944122609005259
2021-09-13,bb7,0.997,0.999,0.18018018018018017,1.9168481140339046,0.112,0.02002002002002002,0.20020020020020018,0.208,0.10010010010010009,0.3203203203203203,-8.555757842050737,-8.940478925138745
2021-09-14,bb7,1.0,1.0,0.18018018018018017,0.8521149125311398,0.126,0.02002002002002002,0.20020020020020018,0.226,0.08008008008008008,0.3203203203203203,-8.183980241015666,-8.55259673189199
2021-09-15,bb7,0.999,1.0,0.18018018018018017,2.1927827740420547,0.12,0.02002002002002002,0.20020020020020018,0.188,0.06006006006006006,0.2802802802802803,-7.660611390355176,-7.9467174738086035
2021-09-16,bb7,0.999,1.0,0.18018018018018017,4.509128908995315,0.094,0.02002002002002002,0.20020020020020018,0.166,0.06006006006006006,0.2802802802802803,-7.7446065371990755,-8.057373300536337
2021-09-17,bb7,1.0,1.0,0.18018018018018017,2.820760721957694,0.102,0.02002002002002002,0.20020020020020018,0.168,0.06006006006006006,0.2802802802802803,-7.550386951231215,-7.8287307528072825
2021-09-20,bb7,1.0,1.0,0.18018018018018017,0.31858181920195916,0.112,0.02002002002002002,0.20020020020020018,0.164,0.06006006006006006,0.2802802802802803,-7.485515918613111,-7.794196592185052
2021-09-21,bb7,1.0,1.0,0.18018018018018017,0.5444985651885941,0.096,0.02002002002002002,0.20020020020020018,0.152,0.06006006006006006,0.2802802802802803,-7.518882660402381,-7.8343881426565805
2021-09-22,bb7,1.0,1.0,0.18018018018018017,1.4227779148029993,0.118,0.02002002002002002,0.20020020020020018,0.154,0.06006006006006006,0.2802802802802803,-7.353118939196635,-7.6576409841746935
2021-09-23,bb7,1.0,1.0,0.18018018018018017,3.5291416972712195,0.09,0.02002002002002002,0.20020020020020018,0.164,0.06006006006006006,0.2802802802802803,-7.352734723739798,-7.662473948809052
2021-09-24,bb7,1.0,1.0,0.18018018018018017,3.0591088296591042,0.12,0.02002002002002002,0.20020020020020018,0.206,0.08008008008008008,0.3203203203203203,-7.172300709934229,-7.4807966610935015
2021-09-27,bb7,1.0,1.0,0.18018018018018017,2.4206284890572487,0.122,0.02002002002002002,0.20020020020020018,0.196,0.08008008008008008,0.3203203203203203,-7.166442936885078,-7.515782989330309
2021-09-28,bb7,0.998,1.0,0.18018018018018017,1.3837506014541288,0.092,0.02002002002002002,0.20020020020020018,0.186,0.08008008008008008,0.3203203203203203,-7.536816302560763,-7.909861622957071
2021-09-29,bb7,0.999,1.0,0.18018018018018017,1.2228971945617944,0.098,0.02002002002002002,0.20020020020020018,0.202,0.08008008008008008,0.3203203203203203,-7.227287609833602,-7.560197443171472
2021-09-30,bb7,1.0,1.0,0.18018018018018017,-1.9682061151626353,0.088,0.02002002002002002,0.20020020020020018,0.164,0.08008008008008008,0.3203203203203203,-7.700563512103356,-7.989111933299939
2021-10-01,bb7,1.0,1.0,0.18018018018018017,-1.0496109921486703,0.114,0.02002002002002002,0.20020020020020018,0.206,0.08008008008008008,0.3203203203203203,-7.879272126811929,-8.195058628768493
2021-10-04,bb7,0.998,1.0,0.18018018018018017,2.58412175460823,0.104,0.02002002002002002,0.20020020020020018,0.21,0.09959959959959962,0.3203203203203203,-9.311853544561927,-9.681344947168043
2021-10-05,bb7,0.988,0.994,0.18018018018018017,2.1154815501743345,0.108,0.02002002002002002,0.20020020020020018,0.216,0.10010010010010009,0.3203203203203203,-9.260334294811855,-9.65480608291696
2021-10-06,bb7,1.0,1.0,0.18018018018018017,0.7694986396683796,0.114,0.02002002002002002,0.20020020020020018,0.174,0.06006006006006006,0.2802802802802803,-8.21895993843114,-8.470161793143532
2021-10-07,bb7,0.994,1.0,0.18018018018018017,-0.6090796143147754,0.086,0.02002002002002002,0.20020020020020018,0.158,0.06006006006006006,0.2802802802802803,-8.264868976214704,-8.519651310940208
2021-10-08,bb7,0.989,1.0,0.18018018018018017,0.7726285132464097,0.124,0.02002002002002002,0.20020020020020018,0.198,0.10010010010010009,0.34034034034034033,-9.102132477940012,-9.500587720030154
2021-10-11,bb7,0.989,1.0,0.18018018018018017,1.5885109699459647,0.102,0.02002002002002002,0.20020020020020018,0.206,0.10010010010010009,0.34034034034034033,-9.190080751478984,-9.613528622768964
2021-10-12,bb7,0.952,0.996,0.18018018018018017,4.05053078368851,0.104,0.02002002002002002,0.20020020020020018,0.182,0.08008008008008008,0.3203203203203203,-8.445184113566803,-8.750474225003451
2021-10-13,bb7,0.902,0.977,0.18018018018018017,2.8030747605985047,0.07,0.02002002002002002,0.20020020020020018,0.168,0.09959959959959962,0.3203203203203203,-9.130600888709793,-9.523165554614621
2021-10-14,bb7,0.95,0.996,0.18018018018018017,5.182744405099235,0.118,0.02002002002002002,0.20020020020020018,0.218,0.08008008008008008,0.3203203203203203,-8.489552073789405,-8.832534112671794
2021-10-18,bb7,0.938,0.994,0.18018018018018017,8.55464574410798,0.076,0.02002002002002002,0.20020020020020018,0.146,0.08008008008008008,0.3203203203203203,-8.153704974342537,-8.467042951888574
2021-10-19,bb7,0.988,1.0,0.18018018018018017,6.732094031710364,0.102,0.02002002002002002,0.20020020020020018,0.188,0.08008008008008008,0.3203203203203203,-8.207003042903853,-8.50634093571374
2021-10-20,bb7,0.989,1.0,0.18018018018018017,6.786162024056994,0.08,0.02002002002002002,0.20020020020020018,0.176,0.08008008008008008,0.3203203203203203,-8.22129156933786,-8.483618379514068
2021-10-21,bb7,0.981,1.0,0.18018018018018017,7.106113235349453,0.104,0.02002002002002002,0.20020020020020018,0.184,0.09959959959959962,0.3203203203203203,-8.304863451174054,-8.579956297236556
2021-10-22,bb7,0.98,1.0,0.18018018018018017,5.53639916006213,0.072,0.02002002002002002,0.20020020020020018,0.15,0.08008008008008008,0.3203203203203203,-7.9930205066524955,-8.253252400315347
2021-10-25,bb7,0.981,1.0,0.18018018018018017,4.55773243531756,0.1,0.02002002002002002,0.20020020020020018,0.19,0.08008008008008008,0.3203203203203203,-7.949819171486323,-8.214591000022043
2021-10-26,bb7,0.951,0.994,0.18018018018018017,5.2298807867593995,0.098,0.02002002002002002,0.20020020020020018,0.192,0.08008008008008008,0.3203203203203203,-8.428036940986967,-8.700831269801254
2021-10-27,bb7,0.943,0.989,0.18018018018018017,5.33296183545559,0.098,0.02002002002002002,0.18068068068068022,0.194,0.09959959959959962,0.3203203203203203,-8.703376679460346,-9.029958917904178
2021-10-28,bb7,0.95,0.99,0.18018018018018017,2.2850291537526903,0.106,0.02002002002002002,0.18068068068068022,0.196,0.08008008008008008,0.3203203203203203,-8.442477184169197,-8.717978300402828
2021-10-29,bb7,0.953,0.994,0.18018018018018017,0.18590176906831957,0.104,0.02002002002002002,0.18068068068068022,0.192,0.08008008008008008,0.3203203203203203,-8.29562538087826,-8.594575973646672
2021-11-01,bb7,0.999,1.0,0.18018018018018017,-0.4454702211943147,0.09,0.02002002002002002,0.18068068068068022,0.182,0.08008008008008008,0.3203203203203203,-8.559480401288907,-8.884727140602331
2021-11-02,bb7,0.936,0.992,0.18018018018018017,0.22829355246659544,0.118,0.02002002002002002,0.18068068068068022,0.214,0.08008008008008008,0.3203203203203203,-8.588612932423848,-8.896652296963579
2021-11-03,bb7,0.933,0.99,0.18018018018018017,0.2927504101830657,0.108,0.02002002002002002,0.18018018018018017,0.186,0.08008008008008008,0.3203203203203203,-8.57368087419506,-8.891128534540616
2021-11-04,bb7,0.936,0.99,0.18018018018018017,1.8045829782227802,0.078,0.02002002002002002,0.18018018018018017,0.16,0.08008008008008008,0.3203203203203203,-8.748746739515754,-9.135859509586226
2021-11-08,bb7,0.994,0.996,0.20020020020020018,2.931555080922416,0.106,0.02002002002002002,0.18018018018018017,0.208,0.08008008008008008,0.3203203203203203,-9.140552870296457,-9.531142935878012
2021-11-09,bb7,0.994,0.997,0.20020020020020018,3.641611976250296,0.106,0.02002002002002002,0.18018018018018017,0.188,0.08008008008008008,0.3203203203203203,-8.977831088962661,-9.360939405535206
2021-11-10,bb7,0.994,0.998,0.20020020020020018,2.2012792023842604,0.096,0.02002002002002002,0.18018018018018017,0.198,0.08008008008008008,0.3203203203203203,-8.595478359308851,-8.983571661860058
2021-11-11,bb7,0.994,0.997,0.20020020020020018,-0.8026928278111446,0.114,0.02002002002002002,0.18018018018018017,0.202,0.08008008008008008,0.3203203203203203,-8.2963075106416,-8.66456289741656
2021-11-12,bb7,0.995,0.997,0.20020020020020018,3.1777910221625802,0.09,0.02002002002002002,0.18018018018018017,0.182,0.08008008008008008,0.3203203203203203,-8.770228396959883,-9.15683592442987
2021-11-15,bb7,0.999,1.0,0.18018018018018017,3.893549440933005,0.098,0.02002002002002002,0.18018018018018017,0.212,0.08008008008008008,0.3203203203203203,-8.686394031532187,-9.057945437460978
2021-11-16,bb7,0.952,0.996,0.18018018018018017,0.6038308222651649,0.096,0.02002002002002002,0.18018018018018017,0.172,0.08008008008008008,0.3203203203203203,-8.66885084601001,-8.981186029484078
2021-11-17,bb7,0.954,0.996,0.18018018018018017,0.26032296232820507,0.106,0.02002002002002002,0.18018018018018017,0.186,0.08008008008008008,0.3203203203203203,-8.630893348596725,-8.923832101173852
2021-11-18,bb7,1.0,1.0,0.18018018018018017,-0.10376807685882522,0.104,0.02002002002002002,0.18018018018018017,0.19,0.08008008008008008,0.3203203203203203,-8.636056891268245,-8.982475328014862
2021-11-22,bb7,0.99,0.994,0.18018018018018017,-2.872722976580035,0.08,0.02002002002002002,0.18018018018018017,0.144,0.08008008008008008,0.3203203203203203,-8.761016611072794,-9.102342331750801
2021-11-23,bb7,0.952,0.994,0.18018018018018017,-2.9897084875752804,0.11,0.02002002002002002,0.18018018018018017,0.214,0.08008008008008008,0.3203203203203203,-8.375102507801133,-8.718214323351997
2021-11-24,bb7,1.0,1.0,0.18018018018018017,-4.8753499050199105,0.116,0.02002002002002002,0.18018018018018017,0.208,0.08008008008008008,0.3203203203203203,-8.257418892018624,-8.533965060240742
2021-11-25,bb7,1.0,1.0,0.18018018018018017,-3.8490078604158358,0.096,0.02002002002002002,0.18018018018018017,0.202,0.08008008008008008,0.3203203203203203,-8.00774292642815,-8.26186206123602
2021-11-26,bb7,0.998,1.0,0.18018018018018017,-5.207641406902935,0.096,0.02002002002002002,0.18018018018018017,0.184,0.08008008008008008,0.3203203203203203,-8.003938387142039,-8.292226839997733
2021-11-29,bb7,0.996,0.996,0.18018018018018017,-7.15243785839101,0.108,0.02002002002002002,0.18018018018018017,0.18,0.08008008008008008,0.3003003003003003,-8.06356107914669,-8.357968956117231
2021-11-30,bb7,0.998,0.999,0.18018018018018017,-6.889091686195255,0.104,0.02002002002002002,0.18018018018018017,0.196,0.08008008008008008,0.3203203203203203,-7.71994308059024,-8.004337847833305
2021-12-01,bb7,0.996,0.996,0.18018018018018017,-4.24793113973074,0.09,0.02002002002002002,0.18018018018018017,0.174,0.08008008008008008,0.3003003003003003,-7.963011388583492,-8.261013450446695
2021-12-02,bb7,1.0,1.0,0.18018018018018017,-3.27797514246215,0.114,0.02002002002002002,0.18018018018018017,0.21,0.08008008008008008,0.3003003003003003,-7.8115623708400586,-8.151727153379733
2021-12-03,bb7,1.0,1.0,0.18018018018018017,-4.385940067451905,0.1,0.02002002002002002,0.18018018018018017,0.208,0.08008008008008008,0.3003003003003003,-7.585391165764573,-7.873828696144417
2021-12-06,bb7,0.998,0.999,0.18018018018018017,-4.073093862342866,0.11,0.02002002002002002,0.18018018018018017,0.184,0.08008008008008008,0.3203203203203203,-8.437355654268481,-8.738157622166895
2021-12-07,bb7,0.997,0.999,0.18018018018018017,-2.418364206441535,0.088,0.02002002002002002,0.18018018018018017,0.16,0.08008008008008008,0.3003003003003003,-8.491648311532224,-8.790590917475699
2021-12-08,bb7,0.997,0.999,0.18018018018018017,1.5002999848883753,0.074,0.02002002002002002,0.18018018018018017,0.156,0.08008008008008008,0.3003003003003003,-8.672815197404844,-8.98642604043366
2021-12-09,bb7,0.99,0.991,0.18018018018018017,0.9836338543120602,0.102,0.02002002002002002,0.18018018018018017,0.158,0.06006006006006006,0.2802802802802803,-8.293153851633619,-8.579417212738141
2021-12-10,bb7,0.995,0.997,0.18018018018018017,4.46693308747577,0.098,0.02002002002002002,0.18018018018018017,0.166,0.06006006006006006,0.2802802802802803,-9.0649911947043,-9.337708538436432
2021-12-13,bb7,0.99,0.991,0.18018018018018017,3.7864048489895596,0.112,0.02002002002002002,0.18018018018018017,0.208,0.06006006006006006,0.2802802802802803,-8.790202954145109,-9.056818168834482
2021-12-14,bb7,0.985,0.989,0.18018018018018017,4.091100322022486,0.096,0.02002002002002002,0.18018018018018017,0.156,0.06006006006006006,0.2802802802802803,-8.549436295801144,-8.838115948138928
2021-12-15,bb7,0.99,0.993,0.18018018018018017,1.5490903824101896,0.092,0.02002002002002002,0.18018018018018017,0.168,0.06006006006006006,0.2802802802802803,-8.673778649775738,-8.947233574145342
2021-12-16,bb7,0.999,1.0,0.18018018018018017,1.0965169586150452,0.108,0.02002002002002002,0.20020020020020018,0.154,0.06006006006006006,0.2802802802802803,-8.636324135159116,-8.923268410220397
2021-12-17,bb7,0.949,0.99,0.18018018018018017,1.83036797629089,0.086,0.02002002002002002,0.18018018018018017,0.16,0.06006006006006006,0.2802802802802803,-8.087633124191814,-8.429551031521317
2021-12-20,student,0.998,1.0,0.18018018018018017,1.2050672923065253,0.066,0.02002002002002002,0.18018018018018017,0.116,0.06006006006006006,0.2802802802802803,-8.62052920399961,-8.945988671175668
2021-12-21,bb7,0.99,1.0,0.18018018018018017,-0.49079212649396026,0.122,0.02002002002002002,0.18018018018018017,0.176,0.06006006006006006,0.2802802802802803,-8.725707356515555,-9.07392085725519
2021-12-22,student,0.999,0.999,0.18018018018018017,-1.7756247080239547,0.074,0.02002002002002002,0.18018018018018017,0.13,0.06006006006006006,0.2802802802802803,-8.9271214875386,-9.266382095703884
2021-12-23,bb7,0.999,0.999,0.18018018018018017,-0.22507346760589497,0.1,0.02002002002002002,0.20020020020020018,0.142,0.06006006006006006,0.2802802802802803,-8.57609780504034,-8.897512852878673
2021-12-24,bb7,0.999,0.999,0.18018018018018017,-1.0904372952642851,0.11,0.02002002002002002,0.18018018018018017,0.178,0.06006006006006006,0.2802802802802803,-8.440160481353315,-8.7614491864902
2021-12-27,bb7,0.99,1.0,0.18018018018018017,0.21982236099037972,0.102,0.02002002002002002,0.20020020020020018,0.168,0.06006006006006006,0.2802802802802803,-8.371619895946543,-8.688779486382431
2021-12-28,bb7,0.999,1.0,0.18018018018018017,0.8532241165976293,0.098,0.02002002002002002,0.18018018018018017,0.15,0.06006006006006006,0.2802802802802803,-8.333827257695384,-8.63941529060998
2021-12-29,bb7,0.999,1.0,0.18018018018018017,0.9457371749457695,0.1,0.02002002002002002,0.18018018018018017,0.172,0.06006006006006006,0.2802802802802803,-8.26429455258448,-8.62248224475182
2021-12-30,bb7,0.999,1.0,0.18018018018018017,0.15198484653872454,0.094,0.02002002002002002,0.18018018018018017,0.146,0.06006006006006006,0.2802802802802803,-8.289966526569035,-8.646241331414924
2021-12-31,student,0.999,0.999,0.18018018018018017,1.0122848690022497,0.092,0.02002002002002002,0.18018018018018017,0.13,0.06006006006006006,0.2802802802802803,-8.588228296904813,-8.982141023311641
2022-01-03,bb7,0.999,1.0,0.18018018018018017,5.041375465863239,0.104,0.02002002002002002,0.20020020020020018,0.158,0.06006006006006006,0.2802802802802803,-9.248529153339852,-9.637905801527292
2022-01-04,bb7,0.99,1.0,0.18018018018018017,6.396413093713823,0.092,0.02002002002002002,0.18018018018018017,0.14,0.06006006006006006,0.2802802802802803,-8.95847270446783,-9.327105073473064
2022-01-05,bb7,0.99,1.0,0.18018018018018017,4.400075880445,0.096,0.02002002002002002,0.18018018018018017,0.168,0.06006006006006006,0.2802802802802803,-8.857850723570063,-9.214250322886794
2022-01-06,bb7,0.999,1.0,0.18018018018018017,2.0539393738871894,0.092,0.02002002002002002,0.18018018018018017,0.15,0.06006006006006006,0.2802802802802803,-8.59044561838928,-8.950739891895475
2022-01-07,bb7,0.997,1.0,0.18018018018018017,2.2811229710776995,0.098,0.02002002002002002,0.18018018018018017,0.158,0.06006006006006006,0.2802802802802803,-8.408193549602926,-8.77636820350252
2022-01-10,bb7,0.997,1.0,0.18018018018018017,4.3308291737107645,0.11,0.02002002002002002,0.18018018018018017,0.18,0.06006006006006006,0.2802802802802803,-7.956729925743817,-8.308663380149632
2022-01-11,bb7,0.999,1.0,0.18018018018018017,3.7648030851253096,0.104,0.02002002002002002,0.20020020020020018,0.158,0.06006006006006006,0.2802802802802803,-7.855905054295286,-8.216106626121
2022-01-12,bb7,0.999,1.0,0.18018018018018017,5.580889556491005,0.116,0.02002002002002002,0.20020020020020018,0.164,0.06006006006006006,0.2802802802802803,-7.829568555694386,-8.182393445581505
2022-01-13,bb7,0.999,1.0,0.18018018018018017,6.306040075261009,0.086,0.02002002002002002,0.20020020020020018,0.14,0.06006006006006006,0.2802802802802803,-7.637332119656967,-7.985469125404063
2022-01-14,bb7,0.999,1.0,0.18018018018018017,6.03816616966566,0.112,0.02002002002002002,0.18018018018018017,0.178,0.06006006006006006,0.2802802802802803,-7.652991688755295,-7.999602903288263
2022-01-17,bb7,0.998,1.0,0.18018018018018017,5.459123446772006,0.116,0.02002002002002002,0.18068068068068022,0.178,0.06006006006006006,0.2802802802802803,-7.563595850972524,-7.868075146818139
2022-01-18,bb7,0.99,1.0,0.18018018018018017,2.91872150118531,0.08,0.02002002002002002,0.18068068068068022,0.174,0.06006006006006006,0.2802802802802803,-7.525479949843546,-7.809932200410892
2022-01-19,bb7,0.997,1.0,0.18018018018018017,2.9249019024495895,0.112,0.02002002002002002,0.18018018018018017,0.18,0.06006006006006006,0.2802802802802803,-8.130542268346092,-8.43901443337362
2022-01-20,bb7,0.999,1.0,0.18018018018018017,2.1261766726412654,0.096,0.02002002002002002,0.18068068068068022,0.162,0.06006006006006006,0.2802802802802803,-8.215669467973626,-8.500673797416107
2022-01-21,bb7,0.999,0.999,0.18018018018018017,0.3575644853010904,0.096,0.02002002002002002,0.18068068068068022,0.136,0.06006006006006006,0.2802802802802803,-8.036659722561724,-8.310303467656828
2022-01-24,bb7,0.999,1.0,0.18018018018018017,-4.129448259894614,0.092,0.02002002002002002,0.20020020020020018,0.148,0.06006006006006006,0.2802802802802803,-8.196853498470245,-8.42762995459454
2022-01-25,bb7,0.998,0.999,0.18018018018018017,-2.87925853448489,0.088,0.02002002002002002,0.20020020020020018,0.154,0.06006006006006006,0.2802802802802803,-7.833648355406978,-8.08021307933648
2022-01-27,bb7,0.998,0.999,0.18018018018018017,-3.798062669379074,0.122,0.02002002002002002,0.20020020020020018,0.174,0.06006006006006006,0.2802802802802803,-7.833376641679909,-8.044123182051885
2022-01-28,bb7,0.997,1.0,0.18018018018018017,-4.71518640057764,0.118,0.02002002002002002,0.20020020020020018,0.168,0.06006006006006006,0.2802802802802803,-7.696540646495237,-7.948767472479949
2022-01-31,bb7,0.999,1.0,0.18018018018018017,-2.41192637875356,0.088,0.02002002002002002,0.18068068068068022,0.152,0.06006006006006006,0.2802802802802803,-7.800727302792403,-8.064291361270516
2022-02-01,bb7,0.999,1.0,0.18018018018018017,-2.7654629434465092,0.086,0.02002002002002002,0.18068068068068022,0.148,0.06006006006006006,0.2802802802802803,-7.76707967476554,-8.049609205542737
2022-02-02,bb7,0.999,1.0,0.18018018018018017,-0.45196182907285865,0.11,0.02002002002002002,0.18068068068068022,0.17,0.06006006006006006,0.2802802802802803,-7.867541151146663,-8.130534186728404
2022-02-03,bb7,1.0,1.0,0.18018018018018017,-1.2636547699782792,0.102,0.02002002002002002,0.18068068068068022,0.16,0.06006006006006006,0.2802802802802803,-8.473017817382159,-8.751581171629729
2022-02-04,bb7,1.0,1.0,0.18018018018018017,-0.502971873947294,0.11,0.02002002002002002,0.18018018018018017,0.164,0.06006006006006006,0.2802802802802803,-8.865670260083327,-9.142683461900116
2022-02-07,bb7,0.999,1.0,0.18018018018018017,0.9299659574217006,0.114,0.02002002002002002,0.18068068068068022,0.18,0.06006006006006006,0.2802802802802803,-9.211723544319604,-9.491884761575013
2022-02-08,bb7,0.999,1.0,0.18018018018018017,3.0645406982032557,0.088,0.02002002002002002,0.18068068068068022,0.166,0.06006006006006006,0.2802802802802803,-9.754155670474905,-10.098719316483086
2022-02-09,bb7,0.995,1.0,0.18018018018018017,2.4002672156051856,0.08,0.02002002002002002,0.20020020020020018,0.144,0.06006006006006006,0.2802802802802803,-9.843312846695751,-10.19299563494696
2022-02-10,bb7,0.999,1.0,0.18018018018018017,3.724330877109555,0.122,0.02002002002002002,0.18018018018018017,0.178,0.06006006006006006,0.2802802802802803,-9.995003633423252,-10.345371248575574
2022-02-11,bb7,0.999,1.0,0.18018018018018017,1.615595707896095,0.1,0.02002002002002002,0.18018018018018017,0.168,0.06006006006006006,0.2802802802802803,-9.729861344194301,-10.074917265563935
2022-02-14,bb7,0.999,1.0,0.18018018018018017,-5.13040488552499,0.116,0.02002002002002002,0.18068068068068022,0.158,0.06006006006006006,0.2802802802802803,-9.619116467790759,-9.932117626018846
2022-02-15,bb7,0.998,1.0,0.18018018018018017,-1.67241091814594,0.096,0.02002002002002002,0.18018018018018017,0.168,0.06006006006006006,0.2802802802802803,-9.5722875744148,-9.870491807358858
2022-02-16,student,0.998,1.0,0.18018018018018017,-3.7151585395909406,0.144,0.02002002002002002,0.18018018018018017,0.234,0.06006006006006006,0.2802802802802803,-9.22908705903905,-9.511571279704924
2022-02-17,bb7,0.999,1.0,0.18018018018018017,-2.97581126424613,0.096,0.02002002002002002,0.20020020020020018,0.138,0.06006006006006006,0.2802802802802803,-9.554516499316872,-9.86486536474587
2022-02-18,student,0.998,1.0,0.18018018018018017,-2.42513977793857,0.066,0.02002002002002002,0.18018018018018017,0.124,0.06006006006006006,0.2802802802802803,-9.407015180706228,-9.738769670734156
2022-02-21,bb7,0.999,1.0,0.18018018018018017,-1.5922966063569748,0.11,0.02002002002002002,0.18018018018018017,0.174,0.06006006006006006,0.2802802802802803,-9.350786685592542,-9.667811539875842
2022-02-22,bb7,0.999,1.0,0.18018018018018017,-2.706930173215191,0.09,0.02002002002002002,0.18018018018018017,0.166,0.06006006006006006,0.2802802802802803,-8.99913148681301,-9.303919500112558
2022-02-23,student,0.999,1.0,0.18018018018018017,-3.3769821993254254,0.074,0.02002002002002002,0.20020020020020018,0.12,0.06006006006006006,0.2802802802802803,-8.69277952250174,-9.00698277020457
2022-02-24,bb7,0.999,1.0,0.18018018018018017,-9.364669588526805,0.09,0.02002002002002002,0.18018018018018017,0.16,0.06006006006006006,0.2802802802802803,-8.482149568912606,-8.79930499260931
2022-02-25,student,0.999,1.0,0.18018018018018017,-5.39355289294756,0.076,0.02002002002002002,0.18018018018018017,0.122,0.06006006006006006,0.2802802802802803,-8.939811733427618,-9.278325362726767
2022-02-28,bb7,0.999,1.0,0.18018018018018017,-0.865660071783366,0.116,0.02002002002002002,0.18018018018018017,0.174,0.06006006006006006,0.2802802802802803,-10.769722696151456,-11.147144459739971
2022-03-02,bb7,0.999,1.0,0.18018018018018017,-6.094370059050105,0.086,0.02002002002002002,0.18018018018018017,0.156,0.06006006006006006,0.2802802802802803,-11.014714938679067,-11.417574225505986
2022-03-03,bb7,1.0,1.0,0.18018018018018017,-5.374297038309575,0.1,0.02002002002002002,0.18068068068068022,0.152,0.06006006006006006,0.2802802802802803,-10.622441374051622,-11.026867484581985
2022-03-04,bb7,0.999,1.0,0.18018018018018017,-5.279591444234801,0.108,0.02002002002002002,0.20020020020020018,0.176,0.06006006006006006,0.2802802802802803,-10.09054189896104,-10.46612753237601
2022-03-07,bb7,0.999,1.0,0.18018018018018017,-6.910097502438367,0.086,0.02002002002002002,0.20020020020020018,0.14,0.06006006006006006,0.2802802802802803,-9.708500726749465,-10.065047657530586
2022-03-08,bb7,0.999,1.0,0.18018018018018017,-6.174984017719136,0.108,0.02002002002002002,0.20020020020020018,0.162,0.06006006006006006,0.2802802802802803,-9.498769891854261,-9.875751706896859
2022-03-09,student,0.999,1.0,0.18018018018018017,-2.692074702118815,0.078,0.02002002002002002,0.20020020020020018,0.126,0.06006006006006006,0.2802802802802803,-9.675222939014937,-10.033969637705672
2022-03-10,bb7,0.999,1.0,0.18018018018018017,-0.7745259459325355,0.098,0.02002002002002002,0.20020020020020018,0.168,0.06006006006006006,0.2802802802802803,-9.248395002314341,-9.57336131428005
2022-03-11,bb7,0.998,1.0,0.20020020020020018,3.8682388217160852,0.084,0.02002002002002002,0.20020020020020018,0.188,0.10010010010010009,0.34034034034034033,-11.52446658644553,-11.923764531269335
2022-03-14,bb7,0.999,1.0,0.20020020020020018,5.70227213382555,0.09,0.02002002002002002,0.20020020020020018,0.206,0.10010010010010009,0.34034034034034033,-11.303085738272257,-11.693826065179943
2022-03-15,bb7,0.999,1.0,0.20020020020020018,3.7545793645617853,0.08,0.02002002002002002,0.20020020020020018,0.176,0.10010010010010009,0.32082082082082036,-10.697161882052905,-11.078517387878277
2022-03-16,bb7,0.999,1.0,0.20020020020020018,7.112630208190445,0.116,0.02002002002002002,0.20020020020020018,0.204,0.10010010010010009,0.32082082082082036,-10.557594652591929,-11.017082505451977
2022-03-17,bb7,0.998,1.0,0.20020020020020018,7.303313776229761,0.1,0.02002002002002002,0.20020020020020018,0.212,0.10010010010010009,0.3203203203203203,-9.900068885070395,-10.339473871516937
2022-03-21,bb7,0.999,1.0,0.20020020020020018,6.638217538693826,0.072,0.02002002002002002,0.20020020020020018,0.172,0.10010010010010009,0.3203203203203203,-9.719667370753697,-10.14882160717056
2022-03-22,bb7,0.999,1.0,0.20020020020020018,9.793655380873702,0.116,0.02002002002002002,0.20020020020020018,0.204,0.10010010010010009,0.3203203203203203,-10.670301992081413,-11.11961960100689
2022-03-23,bb7,0.999,1.0,0.20020020020020018,7.994707788352915,0.096,0.02002002002002002,0.20020020020020018,0.214,0.10010010010010009,0.3203203203203203,-10.290468332622561,-10.70804267686309
2022-03-24,bb7,0.999,1.0,0.20020020020020018,5.755227009674045,0.1,0.02002002002002002,0.20020020020020018,0.208,0.10010010010010009,0.3203203203203203,-10.07011626867381,-10.507833493209953
2022-03-25,bb7,0.999,1.0,0.20020020020020018,3.6615988742733956,0.13,0.02002002002002002,0.20020020020020018,0.218,0.10010010010010009,0.3203203203203203,-9.894442090272916,-10.36595801657136
2022-03-28,bb7,0.999,1.0,0.20020020020020018,4.210274692529826,0.108,0.02002002002002002,0.20020020020020018,0.176,0.10010010010010009,0.3203203203203203,-9.705849557797576,-10.111403766467427
2022-03-29,bb7,0.999,1.0,0.20020020020020018,0.880536126602095,0.092,0.02002002002002002,0.20020020020020018,0.204,0.10010010010010009,0.32082082082082036,-9.90421298238839,-10.321205124847232
2022-03-30,bb7,0.999,1.0,0.20020020020020018,2.5894081178346053,0.086,0.02002002002002002,0.20020020020020018,0.212,0.10010010010010009,0.3203203203203203,-10.052235393314044,-10.472766065354142
2022-03-31,bb7,0.998,1.0,0.20020020020020018,0.540779539984435,0.092,0.02002002002002002,0.20020020020020018,0.196,0.10010010010010009,0.34034034034034033,-9.762253362737171,-10.210909621420688
2022-04-01,bb7,0.999,1.0,0.20020020020020018,1.9262799465373148,0.098,0.02002002002002002,0.20020020020020018,0.19,0.10010010010010009,0.3203203203203203,-9.589725549186998,-9.996790752045232
2022-04-04,bb7,0.999,1.0,0.20020020020020018,2.9741578488778346,0.104,0.02002002002002002,0.20020020020020018,0.2,0.10010010010010009,0.3203203203203203,-9.53162959318914,-9.96553605722775
2022-04-05,bb7,0.999,1.0,0.20020020020020018,0.8636412476824851,0.092,0.02002002002002002,0.20020020020020018,0.194,0.10010010010010009,0.3203203203203203,-9.450414955468725,-9.906166082498517
2022-04-06,bb7,0.999,1.0,0.20020020020020018,1.143062233035315,0.098,0.02002002002002002,0.20020020020020018,0.176,0.10010010010010009,0.3203203203203203,-9.320825812328065,-9.72419466724216
2022-04-07,bb7,0.996,1.0,0.20020020020020018,0.7325105815705402,0.12,0.02002002002002002,0.20020020020020018,0.22,0.10010010010010009,0.3203203203203203,-9.000816901720496,-9.373910242200852
2022-04-08,bb7,0.996,1.0,0.20020020020020018,0.8448822041077801,0.098,0.02002002002002002,0.20020020020020018,0.168,0.08008008008008008,0.3203203203203203,-8.612531535580704,-8.930586533458296
2022-04-11,bb7,0.996,1.0,0.20020020020020018,-1.2308131086316398,0.082,0.02002002002002002,0.20020020020020018,0.176,0.10010010010010009,0.3203203203203203,-8.413332193382962,-8.760127449513762
2022-04-12,bb7,0.999,1.0,0.20020020020020018,-2.18701631414846,0.128,0.02002002002002002,0.20020020020020018,0.194,0.10010010010010009,0.3203203203203203,-8.273472141597642,-8.611904364280864
2022-04-13,bb7,0.999,1.0,0.20020020020020018,-1.9445166886346452,0.084,0.02002002002002002,0.20020020020020018,0.172,0.10010010010010009,0.3203203203203203,-8.091178582588807,-8.446977631639042
2022-04-18,bb7,0.999,1.0,0.20020020020020018,-6.517850356842705,0.086,0.02002002002002002,0.20020020020020018,0.186,0.10010010010010009,0.3203203203203203,-7.935489967830686,-8.27190081736874
2022-04-19,bb7,0.996,1.0,0.20020020020020018,-9.534730750430285,0.102,0.02002002002002002,0.20020020020020018,0.2,0.10010010010010009,0.3203203203203203,-8.151325529248856,-8.503154189814074
2022-04-20,bb7,0.998,1.0,0.20020020020020018,-8.83108488243211,0.124,0.02002002002002002,0.20020020020020018,0.226,0.08008008008008008,0.3203203203203203,-8.139007498684297,-8.50511389965848
2022-04-21,bb7,0.999,1.0,0.20020020020020018,-6.3014049843029944,0.128,0.02002002002002002,0.20020020020020018,0.228,0.08008008008008008,0.3203203203203203,-8.026984649336436,-8.372650846616695
2022-04-22,bb7,0.999,1.0,0.20020020020020018,-8.456882482568,0.116,0.02002002002002002,0.20020020020020018,0.21,0.08008008008008008,0.3203203203203203,-8.028680542241032,-8.3900673989903
2022-04-25,bb7,0.999,1.0,0.20020020020020018,-9.425286163606692,0.096,0.02002002002002002,0.20020020020020018,0.194,0.08008008008008008,0.3203203203203203,-7.9014182693685715,-8.240423870934949
2022-04-26,bb7,0.996,1.0,0.20020020020020018,-7.92800173822354,0.102,0.02002002002002002,0.18018018018018017,0.206,0.08008008008008008,0.3203203203203203,-7.672198198535619,-8.00699207602815
2022-04-27,bb7,0.998,1.0,0.20020020020020018,-8.19242375757492,0.096,0.02002002002002002,0.18018018018018017,0.208,0.08008008008008008,0.3203203203203203,-7.949479589721715,-8.301664840830115
2022-04-28,bb7,0.996,1.0,0.20020020020020018,-5.3354874024738885,0.094,0.02002002002002002,0.20020020020020018,0.198,0.08008008008008008,0.3203203203203203,-8.006152623627711,-8.333715314326474
2022-04-29,bb7,0.996,1.0,0.20020020020020018,-7.574421374182914,0.076,0.02002002002002002,0.20020020020020018,0.192,0.08008008008008008,0.3203203203203203,-7.896453132552785,-8.221680348936754
2022-05-02,bb7,0.996,1.0,0.20020020020020018,-4.392205993410469,0.118,0.02002002002002002,0.18068068068068022,0.21,0.08008008008008008,0.3203203203203203,-11.806114437210127,-12.183333871908067
2022-05-04,bb7,0.996,1.0,0.20020020020020018,-4.097788120620964,0.098,0.02002002002002002,0.20020020020020018,0.218,0.08008008008008008,0.3203203203203203,-12.293679397702418,-12.67193430015959
2022-05-05,bb7,0.996,1.0,0.20020020020020018,-3.0429279216270295,0.082,0.02002002002002002,0.18068068068068022,0.17,0.08008008008008008,0.3203203203203203,-11.57389792583158,-11.978493699599158
2022-05-06,bb7,0.997,1.0,0.20020020020020018,-5.638009362208749,0.09,0.02002002002002002,0.18068068068068022,0.182,0.08008008008008008,0.3203203203203203,-10.899779496215208,-11.271750884016802
2022-05-09,bb7,0.967,1.0,0.20020020020020018,-3.0084668707642144,0.11,0.02002002002002002,0.18018018018018017,0.222,0.08008008008008008,0.3203203203203203,-11.227622714530131,-11.630579739714353
2022-05-10,bb7,0.971,1.0,0.20020020020020018,-2.2759425125236543,0.072,0.02002002002002002,0.18068068068068022,0.176,0.08008008008008008,0.3203203203203203,-10.867878423854595,-11.3206455328543
2022-05-11,bb7,0.983,1.0,0.20020020020020018,-4.6945839665590094,0.11,0.02002002002002002,0.20020020020020018,0.186,0.08008008008008008,0.3203203203203203,-10.599760770675205,-11.125442216934044
2022-05-12,bb7,0.98,1.0,0.20020020020020018,-5.043361929889274,0.1,0.02002002002002002,0.20020020020020018,0.176,0.08008008008008008,0.3203203203203203,-10.40505831459332,-10.993641983000927
2022-05-13,bb7,0.973,1.0,0.20020020020020018,-9.144205656910813,0.102,0.02002002002002002,0.20020020020020018,0.202,0.10010010010010009,0.3203203203203203,-10.08406027927283,-10.619284069277835
2022-05-16,bb7,0.998,1.0,0.20020020020020018,-6.91125294996963,0.108,0.02002002002002002,0.20020020020020018,0.186,0.10010010010010009,0.32082082082082036,-10.093004077963275,-10.511866984316821
2022-05-17,bb7,0.998,1.0,0.20020020020020018,-3.2107127990139004,0.104,0.02002002002002002,0.20020020020020018,0.214,0.10010010010010009,0.34034034034034033,-9.968496055462186,-10.404490684114602
2022-05-18,bb7,0.998,1.0,0.20020020020020018,-3.1748148075705145,0.106,0.02002002002002002,0.20020020020020018,0.2,0.10010010010010009,0.34034034034034033,-9.909665514065546,-10.387213666194638
2022-05-19,bb7,0.999,1.0,0.20020020020020018,-8.75544834782307,0.09,0.02002002002002002,0.20020020020020018,0.184,0.10010010010010009,0.34034034034034033,-9.822180414399815,-10.25341253298251
2022-05-20,bb7,0.998,1.0,0.20020020020020018,-5.2036793914221295,0.12,0.02002002002002002,0.20020020020020018,0.246,0.10010010010010009,0.3203203203203203,-9.880853797653282,-10.34942079800618
2022-05-23,bb7,0.994,1.0,0.20020020020020018,-4.9575876826108205,0.108,0.02002002002002002,0.20020020020020018,0.196,0.10010010010010009,0.3203203203203203,-9.685569506397373,-10.099243950953046
2022-05-24,bb7,0.997,1.0,0.20020020020020018,-5.14570256329591,0.116,0.02002002002002002,0.20020020020020018,0.17,0.06006006006006006,0.2802802802802803,-9.46799585889319,-9.837314523656023
2022-05-25,bb7,0.994,1.0,0.20020020020020018,-5.600102175489955,0.098,0.02002002002002002,0.20020020020020018,0.194,0.10010010010010009,0.3203203203203203,-9.433781591090657,-9.831777328068606
2022-05-26,bb7,0.996,1.0,0.20020020020020018,-1.4487896713898092,0.08,0.02002002002002002,0.20020020020020018,0.182,0.10010010010010009,0.3203203203203203,-9.757125132206736,-10.107227501622084
2022-05-27,bb7,0.996,1.0,0.20020020020020018,1.9830345462048558,0.126,0.02002002002002002,0.20020020020020018,0.198,0.06006006006006006,0.2802802802802803,-10.298600680815948,-10.619889349450528
2022-05-30,bb7,0.996,1.0,0.20020020020020018,4.133134931635121,0.12,0.02002002002002002,0.20020020020020018,0.188,0.06006006006006006,0.2802802802802803,-10.0206875959454,-10.310264739082744
2022-05-31,bb7,0.998,1.0,0.20020020020020018,0.8951594046193855,0.108,0.02002002002002002,0.20020020020020018,0.18,0.06006006006006006,0.2802802802802803,-9.846045345731538,-10.158955543936404
2022-06-01,bb7,0.999,1.0,0.20020020020020018,1.3871198062459364,0.094,0.02002002002002002,0.20020020020020018,0.164,0.06006006006006006,0.2802802802802803,-9.636423379020519,-9.963469548581113
2022-06-02,bb7,0.998,1.0,0.20020020020020018,6.49310603339852,0.106,0.02002002002002002,0.20020020020020018,0.184,0.06006006006006006,0.2802802802802803,-11.726670157510002,-12.0945320029824
2022-06-03,bb7,0.998,1.0,0.20020020020020018,3.763534217026516,0.098,0.02002002002002002,0.18068068068068022,0.182,0.06006006006006006,0.2802802802802803,-11.671696624223133,-11.987224549946868
2022-06-06,bb7,0.998,1.0,0.20020020020020018,3.6602135410617205,0.082,0.02002002002002002,0.20020020020020018,0.142,0.06006006006006006,0.2802802802802803,-11.103165943394258,-11.432835084861996
2022-06-07,bb7,0.999,1.0,0.20020020020020018,3.6761240915632913,0.1,0.02002002002002002,0.20020020020020018,0.152,0.06006006006006006,0.2802802802802803,-10.898501079875107,-11.22213616363287
2022-06-08,bb7,0.998,1.0,0.20020020020020018,5.463420678226917,0.106,0.02002002002002002,0.20020020020020018,0.152,0.06006006006006006,0.2802802802802803,-10.76672709832594,-11.097519515326395
2022-06-09,bb7,0.996,1.0,0.20020020020020018,3.41741543720891,0.068,0.02002002002002002,0.20020020020020018,0.126,0.06006006006006006,0.2802802802802803,-10.493450915266134,-10.84363607445248
2022-06-10,bb7,0.994,1.0,0.20020020020020018,0.28978563427952,0.098,0.02002002002002002,0.20020020020020018,0.164,0.06006006006006006,0.2802802802802803,-10.446235970551262,-10.78662059135997
2022-06-13,bb7,0.99,1.0,0.20020020020020018,-6.06541514615033,0.09,0.02002002002002002,0.20020020020020018,0.16,0.06006006006006006,0.2802802802802803,-10.403589022819391,-10.792621007318541
2022-06-14,bb7,0.989,1.0,0.20020020020020018,-4.325138286798884,0.098,0.02002002002002002,0.18068068068068022,0.18,0.06006006006006006,0.2802802802802803,-9.877540161617967,-10.29165227941941
2022-06-15,bb7,0.994,1.0,0.20020020020020018,-3.7861464210677345,0.104,0.02002002002002002,0.20020020020020018,0.172,0.06006006006006006,0.2802802802802803,-9.73046159622135,-10.1428828528946
2022-06-16,bb7,0.99,1.0,0.20020020020020018,-6.91615155002841,0.102,0.02002002002002002,0.18068068068068022,0.152,0.06006006006006006,0.2802802802802803,-9.486437557627097,-9.875955501843265
2022-06-17,bb7,0.992,1.0,0.20020020020020018,-7.219269292472511,0.102,0.02002002002002002,0.18068068068068022,0.188,0.06006006006006006,0.2802802802802803,-9.237412999292554,-9.652762479775928
2022-06-20,bb7,0.994,1.0,0.20020020020020018,-7.16768397073651,0.09,0.02002002002002002,0.18068068068068022,0.174,0.06006006006006006,0.2802802802802803,-9.039355034437293,-9.425287396555614
2022-06-21,bb7,0.994,1.0,0.20020020020020018,-3.3052472423766694,0.09,0.02002002002002002,0.18018018018018017,0.166,0.06006006006006006,0.2802802802802803,-9.03735622244977,-9.421448400050318
2022-06-22,bb7,0.996,1.0,0.20020020020020018,-4.710836337073925,0.088,0.02002002002002002,0.20020020020020018,0.174,0.06006006006006006,0.2802802802802803,-9.021296307378078,-9.428267141375457
2022-06-23,bb7,0.996,1.0,0.20020020020020018,-3.8016044347962454,0.068,0.02002002002002002,0.20020020020020018,0.154,0.06006006006006006,0.2802802802802803,-8.72675162576015,-9.135849760581328
2022-06-24,bb7,0.994,1.0,0.20020020020020018,-2.05317521485611,0.092,0.02002002002002002,0.18068068068068022,0.17,0.06006006006006006,0.2802802802802803,-9.12609555917711,-9.5680050815274
2022-06-27,bb7,0.996,1.0,0.2202202202202202,3.420754052843085,0.098,0.02002002002002002,0.20020020020020018,0.194,0.06006006006006006,0.2802802802802803,-10.674465156698835,-11.1690665996452
2022-06-28,bb7,0.994,1.0,0.2202202202202202,3.1262516401558242,0.12,0.02002002002002002,0.20020020020020018,0.192,0.06006006006006006,0.28078078078078034,-10.308604213485843,-10.755158401339955
2022-06-29,bb7,0.994,1.0,0.2202202202202202,2.2739990703338244,0.104,0.02002002002002002,0.20020020020020018,0.166,0.06006006006006006,0.3003003003003003,-10.060833451592119,-10.54273017959401
2022-06-30,bb7,0.998,1.0,0.2202202202202202,4.941664358365545,0.08,0.02002002002002002,0.20020020020020018,0.152,0.06006006006006006,0.3003003003003003,-10.363556392961433,-10.802490706682264
2022-07-01,bb7,0.998,1.0,0.2202202202202202,6.062020549261065,0.102,0.02002002002002002,0.20020020020020018,0.17,0.06006006006006006,0.3003003003003003,-10.061895856767686,-10.488492153090649
2022-07-04,bb7,0.998,1.0,0.2202202202202202,6.814727744518734,0.11,0.02002002002002002,0.20020020020020018,0.184,0.06006006006006006,0.3003003003003003,-9.981185270239417,-10.390398102601374
2022-07-05,bb7,0.999,1.0,0.2202202202202202,3.2095519348962895,0.12,0.02002002002002002,0.20020020020020018,0.19,0.06006006006006006,0.3003003003003003,-10.019814819911328,-10.344787708003858
2022-07-06,bb7,0.996,1.0,0.2202202202202202,5.341087922690474,0.084,0.02002002002002002,0.20020020020020018,0.16,0.06006006006006006,0.3003003003003003,-9.328015302140376,-9.623728305118897
2022-07-07,bb7,0.996,1.0,0.2202202202202202,5.337156463291479,0.108,0.02002002002002002,0.20020020020020018,0.184,0.06006006006006006,0.3003003003003003,-9.268070646661538,-9.544630055057787
2022-07-08,bb7,0.996,1.0,0.2202202202202202,6.121990506270531,0.11,0.02002002002002002,0.20020020020020018,0.166,0.06006006006006006,0.3003003003003003,-9.134480669129351,-9.41523820847247
2022-07-11,bb7,0.996,1.0,0.2202202202202202,2.7954825254860705,0.09,0.02002002002002002,0.20020020020020018,0.176,0.06006006006006006,0.3003003003003003,-9.169146556782598,-9.451791401038495
2022-07-12,bb7,0.996,1.0,0.2202202202202202,0.757484286688205,0.104,0.02002002002002002,0.20020020020020018,0.184,0.06006006006006006,0.3003003003003003,-8.99273988367477,-9.264048391893228
2022-07-13,bb7,0.996,1.0,0.2202202202202202,2.2518703679241003,0.124,0.02002002002002002,0.20020020020020018,0.222,0.06006006006006006,0.3003003003003003,-8.917133415360812,-9.187844618411727
2022-07-14,bb7,0.994,1.0,0.2202202202202202,0.279648156207815,0.096,0.02002002002002002,0.20020020020020018,0.17,0.06006006006006006,0.3003003003003003,-8.808259501483688,-9.087445604473007
2022-07-15,bb7,0.996,1.0,0.2202202202202202,-0.3908088722076849,0.1,0.02002002002002002,0.20020020020020018,0.172,0.06006006006006006,0.3003003003003003,-8.686847203305257,-8.97615172462422
2022-07-18,bb7,0.989,1.0,0.2202202202202202,1.8123560236041196,0.086,0.02002002002002002,0.20020020020020018,0.154,0.06006006006006006,0.3003003003003003,-8.46609927556185,-8.743650745783292
2022-07-19,bb7,0.994,1.0,0.2202202202202202,2.937165396960425,0.104,0.02002002002002002,0.20020020020020018,0.186,0.06006006006006006,0.3003003003003003,-8.163126530251484,-8.458039104125298
2022-07-20,bb7,0.991,1.0,0.2202202202202202,3.685519287720485,0.1,0.02002002002002002,0.20020020020020018,0.176,0.06006006006006006,0.3003003003003003,-8.01987540210726,-8.323337382768473
2022-07-21,bb7,0.994,1.0,0.2202202202202202,3.661748425784764,0.116,0.02002002002002002,0.20020020020020018,0.162,0.06006006006006006,0.3003003003003003,-7.82160208831622,-8.10226434843182
2022-07-22,bb7,0.994,1.0,0.2202202202202202,2.24007789317292,0.092,0.02002002002002002,0.20020020020020018,0.178,0.06006006006006006,0.3003003003003003,-7.715882635283995,-7.993171373460078
2022-07-25,bb7,0.994,1.0,0.2202202202202202,3.96615672741415,0.106,0.02002002002002002,0.20020020020020018,0.172,0.06006006006006006,0.3003003003003003,-8.379773012562072,-8.690396050904523
2022-07-26,bb7,0.998,1.0,0.2202202202202202,3.3626145967907655,0.096,0.02002002002002002,0.20020020020020018,0.152,0.06006006006006006,0.3003003003003003,-8.913469927491843,-9.22027671593153
2022-07-27,bb7,0.996,1.0,0.2202202202202202,5.024305789336089,0.102,0.02002002002002002,0.20020020020020018,0.16,0.06006006006006006,0.3003003003003003,-8.526572911193377,-8.844074820169403
2022-07-28,bb7,0.994,1.0,0.2202202202202202,8.259317643835034,0.106,0.02002002002002002,0.20020020020020018,0.186,0.06006006006006006,0.3003003003003003,-8.54236674829678,-8.897908563621781
2022-07-29,bb7,0.994,1.0,0.2202202202202202,8.899589115681355,0.096,0.02002002002002002,0.20020020020020018,0.144,0.06006006006006006,0.3003003003003003,-8.259350331946386,-8.606866572781625
2022-08-01,bb7,0.994,1.0,0.2202202202202202,6.25666417602706,0.11,0.02002002002002002,0.20020020020020018,0.192,0.0795795795795796,0.3003003003003003,-8.460145208945058,-8.774115726906773
2022-08-02,bb7,0.994,1.0,0.2202202202202202,6.21129596074757,0.108,0.02002002002002002,0.20020020020020018,0.172,0.0795795795795796,0.3003003003003003,-8.326990516462265,-8.638731778107257
2022-08-03,bb7,0.994,1.0,0.2202202202202202,4.72275901142532,0.096,0.02002002002002002,0.20020020020020018,0.17,0.08008008008008008,0.3003003003003003,-8.320189657174058,-8.629469084320252
2022-08-04,bb7,0.994,1.0,0.2202202202202202,4.1673973147446794,0.122,0.02002002002002002,0.20020020020020018,0.18,0.08008008008008008,0.3003003003003003,-8.243260760845475,-8.530144331507232
2022-08-05,bb7,0.99,1.0,0.2202202202202202,5.195832897633674,0.098,0.02002002002002002,0.20020020020020018,0.154,0.0795795795795796,0.3003003003003003,-8.114473455380839,-8.409342104706045
2022-08-08,bb7,0.989,1.0,0.2202202202202202,3.96011162456885,0.088,0.02002002002002002,0.20020020020020018,0.164,0.0795795795795796,0.3003003003003003,-8.023377917119795,-8.34133073416658
2022-08-10,bb7,0.994,1.0,0.2202202202202202,5.007468279336194,0.124,0.02002002002002002,0.20020020020020018,0.198,0.06006006006006006,0.3003003003003003,-9.246757385388783,-9.549005461098332
2022-08-11,bb7,0.994,1.0,0.2202202202202202,4.49328836233159,0.092,0.02002002002002002,0.20020020020020018,0.156,0.0795795795795796,0.3003003003003003,-9.246068302366446,-9.553666801454812
2022-08-12,bb7,0.994,1.0,0.2202202202202202,2.3009421755562194,0.126,0.02002002002002002,0.20020020020020018,0.202,0.08008008008008008,0.3003003003003003,-9.081023087616266,-9.403507877779154
2022-08-16,bb7,0.994,1.0,0.2202202202202202,1.2584104196834192,0.088,0.02002002002002002,0.20020020020020018,0.158,0.08008008008008008,0.3003003003003003,-8.995328046878615,-9.349601910532053
2022-08-17,bb7,0.992,1.0,0.2202202202202202,1.2211504183746391,0.108,0.02002002002002002,0.20020020020020018,0.166,0.08008008008008008,0.3003003003003003,-8.80086176592652,-9.164489516170345
2022-08-18,bb7,0.988,1.0,0.2202202202202202,0.3511765172519444,0.094,0.02002002002002002,0.20020020020020018,0.16,0.08008008008008008,0.3003003003003003,-8.533182787480339,-8.834658546461304
2022-08-19,bb7,0.993,1.0,0.2202202202202202,-0.9519751161192407,0.114,0.02002002002002002,0.20020020020020018,0.17,0.08008008008008008,0.3003003003003003,-8.29026106141274,-8.629373336566124
2022-08-22,bb7,0.989,1.0,0.2202202202202202,-2.865363942921335,0.122,0.02002002002002002,0.20020020020020018,0.202,0.08008008008008008,0.3003003003003003,-8.190582749197727,-8.497981509858139
2022-08-23,bb7,0.993,1.0,0.2202202202202202,-3.219835616499515,0.102,0.02002002002002002,0.20020020020020018,0.18,0.08008008008008008,0.3003003003003003,-8.021749501164765,-8.34810007695328
2022-08-24,bb7,0.993,1.0,0.2202202202202202,-2.7007050734553903,0.126,0.02002002002002002,0.20020020020020018,0.188,0.08008008008008008,0.3003003003003003,-8.21480115305001,-8.575166463817562
2022-08-25,bb7,0.993,1.0,0.2202202202202202,-2.151385462586055,0.126,0.02002002002002002,0.20020020020020018,0.196,0.0795795795795796,0.3003003003003003,-8.177280335013782,-8.547611630291645
2022-08-26,bb7,0.993,1.0,0.2202202202202202,-3.223895807263465,0.108,0.02002002002002002,0.20020020020020018,0.178,0.0795795795795796,0.3003003003003003,-8.390199226878956,-8.710520348191595
2022-08-29,bb7,0.993,1.0,0.2202202202202202,-5.849812186793425,0.132,0.02002002002002002,0.20020020020020018,0.18,0.0795795795795796,0.3003003003003003,-8.392960646781571,-8.69707059406005
2022-08-30,bb7,0.993,1.0,0.2202202202202202,-2.85008730465401,0.13,0.02002002002002002,0.20020020020020018,0.196,0.0795795795795796,0.3003003003003003,-8.442084228470186,-8.7440567029692
2022-09-01,bb7,0.992,1.0,0.2202202202202202,-4.1444870604053445,0.118,0.02002002002002002,0.20020020020020018,0.192,0.0795795795795796,0.3003003003003003,-8.147436243431292,-8.45340191276593
2022-09-02,bb7,0.992,1.0,0.2202202202202202,-3.8760818714402943,0.086,0.02002002002002002,0.20020020020020018,0.16,0.0795795795795796,0.3003003003003003,-8.140269481334268,-8.45229058114123
2022-09-05,bb7,0.992,1.0,0.2202202202202202,-2.6917228078988895,0.114,0.02002002002002002,0.20020020020020018,0.188,0.0795795795795796,0.3003003003003003,-8.5248670321834,-8.85958591853896
2022-09-06,bb7,0.994,1.0,0.2202202202202202,-1.4531483343768494,0.1,0.04004004004004004,0.20020020020020018,0.19,0.08008008008008008,0.3003003003003003,-8.707073621441864,-8.995875691048743
2022-09-07,bb7,0.995,1.0,0.2202202202202202,-1.7875034607547846,0.108,0.04004004004004004,0.2202202202202202,0.178,0.0795795795795796,0.3003003003003003,-9.054417080420215,-9.36793040608645
2022-09-08,bb7,0.996,1.0,0.2202202202202202,0.33859527824401536,0.092,0.02002002002002002,0.20020020020020018,0.164,0.0795795795795796,0.3003003003003003,-8.748784026906437,-9.057644016673708
2022-09-09,bb7,0.996,1.0,0.2202202202202202,2.855110749320275,0.112,0.04004004004004004,0.2202202202202202,0.174,0.0795795795795796,0.3003003003003003,-8.78888107613129,-9.09845052465624
2022-09-12,bb7,0.996,1.0,0.2202202202202202,3.3630150225516204,0.112,0.04004004004004004,0.2202202202202202,0.194,0.0795795795795796,0.3003003003003003,-8.55831064673626,-8.886253630153405
2022-09-13,bb7,0.996,1.0,0.2202202202202202,6.792029923189671,0.102,0.02002002002002002,0.20020020020020018,0.182,0.08008008008008008,0.3003003003003003,-10.138273373195297,-10.569201179165574
2022-09-14,bb7,0.996,1.0,0.2202202202202202,3.082207069024024,0.08,0.02002002002002002,0.20020020020020018,0.138,0.08008008008008008,0.3003003003003003,-10.065952919683992,-10.463396281680827
2022-09-15,bb7,0.997,1.0,0.2202202202202202,2.4319395313597285,0.118,0.02002002002002002,0.20020020020020018,0.214,0.08008008008008008,0.3003003003003003,-9.865519157538417,-10.2508006410796
2022-09-16,bb7,0.998,1.0,0.2202202202202202,-0.3990118316430258,0.128,0.039539539539539564,0.20070070070070023,0.196,0.08008008008008008,0.3003003003003003,-9.533887219878343,-9.897751625559238
2022-09-19,bb7,0.997,1.0,0.2202202202202202,0.5119460332677641,0.112,0.04004004004004004,0.20070070070070023,0.18,0.08008008008008008,0.3003003003003003,-9.31292604567999,-9.688276969354872
2022-09-20,bb7,0.99,0.999,0.2202202202202202,0.9207638995586747,0.112,0.04004004004004004,0.20070070070070023,0.184,0.08008008008008008,0.3003003003003003,-9.237410041428014,-9.632616069505
2022-09-21,bb7,0.986,0.999,0.2202202202202202,0.5066550558622531,0.15,0.04004004004004004,0.2202202202202202,0.216,0.08008008008008008,0.3003003003003003,-8.989248132404928,-9.367910876447116
2022-09-22,bb7,0.988,0.999,0.2202202202202202,-1.7604872138430654,0.102,0.04004004004004004,0.2202202202202202,0.172,0.08008008008008008,0.30080080080080035,-8.926497659389598,-9.279736520431747
2022-09-23,student,0.994,1.0,0.2202202202202202,-5.335001713515785,0.1,0.04004004004004004,0.2202202202202202,0.15,0.08008008008008008,0.30080080080080035,-8.74241218802505,-9.084290948073278
2022-09-26,bb7,0.994,1.0,0.2202202202202202,-6.408670878597305,0.12,0.04004004004004004,0.2202202202202202,0.212,0.08008008008008008,0.3203203203203203,-8.664824071935461,-8.956363445556315
2022-09-27,student,0.986,0.998,0.2202202202202202,-7.121473566970176,0.09,0.04004004004004004,0.2202202202202202,0.17,0.08008008008008008,0.3203203203203203,-8.33841918259283,-8.637619725256704
2022-09-28,bb7,0.994,1.0,0.2202202202202202,-7.091953921728554,0.102,0.04004004004004004,0.2202202202202202,0.174,0.08008008008008008,0.3003003003003003,-10.22480478314254,-10.627379490496034
2022-09-29,bb7,0.995,1.0,0.2202202202202202,-5.8167897674885145,0.106,0.04004004004004004,0.2202202202202202,0.168,0.08008008008008008,0.3003003003003003,-10.53002599071222,-10.92065941843218
2022-09-30,bb7,0.994,1.0,0.2202202202202202,-1.5523743124953047,0.128,0.04004004004004004,0.2202202202202202,0.194,0.08008008008008008,0.30080080080080035,-11.843516693826297,-12.2402674117444
2022-10-03,bb7,0.994,1.0,0.2202202202202202,-4.687477514511464,0.078,0.04004004004004004,0.2202202202202202,0.16,0.08008008008008008,0.30080080080080035,-11.308805042532452,-11.76885121737177
2022-10-04,bb7,0.994,1.0,0.2202202202202202,-2.2881677656990194,0.102,0.04004004004004004,0.2202202202202202,0.192,0.08008008008008008,0.30080080080080035,-10.710837544819086,-11.075041815221903
2022-10-06,bb7,0.994,1.0,0.2202202202202202,-0.17665289284074914,0.128,0.04004004004004004,0.2202202202202202,0.182,0.08008008008008008,0.30080080080080035,-10.400160970992397,-10.724715240587647
2022-10-07,student,0.992,0.998,0.2202202202202202,-0.4278237029562888,0.122,0.04004004004004004,0.2202202202202202,0.17,0.08008008008008008,0.3203203203203203,-10.004971263651022,-10.337361942056887
2022-10-10,bb7,0.994,0.999,0.2202202202202202,1.6024285396103157,0.14,0.04004004004004004,0.2202202202202202,0.208,0.08008008008008008,0.3203203203203203,-10.037273567679218,-10.461373468118097
2022-10-11,bb7,0.993,0.999,0.2202202202202202,0.06812329532046113,0.124,0.04004004004004004,0.2202202202202202,0.196,0.08008008008008008,0.3203203203203203,-9.751509910499195,-10.144606341716827
2022-10-12,bb7,0.992,0.999,0.2202202202202202,0.9932501087830657,0.096,0.04004004004004004,0.2202202202202202,0.174,0.08008008008008008,0.3203203203203203,-9.500290955594844,-9.90325259474856
2022-10-13,bb7,0.992,0.999,0.2202202202202202,0.5703995147358907,0.12,0.04004004004004004,0.2202202202202202,0.204,0.08008008008008008,0.3203203203203203,-9.774192996030761,-10.133225099504555
2022-10-14,bb7,0.992,0.999,0.2202202202202202,3.1516687868866713,0.102,0.04004004004004004,0.2202202202202202,0.196,0.08008008008008008,0.3203203203203203,-9.311291963729355,-9.689339693238349
2022-10-17,bb7,0.987,0.997,0.2202202202202202,3.850307333280986,0.122,0.04004004004004004,0.2202202202202202,0.186,0.08008008008008008,0.3203203203203203,-9.0924725045988,-9.4503362300099
2022-10-18,bb7,0.992,0.998,0.2202202202202202,7.74424997999522,0.114,0.04004004004004004,0.2202202202202202,0.178,0.08008008008008008,0.3203203203203203,-9.288689563491443,-9.66042156097408
2022-10-19,bb7,0.992,0.998,0.2202202202202202,3.8292757131789297,0.14,0.04004004004004004,0.2202202202202202,0.234,0.08008008008008008,0.3203203203203203,-9.35779941947754,-9.69608094155008
2022-10-20,bb7,0.992,0.998,0.2202202202202202,3.2043901164406647,0.124,0.04004004004004004,0.2202202202202202,0.196,0.08008008008008008,0.3203203203203203,-9.321292850801397,-9.650905974776283
2022-10-21,bb7,0.99,0.996,0.2202202202202202,4.4803384183187545,0.108,0.04004004004004004,0.2202202202202202,0.174,0.08008008008008008,0.3203203203203203,-9.089062078772713,-9.36467149143854
2022-10-24,student,0.992,0.996,0.2202202202202202,5.46335131361171,0.072,0.04004004004004004,0.2202202202202202,0.154,0.08008008008008008,0.3203203203203203,-8.976154208769687,-9.288997747139113
2022-10-25,bb7,0.994,0.999,0.2202202202202202,8.10413570803327,0.096,0.04004004004004004,0.2202202202202202,0.196,0.08008008008008008,0.3203203203203203,-9.511614612273101,-9.83871839853576
2022-10-27,bb7,0.994,0.999,0.2202202202202202,7.890670683259179,0.12,0.04004004004004004,0.2202202202202202,0.204,0.08008008008008008,0.3203203203203203,-9.28783331261969,-9.641952194316389
2022-10-28,bb7,0.994,0.999,0.2202202202202202,8.24402028703387,0.096,0.04004004004004004,0.2202202202202202,0.176,0.08008008008008008,0.3203203203203203,-9.380761734596435,-9.669971510878964
2022-10-31,student,0.994,0.999,0.2202202202202202,6.88380757224564,0.1,0.04004004004004004,0.2202202202202202,0.162,0.08008008008008008,0.3203203203203203,-9.272914460544513,-9.604248924056796
2022-11-01,student,0.994,0.999,0.2202202202202202,6.22374203618131,0.1,0.04004004004004004,0.2202202202202202,0.16,0.08008008008008008,0.3203203203203203,-9.081867964290165,-9.474561059315139
2022-11-02,bb7,0.992,0.999,0.2202202202202202,3.1694028429739847,0.13,0.04004004004004004,0.2202202202202202,0.228,0.08008008008008008,0.3203203203203203,-9.23310435296002,-9.640772108209676
2022-11-03,bb7,0.99,0.997,0.2202202202202202,4.813459561458311,0.104,0.04004004004004004,0.2202202202202202,0.198,0.08008008008008008,0.3203203203203203,-9.334628132173187,-9.730955733794717
2022-11-04,bb7,0.987,0.996,0.2202202202202202,4.33330903644854,0.12,0.04004004004004004,0.2202202202202202,0.21,0.08008008008008008,0.3203203203203203,-8.914154825885088,-9.305312003239012
2022-11-07,bb7,0.994,0.999,0.2202202202202202,5.31380318485467,0.106,0.04004004004004004,0.2202202202202202,0.198,0.08008008008008008,0.3203203203203203,-8.725703862786945,-9.119386715342259
2022-11-09,bb7,0.99,0.996,0.2202202202202202,4.124074542578825,0.138,0.04004004004004004,0.2202202202202202,0.224,0.08008008008008008,0.3203203203203203,-8.686442481728914,-9.063088805479758
2022-11-10,bb7,0.992,0.996,0.2202202202202202,2.0364729960159846,0.144,0.04004004004004004,0.2202202202202202,0.218,0.08008008008008008,0.3203203203203203,-8.544752046852574,-8.917816575636676
2022-11-11,bb7,0.994,0.999,0.2202202202202202,3.32515284801194,0.118,0.04004004004004004,0.2202202202202202,0.234,0.08008008008008008,0.3203203203203203,-8.317804362937753,-8.656183244060212
2022-11-14,bb7,0.992,0.996,0.20020020020020018,4.199902892659725,0.094,0.04004004004004004,0.2202202202202202,0.164,0.08008008008008008,0.3203203203203203,-8.387891326514298,-8.71954087768907
2022-11-15,bb7,0.992,0.996,0.20020020020020018,4.102779490440979,0.124,0.04004004004004004,0.2202202202202202,0.226,0.08008008008008008,0.3203203203203203,-8.279509510156945,-8.63338889131499
2022-11-16,bb7,0.992,0.996,0.20020020020020018,2.8805695318689897,0.122,0.04004004004004004,0.2202202202202202,0.2,0.08008008008008008,0.3203203203203203,-8.136247104335718,-8.440342769243411
2022-11-17,bb7,0.992,0.997,0.20020020020020018,3.2346420563815,0.108,0.04004004004004004,0.2202202202202202,0.194,0.08008008008008008,0.3203203203203203,-7.974833208338156,-8.293920050653856
2022-11-18,bb7,0.992,0.996,0.20020020020020018,3.504550136509235,0.124,0.04004004004004004,0.2202202202202202,0.204,0.08008008008008008,0.3203203203203203,-8.113905021426637,-8.459063580515757
2022-11-21,bb7,0.99,0.994,0.20020020020020018,2.106800014980765,0.096,0.04004004004004004,0.2202202202202202,0.176,0.08008008008008008,0.3203203203203203,-8.195052779880232,-8.52610277816458
2022-11-22,bb7,0.992,0.996,0.20020020020020018,1.269291874452955,0.098,0.04004004004004004,0.2202202202202202,0.172,0.08008008008008008,0.3203203203203203,-8.42651532496992,-8.723306836893865
2022-11-23,bb7,0.992,0.997,0.20020020020020018,1.6797689794083301,0.118,0.04004004004004004,0.2202202202202202,0.206,0.08008008008008008,0.3203203203203203,-8.209950148421791,-8.498888607688373
2022-11-24,bb7,0.992,0.994,0.20020020020020018,4.38092363954094,0.096,0.04004004004004004,0.2202202202202202,0.19,0.08008008008008008,0.3203203203203203,-8.212283233466259,-8.507097457248431
2022-11-25,bb7,0.992,0.996,0.20020020020020018,2.549733391448705,0.098,0.04004004004004004,0.2202202202202202,0.196,0.08008008008008008,0.3203203203203203,-8.461190920222954,-8.794740420368322
2022-11-28,bb7,0.992,0.995,0.20020020020020018,2.5237481376879454,0.102,0.04004004004004004,0.2202202202202202,0.178,0.08008008008008008,0.3203203203203203,-8.478023644297332,-8.805598510874939
2022-11-29,bb7,0.996,0.999,0.20020020020020018,1.7242195422730835,0.11,0.04004004004004004,0.2202202202202202,0.188,0.08008008008008008,0.3203203203203203,-8.3897026041859,-8.736762809988868
2022-11-30,bb7,0.994,0.999,0.20020020020020018,1.2175956962885286,0.11,0.04004004004004004,0.2202202202202202,0.188,0.08008008008008008,0.3203203203203203,-8.40275999528234,-8.775384796877352
2022-12-01,bb7,0.994,0.999,0.20020020020020018,2.8982936306842237,0.108,0.04004004004004004,0.2202202202202202,0.208,0.08008008008008008,0.3203203203203203,-8.282323275602922,-8.679085516552341
2022-12-02,bb7,0.996,0.999,0.20020020020020018,1.7779842468396037,0.118,0.04004004004004004,0.2202202202202202,0.198,0.08008008008008008,0.3203203203203203,-7.957085644644056,-8.364324264715531
2022-12-05,bb7,0.996,0.999,0.20020020020020018,3.8106319276384135,0.118,0.04004004004004004,0.2202202202202202,0.192,0.08008008008008008,0.3203203203203203,-8.071577689564814,-8.461448004546812
2022-12-06,bb7,0.996,0.999,0.20020020020020018,1.6862797485288736,0.084,0.04004004004004004,0.2202202202202202,0.166,0.08008008008008008,0.3203203203203203,-7.784383082301676,-8.181669286145949
2022-12-07,bb7,0.994,0.999,0.20020020020020018,0.6515400043506935,0.104,0.04004004004004004,0.2202202202202202,0.178,0.08008008008008008,0.3203203203203203,-7.701859864254877,-8.106766970569355
2022-12-08,bb7,0.994,0.999,0.20020020020020018,-0.10855429458841137,0.112,0.04004004004004004,0.2202202202202202,0.194,0.08008008008008008,0.3203203203203203,-7.582846879405463,-7.954075730158804
2022-12-09,bb7,0.992,0.998,0.20020020020020018,-1.3269914425641316,0.116,0.04004004004004004,0.2202202202202202,0.19,0.08008008008008008,0.3203203203203203,-7.543271940707307,-7.891515573734406
2022-12-12,bb7,0.992,0.998,0.20020020020020018,-2.0395331388073963,0.116,0.04004004004004004,0.2202202202202202,0.226,0.08008008008008008,0.3203203203203203,-7.4681161763747514,-7.803984209497559
2022-12-13,bb7,0.992,0.998,0.20020020020020018,-1.108413898010515,0.12,0.04004004004004004,0.2202202202202202,0.214,0.08008008008008008,0.3203203203203203,-7.316434718364665,-7.643194300745432
2022-12-14,bb7,0.992,0.998,0.20020020020020018,0.14897026726690488,0.11,0.04004004004004004,0.2202202202202202,0.184,0.08008008008008008,0.3203203203203203,-7.221495001485805,-7.519770372590041
2022-12-15,bb7,0.99,0.994,0.20020020020020018,-3.0067800442526105,0.088,0.04004004004004004,0.2202202202202202,0.176,0.08008008008008008,0.3203203203203203,-7.304245738118355,-7.610923843719731
2022-12-16,bb7,0.994,0.998,0.20020020020020018,-4.009768180426495,0.114,0.04004004004004004,0.2202202202202202,0.2,0.08008008008008008,0.3203203203203203,-7.407618461706589,-7.735993954291364
2022-12-19,bb7,0.995,0.998,0.20020020020020018,-5.26134876035438,0.086,0.04004004004004004,0.2202202202202202,0.152,0.08008008008008008,0.3203203203203203,-7.421806781286098,-7.754721983920378
2022-12-20,bb7,0.994,0.998,0.20020020020020018,-3.7565617749147022,0.104,0.04004004004004004,0.2202202202202202,0.172,0.08008008008008008,0.3203203203203203,-7.721503738333438,-8.047919027433526
2022-12-21,bb7,0.994,0.996,0.20020020020020018,-4.2182995660537514,0.114,0.04004004004004004,0.2202202202202202,0.212,0.08008008008008008,0.3203203203203203,-7.770855775173662,-8.084613688247304
2022-12-22,bb7,0.997,0.999,0.20020020020020018,-4.637602808544702,0.122,0.04004004004004004,0.2202202202202202,0.21,0.08008008008008008,0.3203203203203203,-7.499503002708632,-7.773400526027915
2022-12-23,bb7,0.996,0.999,0.20020020020020018,-5.926438105973312,0.102,0.04004004004004004,0.2202202202202202,0.196,0.08008008008008008,0.3203203203203203,-8.436576242229133,-8.692387260505747
2022-12-26,bb7,0.996,0.999,0.20020020020020018,-2.787237503112277,0.136,0.04004004004004004,0.2202202202202202,0.216,0.08008008008008008,0.3203203203203203,-8.425966643342315,-8.719935515720604
2022-12-27,bb7,0.994,0.998,0.20020020020020018,-3.0750065775584927,0.112,0.04004004004004004,0.2202202202202202,0.194,0.08008008008008008,0.3203203203203203,-8.165141618005322,-8.455148836018948
2022-12-28,bb7,0.996,0.999,0.20020020020020018,-4.235460847379792,0.12,0.04004004004004004,0.2202202202202202,0.174,0.08008008008008008,0.3203203203203203,-7.90975045116805,-8.212578820109385
2022-12-29,bb7,0.997,0.999,0.20020020020020018,-1.088503361521052,0.106,0.04004004004004004,0.2202202202202202,0.204,0.08008008008008008,0.3203203203203203,-8.486998497707132,-8.838252453581976
2022-12-30,bb7,0.994,0.998,0.20020020020020018,0.38844813048297344,0.116,0.04004004004004004,0.2202202202202202,0.214,0.08008008008008008,0.3203203203203203,-8.910798981186675,-9.327085934504222
2023-01-02,bb7,0.997,0.999,0.20020020020020018,1.186282020586718,0.094,0.04004004004004004,0.2202202202202202,0.19,0.08008008008008008,0.34034034034034033,-8.713626708496573,-9.121030937616444
2023-01-03,bb7,0.998,0.999,0.20020020020020018,1.1566728367984602,0.132,0.04004004004004004,0.2202202202202202,0.222,0.08008008008008008,0.34034034034034033,-8.546907701185548,-8.908418559129263
2023-01-04,bb7,0.996,0.999,0.20020020020020018,0.49355008918376964,0.102,0.04004004004004004,0.2202202202202202,0.19,0.08008008008008008,0.3203203203203203,-8.498625008882536,-8.855389615725453
2023-01-05,bb7,0.997,0.999,0.20020020020020018,-0.5869895329296502,0.118,0.04004004004004004,0.2202202202202202,0.23,0.08008008008008008,0.3203203203203203,-8.275019212609536,-8.626491683707231
2023-01-06,bb7,0.998,1.0,0.20020020020020018,0.6190867934843596,0.082,0.04004004004004004,0.2202202202202202,0.17,0.08008008008008008,0.34034034034034033,-9.224383646157323,-9.613019016267735
2023-01-09,bb7,0.994,0.998,0.20020020020020018,0.2788561663206246,0.12,0.04004004004004004,0.2202202202202202,0.198,0.08008008008008008,0.34034034034034033,-9.39893895539994,-9.76397671338409
2023-01-10,bb7,0.996,0.999,0.20020020020020018,-2.07509924429129,0.142,0.04004004004004004,0.2202202202202202,0.226,0.08008008008008008,0.34034034034034033,-9.073791842741768,-9.440838248211355
2023-01-11,bb7,0.999,0.999,0.20020020020020018,-1.6680121015173703,0.116,0.04004004004004004,0.2202202202202202,0.234,0.08008008008008008,0.32082082082082036,-8.843325330284163,-9.179740568860497
2023-01-12,bb7,0.999,0.999,0.20020020020020018,-2.6330945428315853,0.122,0.04004004004004004,0.2202202202202202,0.198,0.08008008008008008,0.34034034034034033,-8.570755057133182,-8.910559896279878
2023-01-13,bb7,0.999,0.999,0.20020020020020018,-1.2715683181171904,0.11,0.04004004004004004,0.2202202202202202,0.18,0.08008008008008008,0.34034034034034033,-8.34793735183559,-8.67510996084418
2023-01-16,bb7,0.999,1.0,0.20020020020020018,-0.7079053071981748,0.124,0.04004004004004004,0.2202202202202202,0.22,0.08008008008008008,0.34034034034034033,-8.206072936455236,-8.522197104639666
2023-01-17,bb7,0.999,0.999,0.20020020020020018,-1.0602350085181553,0.122,0.04004004004004004,0.2202202202202202,0.226,0.08008008008008008,0.34034034034034033,-7.94807069025132,-8.272442804196025
2023-01-18,bb7,0.998,0.999,0.20020020020020018,0.5154341712027799,0.13,0.04004004004004004,0.2202202202202202,0.216,0.10010010010010009,0.34034034034034033,-8.183789458625961,-8.517091408812869
2023-01-19,bb7,0.997,0.999,0.20020020020020018,0.8374422183301702,0.106,0.04004004004004004,0.2202202202202202,0.202,0.09959959959959962,0.34034034034034033,-8.273824999575842,-8.58899184120595
2023-01-20,bb7,0.998,1.0,0.20020020020020018,1.8829184396547551,0.104,0.04004004004004004,0.2202202202202202,0.202,0.09959959959959962,0.34034034034034033,-8.50494655431638,-8.8281983306299
2023-01-23,bb7,0.997,0.999,0.20020020020020018,1.49587368429493,0.118,0.04004004004004004,0.2202202202202202,0.202,0.10010010010010009,0.34034034034034033,-8.652805878287408,-9.015013791886442
2023-01-24,bb7,0.994,0.998,0.20020020020020018,2.6521287263780096,0.122,0.04004004004004004,0.2202202202202202,0.204,0.10010010010010009,0.34034034034034033,-9.041553074329778,-9.383015117006881
2023-01-25,bb7,0.999,1.0,0.20020020020020018,-0.022264841056909734,0.142,0.04004004004004004,0.2202202202202202,0.224,0.10010010010010009,0.34034034034034033,-8.64143385767381,-8.907567740631242
2023-01-27,bb7,0.999,1.0,0.20020020020020018,-3.5606618067059848,0.106,0.04004004004004004,0.2202202202202202,0.172,0.10010010010010009,0.34034034034034033,-8.61578909229277,-8.88836821238716
2023-01-30,bb7,0.999,1.0,0.20020020020020018,-4.28791996307426,0.096,0.04004004004004004,0.2202202202202202,0.164,0.10010010010010009,0.34034034034034033,-8.436332612862767,-8.724632853119147
2023-01-31,bb7,0.999,0.999,0.20020020020020018,-4.013104208415205,0.11,0.04004004004004004,0.2202202202202202,0.192,0.10010010010010009,0.34034034034034033,-8.324875319323112,-8.59781714303123
2023-02-01,bb7,0.999,1.0,0.20020020020020018,-5.48694267862972,0.136,0.04004004004004004,0.2202202202202202,0.24,0.10010010010010009,0.34034034034034033,-8.334051827282131,-8.656008905216552
2023-02-02,bb7,0.999,1.0,0.20020020020020018,-4.438952731414906,0.134,0.04004004004004004,0.2202202202202202,0.208,0.10010010010010009,0.34034034034034033,-8.029545127461795,-8.34163369961594
2023-02-03,bb7,0.996,0.998,0.20020020020020018,-2.0995301785506344,0.114,0.04004004004004004,0.2202202202202202,0.22,0.10010010010010009,0.34034034034034033,-7.963002816276068,-8.275470552938213
2023-02-06,bb7,0.999,0.999,0.20020020020020018,-2.684994248078375,0.132,0.04004004004004004,0.2202202202202202,0.218,0.10010010010010009,0.34034034034034033,-8.048094339139684,-8.380761369365638
2023-02-07,bb7,0.999,0.999,0.20020020020020018,-4.189430444646595,0.106,0.04004004004004004,0.2202202202202202,0.206,0.10010010010010009,0.34034034034034033,-8.064402637090033,-8.432307716751414
2023-02-08,bb7,0.999,0.999,0.20020020020020018,-2.6718129639396406,0.134,0.04004004004004004,0.2202202202202202,0.208,0.10010010010010009,0.34034034034034033,-7.959397885919111,-8.355119271215802
2023-02-09,bb7,0.996,0.997,0.20020020020020018,0.7431242200463605,0.136,0.04004004004004004,0.2202202202202202,0.218,0.10010010010010009,0.34034034034034033,-9.395929405958693,-9.847074143668502
2023-02-10,bb7,0.996,0.994,0.20020020020020018,4.0576959116405895,0.148,0.04004004004004004,0.2202202202202202,0.234,0.10010010010010009,0.34034034034034033,-11.306603927949265,-11.764601294153518
2023-02-13,bb7,0.997,0.998,0.20020020020020018,0.8572777036247206,0.136,0.04004004004004004,0.2202202202202202,0.226,0.10010010010010009,0.34034034034034033,-10.87111354335435,-11.309431313246957
2023-02-14,bb7,0.994,0.997,0.20020020020020018,0.7470291189624152,0.124,0.04004004004004004,0.2202202202202202,0.204,0.10010010010010009,0.34034034034034033,-10.556245831086196,-10.960374536022707
2023-02-15,bb7,0.996,0.999,0.20020020020020018,2.852833692441576,0.114,0.04004004004004004,0.2202202202202202,0.184,0.10010010010010009,0.34034034034034033,-11.661198304813876,-12.040388053123959
2023-02-16,student,0.996,0.999,0.20020020020020018,1.6900560924833299,0.166,0.04004004004004004,0.2202202202202202,0.268,0.10010010010010009,0.34034034034034033,-11.285589905105036,-11.683860892372415
2023-02-17,bb7,0.997,0.998,0.20020020020020018,-1.7178128736456646,0.142,0.04004004004004004,0.2202202202202202,0.238,0.10010010010010009,0.34034034034034033,-11.077266858273147,-11.43849096199319
2023-02-20,bb7,0.997,0.998,0.20020020020020018,-1.177091274195345,0.132,0.04004004004004004,0.2202202202202202,0.212,0.10010010010010009,0.34034034034034033,-10.953475433357712,-11.32163053063075
2023-02-21,bb7,0.998,0.998,0.20020020020020018,-1.6652372545962648,0.138,0.04004004004004004,0.2202202202202202,0.234,0.10010010010010009,0.34034034034034033,-10.81197369430287,-11.161512858364956
2023-02-22,bb7,0.997,0.998,0.20020020020020018,-4.044416159189195,0.12,0.04004004004004004,0.2202202202202202,0.202,0.10010010010010009,0.34034034034034033,-10.37590960366905,-10.739642882414168
2023-02-23,bb7,0.997,0.997,0.20020020020020018,-4.87438122394912,0.1,0.04004004004004004,0.2202202202202202,0.198,0.10010010010010009,0.34034034034034033,-9.942802579528518,-10.307482463659692
2023-02-24,bb7,0.999,0.999,0.20020020020020018,-4.813064505496058,0.108,0.04004004004004004,0.2202202202202202,0.208,0.10010010010010009,0.34034034034034033,-9.743922704380486,-10.086113093805135
2023-02-27,bb7,0.992,0.994,0.20020020020020018,-2.8102374116597644,0.094,0.04004004004004004,0.2202202202202202,0.194,0.10010010010010009,0.34034034034034033,-10.555738100596761,-10.8944327376524
2023-02-28,bb7,0.997,0.998,0.20020020020020018,-5.1294229739268085,0.114,0.04004004004004004,0.2202202202202202,0.192,0.10010010010010009,0.34034034034034033,-10.408372041580966,-10.771711110571141
2023-03-01,bb7,0.998,0.998,0.20020020020020018,-3.7808954251917193,0.134,0.04004004004004004,0.2202202202202202,0.228,0.10010010010010009,0.34034034034034033,-9.948258604463835,-10.324828908233263
2023-03-02,bb7,0.998,0.998,0.20020020020020018,-4.811523909855829,0.12,0.04004004004004004,0.2202202202202202,0.21,0.10010010010010009,0.34034034034034033,-9.410240877324911,-9.737606561949834
2023-03-03,bb7,0.997,0.997,0.20020020020020018,-0.6471280991043233,0.124,0.04004004004004004,0.2202202202202202,0.214,0.10010010010010009,0.34034034034034033,-9.315507290402257,-9.616584380056464
2023-03-06,bb7,0.997,0.998,0.20020020020020018,0.6214800714956813,0.1,0.04004004004004004,0.2202202202202202,0.192,0.10010010010010009,0.34034034034034033,-9.167544078214942,-9.514935629920808
2023-03-08,bb7,0.996,0.998,0.20020020020020018,0.9754198029474668,0.118,0.04004004004004004,0.2202202202202202,0.224,0.10010010010010009,0.34034034034034033,-8.879619186639845,-9.254779170480077
2023-03-09,bb7,0.996,0.998,0.20020020020020018,1.2829609817297216,0.1,0.04004004004004004,0.2202202202202202,0.196,0.10010010010010009,0.34034034034034033,-8.990826463168515,-9.393928865787885
2023-03-10,bb7,0.995,0.998,0.20020020020020018,-0.15258343874762903,0.122,0.04004004004004004,0.2202202202202202,0.246,0.10010010010010009,0.34034034034034033,-8.85275183030392,-9.23755815870897
2023-03-13,bb7,0.998,0.999,0.20020020020020018,-3.0204315149146046,0.12,0.04004004004004004,0.2202202202202202,0.216,0.10010010010010009,0.34034034034034033,-8.69951567711971,-9.08042425881553
2023-03-14,bb7,0.997,0.999,0.20020020020020018,-3.2678618377694457,0.136,0.04004004004004004,0.2202202202202202,0.246,0.10010010010010009,0.34034034034034033,-9.111070821981453,-9.519706747345769
2023-03-15,bb7,0.997,0.998,0.20020020020020018,-2.84064983722785,0.126,0.04004004004004004,0.2202202202202202,0.21,0.10010010010010009,0.34034034034034033,-9.170459747409334,-9.528987687134613
2023-03-16,bb7,0.996,0.999,0.20020020020020018,-4.321282389860595,0.116,0.04004004004004004,0.2202202202202202,0.184,0.10010010010010009,0.34034034034034033,-9.34038416291761,-9.720943190636001
2023-03-17,bb7,0.989,0.992,0.20020020020020018,-2.150120055616915,0.132,0.04004004004004004,0.2202202202202202,0.198,0.10010010010010009,0.34034034034034033,-9.44639799182104,-9.757065511697732
2023-03-20,bb7,0.989,0.994,0.20020020020020018,-6.514073834111565,0.11,0.04004004004004004,0.2202202202202202,0.206,0.10010010010010009,0.34034034034034033,-9.997216882689667,-10.404478943298203
2023-03-21,bb7,0.989,0.994,0.20020020020020018,-7.710003766819209,0.092,0.04004004004004004,0.2202202202202202,0.174,0.10010010010010009,0.34034034034034033,-9.361617720532289,-9.680851577303645
2023-03-22,bb7,0.992,0.996,0.20020020020020018,-7.574449899588456,0.124,0.04004004004004004,0.2202202202202202,0.232,0.10010010010010009,0.34034034034034033,-9.247500378737167,-9.593352246955394
2023-03-23,bb7,0.992,0.996,0.20020020020020018,-8.018404959963746,0.146,0.04004004004004004,0.2202202202202202,0.224,0.10010010010010009,0.34034034034034033,-9.205693245124406,-9.511386957666398
2023-03-24,bb7,0.996,0.998,0.20020020020020018,-7.17995319895459,0.114,0.04004004004004004,0.2202202202202202,0.178,0.10010010010010009,0.34034034034034033,-9.484969401043758,-9.779740452636215
2023-03-27,bb7,0.992,0.994,0.2202202202202202,-3.5429357502767505,0.118,0.04004004004004004,0.2202202202202202,0.198,0.10010010010010009,0.34034034034034033,-10.52163572305044,-10.821449585377442
2023-03-28,bb7,0.998,0.999,0.2202202202202202,-3.189785381474585,0.12,0.04004004004004004,0.2202202202202202,0.236,0.10010010010010009,0.34034034034034033,-10.508431751848768,-10.862782092186789
2023-03-29,bb7,0.994,0.996,0.2202202202202202,-1.3894255598514103,0.142,0.04004004004004004,0.2202202202202202,0.25,0.10010010010010009,0.34034034034034033,-10.302444644220152,-10.769941352844407
2023-03-31,bb7,0.994,0.996,0.2202202202202202,0.7706183220997347,0.098,0.04004004004004004,0.2202202202202202,0.176,0.10010010010010009,0.34034034034034033,-10.071930930779777,-10.527254750958273
2023-04-03,bb7,0.994,0.996,0.2202202202202202,-0.6365432066138956,0.112,0.04004004004004004,0.2202202202202202,0.226,0.10010010010010009,0.34034034034034033,-10.065093601215983,-10.447469933607943
2023-04-05,bb7,0.992,0.994,0.2202202202202202,1.0685085600885398,0.13,0.04004004004004004,0.2202202202202202,0.21,0.10010010010010009,0.34034034034034033,-10.06444881212309,-10.416234240815607
2023-04-06,bb7,0.992,0.996,0.2202202202202202,1.6620024549782848,0.096,0.04004004004004004,0.2202202202202202,0.174,0.10010010010010009,0.34034034034034033,-9.675880774611077,-9.992587650277713
2023-04-10,bb7,0.992,0.997,0.2202202202202202,1.814844678511625,0.116,0.04004004004004004,0.2202202202202202,0.22,0.10010010010010009,0.34034034034034033,-9.464890850295397,-9.779861552379375
2023-04-11,bb7,0.992,0.998,0.2202202202202202,2.9885986156161897,0.114,0.04004004004004004,0.2202202202202202,0.2,0.10010010010010009,0.34034034034034033,-9.52526939505891,-9.85394639622444
2023-04-12,bb7,0.998,0.999,0.2202202202202202,3.90771394911872,0.142,0.04004004004004004,0.2202202202202202,0.256,0.10010010010010009,0.34034034034034033,-9.354278045940019,-9.685545207330964
2023-04-13,bb7,0.994,0.997,0.2202202202202202,2.19513482052814,0.136,0.04004004004004004,0.2202202202202202,0.21,0.10010010010010009,0.34034034034034033,-9.098474255534185,-9.446325732423007
2023-04-17,bb7,0.997,0.999,0.2202202202202202,-1.1155078367612545,0.128,0.04004004004004004,0.24024024024024024,0.198,0.10010010010010009,0.34034034034034033,-9.02019113938872,-9.32143126723183
2023-04-18,bb7,0.992,0.996,0.2202202202202202,-1.9394040857769501,0.114,0.04004004004004004,0.2202202202202202,0.206,0.10010010010010009,0.34034034034034033,-9.068562421494784,-9.33035242971712
2023-04-19,student,0.997,0.999,0.2202202202202202,-5.8164187174152495,0.1,0.04004004004004004,0.24024024024024024,0.168,0.10010010010010009,0.34034034034034033,-9.194608069227314,-9.525587636610057
2023-04-20,bb7,0.992,0.997,0.2202202202202202,-5.443279741446565,0.138,0.04004004004004004,0.24024024024024024,0.23,0.10010010010010009,0.34034034034034033,-9.28319098296503,-9.611133646880816
2023-04-21,bb7,0.998,0.967,0.2202202202202202,-5.5246060723516495,0.114,0.04004004004004004,0.2202202202202202,0.19,0.10010010010010009,0.34034034034034033,-9.207568630743426,-9.525232118465654
2023-04-24,bb7,0.998,0.963,0.2202202202202202,-4.90892626104745,0.124,0.04004004004004004,0.2202202202202202,0.232,0.10010010010010009,0.34034034034034033,-8.94771664284807,-9.261862288848802
2023-04-25,bb7,0.998,0.965,0.2202202202202202,-4.393048451603905,0.118,0.04004004004004004,0.2202202202202202,0.214,0.10010010010010009,0.34034034034034033,-8.614581425187662,-8.893324980797404
2023-04-26,bb7,0.998,0.962,0.2202202202202202,-3.6727156261852443,0.116,0.04004004004004004,0.2202202202202202,0.19,0.10010010010010009,0.34034034034034033,-8.655859768841358,-8.907685264856907
2023-04-27,bb7,0.994,0.999,0.2202202202202202,-3.4718881183662202,0.108,0.04004004004004004,0.24024024024024024,0.21,0.10010010010010009,0.34034034034034033,-8.44960235587099,-8.727536146671683
2023-04-28,bb7,0.992,0.999,0.2202202202202202,-1.086076720352885,0.132,0.04004004004004004,0.2202202202202202,0.216,0.10010010010010009,0.34034034034034033,-8.854024479817848,-9.109786696605298
2023-05-02,bb7,0.994,0.999,0.2202202202202202,3.5523268685995752,0.118,0.04004004004004004,0.24024024024024024,0.188,0.10010010010010009,0.34034034034034033,-15.749143245290636,-15.873026688735358
2023-05-03,bb7,0.994,0.999,0.2202202202202202,2.5960291209366497,0.11,0.04004004004004004,0.2202202202202202,0.188,0.10010010010010009,0.34034034034034033,-14.427941604695105,-14.774453268510227
2023-05-04,bb7,0.992,0.999,0.2202202202202202,5.195537491422001,0.124,0.04004004004004004,0.2202202202202202,0.204,0.10010010010010009,0.34034034034034033,-14.024609832456619,-14.38209952570406
2023-05-05,bb7,0.988,0.997,0.2202202202202202,4.2659926872627345,0.12,0.04004004004004004,0.2202202202202202,0.206,0.10010010010010009,0.34034034034034033,-13.37423116235031,-13.664561153578296
2023-05-08,bb7,0.992,0.999,0.2202202202202202,5.125953138796964,0.148,0.04004004004004004,0.2202202202202202,0.216,0.10010010010010009,0.34034034034034033,-12.849889615589232,-13.105835314056657
2023-05-09,bb7,0.996,0.998,0.2202202202202202,3.4538533796190247,0.138,0.04004004004004004,0.2202202202202202,0.232,0.10010010010010009,0.34034034034034033,-12.125346930642435,-12.352375619258504
2023-05-10,bb7,0.992,0.998,0.2202202202202202,2.4585655010806553,0.122,0.04004004004004004,0.2202202202202202,0.204,0.10010010010010009,0.34034034034034033,-11.624799486087669,-11.811580609799751
2023-05-11,bb7,0.992,0.998,0.2202202202202202,1.7724973454438395,0.108,0.04004004004004004,0.2202202202202202,0.182,0.10010010010010009,0.34034034034034033,-10.948677160319999,-11.21877798650577
2023-05-12,student,0.996,0.961,0.2202202202202202,1.130363641462805,0.106,0.04004004004004004,0.2202202202202202,0.17,0.10010010010010009,0.34034034034034033,-10.480798075248753,-10.851485341413543
2023-05-15,bb7,0.994,0.998,0.2202202202202202,0.533293538819565,0.1,0.04004004004004004,0.2202202202202202,0.186,0.10010010010010009,0.34034034034034033,-10.309114724030126,-10.57547612689683
2023-05-16,bb7,0.991,0.996,0.2202202202202202,0.42963427542740495,0.138,0.04004004004004004,0.2202202202202202,0.236,0.10010010010010009,0.34034034034034033,-9.97336497109216,-10.320469284083154
2023-05-17,bb7,0.991,0.996,0.2202202202202202,0.4815650751382049,0.122,0.04004004004004004,0.2202202202202202,0.212,0.10010010010010009,0.34034034034034033,-9.57501754192678,-9.84544596641514
2023-05-18,bb7,0.994,0.998,0.2202202202202202,-1.5960256613594002,0.114,0.04004004004004004,0.2202202202202202,0.2,0.10010010010010009,0.34034034034034033,-9.462387302227704,-9.810729536415536
2023-05-19,bb7,0.994,0.999,0.2202202202202202,0.2704308785113949,0.144,0.04004004004004004,0.2202202202202202,0.228,0.10010010010010009,0.34034034034034033,-9.29702140563576,-9.653662372049487
2023-05-22,bb7,0.994,0.999,0.2202202202202202,0.5075318684308898,0.094,0.04004004004004004,0.2202202202202202,0.172,0.10010010010010009,0.34034034034034033,-9.245772671261022,-9.615743125558641
2023-05-23,bb7,0.991,0.996,0.2202202202202202,1.8429876272398849,0.144,0.04004004004004004,0.2202202202202202,0.24,0.10010010010010009,0.34034034034034033,-9.12277802419462,-9.5860333544715
2023-05-24,bb7,0.992,0.996,0.2202202202202202,2.2910680554694047,0.138,0.04004004004004004,0.2202202202202202,0.218,0.10010010010010009,0.34034034034034033,-8.68246112846936,-9.183862993224123
2023-05-25,bb7,0.991,0.996,0.2202202202202202,2.5601588067505996,0.146,0.04004004004004004,0.2202202202202202,0.242,0.10010010010010009,0.34034034034034033,-8.47796620354797,-8.959474354467513
2023-05-26,bb7,0.991,0.996,0.2202202202202202,3.49441203443502,0.102,0.04004004004004004,0.2202202202202202,0.192,0.10010010010010009,0.34034034034034033,-8.611079401670919,-9.104253871528757
2023-05-29,bb7,0.994,0.998,0.2202202202202202,3.29209558935796,0.164,0.04004004004004004,0.2202202202202202,0.254,0.10010010010010009,0.34034034034034033,-8.305282164865412,-8.809901757129735
2023-05-30,bb7,0.992,0.999,0.2202202202202202,2.8525497415976453,0.118,0.04004004004004004,0.2202202202202202,0.22,0.10010010010010009,0.34034034034034033,-8.174563473059882,-8.668106873996253
2023-05-31,bb7,0.992,0.997,0.2202202202202202,3.193335186875705,0.116,0.04004004004004004,0.2202202202202202,0.194,0.10010010010010009,0.34034034034034033,-8.192311047834425,-8.68303191204453
2023-06-01,bb7,0.993,0.998,0.2202202202202202,4.56706185093739,0.146,0.04004004004004004,0.2202202202202202,0.252,0.10010010010010009,0.34034034034034033,-8.435697438010378,-8.887991709135
2023-06-02,bb7,0.991,0.996,0.2202202202202202,3.83882183031332,0.13,0.04004004004004004,0.2202202202202202,0.21,0.10010010010010009,0.34034034034034033,-8.50658825262588,-8.91458018097227
2023-06-05,bb7,0.994,0.998,0.2202202202202202,2.9434951261393953,0.098,0.04004004004004004,0.2202202202202202,0.192,0.10010010010010009,0.34034034034034033,-8.46361220750244,-8.849542377665712
2023-06-06,bb7,0.988,0.994,0.2202202202202202,1.1350208872855998,0.11,0.04004004004004004,0.2202202202202202,0.19,0.10010010010010009,0.34034034034034033,-8.322239830970023,-8.685561881884981
2023-06-07,bb7,0.991,0.995,0.2202202202202202,1.809662879627525,0.152,0.04004004004004004,0.24024024024024024,0.248,0.10010010010010009,0.34034034034034033,-8.253881651568147,-8.572784264492842
2023-06-08,bb7,0.988,0.99,0.2202202202202202,1.4166945445862449,0.132,0.04004004004004004,0.24024024024024024,0.218,0.10010010010010009,0.34034034034034033,-7.8838128211906175,-8.20121432248863
2023-06-09,bb7,0.996,0.998,0.2202202202202202,-0.9906684282983202,0.142,0.04004004004004004,0.24024024024024024,0.246,0.10010010010010009,0.34034034034034033,-7.913038221692345,-8.243480255332363
2023-06-12,bb7,0.988,0.992,0.2202202202202202,-0.6246857456055404,0.13,0.04004004004004004,0.2202202202202202,0.208,0.10010010010010009,0.34034034034034033,-7.924369677920209,-8.284926213038318
2023-06-13,bb7,0.986,0.991,0.2202202202202202,-0.4956822721642804,0.118,0.04004004004004004,0.2202202202202202,0.222,0.10010010010010009,0.34034034034034033,-8.0838713854401,-8.531487483729038
2023-06-14,bb7,0.992,0.994,0.2202202202202202,-0.3013482572162753,0.13,0.04004004004004004,0.2202202202202202,0.21,0.10010010010010009,0.34034034034034033,-8.00426836658807,-8.415298512346867
2023-06-15,bb7,0.994,0.998,0.2202202202202202,-2.0012117814907455,0.124,0.04004004004004004,0.2202202202202202,0.184,0.10010010010010009,0.34034034034034033,-7.811325133914728,-8.147247850996386
2023-06-16,bb7,0.994,0.998,0.2202202202202202,-1.6606357370855156,0.14,0.04004004004004004,0.2202202202202202,0.222,0.10010010010010009,0.34034034034034033,-7.50823333595995,-7.881139521335699
2023-06-19,bb7,0.995,0.998,0.2202202202202202,-1.9915151981177357,0.114,0.04004004004004004,0.2202202202202202,0.202,0.10010010010010009,0.34034034034034033,-7.432712813282869,-7.776540766969339
2023-06-20,bb7,0.996,0.999,0.2202202202202202,-0.6123804996185453,0.102,0.04004004004004004,0.2202202202202202,0.208,0.10010010010010009,0.34034034034034033,-7.96071311999109,-8.376948223815639
2023-06-21,bb7,0.996,0.999,0.2202202202202202,-1.5758602534955253,0.1,0.04004004004004004,0.2202202202202202,0.192,0.10010010010010009,0.34034034034034033,-7.840238181607962,-8.275650055028997
2023-06-22,bb7,0.999,0.969,0.2202202202202202,-2.2680491941578653,0.15,0.04004004004004004,0.24024024024024024,0.238,0.10010010010010009,0.34034034034034033,-7.671898839823612,-7.975439687466844
2023-06-23,bb7,0.992,0.998,0.2202202202202202,-2.16438483971205,0.12,0.04004004004004004,0.24024024024024024,0.214,0.10010010010010009,0.34034034034034033,-8.019939863986796,-8.344564570335326
2023-06-26,bb7,0.997,0.999,0.2202202202202202,-2.745164510737885,0.128,0.04004004004004004,0.2202202202202202,0.21,0.10010010010010009,0.34034034034034033,-7.977872881052226,-8.354603350364602
2023-06-27,bb7,0.997,0.999,0.2202202202202202,-1.8961758697371598,0.134,0.04004004004004004,0.2202202202202202,0.218,0.10010010010010009,0.34034034034034033,-7.714950189600886,-8.034502584645143
2023-06-28,bb7,0.998,0.968,0.2202202202202202,-0.860645159618675,0.106,0.04004004004004004,0.22072072072072024,0.19,0.10010010010010009,0.34034034034034033,-7.622470589865554,-7.920374747242803
2023-06-30,bb7,0.999,0.975,0.2202202202202202,2.414699085062,0.126,0.04004004004004004,0.24024024024024024,0.204,0.10010010010010009,0.34034034034034033,-7.9998739532325835,-8.327132931305648
2023-07-03,bb7,0.996,0.967,0.2202202202202202,2.8295189893835797,0.118,0.04004004004004004,0.24024024024024024,0.21,0.10010010010010009,0.34034034034034033,-7.8269874244891,-8.150011094556541
2023-07-04,bb7,0.997,0.97,0.2202202202202202,3.7000530919954455,0.096,0.04004004004004004,0.24024024024024024,0.176,0.10010010010010009,0.34034034034034033,-7.708638638842838,-8.036908952830103
2023-07-05,bb7,0.991,0.998,0.2202202202202202,3.6600266203787846,0.124,0.04004004004004004,0.2202202202202202,0.242,0.10010010010010009,0.34034034034034033,-7.55348546761188,-7.880659878803099
2023-07-06,bb7,0.991,0.998,0.2202202202202202,3.942514553703365,0.124,0.04004004004004004,0.22072072072072024,0.196,0.10010010010010009,0.34034034034034033,-7.451985191407862,-7.776155835001241
2023-07-07,bb7,0.991,0.999,0.2202202202202202,4.513691660339655,0.118,0.04004004004004004,0.22072072072072024,0.214,0.10010010010010009,0.34034034034034033,-7.415871035811908,-7.745154773751043
2023-07-10,bb7,0.991,0.999,0.2202202202202202,5.787004948847626,0.126,0.04004004004004004,0.24024024024024024,0.198,0.10010010010010009,0.34034034034034033,-7.667080409418328,-7.979472501879918
2023-07-11,bb7,0.991,0.999,0.2202202202202202,5.739076134052344,0.118,0.04004004004004004,0.24024024024024024,0.198,0.10010010010010009,0.34034034034034033,-7.764192759739015,-8.019181508518162
2023-07-12,bb7,0.999,0.972,0.2202202202202202,4.077061253865245,0.108,0.04004004004004004,0.24024024024024024,0.234,0.10010010010010009,0.34034034034034033,-7.740195154989944,-7.9794826781375345
2023-07-13,bb7,0.991,0.999,0.2202202202202202,4.071441059428645,0.158,0.04004004004004004,0.24024024024024024,0.236,0.10010010010010009,0.34034034034034033,-7.717499234089897,-7.951072155053768
2023-07-14,bb7,0.991,0.999,0.2202202202202202,4.27471877090554,0.11,0.04004004004004004,0.24024024024024024,0.2,0.10010010010010009,0.34034034034034033,-7.817046560439541,-8.062621612943731
2023-07-17,bb7,0.992,1.0,0.2202202202202202,4.55777458362025,0.136,0.04004004004004004,0.24024024024024024,0.226,0.10010010010010009,0.34034034034034033,-7.791598088223671,-8.10236719583651
2023-07-18,bb7,0.992,1.0,0.2202202202202202,4.876758607683,0.108,0.04004004004004004,0.24024024024024024,0.196,0.10010010010010009,0.34034034034034033,-7.780838552414465,-8.005908966602446
2023-07-19,bb7,0.992,1.0,0.2202202202202202,5.43630326232476,0.162,0.04004004004004004,0.24024024024024024,0.23,0.10010010010010009,0.34034034034034033,-7.680837293784825,-7.928359109411077
2023-07-20,bb7,0.999,0.969,0.2202202202202202,5.241648918998955,0.108,0.04004004004004004,0.24024024024024024,0.204,0.10010010010010009,0.34034034034034033,-7.714306507302506,-7.984710773640267
2023-07-21,bb7,0.998,0.969,0.2202202202202202,1.8315528112961053,0.1,0.04004004004004004,0.24024024024024024,0.198,0.10010010010010009,0.34034034034034033,-7.603840970910019,-7.933115403407637
2023-07-24,bb7,0.999,0.973,0.2202202202202202,2.34958320401974,0.104,0.04004004004004004,0.24024024024024024,0.194,0.10010010010010009,0.34034034034034033,-7.453108408963525,-7.786656126132363
2023-07-25,bb7,0.992,1.0,0.2202202202202202,1.2352846800471102,0.12,0.04004004004004004,0.24024024024024024,0.194,0.10010010010010009,0.34034034034034033,-7.372664302239683,-7.656193105396801
2023-07-26,bb7,0.992,1.0,0.2202202202202202,2.7305391603714355,0.114,0.04004004004004004,0.24024024024024024,0.22,0.10010010010010009,0.34034034034034033,-7.4906263034290275,-7.795885543129809
2023-07-27,bb7,0.988,1.0,0.2202202202202202,2.131229779807146,0.134,0.04004004004004004,0.24024024024024024,0.232,0.10010010010010009,0.34034034034034033,-7.468479183664436,-7.772997160694407
2023-07-28,bb7,0.99,1.0,0.2202202202202202,-0.4526621768370741,0.114,0.04004004004004004,0.24024024024024024,0.202,0.10010010010010009,0.34034034034034033,-7.719546821755494,-8.089924312164124
2023-07-31,bb7,0.992,1.0,0.2202202202202202,-0.8566659450350194,0.118,0.04004004004004004,0.24024024024024024,0.222,0.10010010010010009,0.34034034034034033,-7.85404969760942,-8.263515525163694
2023-08-01,bb7,0.991,1.0,0.2202202202202202,-2.2551611376145493,0.112,0.04004004004004004,0.24024024024024024,0.214,0.10010010010010009,0.34034034034034033,-8.241515503218135,-8.715264973825986
2023-08-02,bb7,0.999,0.99,0.2202202202202202,-4.422936067041079,0.152,0.04004004004004004,0.24024024024024024,0.232,0.10010010010010009,0.34034034034034033,-8.326459773153958,-8.775712151153039
2023-08-03,bb7,0.999,0.984,0.2202202202202202,-4.6574190101884545,0.126,0.04004004004004004,0.24024024024024024,0.232,0.10010010010010009,0.34034034034034033,-8.61589855871003,-9.092328015130285
2023-08-04,bb7,0.999,0.988,0.2202202202202202,-1.7934888086300447,0.12,0.04004004004004004,0.24024024024024024,0.206,0.10010010010010009,0.34034034034034033,-14.52092052857194,-15.206083735524771
2023-08-07,bb7,1.0,0.991,0.2202202202202202,-2.1322875321480748,0.116,0.04004004004004004,0.2202202202202202,0.226,0.10010010010010009,0.34034034034034033,-13.44692772304369,-14.245760625252526
2023-08-08,bb7,0.999,0.988,0.2202202202202202,-1.04634245596608,0.106,0.04004004004004004,0.2202202202202202,0.184,0.10010010010010009,0.34034034034034033,-12.64769679769148,-13.4470793528012
2023-08-09,bb7,0.999,0.984,0.2202202202202202,-1.823022065047265,0.13,0.04004004004004004,0.24024024024024024,0.234,0.10010010010010009,0.34034034034034033,-11.833571301752396,-12.541854338387358
2023-08-10,bb7,0.999,0.983,0.2202202202202202,-2.294946299910615,0.102,0.04004004004004004,0.24024024024024024,0.192,0.10010010010010009,0.34034034034034033,-11.111608180980948,-11.797225097724947
2023-08-11,bb7,0.999,0.982,0.2202202202202202,-2.36598403830869,0.154,0.04004004004004004,0.24024024024024024,0.246,0.10010010010010009,0.34034034034034033,-10.412877553263426,-11.063252684197765
2023-08-14,bb7,0.999,0.985,0.2202202202202202,-3.657060486181535,0.128,0.04004004004004004,0.24024024024024024,0.216,0.10010010010010009,0.34034034034034033,-9.618293603641966,-10.203299986331668
2023-08-16,bb7,0.999,0.985,0.2202202202202202,-2.03715582276956,0.142,0.04004004004004004,0.24024024024024024,0.228,0.10010010010010009,0.34034034034034033,-9.4777499302086,-10.080361324827063
2023-08-17,bb7,0.999,0.978,0.2202202202202202,-0.27096043378402995,0.13,0.04004004004004004,0.24024024024024024,0.234,0.10010010010010009,0.34034034034034033,-9.510808733734184,-10.177187636337587
2023-08-18,bb7,0.999,0.977,0.2202202202202202,-0.6186326831540996,0.136,0.04004004004004004,0.24024024024024024,0.224,0.10010010010010009,0.34034034034034033,-9.157841854512233,-9.702918797100054
2023-08-21,bb7,0.999,0.979,0.20020020020020018,0.8320077119077903,0.128,0.04004004004004004,0.2202202202202202,0.22,0.10010010010010009,0.34034034034034033,-9.59810750911562,-10.010149246417718
2023-08-22,bb7,0.999,0.981,0.20020020020020018,0.43716313427302544,0.142,0.04004004004004004,0.2202202202202202,0.224,0.10010010010010009,0.34034034034034033,-9.555310336331994,-9.969214639379334
2023-08-23,bb7,0.998,0.981,0.18018018018018017,0.9648023822076652,0.12,0.04004004004004004,0.24024024024024024,0.18,0.10010010010010009,0.34034034034034033,-9.222457629072705,-9.593725542998301
2023-08-24,bb7,0.999,0.985,0.18018018018018017,1.3143151898090601,0.11,0.04004004004004004,0.2202202202202202,0.21,0.10010010010010009,0.34034034034034033,-8.799981070646965,-9.218590977181186
2023-08-25,bb7,0.999,0.99,0.20020020020020018,0.7800166950499403,0.116,0.04004004004004004,0.2202202202202202,0.196,0.10010010010010009,0.34034034034034033,-8.83639206975387,-9.211595325126563
2023-08-28,bb7,0.999,0.99,0.20020020020020018,1.45807932263186,0.14,0.04004004004004004,0.2202202202202202,0.228,0.10010010010010009,0.34034034034034033,-8.59410928737291,-8.920779821615595
2023-08-29,bb7,0.999,0.988,0.20020020020020018,2.09454420663134,0.112,0.04004004004004004,0.2202202202202202,0.216,0.10010010010010009,0.34034034034034033,-9.138054681843586,-9.414325763127978
2023-08-30,bb7,0.999,0.988,0.20020020020020018,0.7644561030232699,0.13,0.04004004004004004,0.2202202202202202,0.2,0.10010010010010009,0.34034034034034033,-9.238703927833972,-9.536846833632945
2023-08-31,bb7,0.999,0.99,0.20020020020020018,-0.11332970438913009,0.126,0.04004004004004004,0.2202202202202202,0.23,0.10010010010010009,0.34034034034034033,-9.072311747038782,-9.4383138577685
2023-09-01,bb7,0.999,0.992,0.20020020020020018,1.64605533916742,0.112,0.04004004004004004,0.2202202202202202,0.19,0.10010010010010009,0.34034034034034033,-8.92306669150771,-9.281909692585785
2023-09-04,bb7,0.999,0.992,0.20020020020020018,2.4156552860655,0.126,0.04004004004004004,0.2202202202202202,0.206,0.10010010010010009,0.34034034034034033,-8.83586532946896,-9.261174862124262
2023-09-05,bb7,0.999,0.993,0.20020020020020018,3.0017922977022495,0.126,0.04004004004004004,0.2202202202202202,0.216,0.10010010010010009,0.34034034034034033,-8.710039336860376,-9.064604871720977
2023-09-06,bb7,0.999,0.995,0.20020020020020018,1.8513474053258445,0.106,0.04004004004004004,0.2202202202202202,0.192,0.10010010010010009,0.34034034034034033,-8.47494179241964,-8.820035200055463
2023-09-07,bb7,0.999,0.992,0.20020020020020018,1.655926653250035,0.108,0.04004004004004004,0.2202202202202202,0.172,0.10010010010010009,0.34034034034034033,-8.486591477761653,-8.838309682012794
2023-09-08,bb7,0.999,0.993,0.20020020020020018,2.88364928219749,0.114,0.04004004004004004,0.24024024024024024,0.188,0.10010010010010009,0.34034034034034033,-8.516012862031806,-8.878106850077394
2023-09-11,bb7,0.999,0.993,0.20020020020020018,3.72138246597047,0.098,0.04004004004004004,0.2202202202202202,0.192,0.10010010010010009,0.34034034034034033,-8.228740305075712,-8.589752930481463
2023-09-12,bb7,0.999,0.994,0.20020020020020018,4.020520915566935,0.094,0.04004004004004004,0.24024024024024024,0.178,0.10010010010010009,0.34034034034034033,-8.172758618189292,-8.54082970382478
2023-09-13,bb7,0.999,0.995,0.20020020020020018,4.651302619670785,0.136,0.04004004004004004,0.2202202202202202,0.24,0.10010010010010009,0.34034034034034033,-8.34136762973649,-8.748990481301835
2023-09-14,bb7,0.999,0.995,0.20020020020020018,5.534205994081065,0.122,0.04004004004004004,0.2202202202202202,0.21,0.10010010010010009,0.34034034034034033,-8.107605291785278,-8.454937262016674
2023-09-15,bb7,0.997,0.993,0.20020020020020018,4.796834310605499,0.138,0.04004004004004004,0.24024024024024024,0.2,0.10010010010010009,0.34034034034034033,-7.980900101158469,-8.360764851658008
2023-09-18,bb7,0.998,0.995,0.20020020020020018,3.3112704560682698,0.148,0.04004004004004004,0.24024024024024024,0.218,0.10010010010010009,0.34034034034034033,-7.830651732202329,-8.260360752889925
2023-09-20,bb7,0.998,0.993,0.20020020020020018,2.7760413568389346,0.116,0.04004004004004004,0.24024024024024024,0.21,0.10010010010010009,0.34034034034034033,-7.768555680624282,-8.22028438617974
2023-09-21,bb7,0.998,0.995,0.20020020020020018,2.339122966952515,0.124,0.04004004004004004,0.22072072072072024,0.198,0.10010010010010009,0.34034034034034033,-7.527830133474525,-7.97777260963847
2023-09-22,bb7,0.999,0.997,0.20020020020020018,2.6336933648596457,0.12,0.04004004004004004,0.24024024024024024,0.212,0.10010010010010009,0.34034034034034033,-7.572476109540355,-7.964067934550121
2023-09-25,student,0.999,0.997,0.20020020020020018,1.0548006318601755,0.156,0.04004004004004004,0.22072072072072024,0.24,0.10010010010010009,0.34034034034034033,-7.409859964731942,-7.808420935927238
2023-09-26,bb7,0.998,0.998,0.20020020020020018,-0.3103074184840151,0.128,0.04004004004004004,0.24024024024024024,0.21,0.10010010010010009,0.34034034034034033,-7.303046308991941,-7.658731916577626
2023-09-27,bb7,0.987,0.984,0.20020020020020018,-1.0301007736583299,0.1,0.04004004004004004,0.22072072072072024,0.2,0.10010010010010009,0.34034034034034033,-7.377293227057586,-7.752433595240515
2023-09-28,bb7,0.998,0.998,0.20020020020020018,-2.5530576473768747,0.1,0.04004004004004004,0.2202202202202202,0.202,0.10010010010010009,0.34034034034034033,-7.4695908634672445,-7.842598606872385
2023-09-29,bb7,0.999,0.999,0.20020020020020018,-2.3259331579756353,0.122,0.04004004004004004,0.2202202202202202,0.22,0.10010010010010009,0.34034034034034033,-7.443832858549657,-7.80476919570085
2023-10-03,bb7,0.997,0.998,0.20020020020020018,-2.289715166341745,0.128,0.04004004004004004,0.24024024024024024,0.212,0.10010010010010009,0.34034034034034033,-7.271512164097524,-7.5906908757735545
2023-10-04,bb7,0.997,0.997,0.20020020020020018,-3.10345989825303,0.126,0.04004004004004004,0.2202202202202202,0.212,0.10010010010010009,0.34034034034034033,-7.328047302956676,-7.617383779433408
2023-10-05,bb7,0.997,0.997,0.20020020020020018,-1.6574183034451848,0.12,0.04004004004004004,0.2202202202202202,0.19,0.10010010010010009,0.34034034034034033,-7.030336860324953,-7.378464993305768
2023-10-06,bb7,0.998,0.998,0.20020020020020018,-0.2574844979110753,0.118,0.04004004004004004,0.2202202202202202,0.206,0.10010010010010009,0.34034034034034033,-7.454328424178761,-7.798176246783179
2023-10-09,bb7,0.998,0.998,0.20020020020020018,-1.7995499224344451,0.112,0.04004004004004004,0.2202202202202202,0.206,0.10010010010010009,0.34034034034034033,-7.467146793174904,-7.764717539138128
2023-10-10,bb7,0.998,0.998,0.20020020020020018,0.5048461502558599,0.134,0.04004004004004004,0.2202202202202202,0.216,0.10010010010010009,0.34034034034034033,-7.791804831539968,-8.077516983272286
2023-10-11,bb7,0.998,0.998,0.20020020020020018,0.630629106640215,0.136,0.04004004004004004,0.2202202202202202,0.244,0.10010010010010009,0.34034034034034033,-7.717722021796515,-7.959716876845024
2023-10-12,bb7,0.998,0.998,0.20020020020020018,-0.36582621719187003,0.122,0.04004004004004004,0.2202202202202202,0.202,0.10010010010010009,0.34034034034034033,-7.726726018762475,-7.969506207131522
2023-10-13,bb7,0.999,0.999,0.20020020020020018,-1.4726246690615397,0.138,0.04004004004004004,0.2202202202202202,0.232,0.10010010010010009,0.34034034034034033,-7.998626721817713,-8.282725344480296
2023-10-16,bb7,0.999,0.999,0.20020020020020018,-1.9958123879763496,0.08,0.04004004004004004,0.2202202202202202,0.184,0.10010010010010009,0.34034034034034033,-7.853971399949921,-8.076942797906499
2023-10-17,bb7,0.997,0.998,0.20020020020020018,-1.9535170771283596,0.138,0.04004004004004004,0.2202202202202202,0.246,0.10010010010010009,0.34034034034034033,-7.772257735453217,-8.03616542310387
2023-10-18,bb7,0.997,0.997,0.20020020020020018,-1.3052961921000945,0.132,0.04004004004004004,0.2202202202202202,0.204,0.10010010010010009,0.34034034034034033,-8.609963599833712,-8.966455598110864
2023-10-19,bb7,0.997,0.997,0.20020020020020018,-2.8296783395232947,0.12,0.04004004004004004,0.2202202202202202,0.23,0.10010010010010009,0.34034034034034033,-8.40979278752391,-8.757361121812915
2023-10-20,bb7,0.997,0.997,0.20020020020020018,-4.462833782138064,0.142,0.04004004004004004,0.2202202202202202,0.242,0.10010010010010009,0.34034034034034033,-8.189776348958558,-8.673702822839882
2023-10-23,bb7,0.998,0.997,0.20020020020020018,-5.14231558970817,0.09,0.04004004004004004,0.2202202202202202,0.188,0.10010010010010009,0.34034034034034033,-8.115724242812211,-8.58805582893447
2023-10-25,student,0.998,0.993,0.20020020020020018,-6.81531035162196,0.16,0.04004004004004004,0.2202202202202202,0.242,0.10010010010010009,0.34034034034034033,-7.906885337981183,-8.424951197307644
2023-10-26,bb7,0.997,0.995,0.20020020020020018,-7.732862014598995,0.114,0.04004004004004004,0.2202202202202202,0.214,0.10010010010010009,0.34034034034034033,-7.781653277380232,-8.236965714400823
2023-10-27,student,0.997,0.993,0.20020020020020018,-4.520777200434644,0.146,0.04004004004004004,0.2202202202202202,0.274,0.10010010010010009,0.34034034034034033,-8.085289164380333,-8.524376111204099
2023-10-30,bb7,0.997,0.995,0.20020020020020018,-2.2431329627892,0.118,0.04004004004004004,0.2202202202202202,0.21,0.10010010010010009,0.34034034034034033,-8.560659000483334,-8.931988689251513
2023-10-31,student,0.997,0.994,0.20020020020020018,-2.58854218693883,0.16,0.04004004004004004,0.2202202202202202,0.266,0.10010010010010009,0.34034034034034033,-8.389856820494446,-8.729115836298371
2023-11-01,bb7,0.997,0.993,0.20020020020020018,-3.39483668722689,0.128,0.04004004004004004,0.22072072072072024,0.222,0.10010010010010009,0.34034034034034033,-8.26330158533673,-8.635484967187324
2023-11-02,bb7,0.997,0.995,0.20020020020020018,-1.9102613135655493,0.122,0.04004004004004004,0.2202202202202202,0.198,0.10010010010010009,0.34034034034034033,-8.105958158033484,-8.502876090129204
2023-11-03,student,0.997,0.995,0.20020020020020018,-0.3324587154802092,0.156,0.04004004004004004,0.24024024024024024,0.258,0.10010010010010009,0.34034034034034033,-7.854701644046926,-8.253910826370033
2023-11-06,bb7,0.997,0.995,0.20020020020020018,0.7859694979081004,0.126,0.04004004004004004,0.24024024024024024,0.216,0.10010010010010009,0.34034034034034033,-8.007704694305426,-8.29904077866037
2023-11-07,bb7,0.997,0.995,0.20020020020020018,2.8548473363878353,0.138,0.04004004004004004,0.24024024024024024,0.228,0.10010010010010009,0.3408408408408404,-8.27626667848095,-8.617724925945144
2023-11-08,bb7,0.997,0.997,0.20020020020020018,2.8796473307478556,0.138,0.04004004004004004,0.24024024024024024,0.242,0.10010010010010009,0.34034034034034033,-8.456989483074533,-8.765652713118474
2023-11-09,bb7,0.998,0.997,0.18018018018018017,3.3479267646914703,0.118,0.04004004004004004,0.24024024024024024,0.188,0.10010010010010009,0.3408408408408404,-8.237486611604265,-8.513402356294261
2023-11-10,student,0.997,0.997,0.18018018018018017,1.1905532355063104,0.144,0.04004004004004004,0.24024024024024024,0.234,0.10010010010010009,0.3408408408408404,-8.310303504527594,-8.665182755798167
2023-11-13,bb7,0.997,0.999,0.20020020020020018,1.2814176275001103,0.118,0.04004004004004004,0.24024024024024024,0.21,0.10010010010010009,0.36036036036036034,-7.791087146416955,-8.138899140165998
2023-11-15,student,0.997,1.0,0.18018018018018017,3.1801168042602352,0.15,0.04004004004004004,0.24024024024024024,0.25,0.10010010010010009,0.36036036036036034,-7.6111624172288455,-7.977772610007948
2023-11-16,student,0.997,1.0,0.18018018018018017,4.828954025222675,0.14,0.04004004004004004,0.24024024024024024,0.218,0.10010010010010009,0.36036036036036034,-7.640518103173347,-8.02865736995164
2023-11-17,student,0.998,1.0,0.18018018018018017,1.603734571574659,0.152,0.04004004004004004,0.24024024024024024,0.23,0.10010010010010009,0.36036036036036034,-7.5447353234265195,-7.894880910535069
2023-11-20,student,0.997,0.999,0.18018018018018017,0.4218297284460288,0.166,0.04004004004004004,0.24024024024024024,0.252,0.10010010010010009,0.36036036036036034,-7.627369028420343,-8.005565391622113
2023-11-21,student,0.997,0.999,0.18018018018018017,0.12473333645045372,0.132,0.04004004004004004,0.24024024024024024,0.254,0.10010010010010009,0.36036036036036034,-7.484903970286089,-7.853281207626569
2023-11-22,bb7,0.997,1.0,0.18018018018018017,0.04263347264659351,0.126,0.04004004004004004,0.24024024024024024,0.222,0.10010010010010009,0.36036036036036034,-7.154771507467231,-7.54369405691314
2023-11-23,student,0.998,1.0,0.18018018018018017,0.26627615559687373,0.166,0.04004004004004004,0.24024024024024024,0.272,0.10010010010010009,0.3408408408408404,-7.232823760091523,-7.686051072434897
2023-11-24,bb7,0.998,1.0,0.20020020020020018,0.6454969974479586,0.118,0.04004004004004004,0.24024024024024024,0.212,0.10010010010010009,0.3408408408408404,-7.279696401851841,-7.729118895968144
2023-11-28,bb7,0.998,0.998,0.20020020020020018,1.311580135188529,0.138,0.04004004004004004,0.24024024024024024,0.216,0.10010010010010009,0.3408408408408404,-7.127682504491738,-7.516487873606622
2023-11-29,bb7,0.997,0.999,0.18018018018018017,1.9293985079628038,0.1,0.04004004004004004,0.24024024024024024,0.188,0.10010010010010009,0.36036036036036034,-6.801464522387488,-7.120723431844129
2023-11-30,bb7,0.998,0.999,0.20020020020020018,-0.17754725837881608,0.148,0.04004004004004004,0.24024024024024024,0.242,0.10010010010010009,0.36036036036036034,-7.049361740597929,-7.399925491601319
2023-12-01,bb7,0.998,0.999,0.20020020020020018,-0.8601650824388001,0.132,0.04004004004004004,0.24024024024024024,0.234,0.10010010010010009,0.36036036036036034,-7.35198525125457,-7.664335936614239
2023-12-04,bb7,0.998,1.0,0.2202202202202202,3.65799469466714,0.132,0.04004004004004004,0.24024024024024024,0.222,0.10010010010010009,0.36036036036036034,-8.318364416098223,-8.610868675725037
2023-12-05,bb7,0.997,0.999,0.2202202202202202,4.39899428772383,0.116,0.04004004004004004,0.24024024024024024,0.254,0.10010010010010009,0.36036036036036034,-7.919991021160454,-8.233535602281558
2023-12-06,bb7,0.998,1.0,0.20020020020020018,5.226893631614844,0.108,0.04004004004004004,0.24024024024024024,0.216,0.10010010010010009,0.34034034034034033,-7.626006423943853,-7.923466850521735
2023-12-07,bb7,0.998,0.999,0.20020020020020018,4.78614353976404,0.15,0.04004004004004004,0.24024024024024024,0.214,0.10010010010010009,0.34034034034034033,-7.786932905425683,-8.163714458571572
2023-12-08,bb7,0.997,0.999,0.20020020020020018,6.0446663168182155,0.134,0.04004004004004004,0.24024024024024024,0.228,0.10010010010010009,0.34034034034034033,-7.645060942530746,-8.033745773234283
2023-12-11,bb7,0.998,1.0,0.20020020020020018,6.338673625271629,0.12,0.04004004004004004,0.24024024024024024,0.214,0.10010010010010009,0.34034034034034033,-7.426455763002426,-7.793846392196665
2023-12-12,bb7,0.997,1.0,0.20020020020020018,5.219359443590819,0.09,0.04004004004004004,0.24024024024024024,0.168,0.10010010010010009,0.34034034034034033,-7.123260326723027,-7.5078277251643435
2023-12-13,bb7,0.997,1.0,0.20020020020020018,3.950580537468675,0.128,0.04004004004004004,0.24024024024024024,0.212,0.10010010010010009,0.34034034034034033,-7.161398913173441,-7.567674510307763
2023-12-14,student,0.997,1.0,0.20020020020020018,6.52642474807086,0.156,0.04004004004004004,0.24024024024024024,0.254,0.10010010010010009,0.34034034034034033,-7.132067778631263,-7.547595801640606
2023-12-15,bb7,0.999,1.0,0.20020020020020018,10.441891241018364,0.128,0.04004004004004004,0.24024024024024024,0.238,0.10010010010010009,0.34034034034034033,-6.994734385108888,-7.384638029093219
2023-12-18,bb7,0.998,1.0,0.20020020020020018,7.633188092627859,0.134,0.04004004004004004,0.24024024024024024,0.226,0.10010010010010009,0.3408408408408404,-7.463632664697899,-7.816419529009106
2023-12-19,bb7,0.997,0.999,0.20020020020020018,7.198565819192495,0.14,0.04004004004004004,0.24024024024024024,0.24,0.10010010010010009,0.34034034034034033,-7.597110616891478,-8.033215888165124
2023-12-20,bb7,0.997,0.999,0.20020020020020018,4.31248448140526,0.132,0.04004004004004004,0.24024024024024024,0.228,0.10010010010010009,0.34034034034034033,-7.609208915772404,-8.040432287749539
2023-12-21,bb7,0.993,0.999,0.20020020020020018,4.889028405017704,0.114,0.04004004004004004,0.24024024024024024,0.182,0.10010010010010009,0.34034034034034033,-7.539172311953102,-7.9084437615241825
2023-12-22,bb7,0.993,0.997,0.20020020020020018,4.156656745370244,0.11,0.04004004004004004,0.24024024024024024,0.194,0.10010010010010009,0.34034034034034033,-7.557026625543691,-7.928795488074068
2023-12-26,bb7,0.993,0.997,0.20020020020020018,3.7294875506089396,0.124,0.04004004004004004,0.24024024024024024,0.2,0.10010010010010009,0.34034034034034033,-7.332372534156008,-7.6748206108849715
2023-12-27,bb7,0.993,0.998,0.20020020020020018,5.8605213527460895,0.126,0.04004004004004004,0.24024024024024024,0.232,0.10010010010010009,0.34034034034034033,-7.333778862831798,-7.742342862875125
2023-12-28,bb7,0.995,1.0,0.20020020020020018,6.257791480560259,0.144,0.04004004004004004,0.24024024024024024,0.232,0.10010010010010009,0.34034034034034033,-7.642837406990293,-8.105041561854998
2023-12-29,bb7,0.997,1.0,0.20020020020020018,2.815461249695799,0.104,0.04004004004004004,0.24024024024024024,0.22,0.10010010010010009,0.34034034034034033,-8.003420352526524,-8.479223956879956
2024-01-01,student,0.998,1.0,0.20020020020020018,-1.3993640676781347,0.154,0.04004004004004004,0.24024024024024024,0.26,0.10010010010010009,0.34034034034034033,-9.314010916167721,-9.869933068451582
2024-01-02,bb7,0.997,1.0,0.20020020020020018,-1.6692240598516652,0.11,0.04004004004004004,0.24024024024024024,0.184,0.10010010010010009,0.34034034034034033,-8.879925863648472,-9.288649698386806
2024-01-03,student,0.995,0.999,0.20020020020020018,-3.161044855571385,0.13,0.04004004004004004,0.24024024024024024,0.258,0.10010010010010009,0.34034034034034033,-8.57456695682366,-9.000026374902514
2024-01-04,bb7,0.997,1.0,0.20020020020020018,-0.28480050312412497,0.114,0.04004004004004004,0.24024024024024024,0.22,0.10010010010010009,0.34034034034034033,-9.139971515942563,-9.554193946557131
2024-01-05,student,0.997,1.0,0.20020020020020018,-0.2524199433512696,0.134,0.04004004004004004,0.24024024024024024,0.27,0.10010010010010009,0.36036036036036034,-8.720310822554287,-9.170259328480327
2024-01-08,bb7,0.997,1.0,0.20020020020020018,-2.07113657427063,0.132,0.04004004004004004,0.24024024024024024,0.232,0.10010010010010009,0.3408408408408404,-8.714480420569641,-9.152561329695265
2024-01-09,bb7,0.995,0.999,0.20020020020020018,-1.4779516768302199,0.134,0.04004004004004004,0.24024024024024024,0.212,0.10010010010010009,0.3408408408408404,-8.759475427331413,-9.174926223547084
2024-01-10,bb7,0.931,1.0,0.20020020020020018,-3.6391557126680145,0.124,0.04004004004004004,0.24024024024024024,0.214,0.10010010010010009,0.36036036036036034,-8.515146784768724,-8.892845471991622
2024-01-11,student,0.996,1.0,0.20020020020020018,-4.6936955244767296,0.156,0.04004004004004004,0.24024024024024024,0.256,0.10010010010010009,0.36036036036036034,-8.306407235180664,-8.638801091887585
2024-01-12,bb7,0.996,1.0,0.20020020020020018,1.5514325028210645,0.142,0.04004004004004004,0.24024024024024024,0.21,0.10010010010010009,0.36036036036036034,-8.170755933890423,-8.468052057970008
2024-01-15,bb7,0.997,1.0,0.20020020020020018,3.048538584723934,0.134,0.04004004004004004,0.24024024024024024,0.224,0.10010010010010009,0.36036036036036034,-8.03045947571903,-8.311776875653782
2024-01-16,bb7,0.997,1.0,0.20020020020020018,2.869764828627724,0.126,0.04004004004004004,0.24024024024024024,0.23,0.10010010010010009,0.36036036036036034,-7.935363418338933,-8.25530599117601
2024-01-17,bb7,0.997,1.0,0.20020020020020018,3.4274097506041987,0.128,0.04004004004004004,0.24024024024024024,0.224,0.10010010010010009,0.3408408408408404,-8.769089207167788,-9.062111588839034
2024-01-18,bb7,0.997,1.0,0.20020020020020018,2.9823044149356344,0.122,0.04004004004004004,0.24024024024024024,0.206,0.10010010010010009,0.3408408408408404,-8.333346715707982,-8.581183295775178
2024-01-19,bb7,0.94,1.0,0.20020020020020018,2.8516972192821686,0.134,0.04004004004004004,0.24024024024024024,0.236,0.10010010010010009,0.3408408408408404,-8.020368985051588,-8.330547349338632
2024-01-23,bb7,0.997,1.0,0.20020020020020018,1.995130238458974,0.138,0.04004004004004004,0.24024024024024024,0.238,0.10010010010010009,0.3408408408408404,-8.228550401945613,-8.512084630573783
2024-01-24,bb7,0.996,1.0,0.18018018018018017,3.991198560027134,0.124,0.04004004004004004,0.24024024024024024,0.216,0.10010010010010009,0.3408408408408404,-8.013022846824848,-8.303994163867541
2024-01-25,bb7,0.995,1.0,0.18018018018018017,3.9529452847758337,0.118,0.04004004004004004,0.24024024024024024,0.226,0.10010010010010009,0.3408408408408404,-7.917376754946007,-8.144384616278412
2024-01-29,bb7,0.996,1.0,0.18018018018018017,5.380024896262484,0.108,0.04004004004004004,0.24024024024024024,0.176,0.10010010010010009,0.3408408408408404,-8.146650430366487,-8.420126257044938
2024-01-30,student,0.993,0.999,0.18018018018018017,0.6421362871607196,0.134,0.04004004004004004,0.24024024024024024,0.234,0.10010010010010009,0.3408408408408404,-10.020206273597912,-10.232233163217296
2024-01-31,bb7,0.995,1.0,0.20020020020020018,0.2968576261939102,0.13,0.04004004004004004,0.24024024024024024,0.214,0.10010010010010009,0.3408408408408404,-10.074082639341672,-10.316666113088717
2024-02-01,bb7,0.994,0.999,0.20020020020020018,1.6123121566409848,0.132,0.04004004004004004,0.24024024024024024,0.242,0.10010010010010009,0.36036036036036034,-9.697941541575322,-9.919840875028568
2024-02-02,bb7,0.994,0.999,0.18018018018018017,3.448696743243245,0.128,0.04004004004004004,0.24024024024024024,0.23,0.10010010010010009,0.3408408408408404,-9.44473290521383,-9.61399058430222
2024-02-05,bb7,0.994,0.999,0.18018018018018017,2.4919680699283147,0.13,0.04004004004004004,0.24024024024024024,0.23,0.10010010010010009,0.3408408408408404,-8.731865464639277,-8.932704589451093
2024-02-06,student,0.995,1.0,0.18018018018018017,3.8341398211729603,0.132,0.04004004004004004,0.24024024024024024,0.238,0.10010010010010009,0.34034034034034033,-8.448658006491602,-8.712028423595743
2024-02-07,student,0.995,0.999,0.18018018018018017,7.031395092442629,0.136,0.04004004004004004,0.24024024024024024,0.216,0.10010010010010009,0.3408408408408404,-9.12766063260398,-9.446567530911047
2024-02-08,bb7,0.995,0.999,0.18018018018018017,6.669101896023956,0.118,0.04004004004004004,0.24024024024024024,0.2,0.10010010010010009,0.3408408408408404,-9.06323126360395,-9.405984061688683
2024-02-09,bb7,0.997,0.999,0.18018018018018017,8.435454840096726,0.126,0.04004004004004004,0.24024024024024024,0.222,0.10010010010010009,0.3408408408408404,-8.579713396396215,-8.895331248720646
2024-02-12,student,0.997,0.999,0.18018018018018017,7.096129422637445,0.15,0.04004004004004004,0.24024024024024024,0.248,0.10010010010010009,0.34034034034034033,-8.456845963903463,-8.712358616593697
2024-02-13,student,0.997,1.0,0.18018018018018017,7.470477176339865,0.138,0.04004004004004004,0.24024024024024024,0.216,0.10010010010010009,0.34034034034034033,-8.227735952395658,-8.472866790151125
2024-02-14,student,0.997,1.0,0.18018018018018017,7.608555280471944,0.142,0.04004004004004004,0.24024024024024024,0.24,0.10010010010010009,0.3408408408408404,-8.321966113763319,-8.579223271407901
2024-02-15,student,0.997,1.0,0.18018018018018017,8.68910558512278,0.14,0.04004004004004004,0.24024024024024024,0.224,0.10010010010010009,0.34034034034034033,-7.85089674155152,-8.123211279999984
2024-02-16,student,0.997,1.0,0.18018018018018017,7.738807935122835,0.14,0.04004004004004004,0.24024024024024024,0.224,0.10010010010010009,0.34034034034034033,-7.872366296447798,-8.139912187797556
2024-02-19,student,0.995,1.0,0.18018018018018017,8.683751218222024,0.142,0.04004004004004004,0.24024024024024024,0.24,0.10010010010010009,0.34034034034034033,-7.859645270225489,-8.161501024304817
2024-02-20,bb7,0.993,0.999,0.18018018018018017,6.510178195561476,0.122,0.04004004004004004,0.24024024024024024,0.202,0.10010010010010009,0.34034034034034033,-7.885075336539354,-8.181859393720924
2024-02-21,bb7,0.993,0.997,0.18018018018018017,5.522100653466785,0.11,0.04004004004004004,0.24024024024024024,0.178,0.10010010010010009,0.34034034034034033,-8.83548206153971,-9.19339100225838
2024-02-22,bb7,0.995,0.999,0.18018018018018017,4.212045416217025,0.13,0.04004004004004004,0.24024024024024024,0.212,0.10010010010010009,0.34034034034034033,-8.927538704119282,-9.303211374825205
2024-02-23,bb7,0.996,1.0,0.20020020020020018,2.5016948372952945,0.132,0.04004004004004004,0.24024024024024024,0.23,0.10010010010010009,0.34034034034034033,-9.166406905775581,-9.566459309688227
2024-02-26,bb7,0.997,1.0,0.20020020020020018,2.881096676238525,0.1,0.04004004004004004,0.24024024024024024,0.192,0.10010010010010009,0.34034034034034033,-9.122817838529544,-9.553951013737548
2024-02-27,bb7,0.966,1.0,0.20020020020020018,1.8623110623914445,0.128,0.04004004004004004,0.24024024024024024,0.22,0.10010010010010009,0.34034034034034033,-8.844205537324404,-9.257375856290754
2024-02-28,bb7,0.971,1.0,0.20020020020020018,0.09074634980390978,0.132,0.04004004004004004,0.24024024024024024,0.204,0.10010010010010009,0.34034034034034033,-9.65484435876674,-10.152169146709396
2024-02-29,student,0.955,1.0,0.20020020020020018,-0.9739348794891102,0.154,0.04004004004004004,0.24024024024024024,0.256,0.10010010010010009,0.34034034034034033,-9.724403544368808,-10.186375330532185
2024-03-01,bb7,0.955,1.0,0.20020020020020018,-0.4506532605404553,0.144,0.04004004004004004,0.24024024024024024,0.22,0.10010010010010009,0.34034034034034033,-9.578991024517563,-9.879183676181333
2024-03-04,bb7,0.992,1.0,0.20020020020020018,-1.0387829813701204,0.108,0.04004004004004004,0.24024024024024024,0.204,0.10010010010010009,0.34034034034034033,-9.047982419621102,-9.281944835581626
2024-03-05,student,0.992,1.0,0.20020020020020018,-0.8480342308191753,0.142,0.04004004004004004,0.24024024024024024,0.268,0.10010010010010009,0.34034034034034033,-8.87507215783087,-9.132664470619988
2024-03-06,bb7,0.961,1.0,0.20020020020020018,-0.36379104998450995,0.12,0.04004004004004004,0.24024024024024024,0.202,0.10010010010010009,0.34034034034034033,-8.77647905243361,-9.04832492322241
2024-03-07,student,0.994,1.0,0.18018018018018017,-0.5427363902834148,0.14,0.04004004004004004,0.24024024024024024,0.23,0.10010010010010009,0.34034034034034033,-8.480866732999727,-8.740835315109786
2024-03-11,student,0.995,1.0,0.18018018018018017,-1.3710909720858,0.16,0.04004004004004004,0.24024024024024024,0.234,0.10010010010010009,0.34034034034034033,-8.101145739492763,-8.326931203667744
2024-03-12,bb7,0.986,1.0,0.18018018018018017,-1.389482825632375,0.122,0.04004004004004004,0.24024024024024024,0.218,0.10010010010010009,0.34034034034034033,-8.022517388276713,-8.24624500178329
2024-03-13,student,0.985,1.0,0.16016016016016016,-1.767696370178485,0.144,0.04004004004004004,0.24024024024024024,0.218,0.10010010010010009,0.34034034034034033,-7.869485924459647,-8.122924479364155
2024-03-14,student,0.984,1.0,0.14014014014014015,-0.6376656640893148,0.134,0.04004004004004004,0.24024024024024024,0.214,0.10010010010010009,0.34034034034034033,-7.63140848258929,-7.860811751520162
2024-03-15,student,0.986,1.0,0.14014014014014015,-2.30089337334874,0.124,0.04004004004004004,0.24024024024024024,0.214,0.10010010010010009,0.34034034034034033,-7.380752444490183,-7.57573555194993
2024-03-18,student,0.987,1.0,0.14014014014014015,-4.14509862559489,0.124,0.04004004004004004,0.24024024024024024,0.2,0.10010010010010009,0.34034034034034033,-7.559094460396501,-7.764579291552336
2024-03-19,student,0.989,1.0,0.14014014014014015,-5.5953381319572895,0.116,0.04004004004004004,0.24024024024024024,0.202,0.08008008008008008,0.34034034034034033,-7.441655577271524,-7.63931734720331
2024-03-20,student,0.992,1.0,0.14014014014014015,-4.769505843486844,0.146,0.04004004004004004,0.24024024024024024,0.226,0.08008008008008008,0.3203203203203203,-7.69103936931631,-7.925970413514566
2024-03-21,student,0.986,1.0,0.14014014014014015,-4.57337119762356,0.132,0.04004004004004004,0.24024024024024024,0.228,0.08008008008008008,0.3203203203203203,-7.256550671368348,-7.471362111426731
2024-03-22,student,0.989,1.0,0.14014014014014015,-6.13912635443757,0.114,0.04004004004004004,0.24024024024024024,0.17,0.08008008008008008,0.3203203203203203,-7.021638605343973,-7.211618553536295
2024-03-26,student,0.993,1.0,0.14014014014014015,-5.7145937772321895,0.134,0.04004004004004004,0.24024024024024024,0.198,0.08008008008008008,0.3203203203203203,-7.152189402262287,-7.324194688267982
2024-03-27,student,0.993,1.0,0.14014014014014015,-5.93967274663513,0.152,0.04004004004004004,0.24024024024024024,0.228,0.08008008008008008,0.3203203203203203,-7.037085529115733,-7.211797082357559
2024-03-28,student,0.993,1.0,0.14014014014014015,-3.306866742511145,0.138,0.04004004004004004,0.24024024024024024,0.236,0.08008008008008008,0.3203203203203203,-6.961696845835792,-7.161788426409165
2024-04-01,student,0.993,1.0,0.14014014014014015,-3.866762887292965,0.114,0.04004004004004004,0.24024024024024024,0.168,0.08008008008008008,0.3203203203203203,-6.941982414560078,-7.146978469587628
2024-04-02,student,0.989,1.0,0.16016016016016016,-2.550242711180145,0.128,0.04004004004004004,0.22072072072072024,0.188,0.08008008008008008,0.3203203203203203,-7.041059833289557,-7.255371056465247
2024-04-03,student,0.986,1.0,0.16016016016016016,-1.2884610534837249,0.134,0.04004004004004004,0.2202202202202202,0.196,0.08008008008008008,0.3203203203203203,-6.9564189468840665,-7.182814060887613
2024-04-04,student,0.983,1.0,0.16016016016016016,-0.05870487805679969,0.146,0.04004004004004004,0.2202202202202202,0.224,0.08008008008008008,0.3203203203203203,-7.144064241965711,-7.403315428460822
2024-04-05,bb7,0.983,1.0,0.16016016016016016,-0.6015197911608852,0.108,0.04004004004004004,0.2202202202202202,0.158,0.08008008008008008,0.3203203203203203,-7.170609314559121,-7.419159758689458
2024-04-08,student,0.979,1.0,0.16016016016016016,-0.9868324862803999,0.132,0.04004004004004004,0.2202202202202202,0.186,0.08008008008008008,0.3203203203203203,-7.0882093679669405,-7.331431225772824
2024-04-09,student,0.982,1.0,0.14014014014014015,0.6922044551690699,0.098,0.04004004004004004,0.2202202202202202,0.156,0.08008008008008008,0.3203203203203203,-7.153029415456667,-7.383687455985382
2024-04-10,student,0.973,1.0,0.14014014014014015,3.0396257510088356,0.132,0.04004004004004004,0.2202202202202202,0.208,0.08008008008008008,0.3203203203203203,-7.015774874558105,-7.233025008357561
2024-04-12,student,0.972,1.0,0.14014014014014015,2.2312519328423845,0.104,0.04004004004004004,0.2202202202202202,0.168,0.08008008008008008,0.3203203203203203,-6.931709308994264,-7.15026894033024
2024-04-15,student,0.978,1.0,0.14014014014014015,-0.6669540783844146,0.126,0.04004004004004004,0.2202202202202202,0.192,0.08008008008008008,0.3203203203203203,-6.944815894732421,-7.170184565110738
2024-04-16,student,0.976,1.0,0.14014014014014015,-3.22140801677204,0.144,0.04004004004004004,0.2202202202202202,0.216,0.08008008008008008,0.3203203203203203,-6.811462816140155,-7.0466049506506
2024-04-18,student,0.978,1.0,0.14014014014014015,-3.6212906309218647,0.1,0.04004004004004004,0.2202202202202202,0.17,0.08008008008008008,0.3203203203203203,-6.853310324152828,-7.078084191309545
2024-04-19,student,0.983,1.0,0.14014014014014015,-3.75427663785559,0.134,0.04004004004004004,0.2202202202202202,0.194,0.08008008008008008,0.3203203203203203,-6.726817625218347,-6.952439359392455
2024-04-22,student,0.972,1.0,0.12012012012012012,-1.4023737666678198,0.138,0.04004004004004004,0.2202202202202202,0.204,0.08008008008008008,0.3003003003003003,-6.548195862392304,-6.750479507950791
2024-04-23,student,0.983,1.0,0.10010010010010009,-0.7197601227568605,0.136,0.04004004004004004,0.2202202202202202,0.228,0.08008008008008008,0.3203203203203203,-6.9762190174162795,-7.175594727087924
2024-04-24,student,0.981,1.0,0.10010010010010009,-1.269147696323245,0.12,0.04004004004004004,0.2202202202202202,0.198,0.08008008008008008,0.3003003003003003,-6.84766932031714,-7.039636155209202
2024-04-25,student,0.979,1.0,0.10010010010010009,1.1536371249594342,0.116,0.02002002002002002,0.2202202202202202,0.184,0.08008008008008008,0.3003003003003003,-6.825626431436043,-6.974195032823623
2024-04-26,student,0.976,1.0,0.10010010010010009,-1.1989383513882503,0.1,0.04004004004004004,0.2202202202202202,0.162,0.08008008008008008,0.3003003003003003,-6.897193701993418,-7.043217067000256
2024-04-29,student,0.976,1.0,0.10010010010010009,2.068526426185844,0.096,0.02002002002002002,0.2202202202202202,0.166,0.08008008008008008,0.3003003003003003,-7.0077182963576705,-7.146802936300739
2024-04-30,student,0.992,1.0,0.10010010010010009,2.6957414115084397,0.088,0.04004004004004004,0.2202202202202202,0.152,0.08008008008008008,0.3003003003003003,-7.056969762502947,-7.2013261863953
2024-05-02,student,0.913,0.996,0.10010010010010009,4.95743252885943,0.114,0.04004004004004004,0.2202202202202202,0.17,0.08008008008008008,0.3003003003003003,-7.368699223806144,-7.525758825339289
2024-05-03,student,0.909,0.992,0.12012012012012012,5.398733082837315,0.106,0.02002002002002002,0.2202202202202202,0.146,0.08008008008008008,0.3003003003003003,-6.713372247243083,-6.806582637580361
2024-05-06,student,0.988,0.998,0.12012012012012012,4.198438073061619,0.112,0.04004004004004004,0.2202202202202202,0.19,0.08008008008008008,0.3003003003003003,-6.697090684415803,-6.809158443386161
2024-05-07,student,0.913,0.994,0.12012012012012012,2.5689055399142053,0.102,0.02002002002002002,0.20020020020020018,0.2,0.08008008008008008,0.3003003003003003,-6.697043669708031,-6.803015861253984
2024-05-08,student,0.91,0.993,0.12012012012012012,1.860920511094735,0.114,0.02002002002002002,0.20020020020020018,0.186,0.08008008008008008,0.3003003003003003,-6.773452024051181,-6.892634763878328
2024-05-09,student,0.88,0.988,0.12012012012012012,3.239194440571035,0.108,0.04004004004004004,0.2202202202202202,0.198,0.08008008008008008,0.3003003003003003,-6.866329257218214,-6.952123139821537
2024-05-10,student,0.905,0.994,0.12012012012012012,-0.18795530249031978,0.112,0.02002002002002002,0.20020020020020018,0.178,0.08008008008008008,0.3003003003003003,-7.245168463951164,-7.342851809460722
2024-05-13,student,0.907,0.996,0.12012012012012012,0.22752310780606022,0.102,0.02002002002002002,0.20020020020020018,0.178,0.08008008008008008,0.3003003003003003,-7.37177984272631,-7.471791015183031
2024-05-14,student,0.994,1.0,0.12012012012012012,-0.8561270713030701,0.09,0.02002002002002002,0.2202202202202202,0.176,0.08008008008008008,0.3003003003003003,-7.672815169374635,-7.786410961143932
2024-05-15,student,0.884,0.994,0.12012012012012012,-0.3824975509632199,0.104,0.02002002002002002,0.20020020020020018,0.176,0.08008008008008008,0.3003003003003003,-7.473340785840547,-7.614917756737635
2024-05-16,student,0.888,0.993,0.12012012012012012,0.25416941700791984,0.112,0.02002002002002002,0.20020020020020018,0.196,0.08008008008008008,0.3003003003003003,-7.2656873829864965,-7.412702646671817
2024-05-17,student,0.906,0.996,0.12012012012012012,0.15423628903262993,0.098,0.02002002002002002,0.20070070070070023,0.166,0.08008008008008008,0.3003003003003003,-7.306426202789531,-7.421322084742964
2024-05-21,student,0.992,1.0,0.12012012012012012,1.6831679536814999,0.094,0.02002002002002002,0.20020020020020018,0.156,0.08008008008008008,0.3003003003003003,-7.531670429708183,-7.691665001722146
2024-05-22,student,0.988,1.0,0.12012012012012012,2.349570443225595,0.11,0.04004004004004004,0.2202202202202202,0.172,0.08008008008008008,0.3003003003003003,-7.571402053839996,-7.7206510130038755
2024-05-23,student,0.869,0.991,0.12012012012012012,3.683549429653165,0.096,0.02002002002002002,0.20020020020020018,0.168,0.08008008008008008,0.3003003003003003,-7.421767420498112,-7.599520045143486
2024-05-24,student,0.881,0.993,0.12012012012012012,2.245032575889705,0.106,0.02002002002002002,0.2202202202202202,0.172,0.08008008008008008,0.3003003003003003,-7.395461906168428,-7.6015480213625075
2024-05-27,student,0.992,1.0,0.10010010010010009,3.4257760354448044,0.118,0.02002002002002002,0.2202202202202202,0.192,0.06006006006006006,0.3003003003003003,-7.444754381439112,-7.641124834874033
2024-05-28,student,0.88,0.992,0.12012012012012012,3.7029697555760346,0.096,0.02002002002002002,0.20020020020020018,0.166,0.06006006006006006,0.3003003003003003,-7.266783524020151,-7.443217830522953
2024-05-29,student,0.88,0.988,0.10010010010010009,2.0155957704393845,0.108,0.02002002002002002,0.20020020020020018,0.164,0.06006006006006006,0.3003003003003003,-7.045844182531881,-7.201236486516796
2024-05-30,student,0.985,1.0,0.10010010010010009,1.4320835511723398,0.126,0.02002002002002002,0.20020020020020018,0.198,0.06006006006006006,0.3003003003003003,-7.00143440080518,-7.192535567092424
2024-05-31,student,0.873,0.988,0.10010010010010009,0.6088388729339798,0.1,0.02002002002002002,0.20020020020020018,0.146,0.06006006006006006,0.3003003003003003,-6.937790250384769,-7.093984177525544
2024-06-03,student,0.988,1.0,0.10010010010010009,4.8638853479259945,0.116,0.02002002002002002,0.20020020020020018,0.182,0.06006006006006006,0.3003003003003003,-6.870958217862782,-7.050122266326008
2024-06-04,student,0.988,1.0,0.10010010010010009,-3.7741503080381857,0.088,0.02002002002002002,0.20020020020020018,0.146,0.06006006006006006,0.3003003003003003,-6.897143567389814,-7.0681054510464
2024-06-05,student,0.876,0.991,0.10010010010010009,-2.3783189520466252,0.08,0.02002002002002002,0.20020020020020018,0.138,0.06006006006006006,0.3003003003003003,-6.6497115466391135,-6.826775828615864
2024-06-06,student,0.971,1.0,0.10010010010010009,-0.6428209925727306,0.13,0.02002002002002002,0.20020020020020018,0.184,0.06006006006006006,0.3003003003003003,-6.739830738857624,-6.912599781329859
2024-06-07,student,0.988,1.0,0.10010010010010009,2.647129556667039,0.112,0.02002002002002002,0.20020020020020018,0.162,0.06006006006006006,0.3003003003003003,-6.800702794323241,-6.944283831707309
2024-06-10,student,0.986,0.998,0.10010010010010009,1.122830799582865,0.098,0.02002002002002002,0.20020020020020018,0.156,0.06006006006006006,0.2802802802802803,-6.6911387147412436,-6.825301414476271
2024-06-11,student,0.983,0.999,0.10010010010010009,1.5137059791752394,0.13,0.04004004004004004,0.2202202202202202,0.186,0.06006006006006006,0.28078078078078034,-6.572489286216544,-6.713522383182002
2024-06-12,student,0.985,0.998,0.10010010010010009,2.437504131977845,0.118,0.02002002002002002,0.20020020020020018,0.198,0.06006006006006006,0.3003003003003003,-6.753368206357162,-6.933601235617892
2024-06-13,student,0.988,0.998,0.10010010010010009,3.638755120214309,0.1,0.02002002002002002,0.20020020020020018,0.15,0.06006006006006006,0.3003003003003003,-6.62980702259791,-6.828354545124254
2024-06-14,student,0.985,0.998,0.10010010010010009,3.3625267956235003,0.138,0.02002002002002002,0.20020020020020018,0.204,0.06006006006006006,0.3003003003003003,-6.529161093388946,-6.7196519228956735
2024-06-18,student,0.987,0.998,0.10010010010010009,-0.29240239897882037,0.11,0.02002002002002002,0.20020020020020018,0.174,0.06006006006006006,0.3003003003003003,-7.590749848899118,-7.826009735735703
2024-06-19,student,0.983,0.996,0.10010010010010009,8.812324746530345,0.114,0.02002002002002002,0.20020020020020018,0.188,0.06006006006006006,0.3003003003003003,-13.473453612612632,-13.80463180941801
2024-06-20,student,0.984,0.997,0.10010010010010009,6.20374695767485,0.1,0.02002002002002002,0.20020020020020018,0.168,0.06006006006006006,0.3003003003003003,-12.895195296662722,-13.244730849964315
2024-06-21,student,0.987,0.997,0.10010010010010009,3.182428751521795,0.1,0.02002002002002002,0.20020020020020018,0.184,0.06006006006006006,0.3003003003003003,-12.816054749420442,-13.151718772487646
2024-06-24,student,0.991,0.997,0.10010010010010009,-0.04533593259879015,0.1,0.02002002002002002,0.20020020020020018,0.174,0.06006006006006006,0.3003003003003003,-12.61001879046643,-12.976754034216098
2024-06-25,student,0.987,0.996,0.10010010010010009,2.01171570881017,0.108,0.02002002002002002,0.20020020020020018,0.172,0.06006006006006006,0.3003003003003003,-12.020604757874231,-12.380602581080547
2024-06-26,student,0.984,0.994,0.12012012012012012,2.063483725741205,0.118,0.04004004004004004,0.2202202202202202,0.194,0.06006006006006006,0.3003003003003003,-11.191880429762419,-11.518283897303885
2024-06-27,student,0.982,0.994,0.12012012012012012,3.174014126749085,0.106,0.02002002002002002,0.20020020020020018,0.176,0.06006006006006006,0.3003003003003003,-10.001554693282849,-10.329297114718358
2024-06-28,student,0.996,1.0,0.10010010010010009,2.6773016576298945,0.072,0.02002002002002002,0.2202202202202202,0.13,0.08008008008008008,0.3003003003003003,-6.727775608524416,-6.9669496251102245
2024-07-01,student,0.997,1.0,0.10010010010010009,3.4735533621642953,0.106,0.02002002002002002,0.2202202202202202,0.184,0.08008008008008008,0.3003003003003003,-6.804623756602157,-7.05904744968735
2024-07-02,student,0.996,1.0,0.12012012012012012,2.8183966778841105,0.096,0.039539539539539564,0.2202202202202202,0.166,0.08008008008008008,0.3003003003003003,-7.103182103371075,-7.356620555557572
2024-07-03,student,0.996,0.999,0.12012012012012012,2.95161511196978,0.152,0.04004004004004004,0.2202202202202202,0.222,0.08008008008008008,0.3003003003003003,-7.005324107579945,-7.260965912536244
2024-07-04,student,0.996,0.998,0.12012012012012012,4.010084233988129,0.086,0.04004004004004004,0.2202202202202202,0.15,0.08008008008008008,0.3003003003003003,-6.892224875096789,-7.114646830755823
2024-07-05,student,0.996,0.998,0.12012012012012012,4.9925993851713955,0.152,0.02002002002002002,0.2202202202202202,0.226,0.06006006006006006,0.3003003003003003,-6.804750288597505,-7.0205050652522765
2024-07-08,student,0.996,0.999,0.12012012012012012,5.61483821151236,0.094,0.02002002002002002,0.2202202202202202,0.152,0.0795795795795796,0.3003003003003003,-7.204536470941703,-7.420029663600368
2024-07-09,student,0.994,0.998,0.12012012012012012,4.720870605257521,0.116,0.04004004004004004,0.2202202202202202,0.184,0.0795795795795796,0.3003003003003003,-7.083537595640043,-7.3079117896748365
2024-07-10,student,0.994,1.0,0.12012012012012012,3.5892874229982854,0.134,0.039539539539539564,0.2202202202202202,0.192,0.0795795795795796,0.3003003003003003,-7.27398684693885,-7.523399006777117
2024-07-11,student,0.997,1.0,0.12012012012012012,3.2069314716631503,0.112,0.04004004004004004,0.22072072072072024,0.172,0.08008008008008008,0.3003003003003003,-7.5725645611540475,-7.827133974152141
2024-07-12,student,0.998,1.0,0.12012012012012012,5.054805979067826,0.102,0.02002002002002002,0.20020020020020018,0.164,0.08008008008008008,0.3003003003003003,-7.250995808258165,-7.536557678903676
2024-07-15,student,0.994,1.0,0.12012012012012012,5.813194557250645,0.136,0.02002002002002002,0.20020020020020018,0.214,0.08008008008008008,0.3003003003003003,-7.344767917447236,-7.6576684339623755
2024-07-16,student,0.997,1.0,0.12012012012012012,6.335102494890634,0.108,0.02002002002002002,0.20020020020020018,0.17,0.08008008008008008,0.3003003003003003,-7.413547639416703,-7.730422562961272
2024-07-18,student,0.994,1.0,0.10010010010010009,6.954073362791135,0.104,0.02002002002002002,0.2202202202202202,0.172,0.08008008008008008,0.3003003003003003,-7.543203340977037,-7.897998733132362
2024-07-19,student,0.994,1.0,0.12012012012012012,7.03078859272927,0.12,0.02002002002002002,0.20020020020020018,0.186,0.08008008008008008,0.3003003003003003,-7.419927043058571,-7.744110260415843
2024-07-22,student,0.994,1.0,0.12012012012012012,5.7102446660337405,0.116,0.02002002002002002,0.2202202202202202,0.178,0.06006006006006006,0.3003003003003003,-7.741015043357975,-8.05716644553152
2024-07-23,student,0.99,1.0,0.12012012012012012,5.45814647189302,0.126,0.04004004004004004,0.2202202202202202,0.202,0.0795795795795796,0.3003003003003003,-7.591369402401751,-7.906328501518485
2024-07-24,student,0.994,1.0,0.12012012012012012,4.52582180427439,0.13,0.04004004004004004,0.2202202202202202,0.22,0.08008008008008008,0.3003003003003003,-7.3877566179888845,-7.708804281409555
2024-07-25,student,0.996,1.0,0.10010010010010009,5.059726482217905,0.1,0.02002002002002002,0.20020020020020018,0.188,0.0795795795795796,0.3003003003003003,-7.521141976562609,-7.846585222255563
2024-07-26,student,0.996,1.0,0.10010010010010009,6.748276116560129,0.104,0.02002002002002002,0.20020020020020018,0.162,0.0795795795795796,0.3003003003003003,-7.47343061411879,-7.7976378546257665
2024-07-29,student,0.994,1.0,0.10010010010010009,5.1378626102676,0.098,0.02002002002002002,0.20020020020020018,0.196,0.08008008008008008,0.3003003003003003,-7.679361827730091,-7.973533313411457
2024-07-30,student,0.996,1.0,0.10010010010010009,4.261975353096425,0.094,0.02002002002002002,0.20020020020020018,0.154,0.08008008008008008,0.3003003003003003,-7.79478439414196,-8.082419478263613
2024-07-31,student,0.994,1.0,0.10010010010010009,3.484880726427415,0.086,0.02002002002002002,0.20020020020020018,0.166,0.08008008008008008,0.3003003003003003,-7.485675991783456,-7.727131972356407
2024-08-01,student,0.995,1.0,0.10010010010010009,0.8595795451652051,0.126,0.02002002002002002,0.20020020020020018,0.212,0.08008008008008008,0.3003003003003003,-7.476167353483972,-7.717203334443612
2024-08-02,student,0.996,1.0,0.10010010010010009,-1.6076900502330203,0.076,0.02002002002002002,0.20020020020020018,0.146,0.08008008008008008,0.3003003003003003,-7.450172102754902,-7.676698511442811
2024-08-05,student,0.994,1.0,0.10010010010010009,-5.51524985967791,0.098,0.02002002002002002,0.20020020020020018,0.156,0.08008008008008008,0.3003003003003003,-7.6753744480509996,-7.900734876783167
2024-08-06,student,0.994,1.0,0.10010010010010009,-6.37798181195167,0.108,0.02002002002002002,0.20020020020020018,0.206,0.08008008008008008,0.3003003003003003,-7.796152991741821,-8.03903351860329
2024-08-07,student,0.996,1.0,0.10010010010010009,-3.7777683661246537,0.072,0.02002002002002002,0.20020020020020018,0.144,0.0795795795795796,0.3003003003003003,-7.7338275977489905,-7.9812480153014
2024-08-08,student,0.995,1.0,0.10010010010010009,-4.73250139004579,0.124,0.02002002002002002,0.20020020020020018,0.188,0.0795795795795796,0.3003003003003003,-7.5906089690059435,-7.811220778227788
2024-08-09,student,0.994,1.0,0.10010010010010009,-5.226299819583984,0.126,0.02002002002002002,0.20020020020020018,0.178,0.0795795795795796,0.3003003003003003,-7.5976080266817645,-7.836659776303091
2024-08-12,student,0.904,0.996,0.10010010010010009,-5.513844236066174,0.114,0.02002002002002002,0.20020020020020018,0.174,0.0795795795795796,0.3003003003003003,-7.423456806113647,-7.64774051819704
2024-08-13,student,0.994,1.0,0.12012012012012012,-6.677381189107983,0.116,0.02002002002002002,0.20020020020020018,0.184,0.0795795795795796,0.3003003003003003,-7.2807267957891755,-7.482167208034993
2024-08-14,student,0.994,1.0,0.12012012012012012,-5.363742608044644,0.114,0.04004004004004004,0.2202202202202202,0.178,0.0795795795795796,0.3003003003003003,-7.263455537351287,-7.4671668107464555
2024-08-16,student,0.994,1.0,0.10010010010010009,-2.8481959841921283,0.11,0.02002002002002002,0.20020020020020018,0.172,0.0795795795795796,0.3003003003003003,-7.3528190061017735,-7.549117444169936
2024-08-19,student,0.991,1.0,0.10010010010010009,-0.8726877680319396,0.122,0.04004004004004004,0.2202202202202202,0.198,0.0795795795795796,0.3003003003003003,-7.7082994935393945,-7.948871865030911
2024-08-20,student,0.987,1.0,0.12012012012012012,3.8507064472736756,0.124,0.04004004004004004,0.2202202202202202,0.218,0.08008008008008008,0.3003003003003003,-9.633405076993311,-9.93310689860235
2024-08-21,student,0.985,0.999,0.12012012012012012,4.463356041169501,0.12,0.04004004004004004,0.2202202202202202,0.176,0.08008008008008008,0.3003003003003003,-8.98303732284897,-9.244621522981019
2024-08-22,bb7,0.987,0.999,0.12012012012012012,3.1285839069853654,0.1,0.04004004004004004,0.2202202202202202,0.138,0.08008008008008008,0.3003003003003003,-8.525792906023609,-8.759417424522596
2024-08-23,student,0.987,1.0,0.12012012012012012,3.7502253733563045,0.108,0.04004004004004004,0.2202202202202202,0.196,0.08008008008008008,0.3003003003003003,-8.726795603050533,-8.961051233249997
2024-08-26,student,0.987,0.999,0.12012012012012012,2.32667940908407,0.09,0.04004004004004004,0.2202202202202202,0.168,0.08008008008008008,0.3003003003003003,-8.39085093046594,-8.649046156032984
2024-08-27,student,0.987,1.0,0.12012012012012012,2.9809081187579105,0.106,0.04004004004004004,0.2202202202202202,0.174,0.08008008008008008,0.3003003003003003,-8.43432325790018,-8.702394632391572
2024-08-28,student,0.99,1.0,0.12012012012012012,4.530184319961285,0.134,0.04004004004004004,0.2202202202202202,0.222,0.08008008008008008,0.3003003003003003,-8.479817623218104,-8.74632396457507
2024-08-29,student,0.99,1.0,0.12012012012012012,3.6426637465508,0.116,0.04004004004004004,0.2202202202202202,0.202,0.08008008008008008,0.3003003003003003,-8.292414508039474,-8.559262428079618
2024-08-30,student,0.991,1.0,0.12012012012012012,2.44410737744586,0.142,0.04004004004004004,0.2202202202202202,0.2,0.08008008008008008,0.3003003003003003,-8.015490612143509,-8.302209368776607
2024-09-02,student,0.991,1.0,0.12012012012012012,3.1207548334539856,0.112,0.04004004004004004,0.2202202202202202,0.216,0.08008008008008008,0.3003003003003003,-7.667053120621278,-7.916017091520735
2024-09-03,student,0.992,1.0,0.12012012012012012,2.084437671021195,0.092,0.04004004004004004,0.2202202202202202,0.164,0.08008008008008008,0.3003003003003003,-7.559902562309161,-7.8068576138784
2024-09-04,student,0.992,1.0,0.12012012012012012,1.3691671192787203,0.114,0.04004004004004004,0.2202202202202202,0.178,0.08008008008008008,0.3003003003003003,-7.625077237444329,-7.871081910757404
2024-09-05,student,0.99,0.999,0.12012012012012012,1.2927366447180653,0.116,0.04004004004004004,0.2202202202202202,0.172,0.08008008008008008,0.3203203203203203,-7.481428453419595,-7.7363105680526205
2024-09-06,student,0.991,1.0,0.12012012012012012,-1.0000653938733244,0.124,0.04004004004004004,0.2202202202202202,0.198,0.08008008008008008,0.3203203203203203,-7.693387517038961,-7.962872583599386
2024-09-09,student,0.991,1.0,0.12012012012012012,-1.4354640476344498,0.106,0.04004004004004004,0.2202202202202202,0.194,0.08008008008008008,0.3203203203203203,-7.619273700115422,-7.888581560817128
2024-09-10,student,0.994,1.0,0.12012012012012012,-1.760299305713985,0.12,0.04004004004004004,0.2202202202202202,0.186,0.08008008008008008,0.3203203203203203,-7.62787617556747,-7.913708375598082
2024-09-11,student,0.991,1.0,0.12012012012012012,-3.3382337133911446,0.13,0.04004004004004004,0.2202202202202202,0.194,0.08008008008008008,0.3003003003003003,-7.632859035007385,-7.942138449319685
2024-09-12,student,0.991,1.0,0.12012012012012012,-1.2293875170302049,0.094,0.04004004004004004,0.2202202202202202,0.158,0.08008008008008008,0.3203203203203203,-7.515447001930392,-7.779635712688791
2024-09-13,student,0.991,1.0,0.12012012012012012,-1.53049765154126,0.118,0.04004004004004004,0.2202202202202202,0.178,0.08008008008008008,0.3203203203203203,-7.512501617903303,-7.797626597787301
2024-09-16,student,0.991,1.0,0.12012012012012012,-2.64095070420753,0.114,0.04004004004004004,0.2202202202202202,0.168,0.08008008008008008,0.3203203203203203,-7.3931230676769575,-7.658211654355001
2024-09-17,student,0.991,1.0,0.12012012012012012,-2.316588534554975,0.126,0.04004004004004004,0.2202202202202202,0.212,0.08008008008008008,0.3203203203203203,-7.399170426885475,-7.65181708800504
2024-09-18,student,0.987,0.999,0.12012012012012012,-2.270278402657195,0.098,0.04004004004004004,0.2202202202202202,0.174,0.08008008008008008,0.3203203203203203,-7.494888404599333,-7.726824466139183
2024-09-19,student,0.987,0.999,0.12012012012012012,-2.808170972679895,0.116,0.04004004004004004,0.2202202202202202,0.18,0.08008008008008008,0.3203203203203203,-7.303488187374907,-7.5686023405993215
2024-09-20,student,0.987,1.0,0.12012012012012012,0.05128374726380969,0.128,0.04004004004004004,0.2202202202202202,0.2,0.08008008008008008,0.3203203203203203,-8.795217924786632,-9.108452421430687
2024-09-23,student,0.991,1.0,0.12012012012012012,1.15715986482522,0.108,0.04004004004004004,0.2202202202202202,0.182,0.08008008008008008,0.3203203203203203,-8.409865174790658,-8.704245947637169
2024-09-24,student,0.99,1.0,0.12012012012012012,0.6273115138865347,0.112,0.04004004004004004,0.2202202202202202,0.19,0.08008008008008008,0.3203203203203203,-8.107582464722348,-8.398307557102745
2024-09-25,student,0.991,1.0,0.12012012012012012,1.1787004853206051,0.132,0.04004004004004004,0.2202202202202202,0.174,0.08008008008008008,0.3203203203203203,-8.403312270485678,-8.693676084561954
2024-09-26,student,0.991,1.0,0.12012012012012012,-0.4166972896231502,0.126,0.04004004004004004,0.2202202202202202,0.182,0.08008008008008008,0.3203203203203203,-8.480563225278075,-8.760442334911996
2024-09-27,student,0.984,0.999,0.12012012012012012,-0.22941930196511529,0.082,0.04004004004004004,0.2202202202202202,0.162,0.08008008008008008,0.3203203203203203,-8.329462302952553,-8.55678445000967
2024-09-30,student,0.986,1.0,0.12012012012012012,-1.8020901149284203,0.122,0.04004004004004004,0.2202202202202202,0.184,0.08008008008008008,0.3203203203203203,-8.299382603529235,-8.532245199776257
2024-10-01,student,0.987,1.0,0.12012012012012012,-0.360431160878675,0.134,0.04004004004004004,0.2202202202202202,0.19,0.08008008008008008,0.3203203203203203,-8.108017746343583,-8.39722398428326
2024-10-03,student,0.988,1.0,0.12012012012012012,0.1180936773126251,0.144,0.04004004004004004,0.2202202202202202,0.196,0.08008008008008008,0.3203203203203203,-8.640678334591572,-8.893738645026716
2024-10-04,student,0.985,0.999,0.12012012012012012,1.050522082459215,0.136,0.04004004004004004,0.2202202202202202,0.202,0.08008008008008008,0.3203203203203203,-8.021293914557779,-8.2468852890474
2024-10-07,student,0.989,1.0,0.12012012012012012,0.03165870144286487,0.142,0.04004004004004004,0.2202202202202202,0.208,0.08008008008008008,0.3203203203203203,-7.961931191709383,-8.170929009981526
2024-10-08,student,0.984,0.998,0.12012012012012012,0.06657461396595021,0.128,0.04004004004004004,0.2202202202202202,0.214,0.08008008008008008,0.3203203203203203,-8.10013846014173,-8.305347101802031
2024-10-09,student,0.987,1.0,0.12012012012012012,1.3528236122004254,0.124,0.04004004004004004,0.2202202202202202,0.19,0.08008008008008008,0.3203203203203203,-7.849102755168172,-8.082889953958132
2024-10-10,student,0.985,0.999,0.12012012012012012,0.8728914511987402,0.118,0.04004004004004004,0.2202202202202202,0.18,0.08008008008008008,0.3203203203203203,-7.881248452288442,-8.11756637282388
2024-10-11,student,0.99,1.0,0.12012012012012012,0.7775603275011403,0.144,0.04004004004004004,0.2202202202202202,0.226,0.08008008008008008,0.3203203203203203,-7.78868671525882,-8.030337352509205
2024-10-14,student,0.991,1.0,0.12012012012012012,1.5046350837729503,0.11,0.04004004004004004,0.2202202202202202,0.176,0.08008008008008008,0.3203203203203203,-7.634567217707144,-7.869179508108849
2024-10-15,student,0.991,1.0,0.12012012012012012,3.234741808609315,0.136,0.04004004004004004,0.2202202202202202,0.2,0.08008008008008008,0.3203203203203203,-8.165548223402197,-8.430297397869184
2024-10-16,student,0.99,0.999,0.12012012012012012,0.9422854190623253,0.156,0.04004004004004004,0.2202202202202202,0.202,0.08008008008008008,0.3203203203203203,-7.982703601375146,-8.239012706365832
2024-10-17,student,0.99,0.998,0.12012012012012012,2.990736531004435,0.14,0.04004004004004004,0.2202202202202202,0.198,0.08008008008008008,0.3203203203203203,-7.856989089754401,-8.124621441015814
2024-10-18,student,0.991,0.999,0.12012012012012012,0.45372185839447043,0.124,0.04004004004004004,0.2202202202202202,0.184,0.08008008008008008,0.3203203203203203,-7.468296943635029,-7.768118298940035
2024-10-21,student,0.991,1.0,0.12012012012012012,0.5795079289588854,0.132,0.04004004004004004,0.2202202202202202,0.202,0.08008008008008008,0.3203203203203203,-8.13896706783382,-8.44328792759688
2024-10-22,student,0.991,1.0,0.12012012012012012,-1.9823686354193695,0.104,0.04004004004004004,0.2202202202202202,0.174,0.08008008008008008,0.3203203203203203,-7.941856523703102,-8.195598366813167
2024-10-23,student,0.991,1.0,0.12012012012012012,-2.7941641404649693,0.12,0.04004004004004004,0.2202202202202202,0.188,0.08008008008008008,0.3203203203203203,-7.912053247358713,-8.164102913407323
2024-10-24,student,0.994,1.0,0.10010010010010009,-1.6316279644206195,0.138,0.04004004004004004,0.2202202202202202,0.194,0.08008008008008008,0.3003003003003003,-7.888910681649164,-8.134589568643356
2024-10-25,student,0.995,1.0,0.10010010010010009,-3.113447291457264,0.092,0.04004004004004004,0.2202202202202202,0.162,0.08008008008008008,0.3003003003003003,-7.674280765490334,-7.9312208992261874
2024-10-28,student,0.996,1.0,0.10010010010010009,-3.266926662074294,0.106,0.04004004004004004,0.2202202202202202,0.154,0.08008008008008008,0.3003003003003003,-7.746096094950695,-7.9912534047429
2024-10-29,student,0.996,1.0,0.10010010010010009,-0.8807183194896546,0.15,0.04004004004004004,0.2202202202202202,0.232,0.08008008008008008,0.3003003003003003,-7.737790562168884,-7.977962062100254
2024-10-30,student,0.996,1.0,0.10010010010010009,-1.560813141080315,0.136,0.04004004004004004,0.2202202202202202,0.198,0.08008008008008008,0.3003003003003003,-7.823658876663051,-8.030503150831999
2024-10-31,student,0.996,1.0,0.10010010010010009,-4.538907731691304,0.108,0.04004004004004004,0.2202202202202202,0.174,0.08008008008008008,0.3003003003003003,-7.614496629036761,-7.807379478498802
2024-11-01,student,0.996,1.0,0.10010010010010009,-2.6482971923995446,0.116,0.04004004004004004,0.2202202202202202,0.178,0.08008008008008008,0.3003003003003003,-8.665965298962742,-8.821947250404813
2024-11-04,student,0.995,1.0,0.10010010010010009,-0.9308880513759046,0.152,0.04004004004004004,0.2202202202202202,0.206,0.08008008008008008,0.3003003003003003,-7.8798256948868675,-8.102974769029647
2024-11-05,student,0.996,0.998,0.10010010010010009,1.4520029897492903,0.086,0.04004004004004004,0.2202202202202202,0.16,0.08008008008008008,0.3003003003003003,-7.945827362190924,-8.172380857195657
2024-11-06,student,0.994,0.998,0.10010010010010009,3.417246311804575,0.13,0.04004004004004004,0.2202202202202202,0.182,0.08008008008008008,0.3003003003003003,-7.85812232253768,-8.100023356336528
2024-11-07,student,0.996,1.0,0.10010010010010009,2.8558437152608005,0.09,0.04004004004004004,0.2202202202202202,0.172,0.08008008008008008,0.3003003003003003,-7.893091675634605,-8.161404674072939
2024-11-08,student,0.994,0.998,0.10010010010010009,3.5283070656275504,0.088,0.04004004004004004,0.2202202202202202,0.16,0.0795795795795796,0.3003003003003003,-7.826561758275895,-8.08623039150746
2024-11-11,student,0.994,0.999,0.10010010010010009,3.8173323325745656,0.13,0.04004004004004004,0.2202202202202202,0.18,0.08008008008008008,0.3003003003003003,-7.833638666053666,-8.055955550627402
2024-11-12,student,0.994,0.999,0.10010010010010009,0.433994453261765,0.106,0.04004004004004004,0.2202202202202202,0.174,0.08008008008008008,0.3003003003003003,-8.825454648556283,-9.045450560660457
2024-11-13,student,0.994,0.998,0.10010010010010009,0.9604180353214349,0.152,0.04004004004004004,0.2202202202202202,0.214,0.08008008008008008,0.3003003003003003,-8.61943765971758,-8.842305299586826
2024-11-14,student,0.994,0.998,0.10010010010010009,1.9815774743194703,0.108,0.04004004004004004,0.2202202202202202,0.166,0.0795795795795796,0.3003003003003003,-8.5779012027984,-8.780106288952972
2024-11-18,student,0.995,0.998,0.10010010010010009,0.9946551958689753,0.118,0.04004004004004004,0.2202202202202202,0.186,0.06006006006006006,0.3003003003003003,-7.957633015977352,-8.140975074323318
2024-11-19,student,0.995,1.0,0.10010010010010009,0.05835982345053026,0.124,0.04004004004004004,0.2202202202202202,0.178,0.0795795795795796,0.3003003003003003,-7.706193575147973,-7.898362972005491
2024-11-21,student,0.997,1.0,0.10010010010010009,-1.9762972048708802,0.13,0.04004004004004004,0.2202202202202202,0.184,0.06006006006006006,0.3003003003003003,-7.869817854094501,-8.035068372519621
2024-11-22,student,0.995,0.998,0.10010010010010009,-0.21109334630074983,0.152,0.04004004004004004,0.2202202202202202,0.218,0.08008008008008008,0.3003003003003003,-7.867642508392998,-8.024459876836529
2024-11-25,student,0.992,0.998,0.10010010010010009,1.4578378670518553,0.098,0.04004004004004004,0.2202202202202202,0.148,0.0795795795795796,0.3003003003003003,-7.684408134925774,-7.8333166348309256
2024-11-26,student,0.992,1.0,0.10010010010010009,2.2869077763133756,0.12,0.04004004004004004,0.22072072072072024,0.166,0.06006006006006006,0.3003003003003003,-7.745190979094489,-7.897474730901716
2024-11-27,student,0.997,1.0,0.10010010010010009,0.8960689060733547,0.094,0.039539539539539564,0.2202202202202202,0.166,0.06006006006006006,0.3003003003003003,-7.576556061387566,-7.736724984710272
2024-11-28,student,0.996,1.0,0.10010010010010009,0.4033605387972805,0.14,0.04004004004004004,0.2202202202202202,0.19,0.06006006006006006,0.3003003003003003,-7.8694396226975405,-8.049498466427947
2024-11-29,student,0.996,1.0,0.10010010010010009,1.5561160936202598,0.094,0.039539539539539564,0.2202202202202202,0.142,0.06006006006006006,0.3003003003003003,-8.041991495598145,-8.224771343973675
2024-12-02,student,0.997,1.0,0.10010010010010009,2.3671239317522406,0.098,0.039539539539539564,0.2202202202202202,0.184,0.06006006006006006,0.3003003003003003,-7.962471536884879,-8.139571996937672
2024-12-03,student,0.993,0.998,0.10010010010010009,4.555174360871755,0.138,0.039539539539539564,0.2202202202202202,0.194,0.06006006006006006,0.28078078078078034,-8.231431075730045,-8.402420843029358
2024-12-04,student,0.992,0.998,0.10010010010010009,5.148287935327851,0.114,0.04004004004004004,0.2202202202202202,0.174,0.06006006006006006,0.28078078078078034,-7.840873909167749,-7.9873390050330935
2024-12-05,student,0.995,0.999,0.10010010010010009,7.824889750041824,0.108,0.02002002002002002,0.2202202202202202,0.17,0.06006006006006006,0.2802802802802803,-8.191270113183085,-8.332357301948477
2024-12-06,student,0.995,0.998,0.10010010010010009,3.3614502901497,0.102,0.04004004004004004,0.2202202202202202,0.134,0.06006006006006006,0.2802802802802803,-8.968684750133134,-9.117585067980617
2024-12-09,student,0.992,0.998,0.10010010010010009,1.689159524161345,0.11,0.04004004004004004,0.2202202202202202,0.152,0.06006006006006006,0.2802802802802803,-8.803995531974508,-8.965907424382992
2024-12-10,student,0.945,0.991,0.10010010010010009,2.2764662135599956,0.102,0.02002002002002002,0.2202202202202202,0.152,0.06006006006006006,0.2802802802802803,-8.21318408414672,-8.356130181003403
2024-12-11,student,0.975,0.998,0.10010010010010009,2.8954797150755605,0.114,0.039539539539539564,0.2202202202202202,0.162,0.06006006006006006,0.2802802802802803,-7.98556328477036,-8.132790978220857
2024-12-12,student,0.954,0.992,0.10010010010010009,4.27000812879527,0.114,0.039539539539539564,0.2202202202202202,0.154,0.06006006006006006,0.2802802802802803,-8.415565032000528,-8.552287473219076
2024-12-13,student,0.953,0.988,0.10010010010010009,5.00795948665076,0.104,0.039539539539539564,0.2202202202202202,0.142,0.06006006006006006,0.2802802802802803,-7.96039671532144,-8.11928666820786
2024-12-16,student,0.955,0.991,0.10010010010010009,4.044309021125396,0.116,0.02002002002002002,0.2202202202202202,0.16,0.06006006006006006,0.2802802802802803,-7.921232627343781,-8.081290774728442
2024-12-17,student,0.992,0.998,0.10010010010010009,1.9850733952891142,0.126,0.04004004004004004,0.2202202202202202,0.18,0.06006006006006006,0.2802802802802803,-8.107115206175045,-8.28430882798182
2024-12-18,student,0.992,0.998,0.10010010010010009,1.0550584780186751,0.114,0.04004004004004004,0.2202202202202202,0.166,0.06006006006006006,0.2802802802802803,-8.033015533607998,-8.19265610582663
2024-12-19,student,0.942,0.988,0.10010010010010009,-1.63036190638892,0.116,0.04004004004004004,0.2202202202202202,0.158,0.06006006006006006,0.2802802802802803,-7.950262455847464,-8.140875289309182
2024-12-20,student,0.937,0.987,0.10010010010010009,-3.0898664127910203,0.12,0.04004004004004004,0.2202202202202202,0.168,0.06006006006006006,0.2802802802802803,-7.9100878555246545,-8.095396271471285
2024-12-23,student,0.937,0.985,0.10010010010010009,-2.1809324668701855,0.136,0.04004004004004004,0.2202202202202202,0.188,0.06006006006006006,0.2802802802802803,-7.869946865692362,-8.047000992115397
2024-12-24,student,0.935,0.985,0.10010010010010009,-4.326667840903665,0.112,0.04004004004004004,0.2202202202202202,0.164,0.06006006006006006,0.2802802802802803,-7.823650832633314,-7.972654895617166
2024-12-26,student,0.936,0.985,0.10010010010010009,-4.6566760134825955,0.148,0.04004004004004004,0.2202202202202202,0.21,0.06006006006006006,0.2802802802802803,-7.776008849652082,-7.926146476328744
2024-12-27,student,0.92,0.981,0.10010010010010009,-5.070028547050375,0.108,0.04004004004004004,0.2202202202202202,0.144,0.06006006006006006,0.2802802802802803,-7.770190588986172,-7.934028713770716
2024-12-30,student,0.943,0.988,0.10010010010010009,-6.842234935435625,0.09,0.039539539539539564,0.2202202202202202,0.148,0.06006006006006006,0.2802802802802803,-7.694004011436233,-7.866160327044374
2024-12-31,student,0.925,0.981,0.10010010010010009,-6.5803797800446455,0.126,0.039539539539539564,0.2202202202202202,0.188,0.06006006006006006,0.2802802802802803,-7.622103284344825,-7.767074389652168
2025-01-01,student,0.988,0.997,0.10010010010010009,-5.9292653092426,0.114,0.039539539539539564,0.2202202202202202,0.162,0.06006006006006006,0.2802802802802803,-7.840396166252734,-8.000962369711957
2025-01-02,student,0.988,0.997,0.10010010010010009,-2.7953510126682803,0.096,0.039539539539539564,0.2202202202202202,0.148,0.06006006006006006,0.2802802802802803,-7.943595094790421,-8.086742909945
2025-01-03,student,0.988,0.998,0.10010010010010009,-2.6150614326428947,0.098,0.039539539539539564,0.2202202202202202,0.134,0.06006006006006006,0.2802802802802803,-8.087518303039888,-8.221327350549936
2025-01-06,student,0.878,0.964,0.10010010010010009,-1.8348855394194548,0.128,0.04004004004004004,0.2202202202202202,0.166,0.06006006006006006,0.2802802802802803,-8.271273312385977,-8.41357419128697
2025-01-07,student,0.988,0.997,0.10010010010010009,-2.48088669879414,0.108,0.039539539539539564,0.2202202202202202,0.158,0.06006006006006006,0.2802802802802803,-8.014400632463747,-8.150379601107055
2025-01-08,student,0.874,0.962,0.10010010010010009,-1.9566969001553145,0.11,0.039539539539539564,0.2202202202202202,0.156,0.06006006006006006,0.2802802802802803,-7.878098192493017,-8.014281850879216
2025-01-09,student,0.88,0.964,0.10010010010010009,-3.048356107654275,0.11,0.04004004004004004,0.2202202202202202,0.164,0.06006006006006006,0.2802802802802803,-7.786987085144142,-7.9296674370618625
2025-01-10,student,0.889,0.965,0.10010010010010009,-2.36443457679953,0.116,0.039539539539539564,0.2202202202202202,0.152,0.06006006006006006,0.2802802802802803,-7.891017011532129,-8.039544761958227
2025-01-13,student,0.894,0.965,0.10010010010010009,-2.422992233128175,0.112,0.039539539539539564,0.2202202202202202,0.158,0.06006006006006006,0.2802802802802803,-7.947481608513543,-8.081773776286036
2025-01-14,student,0.898,0.965,0.10010010010010009,-1.4616816633286698,0.126,0.039539539539539564,0.2202202202202202,0.172,0.06006006006006006,0.2802802802802803,-7.922778895166754,-8.072396483555758
2025-01-15,student,0.992,0.998,0.10010010010010009,-0.8015878464652753,0.124,0.039539539539539564,0.2202202202202202,0.166,0.06006006006006006,0.2802802802802803,-7.875388218863569,-8.025499407513818
2025-01-16,student,0.988,0.995,0.10010010010010009,-2.983367873096985,0.1,0.039539539539539564,0.2202202202202202,0.172,0.08008008008008008,0.3003003003003003,-7.973759223173191,-8.207568588193475
2025-01-17,student,0.988,0.997,0.10010010010010009,-5.166949766691255,0.114,0.039539539539539564,0.2202202202202202,0.172,0.06006006006006006,0.2802802802802803,-8.134336762537032,-8.325641273355028
2025-01-20,student,0.889,0.938,0.10010010010010009,-3.138330816519455,0.102,0.04004004004004004,0.2202202202202202,0.16,0.08008008008008008,0.3003003003003003,-8.187364614953157,-8.443487785999194
2025-01-21,student,0.896,0.941,0.10010010010010009,-4.770367040682066,0.096,0.039539539539539564,0.2202202202202202,0.146,0.08008008008008008,0.3003003003003003,-8.13336306692239,-8.37111920207578
2025-01-22,student,0.987,0.992,0.10010010010010009,-3.1852534273071553,0.122,0.039539539539539564,0.2202202202202202,0.184,0.06006006006006006,0.3003003003003003,-8.04289468857805,-8.278140080505965
2025-01-23,student,0.929,0.96,0.10010010010010009,-2.3367280032270803,0.124,0.039539539539539564,0.2202202202202202,0.186,0.0795795795795796,0.3003003003003003,-8.216124689676311,-8.461707154802097
2025-01-24,student,0.988,0.995,0.10010010010010009,-2.3212608164183104,0.124,0.04004004004004004,0.2202202202202202,0.176,0.06006006006006006,0.3003003003003003,-8.530548716411484,-8.775547951405722
2025-01-27,student,0.99,0.995,0.10010010010010009,-2.37424359178185,0.132,0.04004004004004004,0.2202202202202202,0.186,0.06006006006006006,0.3003003003003003,-8.526872463773575,-8.744709905743214
2025-01-28,student,0.99,0.995,0.10010010010010009,-2.643492603378321,0.108,0.04004004004004004,0.2202202202202202,0.16,0.06006006006006006,0.3003003003003003,-8.505167536277527,-8.694334330920526
2025-01-29,student,0.985,0.995,0.10010010010010009,-1.4715504826222199,0.146,0.04004004004004004,0.2202202202202202,0.182,0.06006006006006006,0.3003003003003003,-8.335027539254668,-8.54364346623743
2025-01-30,student,0.991,0.995,0.10010010010010009,-2.0503505351771203,0.122,0.04004004004004004,0.2202202202202202,0.184,0.06006006006006006,0.3003003003003003,-8.310838567564677,-8.489828988241719
2025-01-31,student,0.934,0.961,0.10010010010010009,2.314157991759105,0.096,0.039539539539539564,0.2202202202202202,0.158,0.06006006006006006,0.3003003003003003,-9.804535193759532,-10.002376949190992
2025-02-01,student,0.93,0.956,0.10010010010010009,0.180844838671135,0.132,0.04004004004004004,0.2202202202202202,0.182,0.06006006006006006,0.3003003003003003,-8.533951220761875,-8.738088506574549
2025-02-03,student,0.992,0.997,0.10010010010010009,1.8336901068333449,0.118,0.04004004004004004,0.2202202202202202,0.166,0.06006006006006006,0.28078078078078034,-8.675729572109024,-8.862580780486548
2025-02-04,student,0.955,0.987,0.10010010010010009,2.80806401437734,0.12,0.039539539539539564,0.20070070070070023,0.166,0.06006006006006006,0.2802802802802803,-8.446238785726065,-8.633096463491466
2025-02-05,student,0.96,0.988,0.10010010010010009,2.172683364674955,0.158,0.04004004004004004,0.2202202202202202,0.19,0.06006006006006006,0.2802802802802803,-8.229493476217854,-8.397574541724284
2025-02-06,student,0.992,0.997,0.10010010010010009,1.6017174136554497,0.12,0.04004004004004004,0.2202202202202202,0.152,0.06006006006006006,0.2802802802802803,-8.094407427557405,-8.222087933098063
2025-02-07,student,0.993,0.995,0.10010010010010009,1.38457652380315,0.122,0.04004004004004004,0.2202202202202202,0.18,0.06006006006006006,0.2802802802802803,-8.267785853731981,-8.442587415293485
2025-02-10,student,0.996,0.997,0.10010010010010009,0.31501622834756016,0.124,0.04004004004004004,0.2202202202202202,0.178,0.06006006006006006,0.2802802802802803,-8.00402926735753,-8.207899501490528
2025-02-11,student,0.995,0.995,0.10010010010010009,-1.9853890639523954,0.116,0.04004004004004004,0.2202202202202202,0.168,0.06006006006006006,0.2802802802802803,-7.894215282455155,-8.10753462504501
2025-02-12,student,0.993,0.995,0.10010010010010009,-1.8832123272427959,0.142,0.04004004004004004,0.2202202202202202,0.194,0.06006006006006006,0.2802802802802803,-7.8577642238891245,-8.02814611859984
2025-02-13,student,0.993,0.995,0.10010010010010009,-3.9982301914451703,0.114,0.04004004004004004,0.2202202202202202,0.182,0.06006006006006006,0.2802802802802803,-7.84094782269516,-8.00225008668661
2025-02-14,student,0.992,0.994,0.10010010010010009,-2.8112603357080546,0.1,0.04004004004004004,0.2202202202202202,0.146,0.06006006006006006,0.2802802802802803,-7.608176477890637,-7.7499350569853585
2025-02-17,student,0.993,0.996,0.10010010010010009,-2.80065940231256,0.14,0.04004004004004004,0.2202202202202202,0.186,0.06006006006006006,0.2802802802802803,-7.651552303473636,-7.768083890445594
2025-02-18,student,0.993,0.995,0.10010010010010009,-4.79881562559575,0.088,0.04004004004004004,0.2202202202202202,0.118,0.06006006006006006,0.2802802802802803,-7.79573587777393,-7.899372347949594
2025-02-19,student,0.992,0.995,0.10010010010010009,-4.921984178487536,0.114,0.04004004004004004,0.2202202202202202,0.14,0.06006006006006006,0.2802802802802803,-7.843224164155574,-7.914024160282066
2025-02-20,student,0.992,0.995,0.10010010010010009,-3.9414976455341604,0.108,0.04004004004004004,0.2202202202202202,0.154,0.06006006006006006,0.2802802802802803,-7.95411887225944,-8.023960042442743
2025-02-21,student,0.995,0.997,0.10010010010010009,-3.4260886200388896,0.124,0.04004004004004004,0.2202202202202202,0.16,0.06006006006006006,0.2802802802802803,-8.157873656492095,-8.238317164716994
2025-02-24,student,0.995,0.997,0.10010010010010009,-4.59342439678185,0.108,0.04004004004004004,0.2202202202202202,0.148,0.06006006006006006,0.2802802802802803,-8.043824847683158,-8.151668233485895
2025-02-25,student,0.995,0.997,0.10010010010010009,-4.364724942993465,0.122,0.04004004004004004,0.2202202202202202,0.172,0.06006006006006006,0.2802802802802803,-8.041277598146413,-8.12426050496431
2025-02-27,student,0.992,0.997,0.10010010010010009,-4.76142898876181,0.136,0.04004004004004004,0.2202202202202202,0.17,0.06006006006006006,0.2802802802802803,-7.912043150692736,-7.979904022859201
2025-02-28,student,0.992,0.997,0.10010010010010009,-7.151646113928461,0.096,0.04004004004004004,0.2202202202202202,0.148,0.06006006006006006,0.2802802802802803,-7.966810928979804,-8.023559511648719
2025-03-03,student,0.992,0.997,0.10010010010010009,-6.04272058150757,0.104,0.04004004004004004,0.2202202202202202,0.156,0.06006006006006006,0.2802802802802803,-7.957047383832218,-8.010090925384425
2025-03-04,student,0.992,0.997,0.10010010010010009,-5.171577652222569,0.082,0.04004004004004004,0.2202202202202202,0.15,0.06006006006006006,0.2802802802802803,-8.048873588847972,-8.120283353949889
2025-03-05,student,0.995,0.997,0.10010010010010009,-3.6309809856470356,0.108,0.04004004004004004,0.2202202202202202,0.158,0.06006006006006006,0.2802802802802803,-8.117227415327461,-8.218385683747117
2025-03-06,student,0.991,0.992,0.10010010010010009,-2.367522623437001,0.118,0.04004004004004004,0.2202202202202202,0.138,0.06006006006006006,0.2602602602602602,-8.311372504385725,-8.356465178970474
2025-03-07,student,0.995,0.997,0.10010010010010009,-3.7566151255023064,0.106,0.04004004004004004,0.2202202202202202,0.128,0.06006006006006006,0.2602602602602602,-8.213374432730767,-8.237630063119182
2025-03-10,student,0.995,0.997,0.10010010010010009,-2.7546579994960405,0.13,0.04004004004004004,0.2202202202202202,0.164,0.06006006006006006,0.2602602602602602,-8.165193905894336,-8.17458076285623
2025-03-11,student,0.987,0.992,0.10010010010010009,-2.062966484976206,0.112,0.04004004004004004,0.2202202202202202,0.144,0.06006006006006006,0.2802802802802803,-8.193583466514287,-8.195242781399676
2025-03-12,student,0.988,0.992,0.10010010010010009,-4.42321103521879,0.11,0.04004004004004004,0.2202202202202202,0.154,0.06006006006006006,0.2802802802802803,-7.778144719538037,-7.821743003744486
2025-03-13,student,0.995,0.997,0.10010010010010009,-3.848277284880071,0.098,0.04004004004004004,0.2202202202202202,0.118,0.06006006006006006,0.2602602602602602,-7.8022117846439505,-7.837428980613206
2025-03-17,student,0.995,0.997,0.10010010010010009,-0.5467726855289755,0.122,0.04004004004004004,0.2202202202202202,0.162,0.06006006006006006,0.2802802802802803,-8.851070409896485,-8.938382823935925
2025-03-18,student,0.991,0.992,0.10010010010010009,-1.631774705184565,0.128,0.04004004004004004,0.2202202202202202,0.172,0.06006006006006006,0.2802802802802803,-8.32385506000053,-8.41848957008456
2025-03-19,student,0.992,0.995,0.10010010010010009,-1.1195929120026404,0.126,0.04004004004004004,0.2202202202202202,0.164,0.06006006006006006,0.2802802802802803,-8.2662440959792,-8.384391857904031
2025-03-20,student,0.992,0.993,0.10010010010010009,-1.5872751342495899,0.106,0.04004004004004004,0.2202202202202202,0.146,0.06006006006006006,0.2802802802802803,-7.980177481031543,-8.090285650076467
2025-03-21,student,0.991,0.992,0.10010010010010009,-2.304499607323126,0.116,0.04004004004004004,0.2202202202202202,0.152,0.06006006006006006,0.2802802802802803,-7.725088068413163,-7.843195258937171
2025-03-24,student,0.99,0.992,0.10010010010010009,0.33088486987280463,0.098,0.04004004004004004,0.2202202202202202,0.126,0.06006006006006006,0.2802802802802803,-7.791686177094523,-7.9406575449920656
2025-03-25,student,0.991,0.992,0.10010010010010009,0.7348082613242298,0.1,0.04004004004004004,0.2202202202202202,0.126,0.06006006006006006,0.2602602602602602,-7.801173849801383,-7.909194054969878
2025-03-26,student,0.991,0.992,0.10010010010010009,0.38038167657914457,0.142,0.04004004004004004,0.2202202202202202,0.178,0.06006006006006006,0.2602602602602602,-7.958565469063233,-8.05598288098699
2025-03-27,student,0.997,0.997,0.10010010010010009,3.69231015911544,0.12,0.04004004004004004,0.2202202202202202,0.146,0.06006006006006006,0.2602602602602602,-8.748776383065298,-8.837797461250512
2025-03-28,student,0.992,0.992,0.10010010010010009,2.6200686940179247,0.116,0.04004004004004004,0.2202202202202202,0.148,0.06006006006006006,0.2602602602602602,-8.200226843386288,-8.294422832672062
2025-04-01,student,0.988,0.992,0.10010010010010009,1.2095632684270952,0.118,0.04004004004004004,0.2202202202202202,0.158,0.06006006006006006,0.2602602602602602,-7.979535017651923,-8.070377266233546
2025-04-02,student,0.99,0.992,0.10010010010010009,2.252882175818434,0.136,0.04004004004004004,0.2202202202202202,0.158,0.06006006006006006,0.2602602602602602,-8.061286117851253,-8.124490809053798
2025-04-03,student,0.988,0.992,0.10010010010010009,-0.6841726206470249,0.11,0.04004004004004004,0.2202202202202202,0.146,0.06006006006006006,0.2602602602602602,-8.193838591575062,-8.293415426981607
2025-04-04,student,0.988,0.992,0.10010010010010009,-4.168716463406265,0.11,0.04004004004004004,0.2202202202202202,0.142,0.06006006006006006,0.2602602602602602,-7.97353126679565,-8.06881082735853
2025-04-07,student,0.992,0.995,0.10010010010010009,-6.979395090328595,0.12,0.04004004004004004,0.2202202202202202,0.154,0.06006006006006006,0.2602602602602602,-8.041746937152261,-8.162643772209213
2025-04-08,student,0.992,0.995,0.10010010010010009,-6.218773162759755,0.088,0.04004004004004004,0.20070070070070023,0.138,0.06006006006006006,0.2602602602602602,-8.183395155404813,-8.289504858514523
2025-04-09,student,0.988,0.992,0.10010010010010009,-9.449159761718175,0.132,0.04004004004004004,0.2202202202202202,0.172,0.06006006006006006,0.2602602602602602,-8.110200669546263,-8.205696817380936
2025-04-11,student,0.991,0.993,0.10010010010010009,-6.99173559366996,0.114,0.04004004004004004,0.2202202202202202,0.146,0.06006006006006006,0.2602602602602602,-8.13027346838404,-8.215902195365477
2025-04-15,student,0.988,0.992,0.10010010010010009,-6.440332158407543,0.108,0.04004004004004004,0.20070070070070023,0.148,0.06006006006006006,0.2602602602602602,-7.764904081784047,-7.857318088184702
2025-04-16,student,0.997,0.998,0.10010010010010009,-5.26898161116013,0.076,0.04004004004004004,0.20070070070070023,0.108,0.06006006006006006,0.2602602602602602,-7.956994201376776,-8.010811904101022
2025-04-17,student,0.995,0.997,0.10010010010010009,-1.9924802390503387,0.11,0.04004004004004004,0.20070070070070023,0.136,0.06006006006006006,0.2602602602602602,-8.183267279341361,-8.232262451295446
2025-04-21,student,0.995,0.996,0.10010010010010009,-0.7457478981743986,0.086,0.04004004004004004,0.20070070070070023,0.132,0.06006006006006006,0.2602602602602602,-7.86059980103037,-7.946834404068066
2025-04-22,student,0.998,0.998,0.10010010010010009,0.17284656388975572,0.1,0.04004004004004004,0.20070070070070023,0.14,0.06006006006006006,0.2602602602602602,-8.308396583097423,-8.382773557441856
2025-04-23,student,0.998,0.998,0.10010010010010009,3.7050240814982907,0.104,0.04004004004004004,0.2202202202202202,0.144,0.06006006006006006,0.2602602602602602,-8.51747865443135,-8.617626136835366
2025-04-24,student,0.998,0.998,0.12012012012012012,6.867894863430099,0.13,0.04004004004004004,0.2202202202202202,0.192,0.06006006006006006,0.2802802802802803,-9.269872186126577,-9.421131633698746
2025-04-25,student,0.998,0.998,0.12012012012012012,3.6847187480253933,0.124,0.04004004004004004,0.2202202202202202,0.164,0.06006006006006006,0.26076076076076027,-8.658716269935569,-8.802394677127012
2025-04-28,student,0.998,0.998,0.12012012012012012,7.539849433032307,0.106,0.04004004004004004,0.2202202202202202,0.146,0.06006006006006006,0.2802802802802803,-8.84884169928679,-8.976671309289728
2025-04-29,student,0.998,0.998,0.12012012012012012,6.7790803761087775,0.118,0.04004004004004004,0.2202202202202202,0.158,0.06006006006006006,0.2802802802802803,-8.144489403000517,-8.269220575312463
2025-04-30,student,0.998,0.998,0.12012012012012012,4.153400402392537,0.094,0.04004004004004004,0.2202202202202202,0.126,0.06006006006006006,0.2802802802802803,-8.019734965812358,-8.131792860164893
2025-05-02,student,0.998,0.998,0.12012012012012012,4.804310052360452,0.108,0.04004004004004004,0.2202202202202202,0.144,0.06006006006006006,0.2802802802802803,-7.996492512218539,-8.097939303873382
2025-05-05,student,0.995,0.997,0.12012012012012012,2.5745602788867825,0.102,0.04004004004004004,0.2202202202202202,0.126,0.06006006006006006,0.2802802802802803,-8.101906258672411,-8.228966352332387
2025-05-06,student,0.998,0.998,0.12012012012012012,-0.6360635052180081,0.126,0.04004004004004004,0.2202202202202202,0.186,0.06006006006006006,0.2802802802802803,-7.93456536335357,-8.088603763593296
2025-05-07,student,0.997,0.997,0.12012012012012012,0.020542808847061972,0.132,0.04004004004004004,0.2202202202202202,0.182,0.06006006006006006,0.2802802802802803,-8.122787206658074,-8.238937031715807
2025-05-08,student,0.998,0.998,0.12012012012012012,-1.5873652790197184,0.118,0.04004004004004004,0.2202202202202202,0.152,0.06006006006006006,0.2602602602602602,-8.180639530649346,-8.29195515968595
2025-05-09,student,0.998,0.999,0.12012012012012012,-0.9293203410033605,0.122,0.04004004004004004,0.2202202202202202,0.17,0.06006006006006006,0.2602602602602602,-7.915149291617415,-8.021399165052694
2025-05-12,student,0.998,1.0,0.12012012012012012,4.912428407703669,0.11,0.04004004004004004,0.2202202202202202,0.13,0.06006006006006006,0.2602602602602602,-8.113517284192538,-8.227987338777314
2025-05-13,student,0.989,0.995,0.12012012012012012,1.8726474849076649,0.148,0.04004004004004004,0.2202202202202202,0.192,0.06006006006006006,0.2602602602602602,-7.940397846944725,-8.049250649401714
2025-05-14,bb7,0.985,0.99,0.12012012012012012,2.337709609249814,0.108,0.04004004004004004,0.2202202202202202,0.154,0.06006006006006006,0.2802802802802803,-7.816156307081402,-7.917079477868645
2025-05-15,bb7,0.985,0.99,0.12012012012012012,4.824697618124825,0.12,0.04004004004004004,0.2202202202202202,0.154,0.06006006006006006,0.2802802802802803,-8.33950821711514,-8.4132535697778
2025-05-16,student,0.987,0.992,0.12012012012012012,3.3853300052397097,0.134,0.04004004004004004,0.2202202202202202,0.184,0.06006006006006006,0.2802802802802803,-7.971251845892992,-8.03543109677739
2025-05-19,bb7,0.986,0.991,0.12012012012012012,2.9782669287046852,0.088,0.04004004004004004,0.2202202202202202,0.136,0.06006006006006006,0.2802802802802803,-7.858432299607258,-7.9428460697778975
2025-05-20,bb7,0.986,0.991,0.12012012012012012,3.3329404011455894,0.104,0.04004004004004004,0.2202202202202202,0.14,0.06006006006006006,0.2802802802802803,-7.8649537842988195,-7.984408390322742
2025-05-21,bb7,0.987,0.992,0.12012012012012012,3.6545511727944797,0.104,0.04004004004004004,0.2202202202202202,0.156,0.06006006006006006,0.2802802802802803,-7.719915167079704,-7.859131192012596
2025-05-22,bb7,0.987,0.99,0.12012012012012012,3.2198056985608448,0.094,0.04004004004004004,0.2202202202202202,0.126,0.06006006006006006,0.2802802802802803,-7.744960344502068,-7.866064495407978
2025-05-23,bb7,0.986,0.991,0.12012012012012012,3.572669980097065,0.088,0.04004004004004004,0.2202202202202202,0.126,0.06006006006006006,0.2802802802802803,-7.793804875806644,-7.915314768273897
2025-05-26,bb7,0.967,0.977,0.12012012012012012,-0.9069795385827053,0.114,0.04004004004004004,0.2202202202202202,0.154,0.06006006006006006,0.2802802802802803,-8.465858144758613,-8.585806176416733
