Date,Actual,VaR_5%,ES_5%
2015-06-04,-7.277385247293802,-5.988656983081705,-8.072402239589652
2015-06-05,-7.220437412208912,-5.996397066076775,-7.953647295192923
2015-06-08,-6.945571325897765,-6.029589189367348,-7.966687202558384
2015-06-09,-5.840672178859421,-5.901986910134997,-7.873257359868687
2015-06-10,-3.3020459312058597,-6.444376951037212,-8.540952471730245
2015-06-11,-6.308246943119317,-6.270635005295853,-8.403168449006154
2015-06-12,-7.5401550930270975,-6.095632831145445,-8.230488650489809
2015-06-15,-7.381609270197304,-6.198702880466321,-8.432406986004683
2015-06-16,-3.292501608270082,-6.390443111984821,-8.714379182681368
2015-06-17,-0.6122812223228472,-6.411883426298735,-8.760610324558664
2015-06-18,0.9900749516179884,-6.244614372915621,-8.646800017139515
2015-06-19,0.9343350772920305,-6.239853161069022,-8.483139971149438
2015-06-22,4.3834929077496625,-6.4012204689844525,-8.610411673303375
2015-06-23,3.1329788637510925,-6.2556276279768515,-8.466503498952308
2015-06-24,1.6593090427885424,-6.150954572100099,-8.379814065707997
2015-06-25,3.554877248783172,-6.608065465436916,-8.868435153272312
2015-06-26,5.244721321553045,-6.454525683886301,-8.714884201186496
2015-06-29,3.572725656698074,-6.3839603727380565,-8.481157295282806
2015-06-30,3.0849325778322014,-6.175367430523944,-8.360138465652689
2015-07-01,3.710002699878722,-6.3417469190705535,-8.531793610306265
2015-07-02,2.0296888647919444,-6.0970086852124465,-8.232029740733484
2015-07-03,2.627054386533637,-6.258657024477099,-8.501937857474955
2015-07-06,0.3972755929173698,-6.257037031941249,-8.452973114361008
2015-07-07,1.0691791269959974,-6.346487145076335,-8.39114630534078
2015-07-08,-1.1738426411482958,-6.464941328496896,-8.597424125119238
2015-07-09,-2.1070864833771483,-6.204234354735095,-8.29824345082239
2015-07-10,-3.028672829972746,-6.172738433575894,-8.268414728256367
2015-07-13,-1.0042602730506878,-6.253334866176411,-8.286384338672084
2015-07-14,-2.4763335447159904,-6.142457694305033,-8.250180362547885
2015-07-15,-3.0164952600899526,-5.897505297891648,-8.042065707741063
2015-07-16,-1.6865483607859253,-6.09738377217159,-8.229499171513886
2015-07-17,-1.670924722709585,-5.9897697285891125,-8.077646481112284
2015-07-20,-2.7055868274498573,-6.12488034844392,-8.08809919912218
2015-07-21,-1.1384964184934667,-5.837718142621743,-7.90999998854227
2015-07-22,2.489223873205793,-6.6382651147064715,-8.901216894257958
2015-07-23,3.899556221498716,-6.445488282436803,-8.741623280697379
2015-07-24,2.4748162898284853,-6.354699312453441,-8.413562306042992
2015-07-27,-0.44772031690866454,-6.281412569401954,-8.325245568208071
2015-07-28,-0.2640179953837172,-6.74839249144951,-8.848392716567867
2015-07-29,-0.9066812306454295,-6.559863657455074,-8.615177491679624
2015-07-30,-1.07600611995682,-6.339498254800604,-8.426585430570611
2015-07-31,0.7325093884039657,-6.319885596385886,-8.332795855244116
2015-08-03,2.85152471983623,-6.38337598695251,-8.31138774415831
2015-08-04,0.8465829906366473,-6.605206681963777,-8.928577967976299
2015-08-05,-0.04609371208459018,-6.357015175559642,-8.384760423172429
2015-08-06,0.3800812296038382,-6.05436820484932,-8.046227273400124
2015-08-07,1.9883236682288148,-6.004882459633961,-8.033860293995073
2015-08-10,3.4356614588467727,-6.152802358135023,-8.20265284319773
2015-08-11,1.4493880094468432,-6.00460075167759,-8.120338733672636
2015-08-12,-0.7900865151263761,-6.126067631211347,-8.170662359330105
2015-08-13,-1.2277789746827446,-6.241103105513243,-8.254812313445543
2015-08-14,-1.8835874343193588,-6.2596154024087864,-8.298755296776806
2015-08-17,-1.890032322446209,-6.0285897149188,-8.177820146082954
2015-08-18,-1.1142897589505392,-6.089184423115616,-8.15525994478597
2015-08-19,-1.3205680852973072,-6.1777454388914315,-8.113195796889359
2015-08-20,-4.40762850263207,-5.859854821643542,-7.75226952184094
2015-08-21,-4.838985186128147,-5.97125033520303,-7.946579735235442
2015-08-24,-10.572086711129618,-5.870434347067245,-7.909864114208667
2015-08-25,-5.539540556876874,-6.510625470942118,-8.46140782438355
2015-08-26,-4.653830377042709,-6.687316209720756,-8.737795866626017
2015-08-27,-4.023662687056379,-6.374260394317932,-8.377123278363943
2015-08-28,-4.293503960571034,-6.336681334447003,-8.354541835223667
2015-08-31,-5.62947603541121,-6.166282931863823,-8.246257047988053
2015-09-01,-7.976725658070866,-6.187166010827908,-8.236104188849183
2015-09-02,-9.672302289672606,-6.34027442445604,-8.45597392742122
2015-09-03,-6.366885877307093,-6.498368060501817,-8.602641823480436
2015-09-04,-8.322043801230834,-6.273972542186816,-8.388605277887907
2015-09-07,-3.160803396868937,-7.667635722983941,-10.256298109473256
2015-09-08,-5.014046679147658,-7.141526567751529,-9.778239021084666
2015-09-09,-1.758943913810417,-7.146813545124587,-9.623845450563637
2015-09-10,-2.959010581404793,-6.8309880566817105,-9.252297794679496
2015-09-11,-3.8936631523588896,-6.7154315033464185,-9.020514652926803
2015-09-14,-2.646713152872043,-6.80434606192664,-9.10985281300258
2015-09-15,-1.571102442880712,-6.557323928820188,-9.002833514827753
2015-09-16,1.01997792721272,-6.915791699055384,-9.194063658729497
2015-09-18,-0.20510513028712535,-6.693604836033752,-8.983397561184063
2015-09-21,2.3019398129524027,-6.82168085076286,-9.08274154633994
2015-09-22,1.351130894431785,-6.687396305540422,-8.80991810097461
2015-09-23,0.4348516251233326,-6.597606694764731,-8.938980568129445
2015-09-24,-1.9294151576368672,-6.460913988233048,-8.836013973200195
2015-09-28,-3.551951794097972,-6.275761545516058,-8.577727936363969
2015-09-29,-2.812503400415787,-6.35108746646005,-8.442537132741192
2015-09-30,-1.5432141667924348,-6.311541847186286,-8.35717859135841
2015-10-01,-0.6683944639646526,-6.212911825611041,-8.291569208937995
2015-10-05,0.42785998034282513,-6.091923350294472,-8.124320979858528
2015-10-06,2.13945339894149,-5.964589173235507,-7.989578862015135
2015-10-07,2.1986039853921877,-6.116426642400987,-8.004087517680938
2015-10-08,4.310828494604385,-6.320213575959368,-8.350698095419608
2015-10-09,5.9883740646002845,-6.068809672245288,-8.099647459082318
2015-10-12,5.656066635281977,-6.078235082233375,-8.10173779968319
2015-10-13,6.921095124661848,-6.469125135960386,-8.526496902277616
2015-10-14,5.074664865800758,-6.294924473424884,-8.27801105120324
2015-10-15,5.173775817159047,-6.351420259337352,-8.581608597519415
2015-10-16,6.264692511167925,-6.1911154316387575,-8.299605983138635
2015-10-19,4.477901233102252,-6.07064767698104,-8.236100467115085
2015-10-20,3.4479936231538897,-6.139379832577663,-8.262873953653525
2015-10-21,2.9327348054425904,-6.006640987599631,-8.007827552888743
2015-10-23,3.912960134152775,-6.036538188726996,-8.088233480505302
2015-10-26,2.5077189242723223,-5.847800611851239,-7.835961306862287
2015-10-27,2.7760815782074024,-5.949492556589433,-7.871936902420338
2015-10-28,3.3091459389921694,-5.941618624732975,-7.83291004446001
2015-10-29,3.487538654403887,-5.970738386097327,-7.917826398107336
2015-10-30,0.5894283401527095,-5.927284944445981,-7.89302754639817
2015-11-02,-0.3567747117652875,-5.969618769728793,-7.9564083043835945
2015-11-03,-0.5986648383990298,-6.044163784086243,-8.079279874532006
2015-11-04,0.4493590102637175,-5.964954712432021,-7.986590232907684
2015-11-05,-0.1649646009288599,-6.04737267790441,-8.201642842377256
2015-11-06,-0.4931745089972548,-5.852613521628717,-7.918958266066615
2015-11-09,0.6176190863855555,-6.004609078360505,-8.012056430100548
2015-11-10,-0.5283745567462097,-5.745941840285052,-7.6307825783770005
2015-11-13,-0.9071483139873824,-5.600159717904869,-7.553482875934702
2015-11-16,-0.2632397199994022,-5.626953272419891,-7.501130970633114
2015-11-17,0.7798674695740053,-5.586760572699087,-7.503860511541107
2015-11-18,-1.2953763882358795,-5.654934246763018,-7.537897501952953
2015-11-19,-0.1297760249022748,-5.709620639745352,-7.551723980420398
2015-11-20,-1.7317093372420693,-5.619226796605306,-7.51952443164458
2015-11-23,-1.1439151049613496,-5.77527306524114,-7.652330708593378
2015-11-24,-1.6939233392532071,-5.673329647733133,-7.694404663068915
2015-11-26,-1.1871260535269348,-5.6378221281641965,-7.639479138289772
2015-11-27,1.010417463812583,-5.882079126137543,-7.810809411172509
2015-11-30,2.221569624678578,-5.66906008320307,-7.699865888936179
2015-12-01,2.7331168935188703,-5.770856113070683,-7.782733609985496
2015-12-02,0.965920163472116,-5.709129884554266,-7.685714244897564
2015-12-03,1.5962604702926884,-5.6273727746561715,-7.600985328787982
2015-12-04,-0.0604324483048394,-5.526821228897161,-7.29261892901411
2015-12-07,0.2597857043602527,-5.437149505551208,-7.423090700194408
2015-12-08,0.16039677743842307,-5.339370081420861,-7.214601271776195
2015-12-09,-1.2376761314700346,-5.557097557770561,-7.375874552087141
2015-12-10,-3.265218207842062,-5.297670862196915,-7.108728346967044
2015-12-11,-4.986424354585412,-5.4602638507977606,-7.331860093052745
2015-12-14,-5.270388871229611,-5.396106271753936,-7.239213540914622
2015-12-15,-4.16457409165222,-5.478858795121857,-7.361958466911566
2015-12-16,-2.3236033695408853,-5.416037692012066,-7.216733286106555
2015-12-17,0.04056602174959778,-5.5003465674233265,-7.33618219612376
2015-12-18,-0.8973227608102075,-5.382515068900187,-7.221805545521453
2015-12-21,-0.22558393066521976,-5.3615938021599705,-7.1894697887512
2015-12-22,-0.6848681879795327,-5.324554570438832,-7.144131269536109
2015-12-23,1.4719313092501773,-5.3407780945401875,-7.062056820721251
2015-12-24,1.719474583002445,-5.244727936942102,-6.987629293605476
2015-12-28,3.71547682010632,-5.304749089275963,-7.06717953923883
2015-12-29,2.940729514493104,-5.39445901387385,-7.139954199935419
2015-12-30,1.0048255948594038,-5.3079859725827045,-7.156997743191622
2015-12-31,0.818370524465456,-5.2734108022769925,-7.151515578082864
2016-01-01,0.6040076217747338,-5.364097576687436,-7.126810288303632
2016-01-04,-0.769422283893141,-5.469606607099147,-7.330570755209666
2016-01-05,-2.577340857749226,-5.362559781461077,-7.139666218481531
2016-01-06,-2.6940779925448815,-5.394044506427403,-7.235588641410596
2016-01-07,-7.149273513184051,-5.37879287664815,-7.203726371198072
2016-01-08,-6.579897325068371,-5.231764696006136,-7.075918416220164
2016-01-11,-7.83303738406631,-5.181646012716295,-6.9442177300817125
2016-01-12,-8.25128807862479,-5.2522182775698845,-7.2254330211125
2016-01-13,-5.62246282340887,-5.340024970298984,-7.324148870302037
2016-01-14,-6.299245681707515,-5.290388688153602,-7.225652199132619
2016-01-15,-10.186954951203111,-5.3053193729894135,-7.276770883782836
2016-01-18,-7.799803887828711,-5.901885263255556,-7.944020879322434
2016-01-19,-5.395506916146512,-5.831035286798178,-7.989783475688546
2016-01-20,-7.50527327632615,-5.765231050882487,-7.9263429517199055
2016-01-21,-4.96210820147721,-6.59440792648246,-8.718121746993202
2016-01-22,-3.651121350788409,-6.181329645939112,-8.208316380315503
2016-01-25,-3.7752788881154835,-6.034652079456158,-8.032251274076954
2016-01-27,-2.8600444933295592,-6.027269545820616,-7.970831613154465
2016-01-28,-4.4222676583052305,-5.948455833239029,-7.9458411442871615
2016-01-29,-3.028766017565846,-5.9964134011471835,-8.173322906592448
2016-02-01,-1.2036501708703242,-6.563727500520928,-8.983124990899913
2016-02-02,-1.8109379084187172,-6.432064797465422,-8.779721110405138
2016-02-03,-4.200212069466884,-6.219648617821181,-8.473090817612167
2016-02-04,-0.3686367159632673,-6.700895120684388,-9.077098783973058
2016-02-05,2.52129904507126,-6.47646797464495,-8.841962756497885
2016-02-08,-0.8403393578382896,-6.4694114238650835,-8.944215538162604
2016-02-09,-3.310375073651315,-6.501444291590397,-8.824443594718108
2016-02-10,-6.217587542976515,-6.228233050087219,-8.607907729514077
2016-02-11,-10.143640683807645,-6.229820223107177,-8.556246928926893
2016-02-12,-8.711046946420732,-6.3888765875297775,-8.66691764920293
2016-02-15,-4.025464219161354,-6.285848957577247,-8.562881579551508
2016-02-16,-6.291522748360331,-6.138159057584471,-8.372413958516157
2016-02-17,-3.501473384728517,-6.381017871182844,-8.570329413354035
2016-02-18,-2.818070475169245,-6.189961621870821,-8.362768042772622
2016-02-19,-3.517678963036223,-6.140781005052293,-8.234840156519407
2016-02-22,-0.9915231024460001,-6.255534681957914,-8.542959927538552
2016-02-23,-0.005894552447901269,-6.570095150639681,-8.867013867278043
2016-02-24,1.5488865452331644,-7.1470857592664405,-9.58598984089254
2016-02-25,3.4469799249084656,-7.390022958934685,-9.758788436261332
2016-02-26,2.413885971759378,-6.80761169258644,-8.96344309099238
2016-02-29,-2.2072016885164176,-7.117367783170924,-9.847302226805459
2016-03-01,3.7330203893790848,-8.297446379385711,-11.03154587316879
2016-03-02,6.217132598029515,-8.0730351981574,-10.784925699258439
2016-03-03,6.742350477662465,-7.889369464593421,-10.658509070654732
2016-03-04,6.849039785870608,-7.329877689470683,-9.890771055057906
2016-03-08,4.445157540281333,-7.723820633736301,-10.24131927170975
2016-03-09,7.106344766021708,-7.588849703137424,-10.192723845927551
2016-03-10,7.227678684171364,-7.368401994662382,-10.062403835457685
2016-03-11,9.564993253056752,-7.09809536907728,-9.55977966202586
2016-03-14,9.343371747667506,-6.921982171350618,-9.314723729497533
2016-03-15,9.923103334998071,-7.04390300769135,-9.336924314750023
2016-03-16,7.80965750556052,-6.976815722129887,-9.203864814739722
2016-03-17,4.077942427084305,-7.942285369461862,-10.444710559046381
2016-03-18,3.7198218367394498,-7.421613937768622,-10.013592812405154
2016-03-21,4.670555581303002,-7.140692759183989,-9.620168406617946
2016-03-22,5.870593270066528,-7.152747247160323,-9.61547939953535
2016-03-23,5.365065518953919,-7.0185855574634886,-9.44073884449595
2016-03-28,4.19401180510054,-6.920818254724782,-9.352229992098911
2016-03-29,3.9624945211324047,-6.553549595270974,-8.934285662571503
2016-03-30,5.061785257081519,-6.261999900552426,-8.494137622411097
2016-03-31,5.556569553368567,-6.208704142324375,-8.38887534169697
2016-04-01,4.5470429404567625,-6.257072140672786,-8.278498482272218
2016-04-04,5.290640617601623,-6.180620247201861,-8.048888385888972
2016-04-05,0.5173281715611964,-6.053976585981168,-8.032076240399368
2016-04-06,-1.6745204933031632,-6.217519514339828,-8.178859108494132
2016-04-07,-2.654575282208831,-6.0834857539619,-7.958647561141939
2016-04-08,-3.7080384728702356,-5.736653986040781,-7.697769125499772
2016-04-11,1.1298956309421668,-6.484021475236612,-8.652245182469244
2016-04-12,1.305956966893807,-6.318063303457165,-8.410030342558265
2016-04-13,0.8640867478769946,-6.197567360826194,-8.323103903567327
2016-04-18,1.5761087264176648,-6.461555544612559,-8.400498474907046
2016-04-20,2.2733217721961,-6.072516712509842,-7.976074499689213
2016-04-21,1.9437593995150144,-6.0701203685232485,-8.04664407091325
2016-04-22,5.283632135687884,-6.904627571229803,-9.1774560097191
2016-04-25,4.652923439670484,-6.6263170511475025,-8.611934585515133
2016-04-26,7.033339870771246,-6.693315513754016,-8.76304582504633
2016-04-27,7.451997254483525,-6.5329262255630125,-8.783579460495679
2016-04-28,2.9186055720259505,-6.384099072024408,-8.658787727704523
2016-04-29,1.3492676717067487,-6.273437981696472,-8.337182280621379
2016-05-02,-1.2058255446525665,-6.169223394756938,-8.136115572919119
2016-05-03,-2.8596232536529715,-6.216044141321408,-8.194657812332771
2016-05-04,-4.988344401758886,-6.04426580762257,-7.961930838390549
2016-05-05,-5.373560712598688,-6.120051040265932,-8.10444006511115
2016-05-06,-4.685772784697551,-6.14990507927722,-8.039055115235254
2016-05-09,-3.090384933652925,-6.167478084810871,-7.99206613304402
2016-05-10,-4.392314451463246,-6.026202191266698,-7.7940097684841
2016-05-11,-5.517773205859241,-6.175763797128961,-7.988283773995432
2016-05-12,-2.6434357745550248,-6.094450730750706,-7.920226227130242
2016-05-13,-2.787423492595047,-6.032692024842239,-7.923966521237503
2016-05-16,-2.4341303498166145,-5.988868853237548,-7.814410533855821
2016-05-17,-1.9867977071807967,-6.030032200746946,-7.845977315026809
2016-05-18,-0.19430782431384958,-6.710420260827022,-8.886135807476101
2016-05-19,-2.131961157085309,-6.513254514521797,-8.73299606919222
2016-05-20,-3.547244968882909,-6.36262072616027,-8.5927379058198
2016-05-23,-5.230646276048569,-6.3899723500032195,-8.520414542019903
2016-05-24,-4.468028798025502,-6.3759094664993885,-8.51377214892703
2016-05-25,-0.7892168774637165,-6.439107860674829,-8.563544187259886
2016-05-26,0.6084258830489802,-6.195849829160409,-8.343490536891826
2016-05-27,4.018485119402871,-6.403239618495218,-8.365000554076554
2016-05-30,5.9904828658301374,-6.521063447621427,-8.584556831771344
2016-05-31,8.932801503021258,-6.250589029855259,-8.321205083252305
2016-06-01,8.148453538046322,-6.147493758313669,-8.179227861902266
2016-06-02,10.414423109452304,-6.4718985674965985,-8.523338841002811
2016-06-03,11.375743595452532,-6.207399707955756,-8.268958429432097
2016-06-06,12.540157866806322,-6.07227883266235,-8.046591266172248
2016-06-07,13.625892329302657,-5.9520987400265915,-7.8123331675858765
2016-06-08,11.213251765012696,-6.084392665371665,-7.924269406738126
2016-06-09,7.570524441240602,-6.155331141004563,-8.054087173715962
2016-06-10,3.960998532846881,-6.277924473517689,-8.419433598422756
2016-06-13,1.1158073406654225,-6.391283559487916,-8.52673852642656
2016-06-14,-0.679967815233685,-6.048566818109307,-8.048149869490391
2016-06-15,2.0954355751104874,-6.3405197277417145,-8.344069224448114
2016-06-16,1.298572721609355,-6.174037580513398,-8.06939757374738
2016-06-17,1.0280256321844046,-6.096251774718354,-7.912824491933113
2016-06-20,2.3128428610240226,-5.75767139034164,-7.571753768157443
2016-06-21,0.09631932322671227,-5.966631845048251,-7.969519271476128
2016-06-22,-0.6999640445289901,-5.9402029790535895,-7.856598780647763
2016-06-23,2.5935341984212346,-5.8708035550622,-7.6295455686714915
2016-06-24,0.3383224299125618,-6.068960734152957,-7.871958056448517
2016-06-27,1.6142686882548567,-5.96698775737678,-7.684701723968903
2016-06-28,1.0816384166148971,-6.13326362313283,-7.927774745410235
2016-06-29,0.1209166095033547,-6.0805638918713925,-7.979818736644421
2016-06-30,1.0792411996467572,-5.848600456426581,-7.634463577214816
2016-07-01,0.9379588983048521,-5.853061531085807,-7.614175208628758
2016-07-04,0.29064327704990744,-5.790925150398238,-7.689026011353817
2016-07-05,0.014381808607270008,-5.710484398774299,-7.59391360798354
2016-07-07,0.6451046933676774,-5.728631483923294,-7.675256017490547
2016-07-08,-0.7407129714644203,-5.587612187595389,-7.440484508727968
2016-07-11,4.983240782567318,-6.696126448779739,-8.833427090792323
2016-07-12,5.054789967855145,-6.779264388438743,-8.952019147523869
2016-07-13,5.370212781919197,-6.958985419562263,-9.15926900673505
2016-07-14,5.070655100131862,-6.381833671457013,-8.43161706104158
2016-07-15,2.210149897412635,-6.188930568252181,-8.330022836397715
2016-07-18,1.5213337250729673,-5.6565463948614685,-7.52609564158733
2016-07-19,0.19695721723260007,-5.798928400181208,-7.767929996010562
2016-07-20,0.9993680952408224,-5.553019031282173,-7.190293564310378
2016-07-21,0.5812877121837874,-5.7496322878759605,-7.4130158574949
2016-07-22,0.29776961478353503,-5.465780800591295,-7.19114284969423
2016-07-25,-0.8901948370070727,-5.656810486929337,-7.49400757569411
2016-07-26,-1.588557878430125,-5.650332153163417,-7.436582955192508
2016-07-27,-1.3823396803897372,-5.6353384713797965,-7.364084055419431
2016-07-28,-1.8842116586932571,-5.583394886018704,-7.3269180346411265
2016-07-29,-0.23441865903175504,-5.770267907646906,-7.6402610420978165
2016-08-01,0.7790969762729527,-5.528168103640997,-7.309676238418919
2016-08-02,0.3432078995486749,-5.571493843228212,-7.3262220217501
2016-08-03,-1.057650038066785,-5.536854756002993,-7.227920358426626
2016-08-04,0.4821397550670725,-5.8989415927307,-7.581660576322689
2016-08-05,1.9690447799995825,-5.8054182193355235,-7.45122408343351
2016-08-08,1.2091307698721674,-5.703052541184843,-7.312558685131399
2016-08-09,2.1704177170407553,-5.5830364441062885,-7.1960233369884605
2016-08-10,0.4238143035961748,-5.469772449176116,-7.078687885501345
2016-08-11,0.10955375537111994,-5.517961681838967,-7.174244452314551
2016-08-12,2.2080679859574417,-5.7435474895550565,-7.4166582529597385
2016-08-16,1.270357383862762,-5.6984414039932005,-7.313556371093934
2016-08-17,1.192842538427854,-5.690205053652901,-7.471483598371989
2016-08-18,2.3417921542180244,-5.535888719267505,-7.327776851702384
2016-08-19,2.4839215149651466,-5.486183807460174,-7.16368618484406
2016-08-22,0.513952466773107,-5.377223854163737,-7.203559951081667
2016-08-23,0.5417540149171846,-5.429528917444751,-7.204166829774509
2016-08-24,0.19597715581785458,-5.421537352925853,-7.249543565192481
2016-08-25,-0.020269128120915303,-5.582558725158027,-7.397990688173918
2016-08-26,-0.1291479715487977,-5.634614123994453,-7.416868237839851
2016-08-29,-0.7711574902397502,-5.862629493677254,-7.853470778201279
2016-08-30,1.2732319706248099,-5.862198295017867,-7.857942100986733
2016-08-31,2.096042589381305,-5.850090770040825,-7.74854808583321
2016-09-01,2.715750870986275,-5.885205868023559,-7.720579921823913
2016-09-02,2.033492802728575,-5.926867473428308,-7.707502199671828
2016-09-06,5.326576117695877,-6.022157456555071,-7.833433558191857
2016-09-07,5.639308623515787,-5.816728586611972,-7.533563902720962
2016-09-08,5.696037334954752,-5.794749298199837,-7.477139076508836
2016-09-09,5.588433805613015,-5.569608450972999,-7.391412505227305
2016-09-12,4.164357401303858,-5.644886098744539,-7.382970250359744
2016-09-14,3.1012658027621822,-5.577192090885746,-7.322596623428879
2016-09-15,1.4325519746166047,-5.49931671226018,-7.239196517341899
2016-09-16,1.1172911208597527,-5.335735432128424,-7.100603706822854
2016-09-19,1.0379028486061295,-5.282020541056141,-7.02530204849343
2016-09-20,-0.12839369391870525,-5.3131984259562595,-6.98565718194885
2016-09-21,-2.9940132616633552,-5.548146899669488,-7.293133012655561
2016-09-22,-2.6263106438561588,-5.378028694783467,-7.096634770240265
2016-09-23,-3.6730537827801575,-5.126488180942493,-6.831783403885623
2016-09-26,-3.934741419353862,-5.4155759584890175,-7.1642474674950165
2016-09-27,-2.2869692826400225,-5.67692546940763,-7.514467010070676
2016-09-28,-2.0557614046425745,-5.722708458109135,-7.490622855011617
2016-09-29,-3.621310407226112,-5.6057135814280175,-7.474191196752615
2016-09-30,-2.7479718369142794,-5.640938555157643,-7.511302656081374
2016-10-03,-2.4208780770698874,-5.632271322037217,-7.378764775443878
2016-10-04,-0.6443237269024173,-5.728681095529726,-7.51716058427087
2016-10-05,-0.13312710771488745,-5.612668496042285,-7.450049718973652
2016-10-06,-1.8909144707717447,-5.564926404797377,-7.455943042893601
2016-10-07,-0.6916785790728397,-5.561455265497727,-7.462014107723406
2016-10-10,1.0970333885828476,-5.630708816213713,-7.5421445389885395
2016-10-13,-0.03659452930520213,-5.617957469112607,-7.473086873183576
2016-10-14,-1.0126148389944722,-5.476014806874141,-7.283592194900402
2016-10-17,0.5774616755630354,-5.698966217075334,-7.698143468681245
2016-10-18,1.1635823283605453,-5.490233068053458,-7.517257994063071
2016-10-19,-0.12022483546037221,-5.586761132187302,-7.532382964312567
2016-10-20,-0.9898537107237972,-5.561269502945245,-7.380590739572241
2016-10-21,-1.2960130096550073,-5.66877292803581,-7.3994597140611305
2016-10-24,0.1849470824734678,-5.783912281850286,-7.468944471877657
2016-10-25,-1.1993951101974447,-5.646759103251315,-7.330188613658611
2016-10-26,-2.3441610031659543,-5.616848072387819,-7.235072137786407
2016-10-27,-2.0622571220400774,-5.837190121751041,-7.49130049841753
2016-10-28,-0.932252030971202,-5.615493330530907,-7.267448717473795
2016-11-01,-0.9825090072213896,-5.662700165606444,-7.370735691136574
2016-11-02,-3.8812431041795947,-5.5520920486220104,-7.298145848449302
2016-11-03,-4.459256582216435,-5.480335162187095,-7.1538316725751026
2016-11-04,-4.28752944374772,-5.395628541968716,-7.189443062538147
2016-11-07,-4.07143728473659,-5.443500774360882,-7.1631447694246475
2016-11-08,-2.89794933905416,-5.424986198533776,-7.073502656085285
2016-11-09,-2.47571274413515,-5.567263596947151,-7.243580973349709
2016-11-10,-0.1760740746334577,-5.666914350230439,-7.588214679851361
2016-11-11,-2.141869993847183,-5.556322146429636,-7.287983971462969
2016-11-15,-4.787708320530763,-5.490992923131443,-7.200611497386875
2016-11-16,-4.0151574883161425,-5.312081093726802,-7.107617271678275
2016-11-17,-1.7847234784611952,-5.583508993158788,-7.456920917203711
2016-11-18,-1.4458739617563676,-5.6403639684493125,-7.423015785687545
2016-11-21,-4.527553881159715,-5.547027463646022,-7.397399770488815
2016-11-22,-3.9026630377210725,-5.611138908988592,-7.3459694777411
2016-11-23,-4.83745310750384,-5.594146675334072,-7.324146760490965
2016-11-24,-4.75628442071868,-5.503989776920509,-7.374419274744531
2016-11-25,-4.562358663147215,-5.905294396540825,-8.039214794111569
2016-11-28,-1.9523181812977417,-6.381077805373711,-8.66314730386455
2016-11-29,-0.1443698697269974,-7.859108584897421,-10.444434163351005
2016-11-30,0.25637623098592044,-7.685850448374289,-10.147885094145153
2016-12-01,-1.0839420680708471,-7.548490792674722,-9.929961779437773
2016-12-02,-2.1147628325834695,-6.065665013253792,-7.920095327843713
2016-12-05,1.7569761990369681,-8.008729074003153,-10.306223274879786
2016-12-06,0.735305458754986,-7.793477558479618,-10.163352641868174
2016-12-07,-0.43965040680935435,-6.30233308299737,-8.331488858078268
2016-12-08,2.2428664573130654,-7.4482640051941145,-9.683412620935345
2016-12-09,1.8235984301690826,-7.109935987371757,-9.331410347218362
2016-12-12,0.7415698272765159,-7.248185966184998,-9.355301001390451
2016-12-13,2.2785560964623155,-6.869963216843768,-8.939082106805232
2016-12-14,1.0830947665496584,-6.678533235410332,-8.834630264702902
2016-12-15,1.2212079926683304,-6.502810369563582,-8.747276551755604
2016-12-16,3.8413209053138075,-5.885027381620889,-7.88848253658804
2016-12-19,2.2449461044875982,-5.759342491732293,-7.68370515420763
2016-12-20,1.407656674635098,-5.657688267773364,-7.449618075093482
2016-12-21,1.0038323547769576,-5.669047466192658,-7.4585425867137145
2016-12-22,-2.274231295781769,-5.73764359144674,-7.563715344930669
2016-12-23,-3.3363464193952743,-5.747569606422427,-7.503694919835409
2016-12-26,-2.5313823538878797,-6.081227093377407,-7.999549914017125
2016-12-27,-2.412563554844597,-5.985967854528871,-7.930768921581374
2016-12-28,-2.348364189520907,-6.227252281559173,-8.250244300695114
2016-12-29,-1.243425383736502,-5.727735323631547,-7.552835569273246
2016-12-30,-1.0527742594105671,-5.658647830762988,-7.506447728576934
2017-01-02,-0.5744809808517646,-5.5649858219539485,-7.392529430442146
2017-01-03,-0.1336389565537574,-5.682463174100803,-7.472654856414708
2017-01-04,0.37180538054799284,-5.6975717978201885,-7.486425573510327
2017-01-05,2.9381287060377206,-5.748856727910753,-7.588135748169944
2017-01-06,2.2885565741240823,-5.794964943547982,-7.672142118940454
2017-01-09,3.0775643172966154,-5.615579991096981,-7.409049918751645
2017-01-10,2.4697565497249228,-5.567093259616327,-7.3183026156987765
2017-01-11,3.4850413185974003,-5.852184530816338,-7.660002659305064
2017-01-12,3.1743461034295475,-5.8090218203483,-7.573864387857209
2017-01-13,1.4145713550035124,-5.676835721627415,-7.462729712900595
2017-01-16,2.062655245225535,-5.722439333230195,-7.516411001086667
2017-01-17,2.566136668270485,-5.683508919886828,-7.432435982949347
2017-01-18,3.3967166164449747,-5.507133192703872,-7.250565316517057
2017-01-19,2.5413768919614976,-5.537173667633283,-7.226734180317002
2017-01-20,1.9398692237215096,-5.575083965922157,-7.21302503892674
2017-01-23,2.7514115991449346,-5.599100636056941,-7.1796914958972335
2017-01-24,2.0808213247379745,-5.581498835533719,-7.176768365250247
2017-01-25,2.0345569100001777,-5.447629666331209,-7.213051404830155
2017-01-27,1.9887893418854752,-5.558290014808945,-7.244072772304476
2017-01-30,2.17520120573942,-5.516888952731157,-7.209575667386682
2017-01-31,0.4210972639773527,-5.545170664883754,-7.144654729455915
2017-02-01,1.629030477653293,-5.603034205428511,-7.295102406683954
2017-02-02,0.8663391562054928,-5.689306319031688,-7.448375618780297
2017-02-03,0.4782724942695152,-5.624822345162707,-7.360649898269581
2017-02-06,2.2358802339808257,-5.762503286458283,-7.507189590121182
2017-02-07,0.5035039917940002,-5.727195245474546,-7.338667288994512
2017-02-08,0.2887597325567254,-5.595716048287839,-7.2809475321836565
2017-02-09,-0.42860444785155494,-5.686434357187404,-7.298220840002305
2017-02-10,-0.09260052580486983,-5.732041447674714,-7.444731114117361
2017-02-13,0.577580980470555,-5.748568678730597,-7.4609513116853545
2017-02-14,0.19349386803169266,-5.563069952260659,-7.279814162816676
2017-02-15,-3.9920184102492278,-5.676188757008384,-7.445300745170955
2017-02-16,-2.661558129006658,-5.603913430538571,-7.346731377169399
2017-02-17,-2.92361283654497,-5.609423444961132,-7.429063418507085
2017-02-20,-2.51943106697728,-5.486956451946252,-7.294333811152134
2017-02-21,-1.1088766283265754,-5.974211836235649,-7.774920544430309
2017-02-22,-1.4530102683142851,-5.633630838687812,-7.399665600842429
2017-02-23,-1.2582506228903876,-5.604093768783103,-7.30922736758489
2017-02-27,-1.8549428513768027,-5.436684615068345,-7.250796783157064
2017-02-28,-1.9453052254150427,-5.642447816662947,-7.511229520248667
2017-03-01,0.11624299141051758,-5.708712021968439,-7.5865847250407095
2017-03-02,3.0817336843681975,-6.295946231522699,-8.402471045514618
2017-03-03,1.6295334587648678,-5.668795092434903,-7.460237159356076
2017-03-06,2.772640470806702,-5.538364660658837,-7.299843035695544
2017-03-07,1.2283206780732001,-5.500359397729942,-7.216517770355098
2017-03-08,0.25426516051464987,-5.46441850603059,-7.1648041943897445
2017-03-09,1.2058728213669876,-5.422115142241682,-7.029290658294817
2017-03-10,1.3188287351680048,-5.343339167644293,-6.886463634735101
2017-03-14,3.1095881639163974,-5.3692205948690335,-6.943752196763895
2017-03-15,2.6117992247790194,-5.329792105279795,-6.958289140910837
2017-03-16,3.3302591674435993,-5.399001988696693,-6.997358478957658
2017-03-17,2.536993720331802,-5.37150906605222,-7.0218487163633245
2017-03-20,2.042175554998432,-5.355666952966125,-7.007355515776011
2017-03-21,1.2155669804234401,-5.413903691637136,-7.005496142491528
2017-03-22,0.6782946974607122,-5.426226358436332,-7.097504719487591
2017-03-23,2.0724982665768223,-5.490602285194031,-7.160555949603915
2017-03-24,1.775151006602445,-5.4126691465883985,-7.068725230230588
2017-03-27,1.2739020560229222,-5.342406702585526,-7.068198531011775
2017-03-28,0.5250947125969825,-5.647676559755682,-7.440978032317883
2017-03-29,1.5667791645102422,-5.560224421935489,-7.318274038698408
2017-03-30,0.6437587503869926,-5.435633675196718,-7.233440598199384
2017-03-31,0.9474074709157772,-5.468125387268865,-7.223225887125622
2017-04-03,1.6996250724823825,-5.40929376342071,-7.11516512434515
2017-04-05,2.1403474213179847,-5.294075988360124,-6.966848920136169
2017-04-06,3.0904818513562646,-5.440884705204915,-7.192959329795088
2017-04-07,0.7929911595281247,-5.448236261515669,-7.065103221202979
2017-04-10,0.11282059854035537,-5.473809052914535,-7.110867040008803
2017-04-11,0.8486995838044826,-5.449760964024146,-7.051225748418161
2017-04-12,-0.8050989672238859,-5.3038926967997915,-7.049416033340136
2017-04-13,-2.8366988780678435,-5.355877093565467,-7.011672638414046
2017-04-17,-3.867042365504131,-5.174507285443607,-6.882946229189359
2017-04-18,-4.018804323297428,-5.092470767510483,-6.878882871776403
2017-04-19,-4.941952257805344,-5.193315570788089,-6.859633730419366
2017-04-20,-5.005364831105903,-5.272097630398542,-6.907044606931489
2017-04-21,-5.452107860679028,-5.241306611600011,-6.929186068170195
2017-04-24,-3.6229669636052515,-5.322101061925118,-6.994256925852421
2017-04-25,-2.567460595338919,-5.3617471249227195,-6.988969130619018
2017-04-26,-2.7880424277521634,-5.273257345131033,-6.905872494274079
2017-04-27,-1.729702050406945,-5.332892483706439,-7.020268142462988
2017-04-28,0.1115177883153955,-5.242639727183549,-6.991108961484223
2017-05-02,0.2945749022762528,-5.233001619990922,-7.0409378785734615
2017-05-03,1.0088227162421881,-5.24273835700173,-7.065689520281512
2017-05-04,2.7019763420327627,-5.356990703666346,-7.1598426433919835
2017-05-05,0.6887861245340505,-5.435767004842227,-7.2804909106828655
2017-05-08,2.3242889414045926,-5.301304886387349,-6.999216362399904
2017-05-09,1.7337736297874156,-5.199151141364328,-6.771011208021167
2017-05-10,2.2296287437892177,-5.27850625402378,-6.9440346540302365
2017-05-11,1.4441934302570578,-5.215316447463347,-6.976405099068137
2017-05-12,1.8698719294103752,-5.201987630263016,-6.984838217423469
2017-05-15,1.60031864209793,-5.1937284183078924,-6.949722948880288
2017-05-16,3.562212012119638,-5.217208954152429,-7.031308857026036
2017-05-17,4.064902283238438,-5.080707875815723,-6.86347102614064
2017-05-18,1.9029741353458276,-5.335247465750056,-7.3207864530583375
2017-05-19,4.44904454144032,-5.407197030439623,-7.233294528463594
2017-05-22,3.1525694153321777,-5.321295830092358,-6.9354641342228005
2017-05-23,2.8181365434228574,-5.291684518833964,-6.920376576800433
2017-05-24,2.40674185544907,-5.496058080816426,-7.22053890497519
2017-05-25,4.62677312031818,-5.458607295030407,-7.110002880754306
2017-05-26,4.4827349540002,-5.1624855317292875,-6.858095962457062
2017-05-29,4.49009145499297,-5.185640642454979,-6.827131018846069
2017-05-30,3.858578407819513,-5.235901813032206,-6.905637306692088
2017-05-31,2.07891701701338,-5.238837598284625,-6.85865311020389
2017-06-01,4.180720192092315,-5.173162729406161,-6.955746179177471
2017-06-02,2.9356180810818477,-5.208308466053576,-6.77741088998234
2017-06-05,3.336106329022783,-5.373465961111808,-7.170034615631763
2017-06-06,3.1936918297030426,-5.438000821910839,-7.11251671650501
2017-06-07,2.3903759827668978,-5.459539774506317,-7.20883583416078
2017-06-08,0.14355355234603995,-5.283033622029182,-6.9493155641048
2017-06-09,-0.28729830678217244,-5.242837876640225,-6.928623475031131
2017-06-12,-0.7984910976474,-5.323618208575861,-7.0296929900018545
2017-06-13,-2.0520275741606424,-5.304659158875928,-6.9867111915238205
2017-06-14,-0.6874998589973199,-5.2940290510606225,-7.015813732618123
2017-06-15,-2.139913647946945,-5.254330003461799,-7.000455110126668
2017-06-16,-1.9674623832316227,-5.248256609595798,-7.0101867279762775
2017-06-19,-2.060894587028495,-5.2455370036919975,-6.869120456633757
2017-06-20,-0.30951259989804036,-5.354221741434589,-7.09721333916913
2017-06-21,-0.09592516183274535,-5.279074274555003,-6.987267583163397
2017-06-22,-0.13105915923623285,-5.257385060301088,-6.889401075146205
2017-06-23,-1.1409751666145305,-5.214192847576139,-6.905285410148062
2017-06-27,-2.1676061452299455,-5.3254961809966295,-6.95879937920546
2017-06-28,-2.006533467383688,-5.196896427129579,-6.78024516561645
2017-06-29,-3.0864616949081656,-5.013764777014104,-6.588391380678106
2017-06-30,-2.5958262225193502,-4.907342434183987,-6.524063955997
2017-07-03,-1.7619754946733983,-4.923705603946344,-6.534287568121555
2017-07-04,-1.9542168502343054,-5.08914424351436,-6.569925116243276
2017-07-05,-2.82806858224202,-4.981257846021273,-6.566796440851187
2017-07-06,-2.373382941242955,-4.950836348433768,-6.598459970455055
2017-07-07,-2.1876659725101355,-4.923286451093689,-6.571174216644892
2017-07-10,0.24303577671797005,-5.013611294988479,-6.670991016447381
2017-07-11,2.7569622572746226,-5.180229468786129,-6.809762063544636
2017-07-12,4.214962052209332,-5.194447775403463,-6.8565656152937935
2017-07-13,5.0403647821530475,-5.206951022078615,-6.806988010680475
2017-07-14,4.951592279668485,-5.055717112884318,-6.667157261419713
2017-07-17,5.00714909714368,-5.049677529420906,-6.667468195690591
2017-07-18,5.408377876252414,-5.061477192629806,-6.651096832490221
2017-07-19,5.267354825910343,-5.078898633940789,-6.696985994161862
2017-07-20,4.085722750283894,-5.119871770126315,-6.699111119297309
2017-07-21,4.981974525981061,-5.126322339971497,-6.71824998681833
2017-07-24,3.970970244423107,-4.959947117613448,-6.684978262016146
2017-07-25,2.462346373409912,-5.065861743236797,-6.677417490843716
2017-07-26,1.7652494048453475,-5.001576068401713,-6.661293752814138
2017-07-27,0.7154434012534199,-5.0002320345801845,-6.626983232540637
2017-07-28,1.2907473318247826,-4.959953059693542,-6.593356631844178
2017-07-31,1.8205293855065747,-4.892124622603096,-6.4669916009974155
2017-08-01,1.8345053598554997,-4.822690924118832,-6.418170723055034
2017-08-02,0.7262492359556924,-4.823660826635477,-6.414146136339179
2017-08-03,-0.06008742906196041,-4.755908332776825,-6.354030568338818
2017-08-04,0.41842274048762496,-4.865619056455413,-6.250160351021206
2017-08-07,-0.5225658277553026,-4.7659196691528845,-6.160195453848461
2017-08-08,-0.7254843612000901,-4.65844404223014,-6.096925355801364
2017-08-09,-2.0064067265863255,-4.700971009928333,-6.092292214429757
2017-08-10,-3.859908304531718,-4.836356483535142,-6.234172006059654
2017-08-11,-6.261920530382271,-4.656251135684967,-6.13766166365639
2017-08-14,-7.883807114779141,-4.8371045589107275,-6.4306617700360444
2017-08-16,-6.1448575992294465,-4.856424400211418,-6.4316526068469
2017-08-17,-4.756387969212192,-4.87615870788292,-6.764850767666148
2017-08-18,-5.94743177491258,-4.88470775743528,-6.585968614113326
2017-08-21,-9.417257378937324,-4.979322191061263,-6.735290409893998
2017-08-22,-8.948315689026646,-4.943412430802144,-6.661727275668585
2017-08-23,-7.184458829121393,-4.999717164946435,-6.6214735802403375
2017-08-24,-5.523272076971209,-4.902442630936981,-6.655103647360429
2017-08-28,-2.0010165048993933,-5.879125754524054,-8.158248251489466
2017-08-29,-0.9461741088877729,-5.925910827444252,-8.00122683264333
2017-08-30,-0.3451719774531755,-5.369043378706694,-7.43840560096753
2017-08-31,-2.206469695906228,-5.2750160777250015,-7.200628560092633
2017-09-01,-1.7010671028269906,-5.248740088927491,-7.025047538678362
2017-09-04,-0.6262949708690781,-5.387285894337221,-7.348077591086016
2017-09-05,2.1669851029369798,-5.268218064743225,-7.049777606194845
2017-09-06,1.3452050688285422,-5.108227072488606,-6.819479259641754
2017-09-07,-0.04036208895223503,-5.01666245827401,-6.751047586238956
2017-09-08,-1.5610562442038376,-4.960396073002174,-6.711600503562425
2017-09-11,-2.3233658079202177,-5.0271518398169235,-6.8177603845878485
2017-09-12,0.4905700914895952,-4.933587679592619,-6.911876965665066
2017-09-13,0.19998485882487246,-4.9933621477132535,-6.6470328791412046
2017-09-14,1.4077925711620654,-5.072718669861438,-6.678023662283179
2017-09-15,0.3958897707940803,-5.057507719739317,-6.867422367228155
2017-09-18,2.6164865944391424,-4.934886600837269,-6.784939584875146
2017-09-19,3.161054818403363,-4.862603501175062,-6.7606746638880875
2017-09-20,3.1744975105088504,-4.953428888314995,-6.804162372844416
2017-09-21,3.0728215700457593,-4.83367100368484,-6.502076902719346
2017-09-22,2.4440958620410775,-5.016421148161607,-6.77253350215762
2017-09-25,1.970559796448453,-4.93396686049521,-6.694548082186188
2017-09-26,-0.03826922253719478,-4.960611980746842,-6.63001975282983
2017-09-27,-1.7040926119279498,-4.749102214944465,-6.519301360133922
2017-09-28,-3.060968361221853,-4.813782324721191,-6.486562607903505
2017-09-29,-3.417091208467425,-4.766683919496115,-6.355002976114915
2017-10-03,-3.21187492361938,-4.893163635653402,-6.4165298416814585
2017-10-04,-3.4084445287842975,-5.046458645234156,-6.806294476856745
2017-10-05,-2.9932498922174577,-5.108643494548124,-6.741176705652756
2017-10-06,-1.1636929520057229,-4.778771705698016,-6.415988397251357
2017-10-09,0.65930890505829,-5.221401061272759,-6.9428868350280375
2017-10-10,1.074065997649745,-5.0659884366386745,-6.915634764225106
2017-10-11,0.3093180368552375,-4.925824818608196,-6.61776948638083
2017-10-12,2.473937842607655,-5.334887453660467,-7.19188917352862
2017-10-13,3.2399752480802277,-5.234104080684836,-7.02267330472834
2017-10-16,5.1949823545006675,-5.224506348603607,-7.034663295310836
2017-10-17,3.622140520947182,-5.0916752409527755,-6.718687506040757
2017-10-18,1.6409370903200573,-5.009782747733941,-6.548324206896429
2017-10-19,1.4051827989054702,-4.982207494911506,-6.675878911682315
2017-10-23,0.18995741652755238,-4.951239608294816,-6.705817091900184
2017-10-24,0.2682046136995525,-4.830598100929638,-6.72965166632972
2017-10-25,7.038949963439354,-4.920594084433969,-6.672114193995723
2017-10-26,7.829864178054249,-5.051012495655765,-6.929933812552477
2017-10-27,6.807338939054209,-5.211231953623513,-7.0761569149505155
2017-10-30,6.095042591776895,-4.930773371114521,-6.78155432562507
2017-10-31,3.34808785892709,-4.921708526996441,-6.586432222566624
2017-11-01,6.298776147018229,-4.978008913535429,-6.807483345916855
2017-11-02,6.478526646946545,-5.099933233068823,-6.98547841528149
2017-11-03,8.617516698694168,-4.990165406978908,-6.877720408735853
2017-11-06,9.573513136286097,-4.858944041680653,-6.519835515636221
2017-11-07,8.137793613555523,-4.914005554400893,-6.583198382701511
2017-11-08,-0.046887037876690574,-8.92633177306954,-12.348445296029379
2017-11-09,0.9562549965328898,-8.739295056530546,-11.91686977922091
2017-11-10,2.8328692271931675,-7.988636734265407,-10.877386476388711
2017-11-13,2.019050374001277,-7.375646790833325,-10.096300082555924
2017-11-14,2.8107577612710766,-7.164937416558509,-9.502680168505789
2017-11-15,-0.5268336688142301,-6.956677805384882,-9.249585584531859
2017-11-16,2.6156139788778825,-6.943727608484925,-9.080165918301224
2017-11-17,1.3888196356940403,-6.558096038886868,-8.758750967675208
2017-11-20,-0.43437420014940764,-6.413634305272907,-8.408775726482315
2017-11-21,0.6013266230567228,-6.427726073955761,-8.531800147088898
2017-11-22,2.510153163307449,-6.276202163204226,-8.433184696878518
2017-11-23,2.07048886861174,-6.043582499991936,-8.16385121615876
2017-11-24,0.8093475734447645,-6.610222506713058,-8.757058723141755
2017-11-27,1.3633514136992622,-6.163612217875983,-8.330546347047243
2017-11-28,0.9247797245784519,-5.93069221874477,-7.865186477576509
2017-11-29,1.6423313409319147,-5.695313263563913,-7.5910377954311015
2017-11-30,-1.959496450286018,-5.708098920681116,-7.500624536517902
2017-12-01,-4.161116351301445,-5.51553126225263,-7.215560136383261
2017-12-04,-2.1499438815642806,-5.440278197881788,-7.107446154939376
2017-12-05,-2.078214255141676,-5.248716194768495,-6.904342252492549
2017-12-06,-2.96559417653364,-5.247147858322645,-6.880274190858509
2017-12-07,-2.19633396712937,-5.155923529624948,-6.809591092086902
2017-12-08,-1.37363545477855,-4.993635998353085,-6.73844716717656
2017-12-11,-0.5984450812853701,-4.922776882556488,-6.622013293744136
2017-12-12,-0.041962590258132704,-5.044560312672107,-6.742506892272075
2017-12-13,-0.6697253432834449,-4.97043959983637,-6.724207067960291
2017-12-14,1.2685874199722773,-5.337939768012166,-7.080490613122585
2017-12-15,3.4016774798972653,-5.325719239143103,-7.069967421227111
2017-12-18,2.546838277959383,-5.3726905920963475,-7.0824072653952825
2017-12-19,3.3325765821307485,-5.250478973920629,-6.957912817964494
2017-12-20,4.2511256727099775,-5.177817109498094,-6.9056956911687815
2017-12-21,2.7906151109729778,-5.187674162779892,-6.92232425785894
2017-12-22,2.659367309342035,-5.513330704922825,-7.299754038543193
2017-12-26,1.9361100012024024,-5.428615469816451,-7.2411953721394715
2017-12-27,1.9458989113415774,-5.3614658805159445,-7.153239684236171
2017-12-28,2.0837156898902127,-5.336249014545792,-7.174025386602813
2017-12-29,3.00151860893533,-5.088206156721638,-6.82108984792373
2018-01-01,1.3834229736863803,-5.175126258037056,-7.0310721180787406
2018-01-02,1.1734126404139125,-4.97766103561226,-6.7506149012921455
2018-01-03,-0.11302321939367233,-5.080172945681407,-6.8506213011121675
2018-01-04,-0.4904435759792849,-4.842696457232294,-6.566660939697906
2018-01-05,-0.29839278852385986,-4.7568150139281675,-6.330710425740747
2018-01-08,-0.3091258115631851,-4.792198072760886,-6.356590884162724
2018-01-09,0.1226509059202125,-4.799002452221589,-6.412891915744203
2018-01-10,0.19454908991218495,-4.878657534968234,-6.548520477984749
2018-01-11,1.8893671247180648,-5.030279075959841,-6.643377048362127
2018-01-12,0.6477345258503774,-5.005744692065503,-6.628541442604286
2018-01-15,1.6361976670849847,-5.149283894128179,-6.835905354335224
2018-01-16,1.3601041852755598,-5.147527313060818,-6.963386632674639
2018-01-17,3.105206746108015,-5.06954341767369,-6.864751744075676
2018-01-18,2.1803050784012745,-5.11135718836819,-6.834203308631124
2018-01-19,2.599614758646587,-5.02423324050797,-6.7668004800865456
2018-01-22,1.7406945139356171,-5.016333152311062,-6.728295706820759
2018-01-23,3.1585792134348925,-4.892178326553913,-6.593539824733773
2018-01-24,3.49753166461478,-5.092582715045516,-6.84645896949373
2018-01-25,0.9322868198663901,-5.020900651204264,-6.7504140478696835
2018-01-29,1.26886840308144,-5.0364427524870425,-6.6665623325386125
2018-01-30,1.2691630166367451,-5.095146858831676,-6.69578117633157
2018-01-31,0.4123669691865204,-5.205143921538245,-6.944493689320123
2018-02-01,-2.042793175881547,-5.252264770374917,-7.001985352779104
2018-02-02,-2.6116038162177646,-5.309951078971593,-7.019001596498873
2018-02-05,-2.5278056142982948,-5.2645109036996285,-7.0188797236177445
2018-02-06,-5.639835976288802,-5.185700813094516,-6.959897358555825
2018-02-07,-7.127495097168915,-5.24562446281398,-7.003331031993043
2018-02-08,-5.891724890783527,-5.41997572585224,-7.217600968554835
2018-02-09,-5.610720857285028,-5.928703319716777,-8.128883998301433
2018-02-12,-6.4416852550778545,-5.812104849530357,-7.885792845817605
2018-02-14,-6.932713084179267,-5.7132827206077055,-7.806166966357889
2018-02-15,-5.44632076893925,-5.6092754263846265,-7.690621565740829
2018-02-16,-5.194911469643015,-5.630663878829608,-7.5116409935874024
2018-02-19,-4.471283207169928,-5.77453896507942,-7.638439277549092
2018-02-20,-4.708960736766464,-5.587625155656006,-7.441211661691743
2018-02-21,-1.3985568996327176,-5.992397531848806,-8.046263929813945
2018-02-22,-1.6975015436752101,-5.515270180335862,-7.374179627025324
2018-02-23,-2.846413855254475,-5.526257380913399,-7.253732062173202
2018-02-26,-1.04096563026367,-5.479213044740145,-7.264148824087618
2018-02-27,-0.763936763918615,-5.5807532420050325,-7.415228026591894
2018-02-28,-0.1631652556903172,-5.903479200558807,-8.039606423981938
2018-03-01,-1.483012947575575,-5.654487143369581,-7.542801582041179
2018-03-05,-2.43285512072259,-5.602485337318172,-7.47621238672528
2018-03-06,-3.0769648695663223,-5.260187426535833,-7.251774883402393
2018-03-07,-4.294408525083307,-5.273985284105199,-7.230754394287644
2018-03-08,-3.430058581841495,-5.212298211526032,-7.23957593033322
2018-03-09,-3.4873370933319072,-4.995090527932888,-6.793109523293018
2018-03-12,-2.0651206360134293,-4.952432923026039,-6.6380640253933505
2018-03-13,-2.437417533527717,-5.076093479125119,-6.979269442788826
2018-03-14,-2.175400976886345,-4.951998326119078,-6.702446047957446
2018-03-15,-2.662707574934667,-5.026516580291136,-6.892648974205074
2018-03-16,-3.379792998742297,-4.998324183027397,-6.96074710551856
2018-03-19,-2.7232952340971646,-5.308646592302504,-7.168543693116832
2018-03-20,-0.6289322378173394,-5.434427453809667,-7.611201826627152
2018-03-21,0.0360010511307276,-5.387648897279937,-7.434384907516316
2018-03-22,-1.5798244645557598,-5.560576265569847,-7.67463927206697
2018-03-23,-2.5757560526008545,-5.515120051530871,-7.577158653259365
2018-03-26,-2.7640807205547624,-5.442354132078292,-7.5341961387802785
2018-03-27,-2.0489572695236125,-5.155286789024679,-6.90135616939456
2018-03-28,-3.45288845296305,-5.155090083150677,-7.162720142793711
2018-04-02,-1.7721166586886676,-5.220163617625115,-7.17325788958537
2018-04-03,0.31641370500780486,-5.231405315542875,-6.972462764903486
2018-04-04,1.7785653863212925,-5.352901821215589,-7.281138438592604
2018-04-05,3.5845965697724376,-5.071453935537324,-6.728514510353075
2018-04-06,3.538620853226715,-5.117906985699897,-6.924324756895621
2018-04-09,3.7199030505534454,-5.276402069792554,-7.135933963915956
2018-04-10,4.982203974530681,-5.384177224478665,-6.9553237937203996
2018-04-11,3.6247708466969684,-5.50762887184014,-7.459479091356107
2018-04-12,3.5648585123070187,-5.365507679143123,-7.307721290409836
2018-04-13,4.582138196184996,-5.38508516387822,-7.341587316434693
2018-04-16,1.4317440649692736,-5.3996727551106085,-7.349544953764806
2018-04-17,0.6777861240142312,-5.361635147252896,-7.191690590791729
2018-04-18,0.10347989827673415,-5.38675145635576,-7.322133205121775
2018-04-19,-2.3616317676718266,-5.316981459912982,-7.386360804160548
2018-04-20,-1.1030290674422059,-5.130475119595053,-6.851312512841521
2018-04-23,-0.8231385058202183,-5.103575829218414,-7.02067593081036
2018-04-24,-1.7373066769515249,-4.999240295232531,-6.623876749828758
2018-04-25,-2.33468286978079,-5.083710909451026,-6.728890545358072
2018-04-26,-2.5132654683860673,-5.141751903735959,-6.663488741151829
2018-04-27,-0.9073447669491199,-5.074502735948291,-6.561296133323039
2018-04-30,2.7779361646647303,-5.356807609436242,-7.102680082429522
2018-05-02,1.2392917208268828,-5.199482965551458,-6.769047277971677
2018-05-03,0.6923075218745303,-4.951384943762334,-6.675228815601619
2018-05-04,0.6251220154804825,-5.021846654431067,-6.6329348922905975
2018-05-07,1.0838972812378371,-5.1859022249881495,-6.76824842860006
2018-05-08,0.8926506801641022,-5.043145898549848,-6.692464627462077
2018-05-09,2.4927854976090478,-5.008785824271273,-6.645635768086255
2018-05-10,2.113300238467035,-5.002132039428728,-6.666544898285952
2018-05-11,2.1214014637717877,-5.157217991895622,-6.833688124307868
2018-05-14,0.6850756056570879,-5.118685321176253,-6.924259906534988
2018-05-15,-2.163108421757787,-5.206667272752499,-6.904640200770055
2018-05-16,-0.2514787577089648,-5.271263569208565,-6.9715255160736
2018-05-17,0.6019615194298726,-5.338688556086947,-6.979015118699344
2018-05-18,-0.13368967152842215,-5.314433196616881,-6.799253464489233
2018-05-21,-2.0841280640142394,-5.363148001078145,-6.911312488905553
2018-05-22,0.34477447415860585,-5.236096814228319,-6.850448448888393
2018-05-23,0.46859764865971987,-5.271267976558173,-6.849310946854079
2018-05-24,0.70598738532542,-5.238648900646203,-6.866009525869524
2018-05-25,0.8198847076131247,-5.2453977218693595,-7.125153363966106
2018-05-28,1.35937211132111,-5.1237251635495165,-6.760388521358972
2018-05-29,1.6992512909072244,-5.392392681372942,-7.1075373532189685
2018-05-30,1.2139457764569477,-5.39186474472314,-7.099825878576828
2018-05-31,1.57612080818576,-5.328870871917343,-6.935151243397542
2018-06-01,1.803506699398635,-5.371788424194957,-7.116387306310625
2018-06-04,2.0271413835964873,-5.321642889285352,-7.0477441507305185
2018-06-05,-0.6119213339607953,-5.410379642793727,-7.129209117805947
2018-06-06,0.6445139011450649,-5.3107296190412665,-7.0056465576578075
2018-06-07,2.815761279071732,-5.776238446525005,-7.656196640740204
2018-06-08,2.8192571619282276,-5.477277980208606,-7.15304317236292
2018-06-11,2.5487762770402447,-5.220165891585481,-6.924930528827611
2018-06-12,4.655737688454471,-5.326944230032443,-7.04484400253077
2018-06-13,5.30669989605614,-5.302345115500499,-6.967908047381784
2018-06-14,3.7078485699403347,-5.3735978273513005,-6.920698515811527
2018-06-15,4.441611774748315,-5.238090591689858,-6.90540933073111
2018-06-18,4.822589546323773,-5.245433452267602,-6.9431764354820045
2018-06-19,3.978476664473313,-5.229579213032493,-6.858991557227158
2018-06-20,2.1298852249446676,-5.33274265274162,-7.064615288663978
2018-06-21,0.36274511135879517,-5.344413706821625,-6.983012835062612
2018-06-22,0.3918659772704327,-5.150690264447607,-6.729153044850008
2018-06-25,-1.20529037423197,-5.1255059558872045,-6.694864462694126
2018-06-26,-3.3350826628250476,-5.231043922856288,-6.958015293908736
2018-06-27,-5.28062441471127,-5.4267586957336365,-7.101944486966182
2018-06-28,-5.050391338561232,-5.435464939456862,-7.238592643059652
2018-06-29,-3.636671283497849,-5.5652873859411685,-7.313129867197442
2018-07-02,-3.326898702289534,-5.249450041957504,-6.975868747492395
2018-07-03,-1.5221101019969574,-5.247211710015793,-6.984061012811754
2018-07-04,-1.5816732637722999,-5.263778231765364,-6.8264882918481815
2018-07-05,-2.986359120965978,-5.218691386724913,-6.86991006220242
2018-07-06,-2.921364249327357,-5.21546564809374,-6.915730415888142
2018-07-09,-0.3896949481773655,-5.679717832554328,-7.476308062813042
2018-07-10,0.9723442967569371,-5.883567181791011,-7.622028462846563
2018-07-11,2.058926324809852,-5.753623036646892,-7.489194663577444
2018-07-12,2.9926420025603124,-5.810526103794826,-7.578019038410881
2018-07-13,1.0050181373352145,-5.639331519041966,-7.530438653803859
2018-07-16,-0.5640441823340328,-5.56508446680723,-7.240789855465023
2018-07-17,-0.8479669569470406,-5.156446953317193,-6.8121877446870815
2018-07-18,-2.172236075313048,-5.1228032429135295,-6.813545322362226
2018-07-19,-0.49661185837663774,-5.098510444564698,-6.751120896842864
2018-07-20,-0.3740318492948602,-5.035530961716827,-6.730295983363859
2018-07-23,0.11097020983807959,-5.093901415742412,-6.692083965502939
2018-07-24,-0.1369086822844502,-5.325561295540993,-7.006828548161371
2018-07-25,0.457792536033905,-5.528114910572098,-7.098847568382947
2018-07-26,1.9375378377671173,-5.3623095817890105,-7.0568360127005665
2018-07-27,2.90520754678235,-5.4992266349027625,-7.173827626957183
2018-07-30,5.092142885052637,-5.8751916672628814,-7.62026425895375
2018-07-31,5.132934728129498,-5.523838118473478,-7.408336208355219
2018-08-01,6.415298826285928,-5.347841708744184,-7.010649019283509
2018-08-02,6.038220593741945,-5.31317140045169,-7.01310919678279
2018-08-03,5.7269755616364755,-5.252881033735973,-7.00819389164957
2018-08-06,3.895322157127727,-5.2794338616286085,-7.054060022685433
2018-08-07,3.304305089536487,-5.1232112499652045,-6.864187621574809
2018-08-08,4.060811690785345,-5.169725899359573,-6.827728026878005
2018-08-09,3.769515247761737,-5.3382768762228645,-7.067216909148807
2018-08-10,1.3462894105241694,-5.381044304713967,-7.11645284256149
2018-08-13,-0.46262090774198283,-5.6755818255795845,-7.36718761707412
2018-08-14,-0.41285500464523284,-5.776916027788997,-7.448681925144709
2018-08-16,-0.13479161836552017,-5.505206615193605,-7.136278278782464
2018-08-17,2.328387021536362,-5.626493947775934,-7.312911373074758
2018-08-20,2.3586592127869177,-5.548914338760097,-7.239642244627777
2018-08-21,2.032255474389345,-5.559165172457365,-7.332585858574809
2018-08-23,1.5320180468437805,-5.598958520319865,-7.392258948980738
2018-08-24,-0.02293950279465984,-5.575322193933632,-7.326638904350873
2018-08-27,0.5116611936972282,-5.549235179651513,-7.291508069519908
2018-08-28,2.005221620230223,-5.8486754069413704,-7.722652391193458
2018-08-29,2.9730005466845677,-5.783489133444765,-7.7829757944418905
2018-08-30,2.7199070246441455,-5.868346989060531,-7.794757515319908
2018-08-31,3.7732867027153674,-5.720093507262969,-7.567431273317758
2018-09-03,-0.016631504270082198,-5.739633049988636,-7.6562882406318655
2018-09-04,-1.9572662059401402,-5.7379518780501915,-7.66073594066301
2018-09-05,-1.8405378404922748,-5.615201239613349,-7.372849678980463
2018-09-06,-0.6943089869639527,-5.774490155792345,-7.572046006858374
2018-09-07,0.7677942147957024,-5.504238533335118,-7.229429579244339
2018-09-10,-2.2442570776859005,-5.43760350089309,-7.141248321739596
2018-09-11,-3.17255945126454,-5.415059084418079,-7.097005823514228
2018-09-12,-2.58515876628388,-5.401921972323532,-7.054406430541739
2018-09-14,-2.03195697588505,-5.3569118764910515,-7.1012583025723925
2018-09-17,-5.1253888379201475,-5.521880637742726,-7.220624612761654
2018-09-18,-4.704753339848928,-5.512781588049648,-7.248124867563314
2018-09-19,-3.7616924643826923,-5.8562061571677155,-7.728554552634334
2018-09-21,-4.560847944312185,-6.036704027116072,-7.785206516555305
2018-09-24,-6.375802637539293,-5.814131038209135,-7.7857701192859965
2018-09-25,-5.72946149147903,-5.9381261193101365,-7.840307513528749
2018-09-26,-6.525607571576613,-5.888234244818691,-7.799660448419545
2018-09-27,-5.720507767151675,-6.129837843630662,-8.129316391370537
2018-09-28,-6.508621426151881,-5.939079934245428,-7.838441518149526
2018-10-01,-4.614893080872445,-5.778277737294226,-7.664844713818156
2018-10-03,-4.276931506075608,-5.948832861497965,-7.846187811472683
2018-10-04,-5.025819962315476,-6.035505488438357,-8.135455110066514
2018-10-05,-6.339073499571403,-6.248052803952978,-8.00440868716556
2018-10-08,-5.219477238455258,-6.016615336739765,-7.896345998781418
2018-10-09,-8.02320421620785,-6.026663824792879,-7.931150207606785
2018-10-10,-7.920249520005909,-5.79716465360066,-7.604411970776652
2018-10-11,-9.194260381503149,-5.927545188802569,-7.81857095186293
2018-10-12,-7.672975975644857,-5.990937892900762,-7.8189694194006885
2018-10-15,-7.4578018046364445,-5.992933390812593,-7.722721612311002
2018-10-16,-8.874505238401728,-6.04619669687095,-7.870614416710479
2018-10-17,-8.563919682947237,-5.790898272617493,-7.656152196882856
2018-10-19,-7.872959939555514,-5.7757932905023885,-7.605284530573626
2018-10-22,-6.883959828081656,-6.323109561327548,-8.227708856843542
2018-10-23,-8.624414584488754,-6.495709629917064,-8.362344502044998
2018-10-24,-3.9296115816474266,-7.685466890400089,-10.528082105563774
2018-10-25,-6.861949896156187,-6.8146245566348895,-8.954816645454379
2018-10-26,-4.020991066146324,-7.308085396315664,-9.48687455515162
2018-10-29,-1.9204704389330596,-6.623536393666448,-8.691439406109293
2018-10-30,-0.014328487679491353,-6.766002813944514,-8.749178185469914
2018-10-31,1.3658750423724624,-6.519863631393719,-8.793866632086335
2018-11-01,1.918480784730498,-6.781524866487086,-8.690065247426089
2018-11-02,4.913722786934437,-6.925125324777147,-9.213894280817371
2018-11-05,6.5136832047281725,-6.364958704483536,-8.48974388244974
2018-11-06,7.955353347289291,-6.309522096221532,-8.312130724316708
2018-11-07,8.442284098407615,-6.351378043222618,-8.79596329925619
2018-11-09,9.290959296036833,-6.405116357831686,-8.475187831534946
2018-11-12,7.991733329265257,-6.392708436932873,-8.344304660335437
2018-11-13,4.147824922115029,-6.76959105912425,-8.710074688344275
2018-11-14,2.4826448962554255,-6.507971244804196,-8.607881071160046
2018-11-15,0.65632770302773,-6.346192725058001,-8.285446138693423
2018-11-16,1.1300902957189032,-6.121997208883813,-8.020944993612163
2018-11-19,0.02490240327319282,-6.161751698406023,-8.10141688290904
2018-11-20,-1.9358890733781824,-5.967085405993807,-7.921357074810723
2018-11-21,-2.1229256095708724,-6.063592513892158,-8.027505890595672
2018-11-22,-3.61063181663359,-5.950877685357764,-7.9323973573774165
2018-11-26,-1.9553341103742166,-5.8797776268558035,-7.894073922326523
2018-11-27,0.3850328178086124,-6.109827212182149,-8.137727765890508
2018-11-28,0.7883052442614928,-5.9481800939126215,-7.977623657168303
2018-11-29,1.3684856699131749,-6.098725481518125,-8.006856847760922
2018-11-30,-0.12706842402213003,-6.046207823216748,-8.160975505604835
2018-12-03,1.6998003741388672,-5.660622852369834,-7.451728401989659
2018-12-04,1.0505321801001375,-5.932719261222169,-7.633771317122346
2018-12-05,1.3339030309105677,-5.902543076273953,-7.8736763145669135
2018-12-06,-0.5995991573430222,-5.827054280483243,-7.5410484670727715
2018-12-07,0.9368398874472426,-5.846372420742614,-7.624945346552179
2018-12-10,-2.149611786274812,-6.127191330025017,-8.13269776095197
2018-12-11,-1.7356629638159773,-5.999208921241657,-8.048774589331007
2018-12-12,0.47933217868436007,-6.120986731814971,-8.385716361180705
2018-12-13,1.2663109998570525,-5.851475942425648,-7.8474479446051335
2018-12-14,2.5385915187326975,-5.877448895713492,-8.038846858963087
2018-12-17,1.2421752241209147,-5.834908174804749,-7.607324971148126
2018-12-18,0.8799783220612324,-5.878539331999767,-7.51003233092788
2018-12-19,1.7952912219992867,-5.937771092683367,-7.801720678514824
2018-12-20,4.040395056061475,-6.086378629467596,-7.833060549454674
2018-12-21,1.836686156033179,-5.957321463567128,-7.683597674117755
2018-12-24,3.0780389759957743,-5.930116087245916,-7.84010896699983
2018-12-26,1.8665271519732687,-5.897748678326806,-7.732618909155603
2018-12-27,0.07812748427624505,-5.924472606779797,-7.84704021390987
2018-12-28,-0.8727675824222579,-5.9441494994200275,-7.750451680186057
2018-12-31,-0.8625450401092452,-5.883754107996278,-7.725709341390857
2019-01-01,-0.9734439616148953,-5.9244782784008585,-7.732028466780161
2019-01-02,-1.8600860094411122,-5.935704535585815,-7.712814159081523
2019-01-03,-2.581004889132648,-5.875067469638723,-7.672549339228641
2019-01-04,-1.4329438882988876,-6.060094543607877,-7.864883457965998
2019-01-07,0.9551431404984195,-5.988601112116644,-7.91132794977944
2019-01-08,2.684757898718475,-5.975395432124479,-7.934364302124708
2019-01-09,3.768999709952442,-5.8704156273699875,-7.872256641055375
2019-01-10,4.0532269337079345,-5.893442458620756,-7.778694468145237
2019-01-11,2.2685878836774824,-5.876345117750389,-7.615140129170703
2019-01-14,2.54414999721008,-5.736506227832349,-7.4011683427281225
2019-01-15,3.88559848704452,-5.641789442445966,-7.381110435430555
2019-01-16,5.40559084683789,-5.894411200495624,-7.6381022059425785
2019-01-17,4.992583701522393,-5.7257642171285,-7.520667619351295
2019-01-18,3.495674727880875,-5.5865299729028415,-7.332911589718241
2019-01-21,2.5854395382581923,-5.8064311527611006,-7.489724442157684
2019-01-22,1.2302198198138274,-5.834942635981791,-7.543107667099628
2019-01-23,-0.23771799243665737,-5.798148338401648,-7.568299434850677
2019-01-24,-1.4310866250810326,-5.700500604412623,-7.432725917247464
2019-01-25,-0.9937949184101801,-5.6033021883925,-7.348012321800112
2019-01-28,-2.42675699425518,-5.464357590163628,-7.175447464395988
2019-01-29,-3.8684097859284834,-5.447960078269279,-7.099042854801835
2019-01-30,-3.7683494164975686,-5.304438592955338,-6.893915593162878
2019-01-31,-0.10917758737773298,-5.514698541724062,-7.11041602196723
2019-02-01,0.5194260596700113,-5.5767896981670315,-7.215736683140298
2019-02-04,0.2376486252547117,-5.597717691668766,-7.341371824949833
2019-02-05,0.11911251965470138,-5.466476306521185,-7.259574952435587
2019-02-06,1.8955670837911718,-5.381148887373511,-7.210154671466819
2019-02-07,3.158614291823199,-5.492421642864225,-7.304776486870392
2019-02-08,-1.5627085382527057,-5.36159873252724,-7.197030153013153
2019-02-11,-1.084949593879183,-5.2986497788803435,-7.152244062936633
2019-02-12,-2.5274173257102692,-5.376460082269776,-7.1521866285457945
2019-02-14,-2.82479352583549,-5.39081349355124,-7.147154397098295
2019-02-15,-5.734551514170526,-5.670941594557775,-7.4041825419479
2019-02-18,-6.172390133062132,-5.785522168252203,-7.64130768964448
2019-02-19,-6.306396329956569,-5.749128855691798,-7.495083971643444
2019-02-20,-4.860534591091829,-5.793638768595502,-7.636314631682929
2019-02-21,-5.201285278352442,-5.797388592079732,-7.557350234828811
2019-02-22,-4.61708175811265,-5.691429990117241,-7.457909912573404
2019-02-25,1.563823825238373,-8.399057768917725,-12.184507770457076
2019-02-26,2.0622168302504473,-6.492180222401226,-8.767951367869191
2019-02-27,1.8424875048081724,-5.799005386832936,-7.719449000111521
2019-02-28,1.8533184991262224,-6.317545174785588,-8.555683456619457
2019-03-01,3.117290756612623,-5.964960485887264,-7.841082328522171
2019-03-05,5.2302338694507196,-5.844776704872119,-7.726328533782152
2019-03-06,4.690413798810373,-5.7587266068921,-7.577718314050964
2019-03-07,3.728882431484585,-5.6860298130313005,-7.540914565213656
2019-03-08,1.3432278875905879,-5.6763802069032225,-7.42102115406526
2019-03-11,0.9404075743059829,-5.729591746096541,-7.520305885486723
2019-03-12,0.6142519229147154,-5.664009173930285,-7.517127630219854
2019-03-13,0.7427176516327401,-5.665862749915018,-7.49629192067632
2019-03-14,1.5562006009772351,-5.757394488827613,-7.618581168964614
2019-03-15,1.9039470658860327,-5.703034053797938,-7.521490985582321
2019-03-18,0.9114331255235478,-5.63238362151577,-7.460471030759492
2019-03-19,0.09383219919867247,-5.700963468272583,-7.662937740645253
2019-03-20,1.0825560077735226,-5.683252634059937,-7.477553751774397
2019-03-22,-0.2174916249439125,-5.711777908914143,-7.475671923734494
2019-03-25,0.08818764729104034,-5.788315486789654,-7.715161923898538
2019-03-26,0.24926818569407738,-5.796582598429787,-7.524816274746207
2019-03-27,-0.26867337023506516,-5.5856292975546085,-7.332423882429961
2019-03-28,0.6160085532687622,-5.550006162613617,-7.338483202272258
2019-04-01,4.4824868374768245,-5.566539192253985,-7.246794227186068
2019-04-02,6.65683351500073,-5.470650380150108,-7.203814662439195
2019-04-03,5.3076117850427345,-5.567248508484699,-7.26482234899827
2019-04-04,4.8800323652656745,-5.539753233843558,-7.194769871130851
2019-04-05,4.563206812023779,-5.591359387045894,-7.234882450062771
2019-04-08,5.160305148400039,-5.64747903374337,-7.3398502715315646
2019-04-09,7.250868813119444,-5.6851768099627,-7.532733454425301
2019-04-10,7.1391755425360115,-5.710032058704706,-7.523676991092661
2019-04-11,7.629345461397461,-5.667169591698154,-7.615429031548229
2019-04-12,6.494004140407764,-5.75850919081292,-7.6009147090882365
2019-04-15,4.295734774980285,-5.974653611482528,-8.064574138725456
2019-04-16,1.7148915236397593,-5.9860953236962215,-8.084654210013147
2019-04-18,3.008015170912892,-5.918866903441676,-7.843235308838138
2019-04-22,2.4907227095417848,-5.826539389617062,-7.743534006160291
2019-04-23,2.293923529641657,-5.845289143355866,-7.674032069626921
2019-04-24,2.8145890393206323,-5.891098668215159,-7.786501334136808
2019-04-25,0.8868619852068802,-5.644945078136172,-7.707743805915445
2019-04-26,0.35611168480571515,-5.633987667407332,-7.6334522807457175
2019-04-30,0.12447519454658035,-5.617386592317742,-7.380610286289011
2019-05-02,-2.1371339467828045,-5.524061419932917,-7.35810029295
2019-05-03,-3.5285446763005823,-5.477478768977173,-7.3676661947490105
2019-05-06,-5.353569825089927,-5.487055440202127,-7.239661533334243
2019-05-07,-6.112716857136217,-5.419622025341346,-7.260300187143428
2019-05-08,-7.726313492582298,-5.47477287977442,-7.259362522154354
2019-05-09,-6.765424889954779,-5.658885904578841,-7.754163547389338
2019-05-10,-6.455820901442203,-5.754424958746975,-7.911599608356006
2019-05-13,-5.839186057220248,-5.5346903053121075,-7.375240026866275
2019-05-14,-5.26361488577459,-5.607584189101654,-7.512561077186545
2019-05-15,-8.162805374222613,-5.590690280465676,-7.392268847713296
2019-05-16,-4.007865187231344,-5.777126413561036,-7.851921413589301
2019-05-17,-2.853720567770905,-5.728174557270806,-7.721544433214596
2019-05-20,3.1604468302833872,-5.830648969644506,-7.649701928905113
2019-05-21,1.3016250551477277,-5.9368670209120955,-7.887262037528667
2019-05-22,3.3479013003049345,-6.010072201512016,-8.141130073212755
2019-05-23,1.8204366331469748,-5.896776935738319,-7.9934352374355155
2019-05-24,3.7181382004665573,-5.886373386192241,-7.997018970397176
2019-05-27,4.7908780508929,-5.856029721008384,-7.644921578301604
2019-05-28,4.409193065101578,-5.718406479944718,-7.472997190008444
2019-05-29,5.762575199703635,-6.296984928784937,-8.484174099446202
2019-05-30,4.189912185710407,-5.894677545668873,-8.210960455651552
2019-05-31,3.075893922577967,-5.6894769451360325,-7.5842692007295875
2019-06-03,0.3092099835888147,-6.451684570324005,-8.861317477597519
2019-06-04,1.8906792468097176,-6.841019344208053,-9.189052324710833
2019-06-06,0.199885272956297,-6.373438777944274,-8.642738458477748
2019-06-07,1.563448298014087,-6.224822809921279,-8.76956342869542
2019-06-10,-0.15778667379327826,-6.127221295026954,-8.718019916923462
2019-06-11,0.0036419716947244662,-6.0070809324079315,-8.352791925959435
2019-06-12,-0.9079104415888258,-5.938287831454822,-8.059994608985876
2019-06-13,0.29037391790291717,-6.08536755029168,-8.326876271463648
2019-06-14,-1.1918736805437433,-5.938638658984708,-7.837698068823487
2019-06-17,-2.2972979919945526,-5.894653877182885,-7.987130103842518
2019-06-18,-3.4208818164855908,-5.749183647504377,-7.7637159170606695
2019-06-19,-2.9644759431012275,-5.603839500821247,-7.498423917320788
2019-06-20,-0.2547519920128576,-5.999409574352237,-7.943215814539789
2019-06-21,-1.0705587454671526,-5.937866048127363,-8.039244776162764
2019-06-24,-1.3755932186430226,-5.947641656273768,-7.988996940656312
2019-06-25,-1.7384758396289048,-5.887704802956713,-7.850355156811467
2019-06-26,-1.3480874951438846,-5.797569351480213,-7.8455473120127515
2019-06-27,-0.3410032628038625,-5.702894926506006,-7.4738758950929265
2019-06-28,0.38881542566832755,-5.590280711625133,-7.512415014542705
2019-07-01,2.4506264360309977,-5.762560149584971,-7.861014066677244
2019-07-02,2.13810247263892,-6.334479732053397,-8.63153593036006
2019-07-03,2.254357128957835,-5.643348106728814,-7.573005836014139
2019-07-04,1.61103305242202,-5.4658735942341385,-7.500298222524681
2019-07-05,0.9307633208599602,-5.542992665666302,-7.427037411397709
2019-07-08,-1.7170780677320603,-5.5211726221297965,-7.339206663560169
2019-07-09,-1.8747549867846849,-5.463717592062797,-7.280350061665598
2019-07-10,-3.1514045801254174,-5.587001125024025,-7.5741360788959025
2019-07-11,-2.2625982518363443,-5.438665472485561,-7.274083835373198
2019-07-12,-1.5855250383338504,-5.513169321376828,-7.626082326651634
2019-07-15,-0.4891919377782794,-5.496044204054471,-7.600847423591685
2019-07-16,1.7187976901007405,-5.498656339535202,-7.497191994858879
2019-07-17,2.993931951869183,-5.2989959356269285,-7.16448673019091
2019-07-18,0.2203566430293198,-5.243891462546868,-7.240253751639206
2019-07-19,-0.6252544875701389,-5.299425288766484,-7.092667726203957
2019-07-22,1.202641396951393,-5.760144517719181,-7.8660207224664465
2019-07-23,0.6259959309005707,-5.645188079561632,-7.596542371000464
2019-07-24,1.3252467265066126,-5.750570265111322,-7.671701768213842
2019-07-25,-1.139278456909252,-5.761463696675065,-7.678514949196138
2019-07-26,-1.226189326068765,-5.658650786947465,-7.4689834531133945
2019-07-29,-4.750268327119652,-5.764489756057267,-7.511940308752526
2019-07-30,-8.773988628188562,-5.682820257572486,-7.492022066642165
2019-07-31,-8.701215368213468,-6.200705221139375,-8.233908077765378
2019-08-01,-9.691832163226264,-5.9019488362093915,-8.154724977619662
2019-08-02,-7.8904538786013445,-5.934629677165768,-7.983296062160849
2019-08-05,-9.165821646376164,-5.760022838745456,-7.731988153909135
2019-08-06,-9.009918438195445,-5.791225913834088,-7.6163096899083325
2019-08-07,-9.922746702512448,-6.569704197128575,-8.670747850302309
2019-08-08,-6.7229096735212215,-6.5767707663479165,-8.542735729823633
2019-08-09,-7.086087553081175,-5.920728789431268,-7.919210748859425
2019-08-13,-7.126239290106436,-6.535507425516844,-8.800909741034554
2019-08-14,-4.431055030377379,-7.079915500492673,-9.552259157993722
2019-08-16,-5.268841498724938,-6.8302135360273635,-9.428868102486852
2019-08-19,-2.712675390443962,-7.371203646805315,-10.110719269550293
2019-08-20,-1.4102917154322052,-7.386182529130303,-10.084157313775213
2019-08-21,-2.1468304166502206,-7.378683025881876,-10.146710950758887
2019-08-22,-3.6567745866275656,-7.139028275968321,-9.312260333134915
2019-08-23,-1.101718671208945,-7.469496342353265,-9.970756425707084
2019-08-26,-2.680264182876899,-7.4181573251405775,-9.84700129258479
2019-08-27,-0.7346194843703597,-7.057402034700811,-9.259937132362447
2019-08-28,0.21159898841682756,-7.655743803523163,-9.942258738953958
2019-08-29,-1.821753392991028,-7.4785911379253385,-9.758826320028396
2019-08-30,-0.49960096604062976,-6.906156273014888,-8.943653581410935
2019-09-03,-1.9725298358934151,-5.969907656168714,-7.84099890712005
2019-09-04,-2.9203587698163824,-6.824486234055961,-8.985900580197049
2019-09-05,1.637916550059805,-6.987800624047627,-9.16759392604143
2019-09-06,4.102001593247408,-7.477584617820566,-9.718251839507834
2019-09-09,3.432173211749208,-7.32716899486302,-9.746976152344622
2019-09-11,5.15591675510187,-7.421114447291306,-9.777080343451967
2019-09-12,1.8767284394104804,-7.153324101645179,-9.336860966190425
2019-09-13,3.787253274761259,-7.303429577071035,-9.654974511547438
2019-09-16,4.265726179181766,-7.322775929564807,-9.765702907653585
2019-09-17,0.9333518089983861,-7.115304364614723,-9.325022029824796
2019-09-18,3.3377153559142134,-7.079077311248997,-9.185446756260447
2019-09-19,2.5728204211325383,-7.141917591729633,-9.435665863860955
2019-09-20,6.456454059221569,-6.855167405107504,-9.027010863664419
2019-09-23,5.223705547654397,-6.952557662878921,-9.094968211792933
2019-09-24,5.609031307502024,-6.848505669912329,-9.019318460315084
2019-09-25,-0.5552805653978217,-7.000019004103367,-9.388247726905991
2019-09-26,0.7864237960651782,-6.704560344830713,-8.883137966765812
2019-09-27,-1.6205795033203643,-6.745225718555387,-9.052392881506323
2019-09-30,-2.0117906798979015,-6.750117674201913,-9.053607470096285
2019-10-01,-2.1886828920581447,-7.075427055300817,-9.62962108576798
2019-10-03,-1.941356145732269,-6.946353918180381,-9.160980377231528
2019-10-04,-2.3283403731444947,-7.0331202469726435,-9.38635658307842
2019-10-07,-8.798483647971919,-7.911660858978383,-10.597524959070542
2019-10-09,-6.540992353637661,-7.911228378574534,-10.262434294241865
2019-10-10,-8.576698440231358,-7.727767291035732,-10.264463020013892
2019-10-11,-2.651240423769563,-8.479829955811065,-11.3004275384012
2019-10-14,-1.9306043122407048,-8.185347562916256,-11.01469797438314
2019-10-15,-0.4725391228436929,-7.809277139856743,-10.257406129192974
2019-10-16,0.34108649918674194,-7.899850374872395,-10.398451525847074
2019-10-17,6.291995958717145,-8.362691686981808,-11.105811480810514
2019-10-18,5.478552510745752,-7.941145669586437,-10.381849297971074
2019-10-22,1.3995550575999678,-7.8262380974508075,-10.36882819881796
2019-10-23,3.5221261237606556,-7.77526800513203,-10.274362070194565
2019-10-24,0.09642219522025197,-7.590659756689428,-10.373195175266899
2019-10-25,2.0671886232503045,-7.6962976130444956,-10.13969878066175
2019-10-27,3.8447032629720415,-7.793731728376166,-10.347002721117963
2019-10-29,7.296648839116035,-7.436809450541811,-9.950795818508547
2019-10-30,8.355643055362595,-7.225762824136046,-9.447029739967522
2019-10-31,12.319784014798906,-7.066915294708389,-9.414688591164532
2019-11-01,8.35981258801291,-7.284745306637336,-9.671376235018506
2019-11-04,8.625140330493759,-7.0473758052070465,-9.476879077602302
2019-11-05,13.729026528449523,-7.580015054126212,-10.332021767899805
2019-11-06,13.211750691456098,-7.122328373430574,-9.288119201210542
2019-11-07,14.256546081615245,-7.312331963047622,-9.622792710679237
2019-11-08,12.00137489510158,-7.521389611566891,-9.878454367842421
2019-11-11,8.210594414203612,-7.686012029817364,-10.133500579212738
2019-11-13,2.6604542093551196,-8.134764536789394,-10.928390785969489
2019-11-14,1.0885803134771292,-8.036945262477756,-10.943160876532838
2019-11-15,-1.3041636471239173,-8.68737011054222,-11.850184263396265
2019-11-18,-0.646004567732625,-8.332444269881956,-11.27010625154795
2019-11-19,-0.7053678191617151,-8.237943326418474,-10.90653665943271
2019-11-20,-1.0723956555456502,-7.998887819495623,-10.666628934527278
2019-11-21,-1.9790711008220079,-7.669213150390065,-10.37212093046604
2019-11-22,-2.78047221473426,-7.369850186016936,-9.933859407604123
2019-11-25,0.4549740399502671,-7.166746284805475,-9.858270103846943
2019-11-26,-0.7351669396831176,-8.016941946450395,-10.753613128485988
2019-11-27,2.3154939022817094,-7.679542049738315,-10.480474785193035
2019-11-28,3.064796063068085,-7.587311283852827,-10.322225541316566
2019-11-29,-0.10814429226007505,-7.436357786521993,-10.015696250480593
2019-12-02,-0.9626812788746049,-7.247485643279635,-9.764705288484254
2019-12-03,-1.6547268733219722,-6.884474599592901,-9.543282672223478
2019-12-04,1.3878821976845752,-6.99027948868549,-9.283381362783237
2019-12-05,0.577474111301698,-6.860756930974271,-9.139681643611977
2019-12-06,-0.09821973191577005,-6.483752506912934,-8.679555804263927
2019-12-09,-2.3336004374821346,-6.5814908352065595,-8.697987904913974
2019-12-10,-1.8278943493487096,-6.363321362427749,-8.56898225644714
2019-12-11,-3.0858480258334966,-6.2251813022694105,-8.508182925051615
2019-12-12,-1.7473394165844298,-6.107466212166557,-8.2358879813009
2019-12-13,1.7301801673403052,-6.066387290214882,-8.173104792415389
2019-12-16,1.4788739901244403,-6.0344152233703445,-8.008615569890758
2019-12-17,3.2617149894712956,-6.064114413374489,-8.016178290410135
2019-12-18,-1.0132370322688096,-6.229888653007593,-8.336071809601536
2019-12-19,0.7557025036986629,-6.181272464721374,-8.253644400845543
2019-12-20,3.0228918246164453,-6.728219876005444,-8.897098885306383
2019-12-23,3.4371107881082352,-6.545670344727999,-8.819534243017781
2019-12-24,3.41539866447621,-6.529070684496381,-8.68456066030921
2019-12-26,2.674621507577023,-6.5537282925064515,-8.568172889501332
2019-12-27,2.0542285145045476,-6.5926692309602,-8.621842524779234
2019-12-30,0.9835127555623104,-6.408182006833476,-8.447197403945509
2019-12-31,1.4888915550544874,-6.138448312107178,-8.137316135115174
2020-01-01,0.6245565238146876,-6.1748927066936705,-8.17159811093747
2020-01-02,3.699617726864775,-6.260080540867423,-8.16667909748868
2020-01-03,2.2416741968699156,-6.14854019587232,-8.033316193866696
2020-01-06,-0.2037598719632343,-6.023894607817265,-8.022232894099421
2020-01-07,-0.5369356987898672,-6.113855005630604,-7.960430233000497
2020-01-08,-0.6534368873151273,-5.855694478420351,-7.797292819514047
2020-01-09,2.2258248158547804,-5.930602340869919,-7.8298461390605505
2020-01-10,2.433841687386663,-5.7440289366180775,-7.587183811941111
2020-01-13,3.4597633946563953,-5.831628725549653,-7.686189937997061
2020-01-14,3.538451167453363,-5.83950179241812,-7.747428595126366
2020-01-15,3.3885089034733955,-5.774025033123155,-7.568611729744923
2020-01-16,1.7483803672262328,-5.7538369098308655,-7.648924236317976
2020-01-17,1.9814945170120124,-5.794158973593417,-7.66472970766847
2020-01-20,3.6688728359773672,-6.283253450820974,-8.284690227890362
2020-01-21,3.37452400432454,-6.177845008312823,-8.114859602430156
2020-01-22,3.411959460381155,-6.165692268977593,-8.018202470554945
2020-01-23,2.3970984600767107,-6.076005359198702,-8.016137297079782
2020-01-24,1.0416147727904606,-6.068385137410771,-8.042098479679847
2020-01-27,-2.0153845129133225,-5.947765937667774,-7.959364524278619
2020-01-28,-2.9484015195787245,-5.834850096469813,-7.8255032903270445
2020-01-29,-0.8399144975792723,-5.612421269357644,-7.575565552445772
2020-01-30,-1.9227391917164747,-5.548208548045021,-7.370747920832964
2020-01-31,-2.7913600636395977,-5.646702502273054,-7.419118980097161
2020-02-03,-4.315622233424058,-5.504687682376485,-7.423719066547397
2020-02-04,-2.1979514011041053,-5.354555273728435,-7.130917951874795
2020-02-05,1.0899170669537994,-5.359240075563874,-7.095743705861147
2020-02-06,-0.6341907146957231,-5.59266300605125,-7.304545659171923
2020-02-07,-1.2193360244407354,-5.306681266559245,-7.083646414507915
2020-02-10,-0.7111184839361304,-5.650859948581888,-7.416793807198099
2020-02-11,0.754344893153687,-5.421463281748826,-7.147625976969641
2020-02-12,-0.2156574502534776,-5.59205428551484,-7.3751231317664425
2020-02-13,1.9276809018989827,-5.667163470470805,-7.538391334035663
2020-02-14,1.9016860458544482,-5.7835479056951575,-7.684771445062302
2020-02-17,3.6427520751306233,-6.725102994671427,-8.872004045856425
2020-02-18,1.4861153711117931,-6.557030448479664,-8.727050452618972
2020-02-19,-1.0434068939459866,-6.660497485854505,-8.906651405653669
2020-02-20,-0.7204746597995317,-6.3844663543048545,-8.595285716482206
2020-02-24,-2.1379012908622337,-6.456791886198931,-8.52245051970975
2020-02-25,-0.6927525099575188,-6.356037806730727,-8.347287848166033
2020-02-26,-2.4749811698264237,-6.289586919535,-8.338799152623972
2020-02-27,-4.099034930526631,-6.200637285527287,-8.227645025503483
2020-02-28,-11.982215708532717,-6.1692716772358684,-8.151061708355062
2020-03-02,-12.683261698819924,-6.071707314909693,-8.07735439184305
2020-03-03,-10.877691556468646,-5.942925096511427,-7.976307016839719
2020-03-04,-10.772529198908662,-5.980216652881076,-8.027126413715912
2020-03-05,-10.63013657630321,-6.138058328732156,-8.18711714161068
2020-03-06,-15.546359352630981,-5.915385914370462,-7.928814533610758
2020-03-09,-19.046878009091284,-6.217867194672014,-8.149412778693586
2020-03-11,-22.27742910497717,-6.314985983824883,-8.30777706296627
2020-03-12,-30.743254699197472,-6.018378996864653,-7.994757319786941
2020-03-13,-26.545113006711624,-6.2640237334517,-8.279710379919468
2020-03-16,-27.158810209492128,-7.525249544752593,-10.128643950690664
2020-03-17,-28.221352523923898,-8.210677158202131,-10.775229276734244
2020-03-18,-32.44684381917909,-7.902091629037651,-10.52076312466952
2020-03-19,-34.59220568766898,-7.726819503565823,-10.151562007588709
2020-03-20,-28.426874054314915,-7.537900994805777,-10.097930066346148
2020-03-23,-36.010786155184874,-8.161147713467592,-10.944488566248404
2020-03-24,-24.510269262374766,-8.725632879291583,-12.119355536192543
2020-03-25,-18.809937457962697,-9.433199378186917,-12.787767443440076
2020-03-26,-5.789400742842082,-12.65130517916399,-17.40903251546363
2020-03-27,-9.555600455209241,-12.19207881846445,-17.066031062354696
2020-03-30,-4.625466821485038,-13.569455149670908,-18.759381955890742
2020-03-31,2.5110091471504066,-13.67814210793402,-18.468926287100484
2020-04-01,-0.06848384667365792,-13.11943057991988,-17.610199282608956
2020-04-03,-0.7500148624218825,-12.833173836784002,-17.601726939835586
2020-04-07,0.1377791347062809,-12.859345676195861,-17.666626744782892
2020-04-08,12.135881549462404,-16.329569884830523,-22.556224649263278
2020-04-09,8.544518144166679,-16.191490403144545,-22.16003778777909
2020-04-13,4.6976738511678215,-15.36329350449906,-20.94458912924002
2020-04-15,2.319086055373487,-13.918729104751982,-19.22353513854783
2020-04-16,2.493278126680428,-12.862442777301984,-18.19537809949068
2020-04-17,6.117548807297999,-13.378979919618413,-18.629333380108264
2020-04-20,3.4138086225091455,-13.242620273803807,-17.906976829219776
2020-04-21,4.870631526321814,-12.654006842021495,-17.558438892517213
2020-04-22,10.419980634799227,-13.350542739054612,-18.427925237041812
2020-04-23,3.173790325071414,-13.41234711812363,-18.161850949392836
2020-04-24,1.0303353702846696,-12.548960398723787,-17.004455432877872
2020-04-27,-0.17438430625515333,-12.152138319108898,-16.748372724569077
2020-04-28,1.289927381826285,-11.713753679160494,-16.175251170182644
2020-04-29,1.4918830848194118,-11.560147705614831,-15.7481687509105
2020-04-30,6.647082066094632,-11.252383282188253,-15.427350735897747
2020-05-04,-1.4043404936264379,-10.74925524530245,-15.013178458246896
2020-05-05,-5.51528908280536,-10.896019778775003,-15.096696756212028
2020-05-06,-1.5044223766644977,-11.00264399760612,-15.231193396999547
2020-05-07,-4.043402324164852,-10.961960987221357,-14.92332989017279
2020-05-08,-3.8945657330899848,-10.741906110754632,-14.868864853503684
2020-05-11,-0.14199186867018976,-11.019452720549756,-15.176489288568563
2020-05-12,-1.336413937980485,-10.636129725382563,-14.609849489452076
2020-05-13,-0.5002096882251796,-10.338126460566336,-14.227852209549546
2020-05-14,-4.706825909899564,-10.117072656297102,-14.043243076854763
2020-05-15,-10.128911394542179,-10.107531413769463,-14.333580275033274
2020-05-18,-5.830537025139909,-11.305700310440944,-15.955801364752697
2020-05-19,-3.459803878916004,-11.78246234842725,-15.965163513127118
2020-05-20,-2.760133315900247,-11.300189530442987,-15.645815790040073
2020-05-21,-2.4317699569913636,-10.857666988799238,-15.199003274789044
2020-05-22,-2.5376310578557324,-10.735469833326766,-15.115132524271727
2020-05-26,-4.063354774229394,-10.64827376090219,-14.535855499062624
2020-05-27,-1.2872259727386117,-10.500883217469402,-14.332165448433567
2020-05-28,-1.8016889439016617,-10.17006050921671,-14.10195132801247
2020-05-29,2.1138381880085246,-10.474791963462918,-14.590255542366856
2020-06-01,5.047612942357747,-10.316177882504029,-14.254752894333617
2020-06-02,9.974846462544082,-11.449447384509554,-15.620950099458652
2020-06-03,11.395755856119928,-10.878884020877091,-15.350834487116861
2020-06-04,10.606140702419125,-10.617341503371907,-14.442296109279349
2020-06-05,15.093078444851633,-10.204819801554148,-13.775703155296311
2020-06-08,16.510905393781492,-9.997792132690185,-13.768399589782726
2020-06-09,15.513965597625214,-9.597725019433234,-13.19135814530091
2020-06-10,13.285734092294827,-9.783136370014136,-13.433904634134207
2020-06-11,9.195525222267563,-9.37733278017849,-12.539432004610829
2020-06-12,8.033651011942686,-9.32774177836417,-12.722139146617947
2020-06-15,2.6931853583843424,-9.505606336626965,-13.066481490910393
2020-06-16,-0.6872825171695363,-9.451143548217475,-13.099811882099454
2020-06-17,-1.5715377074575776,-8.943730546504012,-12.084090551380836
2020-06-18,-0.20371466281451678,-9.087865392837326,-12.42891708144315
2020-06-19,-2.0759105988401085,-9.63479095623772,-13.407101003708634
2020-06-22,-3.378950875090667,-9.2898047351428,-12.37623966514149
2020-06-23,0.28395436442709077,-9.034612282112969,-12.714226721500122
2020-06-24,-1.7066884181939828,-8.894903746066273,-12.34601057036121
2020-06-25,1.3792737855108155,-9.200346019093908,-12.34154228107111
2020-06-26,2.4769257897178925,-9.095297334467036,-12.270330969938973
2020-06-29,3.4074790521371208,-9.185536995786,-12.172333924687532
2020-06-30,4.293808970854,-9.071155888966276,-12.031715233250367
2020-07-01,5.259622639895966,-8.951347056607032,-12.008170997769819
2020-07-02,4.755348968979435,-8.83609886047167,-11.841984625508355
2020-07-03,3.1536973958765975,-8.724388217754994,-11.729148076675544
2020-07-06,4.31579531478263,-8.696757201009671,-11.889845738610024
2020-07-07,2.99130560486026,-8.831278223413129,-11.835605120825342
2020-07-08,3.780841089124227,-8.803940782887626,-11.478461564094093
2020-07-09,5.3228652348153975,-8.901473564785087,-11.559924332173575
2020-07-10,4.825463052444022,-8.681692262509685,-11.268699978209721
2020-07-13,6.9328924482842424,-8.923058468505365,-11.970025087522124
2020-07-14,4.9168524457735545,-8.397897350084161,-11.16047366964681
2020-07-15,4.816525737370709,-8.483592838375642,-11.51538036298815
2020-07-16,6.62588671972529,-8.438869139398026,-11.78187102362225
2020-07-17,7.1825450198809015,-8.140170212677493,-11.27980538900958
2020-07-20,6.350029931438444,-8.306293489931814,-11.029832974824341
2020-07-21,6.580628751437919,-8.034551757719667,-11.386720111010042
2020-07-22,4.910012767013342,-7.961594043755647,-11.410933193412653
2020-07-23,3.829325090281132,-8.063280509050939,-11.458836285025336
2020-07-24,2.5997157405715563,-8.356233305700929,-11.549540866633258
2020-07-27,1.6270201200183045,-8.229817259588584,-11.119466891599107
2020-07-28,6.00817451537128,-8.004741566419776,-10.900373022342563
2020-07-29,4.566764275287304,-8.525995250968295,-11.813479829730818
2020-07-30,0.6348881503486616,-9.039042980476792,-12.32126656238664
2020-07-31,0.4301794156375798,-8.715144972220823,-12.135165418503995
2020-08-03,1.3404969215880123,-8.714289673371983,-11.99359473537415
2020-08-04,-0.5578695301198678,-8.681186796221471,-11.861518945809166
2020-08-05,2.4726720056644624,-8.43144239821494,-11.49126161652704
2020-08-06,3.35977895744547,-8.38888984647687,-11.608004300270517
2020-08-07,4.1489532266029,-8.40340116222963,-11.402369869855594
2020-08-10,5.81546281363994,-8.41919426371279,-11.766728923231582
2020-08-11,3.570083673997367,-8.442980951172077,-11.635800806545182
2020-08-12,5.503561098956203,-8.326142631695088,-11.396808333168698
2020-08-13,7.626618847150999,-7.997658875047191,-10.597392309155406
2020-08-14,4.2794741448217275,-7.1100762449382495,-9.958734907278236
2020-08-17,2.2503313636986126,-7.49881254846537,-10.389822465987
2020-08-18,4.08983948372412,-7.35013706597992,-10.245673536765619
2020-08-19,3.121084498731065,-7.734348544146493,-10.610224026120216
2020-08-20,0.7180936127373025,-7.600499657261518,-10.414874773389979
2020-08-21,1.2195693942062322,-7.682502367229258,-10.63703469351642
2020-08-24,0.18280342460265958,-7.772743830991265,-10.633828700361352
2020-08-25,1.9298040158474197,-7.681108058302788,-10.455114667686408
2020-08-26,2.928875123001487,-7.428708907293148,-10.2616262154873
2020-08-27,3.6044357379141294,-7.45421195253718,-10.22949565610004
2020-08-28,6.038222764307037,-7.474139861009732,-10.416989128805712
2020-08-31,4.345795449781315,-7.622977669193519,-10.455124614395451
2020-09-01,4.147577812381452,-7.503194110080947,-10.409609828553101
2020-09-02,5.365952452778578,-7.332514376043497,-10.158499818548535
2020-09-03,6.733810796789679,-7.116996103705685,-9.817497105794107
2020-09-04,4.346635267069292,-6.928245934631379,-9.442475024518927
2020-09-07,5.055756444685718,-7.266258588871955,-10.023436702974669
2020-09-08,1.9563379346845893,-7.294054374118552,-10.258439376003796
2020-09-09,-2.6576881562976378,-7.40765558752254,-10.073351799740088
2020-09-10,-2.9002598568192903,-7.4765054631627414,-10.607766009910613
2020-09-11,-1.9689769818791047,-7.7408709312451505,-10.906466307145287
2020-09-14,0.6505881772708022,-8.54912409220989,-11.914727051783334
2020-09-15,0.007424751325448065,-8.434144658419068,-11.739391315390888
2020-09-16,0.052984284981087204,-8.370639107850057,-11.518870200181349
2020-09-17,-1.057788717036732,-7.942542161447988,-11.106853671192424
2020-09-18,0.11679938494783715,-8.183520336311592,-11.25665417456086
2020-09-21,-4.185864980888052,-8.03986586147912,-11.223008932147753
2020-09-22,-3.5921617022903356,-8.08279404141785,-11.201152180738896
2020-09-23,-1.6509140594438023,-8.279959555272685,-11.371140784272006
2020-09-24,-6.720769759532852,-8.106517822600368,-11.002357584848376
2020-09-25,-5.074952494115253,-8.006956827708313,-10.770570999800936
2020-09-28,-4.165536976976286,-7.8395085615446485,-10.683296546790192
2020-09-29,-5.3765542958673995,-7.471739012101315,-9.81706483061242
2020-09-30,-5.592096849562071,-7.360496344516294,-9.639426021942624
2020-10-01,-3.4153217780429594,-7.357266801970783,-10.011903379103863
2020-10-05,-1.709116745259966,-7.317335030041492,-9.607528354184913
2020-10-06,4.112409831227338,-7.8986292398084235,-10.847769160068717
2020-10-07,4.8135013374782805,-7.72883279421768,-10.565586868146788
2020-10-08,5.815087020271907,-7.741097572691402,-10.448770265693547
2020-10-09,10.028562720337467,-8.157405879459423,-11.311975853039641
2020-10-12,7.332318776080332,-8.438832463987195,-11.455007096907645
2020-10-13,5.633405995348413,-8.08850351141277,-11.079709274729206
2020-10-14,6.234835525427197,-8.015688851876732,-10.954337241219163
2020-10-15,3.1276082962062057,-8.178019558831648,-11.041143154234097
2020-10-16,2.8477039164607656,-8.12730217197898,-10.962266253151114
2020-10-19,3.4186541690030383,-8.101452722146762,-10.885733129291355
2020-10-20,1.228216133837548,-7.947940682536504,-10.8628118626469
2020-10-21,1.7962111179389877,-7.536014663089217,-10.346122714100094
2020-10-22,1.1462322285542206,-7.547046225129578,-10.52153973109863
2020-10-23,0.9660685751126751,-7.66301346288453,-10.554625321450043
2020-10-26,-0.5022665652742867,-7.484936035398116,-10.280525047407476
2020-10-27,-0.6230266810442502,-7.552348074832491,-10.269465621334858
2020-10-28,-1.3228831993816899,-7.478226343598424,-10.175695446022033
2020-10-29,-0.28034093560462536,-7.43632291410659,-10.284857213702201
2020-10-30,-1.9682239959147747,-7.443059887747781,-10.391463629950643
2020-11-02,-2.148765513968315,-7.311637070827737,-10.326299392841433
2020-11-03,-1.61192798790667,-7.082832825395888,-9.772982522623204
2020-11-04,-0.5484950419882921,-7.063897618363814,-9.563312330498116
2020-11-05,1.5533160628661455,-6.781565190431923,-9.3047081151453
2020-11-06,1.6632537151854507,-6.734682524018782,-9.174863713801551
2020-11-09,4.37022280439977,-6.843501784511175,-9.27326451729109
2020-11-10,5.895265169565948,-6.866043312100513,-9.411090462577462
2020-11-11,8.657014723914557,-7.186063364333097,-9.640973749756979
2020-11-12,9.801500697069692,-7.134410740185153,-9.540216481967633
2020-11-13,10.068483591756042,-6.923525346089277,-9.585098683887148
2020-11-14,9.5425400301572,-6.975191023042844,-9.67813166604519
2020-11-17,10.931339027888153,-6.986341387893082,-9.5859259028632
2020-11-18,12.260160296487602,-6.786533701664948,-9.343080458943144
2020-11-19,7.4476484059366825,-7.050871378175146,-9.623049110529113
2020-11-20,7.549171389356753,-6.704169119388929,-9.123761846516787
2020-11-23,6.91060622677608,-6.550390555889109,-8.940035452095717
2020-11-24,6.7221133334810474,-7.044103366471844,-9.590411348585759
2020-11-25,4.007771888704676,-6.990372696876295,-9.46500695223366
2020-11-26,4.912980271215375,-7.281988581584012,-9.949041659938713
2020-11-27,5.695816044869114,-7.186135725484933,-9.782661695839982
2020-12-01,6.1069503113885295,-6.664763825009683,-9.176626593144112
2020-12-02,4.383107810873198,-6.84865080306816,-9.287869985601397
2020-12-03,2.311500534333417,-7.150452149496313,-9.95169221112166
2020-12-04,6.132243665975042,-7.487293982910195,-10.461420427968546
2020-12-07,7.11931359865734,-7.357352306385028,-10.158735432584464
2020-12-08,6.613127820816562,-7.240673297310827,-10.057939537651498
2020-12-09,6.355555830936034,-7.053764719712063,-9.752833490043908
2020-12-10,7.0079608861123015,-6.799533042460793,-9.580472260473755
2020-12-11,6.867516913142169,-6.6349657196180845,-9.207058554585663
2020-12-14,6.52120553849388,-6.848685305855018,-9.49786244573805
2020-12-15,4.5276399941672345,-6.792466118103086,-9.399163151967981
2020-12-16,4.8534869207681215,-6.761112766859979,-9.241466980458066
2020-12-17,3.486588684588434,-6.6541736048755595,-9.259378887536448
2020-12-18,3.0885266733438272,-6.688167398443664,-9.280059154103569
2020-12-21,-2.8790622400499877,-6.65687547184947,-9.26073048544296
2020-12-22,-1.824203819974978,-6.435059452703943,-8.955403902293991
2020-12-23,-0.16648899695885033,-6.412664525240149,-8.94086951837664
2020-12-24,1.4809939002006796,-6.369519734211432,-8.941085801380144
2020-12-28,3.03102756174049,-6.231474456235979,-8.686435147472487
2020-12-29,3.056951809419325,-6.085103797954798,-8.473057977407109
2020-12-30,4.130154192150307,-5.9444271297202835,-8.139968246362342
2020-12-31,3.0912902727000424,-6.060870371174285,-8.237737161296582
2021-01-01,4.582981198881503,-5.922899748548982,-8.262465079233756
2021-01-04,5.27976942303668,-6.057714360225032,-8.304959788222693
2021-01-05,10.415614189612137,-7.4717992236237905,-10.360177926218713
2021-01-06,9.136374384032406,-7.4621103746585264,-10.38350154351494
2021-01-07,6.180497850967453,-7.457675177327371,-10.308654863229544
2021-01-08,6.080678363429643,-7.210956861644625,-10.158404152467215
2021-01-11,7.894807244288405,-7.207851763501289,-10.242406250485862
2021-01-12,9.996641933917,-7.277370177268635,-10.080025303911457
2021-01-13,11.763502608369935,-6.869658151886098,-9.58420661127515
2021-01-14,12.183387028838066,-7.0393447110197656,-9.745407732345253
2021-01-15,11.670446068794414,-6.762703406390587,-9.204309410494714
2021-01-18,6.917550139080646,-6.701896361644844,-9.283652105698856
2021-01-19,8.27561961022215,-6.441274183040028,-9.198203605486018
2021-01-20,10.474832516784625,-6.368140886408814,-9.040634905469972
2021-01-21,11.842111935202995,-6.270628991639443,-8.913014566524843
2021-01-22,9.994370054213682,-6.716389778950137,-9.29766584000815
2021-01-25,4.490319895788545,-6.774134466713368,-9.44033336863908
2021-01-27,0.2965838702643522,-6.558834592257162,-9.233827886350761
2021-01-28,-2.5531413264784613,-6.945532937451789,-9.762150203190489
2021-01-29,-4.366486938927985,-6.645560362242751,-9.398197896538546
2021-02-01,-0.38271364242169703,-6.662479472582038,-9.297021843258046
2021-02-02,7.909664645735973,-7.015485298531395,-9.720337116610537
2021-02-03,7.07947965864074,-6.96871609567792,-9.586373712845125
2021-02-04,5.930605519082216,-6.995940044216242,-9.581468764697902
2021-02-05,6.924562590836583,-6.930011823679924,-9.654429054813784
2021-02-08,9.572010515441292,-7.091159502388487,-9.756618292249579
2021-02-09,9.952081613622017,-6.903417515234855,-9.55182223377359
2021-02-10,12.214119986644608,-7.180514391350349,-9.926435130693891
2021-02-11,12.928134106365183,-7.206519886845269,-10.027049590905397
2021-02-12,14.789500044830984,-7.365158684639962,-10.184475611628189
2021-02-15,11.716605786579455,-8.04122240435564,-11.232262637311159
2021-02-16,5.2606252229108215,-8.781992500803199,-12.292281894188047
2021-02-17,4.172618150195653,-8.429159032708663,-11.710345592594356
2021-02-18,2.8625155617247553,-8.797990317116964,-12.407571797919811
2021-02-19,-0.535015869524935,-9.935501114992713,-13.928366102065043
2021-02-22,-4.467739935229697,-9.563142424441338,-13.723211549736474
2021-02-23,-1.21332328829034,-8.940917312116017,-12.613048792012028
2021-02-24,-0.753978492921757,-8.646391568737227,-12.177001366808435
2021-02-25,0.21265435860295756,-8.011826026536742,-11.045779645299097
2021-02-26,-2.734887874274917,-8.128270297704839,-11.281231639577195
2021-03-01,-2.7813439274223875,-8.012806569256242,-11.270419819663458
2021-03-02,0.7788718809919504,-7.498228856008741,-10.476952454556926
2021-03-03,2.467803402911067,-7.4918688157122615,-10.433608356616089
2021-03-04,1.2506771392851554,-7.06428786935649,-9.600074819345926
2021-03-05,0.7440808774105401,-7.4721924427267,-10.56783584551323
2021-03-08,2.781730485663483,-8.047683053435616,-11.111311974443543
2021-03-09,0.5373302189270595,-7.737176550853578,-10.450198927179008
2021-03-10,1.148582822928235,-7.655246178987307,-10.587930754185512
2021-03-12,-0.4898057508957505,-7.432752182961505,-10.315869476162261
2021-03-15,2.4520206912991673,-7.876049924893599,-10.875592306437305
2021-03-16,1.6510241205000573,-7.694119071498244,-10.68035433764269
2021-03-17,-2.696806574190465,-7.579675868723119,-10.688801990056694
2021-03-18,-5.50337890902092,-7.590138202730358,-10.497011855908724
2021-03-19,-2.3925978070924447,-7.247900561598264,-9.698400420485534
2021-03-22,-0.19182660581256522,-7.345051487396054,-9.8021816319915
2021-03-23,0.2551629690827824,-7.58068087324197,-10.247204302197808
2021-03-24,-2.07802060837844,-7.4830304851480225,-10.10559390550811
2021-03-25,-5.682057430522135,-7.033759699466079,-9.644452291859773
2021-03-26,-2.803981941496977,-7.017429121096035,-9.64215519419434
2021-03-30,-1.0471251780055555,-6.8252164827216095,-9.34740692648029
2021-03-31,-0.7034064496782029,-6.797286984856442,-9.368230564532926
2021-04-01,2.1644522109445097,-6.844768304804019,-9.124954285940916
2021-04-05,1.9482806349322679,-7.198989033481362,-9.706964415131138
2021-04-06,0.7035283763557854,-7.136869760492371,-9.806676725727044
2021-04-07,1.413908222909583,-7.226920677514038,-9.739256464096846
2021-04-08,1.3325646943614702,-6.744204314219244,-9.216346137296432
2021-04-09,4.663151980222778,-7.136143851973094,-9.720112606247596
2021-04-12,2.2224646803703196,-7.505869169197469,-9.994353268091407
2021-04-13,1.923510043077643,-7.270390000421344,-9.467557225854149
2021-04-15,-0.5597524441450501,-7.559115794761349,-10.096170789920087
2021-04-16,-1.0455118017292,-7.24158206710918,-9.88419149026566
2021-04-19,-3.3623094619005927,-7.2438642165515255,-9.836260953272525
2021-04-20,-3.1477863548652083,-7.630255012265055,-10.306801602017407
2021-04-22,-3.8118682546151135,-7.490584128230974,-10.170745345277474
2021-04-23,-5.51630168990635,-7.4220031973149245,-10.14629351576764
2021-04-26,-4.576701681717915,-6.961472978663392,-9.330146551333177
2021-04-27,-3.9938724707175832,-6.830668440023802,-9.209741962578898
2021-04-28,2.3077240632335023,-8.380316905520667,-11.614367598400783
2021-04-29,0.013057241468839464,-7.7956533315686745,-11.024162671317232
2021-04-30,-1.2603600152839474,-8.042962035993844,-11.051369066419957
2021-05-03,-1.1894824189928754,-7.762797141662319,-10.704050691455919
2021-05-04,-0.43551182039529734,-7.691438358243763,-10.36394251790306
2021-05-05,1.1240472888505548,-7.427364014758527,-10.057070064470514
2021-05-06,2.549717909235985,-7.466563562601712,-9.874170036079693
2021-05-07,3.7480117184218225,-7.569287053642783,-10.315113836149848
2021-05-10,3.5058236970932874,-7.35885219370435,-9.773205457387098
2021-05-11,1.8464084271990397,-7.448794837499756,-10.149263678373538
2021-05-12,0.5251779935506948,-7.339697820227998,-10.193535739198557
2021-05-14,-0.15313046641114303,-7.410056178175332,-10.081876906719753
2021-05-17,4.000399919516637,-7.399818919297306,-10.219241651068641
2021-05-18,4.741963690820712,-7.192301698968396,-9.509278784962062
2021-05-19,3.948037379636709,-7.178410021119625,-9.899969496204145
2021-05-20,2.748994988754859,-7.237478652380443,-9.665309484907727
2021-05-21,3.5617266564603796,-6.880465961797947,-9.130074955206055
2021-05-24,3.368666394094187,-7.0207641338950415,-9.521093421832374
2021-05-25,2.7862570351462876,-6.936264677448952,-9.5043746819681
2021-05-26,3.8573228098636747,-6.706914988271011,-9.045923237889332
2021-05-27,4.4098268844309025,-6.660129385661643,-9.069319813570385
2021-05-28,5.50173826166104,-6.7994638427215355,-9.173363338882933
2021-05-31,3.4392180219089075,-7.517620405124316,-10.417631844470517
2021-06-01,2.9527437936544048,-7.44884001786483,-10.239782007198762
2021-06-02,4.916391180239228,-7.171739436126325,-9.531529428391986
2021-06-03,6.3886532000734695,-7.103325986018826,-9.346656110217234
2021-06-04,4.479841700494189,-7.426773728459427,-10.25846421707033
2021-06-07,5.045556774583977,-7.499205860671699,-10.221539177751994
2021-06-08,5.2768299306035935,-7.138963708867387,-9.85452639943687
2021-06-09,3.428061846712903,-7.230865123232105,-9.870865747644519
2021-06-10,3.828185793020112,-7.261361715653689,-9.962060067360973
2021-06-11,4.544583190276153,-7.130089259474413,-9.671645081813198
2021-06-14,4.973261239802337,-6.756028970280567,-8.990938520625456
2021-06-15,4.684191342080908,-6.856530157706143,-9.363715924356992
2021-06-16,4.014578194165323,-6.89112685980312,-9.30721849039612
2021-06-17,2.943437950937623,-6.733401929291143,-8.929680239712859
2021-06-18,2.6368561633008127,-6.718010933341696,-8.954341048786166
2021-06-21,2.342165577648138,-6.594273093740303,-8.881588718543687
2021-06-22,1.6445630558828177,-6.826687603386203,-9.39768282488279
2021-06-23,2.221590592570498,-6.351816358140549,-8.518619960765044
2021-06-24,1.9568994958342951,-6.365941640851683,-8.56794222245463
2021-06-25,2.2909063615620977,-6.580417965396136,-8.97047227221985
2021-06-28,1.6535756671262276,-6.344970103167369,-8.837951055737088
2021-06-29,1.2249753982127827,-6.279981890263525,-8.363965426330285
2021-06-30,1.1798318583602028,-6.350697905845676,-8.540222305123603
2021-07-01,1.5887186456566473,-6.178316659020873,-8.485402687928868
2021-07-02,2.3309426241700377,-6.289071936248286,-8.498836242569185
2021-07-05,2.74874965556723,-6.292415395486679,-8.569130917933627
2021-07-06,-0.3096852107814976,-6.131957880538223,-8.223275655369946
2021-07-07,0.44375007143209205,-6.213514136720854,-8.578273307232884
2021-07-08,-2.18474584359174,-6.185359936684647,-8.362885105240446
2021-07-09,-3.0314734580270652,-6.358944081028626,-8.900808703566163
2021-07-12,-3.227383710939062,-6.277308435723636,-8.863564871749162
2021-07-13,-2.7575242220345206,-6.22475231355736,-8.413423935962788
2021-07-14,-2.258751158129225,-6.068632207697639,-8.199663819483897
2021-07-15,-2.283174521291963,-6.12876187066376,-8.53752334697957
2021-07-16,-3.1490705057826025,-5.865434618011403,-8.09038051688458
2021-07-19,-4.6407530020090375,-6.134235604465592,-8.538125670334855
2021-07-20,-2.290081300961803,-6.477424077549644,-8.991791711600657
2021-07-22,-2.4652358917073927,-6.442601988905405,-8.842293579027201
2021-07-23,-1.0960417659251978,-6.477672186133004,-8.88067852063042
2021-07-26,-1.5466418420419976,-6.473052289739228,-8.542299658157468
2021-07-27,-1.3894081717032278,-6.35883346034852,-8.692745451180967
2021-07-28,-2.259592760545515,-6.29901168671415,-8.7105875261017
2021-07-29,-0.9960508040115152,-6.201643846887385,-8.20819909038022
2021-07-30,-1.7110278346412051,-6.320757715415421,-8.398153847317012
2021-08-02,-0.5974069125002227,-6.201719551599007,-8.29762837772192
2021-08-03,2.19197880869617,-6.135222457087775,-8.338331306846328
2021-08-04,2.671528178869657,-6.464540056574571,-8.590181908616898
2021-08-05,1.670264292928865,-6.904861813861294,-9.41428941999188
2021-08-06,1.8318073929264627,-6.574743139111142,-8.85854944327506
2021-08-09,2.2954310434909324,-6.452400656736768,-8.778031214335355
2021-08-10,1.59072490312192,-6.352311357836584,-8.599123247250235
2021-08-11,2.4995265535499875,-6.428546984344181,-8.490814899484016
2021-08-12,1.9716872454134875,-6.452265395899022,-9.152510355362603
2021-08-13,3.3538629662851305,-6.589052663301654,-9.238267392587984
2021-08-16,2.0613846209472153,-6.275228949293378,-8.464526169473883
2021-08-17,0.3288062257481725,-6.247693305733383,-8.478462456331334
2021-08-18,-0.1664301707899571,-6.132686141888651,-8.318581847152494
2021-08-20,0.3070781157517598,-6.497148270694595,-8.588006004023017
2021-08-23,0.38234201777130994,-6.3742164757351825,-8.878984106716574
2021-08-24,0.8164503817904996,-6.231685052065506,-8.638579001943807
2021-08-25,2.022401521742262,-6.250014689350063,-8.62701939950262
2021-08-26,1.4744835326119974,-6.165131858649603,-8.489224676843106
2021-08-27,0.5151982398657948,-6.044893690646991,-8.289043553634249
2021-08-30,0.8014122587781748,-6.148977031895784,-8.261936702631834
2021-08-31,1.6059617102622723,-6.146506381595939,-8.345326148537497
2021-09-01,1.7415771937745474,-5.901379306453146,-7.9803172616246085
2021-09-02,2.9090729049709703,-6.049226405454316,-8.393275353895355
2021-09-03,3.4473217258102107,-6.390232143230661,-8.579656777964434
2021-09-06,4.299715167473392,-6.315195142789146,-9.005174408736032
2021-09-07,3.0980793180439,-6.349384603548062,-8.763017922420655
2021-09-08,2.641746074751905,-5.927748089956969,-7.907492109236735
2021-09-09,3.3237964472272825,-5.901035530886936,-7.904934682334156
2021-09-13,3.2668846851936926,-5.692209123072269,-7.785948840172721
2021-09-14,2.2960003906667428,-5.4877801065752685,-7.553229702676683
2021-09-15,3.62115802870023,-5.334407184870783,-7.336040165279131
2021-09-16,3.927330155590518,-5.528106971861751,-7.432726746089415
2021-09-17,1.9810274612298653,-5.66555115856243,-7.977246915396608
2021-09-20,0.747485013331328,-5.538988795733765,-7.9084319099972475
2021-09-21,0.9323508500413475,-5.5050013389044405,-7.707083232631326
2021-09-22,2.0544303794626875,-5.3783256080630775,-7.585294154367607
2021-09-23,3.727382667346275,-5.363772837359707,-7.5263953229760325
2021-09-24,2.4941528924862877,-5.33607031289378,-7.451123061053689
2021-09-27,2.918744916756325,-5.164417745999653,-7.339052353376579
2021-09-28,2.165612603925185,-5.136489592866112,-7.2782015943031055
2021-09-29,1.2111148123278874,-4.9792757519859485,-6.887387414753235
2021-09-30,0.09127188792418456,-5.470492046933248,-7.525073139714635
2021-10-01,1.2324218547874048,-5.523628658373694,-7.59468018145267
2021-10-04,3.61499590606238,-5.9440674196592225,-7.977137254728511
2021-10-05,3.446056244201535,-5.720510452484332,-7.764564869416929
2021-10-06,1.4939568471940725,-5.493779483102347,-7.622736464036432
2021-10-07,2.607861544165915,-5.581178330396178,-7.788360931350291
2021-10-08,4.046966168761335,-5.813060767471821,-8.14633337365468
2021-10-11,5.842969693197196,-5.820862840622501,-8.177851546287442
2021-10-12,7.716267547808758,-5.342465707055109,-7.473924422922961
2021-10-13,11.751640336846602,-5.6118333703868,-7.671910717199631
2021-10-14,12.118245283330905,-5.418792250098685,-7.4241390306603865
2021-10-18,14.424835717405067,-5.4076239925679195,-7.46772565831287
2021-10-19,10.606955034925928,-5.415958192990634,-7.571168258538801
2021-10-20,9.791151634377465,-5.398438454023014,-7.612893080320235
2021-10-21,11.540590809997099,-5.5148630018192675,-7.5581056159614235
2021-10-22,7.298920555623191,-5.643905535724939,-7.896300563559678
2021-10-25,6.112577328402627,-5.916251199745772,-8.42230129549704
2021-10-26,5.7599451796609245,-6.524203235125092,-9.10504585901803
2021-10-27,4.264521164499194,-6.5993775576712075,-9.160705918982778
2021-10-28,-2.5675333198379557,-7.987166763947689,-11.16617872705797
2021-10-29,-3.006651929095173,-8.129043683073764,-11.454867644086601
2021-11-01,-3.71157529678176,-7.622755154789474,-10.792713739536566
2021-11-02,-0.714030487553635,-8.239662288975053,-11.86011810977251
2021-11-03,-0.4915416772034173,-7.8197498902083336,-10.80683892751603
2021-11-04,-0.0969368920530449,-8.291868514744131,-11.621878496950833
2021-11-08,1.920853350843613,-8.19805345421874,-11.248029619028312
2021-11-09,3.2249174183632623,-7.709652005561346,-10.747511993037104
2021-11-10,0.8242629607461431,-7.835679233964787,-11.40314374720932
2021-11-11,-0.33793694026266685,-7.5476265313563555,-10.536620931896492
2021-11-12,3.064413871454213,-7.782156525235223,-10.803072314036102
2021-11-15,3.3743265406539225,-7.597056732662278,-10.882959937170016
2021-11-16,1.95746210681079,-7.608798139129145,-10.869745437983386
2021-11-17,1.9204974613473176,-7.332067143280054,-10.475522061487013
2021-11-18,1.0709059072630527,-7.182704625112053,-10.194281411220915
2021-11-22,-1.9772730276882624,-7.196478415510449,-9.864739269553567
2021-11-23,-2.1813637375079598,-6.793663667934646,-9.620325562108626
2021-11-24,-4.076423737955217,-6.592225250120552,-9.073651522936172
2021-11-25,-3.3594699438316296,-6.71471140415029,-9.392417815175081
2021-11-26,-5.285597435384995,-6.638202523606583,-9.453454687870748
2021-11-29,-6.730074531252717,-6.316136759732039,-8.681684284482737
2021-11-30,-7.006754665423614,-5.9193162349406165,-8.381100984942286
2021-12-01,-4.978295384585376,-6.009428120894486,-8.178454249953656
2021-12-02,-4.2524618052728975,-6.122184326019874,-8.376442844997122
2021-12-03,-4.276392917182695,-6.465999030754709,-8.789355903593963
2021-12-06,-3.9018551999735145,-6.550926616256365,-8.939355757208139
2021-12-07,-2.679952126327073,-6.761274554625468,-9.366612320864979
2021-12-08,0.6551937340009153,-6.524459705847094,-8.72244356171392
2021-12-09,0.4534509243583175,-6.272432078401362,-8.624446473714531
2021-12-10,4.003455519917685,-6.805929631873222,-9.442421765219787
2021-12-13,3.395172971409135,-6.672610864101424,-9.25411452811645
2021-12-14,3.678675104956267,-6.512614259788491,-9.515196814653232
2021-12-15,1.3665692792409871,-6.728701485439382,-9.412962687996366
2021-12-16,0.42357621819403973,-6.3471565098350755,-8.721128598881482
2021-12-17,-0.8456172583601054,-6.43944147472698,-8.950563325459814
2021-12-20,-0.9083330824338276,-6.792632890794723,-9.455433717806086
2021-12-21,-2.283781690074272,-6.892395545134619,-9.53064014068448
2021-12-22,-2.7828129272275817,-6.823198177859122,-9.05913660618542
2021-12-23,-1.6516907688768516,-6.704958266765522,-8.883275827176552
2021-12-24,-2.328217680671149,-6.7901861157050885,-9.270049961369907
2021-12-27,-1.1743180153152721,-6.614779640234095,-9.298543612021412
2021-12-28,-0.14722783296313668,-6.382366627118287,-9.020639349474488
2021-12-29,-0.4881969774151397,-6.178085077811912,-8.393246525142827
2021-12-30,-0.8701684466965421,-6.381329038923036,-8.85891512981059
2021-12-31,2.56181228401479,-6.808308825629365,-9.49951362998145
2022-01-03,6.194557933011618,-6.965199006660113,-9.436425426702703
2022-01-04,6.48140982121888,-6.788835220734989,-9.818077519536894
2022-01-05,4.674671591505398,-6.699685383519173,-9.677398024766996
2022-01-06,2.8525299253723904,-6.685328307448098,-9.668066089836763
2022-01-07,3.6057865799116606,-6.5061396337287665,-9.342509966615594
2022-01-10,4.957634377887333,-6.341299038061177,-9.04467400367342
2022-01-11,3.960707766737413,-6.400302855723025,-8.973392566731508
2022-01-12,5.50634514937654,-6.248833253316587,-8.795074339179681
2022-01-13,6.203844687303342,-5.95294747415961,-7.9909653354839945
2022-01-14,4.442684049463095,-6.125595946987589,-8.44578451179593
2022-01-17,4.366925253375642,-5.892229194527535,-7.868312904103341
2022-01-18,2.186329478127725,-6.120109439158638,-8.477580619287659
2022-01-19,1.8809653920972047,-6.1404168892676925,-8.620975170462465
2022-01-20,1.0068739753916298,-6.0760139323701745,-8.554642848599848
2022-01-21,-0.21149846012370999,-5.9075644360410235,-8.479394178501535
2022-01-24,-4.655725152550665,-6.050728755998148,-8.78000817983042
2022-01-25,-2.789088716046895,-5.5755966282905,-7.807621025961198
2022-01-27,-3.7916930252415773,-5.430767772446996,-7.501929115423547
2022-01-28,-4.474338990278568,-5.411451716820461,-7.702873537905267
2022-01-31,-1.7939566003897927,-5.497930729635555,-7.429684044964888
2022-02-01,-3.2819690553660448,-5.6048655263198714,-7.837341194802859
2022-02-02,-0.8850793315471744,-5.550620144277112,-7.836733578984001
2022-02-03,-1.5566793949321518,-5.7863237466551585,-8.21328799337111
2022-02-04,-0.5040827378458421,-5.661417040591397,-7.683641789146897
2022-02-07,-0.6385587322810244,-5.9974892004668865,-8.146745581222376
2022-02-08,2.0459388881438123,-6.297624900515467,-8.890057190538307
2022-02-09,1.201001956056658,-6.342100267654394,-8.574914424863985
2022-02-10,2.3802599968950977,-6.275548105629065,-8.925989902457458
2022-02-11,0.6043034338142552,-6.235820116057896,-8.752849138322407
2022-02-14,-5.409175193530619,-6.3909753710732184,-8.867714417177359
2022-02-15,-1.0202552562196425,-6.403209547247053,-8.879336990067916
2022-02-16,-2.7017749236138897,-6.256871392823729,-8.278537784045154
2022-02-17,-1.6123513931367948,-6.217956578222726,-8.59433210713142
2022-02-18,-1.5230137342457992,-6.223780837945924,-8.556870706865618
2022-02-21,-0.3951406585693796,-6.057394618142182,-8.162469045411981
2022-02-22,-2.038425812730584,-6.144600616991327,-8.232508175006263
2022-02-23,-3.118265274462322,-5.968266456913673,-8.548189330707872
2022-02-24,-10.196732490184031,-6.002662255906088,-8.477178954346185
2022-02-25,-5.723089147726638,-6.2623581743028485,-8.849186686790818
2022-02-28,-2.014388397279569,-7.341848036388472,-10.348529817018818
2022-03-02,-7.602748467144529,-7.741191994362925,-11.09477355753387
2022-03-03,-8.20517575574525,-7.602660529366556,-10.904292874885156
2022-03-04,-10.493769622487283,-6.94645812734949,-9.803671928219563
2022-03-07,-13.407332714061354,-7.026257396525947,-10.013390912678396
2022-03-08,-12.991280742844706,-6.785676106374344,-9.486775257157587
2022-03-09,-8.638226824469815,-6.871193713127118,-9.374656978472874
2022-03-10,-5.409536090333646,-6.5553401763773405,-9.1122284197942
2022-03-11,0.45233830472054737,-8.399039199223209,-11.512564745351298
2022-03-14,-1.2256479146358075,-8.909092498038975,-12.369314161745864
2022-03-15,-2.0430730834626454,-8.157461374456089,-11.267995620331702
2022-03-16,1.3435982290774202,-7.9644144952814395,-11.249560509066866
2022-03-17,3.5939627722266776,-8.061312715610132,-11.614157409637333
2022-03-21,4.341503878772885,-8.237789385229137,-11.710562586942364
2022-03-22,8.306543549712966,-8.873267308627161,-12.637643696897081
2022-03-23,7.037538539692608,-8.17577089057846,-11.905358580876023
2022-03-24,4.101262806724117,-7.984796483343777,-11.52458776681693
2022-03-25,0.7272116424135575,-8.040369902247338,-11.319431929930825
2022-03-28,1.4940505550368148,-7.815496361880988,-10.902331758749868
2022-03-29,0.8488473225850024,-7.665397108016898,-10.869298055740396
2022-03-30,2.315144302414727,-7.395977728648278,-10.763909403127752
2022-03-31,0.5006087149964373,-7.395047551833139,-10.624256970135143
2022-04-01,1.097301576754277,-7.087074686798606,-10.43759545256178
2022-04-04,3.4861268021896255,-7.201499732668124,-10.22853104640844
2022-04-05,3.1875478813860427,-7.106654912875112,-10.072921134713845
2022-04-06,3.697472167072525,-6.994106406845029,-9.741496960899902
2022-04-07,3.699107392841613,-6.574487742114436,-9.373219628298836
2022-04-08,4.334737937255562,-6.431574362139132,-9.108583249169685
2022-04-11,2.7507994786388625,-6.209240495358134,-9.02594354216578
2022-04-12,0.9334145624675374,-6.065210181762232,-8.29163671146742
2022-04-13,0.39740292744011046,-6.028004211306368,-8.670048637229138
2022-04-18,-1.7294142813093303,-6.1017794289615965,-8.716236166772644
2022-04-19,-5.286345312769683,-6.047691362348607,-8.6368652064657
2022-04-20,-4.339839966573475,-6.089835322228902,-8.68257345772093
2022-04-21,-3.0322187500535343,-6.013195328575928,-8.77098159122703
2022-04-22,-5.371906874158768,-5.904416537230985,-8.77154797871654
2022-04-25,-6.85581878695776,-6.090255045453381,-8.71441796680332
2022-04-26,-5.331486437703261,-5.887068616337702,-8.461450849763313
2022-04-27,-5.540195907766062,-6.113122180943288,-8.725623969888618
2022-04-28,-1.5433162801923133,-6.027867106229281,-8.463996361526016
2022-04-29,-2.467511688613083,-6.145882531463045,-8.9638780058816
2022-05-02,-1.6514244419962758,-6.794135526249215,-9.986615089734721
2022-05-04,-1.4516211264365255,-7.508622893045625,-10.708227275998965
2022-05-05,-2.3244271407087886,-7.258133409893293,-10.461445240360618
2022-05-06,-5.6870048023740605,-7.211492307674567,-10.26257474252239
2022-05-09,-3.6972596535714253,-7.555413109428422,-10.742213306818696
2022-05-10,-2.2530829005935806,-7.796901056259713,-10.96427201766023
2022-05-11,-5.014719939038211,-7.659438063246738,-10.794601562510234
2022-05-12,-6.211874209896715,-7.346310479731268,-10.58939643915376
2022-05-13,-7.0003392407997875,-7.11948872286786,-9.928943235658975
2022-05-16,-5.567144660287079,-7.296062309716775,-10.45715344344999
2022-05-17,-1.950965444471648,-7.383148587470516,-10.350186182808255
2022-05-18,-0.7422068843015647,-7.493799246012554,-10.77987078655489
2022-05-19,-4.9487895925884855,-7.362901367300399,-10.478951998528684
2022-05-20,-0.0543447020003045,-7.31780862529382,-10.303217049922157
2022-05-23,1.5109988439555546,-7.434484974442967,-10.757378288610195
2022-05-24,0.9475550211156851,-7.3346965461016325,-10.111168219819909
2022-05-25,0.5077183593222201,-7.502166415976082,-10.425008159192759
2022-05-26,3.928589044348148,-7.477117667720558,-10.633395431888077
2022-05-27,4.017801515971428,-7.828386861015233,-11.071583359675257
2022-05-30,5.6956716697542396,-7.5291089144127525,-10.441998109342602
2022-05-31,2.742960129636765,-7.482854119624545,-10.303426745557143
2022-06-01,2.59226999791761,-7.459394655187867,-10.093357271015266
2022-06-02,5.888036123948756,-7.760073970570965,-10.620159779861025
2022-06-03,2.3314440706982076,-8.064321543439087,-10.858136001520265
2022-06-06,1.4029232467469097,-7.895912105169943,-10.853309795166949
2022-06-07,1.3397148865595527,-7.556330984501333,-10.63329956988058
2022-06-08,2.6948352882115048,-7.7479072430111025,-10.950206356950726
2022-06-09,1.2496511728695205,-7.614332043030615,-10.666671571329704
2022-06-10,-1.3883184030893174,-7.369033274220024,-9.914193457930615
2022-06-13,-6.809195765496501,-7.202116658911953,-9.883754281087697
2022-06-14,-6.441629306486341,-6.931241150478178,-9.566285774870469
2022-06-15,-5.267861876309721,-7.006962101445042,-9.457595356579684
2022-06-16,-7.5759488985025785,-6.891619712067722,-9.410305238351935
2022-06-17,-8.07099433817383,-6.753092126439216,-9.19842667580405
2022-06-20,-7.358751022821547,-6.601753365170201,-8.895465559653623
2022-06-21,-3.8038804147940444,-7.007738282196268,-9.67005958785616
2022-06-22,-4.639132555955877,-6.76383405523577,-9.574647770765672
2022-06-23,-2.3388579524522424,-6.720214912997354,-9.550180781225656
2022-06-24,-0.7718284143001144,-6.656453198609566,-9.451943679043888
2022-06-27,3.7750656818318205,-7.537344495848023,-10.786019015775459
2022-06-28,4.143746773962653,-7.152481930782644,-10.287528921748843
2022-06-29,2.3006047211948104,-6.9739014513935675,-10.070680188027934
2022-06-30,4.600685206519651,-7.445855077050997,-10.445992581245367
2022-07-01,6.470370879343499,-7.199852907528739,-10.06188069824964
2022-07-04,6.997556005628942,-6.920176513660274,-9.987070700659304
2022-07-05,4.628345180263947,-7.043198916822051,-9.893109786464095
2022-07-06,7.254559632619892,-6.927914062942819,-9.617568606625825
2022-07-07,6.413134260700407,-6.987258171875701,-9.68297423201635
2022-07-08,6.967731598125326,-6.542837548659376,-8.880862841338315
2022-07-11,4.489005964728859,-6.515737913007752,-8.776908303743738
2022-07-12,2.555933056883389,-6.637966676912892,-9.2313499593604
2022-07-13,4.523311606071195,-6.729716598708422,-9.108297288659594
2022-07-14,3.935870400473864,-6.736253428558696,-9.62707323939584
2022-07-15,4.370211686111252,-6.40354451993782,-8.807538411076935
2022-07-18,5.187666573880964,-6.650345271038845,-9.536492190229257
2022-07-19,5.296722794516245,-6.406522441538236,-8.774801493005386
2022-07-20,5.016489433342091,-6.507919181348549,-9.271044693583127
2022-07-21,4.510095895225935,-6.641042179960974,-9.366366673517946
2022-07-22,3.2641029553896694,-6.2807043082105425,-8.688812760759093
2022-07-25,3.988664644591408,-6.339452054144618,-8.779341507437007
2022-07-26,3.265631329207515,-6.5113265501284445,-8.98402738485502
2022-07-27,4.313983664156172,-6.729918393870243,-9.460779605515002
2022-07-28,6.140602273761485,-6.345944872646163,-8.606041506689138
2022-07-29,5.639803547403898,-6.509346444218029,-8.799816561074103
2022-08-01,5.0339101588603326,-6.6952863254439245,-8.96824046331476
2022-08-02,5.222611271062223,-6.253909579218486,-8.515469203534783
2022-08-03,3.3491239722860153,-6.537532144900534,-9.150289782798518
2022-08-04,3.04002353063678,-6.257120873322135,-8.606303634207281
2022-08-05,3.20574559924025,-6.252910799624384,-8.95430393755029
2022-08-08,3.25254278058477,-6.293491685526682,-8.983031006053741
2022-08-10,5.302993181697874,-6.684378617890397,-9.303759397151419
2022-08-11,4.323328202769369,-6.865167644225898,-9.759005882821413
2022-08-12,2.829175992214175,-6.747272863654883,-9.618422552826603
2022-08-16,2.8399450917421523,-6.681560232768203,-9.644672778979002
2022-08-17,1.800322599727242,-6.913161465911919,-10.062893803424046
2022-08-18,1.0605149610901348,-6.51528512294705,-9.467432189958904
2022-08-19,-0.2276158624252127,-6.36916365321686,-9.318029188228381
2022-08-22,-2.2188591494837775,-6.085774320857383,-8.59043475647339
2022-08-23,-2.37175322974838,-6.047507180080304,-8.40019232297379
2022-08-24,-2.214178512380035,-6.155600880063522,-8.8843109117484
2022-08-25,-2.607849497351177,-6.116502259121297,-8.785110617265055
2022-08-26,-2.6343327589607606,-6.186271200629787,-8.920391375703941
2022-08-29,-4.410197185965087,-6.016064263669033,-8.293614010635743
2022-08-30,-2.25607422275351,-6.130820201622825,-9.00062580421912
2022-09-01,-3.787040091246954,-6.165140358752912,-8.73766271943074
2022-09-02,-3.898021165234615,-6.1104620844670725,-8.755868021759161
2022-09-05,-2.3153145148751344,-6.366124075574902,-9.117876637700139
2022-09-06,-1.0693720136379445,-6.3447992844168635,-8.791008138768555
2022-09-07,-1.9722142109417597,-6.3931838898380065,-8.778561490056218
2022-09-08,-1.0980702314275397,-6.502057497054149,-9.241373696423732
2022-09-09,0.8331967552215002,-6.467209679238904,-9.167775962786806
2022-09-12,1.0004568108241452,-6.366536991137979,-8.876633574725405
2022-09-13,3.690150944148133,-6.742317502856182,-9.627726558439148
2022-09-14,-0.4388345765393953,-7.038799963500202,-10.183644311662453
2022-09-15,-0.30028906901504027,-6.838668503983348,-9.541196012418807
2022-09-16,-2.5707214120254633,-6.777291524665602,-9.340118100906539
2022-09-19,-1.8476831247795777,-6.780348724936723,-9.844921905798186
2022-09-20,-0.7558631582713401,-6.367731052427038,-8.978721484825316
2022-09-21,-0.21997844002365796,-6.357176666894976,-8.970872979765845
2022-09-22,-0.35511652075679556,-6.405422040942932,-9.413942388782521
2022-09-23,-3.094003630145265,-6.0287072671104145,-8.591006016781481
2022-09-26,-5.596433959655243,-6.19755521582495,-8.98897036332239
2022-09-27,-6.075565611700015,-6.065532813154094,-8.809678184456379
2022-09-28,-5.318509525634946,-6.417711413219097,-9.017027973859982
2022-09-29,-4.227198725677125,-6.626326969839934,-9.572135074462658
2022-09-30,-0.8320668401265722,-7.068244449554283,-9.847560034366921
2022-10-03,-3.6173872373077076,-7.101917532875047,-10.153700724173389
2022-10-04,-1.9053950268805728,-6.76185126088081,-9.859560143668533
2022-10-06,-0.9849232481868293,-6.580010186967452,-9.077675383569192
2022-10-07,-2.2806098888327178,-6.485576804713592,-9.472689426874796
2022-10-10,-1.57976503249076,-6.582414487528381,-9.24343063353751
2022-10-11,-1.282934399240125,-7.246611251116603,-10.179964143175578
2022-10-12,-0.4787652964554674,-7.078012661642307,-10.230110004602372
2022-10-13,-1.0091893066025102,-6.77885811766966,-9.434054876054017
2022-10-14,0.017742379741205072,-6.614606418859796,-9.058453400715342
2022-10-17,0.3927048997202627,-6.602891696051443,-9.329823324987906
2022-10-18,4.089864878470595,-6.587899044165277,-9.10497778633063
2022-10-19,0.5572884388477772,-6.735810235736574,-9.148832444951207
2022-10-20,0.4914921031330752,-6.737369533023292,-9.239244215220356
2022-10-21,1.8857740349390277,-6.583915522012708,-9.138091533882823
2022-10-24,2.7721023085396252,-6.802443476883731,-9.129213576326762
2022-10-25,4.30645930017922,-7.232378944114739,-9.965000210729515
2022-10-27,3.9306465885558524,-6.8383858234676484,-9.290628161059708
2022-10-28,4.381800774259893,-6.706344549453671,-9.343920106190247
2022-10-31,4.217014373290205,-6.517310885816805,-9.305843014942093
2022-11-01,4.44719341571327,-6.84170118309798,-10.138983297075304
2022-11-02,2.0152618526940778,-6.530018039452313,-9.490590404702761
2022-11-03,3.2716256754225155,-6.434887949163432,-9.224533417032587
2022-11-04,3.2025659708889624,-6.182980061532606,-8.875658962401914
2022-11-07,3.8756773059235297,-6.095914356100485,-8.686595661897885
2022-11-09,3.487223359021925,-6.356437026841378,-8.72368286177638
2022-11-10,1.735437878781325,-6.145975588497008,-8.58636274401615
2022-11-11,2.62150233959997,-6.145403358234374,-8.50265841027168
2022-11-14,3.0111938880579747,-6.033848656569211,-8.45601364268465
2022-11-15,2.723843855516718,-6.017327442517649,-8.256846696495915
2022-11-16,1.3030798121095577,-6.06545877005615,-8.659813329588177
2022-11-17,1.0908984262580426,-5.8035049346244465,-7.967726596582287
2022-11-18,1.5788738570557204,-5.769162114156584,-7.99429472639508
2022-11-21,0.6136691046245754,-5.943398287181714,-8.266978684947329
2022-11-22,-0.13378457642398223,-5.937187303022015,-8.277882078805218
2022-11-23,0.2946229027493604,-5.839370650373622,-8.170113495409591
2022-11-24,3.211778269601673,-6.41545597277813,-8.964854324077466
2022-11-25,2.18226142469855,-6.291376989227875,-8.803219965062258
2022-11-28,1.9122541594631501,-6.221261781282056,-8.741142574926435
2022-11-29,2.3681689979718348,-6.272402144913258,-9.148417562104997
2022-11-30,3.060649813492567,-6.300663820222481,-9.044490422993057
2022-12-01,4.306607521750341,-6.229703388599812,-8.665009901999396
2022-12-02,2.8529069836046794,-5.949872243047154,-8.378381079675146
2022-12-05,3.51207114646574,-5.8321736951697405,-8.263712654079383
2022-12-06,2.3271139492609247,-5.792874711259674,-8.294411035269768
2022-12-07,2.010401052852199,-5.778013497979607,-8.118371944093981
2022-12-08,1.0646366869524442,-5.639616302378478,-8.01464921525396
2022-12-09,-0.08166999816145348,-5.693555001235661,-8.503244915384608
2022-12-12,-0.3144312611627683,-5.453014814717689,-7.853545822630741
2022-12-13,-0.7023859236240003,-5.573019606861666,-7.939127323742119
2022-12-14,-1.1769160880129599,-5.619870317295756,-7.8175229229218255
2022-12-15,-2.7602057081757976,-5.495810674100263,-7.859116065337852
2022-12-16,-2.278510871865025,-5.564324496911907,-7.899633635701228
2022-12-19,-2.3450892339368674,-5.477417103094286,-7.882185410436878
2022-12-20,-2.6816800038584843,-5.67291315918357,-7.9032500615263945
2022-12-21,-3.555786916786574,-5.767759430140965,-8.196853163601743
2022-12-22,-4.2822460856625675,-5.664524107335047,-8.177038200657979
2022-12-23,-6.118686250532297,-5.725738174702196,-8.417039888579342
2022-12-26,-4.16673018729764,-5.717758140624172,-8.291419753487986
2022-12-27,-4.139820976901122,-5.567770548594051,-8.182565010258026
2022-12-28,-4.721083048154898,-5.605981647303401,-8.142845680547257
2022-12-29,-3.3739764828279446,-5.737217224358754,-8.268519386490912
2022-12-30,-2.9389852000417123,-5.805389091959388,-8.319740434355765
2023-01-02,-2.3481984421106468,-5.746537424173191,-8.152101267914874
2023-01-03,-1.7238993530508953,-5.80318112786235,-8.280818143645087
2023-01-04,-2.0824634714535852,-5.794519732775359,-8.464903943945671
2023-01-05,-1.3661785210794601,-5.9810558485489675,-8.424144609716764
2023-01-06,0.12002820876141973,-6.881715608071577,-9.870166889637122
2023-01-09,0.502689817031412,-6.553481050629448,-9.275468808079589
2023-01-10,0.6074022888151924,-6.460745731887511,-9.168846362647338
2023-01-11,0.921326920258007,-6.192720129707664,-8.638332138218614
2023-01-12,0.5480115343859193,-6.287091288934837,-8.99262139236888
2023-01-13,1.444590918502327,-6.026825197534672,-8.450926685499343
2023-01-16,1.1480943410718623,-6.060097231204205,-8.548568180651516
2023-01-17,1.997230070447447,-5.919031172945639,-8.37539820440079
2023-01-18,3.1313746892893843,-6.078332447997795,-8.60737015874875
2023-01-19,1.9290841026921168,-6.092260888912208,-8.90153415207757
2023-01-20,2.0184287579218845,-5.802016500164899,-8.348910792167848
2023-01-23,1.67090384284656,-5.926742500178344,-8.279633550242899
2023-01-24,1.4666318111868277,-6.598408729746913,-9.637304213805164
2023-01-25,0.31860119360934047,-6.24204427009053,-8.819701011840182
2023-01-27,0.3768658084047276,-6.191610458729146,-8.906010757194569
2023-01-30,-0.8011449190049622,-5.8979173587672395,-8.296027805853548
2023-01-31,0.05818296973898485,-5.736813403355059,-8.08658049700048
2023-02-01,-1.8141818090601596,-5.706524566171373,-7.9923713647755585
2023-02-02,-0.567563844240415,-5.631805023661775,-8.035631074073596
2023-02-03,1.5844777480366428,-5.881540193658241,-8.701580197168994
2023-02-06,1.8141912008715624,-6.037404194140066,-8.451272047177834
2023-02-07,-0.44522023730424976,-6.201492297652471,-8.91541321606852
2023-02-08,-0.4656147118749223,-5.926438022000216,-8.462619857512644
2023-02-09,1.0636377722378,-6.276742082510825,-8.90020113928766
2023-02-10,1.7090315207806777,-7.25237264902021,-10.16522853528414
2023-02-13,0.40647775504799233,-6.901352248989048,-9.642426952963117
2023-02-14,-0.24583852452703725,-7.014886154539695,-9.974713622838273
2023-02-15,1.0342757198072776,-7.2911898146257315,-10.318585641643091
2023-02-16,-0.37931707546195464,-6.925563097022665,-9.543251412417206
2023-02-17,-2.4627559415577718,-6.804378575262859,-9.43950848705233
2023-02-20,-1.7572757558089245,-6.653726175610332,-9.424112795260768
2023-02-21,-1.6034800742257098,-6.623965504136413,-9.320681045236823
2023-02-22,-3.5087762247630474,-6.572185844819885,-9.807411198476244
2023-02-23,-3.5872181283130926,-6.267995650738971,-8.916284285584236
2023-02-24,-4.364359259854029,-6.17374100075142,-8.749603441460552
2023-02-27,-3.867736744181295,-6.412181670318784,-8.89433689950417
2023-02-28,-4.897522077287889,-6.422610073462182,-9.27128560252211
2023-03-01,-3.7531825956963996,-6.168104233828763,-8.544005978011366
2023-03-02,-4.352817689147027,-6.180875349185382,-8.807815019419591
2023-03-03,-1.4553915267329605,-6.140869504821432,-8.672802738239737
2023-03-06,-0.1196530921050698,-5.831754222919986,-7.98645647530378
2023-03-08,0.3371332589696798,-5.7876610207407495,-7.965747176683569
2023-03-09,0.47161941398277474,-5.718013235701767,-8.033522068058724
2023-03-10,-0.17805370106835006,-5.535343879744889,-7.784399605992547
2023-03-13,-2.1194484184758293,-5.639766666232231,-8.078427426844375
2023-03-14,-1.9734882821700173,-5.644973300833498,-7.994528107031076
2023-03-15,-2.5426829356611345,-5.846903096672745,-8.439421719155696
2023-03-16,-2.842569966588812,-5.907962220761113,-8.498282998746635
2023-03-17,-1.242507419103345,-5.846236804966425,-8.209892049731437
2023-03-20,-3.882045065001777,-6.010901232240804,-8.447144180218793
2023-03-21,-5.695983764559699,-6.200618497683022,-8.896996563711527
2023-03-22,-5.231829606009527,-5.9757066709919116,-8.575960543002536
2023-03-23,-4.53613121157776,-5.789498093513523,-8.141398048298022
2023-03-24,-4.570099458058495,-5.979839966105837,-8.494566275221972
2023-03-27,-1.9485863628701547,-6.51799003704714,-9.353595169839853
2023-03-28,-2.10501152050203,-6.137296037481018,-8.547509683317683
2023-03-29,0.4379844103101198,-6.324901290702063,-9.022515882723948
2023-03-31,1.696322998409285,-6.506650346792926,-9.2306983623711
2023-04-03,0.8830645250129774,-6.212950261935845,-9.149202576852964
2023-04-05,2.1802235173146105,-6.205630402862566,-9.215022308514087
2023-04-06,3.328506275583427,-6.258294562139875,-9.1457379701259
2023-04-10,4.042570695783315,-6.049819148184265,-8.902524591929916
2023-04-11,4.370932232331455,-6.181267456112274,-8.785910086619232
2023-04-12,5.21507084593963,-5.912632607748126,-8.206134515459366
2023-04-13,4.730063822715062,-6.073972128284227,-8.630700998879437
2023-04-17,4.174032856360235,-6.2634216579404995,-8.787265540596156
2023-04-18,2.753139842583175,-5.93050347224116,-8.064676378464053
2023-04-19,-0.4580862385863774,-5.924045747664435,-8.149163097313524
2023-04-20,-0.2348143587306127,-6.1658547279221105,-8.72642655403755
2023-04-21,-1.1080943184296426,-5.9506000669593355,-8.45896889631369
2023-04-24,-1.0431869659304926,-5.76158509600164,-8.053062150023273
2023-04-25,-1.9564328912962927,-6.255702957787766,-8.891707969016121
2023-04-26,-1.1607671653552223,-5.977665949470877,-8.396737232850338
2023-04-27,-1.4861776124070576,-5.78899857133219,-8.072115457221258
2023-04-28,-0.5237004667222748,-5.838529894834023,-8.261746905150318
2023-05-02,1.2004987862249528,-7.890811581602715,-11.832541472022031
2023-05-03,1.3096854970250327,-7.192936703028167,-10.424685789077953
2023-05-04,2.95105899398974,-7.270362774688292,-10.439226869267186
2023-05-05,2.2303234768161753,-7.1220045392254745,-10.819240265669785
2023-05-08,4.254080169875243,-6.986964785645275,-9.837766103155213
2023-05-09,3.340577293627795,-6.690777831448437,-9.991382234846666
2023-05-10,3.3802513411160575,-6.5831169645199585,-9.747197579988464
2023-05-11,3.373662575436175,-6.481128958894475,-9.604170550440095
2023-05-12,3.8045342364423904,-6.208582456969952,-8.68181302462822
2023-05-15,4.530207117124157,-6.121766796507288,-8.647461275231024
2023-05-16,4.445699771626661,-5.892232866760521,-8.319541760002991
2023-05-17,3.5403197610037975,-6.020040234833304,-8.717206446397814
2023-05-18,1.7765037720757426,-5.71000727408337,-7.928243184582108
2023-05-19,3.893074172286058,-5.71177075118737,-7.864276473187404
2023-05-22,2.5109389260551396,-5.889418931824825,-8.391075157976248
2023-05-23,3.2191841850291674,-5.930741211514297,-8.328876677666965
2023-05-24,2.562999221700042,-5.857451394281071,-8.613531041065805
2023-05-25,1.48512117637837,-5.485904644771081,-7.958528144293032
2023-05-26,2.142422866716355,-5.374313627887012,-7.7447138444279515
2023-05-29,1.0869191503073474,-5.63476546380302,-7.972237688878917
2023-05-30,1.1318552204443248,-5.286239437909993,-7.36105799613926
2023-05-31,2.1694365215063423,-5.293331584496004,-7.760983470806936
2023-06-01,4.225907652141805,-5.327981241400143,-7.638537394856048
2023-06-02,3.137775968348855,-5.453100675197981,-7.772301826311794
2023-06-05,3.1239521855701247,-5.332277241663786,-7.9232425933470685
2023-06-06,2.4151857283752873,-5.344812264110099,-7.871652010835056
2023-06-07,4.050057021164977,-5.213478669270257,-7.4535436049811
2023-06-08,3.5796343590658704,-5.273068834878279,-7.842287825954224
2023-06-09,1.3817754076238697,-5.215572570284919,-7.7819543834356475
2023-06-12,1.5906310321760948,-5.22877989423882,-7.724402033685712
2023-06-13,1.9420737706033246,-5.253373571343769,-7.805091352159243
2023-06-14,2.1472977797502697,-5.105351147227152,-7.343192761147778
2023-06-15,0.43012287223801193,-5.30978464788118,-7.750281526832151
2023-06-16,0.6934609843154248,-5.2997009523378384,-7.700158194948893
2023-06-19,-0.018922389468260248,-5.286386440125261,-7.8189665318683765
2023-06-20,0.9643955783939724,-5.380579366585802,-7.974484438150377
2023-06-21,-0.36659387964176005,-5.3154204875077475,-7.718292323387419
2023-06-22,-0.7427992938631351,-5.325570203467464,-7.696086575104508
2023-06-23,-0.9457756451468227,-5.471092133546097,-7.959121497274016
2023-06-26,-0.9241259542852476,-5.392603213417625,-7.989947697075125
2023-06-27,-0.4950926894507701,-5.23843883368312,-7.803277263656255
2023-06-28,0.12986794221047737,-5.180371018208822,-7.663199046674616
2023-06-30,2.467412312617132,-5.337248590630356,-7.711047256515947
2023-07-03,2.388149821204675,-4.992463400890813,-7.139601989129939
2023-07-04,3.1029748029654844,-5.115449768301182,-7.563501537651765
2023-07-05,2.7775589874636375,-5.210214551443644,-7.644608182919507
2023-07-06,3.5326329229795697,-4.952072200778423,-7.479992796835891
2023-07-07,4.723465113228437,-5.1596328557540945,-7.647571224360312
2023-07-10,5.540281309112487,-5.478790105244863,-8.023050387627986
2023-07-11,5.71007306042908,-5.19679330158298,-7.448859206227964
2023-07-12,4.272801396346625,-5.189214795195014,-7.762423909228571
2023-07-13,3.382584463240075,-5.194701322367246,-7.886440065884857
2023-07-14,3.32834750584184,-5.188861651925542,-8.024310144957395
2023-07-17,3.244640940176148,-5.189631357504388,-8.04333124082438
2023-07-18,3.1365696843952553,-4.811130067810092,-7.172234816770721
2023-07-19,3.280301354153488,-4.612950920483365,-6.774655021802504
2023-07-20,2.980591403842118,-4.549108974565985,-6.85961271540316
2023-07-21,0.3317706129480351,-4.659830592955015,-6.9083625761490115
2023-07-24,0.8709729042658853,-4.615872913893751,-6.866616443261993
2023-07-25,-0.05826294915895999,-4.5914699249677975,-6.697717641740277
2023-07-26,1.2840968200598577,-4.531030842272274,-6.372830357512274
2023-07-27,1.1651534488649353,-4.695397641363478,-6.825840944519601
2023-07-28,-0.6131063162503898,-4.598040902389168,-6.767619562103061
2023-07-31,-0.48214163065879523,-4.6797856527495005,-6.823107904083322
2023-08-01,-1.0517048455994478,-4.781611357553914,-7.085737138526904
2023-08-02,-3.030733140882923,-4.84924834320362,-6.928095238286989
2023-08-03,-3.8060313031014603,-4.851506448843387,-6.983943102321091
2023-08-04,-1.8152989282857928,-6.751317133427564,-9.942774452268841
2023-08-07,-1.8928886546222898,-6.464137517840539,-9.423266503060566
2023-08-08,-1.7574120530285198,-6.031257098560425,-8.819433925116982
2023-08-09,-1.870552933805865,-5.636474075979271,-8.244876574543516
2023-08-10,-2.4027748806467377,-5.392578767610763,-7.753936083404951
2023-08-11,-2.9393006789274425,-4.969397960807311,-7.217925296593923
2023-08-14,-3.5769089955427575,-4.965376292810604,-7.2658767503714
2023-08-16,-1.9902270498729777,-4.786443896995135,-7.064740774327978
2023-08-17,-0.7467628414684676,-5.132335527192212,-7.43764614528026
2023-08-18,-0.40309046205641763,-5.041827150599615,-7.268160227622438
2023-08-21,0.8025240118848,-5.184190344518026,-7.500556992918486
2023-08-22,0.6205569982937724,-5.03354970435546,-7.3208023589106395
2023-08-23,0.8323944035815549,-5.0280334517248475,-7.283675415253767
2023-08-24,0.4698957774106383,-4.956152222212724,-7.224079172286518
2023-08-25,0.11575849695659601,-4.648923889153069,-6.585110694434504
2023-08-28,0.8748414964855209,-4.791184466495549,-7.056129972913104
2023-08-29,0.9703584477410783,-5.038850109545375,-7.317894270484085
2023-08-30,-0.3599481860934541,-5.025706936511058,-7.34019937560808
2023-08-31,-0.9598390740868892,-4.946112839962177,-7.352972236379199
2023-09-01,0.1419431392808448,-4.896837805724191,-7.255886134433479
2023-09-04,0.13438747292122244,-4.835432825270953,-7.1332230561284735
2023-09-05,0.554313830214655,-4.605618863437213,-6.951365567049383
2023-09-06,0.28075049010688496,-4.608757444276415,-6.731365083695644
2023-09-07,0.26388215392108155,-4.422878481286736,-6.624698380206977
2023-09-08,1.8506787066657817,-4.514249499181876,-6.485983462625217
2023-09-11,2.9813805734474967,-4.386457346855447,-6.413043972300786
2023-09-12,2.2944448158371866,-4.38806561946454,-6.317014889475706
2023-09-13,2.899925936714487,-4.439495844764394,-6.411563173678762
2023-09-14,3.687571319313427,-4.327975074967195,-6.249850355768775
2023-09-15,2.971080690064065,-4.264108347055258,-6.149176305570974
2023-09-18,2.79450478837065,-4.183401103122264,-6.104841668115281
2023-09-20,2.0783931621313902,-4.17802194181252,-6.173075588705644
2023-09-21,1.3466663273207224,-4.167981693674786,-6.136235892334078
2023-09-22,1.2909794913835304,-4.284286172794943,-6.210153943445596
2023-09-25,-0.19601129983840504,-4.1183481116132885,-6.049981077133249
2023-09-26,-1.3262459031884224,-4.165305369243039,-6.101676440472371
2023-09-27,-0.512242798992025,-4.225830055402275,-6.339124801457194
2023-09-28,-2.2174410458841676,-4.281578053421972,-6.423967104969834
2023-09-29,-1.2942130182600924,-4.214927810018017,-6.374604595452552
2023-10-03,-1.7029061605817322,-4.125651656760826,-6.279617745070886
2023-10-04,-2.4380927794604825,-4.092119780174471,-6.205860108832466
2023-10-05,-1.0514515309609174,-4.069396512471542,-6.087609796175648
2023-10-06,-0.05088903086950236,-4.217470365083589,-6.116402999257447
2023-10-09,-0.7361418361599122,-4.379641689860256,-6.165021562656035
2023-10-10,1.1308694196447426,-4.438385709267274,-6.360796878439892
2023-10-11,1.6507432682235428,-4.253621842535998,-6.2487123990162985
2023-10-12,1.0314293975425501,-4.172673174600908,-6.145603767959782
2023-10-13,2.4179447624020423,-4.344989505004462,-6.363518730800944
2023-10-16,1.313612028009695,-4.331464096116152,-6.3563542501816945
2023-10-17,1.272934012270855,-4.300944439554508,-6.315110703066803
2023-10-18,1.8892071860995876,-4.650719509476315,-6.762205342836256
2023-10-19,0.7771306657478365,-4.529989170441237,-6.56554623757885
2023-10-20,-0.688630723545278,-4.440868849476082,-6.503708283545793
2023-10-23,-1.663172430968553,-4.511896072637682,-6.541825816368884
2023-10-25,-3.509400558162833,-4.40925138246703,-6.519419252189912
2023-10-26,-4.9567926276512,-4.370083352618888,-6.369763751996283
2023-10-27,-2.843728101847036,-4.28780949527023,-6.3206582083013485
2023-10-30,-3.508580096262638,-4.6172254629112235,-6.844461767075239
2023-10-31,-3.4814755540669653,-4.508518135316959,-6.609675188496803
2023-11-01,-3.622775312966053,-4.500943070430784,-6.611951930542534
2023-11-02,-2.6109648292047836,-4.43292862653321,-6.675491206861587
2023-11-03,-1.1768023981482043,-4.359932729851959,-6.698561443326167
2023-11-06,-0.05679014486098988,-4.5577459630829695,-6.759067635177054
2023-11-07,1.6492159917431597,-4.822413136715886,-7.000426536845746
2023-11-08,2.2268410109875822,-4.844908826551247,-7.141528039512523
2023-11-09,2.753261396819957,-4.906262296261964,-7.0511242863509
2023-11-10,1.2102214247056977,-5.0272115632724095,-7.135757507563945
2023-11-13,1.7814208067045019,-4.951098355446142,-7.050676786941478
2023-11-15,3.4472307666018422,-4.962135099325843,-7.128313389454602
2023-11-16,4.8035209280199425,-5.2104840842481295,-7.535389441540337
2023-11-17,2.932163454189267,-5.111235023661782,-7.477700688083557
2023-11-20,1.1969087762237018,-4.69765555411236,-6.700822446789769
2023-11-21,1.483649009761437,-4.79746097869526,-6.66794953270228
2023-11-22,1.6400255172385647,-4.630002493188211,-6.52395635837266
2023-11-23,1.5529608655597822,-4.700177370618126,-6.559137064905006
2023-11-24,1.6287073210244243,-4.6438537367582615,-6.657950952071062
2023-11-28,2.6188337709485774,-4.640324845270762,-6.620514769560592
2023-11-29,3.5986519343354675,-4.446839174858326,-6.366502177761302
2023-11-30,1.7638256989152044,-4.586556843179769,-6.499851263808209
2023-12-01,1.19047698143589,-4.535818128862408,-6.579392549780089
2023-12-04,3.41223959687159,-4.717753587454651,-6.546163531984771
2023-12-05,4.012459958221577,-4.766830806491767,-6.971619425516011
2023-12-06,4.6799658789333,-4.6045516453768265,-6.605712018787386
2023-12-07,3.809361934466757,-4.542538081392467,-6.498159285561016
2023-12-08,4.286972971186345,-4.501139729654958,-6.358056959673697
2023-12-11,4.743686373219468,-4.157413345861393,-5.957651417483583
2023-12-12,3.165368643716727,-4.426049269610052,-6.38875104197279
2023-12-13,2.12221537876354,-4.3410385434595264,-6.329827447886346
2023-12-14,3.4428401778514823,-4.337901144460961,-6.350100259601643
2023-12-15,5.75764126331916,-4.3649549817544475,-6.260614565132218
2023-12-18,4.043758578366602,-4.4089186013089385,-6.5039337203075345
2023-12-19,4.269904592065643,-4.499570463651504,-6.526225533126666
2023-12-20,1.4548322793622703,-4.585742707236502,-6.530640864963268
2023-12-21,2.331298559148263,-4.578602634053089,-6.550174972228993
2023-12-22,2.953736025322823,-4.46436211247338,-6.517641245489418
2023-12-26,2.618333739131576,-4.425026714469717,-6.365903002470602
2023-12-27,4.838574991507485,-4.20953329616157,-6.197625119408282
2023-12-28,5.453404827670313,-4.402981142889673,-6.45466387276705
2023-12-29,4.840896118554006,-4.538282004922846,-6.611849399379103
2024-01-01,2.4854938636282706,-4.973910383306141,-7.251558763925035
2024-01-02,1.6952279757047855,-4.886909475050239,-6.90980271678204
2024-01-03,0.6017991601888749,-4.692467252463313,-6.62522392573104
2024-01-04,3.2162116909856073,-5.061109793492058,-7.08504288499173
2024-01-05,3.2597065337231323,-4.737898635531893,-6.934262668496975
2024-01-08,1.118516312902387,-4.856261085577268,-6.903974467926522
2024-01-09,1.8560108760053347,-4.693978522474298,-6.691823974234767
2024-01-10,0.06381013165698476,-4.5704263961080995,-6.646378676822968
2024-01-11,-1.3227334520095155,-4.6268910621065364,-6.693182173149506
2024-01-12,0.7672974383363922,-4.636398295278946,-6.625536126560054
2024-01-15,1.4258207012908168,-4.57383525545701,-6.5143047552549325
2024-01-16,2.0781856876540195,-4.651744102169459,-6.7405701579700095
2024-01-17,2.0508529255800347,-4.844764439581284,-6.9340488303786705
2024-01-18,1.7793234282787,-4.683280967278636,-6.759796161313461
2024-01-19,1.9086122716502723,-4.510797450783217,-6.558473113236186
2024-01-23,-0.6924499874745553,-4.600513927936221,-6.748626362490755
2024-01-24,0.9647096132996076,-4.540717988423098,-6.6007050727879975
2024-01-25,0.5916488322105896,-4.414381915522013,-6.374862956503069
2024-01-29,2.5334882892356747,-4.585043317278784,-6.642356392426924
2024-01-30,0.7336552668222496,-4.900849893083816,-7.366277480067064
2024-01-31,1.3574800911663678,-4.717342897312882,-7.253747798699241
2024-02-01,1.617010931171485,-4.734113580357898,-6.960250778576321
2024-02-02,2.7989625369494204,-4.653823674316296,-6.842991979573701
2024-02-05,3.0421011396434423,-4.465409452475665,-6.557295518787457
2024-02-06,3.8183276324311555,-4.3733672856641075,-6.411721353168503
2024-02-07,7.887602108188334,-5.633295262269482,-8.370004768460927
2024-02-08,6.353693599719525,-5.824828107184825,-8.432404565840447
2024-02-09,7.165177530317541,-5.4463095159274895,-7.9679911162705
2024-02-12,4.955106955057097,-5.358443636847473,-7.840559586410433
2024-02-13,4.430018294974764,-5.217274261457162,-7.56291816851337
2024-02-14,3.789094585186702,-5.1141828504053155,-7.422580283522358
2024-02-15,4.240997750014304,-4.736042078132407,-7.02082296197576
2024-02-16,4.7154772142081995,-4.6086265038791465,-6.880584174388985
2024-02-19,4.161322874483615,-4.718828361301332,-7.1451764478200035
2024-02-20,2.67105588050257,-4.6410980847217,-7.049291154406441
2024-02-21,2.2274934573886096,-4.869273485203475,-7.184136281619718
2024-02-22,2.0202342929593495,-4.924725847640386,-7.060352935611136
2024-02-23,1.5436601358802722,-4.9508287698406805,-7.078254938081459
2024-02-26,2.3204235395057444,-4.900544727346605,-7.109349944660149
2024-02-27,2.541619621923572,-4.938916785888845,-6.963770738492946
2024-02-28,1.4540820638943648,-5.14437770529957,-7.338636538487743
2024-02-29,0.9506558454842322,-5.04490402382998,-7.2113380540801355
2024-03-01,1.14732626847551,-4.866485683436121,-7.149140569577007
2024-03-04,1.2653553793302448,-4.963503275658044,-7.158137383145967
2024-03-05,1.9859201300363023,-4.885688364187006,-6.974971410021247
2024-03-06,2.246013419240592,-4.822518802050413,-6.919792933155858
2024-03-07,2.7719182564730476,-4.60316209159503,-6.595548350896748
2024-03-11,1.576542836747897,-4.442691042782664,-6.459263544705264
2024-03-12,1.0696474543330021,-4.434425471824213,-6.3311940381761085
2024-03-13,-1.5952063613125826,-4.350660000122494,-6.2060879168869
2024-03-14,-0.9811703894722452,-4.140202885508276,-5.725710204830564
2024-03-15,-2.1576674901592305,-4.205450377985335,-6.067430418234234
2024-03-18,-3.364854596066115,-4.359529038015232,-6.322021588258197
2024-03-19,-5.208775283897207,-4.071410664231526,-5.731057187958237
2024-03-20,-6.162769007925764,-4.420347841530382,-6.416235938279899
2024-03-21,-5.324298849879903,-4.089427567468455,-5.716272549957594
2024-03-22,-6.287035351266155,-4.310087342553235,-6.042366872129679
2024-03-26,-5.513948498541723,-4.318592856763415,-6.046526801977582
2024-03-27,-5.418030308521855,-4.319709922316763,-6.01019120080192
2024-03-28,-1.6820589671618174,-4.458275437542711,-6.291522342813658
2024-04-01,-1.8353690242234095,-4.5493564810802605,-6.429968087747675
2024-04-02,-0.21162771405204245,-4.480398001662289,-6.347811225496498
2024-04-03,-0.09871536475521983,-4.449243147923676,-6.2373799600013795
2024-04-04,1.31612098237151,-4.361057370280763,-5.892869575461836
2024-04-05,1.688266675245865,-4.505233264747619,-6.2632014945397945
2024-04-08,1.0225165511810927,-4.360670071223381,-6.160355549267061
2024-04-09,1.1519354347324673,-4.2937342255871025,-6.135447648136422
2024-04-10,2.434635036344895,-4.405349381075377,-6.1336530383771235
2024-04-12,2.03070263367728,-4.334037636286651,-6.0500628024184575
2024-04-15,-0.9713118608991025,-4.186027385897059,-5.611025340934117
2024-04-16,-2.31915456804314,-4.190027326765572,-5.739220245236655
2024-04-18,-3.452029004121513,-4.100329297883816,-5.625409468759277
2024-04-19,-3.415802153689735,-3.999780768946867,-5.615556020772791
2024-04-22,-1.9198520330865607,-3.949692298245149,-5.439738174701501
2024-04-23,-0.9165790266614524,-3.865145989018437,-5.26801963833568
2024-04-24,-1.268087910976428,-3.731195253726448,-5.161396958408914
2024-04-25,0.026035052093715372,-3.674594534802046,-5.107660768700292
2024-04-26,-1.373782645435576,-3.912037259053915,-5.523299848348951
2024-04-29,0.5214486374990476,-3.9406068914773296,-5.529538210976943
2024-04-30,1.9859664739421372,-3.9267650220350796,-5.552511718054126
2024-05-02,3.4067188617888595,-3.9524107420588086,-5.632374750937717
2024-05-03,3.7842416233724445,-3.6530981879092077,-5.093998032689917
2024-05-06,3.7124049812810345,-3.7655868517033446,-5.135501760439267
2024-05-07,3.159280891824,-3.5842465263401286,-5.026130164711823
2024-05-08,2.41507717484501,-3.6481578760384155,-5.3511628784414285
2024-05-09,3.2885765961753153,-3.553598970565177,-5.105225525357049
2024-05-10,2.4486209230915277,-3.7135228165441707,-5.2191502687518705
2024-05-13,0.6051240493363905,-3.844499818035248,-5.475306396172399
2024-05-14,0.007045351519127774,-4.076171569453208,-5.723683909678833
2024-05-15,-0.7218226457165271,-3.8972487560034885,-5.589349676988941
2024-05-16,-0.9223665767565593,-3.6852681862220273,-5.174546495277782
2024-05-17,-0.5128897180328899,-3.744755845806908,-5.458702178449087
2024-05-21,-0.21160550203568484,-4.118712707475605,-5.885694613938128
2024-05-22,-0.017207168849922683,-4.4588168231421985,-6.071379180987362
2024-05-23,1.020428272645805,-4.319302237865248,-5.913191526560082
2024-05-24,-0.16772819970029051,-4.183755745988934,-5.852589606827829
2024-05-27,-0.2554205267887453,-4.28749683089502,-5.887003409230543
2024-05-28,1.9027296928678696,-4.435004010855142,-6.264156800021005
2024-05-29,0.7081817937202872,-3.9709052594690757,-5.465114327458855
2024-05-30,0.39264970970643254,-4.232953470051592,-5.899248809161041
2024-05-31,0.005442283467262221,-4.067211080438412,-5.695464998815496
2024-06-03,3.149562439838175,-4.057884904958579,-5.430964686570832
2024-06-04,-1.0211120259192077,-3.935502987076785,-5.387597534833285
2024-06-05,0.9303778589770348,-3.9744925166649923,-5.785601924235485
2024-06-06,0.9514508174544105,-4.07599905576404,-5.898021832530276
2024-06-07,3.904631783472023,-4.0077980864789495,-5.820135766672478
2024-06-10,3.031845982375905,-3.8939858558296296,-5.284497650903827
2024-06-11,3.6884385877348023,-3.8764941076240076,-5.296388873551315
2024-06-12,4.259788485760764,-3.8111301058489775,-5.283320065999453
2024-06-13,5.135485068156345,-3.8071131193748298,-5.294592950846073
2024-06-14,5.40571406553728,-3.6961833972981126,-5.251951491199967
2024-06-18,2.4350163011817774,-4.1941030274894295,-5.840692999946533
2024-06-19,6.2820123027179,-6.663671670791078,-9.211857216554234
2024-06-20,3.50156479254595,-6.988515870256624,-9.797850767074198
2024-06-21,1.4452373489097898,-6.86853832168302,-9.316371641791783
2024-06-24,-1.3769671190037227,-6.698440048578731,-9.141471366309572
2024-06-25,-0.5291956567764851,-6.488240851486205,-8.878994508873914
2024-06-26,-0.7422201346587451,-6.174606243723831,-8.38239216466398
2024-06-27,0.7393259007804598,-5.730295715953077,-7.6688835416689995
2024-06-28,1.5351010468949373,-4.540956479720953,-6.240183727562452
2024-07-01,2.2077936880410873,-4.484625731594978,-6.19900476009877
2024-07-02,1.2812150782289045,-4.545357843990526,-6.194482445524229
2024-07-03,1.969316865693305,-4.499462492401013,-6.1383486947106976
2024-07-04,2.64785541062825,-4.3702405361740455,-6.02931200222246
2024-07-05,4.37040145467043,-4.264574926255275,-5.957613334585456
2024-07-08,5.385157528890869,-4.347501638513774,-6.033357845257861
2024-07-09,5.455507908206815,-4.227539781393984,-5.838661688798063
2024-07-10,4.796267896551004,-4.264003533629327,-5.933411269741304
2024-07-11,4.272412850507038,-4.478401511717097,-6.277322154941931
2024-07-12,4.664769632254113,-4.477406770384221,-6.2473566403087215
2024-07-15,4.583299336463165,-4.42171921377312,-6.149765625343608
2024-07-16,6.12851123264153,-4.585865552185193,-6.347966020145381
2024-07-18,6.87344808834406,-4.519936654955165,-6.278954800809466
2024-07-19,5.522497531187534,-4.495826119808163,-6.211309469851179
2024-07-22,4.876128130444634,-4.634896084255903,-6.392395740902645
2024-07-23,4.383417156850895,-4.552976250794016,-6.2674513124617866
2024-07-24,3.770783480568592,-4.525482397506233,-6.18591810566011
2024-07-25,5.478768734241879,-4.582920402272744,-6.1910023428936345
2024-07-26,6.615380609378635,-4.453859764428142,-6.048443293961729
2024-07-29,5.9136475738631,-4.405861858834442,-5.954083937617703
2024-07-30,5.9467463461135495,-4.420186982046092,-5.97542254647832
2024-07-31,5.016835088853562,-4.376284091482244,-5.914574574796815
2024-08-01,2.985980635029655,-4.502222799092867,-6.002536595275775
2024-08-02,1.4360800662606281,-4.437321109638257,-5.91523949125214
2024-08-05,-2.6062915033396648,-4.3786285752631064,-5.935606000933669
2024-08-06,-3.040283422676289,-4.386899410686005,-6.055030927309698
2024-08-07,-1.7001290984871869,-4.386223683296719,-6.134121709131306
2024-08-08,-3.280970415729949,-4.544944352413757,-6.3538421558680795
2024-08-09,-3.4302089575991865,-4.549219943253096,-6.2794902863009225
2024-08-12,-3.5047900986267244,-4.336946493962434,-6.094966324934809
2024-08-13,-5.327088369339465,-4.471664693622514,-6.1552327029599985
2024-08-14,-4.656905853059137,-4.413390430606577,-6.093087164493711
2024-08-16,-2.151637331886485,-4.425277169538957,-6.101753702442403
2024-08-19,-0.18122583910332257,-4.667176905241143,-6.357804129849322
2024-08-20,3.922172351263597,-5.366876402941407,-7.378145798486102
2024-08-21,4.30568698520365,-4.991523306042722,-6.91677744569957
2024-08-22,3.0351279474127173,-4.88295655020059,-6.662632641029697
2024-08-23,3.638080701721225,-4.91085034678005,-6.623668049658047
2024-08-26,2.38979358343761,-4.705473796160786,-6.4898474261706545
2024-08-27,1.680980043145507,-4.652394910441816,-6.39205096368364
2024-08-28,2.969304871517975,-4.78889336425401,-6.616590741146862
2024-08-29,3.7530795097104925,-4.677894043951843,-6.397218142452676
2024-08-30,1.7853840321376824,-4.676608867209454,-6.452578495737709
2024-09-02,2.0942132833839078,-4.628442977406043,-6.33107203266265
2024-09-03,1.3907549486438275,-4.393817085582937,-6.019440535207832
2024-09-04,1.0192303663753979,-4.367951873393391,-6.044759141694776
2024-09-05,1.0680769643671626,-4.327229420667169,-6.032447980296158
2024-09-06,-1.1322466978304773,-4.344434523959948,-5.926726709723636
2024-09-09,-1.1015291928515925,-4.361274886264457,-5.980377844370031
2024-09-10,-0.6985744141763722,-4.25438372706036,-5.91034943667595
2024-09-11,-2.832922567697255,-4.324296066959523,-6.036827287880894
2024-09-12,-2.342521098864132,-4.49150411419494,-6.178039810871007
2024-09-13,-2.2459819420856575,-4.421192117674798,-6.066812745207769
2024-09-16,-3.1373180192304595,-4.313784538115199,-6.060991379596507
2024-09-17,-3.135594110491592,-4.2646400023318005,-5.939041705747135
2024-09-18,-3.734196090355038,-4.289701105118654,-5.886785062915973
2024-09-19,-3.2771989693144077,-4.399632868824212,-6.370828737558265
2024-09-20,-0.7261320653711225,-4.807663438574416,-6.599180457947016
2024-09-23,-0.18869464367358735,-5.080143303175332,-7.074844602421946
2024-09-24,-0.6956453008220076,-4.742302496867084,-6.559521380501615
2024-09-25,0.6447182274830823,-4.966452097347943,-6.743154963030878
2024-09-26,0.21838224625426728,-4.876332473889005,-6.705883985587204
2024-09-27,0.19020514922319737,-4.734043943202594,-6.567178454114845
2024-09-30,-0.46842741244178754,-4.686201582795744,-6.463844841163041
2024-10-01,0.0019175283208998917,-4.685895452070948,-6.5433727567998865
2024-10-03,-0.7521887197793826,-4.832619530915814,-6.6237251451817265
2024-10-04,-0.9767821564228101,-4.59314929905913,-6.33819542214388
2024-10-07,-2.35772262582628,-4.543832459993444,-6.300988430336929
2024-10-08,-3.1358764416239806,-4.991691659148522,-7.030952415252074
2024-10-09,-1.90713305908966,-4.686046286126885,-6.609237535008973
2024-10-10,-2.1947158436142553,-4.727419044165415,-6.717615291416867
2024-10-11,-2.9940114068863846,-4.808414566742544,-6.854988372118431
2024-10-14,-2.4729088135645148,-4.721083641124881,-6.674778796589817
2024-10-15,-1.4397894558642526,-4.897152689521011,-7.001214472664932
2024-10-16,-2.320442383911746,-4.572601118363027,-6.63609936698749
2024-10-17,-0.8166976775917032,-4.934351076414531,-7.196763702133219
2024-10-18,-1.5155489509922733,-4.704287018962249,-6.746825888869088
2024-10-21,-1.6460622517086354,-4.7051149654989715,-6.7274788321671775
2024-10-22,-3.3577592492527857,-4.661607388818578,-6.687530688148385
2024-10-23,-4.100396932080176,-4.6465506924729905,-6.7007629104654205
2024-10-24,-4.531522216326996,-4.623088171258047,-6.568256845791074
2024-10-25,-5.810978136068341,-4.5986365074157005,-6.487592083694276
2024-10-28,-5.000989620908468,-4.488596069916612,-6.514075492885519
2024-10-29,-4.754491101399689,-4.498332118651452,-6.525252703344926
2024-10-30,-4.827065542545105,-4.766146599225146,-6.7061708223428615
2024-10-31,-5.936002082467095,-4.6114977057900255,-6.596998260817909
2024-11-01,-4.936512678196452,-4.897241070390309,-7.1087119473947915
2024-11-04,-4.376969712120665,-4.6950301832748265,-6.803339749980077
2024-11-05,-2.09400048679751,-4.903869532297932,-7.227432578661212
2024-11-06,-0.7446606171937109,-4.714837784257374,-7.059894055159704
2024-11-07,-0.45319428910092785,-4.853967895332536,-7.159338614470782
2024-11-08,-0.011767286108387731,-5.018611690219965,-7.580645869759667
2024-11-11,-0.9308579930021424,-4.813524229989444,-6.989167489610312
2024-11-12,-2.2333511892790674,-5.471067842955447,-7.977770596410386
2024-11-13,-1.8863431596761775,-5.3837177144105075,-7.692638877229487
2024-11-14,-2.0926757817602972,-5.281580993361648,-7.498182645169396
2024-11-18,-2.6850641330423572,-5.0476025157591895,-7.131847795307608
2024-11-19,-2.2140570983756853,-5.003948299408014,-7.223680736459201
2024-11-21,-4.13279696014655,-4.971654412290209,-7.14622614181688
2024-11-22,-2.15979618367009,-5.064555682403023,-7.432614484413221
2024-11-25,-0.028184882717570137,-4.985886202068191,-7.30105066094826
2024-11-26,0.15099232162108742,-5.258143545317455,-7.845400700768546
2024-11-27,-0.24676056761762227,-5.035483048852357,-7.464267281769135
2024-11-28,0.03618677905634482,-5.139033617898582,-7.356166745435639
2024-11-29,1.0988666809968128,-5.217097659923108,-7.7476351869778215
2024-12-02,2.61091190837034,-4.552625009994852,-6.4396255526320365
2024-12-03,3.821585416650713,-4.8016687202938275,-6.825207711258823
2024-12-04,3.2854879440872895,-4.597600389650288,-6.588866360519885
2024-12-05,5.655687886775858,-4.631382573117608,-6.446306736234803
2024-12-06,2.8741910016867203,-5.127831785756089,-7.248095199729416
2024-12-09,0.18636997134001287,-4.915673113865956,-6.77659787788225
2024-12-10,0.8327857598916077,-5.220015303221088,-7.657182553039784
2024-12-11,1.0511158411920805,-4.938199614268553,-7.030065791342281
2024-12-12,1.1355610538697056,-5.091609587159312,-7.55827683765267
2024-12-13,1.5407100776753602,-5.021736832909172,-7.388350378545474
2024-12-16,0.6891815872590226,-4.8938126981291346,-7.348752362898869
2024-12-17,-0.9216899866567773,-4.998315931271034,-7.565046732885581
2024-12-18,-1.6136412913360396,-4.958516016096716,-7.211802678444057
2024-12-19,-3.7821225260551525,-4.890457993451742,-7.230182715567733
2024-12-20,-6.114505758818613,-4.9978767999638976,-7.433330395124745
2024-12-23,-4.261627616518908,-5.019359588623455,-7.136380442832395
2024-12-24,-4.894268436283823,-5.054969074317999,-7.391370368038555
2024-12-26,-4.946806672473893,-4.845525113445336,-6.690843139574493
2024-12-27,-3.741048232524426,-5.114138048729514,-7.277421989904436
2024-12-30,-5.772873694447452,-4.519035150983596,-6.439700771961428
2024-12-31,-5.173306771275765,-4.534757825418874,-6.14497366627797
2025-01-01,-4.401293680727541,-4.763432136350516,-6.617713089571153
2025-01-02,-0.9760732909630354,-4.798170579046999,-6.461236415174111
2025-01-03,0.6900273161946149,-5.03568083481304,-6.830825906448833
2025-01-06,1.2719592096729948,-4.942929824484914,-6.937204382896316
2025-01-07,1.6541497633305422,-4.684924984554529,-6.37122340562055
2025-01-08,1.6354293213574076,-4.667398336404015,-6.500993286644303
2025-01-09,0.8446892211680322,-4.6863543266814505,-6.478453352387354
2025-01-10,0.6633965671090123,-4.654296585591207,-6.4891777073734955
2025-01-13,0.4941077622043719,-4.730955855650142,-6.667938340327024
2025-01-14,0.7115554683105548,-4.7115409385762925,-6.533501183983327
2025-01-15,0.6155667298076395,-4.5276945042590695,-6.127198852243237
2025-01-16,-1.4547280580662376,-4.62363516702986,-6.377290243856073
2025-01-17,-3.4714596221731355,-4.776151767056346,-6.51367390783342
2025-01-20,-1.9587272018672501,-4.691302974867884,-6.38995811733652
2025-01-21,-3.9626119905376007,-4.483796758334432,-6.132912300649812
2025-01-22,-3.902483034923723,-4.375162364599971,-6.05918775681248
2025-01-23,-3.2641772354766903,-4.614551501534173,-6.329989297026375
2025-01-24,-3.2735319470603654,-4.606130179926738,-6.459505400493005
2025-01-27,-3.0837508682567423,-4.686295169177093,-6.43756960345394
2025-01-28,-2.5119394155158203,-4.7691781717668515,-6.607574677334133
2025-01-29,-0.9867586141610727,-4.633019820290611,-6.489422000393178
2025-01-30,-2.990955717042265,-4.617273561196032,-6.432838642867775
2025-01-31,0.21864683342067015,-5.092621122174811,-7.114044435035374
2025-02-01,-0.541900346909982,-4.785764003798366,-6.641496483375493
2025-02-03,-0.5552397180792995,-4.975113921095678,-6.731411562716826
2025-02-04,1.2907220642832054,-4.815722354477227,-6.653342193373867
2025-02-05,0.6157797470144428,-4.712791317550589,-6.416530017812451
2025-02-06,0.0025402314388304204,-4.774272621113342,-6.436714060147935
2025-02-07,0.1655904757499349,-5.289216847346475,-7.267301691372817
2025-02-10,-1.2632682651807223,-5.2018323467226635,-7.090706284877309
2025-02-11,-4.3392855039911105,-5.241520569574379,-7.150199102706629
2025-02-12,-2.198305957110877,-6.175666680861548,-8.878384413957082
2025-02-13,-4.689113172764335,-5.820779203063461,-8.38871353193458
2025-02-14,-4.285574544457646,-5.673962315459383,-8.338129255553456
2025-02-17,-2.6109169665733476,-5.559015204185921,-8.191774097667448
2025-02-18,-4.9107406897867225,-5.5149014407472094,-8.033866932213892
2025-02-19,-5.266188684049117,-5.30647887433508,-7.508663800377124
2025-02-20,-4.02913719297517,-5.18968990138215,-7.367050317692792
2025-02-21,-4.25589738848203,-5.072988195816335,-7.257238999527315
2025-02-24,-4.617716072064985,-5.182436361351994,-7.440947931447325
2025-02-25,-3.3968614378339352,-5.304046813203522,-7.551151736533441
2025-02-27,-4.680409029543212,-5.0333802531146175,-7.123001244666511
2025-02-28,-7.455050694467364,-5.093511387627545,-7.466793461273689
2025-03-03,-6.882671165357369,-5.14151652640159,-7.516537574561056
2025-03-04,-7.087125118786915,-4.938968414041903,-6.99645748383021
2025-03-05,-4.793808601599445,-4.936441748949907,-7.277056540020826
2025-03-06,-3.101635075304602,-5.129641455617701,-7.370354366879173
2025-03-07,-3.91800410995878,-5.21754241984494,-7.4735137627104775
2025-03-10,-2.2573987736693373,-5.3365885522980685,-7.593822803788054
2025-03-11,-2.0736128160435356,-5.32273839464701,-7.634241180803717
2025-03-12,-2.7054587719773475,-5.456862496734106,-7.620125816514426
2025-03-13,-2.4513219387758953,-5.3287129303488685,-7.27206563464905
2025-03-17,1.08535146496817,-5.84975137879863,-8.431027446914197
2025-03-18,0.6761357469400076,-5.636140298185059,-7.895218883435879
2025-03-19,2.354385343617505,-5.444149050645721,-7.844495058286906
2025-03-20,1.8728351742278722,-5.3666486143039025,-7.584863111978043
2025-03-21,1.5120108818457498,-5.061975254243002,-6.929838138642561
2025-03-24,3.140125525547667,-5.096256576956331,-7.12170831686674
2025-03-25,2.91710381056473,-5.074061952940346,-7.089235711701207
2025-03-26,2.7358313284605718,-5.282017234733264,-7.397444942462096
2025-03-27,2.438623385945764,-5.39189361760543,-7.546609677095475
2025-03-28,2.9704930088446826,-5.3664589053974385,-7.654739289439985
2025-04-01,1.7205104093030197,-5.2022361761831455,-7.395254097787266
2025-04-02,2.289313207083817,-5.197446327260094,-7.331542247230268
2025-04-03,-0.90059492286049,-5.2930796369912745,-7.535650475860212
2025-04-04,-4.98573524763035,-5.252075790058552,-7.498783365779314
2025-04-07,-8.27132904789948,-5.268774963870037,-7.415521880945435
2025-04-08,-7.546103220853105,-5.186691066814027,-7.376820397739307
2025-04-09,-8.814798447224044,-5.111130630094248,-7.376144827923254
2025-04-11,-6.546270809235338,-4.959342440230333,-7.156664080226577
2025-04-15,-3.747718351233255,-5.472079879396517,-8.016408025569948
2025-04-16,-3.733763777316864,-5.419874180405739,-7.80228938549681
2025-04-17,-1.4099362896285759,-5.406459763380333,-7.7163240434811815
2025-04-21,-0.7480617102830442,-5.1398084862533455,-7.4704011142715245
2025-04-22,0.8478991454271958,-5.2485717446558535,-7.5672634083775305
2025-04-23,5.5817425437271275,-5.852239164127295,-8.550338269561875
2025-04-24,7.8189615155995575,-6.508901960325345,-9.462753280048368
2025-04-25,4.978189864716816,-6.0602369875682935,-8.748718348086758
2025-04-28,6.846055271585383,-5.922368071783213,-8.50068926828609
2025-04-29,5.716511220406763,-5.54633490554176,-8.018053327722063
2025-04-30,2.7411054640454564,-5.335422230730122,-7.859746708708766
2025-05-02,3.1963515388523245,-5.223220622549233,-7.547505039258649
2025-05-05,2.567061501595706,-5.242397976728262,-7.458476978006655
2025-05-06,0.7173654163699411,-5.179177122121706,-7.410261413511571
2025-05-07,1.604428250398401,-5.1683920487876485,-7.418426230953961
2025-05-08,-0.6599696994943562,-5.255587993559201,-7.557450759713215
2025-05-09,1.0753687745191174,-5.065016370603299,-6.97672622765332
2025-05-12,5.373294522083302,-5.241124327258097,-7.454536031503214
2025-05-13,2.8164646366832446,-5.176250990807374,-7.286974198806386
2025-05-14,2.6993259598296175,-5.066972279796162,-7.053019138222049
2025-05-15,5.610575813702578,-5.457822909212707,-7.751170070315327
2025-05-16,5.321195710868385,-5.221536322154137,-7.328439253535829
2025-05-19,4.2938491551555655,-5.126965353827526,-7.32928941646828
2025-05-20,3.8236567472232004,-5.137994296446556,-7.174554135234565
2025-05-21,3.407344905322798,-5.2040906818347885,-7.692988961153123
2025-05-22,2.5873676143955304,-5.091915296822963,-7.452461792874974
2025-05-23,2.4082873353157606,-5.150388317566743,-7.439935679982667
2025-05-26,-0.049265107001052355,-5.388121789201676,-7.772212424341214
