Date,Actual,VaR_5%,ES_5%
2015-05-22,-0.554657337563845,-1.8007054056518885,-2.494292152989072
2015-05-25,-1.58095843578943,-1.7982578116942394,-2.4988405089214765
2015-05-26,-0.4620861091214525,-1.861432366992168,-2.644249517258404
2015-05-27,-1.4304193913943424,-1.7440641377050308,-2.446194466076359
2015-05-28,0.9565634536101898,-1.907099489307857,-2.6727199490955247
2015-05-29,0.3821380011399226,-1.8353088164562312,-2.5524656702327384
2015-06-01,0.4144652730402825,-1.8906762310409801,-2.6261654670307744
2015-06-02,-2.6608635253430704,-1.9770940123114897,-2.6978628457720837
2015-06-03,-1.872172014017385,-2.192865189774705,-2.953100501557625
2015-06-04,-0.46939516185467256,-2.095868448393719,-2.778957127880379
2015-06-05,-0.49770950247895496,-1.8844574222449901,-2.572483224531552
2015-06-08,-1.3060923494782823,-1.8690565881877235,-2.5440885119806524
2015-06-09,0.64281303791689,-1.9300406102270842,-2.583691225200784
2015-06-10,1.10820685625922,-1.7415183087931843,-2.4192741206412016
2015-06-11,-2.0496375583032673,-1.68599209353994,-2.387742896440518
2015-06-12,-0.8497701487678576,-1.9673932565258685,-2.721770771409613
2015-06-15,0.5730110958700751,-1.8991292202746222,-2.6764029294032845
2015-06-16,1.4282441365841525,-1.8254336278790155,-2.5115889010842998
2015-06-17,0.80804837192985,-1.785235882373007,-2.46577251674596
2015-06-18,1.1329610120861626,-2.04072132793083,-2.781966682046478
2015-06-19,-0.5534493768049127,-1.7842002087834574,-2.5159227208171187
2015-06-22,2.1430654809793497,-1.791336704610698,-2.5180877873568743
2015-06-23,-0.60770100608168,-1.7805856968005687,-2.4900106811731413
2015-06-24,-0.36546296470332995,-1.8417127921239749,-2.6447433809312386
2015-06-25,-0.1540693523086375,-1.9611135634731276,-2.757768534025988
2015-06-26,0.840073924002015,-1.7796757507253858,-2.4918500500831104
2015-06-29,-1.0989845689848952,-1.8128751804436376,-2.481086613477105
2015-06-30,0.9404510577182799,-1.8585897040767227,-2.580605472451679
2015-07-01,1.43311849397637,-1.8394851692152034,-2.550224691019119
2015-07-02,-0.5473528230006148,-1.6921378207744402,-2.319449381488463
2015-07-03,0.043916144936780005,-1.7523713579382156,-2.492259216539973
2015-07-06,-0.0867133126369175,-1.6322218007444267,-2.2291959499478007
2015-07-07,0.06420252799694748,-1.6921617890828047,-2.3271180188632714
2015-07-08,-2.608484732847623,-1.6304907860863898,-2.323330873068849
2015-07-09,-1.08731319453749,-1.9899950869974476,-2.7294641327426152
2015-07-10,-0.0815124225935824,-1.9115826012139248,-2.6767105542198997
2015-07-13,0.9254279879371625,-1.8904183455125656,-2.6123030986850195
2015-07-14,-0.5316222139470226,-1.8371411840233236,-2.6416333995539345
2015-07-15,0.8929567786024076,-2.092852185846652,-2.8865276262980353
2015-07-16,0.7825940763034125,-1.8953893982889356,-2.655828914747998
2015-07-17,0.05953978301312002,-1.7837243639512157,-2.4679325723959544
2015-07-20,-1.12137541737719,-1.7975961716820028,-2.5032019809312778
2015-07-21,1.631292936953338,-1.823343702992315,-2.5516812650174807
2015-07-22,1.0192355588516375,-2.4498200025066987,-3.671870718178371
2015-07-23,0.32301915375543244,-2.206527664782038,-3.165494256884226
2015-07-24,-1.5062523542638124,-1.8198260043242782,-2.562800230572998
2015-07-27,-1.9971086187999876,-1.961851633912793,-2.7097580517025355
2015-07-28,-0.347919892422075,-1.9248585230207997,-2.6606041834689074
2015-07-29,0.250293543340695,-1.8058495974272997,-2.5398235827136078
2015-07-30,0.6132691869920225,-1.8433670377961109,-2.5531237396470328
2015-07-31,1.868055291373905,-1.9001416745812074,-2.702057243261571
2015-08-03,0.9976399140550751,-1.7604823168797599,-2.3836910070197783
2015-08-04,-0.37364879224624503,-1.8453951252648422,-2.545089687923718
2015-08-05,0.12655885613040002,-1.7806118005656146,-2.563136284771503
2015-08-06,0.7491940954438601,-1.8889213067930044,-2.611512030786235
2015-08-07,0.10199008436116508,-1.7569823413627483,-2.46606655009091
2015-08-10,-0.54977082818203,-1.8745194208448603,-2.5985246396679282
2015-08-11,-2.3341933418220044,-1.7726138322966456,-2.5242515683104703
2015-08-12,-1.989180981232525,-2.1827643593315473,-2.997108098048304
2015-08-13,0.17557672743565506,-2.174262048929028,-3.065838632356875
2015-08-14,1.2122468317372899,-1.9539826257081099,-2.6840354686785157
2015-08-17,0.9911950259282251,-1.860395141337415,-2.5779448190277616
2015-08-18,0.40209377124942497,-1.8431988400881587,-2.585680774601018
2015-08-19,-0.07971947021636744,-1.883077150825455,-2.6398876306508434
2015-08-20,-2.3378663218909024,-1.979700065258331,-2.671172204493365
2015-08-21,-0.3293665991349125,-2.0276137540404244,-2.87701723316669
2015-08-24,-6.2828723531835005,-1.9465658081525505,-2.697958586932901
2015-08-25,2.69835281243074,-2.77043750336071,-3.7576724896177804
2015-08-26,-1.1034708013983598,-2.287595917708188,-3.2071346198386337
2015-08-27,0.805744417421985,-2.27708247113812,-3.2310464739787967
2015-08-28,0.9424055582226349,-2.048549042142708,-2.93455065918709
2015-08-31,-0.3447770489119525,-2.003102722550624,-2.8213618058118968
2015-09-01,-1.94515585141023,-2.085600566971048,-2.9651616907675407
2015-09-02,-1.7752961018181075,-2.1643355512758613,-3.0135561784574914
2015-09-03,0.9675500904746107,-2.2818234614133504,-3.098073231932938
2015-09-04,-2.2845245230586553,-2.015492734929321,-2.7721793460435395
2015-09-07,-1.1216319488216024,-2.1471411793776407,-3.0052395123799074
2015-09-08,0.84510953015202,-2.1328771459934264,-2.907603477574858
2015-09-09,2.15163196393888,-1.9974645794877728,-2.8820996767985734
2015-09-10,-0.39432225017239,-1.9876412740026643,-2.7970803432738105
2015-09-11,0.0077529872685375145,-2.0218121872087287,-2.775486009987293
2015-09-14,0.902172950574895,-2.020748204970786,-2.7739776262877713
2015-09-15,-0.8695451414188999,-1.9198841555848603,-2.763205854252734
2015-09-16,0.8157842682753249,-2.0586306535982763,-2.8227687751272525
2015-09-18,-0.25753296702523504,-1.8607816505890105,-2.6558948883459075
2015-09-21,0.22252042018087248,-1.8496788469013203,-2.569152441588526
2015-09-22,-2.0724408673422197,-1.8920442219034612,-2.597545112198231
2015-09-23,-0.07116973915643249,-2.1046723795818165,-2.8929048673433035
2015-09-24,-0.21263481882132,-1.9079447082566225,-2.607558136699215
2015-09-28,-2.016858886633495,-1.980766138434132,-2.743483645737978
2015-09-29,0.7472013809507225,-2.012679728487509,-2.8226246445610594
2015-09-30,2.1714621841982473,-1.9009102612421018,-2.6373886026446964
2015-10-01,0.005274561408882494,-2.353698296458611,-3.180129774103828
2015-10-05,1.9120387125828027,-2.015574731931399,-2.77320308052378
2015-10-06,1.45406045157343,-1.8581404493252038,-2.64621542477425
2015-10-07,0.2816710066315699,-1.9870704321035262,-2.7289220801814724
2015-10-08,0.0397836418699775,-1.895856036182717,-2.6968809950022323
2015-10-09,1.6063758308394676,-1.8144575869495079,-2.5503547613020614
2015-10-12,-0.5449422481396274,-1.9010918706961384,-2.7099392271589786
2015-10-13,-0.751830397253625,-1.8177180778991069,-2.458713112866803
2015-10-14,-1.0992288779103674,-1.8122274968087908,-2.6390471971192166
2015-10-15,2.2705731355565373,-1.797562949513795,-2.6012591969045817
2015-10-16,1.09619125541776,-1.7401068596615086,-2.5528487879203974
2015-10-19,0.12524743451712994,-1.727172133336392,-2.4751005818737455
2015-10-20,0.4241528416250675,-1.982919490843253,-2.7937989837498045
2015-10-21,-0.23358781107973003,-1.8356899521068097,-2.675568280107312
2015-10-23,1.0200089705801625,-1.853868480857587,-2.5788782361700306
2015-10-26,0.20113462095901496,-1.840310261628466,-2.5864003580247883
2015-10-27,-0.2765795942045475,-1.760254451904297,-2.4550512056218676
2015-10-28,-0.2187660364688575,-1.8154488069722314,-2.565279672669294
2015-10-29,-0.92083616249865,-1.7927568067514792,-2.4846963110161635
2015-10-30,-0.6275371786946401,-1.8359718692440221,-2.5678723640988226
2015-11-02,0.1499882034997625,-1.732405624993846,-2.3882549719450394
2015-11-03,-0.11664269211661252,-1.6770965183406166,-2.3723739480594976
2015-11-04,1.472176690287815,-1.738089336699806,-2.4581798158400505
2015-11-05,-0.8479114222723074,-1.6767406174063448,-2.413042274319746
2015-11-06,0.6917990625117676,-1.7849444857729804,-2.47972999667683
2015-11-09,1.311928216341825,-1.7113776542535772,-2.4831820740421864
2015-11-10,-1.4225732373363125,-1.7063838650065364,-2.3401326854836286
2015-11-13,-0.59753979371003,-1.7812590480385384,-2.582172323654423
2015-11-16,-0.2769275685106699,-1.7346802830115728,-2.330932034437485
2015-11-17,0.4155700108787675,-1.744514103081174,-2.5275073430908868
2015-11-18,-1.9252556543101225,-1.8956788576241104,-2.660609355820192
2015-11-19,1.0489576712169926,-1.8938425447972627,-2.6707871520914575
2015-11-20,-0.12975662205197996,-1.7787956077742568,-2.4843907040328075
2015-11-23,-0.2601171899915875,-1.673700313786818,-2.373803497001984
2015-11-24,0.14179082821990996,-1.6008678543066164,-2.2758538294474566
2015-11-26,1.8187255020680977,-1.8359754091717242,-2.519616927772074
2015-11-27,0.774970280003205,-1.5757356622511642,-2.2458156775506977
2015-11-30,0.613612367155965,-1.6850008379816914,-2.4172439703690243
2015-12-01,0.23461970032962265,-1.7239125465249057,-2.392033464916489
2015-12-02,-1.3516267191679874,-1.8177250796477096,-2.4687389544277907
2015-12-03,-1.29491534748955,-1.735150457693911,-2.4138208577426457
2015-12-04,-0.607735247380535,-1.7108896824675401,-2.3543406136320844
2015-12-07,0.19046153061311247,-1.7077219920299036,-2.4532651795004647
2015-12-08,-0.3595061169134175,-1.749795771240201,-2.4640536827280077
2015-12-09,-1.2562820806885475,-1.688494762517665,-2.305495333286005
2015-12-10,-0.20881657430393002,-1.6375827835453807,-2.2684367747443175
2015-12-11,-0.9462358667401449,-1.6634601863683944,-2.3557381663082317
2015-12-14,0.3296478505117674,-1.6562097810525143,-2.309514992547486
2015-12-15,1.3404344799070125,-1.742022037026531,-2.4060430070328525
2015-12-16,0.4893440029433475,-1.741578162152133,-2.3683044763999312
2015-12-17,1.0692540438009326,-1.6481680646243704,-2.3466602840853175
2015-12-18,-1.54562402994034,-1.6046175670248748,-2.26614114589085
2015-12-21,0.8622003607581,-1.7215310190286441,-2.3459133450352145
2015-12-22,-0.81879037422773,-1.6397692762283245,-2.2966276610932344
2015-12-23,0.9005174165411625,-1.6710723774721652,-2.311497990367262
2015-12-24,0.03872669944833748,-1.6227007238024453,-2.294850846949425
2015-12-28,1.0497663703637299,-1.6344160829695218,-2.226520242608903
2015-12-29,-0.44509945510144855,-1.551330999276917,-2.207549095174472
2015-12-30,-0.5954694397266875,-1.5450710394897815,-2.2163242692689518
2015-12-31,0.30288893254939997,-1.601565361293355,-2.2611328390667604
2016-01-01,0.85489114111021,-1.6282096823876333,-2.332264132255469
2016-01-04,-2.919053935608215,-1.4850178351487644,-2.1249114566495537
2016-01-05,-0.9457182130979851,-1.8667240012972501,-2.630670890591139
2016-01-06,-0.935527509023385,-1.7743513299198386,-2.5410227625851944
2016-01-07,-3.5546781040980076,-1.7549706820451032,-2.5895463987686083
2016-01-08,0.6081028875640175,-2.109433880887893,-3.075927980447018
2016-01-11,-0.20337368863421001,-1.908755556387624,-2.799165153598715
2016-01-12,-0.8633501496599276,-1.9488464814454174,-2.7976376752753653
2016-01-13,2.033355815489233,-1.9409202847904974,-2.7706551780236297
2016-01-14,-0.37389392574924496,-1.8733843255895193,-2.717155939142971
2016-01-15,-3.0328181283853874,-2.020376222509188,-2.9813553125827297
2016-01-18,-0.5319028722338124,-2.2340650131629762,-3.190022830370169
2016-01-19,1.4585787585842125,-2.0505640877163804,-2.9885053617120922
2016-01-20,-3.0452938692030225,-1.861513740838313,-2.703210699865157
2016-01-21,-1.0115130292490675,-2.220063725124651,-3.2496585448097375
2016-01-22,1.9190897382528176,-2.1328338142618177,-3.2069995308172
2016-01-25,-0.3275312259612849,-2.019330895477898,-3.046371977057492
2016-01-27,0.05188424512599754,-2.149222036595763,-2.9885681257550734
2016-01-28,0.47113265051356246,-2.051199281691436,-2.934289748935564
2016-01-29,1.0196077149901375,-2.153304397481133,-3.102386885756453
2016-02-01,-1.207702281689865,-2.35074868999086,-3.379508170428759
2016-02-02,-1.1391906097822049,-2.14117972850652,-3.0892484749054625
2016-02-03,-0.9306954024639549,-2.0575586886166812,-2.8887555198076376
2016-02-04,0.786281484300595,-2.1546640956265914,-3.027880459266119
2016-02-05,1.8784227317854598,-2.0429316154606965,-2.9891787233231697
2016-02-08,-1.4425486646567325,-1.8926620957413727,-2.732337683622128
2016-02-09,-2.79756694177431,-2.0243258441169405,-2.92078721180898
2016-02-10,-2.8553282241992024,-2.0875479948208113,-2.9691815266123682
2016-02-11,-3.454920490317568,-2.3493747798023867,-3.3726793898346688
2016-02-12,2.4522014523770497,-2.4610949283387282,-3.5437770596523115
2016-02-15,3.4778804455695154,-2.283215817426569,-3.2004730063602884
2016-02-16,-3.4052491389811825,-2.2530006812762142,-3.3215746989873733
2016-02-17,1.85935396116786,-2.8804383283680175,-3.9203685073413053
2016-02-18,1.469684393859865,-2.5702806221730317,-3.7033620120628274
2016-02-19,1.178814243918485,-2.5916452396335785,-3.699199515035494
2016-02-22,1.0836071959334874,-2.3077908706948365,-3.4023381679524167
2016-02-23,-1.8119383917762102,-2.6206103375741714,-3.68041249115141
2016-02-24,-1.3005471265181376,-2.4799573828090895,-3.451344455782875
2016-02-25,-1.5568271106422649,-2.362956831243692,-3.3808252835394224
2016-02-26,1.4191074992279602,-2.308787538661009,-3.250065046822345
2016-02-29,-1.1432072147062802,-2.2304225010634986,-3.1470709227643074
2016-03-01,2.53497293891432,-2.169470757824888,-3.123078749463694
2016-03-02,4.34346616981829,-2.2121642385037026,-3.170308888992616
2016-03-03,1.994902273492815,-2.4315826952968673,-3.5038570277777357
2016-03-04,1.2855035521266274,-2.388644203464134,-3.4563844399494212
2016-03-08,-1.3202750496557876,-2.1986797902082866,-3.132478349067148
2016-03-09,0.8492488339641651,-2.3446370844501754,-3.368198041825368
2016-03-10,-1.17921320836848,-2.2429238530392097,-3.185674634818328
2016-03-11,0.7804874582431225,-2.1871974521845843,-3.1190192086883965
2016-03-14,1.1974859938387126,-2.0844791078777454,-2.940264293075869
2016-03-15,-0.5634756273757151,-1.927874601625673,-2.733914644847217
2016-03-16,0.42152710947677,-1.9562634076692182,-2.7134565328401785
2016-03-17,0.6117510913420751,-1.857789877654401,-2.676113705432369
2016-03-18,1.63678168314796,-1.7259418583153872,-2.549919649620616
2016-03-21,2.23623729669018,-1.820001713493756,-2.686976373283249
2016-03-22,-0.1202373608922625,-1.9629343438879303,-2.80172452826616
2016-03-23,0.3437210828515575,-1.8523978799700733,-2.5409032644041325
2016-03-28,-2.35026692222186,-1.7973732412464742,-2.4676359231069935
2016-03-29,0.5489701742749875,-1.9301634236634624,-2.6898999232180354
2016-03-30,2.2967767297878274,-1.8472355217315402,-2.6041885279323576
2016-03-31,-0.06869133108866751,-1.7420128902358356,-2.5357768839744628
2016-04-01,-0.587999503435035,-1.9022965494746964,-2.7454894296887624
2016-04-04,1.355348768486935,-1.8245097945606743,-2.570359016394111
2016-04-05,-3.1365307628924652,-1.9143057936552828,-2.741899244332306
2016-04-06,0.044388631825819994,-2.1569073997428325,-3.049367907248235
2016-04-07,-1.10029214979793,-2.004681104902702,-2.914623266931376
2016-04-08,-0.7097421078098475,-1.9959672403375968,-2.8228632156856563
2016-04-11,2.4876671815905427,-1.9383129255499685,-2.715201394436078
2016-04-12,0.7250315102266275,-1.8908430571470525,-2.754727949034542
2016-04-13,1.854906510771015,-1.935305263001732,-2.731023559110069
2016-04-18,0.6433306474520024,-2.0291579584401847,-2.8631767695856323
2016-04-20,0.1092135423434,-2.153223435664853,-3.030163702198597
2016-04-21,1.02578639580585,-1.884292974395822,-2.672325420563521
2016-04-22,0.20334197328040493,-1.887855008179849,-2.6436118950574183
2016-04-25,-0.5863200641915793,-1.8310476773346445,-2.6175960269933607
2016-04-26,1.28012428130283,-1.8638774617363905,-2.6512926014595593
2016-04-27,-0.2910847240975674,-1.783140571861097,-2.622107383785902
2016-04-28,-2.045724500867032,-1.7998362708944615,-2.5872634243946977
2016-04-29,-0.844306390092575,-1.8643558603368593,-2.635076055695545
2016-05-02,-0.7001867055882999,-1.8608442384241561,-2.612782941624443
2016-05-03,-1.0104670615484026,-1.812743926759501,-2.4988432401937386
2016-05-04,-2.0195076057625148,-1.8047015521717544,-2.600364237255364
2016-05-05,0.6405700849660475,-2.101952485778604,-3.0872173145560833
2016-05-06,0.8911299011815426,-1.8756696250611495,-2.718177034743641
2016-05-09,1.0090677868530475,-1.8890580077328583,-2.7828294209631568
2016-05-10,-0.02180523650749233,-1.912887620933087,-2.722772587043457
2016-05-11,-1.4165434784935624,-2.021760344741351,-2.85194364690505
2016-05-12,0.828612930437185,-2.132524431482963,-3.0072403404679293
2016-05-13,-0.9882941081325974,-1.903475314405531,-2.7369099777409156
2016-05-16,-0.34689356280986733,-2.036541010928321,-2.9358074314303853
2016-05-17,-0.563134418912585,-2.0824873321884785,-2.935905609971487
2016-05-18,-0.2270177228955675,-1.9632224990208385,-2.756457495527385
2016-05-19,-1.2970832478054124,-1.8776952495571277,-2.727814643158631
2016-05-20,-0.5241539106160575,-2.0268428146196986,-2.869026789265311
2016-05-23,-0.6743335203126124,-1.9337780090235082,-2.787116367821667
2016-05-24,0.740812241515575,-1.9128234937259085,-2.7329141077196524
2016-05-25,2.2622684420682226,-1.7789581927131142,-2.5356703235057476
2016-05-26,2.2262556909498823,-1.8491006438985849,-2.5868722302138507
2016-05-27,2.4217651282212924,-1.8743438530322958,-2.7597675502308165
2016-05-30,1.6251041836174,-1.8558115183460742,-2.775447948750609
2016-05-31,2.379184218278535,-1.9238048545644069,-2.792838768833737
2016-06-01,-1.0113656878705026,-1.8688018744033874,-2.7090603693043493
2016-06-02,0.96888632360057,-2.0351176623084637,-2.972244573543041
2016-06-03,0.4371665753841675,-1.9912923129376394,-2.6775599867176205
2016-06-06,0.49008075104117754,-1.9544751972121408,-2.7506969385378617
2016-06-07,1.8265467040119125,-1.8473394354417823,-2.644051622031377
2016-06-08,-0.15037212222173996,-1.8925820988121909,-2.615147629070109
2016-06-09,-1.4164716328222124,-1.8955651694144853,-2.676883162486606
2016-06-10,-1.1877607801724275,-1.9514894130622198,-2.75067629834048
2016-06-13,-1.2200870085640576,-1.919092095842701,-2.7153427573033224
2016-06-14,0.5834090623794275,-1.9065640371006571,-2.6276482151649705
2016-06-15,1.76403770247367,-1.8449067556808323,-2.5881271853795362
2016-06-16,0.17202347009943753,-1.8328600688917507,-2.4939223128476082
2016-06-17,0.16661948595921755,-1.8472466226214916,-2.639193626766407
2016-06-20,1.774897979880795,-1.859214944498454,-2.555377276432818
2016-06-21,-0.38997683378539755,-1.7936978046088934,-2.570367032467659
2016-06-22,-0.9466554899774426,-1.7159344307774416,-2.4471842571615996
2016-06-23,1.8770266101280126,-1.7972282524352272,-2.635849513810632
2016-06-24,-3.4429725486811003,-1.7169232240261432,-2.4705687709660187
2016-06-27,0.05585924977823753,-2.253183350649361,-3.1017101942868903
2016-06-28,0.05077879073946745,-2.124791035623766,-3.0250277273386956
2016-06-29,0.8033158953621276,-2.317451381370659,-3.2234376657356956
2016-06-30,1.13034806024284,-2.029762238357447,-2.924192633892047
2016-07-01,0.025337184617312485,-2.0409848414410834,-2.7478489467867413
2016-07-04,1.12758235862585,-1.78339781371219,-2.488820989535376
2016-07-05,-0.6662383022280349,-1.915182970424956,-2.6995914848054805
2016-07-07,-0.3159326052170351,-1.7588038843161196,-2.5725600527140013
2016-07-08,0.49120894529591497,-2.0168800645270664,-2.7621714134519464
2016-07-11,2.2809812053506375,-1.8417012023263477,-2.5779985996978456
2016-07-12,0.12740843506606503,-1.877671672287039,-2.682750886612704
2016-07-13,0.36620160480352,-1.7944750066396211,-2.5936409591474976
2016-07-14,0.5037582135747924,-1.8169135017969165,-2.5119416892590145
2016-07-15,-1.7301571424763873,-1.7579928257580542,-2.5204251099788957
2016-07-18,-0.663478987722355,-2.021547303312057,-2.9227382174592798
2016-07-19,-0.19679414921451743,-1.7949465442547912,-2.5399683017999712
2016-07-20,0.13617257578018743,-1.79036704066755,-2.5968602435817036
2016-07-21,-0.73401298827407,-1.7988614153379978,-2.576580101202671
2016-07-22,0.2076908478956626,-1.8105852906715554,-2.4626636489192557
2016-07-25,1.09301675356003,-1.7916299010927745,-2.540436863130899
2016-07-26,-0.5709546063569875,-1.679732497729417,-2.4217563097180936
2016-07-27,0.5724198028439076,-1.7330321376653348,-2.521681113333253
2016-07-28,0.0018862352712725183,-1.7000823230778286,-2.352351833878943
2016-07-29,-0.08036414281488499,-1.6841447590446565,-2.2753659029291238
2016-08-01,0.3500366475823525,-1.709501602888682,-2.488679097359524
2016-08-02,-0.6326832259387951,-1.6725230116241936,-2.373618130746422
2016-08-03,-1.2646853618352725,-1.6786451271623963,-2.38839721754485
2016-08-04,0.8057768048597875,-1.861082223476707,-2.65072554948528
2016-08-05,1.6945958728281725,-1.8426308444439345,-2.4892204380967575
2016-08-08,0.33310274343261503,-1.7427559971667277,-2.4859299107843307
2016-08-09,0.39033234081159995,-1.749205972090283,-2.45275887970506
2016-08-10,-1.1741836106006724,-1.6329558304322414,-2.34945036443747
2016-08-11,-0.31237431295378254,-1.743220196207712,-2.493580792871882
2016-08-12,2.018150087771437,-1.7072875859216035,-2.387133044457841
2016-08-16,-0.5876739545123275,-1.7423884663847335,-2.405632122931209
2016-08-17,-0.7101980713737026,-1.8687830682139548,-2.698802141330014
2016-08-18,-0.11573574604510248,-1.8451469146679034,-2.6742967457503526
2016-08-19,0.9479061656069101,-1.7873746901417016,-2.5166018237678114
2016-08-22,-0.2753731753638675,-1.7595652856409056,-2.4760002026852215
2016-08-23,0.36090429157669257,-1.8831280006997404,-2.5581289672132868
2016-08-24,0.04455548171226999,-1.7079194369866046,-2.420725487932018
2016-08-25,-1.3904298945394424,-1.733736629325625,-2.3759747486716294
2016-08-26,-0.421253156381665,-1.7678993681995736,-2.365829301249164
2016-08-29,1.3761405690804849,-1.7186248244746067,-2.3219227415970227
2016-08-30,1.4567155063522326,-1.7798001117825015,-2.395661093556218
2016-08-31,0.11261254738279253,-1.7924428925836413,-2.490955173152444
2016-09-01,0.5039725355598674,-1.6938273392569287,-2.338007252750432
2016-09-02,0.26564809734921,-1.654332482432314,-2.2982475983583432
2016-09-06,3.0177101396034347,-1.6111210556739703,-2.158700652583398
2016-09-07,0.6736367973966024,-1.9240883545921754,-2.6770885367571053
2016-09-08,0.10128419315123505,-1.694781337375871,-2.3207651434589223
2016-09-09,-1.4980334238811799,-1.6721087378496429,-2.275716862291579
2016-09-12,-1.8453295606908224,-1.7748197176064366,-2.4435669954551438
2016-09-14,0.31304897053881,-1.891653332342122,-2.555208847789284
2016-09-15,-0.21199832179334502,-1.7443130724016673,-2.3644692237651097
2016-09-16,-0.20264830637405998,-1.6932555841097388,-2.3213036063644044
2016-09-19,0.424584263306245,-1.7007777021743817,-2.335639788105771
2016-09-20,-0.9006484451756249,-1.6513127756203223,-2.229969042130244
2016-09-21,0.15209057185878497,-1.6578591357355417,-2.2725669139123066
2016-09-22,1.0413394152037976,-1.6664651920032554,-2.268011954035367
2016-09-23,-0.9454589457727625,-1.6038495364258225,-2.218511245783631
2016-09-26,-1.759721060454885,-1.6791260697719195,-2.278132734356236
2016-09-27,-0.1975574239769825,-1.8137882716251206,-2.4072993135986804
2016-09-28,0.5442568485362574,-1.792952498083674,-2.411466635996798
2016-09-29,-1.7775473243768825,-1.5955942298826578,-2.181468093116576
2016-09-30,0.6706902639377725,-1.7952297242903528,-2.4505700026650765
2016-10-03,0.7516780231506375,-1.7053303521233376,-2.317357227698812
2016-10-04,0.875905904991845,-1.6422696272673936,-2.2558700416862076
2016-10-05,0.663287191046315,-1.6425922585730177,-2.246539597105344
2016-10-06,-0.7164479478530599,-1.692423454513935,-2.2829020930850716
2016-10-07,0.2537769459261425,-1.7543801775446828,-2.3193454346557334
2016-10-10,0.028990907200802496,-1.6774069987602862,-2.3564515103465236
2016-10-13,-1.3311853418650323,-1.6988214044125394,-2.2907164024183073
2016-10-14,-0.43176346115301256,-1.9925154162310938,-2.6270744732080438
2016-10-17,-0.18747080981937503,-1.7118540301908158,-2.3668525009371866
2016-10-18,1.2568109167352826,-1.711056784984962,-2.3563883758657687
2016-10-19,-0.53212914067028,-1.702709046236479,-2.3471926425026512
2016-10-20,0.006277029728420036,-1.6683317625385827,-2.216932285508633
2016-10-21,0.357127892115105,-1.650473828603229,-2.2224280878482294
2016-10-24,0.764512144275415,-1.6604569962641824,-2.2063289258466754
2016-10-25,-1.13056524674477,-1.6433489251775752,-2.2364638538827415
2016-10-26,-1.1157749857677073,-1.6882968046155258,-2.2632685684355986
2016-10-27,-1.049281460739155,-1.9689228566509758,-2.6855595127463623
2016-10-28,0.6982416299158626,-1.7424618633584152,-2.3437999585523817
2016-11-01,-0.23772778606956246,-1.6948777999465563,-2.2792006212092977
2016-11-02,-1.6419231802229226,-1.6761036586269702,-2.248823112644833
2016-11-03,-1.11014261870712,-1.8754799403302016,-2.543161551063958
2016-11-04,0.17800416819713502,-1.7326913469518666,-2.3536708767039167
2016-11-07,0.5732200511262349,-1.779216050249088,-2.3837660567143932
2016-11-08,1.938000089957845,-1.6958852852088349,-2.346257889502989
2016-11-09,-0.70832865182576,-1.7952152407679627,-2.446222118981158
2016-11-10,1.1838636837339849,-1.7570982769098338,-2.362397828270854
2016-11-11,-3.01507737995288,-1.8779461569272549,-2.680942355143425
2016-11-15,-1.9475966967677174,-2.1618352727036103,-2.8599005620961426
2016-11-16,0.5348230461450575,-2.452205652724454,-3.3658291011410717
2016-11-17,0.5885108296320251,-2.3430029591951156,-3.2069504749212716
2016-11-18,-0.7712931020022924,-2.2752195212454898,-3.132582051585164
2016-11-21,-2.9036757512062126,-1.8390560748324942,-2.4781473846305797
2016-11-22,1.1981108945648775,-2.4792960931388484,-3.6246314285489674
2016-11-23,1.0032100201750775,-2.426623263331911,-3.4230197356543712
2016-11-24,-0.6271599650405999,-1.9768468980721396,-2.6696888691220937
2016-11-25,1.3777894413054501,-2.2723573259581133,-3.0681768406621357
2016-11-28,-0.4050368981034075,-2.398762530174559,-3.2401877015639493
2016-11-29,-0.13964838519697254,-2.1948678637975747,-2.9761214930204245
2016-11-30,0.9355691468579749,-2.179022468996189,-2.9806134909761304
2016-12-01,-0.7518074694247422,-2.02468078063041,-2.8613317185660354
2016-12-02,-1.8021138665149148,-2.110054414614748,-2.8275472152263195
2016-12-05,0.9680632804142251,-1.9672111839952202,-2.702924502440308
2016-12-06,0.17644015428289495,-1.9148637332480027,-2.6051288105141537
2016-12-07,-0.17174584538926246,-1.6818693773617974,-2.3043616272426144
2016-12-08,2.05535689908182,-1.7571187081486277,-2.3471398782961614
2016-12-09,0.9585214141614675,-1.7736897267385414,-2.4070877330325895
2016-12-12,-1.4870655009959748,-1.6496451780556736,-2.2445865396012965
2016-12-13,1.3973378839888275,-1.9192407241188734,-2.6209743885490258
2016-12-14,-0.2598921830546824,-1.9038182216182242,-2.5781813017534554
2016-12-15,-0.61369424330607,-1.837148659150391,-2.530910185085112
2016-12-16,0.8179990461305626,-1.7212230210291708,-2.35512821946813
2016-12-19,-0.628311520411985,-1.6875878016710142,-2.2893927348876915
2016-12-20,-0.6608492755696049,-1.685366103405946,-2.272401243354859
2016-12-21,-0.5755701652474026,-1.7349296933983052,-2.3009729318837997
2016-12-22,-1.2227067514769074,-1.728917199577815,-2.3598304171835682
2016-12-23,-0.10359370945203748,-1.79219629522479,-2.4714455804512436
2016-12-26,-0.6821014354885799,-1.707172128929515,-2.3459061062705806
2016-12-27,1.51615668303211,-1.766424656200386,-2.3711125761136427
2016-12-28,-0.1956928177309925,-1.6793666545661177,-2.3054751506434075
2016-12-29,0.491244562478335,-1.6626049396137672,-2.319601776912852
2016-12-30,1.0086501704564976,-1.7188128289944664,-2.3933026558924713
2017-01-02,-0.15001824185318258,-1.64803954978686,-2.262390245104551
2017-01-03,-0.22000725127159754,-1.7311356132577964,-2.3514527367038043
2017-01-04,-0.07012582814565255,-1.6477941191740713,-2.255163025986983
2017-01-05,1.34361657401282,-1.6600876864486935,-2.323164349674347
2017-01-06,-0.753165841365675,-1.7030197277381225,-2.2739724685319556
2017-01-09,0.10690630768395248,-1.6578405395105016,-2.259369325427686
2017-01-10,0.9083489154604174,-1.6337416871332415,-2.214358671669569
2017-01-11,0.819591951141485,-1.6610531997336684,-2.2360258433289295
2017-01-12,0.18054934731048244,-1.660916917109005,-2.316417573923684
2017-01-13,-0.7511245779695375,-1.6522964998032814,-2.287671499592457
2017-01-16,0.4980656483688401,-1.6382182830727146,-2.2654246481733704
2017-01-17,0.2834741717733525,-1.5952389308665438,-2.171455397805045
2017-01-18,0.7604541200288375,-1.6361480004784044,-2.228254238577282
2017-01-19,0.48827684952934247,-1.7389225577402523,-2.4002607211584475
2017-01-20,-1.3546735096056626,-1.6711971213824983,-2.2742754170830786
2017-01-23,0.9184486831073775,-1.6813155287394763,-2.2650427146279997
2017-01-24,0.2377586410534575,-1.6282352934531703,-2.224634651510738
2017-01-25,0.7733275364036876,-1.6164556545145279,-2.2385875763350707
2017-01-27,0.13478177919578002,-1.6342158855946984,-2.201825907907091
2017-01-30,-0.5647127141155924,-1.654126973584116,-2.2841655167856576
2017-01-31,-1.2560382933932275,-1.6635188411203017,-2.2872302124862185
2017-02-01,1.4914073854492926,-1.7080699781214466,-2.3276242466295396
2017-02-02,-0.0022372014189625256,-1.7758600718725128,-2.3970611227786214
2017-02-03,0.10021018759336492,-1.6950736657550263,-2.3532327858691953
2017-02-06,0.4029342301056475,-1.6514646346114763,-2.317351932799609
2017-02-07,-0.8139275590794476,-1.675164451125945,-2.2627720717440396
2017-02-08,0.02301438181618251,-1.681589815662154,-2.332374075860765
2017-02-09,0.0559633559954075,-1.7976060625007777,-2.4324346439111086
2017-02-10,0.47078570124246494,-1.6831921114913282,-2.3086142773187976
2017-02-13,0.10546879215983257,-1.6804799366809946,-2.273379616777067
2017-02-14,-1.64012540583209,-1.720724216683665,-2.427830254147052
2017-02-15,-2.6941048928316276,-1.7826441279339367,-2.4635093492961277
2017-02-16,1.3282230798236074,-2.794737697854222,-3.84817099213243
2017-02-17,-0.16184451994494747,-2.0743539854966775,-2.7793834764270304
2017-02-20,0.8071159996733375,-1.7324653746447036,-2.311976925378175
2017-02-21,0.5966268795712575,-1.7052941923054632,-2.2666972782403527
2017-02-22,-0.3211192581715274,-1.606758951481629,-2.1634216372748196
2017-02-23,0.25072300141930504,-1.6437369080614406,-2.2375568109616046
2017-02-27,-0.12590652724395,-1.6274824396325296,-2.2208478572079975
2017-02-28,0.01510641812159251,-1.6094433685145124,-2.210210355987191
2017-03-01,0.42142281099347007,-1.601483747947178,-2.1427258399984153
2017-03-02,0.2713858001260524,-1.6428096628077633,-2.2746824528818634
2017-03-03,-0.12397714577972252,-1.6648343599403628,-2.2252856451302834
2017-03-06,0.9812624920968874,-1.6048416225664939,-2.230569948542409
2017-03-07,-0.7372037930601649,-1.6131670554555033,-2.2009197443481363
2017-03-08,-0.37742863798729254,-1.6124142281650546,-2.212612407040829
2017-03-09,0.63048840268081,-1.5976961308067155,-2.1501660094816706
2017-03-10,0.36367891522032253,-1.5604146685996783,-2.1334139950272384
2017-03-14,1.6648529015044424,-1.615276948116109,-2.137872882751175
2017-03-15,-0.48268252101578507,-1.8794189122866871,-2.472981968434226
2017-03-16,1.13988275365805,-1.7086542297654088,-2.317186343415509
2017-03-17,-0.521879646985745,-1.678843116352192,-2.334764521241813
2017-03-20,-0.6187953111130925,-1.6994641233028165,-2.2327552592219444
2017-03-21,0.15465391752189497,-1.6632940294620788,-2.212051018704634
2017-03-22,-1.2744760760228926,-1.6119080446289435,-2.2199141706017325
2017-03-23,1.0167749311288174,-1.759571448952947,-2.3902045391249094
2017-03-24,0.3331411427064324,-1.7204186448494276,-2.3177156010792492
2017-03-27,-0.1375700353592,-1.622639734886091,-2.2207394697269964
2017-03-28,0.9160455580785025,-1.6063206818008406,-2.1663379104974614
2017-03-29,0.5590019308974751,-1.5986793694454466,-2.2309364994624175
2017-03-30,0.21686233953480002,-1.6137059674070915,-2.202169970042687
2017-03-31,-0.21823092645696,-1.6381044081989884,-2.1972344971385165
2017-04-03,0.1334222904535125,-1.6081926193416205,-2.224131807422307
2017-04-05,0.5953762663574975,-1.612656816656201,-2.1357333156635994
2017-04-06,-0.32434164598461246,-1.6616574564178666,-2.2334157298512314
2017-04-07,-1.2807157606993225,-1.6617912625493547,-2.1924976087643455
2017-04-10,-0.34702941828133743,-1.6284687476501687,-2.1554606821063
2017-04-11,0.5983089499049276,-1.6058890778203503,-2.166466753734262
2017-04-12,-0.7377529929498663,-1.5443688076945818,-2.1208704175012345
2017-04-13,-1.4725979799464826,-1.682579493233021,-2.2638104931953484
2017-04-17,-0.8134811479014874,-1.68452565715696,-2.3159557390065033
2017-04-18,-0.36999288425025745,-1.6290811838276134,-2.1741737955480263
2017-04-19,-0.7897256440544025,-1.6290598321903007,-2.1842203666387623
2017-04-20,0.5319636930569376,-1.575356728882831,-2.1311979030239945
2017-04-21,-0.7710846755577375,-1.604252389385418,-2.248224493627896
2017-04-24,0.548425136374455,-1.5742688446013042,-2.1522926971214384
2017-04-25,0.708476949984995,-1.618391994562125,-2.1690383021627824
2017-04-26,0.3777271174916825,-1.6938364262091006,-2.2590120522270856
2017-04-27,0.3205873843953526,-1.6641304937082757,-2.249413642324182
2017-04-28,0.3686218587758575,-1.6846277788661694,-2.262465653754625
2017-05-02,-0.63042403394063,-1.6099809948627475,-2.212078389765011
2017-05-03,0.34425492971567756,-1.700643965350752,-2.2832748905833107
2017-05-04,0.9034279817361726,-1.6524991750876132,-2.2414937011249823
2017-05-05,-1.4812265244417748,-1.792785358433108,-2.5161638453188955
2017-05-08,0.8644181413128049,-1.9971635277636048,-2.61982880508789
2017-05-09,-0.04209017524272246,-1.6763122479060075,-2.3075016956734236
2017-05-10,1.2043320639867974,-1.624534266165494,-2.1630792456958767
2017-05-11,-0.4077081960404775,-1.8182880799512473,-2.3930462881242223
2017-05-12,0.74626588354867,-1.7664059230351161,-2.357084137105273
2017-05-15,0.09906857146341252,-1.6882141460229565,-2.207879651990329
2017-05-16,1.3314693360810774,-1.5737211703339966,-2.149900103533767
2017-05-17,0.8469452008344776,-1.619202446262527,-2.169195232115745
2017-05-18,-1.2585001661564374,-1.734893808848294,-2.2878551513667014
2017-05-19,1.0648438816527175,-1.765946889369422,-2.384563642398493
2017-05-22,-0.4320569847953374,-1.7007632591340207,-2.280463581884725
2017-05-23,-0.37652304715204254,-1.8079586927807358,-2.4549669586981473
2017-05-24,0.7929373760130101,-1.7309662588499695,-2.3216294135598963
2017-05-25,1.8123230688286325,-1.9085396861777972,-2.5860691826237874
2017-05-26,0.60222771723069,-1.762566042137987,-2.354328074552008
2017-05-29,0.10642507245618249,-1.6606822680005653,-2.1893710548707106
2017-05-30,0.6999562889076201,-1.714897541294945,-2.359292981441071
2017-05-31,-0.932716189971655,-1.6728223446418187,-2.243243224080316
2017-06-01,0.8433030089224975,-1.6750720281411131,-2.293157079883825
2017-06-02,-0.18025822935775002,-1.6872123758793083,-2.2518562952641967
2017-06-05,-0.03156873685440248,-1.6365781104062078,-2.1705659278776186
2017-06-06,-0.5189375464717826,-1.6143207456445496,-2.165946245748821
2017-06-07,-0.010378470923135041,-1.8347136921739835,-2.496749522133957
2017-06-08,-0.434499361592225,-1.637321202113309,-2.2349567707797298
2017-06-09,0.17137585810247752,-1.6244563717384504,-2.211925405777836
2017-06-12,-0.4047677184090449,-1.5998268942927132,-2.1679532366075143
2017-06-13,-0.5535801876056226,-1.7149560581644758,-2.3361814745553793
2017-06-14,0.43181152519166754,-1.6499105239694365,-2.1904844180990684
2017-06-15,-0.6091107800271276,-1.5890915997738917,-2.1417556030941918
2017-06-16,-0.007806964642427472,-1.5605498201304777,-2.057026713504274
2017-06-19,-0.12500094065127504,-1.4994671144252505,-2.014969602494029
2017-06-20,1.2324444406586723,-1.5151787889071808,-1.9965702132733056
2017-06-21,0.20320896714215986,-1.638679671343827,-2.1795131822059384
2017-06-22,-0.46963335899571246,-1.676434707287122,-2.2083939848048724
2017-06-23,-0.83854014927582,-1.5982701367686107,-2.1679468213500543
2017-06-27,-1.43139869702446,-1.7104382740622266,-2.2691770001569287
2017-06-28,-0.392507509759365,-1.6943445883701254,-2.2392387562736102
2017-06-29,-0.64811670233281,-1.603489473628145,-2.1534562350597737
2017-06-30,-0.11847530763831249,-1.664555595311999,-2.235506948004765
2017-07-03,0.8260437632035251,-1.6110358280811206,-2.154230432677843
2017-07-04,-0.3172422962121826,-1.6073067904562104,-2.1287014107905544
2017-07-05,0.35859270865095755,-1.5248964087377639,-2.0568315654626
2017-07-06,0.6578946081412249,-1.5282403919249186,-2.0532564031725147
2017-07-07,-0.2839163902628925,-1.560633174650483,-2.122418926058753
2017-07-10,1.5921615999522851,-1.5872093116286363,-2.105016363743007
2017-07-11,1.0825277835321925,-1.6115593045487917,-2.151570805392648
2017-07-12,1.065492285175345,-1.648882750335858,-2.1512796177583295
2017-07-13,0.177286027610905,-1.5411727571164058,-2.0810406441435214
2017-07-14,-0.20724781012287502,-1.5399247850933864,-2.055356600148471
2017-07-17,0.88160058067872,-1.6100417258802942,-2.1506201669107
2017-07-18,0.0839864828965525,-1.57349966991293,-2.143117146483512
2017-07-19,0.217569658308885,-1.4867288691084917,-1.9889418996146977
2017-07-20,-0.5237374674852225,-1.478183491948304,-1.9875106438175785
2017-07-21,0.6123353854342725,-1.498814255292145,-2.0702780961586793
2017-07-24,0.5811573183943325,-1.5069702545291128,-2.006406571678418
2017-07-25,-0.4260960874810025,-1.4623152700907651,-1.9760549734308688
2017-07-26,0.36839531661078,-1.4943191224234045,-2.0023145769467146
2017-07-27,-0.8725199759810225,-1.527193325288672,-2.055236295297922
2017-07-28,0.36805612044848757,-1.6197409860628122,-2.21062905820506
2017-07-31,1.4113826343605123,-1.4502484008695502,-1.9629819290680441
2017-08-01,0.09796245724547747,-1.556064862789004,-2.0668162447751097
2017-08-02,-0.8906864655909225,-1.5961329816417453,-2.1200480589932993
2017-08-03,-1.310074132502875,-1.5669831883126872,-2.08511646511705
2017-08-04,1.0908455549838576,-1.6318381658966175,-2.2553727522518012
2017-08-07,-0.35983124984859505,-1.578788948181423,-2.1089858372068635
2017-08-08,-0.62901462092579,-1.5912358402969276,-2.1055025301615395
2017-08-09,-0.912527048775455,-1.585073687836801,-2.132297494511661
2017-08-10,-2.726021553926415,-1.7788417621597643,-2.4114029291439505
2017-08-11,-2.033956105402065,-2.809635881414336,-3.8490049262890316
2017-08-14,-0.21050395003635747,-2.2026998610187003,-2.9489884210999326
2017-08-16,1.8369119727951726,-1.8012754927192758,-2.4287125721525316
2017-08-17,0.49778316442632986,-1.9076733248720452,-2.524280610224971
2017-08-18,-2.5011179382032624,-1.7838873242517592,-2.3665993838646853
2017-08-21,-2.3789800490408854,-1.8744655682667595,-2.5180905990778437
2017-08-22,0.10911044006208251,-1.9665212496120834,-2.659154456769114
2017-08-23,1.1348422389794623,-1.6543572562440931,-2.229305157292082
2017-08-24,0.7486597033747301,-1.630625129688393,-2.2398084925815507
2017-08-28,0.7962340181454001,-1.6344523280473022,-2.251284690260107
2017-08-29,-0.9791137093904451,-1.7379663100945988,-2.3458813057399066
2017-08-30,0.39049818139824,-1.5382715428597344,-2.0776297755102138
2017-08-31,-0.024385745657879987,-1.582227137086306,-2.1162545394445766
2017-09-01,1.0031857575055674,-1.5554700869500648,-2.0904056713464687
2017-09-04,-1.42634580624535,-1.6337000318261008,-2.15267585793402
2017-09-05,0.4143000247651725,-1.6134176336560453,-2.1852947047810023
2017-09-06,-0.712669594046355,-1.5598166079204896,-2.0470547580958782
2017-09-07,-0.250724918801315,-1.5417805961575857,-2.081567479768897
2017-09-08,-0.7720344518768725,-1.552072264239657,-2.0916641026192573
2017-09-11,0.03392445442901995,-1.4926592367689118,-2.0020161579421334
2017-09-12,1.8348221900193677,-1.4178612151336254,-1.918121321712341
2017-09-13,0.0999129487335175,-1.6365637612064006,-2.2289252812688765
2017-09-14,1.1834219666793127,-1.5148935988039982,-2.0232189009788737
2017-09-15,-0.008717042862417479,-1.5752267185016944,-2.1517582585292634
2017-09-18,0.7942510173997124,-1.490755295109057,-2.039628501028709
2017-09-19,0.9588682487293925,-1.531706000291405,-2.0708526235661857
2017-09-20,-0.6992269019408676,-1.6416333317663192,-2.2337856618598555
2017-09-21,-0.352400859264405,-1.559883736647576,-2.1664085383569773
2017-09-22,-1.4007601598815551,-1.5284704477576236,-2.0296422995961683
2017-09-25,-0.43961161116360503,-1.5503290840242188,-2.1428965212264406
2017-09-26,-0.17400682896627995,-1.5487784474641955,-2.0561792758626254
2017-09-27,-1.5659104406572375,-1.50547729784162,-2.09163772013319
2017-09-28,-0.17345378261459002,-1.6844311014110953,-2.217875916608622
2017-09-29,-0.36483989010799,-1.6224758940523487,-2.1715169670039476
2017-10-03,0.9994673022477575,-1.535963024417169,-2.0659864805925365
2017-10-04,0.762298643564475,-1.7296844435875844,-2.3108525547354146
2017-10-05,-0.2840322653740275,-1.638040284277725,-2.1613930567656596
2017-10-06,1.47715608094733,-1.5269783571266988,-2.042869403995486
2017-10-09,0.4222416971824575,-1.5679508463892808,-2.124736422546959
2017-10-10,-0.02485451857214996,-1.5223000353319913,-2.016017630121363
2017-10-11,-0.9387547897607875,-1.5135745023755156,-2.025716848590708
2017-10-12,0.59870936509518,-1.6201188441812713,-2.2216272529499257
2017-10-13,0.5925836228579826,-1.5803607536034756,-2.136316415917374
2017-10-16,1.5901672163124498,-1.5380788622867811,-2.0735174187222034
2017-10-17,-0.5733745313057275,-1.6074805512004793,-2.161861272756637
2017-10-18,-1.21890478706265,-1.528707211235162,-2.041094918906257
2017-10-19,-0.5197865567886151,-1.597705934275506,-2.156648339598387
2017-10-23,0.26193069856941253,-1.5809748346735835,-2.118684211255875
2017-10-24,0.5004888943544574,-1.5621826373911873,-2.108034755646847
2017-10-25,6.745890831167652,-1.6305239115412993,-2.2010938454547957
2017-10-26,-0.14784057514589244,-3.2959180618594637,-4.407434292136662
2017-10-27,-0.42381587390485986,-3.0914251566078264,-3.9999974361865505
2017-10-30,-0.1197127244193325,-2.811305929254429,-3.855122677855161
2017-10-31,-1.156787516537355,-2.66091275464025,-3.5645140125451644
2017-11-01,2.37731375678541,-2.5525538336853475,-3.432189786460941
2017-11-02,-1.0391542871343324,-2.470759731614185,-3.3319695089837706
2017-11-03,1.6192034949590073,-2.248133414466257,-3.0681323053779344
2017-11-06,1.2179271361613426,-2.2519199651603277,-2.952273396006552
2017-11-07,-0.9352306283761176,-2.222836898730686,-2.9416816693658947
2017-11-08,-1.4387898202645601,-2.234740412936995,-3.0183732309310316
2017-11-09,0.8553014592636875,-2.362740157159295,-3.0985551365816613
2017-11-10,1.4527983567554177,-2.057074143398718,-2.719942547211543
2017-11-13,-0.9335315776112225,-2.3882581962712988,-3.2306848203156093
2017-11-14,-0.365080129267555,-2.1011612544657683,-2.816916574035374
2017-11-15,-0.9602776732998974,-1.965836367169912,-2.669737860607559
2017-11-16,2.10329336055778,-1.840942022624919,-2.4447996915645183
2017-11-17,0.392409151775165,-1.936657945456581,-2.682712272382715
2017-11-20,-0.605266699682105,-1.8771499498492608,-2.4536625019111122
2017-11-21,0.10047019483001252,-1.7698910056123287,-2.423148830216826
2017-11-22,0.4700367199861668,-1.6663320311261927,-2.2761791388998818
2017-11-23,0.4156371645679776,-1.6568110446312738,-2.2455192932203536
2017-11-24,0.19165706158844253,-1.632402119426299,-2.2149123479685695
2017-11-27,-0.37952773735672507,-1.5864280934068258,-2.101076585823963
2017-11-28,-0.803651818388365,-1.581034816123872,-2.108582748593017
2017-11-29,-0.242726056946435,-1.6290119463701949,-2.139633349566395
2017-11-30,-1.4985344306601525,-1.5797415221868814,-2.129378834135335
2017-12-01,-1.8092107492402625,-1.7587001727105973,-2.359028783834413
2017-12-04,1.40590577005506,-1.7165053254057976,-2.3541128910306233
2017-12-05,0.17219982125261743,-1.6775688708798122,-2.291582798824519
2017-12-06,-0.4173432014057975,-1.5665731907704201,-2.1116302307528003
2017-12-07,1.1848973739722477,-1.6875356079717658,-2.2643723989461386
2017-12-08,1.0143555739392625,-1.6028591953663809,-2.146135586347704
2017-12-11,0.39566263613645497,-1.611690889379779,-2.201728219153668
2017-12-12,-0.2471693273611275,-1.565745409452005,-2.137535939257411
2017-12-13,-0.8704888099717474,-1.5245112240989502,-2.052321081930204
2017-12-14,0.43977833259557,-1.5954635242087145,-2.149507335808891
2017-12-15,0.323879310684725,-1.5902383663698225,-2.119394740827271
2017-12-18,0.5510665681171776,-1.5420985829903866,-2.0587954706482905
2017-12-19,0.9579381254239825,-1.5143294989646687,-2.0438043338247462
2017-12-20,0.5012058891734326,-1.6625609951709353,-2.2722685570244163
2017-12-21,-0.2756131877647525,-1.575917346553172,-2.13491659821834
2017-12-22,0.88310777230832,-1.485278865588386,-2.0164119909387894
2017-12-26,-0.3275946720031775,-1.5120886492457075,-2.084801961805772
2017-12-27,-0.23738041722195252,-1.4825117698109547,-2.0267392040298526
2017-12-28,-0.7326720314231125,-1.4707417005373733,-2.0089322473174533
2017-12-29,1.3575812516406875,-1.5367605132418172,-2.05499442032358
2018-01-01,-1.2942163245642249,-1.6421169867071275,-2.2051041281730677
2018-01-02,0.3410562348447099,-1.5504785894199191,-2.1548562357696364
2018-01-03,-0.3284977343836025,-1.6361462245574954,-2.1955783734295546
2018-01-04,0.12378553258781999,-1.5526084899187256,-2.079339577641793
2018-01-05,-0.08356240030932752,-1.488538187888079,-2.001012454859427
2018-01-08,0.8723747492689949,-1.4782727023848465,-2.013329516125385
2018-01-09,0.10418204548021998,-1.5075765113142925,-2.0190699255192692
2018-01-10,-0.16548223322998,-1.4696653331556058,-2.0158681534073413
2018-01-11,0.9621460033827675,-1.4609367842100844,-2.0245314817056457
2018-01-12,0.11594865277300002,-1.4872673418590172,-2.04591052357414
2018-01-15,-0.3057531833296175,-1.4212382350356723,-1.9338813362653573
2018-01-16,0.06496275303528493,-1.440754566994278,-1.9607353208080598
2018-01-17,1.4166048264488524,-1.7051412132188475,-2.342206029748142
2018-01-18,-0.80111613511892,-1.5587610184322607,-2.1279593279182145
2018-01-19,0.33574727993598497,-1.5427935009921199,-2.0971034196469165
2018-01-22,0.013454504558025049,-1.521845338501536,-2.100461623367483
2018-01-23,1.5220667449794951,-1.4849958478904202,-2.013632147957582
2018-01-24,0.17347021794990758,-1.6228811977839324,-2.1965512623193573
2018-01-25,-1.6030988413656224,-1.8119489333204684,-2.482697686802296
2018-01-29,0.45253023598805003,-1.8834112199298407,-2.482976852861895
2018-01-30,-0.3054585697743125,-1.7896630223109578,-2.414534230015259
2018-01-31,-0.79183329441494,-1.7115964943805446,-2.328188246703312
2018-02-01,-1.0385553186192151,-1.663618903817813,-2.212823947074825
2018-02-02,-1.3699267754551374,-1.7031759696358497,-2.299687390686782
2018-02-05,0.41954548185545504,-1.892029594597362,-2.547721138485609
2018-02-06,-3.0985758574324826,-1.7540599619322659,-2.3737803953264036
2018-02-07,0.0344076240993825,-2.2023240092607836,-3.00495229830892
2018-02-08,1.409240424335295,-1.7811302557632804,-2.4128564222790696
2018-02-09,-1.3220948078671224,-1.7437123477404681,-2.3883000150332903
2018-02-12,-0.37843416180477746,-1.735871455064877,-2.3339824530326787
2018-02-14,-0.7964863988757251,-1.7171003679736732,-2.3107170852585037
2018-02-15,0.6945590208250776,-1.8475998045695718,-2.441401328828662
2018-02-16,-0.78714601932298,-1.7334614497623773,-2.340798464472479
2018-02-19,-0.6462985129820499,-1.8325108638961378,-2.471527582754614
2018-02-20,0.1818679522589175,-1.7086597975418159,-2.2917333082989133
2018-02-21,0.21182797970126505,-1.7035460575084986,-2.2950040916705
2018-02-22,-0.26453701994310996,-1.6097933486568585,-2.1651735619454318
2018-02-23,0.26032811275603,-1.6599567340668833,-2.3180185421761155
2018-02-26,0.4833534171236825,-1.5805031470814683,-2.146218382893893
2018-02-27,-0.1014052954597226,-1.6768974232012657,-2.289587275037072
2018-02-28,-0.19571489064742753,-1.6444808303655578,-2.253926153598742
2018-03-01,-0.6252886710601799,-1.527511824805532,-2.097006386017121
2018-03-05,-1.736988192469995,-1.6256633021007227,-2.159538706077632
2018-03-06,-1.2904082618257826,-1.9309544608933586,-2.7356050024870324
2018-03-07,-1.0355757032580675,-1.8477180022644886,-2.508470286172724
2018-03-08,1.0761779229430777,-1.8357333830407347,-2.5615721499230375
2018-03-09,-0.3218155314335225,-1.8139638887970073,-2.450082128475602
2018-03-12,1.6825445700745076,-1.7180326251866989,-2.325643188297643
2018-03-13,0.11105651960939503,-1.8091178473046277,-2.4940641412463025
2018-03-14,0.16061126118165,-1.713643459319693,-2.314479593197889
2018-03-15,-0.68302148869575,-1.606261081343613,-2.1817237411024863
2018-03-16,-1.34237409486781,-1.575026384653882,-2.116144958869269
2018-03-19,-1.0804904278248626,-1.86699838035309,-2.592688824649996
2018-03-20,0.8039547344540425,-1.7224789589868084,-2.34807913766292
2018-03-21,-0.37064241431,-1.64030390594599,-2.203950018096316
2018-03-22,-0.5396475927434099,-1.5268860710945857,-2.064476116464094
2018-03-23,-1.3177471194786174,-1.6094808965328504,-2.194026908286624
2018-03-26,1.4942199021206,-1.7516381090628588,-2.3976460651877414
2018-03-27,0.8261799706405449,-1.7479810810625978,-2.3935097241710572
2018-03-28,-1.2433199222577875,-1.6800638362751454,-2.3004243324823563
2018-04-02,0.9977503055786325,-1.7012652988881984,-2.324378538754886
2018-04-03,0.7461562688286625,-1.8306952757025217,-2.444215186896878
2018-04-04,0.381661253488625,-1.6685562544948331,-2.268417398695051
2018-04-05,2.6099859179051874,-1.7765581607921577,-2.439574646795124
2018-04-06,-0.4166181308557226,-1.7609605689475547,-2.4005555297994103
2018-04-09,-0.3583653954166801,-1.6627977548080033,-2.258820421952196
2018-04-10,-0.05544619550138108,-1.717075106089009,-2.444193591184089
2018-04-11,0.13678677428688757,-1.6018736185318223,-2.18035929035907
2018-04-12,0.766267636250595,-1.6737992251923561,-2.236254533863371
2018-04-13,-0.22604023837980997,-1.6672792571280644,-2.2468838172932535
2018-04-16,-2.15264382563709,-1.5814920404263828,-2.1276607360034085
2018-04-17,-0.007801672126379944,-2.046599938968096,-2.8393418400798396
2018-04-18,-0.1926449722488725,-1.7060918495681976,-2.2910173976676895
2018-04-19,0.1448742519566275,-1.5156321557401415,-2.1090644183497824
2018-04-20,0.8419845693738975,-1.5167503571839622,-2.0788836744697856
2018-04-23,-0.0784748337946925,-1.6337657460139272,-2.22171483571473
2018-04-24,-0.9696143666326875,-1.4880019606284804,-2.0436267162438235
2018-04-25,-0.46058941854237745,-1.618372402252237,-2.1724353723913556
2018-04-26,0.5876850376453174,-1.560335437644683,-2.2000361542585045
2018-04-27,1.3798804630571375,-1.6043335574417186,-2.1582253248820535
2018-04-30,1.53263710597676,-1.597937847720054,-2.1610820618152276
2018-05-02,-1.5464461159642275,-1.6435600654673852,-2.240583459718733
2018-05-03,-0.7396291712012251,-1.612233056391081,-2.2001549973767274
2018-05-04,0.07768874556257996,-1.6033330485313493,-2.189462107556966
2018-05-07,1.3007598351312524,-1.572436311211081,-2.1583371332783763
2018-05-08,-0.2697214348684275,-1.5817035062647242,-2.154793683184235
2018-05-09,0.630520450812258,-1.601642597600351,-2.145370771719312
2018-05-10,-0.84007467768439,-1.6469042480473313,-2.237754625906731
2018-05-11,0.5957862629500701,-1.6563480026760793,-2.253535457868966
2018-05-14,-0.056445395057562464,-1.6155351373077131,-2.3211922660032314
2018-05-15,-1.315546921438115,-1.6087724375382897,-2.1870720976966376
2018-05-16,0.36518354808459497,-1.9067536488874783,-2.578481727010425
2018-05-17,0.1138111059376125,-1.7653519159184907,-2.3206242673553645
2018-05-18,-0.6579624453957149,-1.6256235567758759,-2.2398545354898607
2018-05-21,-0.649678557354565,-1.8302206351393322,-2.4877658994526626
2018-05-22,2.1591811033044177,-1.7416680257492452,-2.4405695714895783
2018-05-23,0.7543436253133724,-1.8060474216913913,-2.455751248020443
2018-05-24,-0.6026849410186902,-1.6473786197381441,-2.2735599670581954
2018-05-25,0.709683585237775,-2.3058269700947838,-3.1045671567159103
2018-05-28,0.4830420086504225,-1.8523580520695273,-2.5303262606665866
2018-05-29,-0.975667741852,-1.6492065554995916,-2.2498440784294917
2018-05-30,-0.12012196636568251,-1.6605137915062462,-2.2538775405442353
2018-05-31,0.4759861376664251,-1.6785081733943608,-2.2612380414440256
2018-06-01,-0.4305765541828399,-1.7081045336703213,-2.2882422030821394
2018-06-04,-0.4260438731567126,-1.6359519809906893,-2.233254047596399
2018-06-05,-0.47988161425286496,-1.5617111359428655,-2.1028775065580283
2018-06-06,2.0107788604192325,-1.6036426040342242,-2.1281442686163583
2018-06-07,1.5685624369079774,-1.748593645927126,-2.4078792549493557
2018-06-08,0.71317946809427,-1.751103511348083,-2.3804844093475723
2018-06-11,0.21256112376244002,-1.582569382020864,-2.1247077173493816
2018-06-12,1.131293669562225,-1.5973256172623327,-2.109554326318394
2018-06-13,0.5308402412359876,-1.5927768173383443,-2.152825788404189
2018-06-14,-1.12286518844938,-1.5183922521583404,-2.164297579704867
2018-06-15,0.30318665062513994,-1.5624702372905952,-2.113085000359342
2018-06-18,-0.04506610158125507,-1.6801533340926527,-2.2438329214225163
2018-06-19,-1.323994496103325,-1.6362679241296059,-2.1742072763242497
2018-06-20,0.1621874208905875,-1.6736778991726298,-2.2437299399395103
2018-06-21,-0.19857767667789494,-1.566092698335772,-2.093619884110911
2018-06-22,0.7423003340059074,-1.5220022507706352,-2.0718866040096007
2018-06-25,-1.3845952277399625,-1.572068543862393,-2.0968034719884643
2018-06-26,-0.9984986190308524,-2.1828374519066664,-2.9694271430037626
2018-06-27,-1.414701510650235,-1.9400692124263748,-2.6510145516519326
2018-06-28,-0.8926321122993426,-1.73274659033421,-2.3512151878134917
2018-06-29,1.7169067056885225,-1.7908641904921059,-2.4151721237662125
2018-07-02,0.26470647962706,-1.6726688297591397,-2.2281878770953543
2018-07-03,0.48079410418925256,-1.6400958712106788,-2.1986251170843842
2018-07-04,0.10262425911524498,-1.6143782516906178,-2.1911209683473176
2018-07-05,-1.6032635338715728,-1.5981009664639287,-2.1419463859627643
2018-07-06,0.8072952056445275,-1.7026708273451407,-2.280725853783254
2018-07-09,1.14707407341003,-1.6724922615924027,-2.3314332943652754
2018-07-10,0.36354062590344993,-1.5777216356242598,-2.1302150792715864
2018-07-11,-0.32811948259731993,-1.463381623255097,-2.0547640515011776
2018-07-12,0.041083565451117465,-1.7541133452487432,-2.322602443608762
2018-07-13,-0.27071715953657494,-1.6102651590312242,-2.1825720195460345
2018-07-16,-1.3043558400421875,-1.5077113689477493,-2.0638237382267626
2018-07-17,0.19687132957624487,-1.9654290293034475,-2.6276570456840895
2018-07-18,-1.2216448592507625,-1.6401040805301352,-2.225974147778077
2018-07-19,0.07236068306483749,-1.725475319152905,-2.3372020655631323
2018-07-20,0.929875214726305,-1.6568243250059975,-2.2182840704355966
2018-07-23,1.63207613254297,-1.6210321289090701,-2.1879017414422517
2018-07-24,0.11566173378091993,-1.708319318204941,-2.2677240030237362
2018-07-25,0.26658173572103505,-1.5188749156668726,-2.099347414115582
2018-07-26,1.52082886718433,-1.567735518019895,-2.1115552416689605
2018-07-27,0.6969525494786575,-1.6517557306806812,-2.1994031464983634
2018-07-30,0.8825794982281001,-1.779128082310367,-2.3938051947266827
2018-07-31,0.23766317265310494,-1.6722979482280003,-2.2214537056425656
2018-08-01,0.06071923890566744,-1.663742789848637,-2.200625979539812
2018-08-02,-0.3047175494791451,-1.6214509892516407,-2.2342089986975124
2018-08-03,0.6186301826208349,-1.6760727283636185,-2.1795524358534126
2018-08-06,-0.19957727196577757,-1.6171970359274872,-2.1624724244714844
2018-08-07,-0.47535533381032,-1.594649589713095,-2.1777846671839534
2018-08-08,1.0230883369698924,-1.5925880078663142,-2.1908718997710004
2018-08-09,1.2295324241607224,-1.6231922086291832,-2.1571542422063392
2018-08-10,-1.72627328775891,-1.5977448295003476,-2.2164038231274614
2018-08-13,-0.9263308200380523,-1.9327948429353456,-2.613377974903301
2018-08-14,0.287429075749855,-1.8871088352176857,-2.563543516839467
2018-08-16,0.33878262518538,-1.749395338537268,-2.306713968420242
2018-08-17,2.1584610904227373,-1.7545059998428678,-2.334979422378569
2018-08-20,0.6489023738713903,-1.7961963965110312,-2.3948239110236527
2018-08-21,-0.52598101036335,-1.9511850543519547,-2.8355208265985206
2018-08-23,-0.975592761355885,-1.67795158078059,-2.2419377326096965
2018-08-24,-0.5318692126685475,-1.9705171752305544,-2.6558519586914517
2018-08-27,1.7641331206526099,-1.742358878772659,-2.3533169005306065
2018-08-28,-0.23271286122591495,-1.6402460552219122,-2.2274660550023735
2018-08-29,0.041448106416292485,-1.5544257855869834,-2.1152046546270964
2018-08-30,0.03433555370943252,-1.5619043123125598,-2.1488571627740836
2018-08-31,1.3921623032566024,-1.568303210527017,-2.1441588047572435
2018-09-03,-1.6314571165627125,-1.7291586136158135,-2.345053814816635
2018-09-04,-1.2917323277986674,-1.4913869819319854,-2.0448469409198515
2018-09-05,-0.40925264491548496,-1.7358339759726673,-2.3414049814824165
2018-09-06,0.17063609217243747,-1.7081691811925548,-2.2701228872133887
2018-09-07,0.9302339890911075,-1.6372668861157733,-2.2177539885743736
2018-09-10,-1.2479181718289927,-1.8063389595157773,-2.364870616926958
2018-09-11,-1.161015234804555,-1.7185804689539144,-2.3026215711482254
2018-09-12,0.6288487913969525,-1.8660596455127771,-2.482388759662452
2018-09-14,0.5875373441082624,-1.830836327504124,-2.4690504907363593
2018-09-17,-1.701269558778495,-1.7477911830241573,-2.375977360499439
2018-09-18,-1.2108216184914924,-1.8412976704740394,-2.4551144243193805
2018-09-19,-0.3486714523324325,-2.1342481795586545,-2.7843836102657877
2018-09-21,-1.2084081248449774,-1.862052845193409,-2.481617998614835
2018-09-24,-1.64431860105467,-1.7555804095901921,-2.401708623788255
2018-09-25,1.5765751351513702,-2.113566140604003,-2.9024595948072447
2018-09-26,-2.0440642519265753,-1.8869015215978737,-2.555778223115858
2018-09-27,-0.3559154303796175,-2.0272156462978916,-2.7429469371148487
2018-09-28,-0.1592648676032525,-2.1224622906254176,-2.7485916570211355
2018-10-01,2.4812656893876976,-1.8374894555171524,-2.4342998956338735
2018-10-03,-1.3633079839816575,-1.9266254314886233,-2.5426127664163993
2018-10-04,-1.95971007473136,-1.7940586646783598,-2.3805302314934105
2018-10-05,-1.6619249895883597,-1.7736308279839694,-2.456334405359518
2018-10-08,-0.08881186372883254,-2.173601589695292,-2.941900566864665
2018-10-09,-4.448045578807262,-1.957682236413448,-2.6105485003302618
2018-10-10,1.6795298313533125,-3.7801816462289284,-5.38867974903772
2018-10-11,-3.3180751134238173,-2.7053370339857814,-3.7956619910589318
2018-10-12,1.1653689754786751,-2.4916771489136904,-3.4561048617256644
2018-10-15,0.05590930340516009,-2.181485990602975,-2.929665019419759
2018-10-16,1.064562255622415,-2.065792715966983,-2.8330198663016324
2018-10-17,-1.0527224285271675,-2.0491632840834497,-2.6834427640802825
2018-10-19,-1.2687503313396375,-2.2437131799773744,-3.0326454996188295
2018-10-22,-0.6729248781145024,-2.205819703424662,-2.9808114820071814
2018-10-23,-1.8292666201359302,-2.0885437853686617,-2.819226865157378
2018-10-24,0.2467574240340651,-1.9146790225566552,-2.599549512055339
2018-10-25,-1.2528084831554476,-1.9149162736760934,-2.580439916143319
2018-10-26,-0.47711628341395496,-2.0542630333491356,-2.7951527427710485
2018-10-29,3.2658896026919404,-1.9104131506899829,-2.6125935960305267
2018-10-30,1.9620512546587277,-2.1374776381890843,-2.9532461732370976
2018-10-31,2.44476578567437,-2.0071620449438274,-2.7760611457333306
2018-11-01,-0.5001166861691325,-2.0770770345224023,-2.767486293056243
2018-11-02,1.7264916708643023,-1.925695985929467,-2.5471376847983294
2018-11-05,0.9270355396792325,-2.1358556877009036,-2.887584528581315
2018-11-06,-0.38759647757480997,-1.8951322091439378,-2.555385031777545
2018-11-07,0.7336881751523875,-1.8630941826201604,-2.5507944657226616
2018-11-09,-0.4041332855262277,-1.842927560059847,-2.5153185153205513
2018-11-12,-1.7763422501855322,-1.9072020065729252,-2.601992142736742
2018-11-13,-0.5780188044582875,-2.2010321089335223,-2.99215515617416
2018-11-14,0.29687122879912264,-2.067716944019187,-2.8412050303126315
2018-11-15,0.618448592446675,-1.9347890493401791,-2.6014998484675464
2018-11-16,-0.02635409347796,-1.7485026345311723,-2.411593927575242
2018-11-19,0.6213037784185924,-1.7290646962480334,-2.307103409172522
2018-11-20,-1.0337559369721425,-1.7859676740156398,-2.417303996948539
2018-11-21,-0.5746330137675,-1.727764309668996,-2.334973710723657
2018-11-22,-0.75401803191033,-1.7527683058400032,-2.397593016735137
2018-11-26,1.251164420733145,-1.699672935821012,-2.3272890195880347
2018-11-27,0.5640246779972975,-1.7970097026071954,-2.4515459451319965
2018-11-28,-0.17474637800540732,-1.7098275007086705,-2.3965555108279104
2018-11-29,0.8770516544508049,-2.0197390548009326,-2.748006530211854
2018-11-30,-0.87710550148863,-1.7933907642525093,-2.3881837015857474
2018-12-03,1.8005147046830374,-1.842325352067791,-2.518651474639279
2018-12-04,-0.027964415620137406,-1.8530945189201136,-2.4656755715677847
2018-12-05,-0.7503850861617125,-1.7139351387786197,-2.3647068149533967
2018-12-06,-2.50813520202109,-2.009662792570558,-2.7118421401322728
2018-12-07,0.7824210128799349,-1.971148906102544,-2.741335291214458
2018-12-10,-1.83528725298891,-1.821460750082454,-2.456183760068556
2018-12-11,0.9779735004561325,-1.9011977193446,-2.589353875412289
2018-12-12,2.0402487644949296,-1.7668349260713825,-2.360139837215262
2018-12-13,1.6640304756234974,-1.880669277417294,-2.546813201714894
2018-12-14,0.395175017387015,-1.7709353876299858,-2.3951819674715624
2018-12-17,0.504098410071255,-1.6878130002747758,-2.2792312594909125
2018-12-18,-0.3901613176798201,-1.774002740362144,-2.4025327981820017
2018-12-19,0.16492781377634247,-1.7083682669036664,-2.3128115100445377
2018-12-20,-0.26303136795890253,-1.6960162797423342,-2.279372496750293
2018-12-21,-1.42128788714836,-1.6654023459047467,-2.2674753792565205
2018-12-24,-0.593934433026315,-1.7004185895567452,-2.3214646836908868
2018-12-26,-0.2335383235663725,-1.7759452753903078,-2.4098883604206986
2018-12-27,0.251849096797905,-1.7399144103218405,-2.369356119322735
2018-12-28,0.7131354089249949,-1.7549620102778412,-2.3969667503268983
2018-12-31,0.4053975597000275,-1.6681471328630753,-2.232198790726204
2019-01-01,0.393199488565605,-1.6425540869019384,-2.2351019880647547
2019-01-02,-1.2768033655060376,-1.6129974615667932,-2.1991626222262277
2019-01-03,-0.5559910659151925,-1.8156630823548778,-2.449502431024514
2019-01-04,0.8850296328748574,-1.7312548128961003,-2.3492078520907915
2019-01-07,0.9667991416489474,-1.6583920665196181,-2.2681562570158658
2019-01-08,1.13568032519374,-1.7445811880029205,-2.388465636017066
2019-01-09,0.850703487667595,-1.6859395377218023,-2.3110171271004427
2019-01-10,0.5360763205533976,-1.6989030481418734,-2.3285613219568697
2019-01-11,-1.0715036411054575,-1.6399291507688314,-2.2038838537629197
2019-01-14,0.6809596732326251,-1.790393994573133,-2.4171504730417754
2019-01-15,1.734647978400045,-1.7252746235910976,-2.354704959848633
2019-01-16,0.24318899428733248,-1.8203356373182553,-2.4644541512333
2019-01-17,-0.9689982112306901,-1.5724633721878611,-2.0985470122242122
2019-01-18,-0.6118793407666601,-1.6197162419938778,-2.2134419169691726
2019-01-21,0.056563952026265046,-1.6106517728625709,-2.1527496311522607
2019-01-22,-0.219539393250625,-1.7019379503580492,-2.303804757065037
2019-01-23,-0.61723432458289,-1.5620468351553154,-2.0875309724051703
2019-01-24,-0.6572923120909775,-1.6394907942389516,-2.2374075135722373
2019-01-25,-0.634211934434605,-1.6888244221166935,-2.3621309999571993
2019-01-28,-0.7520024026123749,-1.639317550749969,-2.1747729355027277
2019-01-29,0.29299518672674163,-1.59019827412067,-2.111757589644624
2019-01-30,0.3432493637182475,-1.5916047769752266,-2.1429154987549417
2019-01-31,2.690173617889145,-1.5473961201447077,-2.109806604861287
2019-02-01,0.0167243062810849,-1.8304598507628176,-2.4723391870839797
2019-02-04,-0.225213482389035,-1.7665850577905182,-2.39656133467339
2019-02-05,-0.338075498850635,-1.6102607879406692,-2.1753605882678984
2019-02-06,1.15922023955358,-1.8213494595731257,-2.423322430073626
2019-02-07,0.60575489594105,-1.6874543411836815,-2.2803882954355013
2019-02-08,-5.35553476451051,-1.6693117380391462,-2.25121460776596
2019-02-11,-0.2742434582388525,-4.764722489388447,-6.97826523641805
2019-02-12,-1.149472545104345,-2.6574108039289053,-3.9684224004944726
2019-02-14,0.0458731635930274,-1.7609966788158478,-2.430358733019165
2019-02-15,-0.2195843704458924,-2.098061703381009,-3.218129318419587
2019-02-18,-0.4211143126105199,-1.8253291164209258,-2.568823767260829
2019-02-19,-0.3592196792834724,-1.754923144553479,-2.527140082735814
2019-02-20,1.107786240014105,-1.7025584614692495,-2.530313259038967
2019-02-21,0.8184695522929675,-1.7740201403664884,-2.590758513877962
2019-02-22,1.1899584161808425,-1.672448942648117,-2.4383106719152243
2019-02-25,0.8253708188405126,-1.6934988692986965,-2.4908071420882907
2019-02-26,0.22414954677322257,-1.7714380920113058,-2.497181923880365
2019-02-27,-1.36920187054662,-1.6950298593288253,-2.481891552735345
2019-02-28,0.05670415791107749,-1.7553656683497165,-2.582810135329517
2019-03-01,1.0443878870405077,-1.7370177050118456,-2.493640397792549
2019-03-05,1.6918288002275776,-1.6540495387709462,-2.256623589059483
2019-03-06,-0.8990397499238201,-1.8607649394255714,-2.598869387890793
2019-03-07,0.14625487268831755,-1.8003201611695174,-2.598090534060495
2019-03-08,-1.5671849916010299,-1.6372087310227068,-2.422067650323818
2019-03-11,0.7871381028962375,-1.8530709284531734,-2.576057161832919
2019-03-12,0.499215167449245,-1.7325988060001012,-2.365305291787961
2019-03-13,0.35261527549124744,-1.6233698971456867,-2.2326392078301214
2019-03-14,-0.555718921202125,-1.7044824844004471,-2.2722538146587596
2019-03-15,0.4044506228198749,-1.6567384080066991,-2.2528891239820825
2019-03-18,0.05187394667802254,-1.6081236178296383,-2.2045285275847673
2019-03-19,0.8742278739027025,-1.6286978643381704,-2.2522448274148883
2019-03-20,0.08968405865103002,-1.612518959652505,-2.2016404694206426
2019-03-22,-1.1537927600291176,-1.668727930978867,-2.2607500174009476
2019-03-25,-1.2615057193660775,-1.728363592043742,-2.394153595857748
2019-03-26,0.948218641299275,-1.7634169359775373,-2.4375385288834304
2019-03-27,-0.01872638847989755,-1.7341158269329688,-2.347304113356046
2019-03-28,1.237297198995075,-1.7383751869670625,-2.355051360259168
2019-04-01,3.3107593630059373,-1.734845834451382,-2.323808123008526
2019-04-02,2.57879730034378,-2.08952774421607,-2.9991653074710096
2019-04-03,-1.2973477832799727,-2.074458913414497,-2.97163648333334
2019-04-04,0.4466484541256426,-1.8408475506968742,-2.5014158151668195
2019-04-05,-0.22714149459086497,-1.7801555825594262,-2.4404861784897958
2019-04-08,-0.5566944236528576,-1.717705091480928,-2.318843549722294
2019-04-09,0.8290579453533276,-1.7779968647844357,-2.3931369301879823
2019-04-10,0.8365253707158423,-1.6848340740611056,-2.271570574445923
2019-04-11,0.4714435303815525,-1.7990368639490895,-2.5231920431652757
2019-04-12,0.10195587800537748,-1.6827094536508023,-2.3473193920074458
2019-04-15,1.1124899975784575,-1.6549113170863328,-2.280382028152791
2019-04-16,-0.002045950996744983,-1.8476945704896581,-2.658615096119107
2019-04-18,-0.004224136006840018,-1.669936297725548,-2.2989900889225527
2019-04-22,-0.07064400724546491,-1.642413725439515,-2.2502179400226825
2019-04-23,-0.4239406744909925,-1.5787924346829416,-2.129409006275661
2019-04-24,-0.036028913973882415,-1.6021117983707969,-2.1802334300208077
2019-04-25,-1.0986691087604248,-1.7529785828682087,-2.446972002524856
2019-04-26,0.3057750703146774,-1.6453828077857404,-2.311477407802948
2019-04-30,0.2398070401224175,-1.7678823127362044,-2.39179946527422
2019-05-02,-2.1596532633240075,-1.655570336263584,-2.3151637300706804
2019-05-03,-0.27892073193932,-1.8007728343959106,-2.6261314008916505
2019-05-06,-1.8270710997860902,-1.6198418739064107,-2.3904425889323475
2019-05-07,-0.7633711680531299,-1.8605205427138398,-2.6899446537540967
2019-05-08,-1.684240642691545,-2.034364909742793,-2.768268798765972
2019-05-09,0.5369479281365275,-1.8849488786042812,-2.7678795909727616
2019-05-10,0.2735750745386925,-1.709038358545793,-2.456916180222749
2019-05-13,-0.48203426453847,-1.6941484009437386,-2.485202972925904
2019-05-14,0.881346241760335,-1.8300338348466434,-2.4152365774523856
2019-05-15,-2.6593834483256047,-1.7013752044514132,-2.373828118958377
2019-05-16,1.99528692366726,-2.4515171822146975,-3.6011273524264236
2019-05-17,0.8752238875211199,-2.068930519312831,-3.025213832615391
2019-05-20,4.1870962982682025,-1.7603944625171806,-2.4038515931281603
2019-05-21,-2.6221929431887903,-2.135895385469142,-3.171108943075767
2019-05-22,0.3620356024656624,-2.6884040190936207,-3.752172194770105
2019-05-23,-0.9905167390214326,-2.122289608368459,-2.8744582665080016
2019-05-24,2.171276641858275,-1.980648176274212,-2.8655942179007576
2019-05-27,0.5907055858878725,-1.9969596580677622,-2.94773352958565
2019-05-28,0.49966125596901245,-1.8994997151223711,-2.7171570448837747
2019-05-29,-1.3060013137235478,-1.8552524413333287,-2.733567197016976
2019-05-30,0.4226239096740325,-1.9222705503661441,-2.816365920316449
2019-05-31,-0.23879437561131997,-1.8905712432771271,-2.508573900483749
2019-06-03,1.42041235927905,-1.7662691561517598,-2.4884109297370123
2019-06-04,-1.0407236799678876,-1.7719712142792676,-2.4525250834217194
2019-06-06,-1.3287583713877578,-1.707516665468888,-2.3341845908385075
2019-06-07,0.3730462860363575,-1.9241151037230693,-2.6096546907773517
2019-06-10,0.45004167005091,-1.8032445639278385,-2.5893794824098593
2019-06-11,0.752134231375875,-1.9166274366821603,-2.7020026356835047
2019-06-12,-0.4118911573145375,-1.7546196610312117,-2.6192468507083797
2019-06-13,-0.107716954231805,-1.7323874343393437,-2.5628641236333407
2019-06-14,-1.0596236887726276,-1.6564457773435308,-2.2900407296978202
2019-06-17,-1.34421868706213,-1.6775640636937728,-2.316034694735837
2019-06-18,0.29682853478801247,-1.8075186508335086,-2.5745130806740595
2019-06-19,-0.5843178065835251,-1.9174881941966821,-2.8775935964148887
2019-06-20,1.3809655797006126,-1.7568315646853028,-2.4076218911511678
2019-06-21,-0.4427604674179375,-1.7306650725443453,-2.3599608036211013
2019-06-24,0.14500719687504002,-1.6002252261119485,-2.219347629480728
2019-06-25,0.3892516103899925,-1.6152930118647029,-2.2215056741338657
2019-06-26,-0.021502812829517493,-1.6217613383265048,-2.2644252606239803
2019-06-27,0.8993672781082175,-1.6049449230524568,-2.3093171030986066
2019-06-28,-0.3298050003004374,-1.6546451288232265,-2.2505207684306265
2019-07-01,0.7175923233005399,-1.65540606947303,-2.3513194113493263
2019-07-02,-0.015695428604065087,-1.620804357599295,-2.3547952967395385
2019-07-03,-0.46806315026461,-1.721690762707449,-2.419633351865914
2019-07-04,0.7376415031647975,-1.59836486697035,-2.2484067749729975
2019-07-05,-1.1230301989799973,-1.5539210664950347,-2.269618401018225
2019-07-08,-2.50283419171698,-1.6957433002249271,-2.316387418573301
2019-07-09,0.23157469133736744,-1.8428918360252184,-2.620470691608558
2019-07-10,-1.2981524061702499,-1.7859813218850416,-2.61656631317638
2019-07-11,1.7881736063972902,-1.819834434725373,-2.5208409077454954
2019-07-12,0.3472682132020576,-1.7863003519348026,-2.4194728427862855
2019-07-15,1.81392542385611,-1.6277813104822532,-2.272587079017195
2019-07-16,2.192294199274955,-2.0941048386297143,-2.8556156063737244
2019-07-17,0.8070711115038325,-1.8349178067342913,-2.5165505279780116
2019-07-18,-2.035933805675065,-1.873275057566632,-2.643217778647063
2019-07-19,-1.9686413295794574,-1.924472351798898,-2.6094900745928715
2019-07-22,-0.6749383071954475,-2.0161285290095594,-2.7608538388946053
2019-07-23,-0.3450707747134551,-1.8071121924006888,-2.526655107959012
2019-07-24,-0.5989016105642075,-1.823029009087518,-2.5204810657998067
2019-07-25,-0.6763515770185751,-1.9683921033393381,-2.75777351314442
2019-07-26,0.260357344042545,-1.9892911039560552,-2.8323400043170373
2019-07-29,-1.7101535771947776,-1.8423897721331772,-2.4890509598732655
2019-07-30,-1.831426101793955,-1.9429854177487238,-2.7522122777075113
2019-07-31,0.8798443714789275,-2.13029271437392,-3.0820227091135166
2019-08-01,-3.0265506006878624,-2.107209541583677,-2.9161244089308447
2019-08-02,-0.16726304495453748,-2.2938425675661276,-3.3736499232725157
2019-08-05,-1.9503060749702674,-2.3868297563422844,-3.434021139402156
2019-08-06,-0.18916756653273498,-2.350146877025118,-3.4690991254232704
2019-08-07,-1.5117298748812127,-2.229826943852707,-3.1533338913108153
2019-08-08,2.523485451972655,-2.3299438985767704,-3.4534852170520414
2019-08-09,-0.10282053551741,-2.325184093736257,-3.3245223151504573
2019-08-13,-1.7503053142200373,-2.3079917046009304,-3.2547187529623987
2019-08-14,0.8637581579351025,-2.2394515988926122,-3.1620001052698727
2019-08-16,0.04205790313136748,-2.223487422089954,-3.3605734894368484
2019-08-19,-0.4703844924068875,-2.139688908727955,-3.073108592787575
2019-08-20,1.13512063005722,-1.8377318281608512,-2.579599107458991
2019-08-21,-2.6868447761882828,-2.1501540547531786,-3.1380817841787967
2019-08-22,-1.6991117365100799,-2.148386894919511,-3.107812849973572
2019-08-23,1.0433260405374074,-2.3119697652310767,-3.243417515948822
2019-08-26,0.9449399403047001,-2.24211462880854,-3.4351432332036453
2019-08-27,1.84282416298913,-2.24201108397489,-3.3259126284255207
2019-08-28,-0.80408684143285,-2.1886622202593666,-3.143166812110504
2019-08-29,-1.1695942234727528,-2.1617107948627323,-3.312659358845446
2019-08-30,1.364210330081765,-2.2662388525007278,-3.325511079902027
2019-09-03,-1.9433133622596723,-2.255981364495607,-3.087280658914732
2019-09-04,0.18729169613425256,-2.1311469238858303,-3.0009961564070045
2019-09-05,1.871430543687905,-2.183389363754308,-3.2326080707194818
2019-09-06,0.7649733066775226,-2.1551778947175517,-3.114545533783994
2019-09-09,0.3734976590392074,-2.105201569542297,-3.026828293870404
2019-09-11,2.6686834836573627,-2.117450102790732,-3.047081954639626
2019-09-12,-1.43636415270226,-2.032337291099401,-3.0672933262872584
2019-09-13,1.1064379939179279,-2.047496709447009,-3.013463221991635
2019-09-16,-0.6911213190522449,-2.057542776192332,-3.0996652653738384
2019-09-17,-1.9681640401016152,-2.0487682200329176,-2.9935392333294457
2019-09-18,0.461050184656155,-2.240610127858717,-3.274564957346142
2019-09-19,-0.5776032386474226,-2.1747017516309164,-3.1039056048480704
2019-09-20,5.755064181776936,-2.1572377439775576,-3.009120748332941
2019-09-23,-0.46777520488964974,-2.6402901221244983,-3.739751909014872
2019-09-24,0.7588234188868348,-2.7253862089373198,-3.74186815992709
2019-09-25,-3.4956283892424826,-2.7275906431400228,-3.735137000798197
2019-09-26,-0.09465979123926005,-2.8797147768726084,-3.917460599797107
2019-09-27,-1.300565305467615,-2.708720815602558,-3.9842819491200907
2019-09-30,-1.0823324956297822,-2.6039263827824395,-3.625808232154237
2019-10-01,-2.1450562522618575,-2.7400472556830087,-3.746927761410968
2019-10-03,0.7083769309820298,-2.8633063025800825,-3.9684590513693343
2019-10-04,-0.9645874660596476,-2.615502975340963,-3.622349496515541
2019-10-07,-0.71507909305049,-2.4924516047090144,-3.695649673268766
2019-10-09,1.7897160894446098,-2.4002756315293268,-3.5233078257210653
2019-10-10,-1.2768826677068625,-2.484771009397465,-3.5413897383540065
2019-10-11,2.4298296272193127,-2.496249493982169,-3.4930538047399002
2019-10-14,0.6259763202895974,-2.499761255668291,-3.5279077674116945
2019-10-15,0.1574998839293974,-2.3520543780706955,-3.3420187081110284
2019-10-16,-0.26870687359934753,-2.315954348414135,-3.1839478240895143
2019-10-17,3.8058532072685454,-2.2295685992472323,-3.1426656916841877
2019-10-18,-0.10506651698936248,-2.283473013849727,-3.3097144468404847
2019-10-22,-5.043584919205433,-2.1707028308452783,-3.1127536676107983
2019-10-23,1.4074919731101976,-3.457635446437222,-5.046564412504045
2019-10-24,-1.6359878390957934,-2.219251941063532,-3.202700408106052
2019-10-25,0.69388376032319,-2.325255404136835,-3.339267805253812
2019-10-27,4.20734426694105,-2.5209570110822845,-3.4974983283046757
2019-10-29,4.07792189643359,-2.461794866413181,-3.661788535055667
2019-10-30,1.2164941001759577,-2.67785186437705,-3.8192307426787306
2019-10-31,3.695434085836962,-2.580062758952824,-3.7589590396836967
2019-11-01,-0.15411821951744756,-2.9181094088598534,-4.073171940701174
2019-11-04,0.16026122549148503,-2.697705375701949,-3.821948401798256
2019-11-05,0.060301278750332477,-2.612090481881981,-3.715453704493225
2019-11-06,0.8902161361167725,-2.5770722226973937,-3.749299233172713
2019-11-07,-0.5911924489366449,-2.4424610536489118,-3.5343181547184477
2019-11-08,-1.5612874261904777,-2.2920899074068752,-3.3650917922146046
2019-11-11,0.4165637860430825,-2.229782250822058,-3.2025975393723995
2019-11-13,-1.4722183084149023,-2.4670147001833604,-3.753039496682366
2019-11-14,-0.35537979570203254,-2.4910329710760077,-3.517008634359654
2019-11-15,1.3026901252359149,-2.454002636451609,-3.735602231417978
2019-11-18,0.504040859873845,-2.4829295167823457,-3.808724941341468
2019-11-19,0.10089797406239495,-2.41504697080796,-3.5439136800537354
2019-11-20,-0.3067265576336025,-2.2667185841307527,-3.4026083388011057
2019-11-21,-0.0164593091595851,-2.150304771299516,-3.3633802290192363
2019-11-22,-1.3925935628488975,-2.1470455027641835,-3.1265786158477824
2019-11-25,1.6741588284940498,-2.07141456874715,-2.97191014504213
2019-11-26,-0.7735771935903025,-2.024372230159444,-3.039185886105697
2019-11-27,1.578442533549925,-1.9394070992662804,-2.983194416005007
2019-11-28,0.39392236508434253,-2.031652429245391,-3.040549057965253
2019-11-29,-1.8702502300922448,-1.9645577517519464,-2.8840747096380372
2019-12-02,-0.35049612674068503,-1.920824291697443,-2.9065982529090966
2019-12-03,-0.5911476203849725,-1.9577131016612606,-2.8763249843712453
2019-12-04,2.735882513372945,-1.9625352629619137,-2.7515701619548993
2019-12-05,-0.8268673955424625,-1.9658292862298392,-2.8435847228583233
2019-12-06,-2.068287406066365,-1.9331143689917472,-2.9126851277866272
2019-12-09,-0.561221877072315,-2.0988183516050776,-3.0852848623391713
2019-12-10,-0.2678711054568775,-2.1032816970238173,-3.076076345501311
2019-12-11,0.3204888570651375,-2.043241091768469,-3.109102528245165
2019-12-12,1.7324309743334099,-2.024662104949995,-2.9092594440010755
2019-12-13,1.60726935383249,-2.095297851341544,-2.898283830818741
2019-12-16,-0.6018023039565499,-2.087857618053653,-3.069920369329033
2019-12-17,1.1916933789618827,-2.0430430318697463,-3.047029708057786
2019-12-18,-1.53906950836716,-2.009643036881602,-2.9893949240565454
2019-12-19,0.9420721404250101,-1.9923465167980408,-2.978400795136183
2019-12-20,0.1989019148514174,-1.998063836381844,-2.8516408022021067
2019-12-23,-0.14700291358052497,-1.9441809015585791,-2.9771074619883575
2019-12-24,-0.2895832290889025,-1.9488150705075122,-2.8332397511111727
2019-12-26,-0.42028829983404997,-1.90911157967728,-2.748197786448288
2019-12-27,1.1120379812609351,-1.9068017270559776,-2.8382689416544005
2019-12-30,0.5365535948902524,-1.8580618290084128,-2.726073367615453
2019-12-31,-0.09642350446437253,-1.8477197255617561,-2.7217664499544685
2020-01-01,0.3273583477220825,-1.8318892684641936,-2.7009355646220454
2020-01-02,1.5359916946829277,-1.7899922349945443,-2.513234069163129
2020-01-03,-0.51587138956985,-1.7958876608547345,-2.552608769436614
2020-01-06,-2.2465321539817324,-1.7940565699540918,-2.6159215739410957
2020-01-07,-0.4801787404071575,-2.0173647509999113,-2.830534671630483
2020-01-08,-0.40608441761416253,-1.9157991395431513,-2.7305162043219897
2020-01-09,2.4589734033358575,-1.8840359120498023,-2.6783843166096624
2020-01-10,1.3200548527928175,-1.9175494181166939,-2.6639715744239054
2020-01-13,1.562475302159985,-1.940732732142424,-2.7298789303733395
2020-01-14,-0.01773573166740501,-1.9179435345144653,-2.68867981349961
2020-01-15,0.17741608374211496,-1.9009968538863384,-2.666973387219078
2020-01-16,-0.10413684156423497,-1.8434173446862951,-2.543617163721459
2020-01-17,-0.28275723978406997,-1.79943223566452,-2.4993875123138425
2020-01-20,-0.5591538350163775,-1.7479653302596823,-2.4648574717494993
2020-01-21,-0.7745275720599849,-1.7640640674538468,-2.5616768347953065
2020-01-22,-0.36864896155754756,-1.6496656768931441,-2.354708362843743
2020-01-23,1.4441124030314125,-1.678542113313364,-2.3666737813311403
2020-01-24,-0.03542883449343248,-1.7720092431494527,-2.5873988095395735
2020-01-27,-1.4945239835437976,-1.68494702623725,-2.3833507569037677
2020-01-28,-0.9507527383328075,-1.740577452879178,-2.528482199750021
2020-01-29,2.2859031057415673,-1.7262085857555682,-2.4766479171736595
2020-01-30,-1.1869615357014376,-1.7838717915869922,-2.4685520197939925
2020-01-31,-1.1513781117071926,-1.734307996490334,-2.4427971634613748
2020-02-03,-2.0834160048008377,-1.7124346237734922,-2.49164963287405
2020-02-04,1.3431432602599676,-2.1068422073687594,-3.00507310885305
2020-02-05,2.919219506500357,-2.071186096633351,-2.896668164065463
2020-02-06,-0.27999537861810997,-2.1620623938409516,-3.074862426070075
2020-02-07,-0.6205741442384449,-2.0566071897273015,-2.8219150346787947
2020-02-10,-0.9863064430391926,-2.034459985834407,-2.8891151948240905
2020-02-11,0.5147106387570101,-2.0012556218143747,-2.8285081087491886
2020-02-12,1.3159007623344026,-1.974191641635922,-2.811319320920912
2020-02-13,0.9563768164510227,-2.0613333591978553,-3.1076399973242075
2020-02-14,-1.1773729677517275,-1.967611714521123,-2.989345397986718
2020-02-17,-0.3423499755246624,-1.9441751344558094,-2.7229416130693846
2020-02-18,-0.8134934437588623,-1.943008636547642,-2.722209333224756
2020-02-19,0.38969724144257756,-1.9568363514620388,-2.7436927599598273
2020-02-20,0.042936855528345017,-1.967787145808679,-2.821973554594888
2020-02-24,-2.038000775301147,-1.9047677898362387,-2.7597200416616423
2020-02-25,0.45884233786552253,-1.9092517124232309,-2.8445764406659135
2020-02-26,-1.267518021111895,-1.9882229645008391,-2.896685253120416
2020-02-27,-0.308152998365805,-1.8939364170036532,-2.698614290794923
2020-02-28,-6.926803961555063,-1.9272962228388886,-2.7947843250311735
2020-03-02,-1.878418958038935,-2.295705210771484,-3.408735888030259
2020-03-03,1.4632201668266176,-2.4864702186002186,-3.5866958178230317
2020-03-04,-0.7083310861988825,-2.495954080543074,-3.6314043221018757
2020-03-05,0.5320898640480325,-2.3604311887489184,-3.3822101774852364
2020-03-06,-4.873285920799425,-2.4421588246900785,-3.4901073391288255
2020-03-09,-5.538519431761451,-2.4809763456084455,-3.666970880347396
2020-03-11,-2.771708758020363,-2.8165311901302403,-4.242001262388291
2020-03-12,-9.733343615332199,-3.0405708393487116,-4.478403569206276
2020-03-13,3.8899886941200474,-3.9469954331898003,-6.08265256469597
2020-03-16,-7.54050116433557,-4.221540178965525,-6.236091873181294
2020-03-17,-2.9409612724707053,-4.411319802065827,-6.932183988513058
2020-03-18,-2.7622711284285675,-4.454956326154077,-6.864311087203957
2020-03-19,-2.853692954688772,-4.206080753517602,-6.389640625768933
2020-03-20,6.6974214974020905,-4.15710587704451,-6.324125978980831
2020-03-23,-12.457198021669388,-4.338566928876218,-6.622990566637836
2020-03-24,5.96199746104866,-5.152711341709894,-7.6206312558275275
2020-03-25,2.928623046391705,-5.4345319115825905,-7.917366805348584
2020-03-26,3.2871930997884173,-4.954892647259154,-7.519461987530266
2020-03-27,0.1237889817528875,-4.7912650296850865,-7.019788102085299
2020-03-30,-2.610367530611365,-4.354541541379613,-6.475369326151302
2020-03-31,4.195514696164739,-4.29622011360428,-6.99036763178541
2020-04-01,-5.341764122252632,-4.386744779056412,-6.7499395175118755
2020-04-03,-3.5352239704369977,-4.134510095789863,-6.208636680206904
2020-04-07,7.585215494530255,-4.432102194036294,-6.757595236774785
2020-04-08,-0.459095606913265,-4.766682166948092,-7.1048801339321175
2020-04-09,2.370634055752935,-4.333163941632867,-6.287928446758511
2020-04-13,-0.9182212466071524,-4.154986023825258,-6.110703210015201
2020-04-15,0.9086053039940826,-3.7816118587201157,-5.833719736158095
2020-04-16,0.29798105305982736,-3.6345276865852587,-5.514427062254547
2020-04-17,1.0139031500062075,-3.598906303863278,-5.511323715682688
2020-04-20,1.4917745113758847,-3.382974442779188,-5.161823487700918
2020-04-21,-3.8849412184399625,-3.396196410665017,-5.183592339021535
2020-04-22,2.0141251380404146,-3.4232673080812077,-5.276711629446518
2020-04-23,0.3390251848024426,-3.5570659456572087,-5.3575479672299045
2020-04-24,-2.60255056170001,-3.3540970394344813,-5.113443951188432
2020-04-27,1.1659143792131126,-3.4766875432706077,-5.398765323913902
2020-04-28,0.5460904414742851,-3.3475443391312294,-4.965623792538498
2020-04-29,1.11056100698721,-3.1850119217110424,-4.8633405835885135
2020-04-30,5.453180034335047,-3.0871147082346075,-4.8019761515897725
2020-05-04,-7.037519409714863,-3.244144500357254,-4.918437744095633
2020-05-05,-2.6191740778030375,-3.5711435934569153,-5.47380950030233
2020-05-06,0.12592548770090006,-3.835526404756407,-6.11110746394775
2020-05-07,-0.52485480945994,-3.692431545433785,-5.646726017674429
2020-05-08,0.4878617758773102,-3.606926667060617,-5.65353832973801
2020-05-11,1.1500233027197848,-3.520043769093996,-5.29667668603872
2020-05-12,-0.028507690097182514,-3.366060037987921,-5.272328400703327
2020-05-13,1.3822946912295904,-3.1384739059701583,-4.771505851902758
2020-05-14,-3.0960552146871745,-3.1525828087336367,-4.866030119032718
2020-05-15,0.031094549692432527,-3.2110500768070853,-4.897671604358293
2020-05-18,-2.7391450403125925,-3.2348153877254244,-4.927876027985845
2020-05-19,-0.2484409315791325,-3.5069720155276274,-5.456087918599654
2020-05-20,0.8255960507166575,-3.302293688339195,-5.171856060794127
2020-05-21,-0.19649145055105754,-3.3002079215336235,-5.198921047689303
2020-05-22,0.38200067501294255,-3.189814119510927,-5.080171539437347
2020-05-26,-0.3757004136538775,-3.1104973229341817,-4.682685115904884
2020-05-27,2.7476211113935998,-2.8228808599958706,-4.4987408220125955
2020-05-28,0.86783172006654,-3.0859506159345407,-4.729251976439339
2020-05-29,0.8194719172230125,-2.876712168907023,-4.52785872356328
2020-06-01,2.964869304041655,-2.7833335269489075,-4.261054181770156
2020-06-02,2.188088479873742,-2.964266099581671,-4.5144335154554485
2020-06-03,1.1724684619967127,-2.7947637129504344,-4.499403300311494
2020-06-04,0.035980897015855606,-2.76083654110055,-4.34030184742934
2020-06-05,4.29044629188145,-2.6809392190367634,-4.309230792083673
2020-06-08,1.7998276239428026,-2.9179788041769728,-4.6460428378066805
2020-06-09,-1.3726402098101549,-2.8600504561261895,-4.508722292530662
2020-06-10,0.5193896060632125,-2.647342891460972,-4.11188380593814
2020-06-11,-3.222377149960727,-2.6150044266377743,-4.191733771057646
2020-06-12,-0.34240229310186504,-2.80064564268246,-4.360093956228204
2020-06-15,-2.3755963495166847,-2.827859172679344,-4.310449035798121
2020-06-16,-1.1923793956801374,-2.8871356460810906,-4.585154222781324
2020-06-17,0.28821327170867,-2.857450573643088,-4.427687259569935
2020-06-18,1.4038039416589174,-2.748668789498666,-4.0942903999838025
2020-06-19,2.4182503558558572,-2.741365499542011,-4.375235704620901
2020-06-22,0.49678734769224503,-2.7209038373536525,-4.278669230679128
2020-06-23,2.2902650297076024,-2.601038480270717,-4.0768279296107774
2020-06-24,-1.4712531765578603,-2.727282865869386,-4.1191898294277065
2020-06-25,-0.13641494625592998,-2.580502155358534,-4.166322105124453
2020-06-26,0.7552497111052128,-2.757595233935976,-4.188599062440282
2020-06-29,-1.4450430870974575,-2.8002255976032258,-4.32653764509763
2020-06-30,-0.30604947696325746,-2.6687130770851084,-4.117566257137899
2020-07-01,1.254026940750635,-2.7276642868742944,-4.2483729199813345
2020-07-02,0.8995302707423878,-2.6869626908385147,-4.27165723715923
2020-07-03,0.8165987827530199,-2.5725549765206783,-3.91103626024512
2020-07-06,1.6588852665982774,-2.551696412896029,-3.8598691087671
2020-07-07,0.9657753197852323,-2.5182650929636377,-3.7713513682955426
2020-07-08,-0.6817176922938926,-2.397832626736928,-3.7860437761275763
2020-07-09,1.40560919943524,-2.377957990252016,-3.597987613423956
2020-07-10,0.25784752873383743,-2.473884592290297,-3.782288751989311
2020-07-13,0.6623863087427624,-2.4143064167233654,-3.7208645360260713
2020-07-14,-2.322089479473945,-2.5054812072989177,-4.019031106906711
2020-07-15,1.15370023234779,-2.5138509557342017,-4.080387738052074
2020-07-16,2.7088912530969695,-2.598282883022371,-3.86760277070208
2020-07-17,1.37325708290863,-2.982071589070094,-4.603286523913379
2020-07-20,0.8263701781558199,-2.6983671870926345,-4.195874521154612
2020-07-21,1.1963741397847074,-2.7384392622687828,-4.324476507759985
2020-07-22,-2.35233367671847,-2.5864794273193734,-4.041330265625364
2020-07-23,0.32492152270303004,-2.5577058012146874,-4.110043796277575
2020-07-24,-0.9717618209757374,-2.6299798815335023,-4.070329008478751
2020-07-27,-0.3103093118104901,-2.697636033954973,-4.227766367337768
2020-07-28,2.0590649158790297,-2.568649704001452,-4.051019641074627
2020-07-29,-0.28771000773618505,-2.5590692338487004,-3.936300872550626
2020-07-30,-1.2229848718416725,-2.476244411520847,-3.8660137447826117
2020-07-31,1.1685483481975476,-2.410108256720184,-3.842444987033494
2020-08-03,1.7366876841062524,-2.2951405448065985,-3.317844558110752
2020-08-04,-0.7019923119231725,-2.3637686797234707,-3.5241711528074755
2020-08-05,0.6782078590658601,-2.2738908387868966,-3.4937899793480507
2020-08-06,1.2120284744840375,-2.2422492443660467,-3.4789337344637077
2020-08-07,-0.1825875518183075,-2.3419113693929052,-3.6223477094126757
2020-08-10,1.35620027522655,-2.2435790308520285,-3.629654821754378
2020-08-11,-0.18631422376354254,-2.2830968138666976,-3.53660572538996
2020-08-12,1.64576741722265,-2.196695425038117,-3.552728317966471
2020-08-13,0.9000728763531227,-2.314254927904441,-3.429018102625054
2020-08-14,-2.178596354131723,-2.1904796720613335,-3.487562540499181
2020-08-17,-0.29245509701686256,-2.239636957956049,-3.487393586357659
2020-08-18,1.1375158081023349,-2.2263647612699162,-3.5477218958362893
2020-08-19,-0.290547125927195,-2.2215930298013395,-3.42652154915523
2020-08-20,-1.190962411509725,-2.048089142200352,-3.1773806735768284
2020-08-21,0.31888822965062236,-2.111305445579212,-3.2291443439025063
2020-08-24,0.31943430562297753,-2.0802895400386943,-3.088977572386715
2020-08-25,1.5606863674812175,-2.146858363912932,-3.339755230792949
2020-08-26,2.644838524376717,-2.118996756102158,-3.3153346896793265
2020-08-27,1.575633491265765,-2.195199660413604,-3.3548139886011206
2020-08-28,0.25519067226118486,-2.2028955164304915,-3.42352354683221
2020-08-31,-1.9848824115425852,-2.2516372321877443,-3.6052936736122363
2020-09-01,0.9392981707024722,-2.484688616575218,-4.081513572965251
2020-09-02,0.9278275144699325,-2.55398542587652,-3.951019778460322
2020-09-03,0.17689593250137509,-2.468792438217322,-3.736300345554179
2020-09-04,-2.068287300069765,-2.4442241051315423,-3.8100786457671965
2020-09-07,1.0285554832394026,-2.376296316815151,-3.6630227809793343
2020-09-08,-1.53873214251991,-2.42242887656278,-3.7368566559226437
2020-09-09,-1.96918756660551,-2.3000332679266817,-3.5366765407043235
2020-09-10,1.3330617907441125,-2.41748236373711,-3.75858056643254
2020-09-11,1.1864735472013699,-2.473040529269994,-3.8716866472467535
2020-09-14,0.6346827476073225,-2.3768622901524927,-3.7457470814391907
2020-09-15,0.29613474475711754,-2.437630514753095,-3.6479824187521386
2020-09-16,0.9733870481255724,-2.246092107118734,-3.3587220122036223
2020-09-17,-0.9338770695164449,-2.1903205464051645,-3.205204972347908
2020-09-18,-0.893699198085195,-2.1767769586864083,-3.4398147299927
2020-09-21,-3.2741088825964875,-2.0725274439744243,-3.099031205561275
2020-09-22,-0.9450288639221925,-2.2286838346153517,-3.803473378462836
2020-09-23,-0.027939923758977525,-2.2999225790442615,-3.541230125389041
2020-09-24,-3.736793909344937,-2.258445788115455,-3.4667307049555207
2020-09-25,2.8322908126189676,-2.6170393468736872,-3.94700415610645
2020-09-28,1.5440982647462902,-2.7393135257274523,-3.964766006257531
2020-09-29,-0.914882574133995,-2.574339382996045,-3.9120234392564472
2020-09-30,0.7578444944309,-2.425144670228858,-3.6409339392993414
2020-10-01,1.2428980020026674,-2.447611426199332,-3.785048548395275
2020-10-05,0.8125058346977975,-2.424199001655775,-3.798880133647349
2020-10-06,2.5474176938908175,-2.4319224424715054,-3.6427519690889794
2020-10-07,-0.24393735767125,-2.411301003412226,-3.8428449203271073
2020-10-08,0.97364575903465,-2.2445030371006163,-3.337862463989775
2020-10-09,0.47668179072061995,-2.256358592987663,-3.4952792360341363
2020-10-12,0.1360468683618349,-2.376108033829717,-3.605638393949318
2020-10-13,-0.1548145159856293,-2.2588457730010116,-3.5182966284934563
2020-10-14,-0.31345304405521013,-2.172995199785824,-3.325764148436181
2020-10-15,-2.349382734790092,-2.2570388216646906,-3.517861850648974
2020-10-16,0.9629936222572275,-2.2922950956581527,-3.5624617090207815
2020-10-19,1.3834560872400699,-2.315846064446811,-3.668657393490755
2020-10-20,0.35697965872532744,-2.40000209465708,-3.706827862992298
2020-10-21,0.32405762643019,-2.2086217638309207,-3.378678384618617
2020-10-22,0.32366686964988256,-2.16078944846577,-3.365789727765811
2020-10-23,0.29651813727907494,-2.133598637369921,-3.2820529156853717
2020-10-26,-1.3322882720251275,-2.049860341802392,-3.1295679094724904
2020-10-27,-0.2755746317555925,-2.1057305956473216,-3.3734849085236647
2020-10-28,-1.01330956239265,-2.1055369320890795,-3.2988163271530846
2020-10-29,-1.3068404710130275,-2.0755509673532786,-3.2071177862675486
2020-10-30,-0.7248894380529225,-2.159132129484261,-3.314061974268745
2020-11-02,1.20291456918653,-2.166469943225757,-3.291641061966733
2020-11-03,0.8938171847869726,-2.142053629469203,-3.2652394688743
2020-11-04,1.3874905723485675,-2.2102918217223464,-3.3709902425093805
2020-11-05,2.4254779745043202,-2.2154447175136056,-3.2835623602187978
2020-11-06,0.40645578959838,-2.2631440076097804,-3.453159025038196
2020-11-09,1.3746808171891924,-2.1279550498095303,-3.2477295114809244
2020-11-10,1.2494677334105848,-2.0900941458628206,-3.055060634482066
2020-11-11,1.74843999195596,-2.251037986578763,-3.4949353501160547
2020-11-12,-0.162354497857895,-2.2876439366262025,-3.42014927887387
2020-11-13,-0.45790654336657244,-2.290814079828766,-3.4317246519013933
2020-11-14,0.67697100758769,-2.1988194591194534,-3.3693472817088685
2020-11-17,2.282616182517925,-2.0663768263634203,-3.0998413586429887
2020-11-18,2.7163118409480154,-2.1199452258321236,-3.255968901975155
2020-11-19,-2.3870339160465974,-2.335051842230205,-3.470240141593974
2020-11-20,0.50797877301845,-2.439051225957361,-3.601782520958093
2020-11-23,0.7361156546085199,-2.357322676206417,-3.489092126963087
2020-11-24,1.0609748401155525,-2.439500643064527,-3.64023440326258
2020-11-25,-0.9659014528204124,-2.2388225195034543,-3.3433052700040977
2020-11-26,0.742853884652805,-2.1344018800542357,-3.225841862244376
2020-11-27,0.3249292302871674,-2.1159682146478445,-3.184341291566599
2020-12-01,1.088105274107105,-2.1117034373575563,-3.168933250823963
2020-12-02,0.5587736820025926,-2.245791324043037,-3.354070050690717
2020-12-03,0.644704564408235,-2.1188249812883706,-3.306108581990266
2020-12-04,1.4337092155950275,-2.1727683980915025,-3.375147503857739
2020-12-07,1.4950487057007473,-2.253551251553288,-3.4002009249083875
2020-12-08,0.22992987676774249,-2.2042661784940027,-3.3714384534286834
2020-12-09,0.803402850235025,-2.1736975524949598,-3.195414649244315
2020-12-10,-0.31349639764414505,-2.150432966636632,-3.375017286183332
2020-12-11,0.6024099116826724,-1.9934442337741265,-3.0631948126913247
2020-12-14,-0.021382144361122485,-1.9282772650458437,-2.9547686697079385
2020-12-15,-0.9054602702195401,-1.9616503494072075,-3.0610486861473243
2020-12-16,0.88462060860348,-1.9221457883581294,-2.8558265025055563
2020-12-17,-0.7221936717714524,-1.9158239686331133,-2.8864843350198943
2020-12-18,1.0356472043504201,-1.9235427003982628,-3.020680922493339
2020-12-21,-4.472540207693068,-1.9714061917161938,-2.911781158449249
2020-12-22,1.2847882968427524,-2.1868593177681874,-3.274900162459482
2020-12-23,2.4611176732511524,-2.4118599747357674,-3.776425705052441
2020-12-24,1.333986499515385,-2.4899491543039165,-3.6849328356167668
2020-12-28,2.1524435732224827,-2.293959512359913,-3.5884470980900076
2020-12-29,0.004542103317712515,-2.2418172179967555,-3.4496564050569227
2020-12-30,0.1677421125114425,-2.2668203537110623,-3.4368109282911914
2020-12-31,-0.154243310846785,-2.0978074684833232,-3.212803146575875
2021-01-01,0.7694972544100075,-2.083693356844686,-3.255269280174952
2021-01-04,1.7324354285055976,-2.1273240371752875,-3.3859886522922378
2021-01-05,0.66330455888239,-2.0778923831839267,-3.1963205644570967
2021-01-06,0.005548491263020011,-2.030686515282768,-3.0432083217092813
2021-01-07,-0.49475885981379997,-1.8575815574882106,-2.9121918944531675
2021-01-08,1.234167011977575,-1.9806962255058733,-3.0319207263621695
2021-01-11,3.966572454081245,-2.076370761519203,-3.350962269919983
2021-01-12,2.1063767929463073,-2.2134023687026905,-3.4668078888628733
2021-01-13,1.9346027869643776,-2.0962402161362776,-3.1534038678552596
2021-01-14,0.2656411096213475,-2.241873597179084,-3.4862718896677043
2021-01-15,0.2565562943663552,-2.121941350797534,-3.2496475123837363
2021-01-18,-3.02046050120817,-2.107781239523818,-3.2313316259314577
2021-01-19,2.021374030023895,-2.227497676309711,-3.408661358942891
2021-01-20,2.2047613978254925,-2.20127415076819,-3.4892731948355604
2021-01-21,0.8725205586045702,-2.2238188258265694,-3.371393475922936
2021-01-22,-0.6135748690117375,-2.2262005676447845,-3.393770804194882
2021-01-25,-1.5374777043438923,-2.255212137436256,-3.423896070412927
2021-01-27,-2.087359232577885,-2.183065968022998,-3.3188214437404286
2021-01-28,-0.9151224097784374,-2.237279038320169,-3.436287862093332
2021-01-29,-1.547704502828175,-2.289604454975318,-3.5804890141526147
2021-02-01,4.240329590872642,-2.2429614615721385,-3.52043137898511
2021-02-02,5.271917786949501,-2.738107088645882,-4.15468692809968
2021-02-03,1.19118904292866,-2.752287378179275,-4.128500627890819
2021-02-04,1.05588725826697,-2.766013143613093,-4.127003311218073
2021-02-05,1.866477630358935,-2.7828150437317793,-4.3498398388591015
2021-02-08,2.0338730555929727,-3.1811451787286926,-4.753265586278878
2021-02-09,-1.1574066061631676,-2.963609576729303,-4.529412349225449
2021-02-10,0.174679140444705,-2.8638726769799816,-4.265726897866104
2021-02-11,-0.20110829005786246,-2.819864043651845,-4.3055714231760085
2021-02-12,0.3136614356376275,-2.6701569140101813,-4.1838945318582645
2021-02-15,1.1674353326211127,-2.603864380857416,-4.015619850830993
2021-02-16,-1.1840627767191325,-2.5345653515315685,-3.9354596755715328
2021-02-17,0.10318197021349251,-2.465110906849474,-3.7432226385109737
2021-02-18,-0.2542153302039276,-2.387470920999225,-3.5511449449133594
2021-02-19,-1.531053800890755,-2.2998526605695964,-3.351406154133724
2021-02-22,-1.89885101011179,-2.387312510794984,-3.704115122103943
2021-02-23,2.09701004077619,-2.3858213763439515,-3.7691456831276318
2021-02-24,0.6340239358132875,-2.295038545020081,-3.385352438773259
2021-02-25,0.7655245614668525,-2.378106150585865,-3.6465871818710274
2021-02-26,-2.6338807972402476,-2.2524368426451318,-3.4106678718749928
2021-03-01,1.1209792794736424,-2.4533203259159935,-3.667628258487438
2021-03-02,2.376153031695205,-2.403091817036106,-3.7652850352145957
2021-03-03,1.7921134921326098,-2.431981039484591,-3.7004115868536576
2021-03-04,-1.4713415938298402,-2.448838726076247,-3.734805278100361
2021-03-05,-2.03765006276537,-2.269358376253003,-3.3022516575422745
2021-03-08,0.13879859814115247,-2.414570843414997,-3.660414958907278
2021-03-09,-0.14739022596023255,-2.286073453118695,-3.5289115441547274
2021-03-10,1.2452765398144625,-2.2798007130542848,-3.4317560829300264
2021-03-12,-0.8728640123571325,-2.22119230083922,-3.280610720294619
2021-03-15,0.30794564495467,-2.199708433123981,-3.306499009541253
2021-03-16,0.31998270867453255,-2.1273893767891403,-3.195151278096405
2021-03-17,-1.9716776629953174,-2.061907112911406,-3.1063864365607823
2021-03-18,-1.0144588426978451,-2.1730234804126574,-3.2909422016690417
2021-03-19,1.6394395080986348,-2.1451010266751536,-3.3538040813056087
2021-03-22,0.16312113851451,-2.240008341115638,-3.4938149495988635
2021-03-23,0.5857881730365,-2.2476993900299553,-3.45305030802308
2021-03-24,-2.480573803421455,-2.136225324962496,-3.3403095984398883
2021-03-25,-2.358760282329232,-2.2739540776867124,-3.4049548835459893
2021-03-26,2.0052114766680247,-2.293471879674572,-3.4720053807742177
2021-03-30,2.0648024084460928,-2.322751396570685,-3.5790102219413362
2021-03-31,0.663701437001885,-2.4411367116679963,-3.6346607722548843
2021-04-01,0.8961809976273951,-2.258041779011749,-3.4620526857666603
2021-04-05,-1.2306304187100874,-2.220869177960206,-3.4484536291881467
2021-04-06,0.3946872495221525,-2.444475547230567,-3.6290467142690694
2021-04-07,0.8735009850683074,-2.3271946115443267,-3.5808361403838966
2021-04-08,0.5044446444883876,-2.3104522147041666,-3.5286879297892892
2021-04-09,0.8500134824398525,-2.2475253963615005,-3.4206589728030767
2021-04-12,-4.79944758218169,-2.2566617214342393,-3.3783093296589772
2021-04-13,1.7062568393753477,-2.6697655414013046,-3.894118096883287
2021-04-15,-0.41846007877660013,-2.658077284023707,-3.9309145100512337
2021-04-16,0.17794207941773502,-2.493398082575843,-3.8951700084466148
2021-04-19,-1.4206166625439975,-2.391347648404447,-3.694243120968009
2021-04-20,-1.0161073116747026,-2.4551014139069607,-3.7362144711906695
2021-04-22,-0.26939465022775255,-2.499373436683491,-3.8050015828235955
2021-04-23,-0.83093245022293,-2.467428443590411,-3.7401887627886152
2021-04-26,1.4440446526768225,-2.3661359878724566,-3.5181874569822904
2021-04-27,1.4328426934401848,-2.3823766967466535,-3.7618519185048944
2021-04-28,1.5021489517693951,-2.268819211493411,-3.369457463270573
2021-04-29,-0.588409982389315,-2.265638580462682,-3.425651930476358
2021-04-30,-1.6918773355293875,-2.2708454841552874,-3.410384921158633
2021-05-03,0.24881967570880748,-2.251366922811279,-3.379598809718308
2021-05-04,-0.6666460639464199,-2.2557692227051964,-3.5576827635861847
2021-05-05,0.54345179757115,-2.1821107191029196,-3.348566789054502
2021-05-06,1.1562759701576772,-2.182576009119587,-3.308863464645727
2021-05-07,0.36736135896290745,-2.082177541014614,-3.227676091726479
2021-05-10,1.2018566313482875,-1.973185677512226,-2.977175238078063
2021-05-11,-0.22657257645406254,-2.036343244684345,-3.093754329980664
2021-05-12,0.18091851812104998,-2.039698880639668,-3.1342967556493533
2021-05-14,-1.2667184423511526,-2.0778353584654727,-3.2590998503634836
2021-05-17,2.4616530503983927,-2.169724671802687,-3.438438003520332
2021-05-18,0.9903834470128825,-2.245496001763532,-3.4361117547244895
2021-05-19,-1.4605723751304225,-2.1740166569665944,-3.361809280500608
2021-05-20,-0.6555905933107,-2.2616352719022874,-3.446917672388633
2021-05-21,1.9690076378631973,-2.1904234691523845,-3.3162033710073326
2021-05-24,0.17430109659671505,-2.2068117814987933,-3.3429012144128984
2021-05-25,0.6194472724003875,-2.267455002771813,-3.5064402841413633
2021-05-26,0.844493198263325,-2.1534575566325294,-3.3407983903278695
2021-05-27,0.7334225926882776,-2.102240573011799,-3.2113715491642343
2021-05-28,-0.174807065121015,-2.1112940974592393,-3.4054849812117762
2021-05-31,0.39913281064626005,-2.0580076506496043,-3.1704279019331922
2021-06-01,0.5039092187583801,-2.060404420389771,-3.204642313376071
2021-06-02,0.5030750114544,-1.9640526575033832,-2.9890055536385187
2021-06-03,0.8166714265235425,-1.979013022713937,-2.9518796237980456
2021-06-04,0.060196138283917566,-1.912618335866795,-2.8323125821180706
2021-06-07,0.7400161706865025,-1.9637877056614435,-2.851712990708946
2021-06-08,0.8507204284200025,-1.8926462938905462,-2.75250556769878
2021-06-09,-1.004274885627365,-1.9224275683938303,-2.9555909638771065
2021-06-10,1.1335465389954875,-1.855240731189204,-2.7513714272830887
2021-06-11,0.541590332135025,-1.9571363427250479,-2.842737941775603
2021-06-14,0.827810860172445,-1.9796800092069409,-3.001954566421874
2021-06-15,0.21483932103695008,-1.9890749071824305,-2.9975493955318195
2021-06-16,-0.16653813646118498,-1.911147258640461,-2.755193527616624
2021-06-17,-0.25446881670415744,-1.9791571520144542,-2.9912384515811055
2021-06-18,-0.24638564935289248,-1.8596271199069279,-2.9679831471245395
2021-06-21,0.4453255850338276,-2.02940758927211,-3.0025858489467976
2021-06-22,0.15311790665468256,-1.8868413611860453,-2.9430881179314685
2021-06-23,-0.42724734893968497,-1.8435137538381317,-2.6849868082854997
2021-06-24,0.8688554422592849,-1.8376562170065498,-2.8127148089695306
2021-06-25,0.8755971978628274,-1.9890728754613622,-2.8716754826485222
2021-06-28,0.190480165736575,-1.9447776228463904,-2.9438639503223856
2021-06-29,-0.21376094787649505,-1.955945795251279,-2.8781220646868086
2021-06-30,-0.211681676313765,-1.8646958002492862,-2.7001615446290543
2021-07-01,0.15441797059228748,-1.8160794421707844,-2.6929549128907184
2021-07-02,0.4958383291604975,-1.835851956614955,-2.6647499396416308
2021-07-05,0.86313261643102,-1.8078895839438596,-2.6095384036741835
2021-07-06,-2.905316959694045,-1.8343666076305447,-2.9220431625064474
2021-07-07,0.326187933273905,-1.8998623182049155,-2.991398391994962
2021-07-08,-1.7596404727645476,-1.9147567289762346,-2.9402812948182664
2021-07-09,0.028869583427502503,-1.9774392929360667,-3.0735148261877128
2021-07-12,-0.00543008717542251,-1.9237365839440905,-2.91643438538583
2021-07-13,0.2560985410280475,-1.9682024468176522,-2.9828914393293373
2021-07-14,0.2870913875915299,-1.8556090249091468,-2.934570710031795
2021-07-15,0.12999460742955,-1.8806516403186817,-2.898127399666291
2021-07-16,-0.3700576553301425,-1.9473145573488744,-3.022712322893645
2021-07-19,-0.628549879795415,-1.8824777072454952,-2.944828084540528
2021-07-20,-0.55464525864681,-1.8534121166416853,-2.943893265584252
2021-07-22,0.1510333425283149,-1.8861924014679536,-2.9837285940433396
2021-07-23,-0.3904463469823525,-1.9368322765523023,-2.952865385102776
2021-07-26,-0.4217304926892975,-1.898907126049903,-2.8559198537897723
2021-07-27,0.1518035831633475,-1.9194176820633915,-2.9749383851092017
2021-07-28,-0.6140860478142399,-1.8155878209302372,-2.8268591660839717
2021-07-29,1.55063334412553,-1.8570194642895104,-2.906952005416664
2021-07-30,-0.58498242320014,-1.9591285420696354,-2.9505150914275644
2021-08-02,0.74356326681084,-1.9534017309192389,-3.0398997431031534
2021-08-03,2.1608358414009774,-1.879967583066231,-2.7975192088479996
2021-08-04,-0.07509588847332255,-1.9937920665468996,-3.1224459304877072
2021-08-05,-0.8502305434124773,-1.9116812384216657,-2.7993945657980768
2021-08-06,-0.228903246984755,-1.9077789866534327,-2.7882538997430366
2021-08-09,0.04189315787517253,-1.894839772089122,-2.943876616968869
2021-08-10,-0.552902557205665,-1.8388531602932998,-2.970896962920794
2021-08-11,0.29471560261382745,-1.803410062968596,-2.9485719173656135
2021-08-12,1.02279403598903,-1.7536913374765652,-2.812188965189881
2021-08-13,0.7971932976715026,-1.7130427093861875,-2.614580907692409
2021-08-16,-0.548915078527075,-1.7172852417807178,-2.6046893793553916
2021-08-17,0.4282574462019349,-1.6975937899715392,-2.7010763379916827
2021-08-18,-0.5703322850114525,-1.7339982567186016,-2.567518887387578
2021-08-20,-0.3767222568707601,-1.7194961797530286,-2.673957301599607
2021-08-23,-0.15363934496520504,-2.009697670408731,-3.0081674399306437
2021-08-24,0.47600152189436246,-1.801794026981428,-2.757927500079154
2021-08-25,0.6530485827460975,-1.8073665044500955,-2.862796535748613
2021-08-26,-0.25320238651643756,-1.8071671787740364,-2.8142481387925056
2021-08-27,0.06350874324282751,-1.8124105491332463,-2.7955801612898297
2021-08-30,1.0834073165838827,-1.7016465655774706,-2.590300274586707
2021-08-31,0.25563437295702246,-1.7454092974047315,-2.569658490822717
2021-09-01,0.56387292971421,-1.6808005584696797,-2.4300066355456633
2021-09-02,0.5971634261849699,-1.6434769106715288,-2.3799751635209394
2021-09-03,0.16152656396847997,-1.7489752747955352,-2.7215227426807522
2021-09-06,0.6987540966979775,-1.7184345821371505,-2.6794070545032818
2021-09-07,-0.7256343275351299,-1.7005084590145394,-2.5939397480172555
2021-09-08,0.1967153394541025,-1.6602239805514478,-2.514907428101106
2021-09-09,0.42884798595894,-1.6447406260172608,-2.4561240386260788
2021-09-13,0.006596981209237518,-1.6275637773352396,-2.5326039119794213
2021-09-14,0.11252302205693246,-1.5930796757711563,-2.50651473458331
2021-09-15,1.58079201099051,-1.5733086386936104,-2.4576707218640923
2021-09-16,0.8700450566044975,-1.5871332174760358,-2.295517676821467
2021-09-17,-1.3491392681756824,-1.690213039536837,-2.5679972705791307
2021-09-20,-1.0720158839300575,-1.6950711041577486,-2.5989175292055866
2021-09-21,0.8836199334079975,-1.8358019281058755,-2.6542044919345926
2021-09-22,0.39644520188621,-1.8368277105637245,-2.6550975182419263
2021-09-23,1.86966762733769,-1.7583159408158329,-2.5499203831919486
2021-09-24,-0.8043817889010474,-1.7588363718681723,-2.7432778764420456
2021-09-27,0.4311890054792748,-1.8594680725816617,-2.8009429043547995
2021-09-28,-0.6406092907742075,-1.8279891883036836,-2.9076548271229075
2021-09-29,0.6262942193932125,-1.8216163026111278,-2.5569255879779815
2021-09-30,-0.24979786779920504,-1.813647222015101,-2.6076718167443005
2021-10-01,-0.20798930131246252,-1.830416982159957,-2.772173827974728
2021-10-04,1.3105581673449176,-1.7744446536526606,-2.7718660581292673
2021-10-05,0.7146802715471525,-1.7873915482507523,-2.6669519813033036
2021-10-06,-1.5556541951212526,-1.7452652102759008,-2.6277564826694078
2021-10-07,2.9835723243095327,-1.772548961133387,-2.6998821897492764
2021-10-08,0.6347228356943724,-1.8199191211059627,-2.69281567124719
2021-10-11,2.2271925299151354,-1.8485532596254175,-2.82840727701833
2021-10-12,1.232688563837355,-1.9903464472400125,-3.0348410219304514
2021-10-13,4.661667008431055,-1.9453708422665292,-2.9843805231918044
2021-10-14,0.11680707868510004,-2.4478466285949585,-3.727232946023419
2021-10-18,2.098601132761697,-2.4904114331313165,-3.959599925717275
2021-10-19,-2.50732251513422,-2.3712825473582,-3.6344609279903155
2021-10-20,-0.10112312900131004,-2.802842453707512,-4.1341256508247275
2021-10-21,0.19378498049837986,-2.6486510997085313,-3.8017583716547065
2021-10-22,-1.258097930064375,-2.6206306573119678,-3.9451173376484907
2021-10-25,-0.5516203915261899,-2.643430485462673,-4.244805435681068
2021-10-26,1.8745603811734324,-2.5861817973964496,-3.9869166143935018
2021-10-27,-0.26273545132437504,-2.603140383689312,-3.9786893845360862
2021-10-28,-2.170387475906095,-2.5077858929336165,-3.7946216480842883
2021-10-29,-0.3223115305721175,-2.542832186278803,-4.083099398272324
2021-11-01,1.3936777650751102,-2.397554047259472,-3.837596838892621
2021-11-02,0.49022229409390494,-2.5336184773284938,-3.8945167885495593
2021-11-03,0.12136568134890752,-2.340705828387194,-3.5871050197624426
2021-11-04,0.5883897656487524,-2.253888945260952,-3.410028639975733
2021-11-08,0.7596923128322826,-2.2873070196206315,-3.5210621183415127
2021-11-09,0.75244367599346,-2.1936812877046448,-3.3251740365435234
2021-11-10,-0.5260940764436874,-2.070965922491929,-3.080915154689874
2021-11-11,-1.424935352333185,-2.147659131541213,-3.1903199258279065
2021-11-12,1.2319633358107849,-2.033143032834145,-3.1666362187061536
2021-11-15,-0.01239886137240749,-1.8582266677334274,-2.834565257835721
2021-11-16,-0.023186668768022445,-1.7803419805722083,-2.6293075820222476
2021-11-17,0.4532576486304325,-1.8248217930577522,-2.8004290873063655
2021-11-18,-0.7282258727353574,-1.9653427742199643,-2.8498694716455666
2021-11-22,-2.4597891693025624,-1.9601440369991632,-2.8128043753587253
2021-11-23,0.555601603012585,-2.0490406118634925,-2.952177629026484
2021-11-24,-1.1426163244537975,-2.0633115853068116,-3.204114756374297
2021-11-25,0.1908597176799,-2.0507214062555423,-2.935386827499888
2021-11-26,-3.3510628438865497,-2.0474235443189848,-2.9306517916408548
2021-11-29,-0.21251376005693748,-2.274717601987904,-3.6271274170752745
2021-11-30,-0.28907899554330496,-2.1846451979515824,-3.291042946197913
2021-12-01,2.005272612070215,-2.186356976211263,-3.276419894485984
2021-12-02,1.1790912279429124,-2.2029698035244643,-3.2616552592255097
2021-12-03,-0.752156984645155,-2.0837634709048642,-3.0052161729594578
2021-12-06,-2.0852514520933827,-2.1303768722655265,-3.2024260617855385
2021-12-07,1.7775046766590274,-2.1733762997172,-3.2456540700567516
2021-12-08,2.19252953587419,-2.1621797327053347,-3.252815957004147
2021-12-09,-0.010883091962697489,-2.117003279440056,-3.0764905205910633
2021-12-10,0.19894175167281752,-2.0821826412384334,-3.034664558864695
2021-12-13,-0.8207963085654875,-2.0867184958282605,-3.1750003643541542
2021-12-14,-0.005576861996172466,-2.088818417190878,-3.1135398569717596
2021-12-15,-0.30683321364506494,-2.0150360564180225,-3.04615038033024
2021-12-16,0.23609816689596497,-1.930626010193052,-2.9188347466198996
2021-12-17,-2.0213504611993,-1.9877772832646192,-3.0003024652356136
2021-12-20,-2.1479672761671047,-2.165327381778863,-3.3221340851503416
2021-12-21,0.4020560690185826,-2.2274133101724893,-3.1365786414357117
2021-12-22,1.69349829872088,-2.217915211428969,-3.1474236057268508
2021-12-23,1.1202390663880324,-2.2211800458193407,-3.303858938410841
2021-12-24,-0.47758516012148,-2.102597792862892,-3.2610031211728896
2021-12-27,0.33310335679038994,-2.0938564087329534,-3.2934093485735634
2021-12-28,1.0215133203559623,-2.0247639858102744,-3.0844518660913662
2021-12-29,-0.6478023580970674,-2.041869815375075,-3.138635958756686
2021-12-30,-0.14587330238543747,-1.9592751641984978,-2.9637612815117227
2021-12-31,1.4106302695120325,-1.8895386670970513,-2.7910777230283648
2022-01-03,1.4847783728297226,-1.9230704165514603,-3.007999395133229
2022-01-04,0.6889079572258451,-1.8823520912170875,-2.668339916128481
2022-01-05,-0.11323993099260232,-1.9333703503843074,-2.885501327957588
2022-01-06,-0.701902599744975,-2.0392343614535005,-2.990863950771235
2022-01-07,0.27567149441778993,-1.9553245207882526,-2.992152137839784
2022-01-10,1.6849511547660625,-1.9009436346294348,-2.8301442204856966
2022-01-11,0.024586709206042487,-1.9070864947042867,-3.036365200609731
2022-01-12,0.89783502454206,-1.823623512998295,-2.6423447993014415
2022-01-13,0.551626235541365,-1.8079724059266251,-2.553084475880989
2022-01-14,-0.35053036832821494,-1.7875646547618333,-2.7117998631132934
2022-01-17,1.4090195767422702,-1.8126947211088402,-2.836325335075336
2022-01-18,-1.4916878180220725,-1.826996029166741,-2.7307198127379806
2022-01-19,-0.4186040170231226,-1.8072506810915885,-2.7507478997584527
2022-01-20,-1.57599401645055,-1.9295420568506907,-2.915370549652318
2022-01-21,-0.94270094109755,-1.9157864246031344,-2.6415143623517845
2022-01-24,-2.7592755376608924,-1.9018373525088696,-2.8437641796397557
2022-01-25,1.8912231457098123,-2.18265925910126,-3.185732839347508
2022-01-27,-0.10476928465262253,-2.075321813398358,-3.013600801084697
2022-01-28,-0.13101972949562501,-2.125883905824632,-3.2999924733570714
2022-01-31,2.3298520215605603,-2.101017681445655,-3.0732246677307917
2022-02-01,-0.07899287823398254,-2.0786947836243206,-3.1953749358772083
2022-02-02,0.9052019057967976,-2.1238624901119594,-3.0760136925924244
2022-02-03,-1.0902040804081,-1.981904611323689,-2.8095968533441167
2022-02-04,-0.52339735936424,-2.0218785919856597,-3.035739895785496
2022-02-07,-1.0771769355327325,-2.0430533240547875,-3.056667553466813
2022-02-08,-0.07477791723605501,-2.0592137632891694,-3.029590077921209
2022-02-09,1.0462862136226574,-1.9136578507039101,-2.7007748141052645
2022-02-10,1.0744887561858174,-1.9719836404723823,-2.9064198933091676
2022-02-11,-1.9069762925764675,-1.9245402883100673,-2.880665404869891
2022-02-14,-3.6836266057843146,-1.9422789851067488,-2.8929655635583207
2022-02-15,4.309927059076995,-2.426665599087156,-3.666709398698007
2022-02-16,-0.7763177615974499,-2.6310541979796143,-4.011882631952019
2022-02-17,-0.0007805499310049868,-2.471302812571846,-3.684658541609727
2022-02-18,-0.4340597004732449,-2.378415106657139,-3.5412099707251334
2022-02-21,0.05069614014368751,-2.304973890763995,-3.4642375905598812
2022-02-22,-1.71806307139726,-2.232265429115244,-3.2802600400984705
2022-02-23,-0.03355324810907999,-2.1837124008944144,-3.3136293861160704
2022-02-24,-6.003978459535892,-2.0494584658986033,-3.071283695225885
2022-02-25,2.566667049880925,-2.781635132608458,-4.243227814709871
2022-02-28,0.025074144662754993,-3.063505903880761,-4.592943412280079
2022-03-02,-1.278433010787965,-2.638295425183088,-4.008331915799473
2022-03-03,-1.37874505019817,-2.6267029094750827,-3.901383777219937
2022-03-04,-2.28937441667304,-2.738205318215075,-4.133373597002316
2022-03-07,-3.347622792047315,-2.796377930318995,-4.193971279752813
2022-03-08,0.46674811136033756,-3.0742076298561694,-4.415665494608232
2022-03-09,2.6349908469776304,-2.8432879004329985,-4.186732608454398
2022-03-10,3.1951374860270896,-2.7573446093724527,-4.121553112160102
2022-03-11,-0.1421040644817,-2.7577833692587985,-4.044167137971213
2022-03-14,0.8886808305245699,-2.64374621719649,-3.818666623006223
2022-03-15,-0.7923510241640824,-2.5370013853305893,-3.806329202817599
2022-03-16,2.1082383017521,-2.4545625921660825,-3.6742823808371456
2022-03-17,0.8716194929510876,-2.4651693544150017,-3.6949942170376864
2022-03-21,-1.5418333101268327,-2.314031317152151,-3.5502975997546424
2022-03-22,0.617416878892765,-2.3616300136580395,-3.495501171294631
2022-03-23,-0.80225689866002,-2.302230106064062,-3.3298780872388907
2022-03-24,-0.30128488599086,-2.2614586181767256,-3.4036013328888246
2022-03-25,-0.17891367828347,-2.2159235114389912,-3.261884727963003
2022-03-28,0.6247348481415576,-2.123612633776124,-3.2258045667453517
2022-03-29,0.2434775980727575,-2.0145475849753183,-3.0179120771286296
2022-03-30,0.6739459556656424,-1.9386356352898837,-2.778499491721138
2022-03-31,0.29370271433381,-1.9317846515507642,-2.840285625097581
2022-04-01,1.4683123547089276,-1.877550624494175,-2.851625331525317
2022-04-04,0.846991915308515,-1.8778469935510986,-2.8870037780742943
2022-04-05,0.3188379580891824,-1.8504813790631283,-2.808592824700631
2022-04-06,-0.29233261297353746,-1.9031594305729127,-2.89160371588393
2022-04-07,-0.2996496602217724,-1.7751249469044919,-2.7097633266600263
2022-04-08,0.45671686613048,-1.8178248839679407,-2.7298573091169698
2022-04-11,-0.9592036104751425,-1.8263009538986785,-2.801063593677274
2022-04-12,-1.5739073180985677,-1.8156846248288439,-2.7336073420396034
2022-04-13,0.13793432063821504,-1.9462407498227594,-2.838318135818964
2022-04-18,-1.83311449441563,-1.9148405232001535,-2.940330396676778
2022-04-19,-2.088618676751425,-2.143481677853481,-3.2844940780386653
2022-04-20,1.7934972615047227,-2.418993699647047,-3.647469591735293
2022-04-21,1.6264591746091224,-2.4268135859222624,-3.6076692494796045
2022-04-22,-2.6320207370787703,-2.338594142327288,-3.5558458568607936
2022-04-25,-1.783561573020765,-2.466439099410637,-3.746678631918653
2022-04-26,1.98104921538498,-2.52903089980972,-3.7005617592707485
2022-04-27,-1.1679130805379452,-2.355488350006556,-3.6253602607625446
2022-04-28,2.422972309475182,-2.262732528235826,-3.429289154255201
2022-04-29,-0.7862610877825549,-2.2932558493634034,-3.305548529392768
2022-05-02,-1.0170272477988225,-2.2220031249075416,-3.2917293894394577
2022-05-04,-1.888815361191675,-2.1911576330693037,-3.2229748407930767
2022-05-05,0.9206912472324601,-2.3077288717869058,-3.5207008487140268
2022-05-06,-1.7361184870561501,-2.1513071672567774,-3.188950362435934
2022-05-09,-0.6422755882761351,-2.250071480001719,-3.2931876380025944
2022-05-10,-0.33938482004292003,-2.332039969516202,-3.522654158525016
2022-05-11,-0.78058782305965,-2.3263454396890952,-3.5370345379977426
2022-05-12,-2.36506735139645,-2.234273214663228,-3.430712895065335
2022-05-13,1.6345072785721102,-2.3219950780408753,-3.4583951317169483
2022-05-16,0.6469334927301524,-2.647564367180241,-3.849317163719933
2022-05-17,2.59915196801661,-2.5051637921273233,-3.597735498871475
2022-05-18,-0.6800568010215925,-2.611365617831335,-3.9199437768269747
2022-05-19,-3.28589146105446,-2.528176161910059,-3.782714205882836
2022-05-20,3.1583264035320298,-2.6282836415209307,-3.9502381520309013
2022-05-23,0.9230679576797249,-2.7521056812597,-3.8661166953856
2022-05-24,-0.9028286428827901,-2.5917139560106497,-3.752521298472292
2022-05-25,-1.220424484853115,-2.6008536481542506,-3.7564329163058696
2022-05-26,1.0558033336294774,-2.5073915699423583,-3.629087162321457
2022-05-27,1.72371975019539,-2.373449525507988,-3.584536284686232
2022-05-30,2.324803646512965,-2.3007379546935316,-3.437947333670147
2022-05-31,-0.35355957210086497,-2.3157831312674055,-3.5541313910507397
2022-06-01,-0.8307469327407475,-2.19708416531137,-3.275500641510385
2022-06-02,0.009874664976684933,-2.2779400669566834,-3.2943417785125964
2022-06-03,-0.3982656497185174,-2.2656626273784752,-3.4140956960655453
2022-06-06,-0.005452866271572487,-2.0447917382738092,-2.946845084278676
2022-06-07,-0.9660370030701476,-2.015615100473424,-2.9319442852745716
2022-06-08,0.1346959167988375,-2.121073729929047,-3.176327140226369
2022-06-09,-0.38938078171250745,-2.071660912718533,-2.9984219282808997
2022-06-10,-0.9142498257634475,-2.01852651816711,-3.0571096968314158
2022-06-13,-3.0960737158942178,-1.9953606853309658,-2.9857046322745537
2022-06-14,0.014006886909294997,-2.376272052847796,-3.658135047355499
2022-06-15,0.34302049743587254,-2.364098424301853,-3.586544231429272
2022-06-16,-2.2982123572161726,-2.2285481025176086,-3.37971201085115
2022-06-17,-0.89331108938977,-2.4555960914471746,-3.6133290067047747
2022-06-20,0.7067904490807101,-2.3923739786090334,-3.49217120098761
2022-06-21,2.588833604957355,-2.411975789536502,-3.578223983061413
2022-06-22,-0.700556224362995,-2.332923160738007,-3.452923905709742
2022-06-23,1.9108938217911275,-2.2367390770715967,-3.2923098977004592
2022-06-24,0.65277971238868,-2.1598315425366774,-3.2444272797749845
2022-06-27,1.4508203802377175,-2.152015467242064,-3.23728041446668
2022-06-28,0.38268797904012747,-2.2198496570270505,-3.1974079692171453
2022-06-29,-1.50012155533197,-2.021094244957024,-2.9928266520563063
2022-06-30,0.0018681281086675439,-2.1143076057434063,-2.895225913317814
2022-07-01,0.9763745834340799,-2.1234291836933923,-3.103946995252142
2022-07-04,1.2339755753661523,-2.0054412881261063,-2.9861814736441166
2022-07-05,0.21962277959236,-1.9965114710361869,-3.0575150306207814
2022-07-06,1.92565822799295,-2.0114476482663854,-2.9808571895199965
2022-07-07,1.0694684498716425,-1.9922076736599224,-2.973704334166171
2022-07-08,1.2073770498135974,-2.0402892350974247,-3.0173982644939303
2022-07-11,-1.0279052531587474,-1.993781021026691,-2.860254433636037
2022-07-12,-1.5503849288053424,-2.0150776700764976,-2.94002628839119
2022-07-13,0.4672569938558349,-2.160038513200394,-3.169156355472163
2022-07-14,-0.5855730774886632,-2.0342386163092936,-2.9504981342467227
2022-07-15,1.4107158690714674,-1.9896305102585035,-2.9218487379360005
2022-07-18,2.051430463135865,-2.0087463358284183,-3.0837948024011523
2022-07-19,0.32867900022764,-2.1276770565669127,-3.172990110412379
2022-07-20,1.6454248668187978,-1.982880263097329,-2.9639081846041044
2022-07-21,0.563074911755485,-2.0236997641646415,-2.927723942623832
2022-07-22,-0.038615890022667465,-1.8590405246883541,-2.6348517462325973
2022-07-25,-0.30334356395700995,-1.9022358041703111,-2.827116057479767
2022-07-26,-2.273418244189235,-1.8734674302414673,-2.801766294343255
2022-07-27,1.5156093288044925,-2.1231750558236038,-3.1542454807976723
2022-07-28,1.24104553211665,-2.0814315116328417,-3.0513398116833277
2022-07-29,0.9099171427138799,-2.0360373532830787,-3.0046544724333235
2022-08-01,1.4455370745923,-2.0842723228809055,-3.0485723594026206
2022-08-02,0.51738011242953,-2.2853531371469797,-3.427668377881755
2022-08-03,-0.22806243195741002,-2.103723862432271,-3.1207855527527584
2022-08-04,0.25397447010624996,-2.0484290262056053,-2.9858502569738783
2022-08-05,0.1271061785808025,-1.9918574306104795,-2.758461868307826
2022-08-08,-0.2565463826124901,-1.8911879183267821,-2.6812786539557756
2022-08-10,-0.22296784307613,-1.979022717560818,-2.934416780740025
2022-08-11,0.5359443498759875,-1.9339196299153252,-2.762423694922829
2022-08-12,-0.253106678438545,-1.8773304547938972,-2.8919858384301587
2022-08-16,0.9206862422418574,-1.8432860223809384,-2.5584392531914277
2022-08-17,0.40591458257739,-1.8528867553544675,-2.8320631322401266
2022-08-18,-0.22242752620757753,-1.8537139605144815,-2.8341245705343896
2022-08-19,-1.5161932554727575,-1.8212573227577875,-2.804081695837498
2022-08-22,-1.737268816952315,-2.037844620415357,-2.976830076824858
2022-08-23,-0.025787901683799908,-2.043609661858642,-2.9288048599482734
2022-08-24,-0.09897166524414501,-2.060365157705956,-2.971514362247297
2022-08-25,-0.6166388280472725,-2.030227327849349,-3.06919141703685
2022-08-26,0.509461088266405,-1.963943473045194,-2.925009128143667
2022-08-29,-2.0289711054428725,-1.9752130018519314,-2.9234875758040593
2022-08-30,3.0748092054534353,-2.1297298611069806,-3.1729530745268186
2022-09-01,-1.125051285916055,-2.166791779346757,-3.287527849491639
2022-09-02,-0.3334086001952375,-2.259262449091011,-3.37949007384777
2022-09-05,0.0665133948867225,-2.1723795991508754,-3.188719692607539
2022-09-06,-0.491326315715125,-2.0821053370862472,-3.1109888728223005
2022-09-07,-0.928630098987615,-2.0578140501959465,-3.0534283449292396
2022-09-08,0.7751723142700749,-2.0208473071928554,-2.89863389348427
2022-09-09,1.3146281586017674,-1.9964337938848875,-2.9718628083713137
2022-09-12,0.67672114386905,-1.9789784270119775,-2.939577267027869
2022-09-13,0.6607230278811149,-1.851065378712017,-2.8731785937299548
2022-09-14,-1.0541763152340926,-1.8804537265314445,-2.8278940657787914
2022-09-15,-0.9865057783917001,-1.9786420979702577,-2.8196432932689657
2022-09-16,-2.60384094320566,-2.105751449523996,-3.1125952669242767
2022-09-19,0.7895516821326076,-2.310198294230443,-3.4453523340304084
2022-09-20,0.6004936507931126,-2.2422854890797717,-3.3313113566214922
2022-09-21,-0.3927453807399325,-2.2234893505579656,-3.2970288060667308
2022-09-22,0.6400342335369376,-2.209110480782209,-3.352585009616385
2022-09-23,-1.4242589507867025,-2.0407434049521123,-2.9851426444882967
2022-09-26,-1.8257091856409273,-2.131514992683259,-2.9924030831305437
2022-09-27,0.18159137583634247,-2.4207279421437295,-3.512904129326703
2022-09-28,-0.2971202291690225,-2.3099353861621066,-3.4385228497635243
2022-09-29,0.10480502156612004,-2.2671747288079453,-3.4416827353480293
2022-09-30,0.7912909423448925,-2.2099815912687233,-3.291438380491252
2022-10-03,-1.9957687150485277,-2.052195804309163,-3.030436625997321
2022-10-04,2.3124858612202477,-2.181731082466422,-3.2602691646409756
2022-10-06,0.52772639795381,-2.0512493521331048,-2.9231030566100125
2022-10-07,-0.65565240710895,-2.032286149186348,-2.862339053611856
2022-10-10,-0.723414094444745,-1.9762835922219737,-2.852509732446579
2022-10-11,-1.5288785523902926,-2.1011496883591048,-2.971838078977039
2022-10-12,0.9857604786210001,-2.220494169658464,-3.2966828874952836
2022-10-13,-0.8275442393160649,-2.0890799759772674,-2.954566283653513
2022-10-14,1.131736707909835,-2.01808716896658,-2.938872770647359
2022-10-17,1.16625346232395,-1.9934536394522588,-2.767640973161158
2022-10-18,1.701391263701805,-2.021194962573491,-3.0083481281065922
2022-10-19,-1.22009057840257,-1.9939094744323451,-2.8885070191200493
2022-10-20,0.46193006223910754,-2.0131470523809107,-2.80582195953325
2022-10-21,0.7386295246970025,-1.8523007101516689,-2.6584920349785617
2022-10-24,0.16291417915585243,-1.833528475503464,-2.6385172469937106
2022-10-25,0.005478439249302469,-1.8939711826161403,-2.808696198523421
2022-10-27,0.6099477669976325,-1.9055136180949346,-2.671694348539207
2022-10-28,-0.376390053612025,-1.9224223444799455,-2.728848022317163
2022-10-31,0.9669503069401475,-1.79968203774265,-2.5986968644278794
2022-11-01,1.3964325047470152,-1.836194108465831,-2.6311298236834055
2022-11-02,-0.7305402993173875,-1.874265037369846,-2.8085322495597613
2022-11-03,0.036273244325867426,-1.7615831862590217,-2.464776336406788
2022-11-04,0.39287035770555495,-1.777840005225213,-2.4814278479789458
2022-11-07,1.41174085973157,-1.853207433233398,-2.623354251363766
2022-11-09,-0.2255397677457525,-1.8448796620372758,-2.6054653778978487
2022-11-10,-1.7463070409912975,-1.8235766735967236,-2.613717373920097
2022-11-11,1.4960122278162777,-2.066842549285314,-2.972067572040815
2022-11-14,0.013301494845980089,-1.984445901826285,-2.8593615247439277
2022-11-15,0.67960027439889,-1.9683070228830293,-2.8584323467279846
2022-11-16,-0.02433153866014498,-1.9254119666496439,-2.8740592791706296
2022-11-17,-0.9427216851689024,-1.9067609177651612,-2.871745400076396
2022-11-18,0.524248675123545,-1.918621036694592,-2.7266401517583754
2022-11-21,-0.57233439472559,-1.8107124056993784,-2.559825252128984
2022-11-22,0.6642871786830125,-1.79271468894965,-2.5544285902281327
2022-11-23,0.20286771142759005,-1.7545506104179058,-2.5331133730365996
2022-11-24,1.170848325861015,-1.710655562237032,-2.4731167555715463
2022-11-25,0.466495382913155,-1.6566685671165615,-2.390842221835998
2022-11-28,-0.25670577038942,-1.778313312264439,-2.6214991199061943
2022-11-29,1.1355151129075742,-1.6847209018662885,-2.365269836389115
2022-11-30,0.6681492768605874,-1.7119184419728901,-2.4429955263477217
2022-12-01,0.3032360230888725,-1.7508417247352432,-2.498744659378407
2022-12-02,-0.9294518630221174,-1.648730239324556,-2.3719603514001584
2022-12-05,0.08682976813547,-1.712158745812329,-2.465486416467007
2022-12-06,-0.5206700185218025,-1.669356217691238,-2.419525843545378
2022-12-07,-0.113845184981135,-1.683710551533449,-2.395177275164497
2022-12-08,0.22508395996126002,-1.68845850098639,-2.423794419052216
2022-12-09,-0.6798113022007426,-1.705031720915628,-2.3991436127085692
2022-12-12,-0.48946703339073505,-1.7218069223309898,-2.458829408183841
2022-12-13,0.7475604504463426,-1.7642417824918117,-2.5563729838048785
2022-12-14,0.19361911247162752,-1.7052615587194653,-2.4250070904488137
2022-12-15,-1.280053597073965,-1.7188224284452436,-2.4629681680120368
2022-12-16,-0.44775702671134504,-1.7518397496965705,-2.50371298822265
2022-12-19,0.02025140606362752,-1.7543357931416577,-2.5213324364645247
2022-12-20,-0.8572607884434196,-1.7140102063786107,-2.4962818366078143
2022-12-21,-0.9879520979092249,-1.7897448846473842,-2.513645205613428
2022-12-22,-0.5013752089147325,-1.828225273759764,-2.581008273948938
2022-12-23,-2.5162514670704725,-1.818292127979812,-2.64521681748073
2022-12-26,1.4624890298439226,-2.166848879287115,-3.101634957623249
2022-12-27,0.7744696608428598,-2.087730247320171,-2.9888462821218007
2022-12-28,-0.3876429587821475,-2.0354826823671384,-2.8909201717392805
2022-12-29,0.06705296825298754,-1.9460314217338923,-2.7694141577107154
2022-12-30,-0.012765743925112483,-1.9832939063429105,-2.902055094545641
2023-01-02,0.6110381639946925,-1.8062308459140841,-2.605379611261174
2023-01-03,-0.23296169938366748,-1.7966450811741073,-2.5507286090116588
2023-01-04,-1.346516216311915,-1.73692841732539,-2.509627136956597
2023-01-05,0.21490974145939254,-1.8077332390434953,-2.577263248824407
2023-01-06,-1.0300447372295927,-1.8193946821103426,-2.739994968561134
2023-01-09,1.8451506381139149,-1.7820721607751588,-2.5182132844450242
2023-01-10,0.8791821326266398,-1.757514696689772,-2.5383346107231555
2023-01-11,-0.07371832733933253,-2.0310320661727466,-3.119035611547976
2023-01-12,-0.3062624176191,-1.9779244568406193,-2.8475025286328757
2023-01-13,0.883813640191295,-1.855803161697965,-2.9151714270807605
2023-01-16,0.3145415865642275,-1.8198348869904382,-2.5824667793047875
2023-01-17,0.6161740299919174,-1.7638932787722452,-2.560854143530875
2023-01-18,-0.21237159746997747,-1.8038337158511242,-2.6201301293518546
2023-01-19,-0.9873808451378749,-1.736802242467355,-2.523934912100359
2023-01-20,-0.940700081999825,-1.9531672451863062,-2.7958030623208905
2023-01-23,1.49762572303859,-1.8993491838117704,-2.6450426557834255
2023-01-24,0.6749101009669076,-1.867256769907772,-2.809374768102681
2023-01-25,-1.22174894491682,-1.913031534794135,-2.7241147014115206
2023-01-27,-0.24799780282371242,-1.9275436566998747,-2.7181778407612844
2023-01-30,-0.29419708721839505,-2.4178958979914422,-3.470145153636143
2023-01-31,1.1738694753081749,-2.2815226496085113,-3.288612336447162
2023-02-01,-1.2561907488072275,-2.2579388875812776,-3.4307695637113937
2023-02-02,1.0342463673497675,-2.301092802711473,-3.4322440373464325
2023-02-03,1.1646607471391826,-2.2447837600688767,-3.1523521671735897
2023-02-06,-0.710986629164905,-2.1186761056410046,-2.9404384967618227
2023-02-07,-0.7617857151372225,-2.0833629328654912,-2.9482753485142714
2023-02-08,0.6545156263962351,-2.0472383804595817,-2.8880562281209206
2023-02-09,0.3075035391959025,-2.0619064719449596,-3.0531718757039763
2023-02-10,0.39739594571916503,-1.94146178866019,-2.7773133079979564
2023-02-13,-1.59675085295108,-1.9161341278870287,-2.735316801267708
2023-02-14,0.5215531957331451,-1.9838887564185959,-2.83045839683842
2023-02-15,0.0239234955270875,-1.9951854211395086,-3.014534488929963
2023-02-16,-0.379346427919465,-1.8678409402589287,-2.6141031046964893
2023-02-17,-0.9187781189566349,-1.8959947221446471,-2.8903901260957254
2023-02-20,-0.005506443416057494,-1.8226487601265415,-2.75808148803015
2023-02-21,-0.6079900335540075,-1.8451549112466037,-2.5764133506460376
2023-02-22,-1.2507805241411025,-1.7823296268862636,-2.5988526019157474
2023-02-23,0.22906163564585752,-1.82355371030448,-2.576639021917137
2023-02-24,-0.3797451858217731,-1.7292763944728347,-2.5061656671898915
2023-02-27,-1.1001283372783448,-1.790126851274979,-2.619603223188836
2023-02-28,-0.50823213737345,-1.8564280835584097,-2.6945011768393368
2023-03-01,1.1682629771185775,-1.8573834772441902,-2.7458701647095127
2023-03-02,-0.9789815213700925,-1.8311811673530203,-2.6629186457018656
2023-03-03,1.9786480434574325,-1.7754993473716039,-2.519967307025744
2023-03-06,1.3302319912118326,-1.906466213615238,-2.716738308359422
2023-03-08,-0.15120368247925753,-1.9308316777796932,-2.87659209469127
2023-03-09,-1.1162943691280074,-1.8686511505800008,-2.7560796140459787
2023-03-10,-0.42061147940526755,-1.7748235632017453,-2.55243463813013
2023-03-13,-2.3211399032292523,-1.8027966170430019,-2.6207715629730775
2023-03-14,-0.9541682009725325,-2.1102430257892397,-3.119329539885298
2023-03-15,-1.0774267908645674,-2.036789707963963,-2.833563312611377
2023-03-16,0.8683759461909,-2.1051952612820664,-3.0566984983707415
2023-03-17,0.621081026115375,-2.0696216924944753,-2.961515640676675
2023-03-20,-0.660889602441,-1.9618297744263815,-2.8580519807848694
2023-03-21,-0.48370670834609003,-1.9743130323546016,-2.963530894689746
2023-03-22,0.31295047607091503,-1.987214413807457,-2.947003160874668
2023-03-23,-0.42059597469624,-1.929590418280242,-2.8397450624683938
2023-03-24,-0.4545797258860026,-1.8883171418773756,-2.8182206317622818
2023-03-27,0.3003731919590875,-1.8230466702375172,-2.5944906043843576
2023-03-28,-1.1105933586044077,-1.8253118187288693,-2.7321317608722184
2023-03-29,1.4655691399475825,-1.9414928841932024,-2.860689763850462
2023-03-31,2.1267145342900653,-1.855417967161962,-2.6858618727811128
2023-04-03,-0.1921774472809325,-1.8162148213482556,-2.602297562368647
2023-04-05,0.6362693898606324,-1.8732363206989238,-2.7788555014374183
2023-04-06,0.6645760499227273,-1.866501731093303,-2.7052372794075072
2023-04-10,1.0270148962708026,-1.7694566622997638,-2.5149355980573254
2023-04-11,-0.09223443814809995,-1.9582389206163549,-2.911288002623988
2023-04-12,0.38955888772217245,-1.8091261326252424,-2.60733305107251
2023-04-13,-0.1846338312654801,-1.8144726517876555,-2.5537837904451743
2023-04-17,-1.6666243249592347,-1.7810073483169553,-2.505911709332591
2023-04-18,0.044676126170522495,-2.555259790004104,-3.9545184134337803
2023-04-19,-1.0845115468794875,-2.3993409088769404,-3.504943681096849
2023-04-20,0.031094432574832492,-2.2356606735317945,-3.4723183373162527
2023-04-21,-0.23701056983839752,-2.227509734320638,-3.422841043573807
2023-04-24,0.7294834024218775,-2.154095674772542,-3.171537743600681
2023-04-25,0.11376897090500249,-2.095742423023933,-3.1435278278229624
2023-04-26,0.70343128779297,-2.0234411410794473,-3.0524758921987343
2023-04-27,0.06414844067033754,-1.9606285658939617,-3.010291916376361
2023-04-28,0.7778433144193025,-1.8767917801673506,-2.665727488327881
2023-05-02,0.057574927987992436,-1.8305793906321575,-2.6156613307126477
2023-05-03,0.15386283697060255,-1.8185533436433354,-2.6038332292645907
2023-05-04,0.55686195008522,-1.8484222800559962,-2.8320631896477653
2023-05-05,-0.6896410845987324,-1.7459639814324053,-2.4611651195282294
2023-05-08,1.78674612322067,-1.7216934022366293,-2.4475658717360713
2023-05-09,-0.18401947382557005,-1.8434735252991143,-2.622721841796962
2023-05-10,0.153443018393265,-1.764693992558987,-2.5274097921698404
2023-05-11,0.6968425221130875,-1.7930506927557113,-2.700653339945539
2023-05-12,0.4950201016765525,-1.7838534808038675,-2.459468704221763
2023-05-15,1.50351619510107,-1.6629816654507485,-2.4033988072025716
2023-05-16,-0.02693241750950498,-1.7948960960893547,-2.640312800412732
2023-05-17,-0.75151717365226,-1.696372861112351,-2.4537181235125116
2023-05-18,-1.206954038842835,-1.7165930532351388,-2.6046871060176264
2023-05-19,1.4269293156115825,-1.6731674203678297,-2.453698949666994
2023-05-22,0.40461087698975245,-1.7745637303861994,-2.4959588971848343
2023-05-23,0.5242257851484574,-1.795523888853854,-2.6364676036467554
2023-05-24,-0.5027419449358599,-1.6963814370228554,-2.503100892501131
2023-05-25,-0.381035523208585,-1.6110312433803005,-2.3774776728457163
2023-05-26,1.1523217920145374,-1.6290380700752598,-2.4371747748059978
2023-05-29,0.4480124786920625,-1.6376256826244493,-2.493781529628024
2023-05-30,0.018003652627472472,-1.5628282704704348,-2.381890908627559
2023-05-31,0.2860641274097575,-1.5611150982053503,-2.3696151330630078
2023-06-01,0.8495170917926275,-1.477805374280996,-2.1579903246247047
2023-06-02,0.3387976318186325,-1.5643523968612114,-2.339854185546935
2023-06-05,0.3907870942110225,-1.4656229153923144,-2.188888606235846
2023-06-06,-0.18454067204638,-1.55385796789088,-2.2242574734283527
2023-06-07,1.13212934785383,-1.594202813186115,-2.389383969270653
2023-06-08,-0.8514581853076925,-1.588669709783206,-2.417510641444359
2023-06-09,-1.0455371594274625,-1.5995723110980076,-2.4237942303374633
2023-06-12,0.6568681032442873,-1.6693909259525668,-2.4448674310511986
2023-06-13,0.3694463910547025,-1.6023125507407807,-2.426256776070723
2023-06-14,0.49128813655670245,-1.6259416661723185,-2.403130418015274
2023-06-15,-0.86765781571963,-1.6199141904833503,-2.4213433198358856
2023-06-16,0.6021357438960451,-1.5753094431501127,-2.403527440915808
2023-06-19,-0.3215962795726625,-1.540334900484928,-2.178402524184223
2023-06-20,0.7987772958158526,-1.5076319371104228,-2.2633760096436797
2023-06-21,-0.1988601101819025,-1.5874617621211906,-2.329142458681867
2023-06-22,-1.2276635995290675,-1.5033525645183416,-2.282706639192782
2023-06-23,-1.24851351071115,-1.6123182445200195,-2.4506542165207477
2023-06-26,0.6785177941058624,-1.6872219224481209,-2.549983314752045
2023-06-27,0.79847965588918,-1.618242371351,-2.293085752648587
2023-06-28,1.1162487682179498,-1.6327797865927511,-2.4661237897987274
2023-06-30,1.469886554687025,-1.584914794777078,-2.335113161590807
2023-07-03,0.5228732524835874,-1.6047868889315167,-2.4649038086557145
2023-07-04,0.3932287021881475,-1.6231765069956046,-2.4654517945600865
2023-07-05,0.4733614803140051,-1.5308944183885622,-2.177336153245541
2023-07-06,0.5562138253340299,-1.4329844326187755,-2.22436639040534
2023-07-07,-0.036831409280199845,-1.4935401537257689,-2.2677299455893976
2023-07-10,-0.4316973148271,-1.566992205301069,-2.4428823802407487
2023-07-11,0.848309545422455,-1.5403727202435604,-2.353808907024014
2023-07-12,-0.638792008193275,-1.4208050999308866,-2.1576807400122324
2023-07-13,0.2260318351113999,-1.4531607675138676,-2.110264433641095
2023-07-14,1.4156495972887901,-1.4780610931266565,-2.2666685807604483
2023-07-17,0.43916668681789506,-1.534567122490753,-2.281412631205257
2023-07-18,0.2851574464072551,-1.5432480327528881,-2.3835842229499513
2023-07-19,0.6170931500722374,-1.647858339682093,-2.4743311800459677
2023-07-20,0.25650387502266,-1.5283998027031376,-2.398419118936915
2023-07-21,-2.6856522001742826,-1.5549603873372733,-2.3828713707446685
2023-07-24,0.10750497649074994,-2.2335367730087254,-3.567203237364464
2023-07-25,-0.08092630800239003,-2.174289225994578,-3.391882462090001
2023-07-26,0.7035677610255426,-2.084953010310564,-3.2096810009307193
2023-07-27,0.1070884639164775,-1.9144265233876376,-2.979974917508264
2023-07-28,-0.36261016782653505,-1.7879633258220198,-2.8034438765646383
2023-07-31,0.57013137240949,-1.7416279539412884,-2.557455150007547
2023-08-01,-0.2844057685333975,-1.6407039155182963,-2.5885223777967172
2023-08-02,-1.3619351452112374,-1.643395243534197,-2.551198967714252
2023-08-03,-0.5187942871958775,-1.6837627034023355,-2.6111388607899273
2023-08-04,-0.6949198253586151,-1.6480616340085708,-2.523377080930569
2023-08-07,0.029915250154252504,-1.753627326207305,-2.617042724436936
2023-08-08,0.05455029359137997,-1.6723023766451584,-2.547331217755324
2023-08-09,0.5904268802481974,-1.5620726310116664,-2.395145420932411
2023-08-10,-0.425133482924395,-1.615200612523885,-2.477975891652942
2023-08-11,-0.89913596610724,-1.5199204544641227,-2.2518622042182868
2023-08-14,-0.067476944205825,-1.6160303074987445,-2.4391465129353795
2023-08-16,1.3022761771363824,-1.650689051318985,-2.511071474277338
2023-08-17,-0.11847093680672746,-1.6777868932718358,-2.531234513850934
2023-08-18,-0.17512190778382747,-1.5925749489041168,-2.397718105876249
2023-08-21,0.5106946485826025,-1.551574439393539,-2.3745013219935243
2023-08-22,-0.152051763436775,-1.5303662759531333,-2.3576682389162764
2023-08-23,0.26638769887916247,-1.4855935670544491,-2.353392942418712
2023-08-24,0.2279282540772809,-1.4673840551847634,-2.27171863657968
2023-08-25,-0.7792707633784375,-1.4593955806834118,-2.253924328653356
2023-08-28,-0.14005296657831498,-1.4533081748757026,-2.18957533657757
2023-08-29,0.028040007049732474,-1.4051133688931043,-2.087061924136124
2023-08-30,-0.02803045669815002,-1.4627599497426664,-2.2184165822788775
2023-08-31,-0.7183618248001625,-1.4714701705743318,-2.281619529001355
2023-09-01,0.9266603055839066,-1.4292759374392938,-2.1981409812557016
2023-09-04,0.50313898222298,-1.4566008788354257,-2.2020691531883783
2023-09-05,0.2678745938566576,-1.361225872520317,-2.121970576641745
2023-09-06,-0.007175641228607518,-1.3600221267873802,-2.1128925774134237
2023-09-07,0.2110599178914775,-1.3397865727089464,-2.084086121511116
2023-09-08,0.8075257893662625,-1.3602459397463036,-2.0650707350276005
2023-09-11,0.9906489002034,-1.3424343050057357,-2.0316960250344547
2023-09-12,-0.6588957505605775,-1.3534405259437174,-2.073279776934899
2023-09-13,0.57745066417915,-1.4058821631968277,-2.1720743224784385
2023-09-14,0.06928355779877751,-1.412445877256532,-2.1503943260038234
2023-09-15,0.21016967633454503,-1.3673868865235526,-2.0854853032340626
2023-09-18,0.32656308052956495,-1.3846029939219409,-2.088982235796104
2023-09-20,-0.4482370323826025,-1.3710423855764757,-2.148217503557281
2023-09-21,-0.7389024760392751,-1.3250660087711166,-2.0927271612439933
2023-09-22,0.155373081954285,-1.3950698220961069,-2.1210421245116486
2023-09-25,-0.6794650018556725,-1.3464524226156824,-2.116156433136728
2023-09-26,-0.1395857031466175,-1.381410556456165,-2.1396168590860145
2023-09-27,0.15510735363581998,-1.4354809346110304,-2.1259629328186374
2023-09-28,-1.1277475827129924,-1.3882334419764601,-2.208465878141184
2023-09-29,0.9925115854228526,-1.5069110298683577,-2.3116118193803503
2023-10-03,-0.19852346598709497,-1.3990782772144994,-2.126848855017354
2023-10-04,-0.4086235383491851,-1.4033523717645828,-2.1872656878973893
2023-10-05,0.9384042161169626,-1.58900315921231,-2.454124201448246
2023-10-06,0.26166002405213995,-1.4745852605768015,-2.241890319306272
2023-10-09,-0.529879723336125,-1.4267484941677653,-2.207379763885311
2023-10-10,1.1875462539489825,-1.4513183943724346,-2.241517130500852
2023-10-11,0.38028814543218253,-1.4636632547389818,-2.232092486907178
2023-10-12,-0.4642065170451725,-1.4151897594501015,-2.1775404787513817
2023-10-13,0.25876778214649987,-1.499197829680662,-2.3338086619437837
2023-10-16,-0.11182114896949502,-1.600297720668748,-2.5161806006053222
2023-10-17,-0.23920148172593497,-1.5821748361988772,-2.3886445276985304
2023-10-18,0.20764963547954746,-1.518078959793563,-2.3156536213564567
2023-10-19,-0.17367230423478802,-1.5069425840175517,-2.3699189232197977
2023-10-20,-1.2041013652409749,-1.4824862096136577,-2.304102072585097
2023-10-23,-1.5044214307594,-1.5328658788882605,-2.2996750681346065
2023-10-25,-0.6586818732452975,-1.6244501745738904,-2.4047356546959744
2023-10-26,-1.067103924056185,-1.5912319763312086,-2.4295498267281683
2023-10-27,1.6488580087589926,-1.6345973882178948,-2.4685286001286917
2023-10-30,-0.4060842122691025,-1.6250443388421107,-2.532177842153659
2023-10-31,-0.0847166067738225,-1.6867132068675197,-2.4795315663869957
2023-11-01,-0.38050124062502255,-1.589041190935662,-2.311935299190758
2023-11-02,1.2194601192408174,-1.5795472122969771,-2.4165028306335667
2023-11-03,1.26049012682179,-1.6511708572435515,-2.4440067732596047
2023-11-06,-0.08408911195376001,-1.5199914206441458,-2.2968958155879626
2023-11-07,0.20158470584474997,-1.5153624296907793,-2.2844469667733396
2023-11-08,-0.08105685400087498,-1.5018040260950145,-2.26798664712744
2023-11-09,-0.54068353822381,-1.4963757495580392,-2.25516586502478
2023-11-10,0.10581803664473248,-1.49158371031128,-2.2293764603187483
2023-11-13,0.1651151697297025,-1.5033838210149546,-2.234477611450153
2023-11-15,1.5810933531235176,-1.4461709176829378,-2.123507408744933
2023-11-16,0.975788920793077,-1.4308447872676613,-2.154239830018491
2023-11-17,-0.6518973545898575,-1.434241206012521,-2.204692904630666
2023-11-20,-0.474764551143775,-1.5724620907726936,-2.257931012874865
2023-11-21,0.202651121583975,-1.603450198216654,-2.412741595966715
2023-11-22,0.3579612133218775,-1.5590818670434385,-2.270985113253437
2023-11-23,-0.1681215056796575,-1.4753186148480202,-2.2299094917630518
2023-11-24,-0.46493708275916745,-1.493577630271669,-2.2559088860590037
2023-11-28,1.095944486568885,-1.3954710049820087,-2.0288058583307462
2023-11-29,1.1449333331165925,-1.4356146999943855,-2.195469479044943
2023-11-30,-0.253732882296745,-1.4793864573845963,-2.240992498928772
2023-12-01,0.40244020331376246,-1.468860735829137,-2.2204439045998634
2023-12-04,1.5698652608458423,-1.3871850445843121,-2.1116153101191784
2023-12-05,0.12545581020621244,-1.4676432118622604,-2.181632040809822
2023-12-06,0.8701570422956975,-1.4828243193434287,-2.2462850767921108
2023-12-07,-0.512642731144665,-1.4947030221203965,-2.298880208254656
2023-12-08,0.30948953103993,-1.4953691575731616,-2.2599773950898805
2023-12-11,-0.00822368072604493,-1.5358350629775175,-2.3073994346825097
2023-12-12,-0.482373242933855,-1.4255150952941933,-2.156175342173873
2023-12-13,0.10178006816340496,-1.3826471899263697,-2.0558503791692075
2023-12-14,1.0668919167911974,-1.4951544914821937,-2.2008725796215396
2023-12-15,2.71724128878144,-1.4664242404882863,-2.2718823736311498
2023-12-18,-0.14401742410671498,-1.631927381259635,-2.483637292288005
2023-12-19,0.3516018239052526,-1.6423730333592175,-2.4469131507977213
2023-12-20,-1.9449152704076749,-1.593063405603513,-2.3768061028987506
2023-12-21,0.3638235486413275,-1.6587244799747358,-2.5200739869859436
2023-12-22,0.9319269972144901,-1.6135099444776357,-2.539800822786895
2023-12-26,-0.3436259669172925,-1.6080564496504621,-2.484673099579233
2023-12-27,1.7378680094420549,-1.536662436584497,-2.4270939819637203
2023-12-28,0.7166099043262326,-1.5694478116003805,-2.3918833047411643
2023-12-29,0.45438320767488993,-1.5728805767759535,-2.3586736619729556
2024-01-01,0.361839033855705,-1.5906969347176634,-2.4213723832203904
2024-01-02,-0.9342833120302001,-1.5871949302109458,-2.3375584274215653
2024-01-03,-0.7418269916106576,-1.569055122344354,-2.3579624397370935
2024-01-04,0.6694972603890575,-1.6085781380007718,-2.4689448511563543
2024-01-05,0.40731839137885245,-1.5628033370796206,-2.4175875157917415
2024-01-08,-1.209263223606255,-1.544376535652289,-2.30116086733147
2024-01-09,0.39386859618565495,-1.5880721017986064,-2.401071399940771
2024-01-10,-0.054332734906295005,-1.5769383693491483,-2.3700894528299603
2024-01-11,-0.6699336793402675,-1.4917393967517802,-2.259130020297186
2024-01-12,2.5444140980207974,-1.5094373419820588,-2.2900301152036215
2024-01-15,1.0203622968101298,-1.7853126743412884,-2.753710860230021
2024-01-16,-0.2819183256669975,-1.7621347389586088,-2.635476384126414
2024-01-17,-0.7691597536846425,-1.6541809769389217,-2.5325251527859676
2024-01-18,0.3979677630877225,-1.6709245183592705,-2.509827389516144
2024-01-19,0.536607234750425,-1.561333272607503,-2.397378428942904
2024-01-23,-3.8103254827310824,-1.5462873243404038,-2.3957483672157984
2024-01-24,2.0510281969598174,-1.9962694025312182,-3.046367734348077
2024-01-25,-0.4273935159953125,-2.1044548349278642,-3.144739000814111
2024-01-29,1.2719057776848175,-1.9465417395408864,-2.871544826971968
2024-01-30,0.7445810756073725,-1.904823497512587,-2.8946049829410265
2024-01-31,1.6441871211542476,-1.8824354418592406,-2.8068422280264684
2024-02-01,-0.022387485661880008,-1.8245032758396187,-2.699542511083525
2024-02-02,0.4127918520932925,-1.81033816578919,-2.6370561412035287
2024-02-05,0.6411063657817448,-1.679669488336451,-2.4890792988831487
2024-02-06,1.3128337275381377,-1.7248048348385914,-2.558649162409332
2024-02-07,0.25894899302609753,-1.6742040008549053,-2.5501829353491265
2024-02-08,0.5171196884910074,-1.8304642008100878,-2.790657610322398
2024-02-09,0.38409041460270255,-1.7781300271478895,-2.631260994177548
2024-02-12,-0.9381647975756251,-1.8274325910207834,-2.7404458539737147
2024-02-13,0.21949241552504,-1.7990740957181919,-2.7670593232903244
2024-02-14,1.0032634113661847,-1.7196250479032706,-2.5884490660287596
2024-02-15,0.4295156791657226,-1.8054867753357613,-2.695982244710649
2024-02-16,0.8872713162871875,-1.7918764093729551,-2.6326193987635516
2024-02-19,0.08695202605715996,-1.699534905436324,-2.5822351323441652
2024-02-20,-0.17743326644290752,-1.7229655685207268,-2.6140001570482565
2024-02-21,-0.18461343008786252,-1.6591273796465893,-2.4595119575610918
2024-02-22,0.3098605240617475,-1.7336194145434354,-2.6274283695337863
2024-02-23,-0.092483742476375,-1.6135141799612611,-2.4212580684348284
2024-02-26,-0.16140139395015252,-1.6493707494720653,-2.5035719869448014
2024-02-27,0.44068849794286746,-1.6407345822023378,-2.4156189331890507
2024-02-28,-0.08427414666302252,-1.5634201894040198,-2.3565721582932713
2024-02-29,-0.07391053924440998,-1.499658401699616,-2.102154213542788
2024-03-01,1.083941739278465,-1.5157310577638303,-2.3137212497200124
2024-03-04,0.20498113691189504,-1.5913811737332273,-2.3525100520828532
2024-03-05,0.5431314842631499,-1.501130882986975,-2.103991240817776
2024-03-06,0.0754798591164276,-1.5371071432298085,-2.3067659815365973
2024-03-07,0.8357653612942025,-1.515281905221859,-2.106140208171365
2024-03-11,-1.2878591622015252,-1.5893324319438384,-2.3618943438030406
2024-03-12,-0.6682967763650475,-1.5448447531323253,-2.3007755366380107
2024-03-13,-2.2241653177027176,-1.5871776772926665,-2.370066364772209
2024-03-14,0.5297618251773151,-1.6225394629231962,-2.45684952902163
2024-03-15,-1.250407639931395,-1.5258103550649527,-2.220900197179354
2024-03-18,-0.1232453666284199,-1.6310756092469176,-2.5212523456017135
2024-03-19,-1.6389395509191975,-1.629288645126761,-2.4257278571265437
2024-03-20,-0.41086223976540753,-1.5765127877137832,-2.262608180472838
2024-03-21,0.9139500171622901,-1.6004466156400396,-2.3453060044192844
2024-03-22,-0.12697114009204996,-1.6449052474471921,-2.488273780248763
2024-03-26,-0.5147723094770925,-1.606796380287685,-2.3967290600308186
2024-03-27,-0.57237858634518,-1.5945656496406013,-2.3602761913980603
2024-03-28,1.51180602365732,-1.4806357437720796,-2.12111751926031
2024-04-01,0.3764517681157225,-1.524813005064251,-2.2003432468738597
2024-04-02,0.3733336702399725,-1.5274805539028073,-2.286030423070669
2024-04-03,-0.0103330173315975,-1.5681005202891178,-2.263385153243932
2024-04-04,-0.22410320379246748,-1.4462587470836872,-2.1020744309607373
2024-04-05,-0.03871654689105247,-1.4155228829253585,-1.9657559427777755
2024-04-08,0.24819989309751753,-1.3592616919952367,-1.9110230335068426
2024-04-09,0.002447743459324969,-1.3641379732670071,-1.9517874204390673
2024-04-10,0.7679272921353351,-1.3826475088355898,-1.9164304721272998
2024-04-12,-0.976310989012795,-1.4247926121183045,-2.0924849346335677
2024-04-15,-1.4902084709190626,-1.4482985708751148,-1.9819992763981344
2024-04-16,-0.971390939028315,-1.475839936002081,-2.1370002578261804
2024-04-18,-0.7595407658384,-1.7447246784862498,-2.531413491153919
2024-04-19,0.025893833100179953,-1.4247473405925222,-2.0160398582989987
2024-04-22,1.2718469168107074,-1.4033557289369385,-1.9799205632078434
2024-04-23,0.964556459534055,-1.4439898839100396,-2.1237247144893954
2024-04-24,-0.10330899121745751,-1.4184961150428033,-2.1001389225340934
2024-04-25,1.2965707065294674,-1.3954757035850263,-1.942895481933137
2024-04-26,-0.631890405393955,-1.392639175271163,-1.9129108131015353
2024-04-29,0.9189202939218275,-1.4630863215648295,-2.145782965710231
2024-04-30,-0.02569063447597251,-1.4397533709542474,-2.1582858784690244
2024-05-02,0.44936144881840756,-1.4375951522792958,-2.13489790465407
2024-05-03,-0.382018004254815,-1.3766331758418335,-2.0073234916666784
2024-05-06,-0.04594280899122993,-1.4137245331852197,-2.088005970828578
2024-05-07,0.7187228273536728,-1.4697187897398591,-2.2124500749478635
2024-05-08,0.22035274255506504,-1.5950459924814888,-2.261324306563297
2024-05-09,0.7701904301128475,-1.5707267605776742,-2.207858709861556
2024-05-10,0.45661503344568,-1.5603690739385319,-2.205489583495765
2024-05-13,-2.4753872791490923,-1.6076030583417624,-2.2733666385122557
2024-05-14,0.320841596104565,-1.6552685047468643,-2.4515580101323176
2024-05-15,-0.7545586317116275,-1.4659418480482425,-2.075398928007994
2024-05-16,0.248817517778375,-1.5434291490098555,-2.252265340378028
2024-05-17,0.027458854468854987,-1.5378488938557764,-2.258131649808694
2024-05-21,0.25534140700597496,-1.4516492638009495,-2.078853058781218
2024-05-22,0.9131211605394349,-1.4542954700032353,-2.088305689704595
2024-05-23,1.2579881840507925,-1.4729926703637979,-2.129967987870418
2024-05-24,-0.4179660422332475,-1.4468178162828453,-2.2136686956292895
2024-05-27,0.368922706357225,-1.477408710784376,-2.2213687949339986
2024-05-28,-0.31723705949247755,-1.416050404314113,-1.9943019465397416
2024-05-29,-0.8737063030430174,-1.3744393074146697,-1.9499130495554349
2024-05-30,-1.0700907157254824,-1.4461258885177524,-2.0019290606883966
2024-05-31,-0.13838990846079496,-1.4823349412133302,-2.2196371484843183
2024-06-03,3.1715790108397677,-1.3719304589792782,-1.9670699627104098
2024-06-04,-3.9153330587514077,-1.4831332236832093,-2.08962470295127
2024-06-05,2.8646110454356775,-2.3437139411696712,-3.325788853986927
2024-06-06,1.2790611425281677,-2.4435800704868806,-3.5797332443496725
2024-06-07,2.5352149237843653,-2.345645759558336,-3.4411109220774163
2024-06-10,-0.5038630947388926,-2.4400461000527804,-3.3966885669750035
2024-06-11,0.33935554586642,-2.3724455948761447,-3.418375064095383
2024-06-12,-0.3023564050170551,-2.1893743772156737,-3.3248383790522813
2024-06-13,-0.19439413332990252,-2.0600021532856982,-2.9752418435030585
2024-06-14,0.13183908892013996,-1.569830359502571,-2.2610297476314702
2024-06-18,0.200881246484265,-1.6092712647889946,-2.3269119046091733
2024-06-19,-0.06833705721528499,-1.6137324445818253,-2.312213845663201
2024-06-20,0.08416353526372752,-1.6094040955196494,-2.304036442953435
2024-06-21,-0.7772663011079926,-1.603253379765812,-2.4372661041009156
2024-06-24,-0.2869895441291475,-1.5133500105088824,-2.21735628719929
2024-06-25,0.343908367488345,-1.620973229965073,-2.4209279881482764
2024-06-26,0.12633106798416,-1.5419649725334512,-2.2186223170213926
2024-06-27,1.1791896304221499,-1.5702392868408026,-2.236668977605855
2024-06-28,0.601381012784575,-1.6075321560348699,-2.3949832856718087
2024-07-01,0.80453173006629,-1.4991880557237147,-2.263971135152865
2024-07-02,-0.7256973633279176,-1.504348636271778,-2.146961774283745
2024-07-03,0.619764730249115,-1.5559440960008504,-2.2509985246899995
2024-07-04,0.7627020801986726,-1.5721365715579743,-2.400399578682296
2024-07-05,0.9452797429341876,-1.5602332366639275,-2.419477074233
2024-07-08,0.7277665300912926,-1.5683200665115649,-2.269586799641883
2024-07-09,0.41425874680429003,-1.5880096690525545,-2.435995176162448
2024-07-10,-0.5329089436716501,-1.5247546770951266,-2.2159772757914435
2024-07-11,0.6553345843781826,-1.551256934945936,-2.2599725333928617
2024-07-12,0.9937377945316499,-1.418786161721101,-2.0713174659548366
2024-07-15,0.7230614342753425,-1.5160271987586211,-2.4059350881398553
2024-07-16,0.8195145328504474,-1.4736068922512924,-2.1703840554715708
2024-07-18,1.3647015859516447,-1.4580147810718838,-2.1247941220550572
2024-07-19,-0.5882484769578527,-1.5607548997990734,-2.240801369108057
2024-07-22,0.29891034219128754,-1.5094791942750387,-2.1625318422037796
2024-07-23,0.2350555564975525,-1.5434873972052703,-2.366452909126622
2024-07-24,-0.19837492947801239,-1.5216942207558253,-2.1682126225594476
2024-07-25,1.1750763100016375,-1.5028571233898984,-2.2939832137119476
2024-07-26,1.7919464595149375,-1.588241060405993,-2.373473640003324
2024-07-29,0.292004759016115,-1.5467275543216656,-2.2442648760093413
2024-07-30,0.7561602065257924,-1.5365063386981317,-2.1710944943661614
2024-07-31,-0.11039672440954,-1.4824535407286248,-2.150276847784784
2024-08-01,-0.6661528678722624,-1.523740658749303,-2.262107271328391
2024-08-02,-2.13814904572688,-1.5213409524641548,-2.3040099783793524
2024-08-05,-3.743461227409005,-1.6382550004609078,-2.4990696366724765
2024-08-06,-0.1989363628390725,-2.1580049179953016,-3.066740390758894
2024-08-07,1.1417793947110901,-1.766126377413903,-2.558963372420335
2024-08-08,-0.40576500724112496,-1.6358891377570468,-2.446512266838272
2024-08-09,1.6427079176457,-1.8034573710982393,-2.6091315751904687
2024-08-12,0.21742361798857746,-1.6267906138068269,-2.358150414468972
2024-08-13,-1.0661380641869476,-1.6129853018744713,-2.4636363644711015
2024-08-14,0.5597857918707875,-1.6485122471880758,-2.5325472417886856
2024-08-16,1.8391156533003898,-1.604623792980433,-2.3825141762579176
2024-08-19,-0.1677375529437175,-1.597204822922374,-2.479946786223858
2024-08-20,0.359936962957915,-1.5482131186058052,-2.363088677586802
2024-08-21,0.18457827110098,-1.4788588055012295,-2.138307779732017
2024-08-22,-0.12877964307984247,-1.501982009414987,-2.175236032888698
2024-08-23,0.19718774706738246,-1.5012896830972933,-2.303357356274436
2024-08-26,0.394420799362085,-1.5604823377095205,-2.229067676139718
2024-08-27,-0.49138992230352496,-1.4905303391089475,-2.2997701752910094
2024-08-28,0.2221867641855199,-1.3885147793218429,-2.1175403840033344
2024-08-29,1.343560430063305,-1.5361004104811675,-2.277848944510295
2024-08-30,-0.12857982427241998,-1.4942866687372403,-2.305640205796623
2024-09-02,0.1410916983025075,-1.4274337284434053,-2.1440430057340487
2024-09-03,-0.343521371782165,-1.5300173090250317,-2.3375284232548985
2024-09-04,-0.18694631116744992,-1.536581102796757,-2.3498045501404663
2024-09-05,-0.07993304508807746,-1.5429518248457927,-2.336501740106207
2024-09-06,-2.0031359151302577,-1.4714083571192202,-2.2777987305868037
2024-09-09,0.42513830434097,-1.772284284702924,-2.5489201204127183
2024-09-10,-0.08843514362830499,-1.7424532645919508,-2.614864125454478
2024-09-11,-1.9121613893353624,-1.6469919600152958,-2.5824277597696947
2024-09-12,1.8339618988964275,-1.757299522434503,-2.654055082211674
2024-09-13,-0.03204066749394499,-1.6968640932459242,-2.602890138883009
2024-09-16,-0.750244378842295,-1.619057335176111,-2.3894024630788735
2024-09-17,-0.3417974630432975,-1.5819885254680743,-2.3164109722566355
2024-09-18,-0.7855482910308951,-1.564375386937369,-2.3188209226000414
2024-09-19,0.37706407595255254,-1.7742761929641864,-2.556175069524643
2024-09-20,0.5479309888130275,-1.6600134903558388,-2.491401990727556
2024-09-23,0.9625757260385049,-1.634964216320549,-2.4486938387260846
2024-09-24,-0.5953858007767251,-1.5748431734991495,-2.5552587265769526
2024-09-25,-0.5717978610302725,-1.533065127534985,-2.379001372881462
2024-09-26,1.4076259176676125,-1.5372480408838323,-2.2689162137270156
2024-09-27,-0.060217764525015,-1.5621119897746853,-2.5071056268467684
2024-09-30,-1.4088769405072799,-1.542831090292722,-2.440628008901227
2024-10-01,0.12854747771939004,-1.6789909277353652,-2.4949684107176306
2024-10-03,-1.5396545391311776,-1.6222152041042492,-2.511711323364425
2024-10-04,0.15247063930912502,-1.8688136408463119,-2.9754316263289975
2024-10-07,-0.8330094805904424,-1.7685641094610334,-2.6269064776831814
2024-10-08,0.184421910240805,-1.7287748869149357,-2.679621412079798
2024-10-09,0.6333575817575949,-1.6552846086329371,-2.52899271067248
2024-10-10,-0.8593806455548676,-1.6028460908957574,-2.2826018941625263
2024-10-11,0.6083303543954826,-1.6704313680568612,-2.5538047611086556
2024-10-14,0.460884828796855,-1.5477419687690361,-2.3533902254164323
2024-10-15,-0.3757575828070175,-1.4870891289606556,-2.240819691854717
2024-10-16,-0.7521054503281032,-1.4028032382059978,-2.104758351224468
2024-10-17,-0.03590983281113508,-1.5829243943566653,-2.3860096701760374
2024-10-18,-0.5463806340914449,-1.587252285514827,-2.4390131992119737
2024-10-21,-0.9635227813068049,-1.9082428374485119,-2.742323498678166
2024-10-22,-1.527275087303345,-1.6402656202852455,-2.4072617399574012
2024-10-23,-0.109280101069795,-1.7177224810044815,-2.5490002356259844
2024-10-24,-1.2905059298016877,-1.5676825439042068,-2.326064165016491
2024-10-25,-0.6711255653458624,-1.5658039095287104,-2.296432109512272
2024-10-28,1.2708733439567275,-1.6626078173018821,-2.5563072594389555
2024-10-29,-0.1292590632982401,-1.5613246734587474,-2.2827710326071697
2024-10-30,-0.8246798914735175,-2.0849491604412025,-3.0613812579908837
2024-10-31,-1.144846372733125,-1.9697184010767266,-2.8606752410301
2024-11-01,0.4531087701791975,-1.9288607407180463,-2.788365555505324
2024-11-04,-0.4039798152310175,-1.6687164540153463,-2.372901596650418
2024-11-05,0.75569413801981,-1.6823649737960815,-2.489150492861353
2024-11-06,1.240059768534005,-1.6472069372208165,-2.445127306242718
2024-11-07,-0.999039601708905,-1.6506974535792687,-2.412930726926742
2024-11-08,-0.22969856235332242,-1.6706145959743237,-2.4442042613438066
2024-11-11,0.3517826370629725,-1.6570440331526837,-2.3844743409967446
2024-11-12,-1.4317522595751648,-1.5169385187087567,-2.2885026902819865
2024-11-13,-0.4776718618706275,-1.6662061075726822,-2.462419732728028
2024-11-14,-1.351178994817245,-1.6191860818297468,-2.384279953480405
2024-11-18,-0.13927958110286232,-1.5489142319603721,-2.233522480531062
2024-11-19,0.06702721943565493,-1.7236131650341557,-2.4098026601469575
2024-11-21,-1.163045723751055,-1.5261248982790607,-2.187475112680019
2024-11-22,3.213060545010465,-1.5638790333711317,-2.2719610379304642
2024-11-25,1.132571699243615,-1.7739041601691043,-2.629274165302393
2024-11-26,-0.05052135801466498,-1.815100447176946,-2.561798500134668
2024-11-27,-0.045970252175737504,-1.7192274222795039,-2.495718897634046
2024-11-28,-1.1488049129011975,-1.617283829549584,-2.3075905452417174
2024-11-29,0.58500804006984,-1.807715432575215,-2.578672371345886
2024-12-02,0.16086623255628257,-1.5193837173378524,-2.2360156824620967
2024-12-03,1.07139392717751,-1.4689975461099387,-2.111933138490096
2024-12-04,-0.4690702531277675,-1.4955067738638461,-2.225100161431559
2024-12-05,1.2071542189375126,-1.554270978162439,-2.2741417502672228
2024-12-06,0.43156365992132756,-1.4299341129568852,-2.14378985528016
2024-12-09,-1.5552493311030924,-1.570049639575994,-2.2330999586708353
2024-12-10,0.59589443053693,-1.6276774498317637,-2.43268133666822
2024-12-11,0.17235982912473508,-1.5461899808969786,-2.237045647447599
2024-12-12,-1.0643597002235725,-1.5330338216131378,-2.1489957197318463
2024-12-13,0.990157063875495,-1.5390598950752683,-2.2308423053219584
2024-12-16,-0.690662257860055,-1.493524180414532,-2.1288277384213137
2024-12-17,-0.53947764673829,-1.480803030161339,-2.1321333099605138
2024-12-18,-1.16102155780703,-1.4688489804317229,-2.1078230271178353
2024-12-19,-0.9613270157816001,-1.5317445333307373,-2.146692751529719
2024-12-20,-1.9008195728421327,-1.5864537151515694,-2.2222962382048417
2024-12-23,0.2976288111966125,-1.7307285325162074,-2.5504128688339316
2024-12-24,-0.036746389227984955,-1.5716315783235464,-2.205676285098678
2024-12-26,0.11982159293466497,-1.5581699419729795,-2.3278642193839096
2024-12-27,0.141398739725895,-1.4821761238295037,-2.190176761787923
2024-12-30,-1.0416683980475325,-1.4831704779667874,-2.108475956104915
2024-12-31,-0.09109533468836747,-1.5083691548295477,-2.181635239911333
2025-01-01,0.23253544380993502,-1.5217725914285403,-2.1459544587510555
2025-01-02,2.264198831957475,-1.4507594661827572,-2.1287291796963035
2025-01-03,0.70477359137605,-1.5472820126886047,-2.2118472512300964
2025-01-06,-1.3188876793637525,-1.537285453989968,-2.1511055942378055
2025-01-07,0.6798193648541601,-1.590729822788346,-2.2495443068570413
2025-01-08,-0.055466831201120004,-1.4998990186361754,-2.1445864434821695
2025-01-09,-0.67091850725471,-1.4596051260449736,-2.043457192644001
2025-01-10,-0.03989391433312511,-1.52479201056023,-2.1749901891117127
2025-01-13,-1.2109572029521725,-1.6089096262694849,-2.288071551325994
2025-01-14,0.12635237141781508,-1.541174404611592,-2.225740966093994
2025-01-15,0.13654670530702,-1.6221027807309625,-2.3875242388045232
2025-01-16,0.19390404408359752,-1.5558826158899564,-2.264697212412102
2025-01-17,-1.3119579727308477,-1.5604871846981312,-2.2715495915328243
2025-01-20,0.19384474094213247,-2.0976725943500973,-3.0188940094660786
2025-01-21,-1.3240654238161902,-1.6379553574686005,-2.340689958019373
2025-01-22,0.004662124412757429,-1.6016877800873623,-2.3482556822821543
2025-01-23,-0.0326127078076775,-1.6240137815060665,-2.3764297390390636
2025-01-24,-0.049248625916799904,-1.5662593306091146,-2.2823837107198224
2025-01-27,-1.0211761241485497,-1.560254543544037,-2.2102690778454233
2025-01-28,0.6981638241587375,-1.8257471048067857,-2.5896292997673447
2025-01-29,1.6617275066617676,-1.7401576358175552,-2.48735300630262
2025-01-30,-1.810293058797595,-1.6769572095588394,-2.4494906122991815
2025-01-31,1.8976445777320876,-2.3998798162762656,-3.4762834360879045
2025-02-01,-0.5667024393885199,-2.1816026358855383,-3.195082048570977
2025-02-03,-1.3374047949855075,-2.035210072221283,-2.8884639766486475
2025-02-04,1.8506239067752623,-1.877539653942537,-2.6967393896254936
2025-02-05,-0.70755502507644,-1.8732017795965743,-2.7134438808607397
2025-02-06,-0.6624881414924125,-1.8018750496314475,-2.599238618265143
2025-02-07,-0.8581258798374449,-1.7582774332101296,-2.575704719395624
2025-02-10,-0.73069491677192,-1.7258021239699388,-2.541832282129567
2025-02-11,-1.41428973214862,-1.681329738057559,-2.5015642159242026
2025-02-12,0.33068648808263756,-1.6313496591887446,-2.3335020436609506
2025-02-13,-0.5931626379213699,-1.682628688262521,-2.4130231496513526
2025-02-14,-0.16316381108183003,-1.566486077217242,-2.239624839054197
2025-02-17,0.33725278289879,-1.5449527516249597,-2.1538274160637854
2025-02-18,-0.44919981643811246,-1.4976941172179787,-2.176967705991661
2025-02-19,-1.063003019338835,-1.4428933478285542,-2.155045762170941
2025-02-20,0.574563349581535,-1.57653558377891,-2.23874291458608
2025-02-21,-1.084886075344305,-1.5215478483970677,-2.167037175276802
2025-02-24,-1.092513600354875,-1.6031408639797635,-2.3219146318262576
2025-02-25,-0.19343509791756996,-1.6456626358858697,-2.392657695717282
2025-02-27,-0.95286110362664,-1.5829144623254747,-2.2774618533478588
2025-02-28,-3.3678043028455202,-1.6129819045629092,-2.3701761090042854
2025-03-03,0.4092157180281625,-2.1751752902094803,-3.1910594186425247
2025-03-04,0.13279882946924504,-1.852815722793261,-2.6545491926399607
2025-03-05,1.8441167007493575,-1.7944474438242515,-2.5839462843533054
2025-03-06,0.6291705069560075,-1.7883239921350718,-2.5495521431098944
2025-03-07,-0.2418056850726425,-1.6708696770868374,-2.442412305412729
2025-03-10,0.5757192609451375,-1.6435406732482556,-2.3128411279468737
2025-03-11,-0.9087276427290725,-1.5451114450501828,-2.1698765008115943
2025-03-12,-0.8252810538513825,-1.5894561839340613,-2.336214515305831
2025-03-13,-0.6987242704251876,-1.8548639837094283,-2.6111300544309817
2025-03-17,0.168869100898545,-1.7228707964221905,-2.547622383025647
2025-03-18,0.0,-1.596320092126126,-2.301649543851131
2025-03-19,1.8110484261467423,-1.5726866090000615,-2.3121336335712916
2025-03-20,1.3625665313597248,-1.6190081418997824,-2.3379297415376024
2025-03-21,0.268346214573885,-1.5918881992287985,-2.2916715617322727
2025-03-24,1.386308958629275,-1.5809497143703757,-2.3506275920537893
2025-03-25,0.3526975459622,-1.7109015512871353,-2.436274049794564
2025-03-26,-1.09000012483323,-1.600171859598627,-2.311862383825401
2025-03-27,-1.1224889963661902,-1.579933067960533,-2.2883457037322086
2025-03-28,-0.16685464752626994,-1.8964690177550267,-2.7256630342071313
2025-04-01,-1.0811134986431175,-1.8110612043999021,-2.5756061486600803
2025-04-02,0.5688027977807978,-1.7803823135236438,-2.5346727584931013
2025-04-03,-1.378859703797565,-1.6955253418447154,-2.4581219140505035
2025-04-04,-2.7225737934101346,-1.7941912508277105,-2.6892994435079918
2025-04-07,-3.0172475856952454,-2.2952485737362007,-3.3056997868803872
2025-04-08,2.111534785675648,-2.5856341178837545,-3.719295678121879
2025-04-09,-0.9159976804087374,-2.235519790407271,-3.2970622867934973
2025-04-11,1.1785275131554749,-2.2385684731070064,-3.2181493525301774
2025-04-15,1.676063461635895,-1.9230161938794648,-2.795368024475518
2025-04-16,-0.15290007360987995,-1.7358310970714999,-2.5795668158671674
2025-04-17,1.24271398904517,-1.7533374226907008,-2.562475741430416
2025-04-21,1.2306773771263302,-1.640717462920412,-2.3806161699425012
2025-04-22,0.21710115191267504,-1.6182488041996288,-2.381066092034377
2025-04-23,2.0112696048897973,-1.636287561676541,-2.2996166044794863
2025-04-24,-0.7800286138228163,-1.727310950778028,-2.5007309192764287
2025-04-25,-0.7292368652070925,-1.6718260172495198,-2.4506752190174548
2025-04-28,0.9518677264598301,-1.7196790486014975,-2.4728341248055266
2025-04-29,0.04898346197685502,-1.6460831242406353,-2.360475057343785
2025-04-30,-1.2993422947254123,-1.5306664325906847,-2.212550108328741
2025-05-02,0.30234600119698746,-1.8567449299381116,-2.6623542469103003
2025-05-05,0.6134239517885525,-1.7384376337862952,-2.4411458863962694
2025-05-06,-0.619018708099435,-1.6147851922438068,-2.3002573140545857
2025-05-07,1.104163985941135,-1.7878836802818099,-2.5330682642965154
2025-05-08,-0.25312834500296,-1.7242901550993393,-2.4868502773128163
2025-05-09,0.9553098601906574,-1.6203236783793977,-2.3088683976974567
2025-05-12,3.5686888823570926,-1.640463050077913,-2.362650861213827
2025-05-13,-1.6049621589402274,-1.8880567939067316,-2.657575903345161
2025-05-14,-0.06815521487677248,-1.9588620739667992,-2.77463129963449
2025-05-15,1.6119075591475476,-1.7272947327175008,-2.4626509437056474
2025-05-16,0.012965898362794992,-1.7020038303439016,-2.3919240082121997
2025-05-19,-0.4139226039242674,-1.7022021586480394,-2.3997307961252208
2025-05-20,-1.0892111160317999,-1.6243152179074336,-2.4000463859254806
2025-05-21,0.6878521440407326,-1.5587432203721567,-2.2792101793863924
2025-05-22,-1.0731056359302276,-1.5222824966003778,-2.1779870203097538
2025-05-23,0.7762295811108875,-1.5679332447855652,-2.2133897356779872
2025-05-26,1.11113644004028,-1.5621543923469854,-2.2064616105945842
