Date,Actual,VaR_5%,ES_5%
2015-06-04,-5.8399159207483295,-7.4850906820406715,-10.761363711031217
2015-06-05,-4.79619763378434,-7.633176560064162,-10.948404213165869
2015-06-08,-4.054448941939975,-7.639466496055814,-11.030711690814092
2015-06-09,-3.4103621751708553,-7.363368142311539,-10.638679676474625
2015-06-10,-1.6447359927269096,-7.648184657967058,-10.847162593192053
2015-06-11,-4.914425941526964,-7.169659838845531,-10.767527326953122
2015-06-12,-5.754260731206,-7.129928043024381,-10.597313215195513
2015-06-15,-6.2022874659154,-7.026569848772127,-10.40403250825939
2015-06-16,-1.7329563755609798,-7.6901570221056685,-10.795721654455244
2015-06-17,-0.43157133956734517,-7.890013944089125,-10.543822670414324
2015-06-18,0.2504399450302549,-7.609873863788567,-10.41126673250455
2015-06-19,0.6827052012772896,-7.7138466347258605,-10.535307368101126
2015-06-22,4.0511506682351195,-7.656103961229032,-10.606072141375897
2015-06-23,2.90262568849124,-7.53720497873387,-10.513204626117304
2015-06-24,0.18334908122702442,-7.585752589997163,-10.578983617450966
2015-06-25,2.413464837737995,-7.927825054793771,-10.922491043082461
2015-06-26,3.8092803452079145,-7.606508202137977,-10.566232870239979
2015-06-29,1.8285611322575703,-7.771201568288793,-10.687705614371728
2015-06-30,0.819286150729855,-7.455568195931412,-10.328797548909446
2015-07-01,2.5051999481814002,-7.467966491682951,-10.413544253576172
2015-07-02,1.1529609989820302,-7.276628177372628,-10.05822320752709
2015-07-03,1.4926209906801553,-7.3606578509973195,-10.203151887442612
2015-07-06,-1.1263500088093548,-7.328470672796758,-10.257380329302231
2015-07-07,-0.05204298715824973,-7.630003008091714,-10.740331372047313
2015-07-08,-0.9819290114876194,-7.821491268960305,-10.77655291087021
2015-07-09,-2.1665292035585195,-7.463312503399733,-10.509096561616062
2015-07-10,-2.49011008689524,-7.589210379724012,-10.565041722302425
2015-07-13,0.5730758860052052,-7.8129885662596035,-10.653058894519571
2015-07-14,0.3566286558346403,-7.677394782560611,-10.426308222082264
2015-07-15,-0.6203113416522551,-7.566690747860082,-10.454364679695669
2015-07-16,0.8586139096798502,-7.679900489457722,-10.481200837346842
2015-07-17,0.8943230864766704,-7.32481711560071,-10.110201439804191
2015-07-20,0.2821338765509802,-7.329152552791996,-10.001713641273728
2015-07-21,4.720825737639379,-7.168918811838557,-9.867406401930195
2015-07-22,7.303894335848229,-7.533778425869795,-10.275199215225483
2015-07-23,8.30245057738846,-7.2206671639169,-9.96989857402052
2015-07-24,6.057963939531284,-7.028197847730742,-9.803306288191019
2015-07-27,2.85307763054884,-6.972788676824729,-9.753839021801449
2015-07-28,2.7996059332188237,-7.2371555528939675,-9.973260670641
2015-07-29,2.1331307625197002,-7.055078857515927,-9.915939518053081
2015-07-30,1.0214667739176095,-7.031905976016706,-9.963509768045823
2015-07-31,3.4248393294273356,-7.0208685307508425,-10.088673706454832
2015-08-03,6.21694493120034,-7.130292516515994,-10.198376338588995
2015-08-04,1.8441745400294007,-8.053054008212259,-11.696011643594732
2015-08-05,2.2754109251714607,-7.247965103410147,-10.324217101180642
2015-08-06,2.893913209297281,-7.02505060752749,-9.92749631349661
2015-08-07,3.6823132943638055,-7.304106335158877,-10.098744945768969
2015-08-10,5.4552703046900906,-7.457992363889822,-10.20896593091411
2015-08-11,3.950381641872101,-7.142076065614351,-9.920629712060427
2015-08-12,3.1858623288735,-7.2841617606845155,-10.010743985937122
2015-08-13,4.4361927074740795,-7.224134016246755,-9.812074876167586
2015-08-14,2.956368210275364,-7.36007425659231,-10.051634393398698
2015-08-17,2.614384980922135,-7.333032880188049,-10.10783507111247
2015-08-18,4.161873426490664,-7.588166127321793,-10.613771125864437
2015-08-19,2.632099631126045,-7.780458600695627,-10.992098581309438
2015-08-20,-1.1641076855704557,-7.27513829140016,-10.460451448509398
2015-08-21,-0.0964649529714956,-7.796381601676832,-10.802814389555136
2015-08-24,-6.805894930121256,-7.123645862742348,-10.23142375806113
2015-08-25,-4.030532003094396,-8.19674438305568,-11.289791973849354
2015-08-26,-5.735678889344724,-8.316031487374106,-11.507341699933557
2015-08-27,-5.293556802061936,-7.859750251450285,-10.973860662987835
2015-08-28,-5.4701320572603285,-7.870256891409164,-10.974386855156284
2015-08-31,-8.289898300916166,-7.8944690720607005,-10.975003370670073
2015-09-01,-12.090429877754225,-7.855922614542075,-10.785736021005931
2015-09-02,-12.703961313347342,-8.13149415996091,-11.029219617488899
2015-09-03,-9.207993136907668,-8.337813855301587,-11.337132494671637
2015-09-04,-12.03421683724218,-8.168636597243149,-11.021091667633556
2015-09-07,-6.76211442814174,-10.104596552914288,-13.935186206433587
2015-09-08,-6.446748115507951,-9.364343260330704,-13.376278483021098
2015-09-09,-1.824930831550033,-9.25177535991019,-12.769369721339645
2015-09-10,-4.725036119437636,-8.450221700565212,-11.668450167397273
2015-09-11,-4.858908193264437,-8.258138862179257,-11.222412569924552
2015-09-14,-2.263951233185807,-8.695859505344046,-12.000398729654794
2015-09-15,-0.8475037538641423,-8.5635808095847,-11.834337764814569
2015-09-16,1.4373549956080183,-8.78406367142291,-12.410968542267232
2015-09-18,2.2875718735367228,-8.639024934415577,-12.144013396006299
2015-09-21,5.684816991436113,-8.941381984122046,-12.390443874068287
2015-09-22,5.920826154287718,-8.336727077437587,-11.761262528330514
2015-09-23,5.09862950818401,-8.253047035799801,-11.223991660883543
2015-09-24,3.898585882977495,-8.248304315665692,-11.442946076087994
2015-09-28,3.718982543930175,-7.930729336069678,-10.72252023512853
2015-09-29,3.906189760743795,-7.9945711706200315,-11.046135690495733
2015-09-30,3.1530442536241354,-7.711627902973826,-10.52886037184687
2015-10-01,3.7319663670946004,-7.645742438670482,-10.398430005536328
2015-10-05,4.180509561658434,-7.641776857919921,-10.351853371147646
2015-10-06,1.8262251625009,-7.3384779979395605,-9.894873479064175
2015-10-07,0.9280528218952151,-7.25096401756896,-9.735198340765209
2015-10-08,2.214645714428255,-7.483629741048939,-10.11377558300629
2015-10-09,2.9851044762633947,-7.283130943816757,-10.107970015065163
2015-10-12,0.3575345847264302,-7.160667876660212,-10.067642326174695
2015-10-13,0.6212519701990351,-7.283029680592082,-9.942439430265567
2015-10-14,-0.6092432927823498,-7.140948483415565,-9.74231120161899
2015-10-15,-0.4321161458236603,-7.349475507258791,-10.00898860016913
2015-10-16,1.4142210288362898,-7.105197436839348,-9.665514722093148
2015-10-19,0.3467725283767149,-7.005659368473052,-9.536172937544736
2015-10-20,2.18237695021766,-7.032322590672142,-9.455475143826542
2015-10-21,1.95357517427103,-6.942906733067947,-9.360019317529606
2015-10-23,3.2692751161069897,-6.750979170261672,-9.303353009099212
2015-10-26,1.3771115716084998,-6.883650926769741,-9.370964277725781
2015-10-27,2.485482884755475,-6.704158177962279,-9.260865921917476
2015-10-28,2.48634287170598,-6.65163455048962,-9.188457571216135
2015-10-29,1.05668089822611,-6.661484244029293,-9.17574246013476
2015-10-30,-0.28477087733575035,-6.666026647972847,-9.08313931791995
2015-11-02,-2.4021863262616354,-6.7249299696212,-9.32190374022284
2015-11-03,-2.2977432874825956,-6.961094724531259,-9.327964676976352
2015-11-04,-2.73107906489747,-6.717346556677938,-9.075663199547682
2015-11-05,-3.9738118421492157,-6.862274166160096,-9.326918838212634
2015-11-06,-2.6023354669283756,-6.420435341345489,-8.875752074287034
2015-11-09,-1.8030134597070955,-6.686530255709216,-9.192059198062871
2015-11-10,-3.5729395959046655,-6.719396344034245,-9.148482322015564
2015-11-13,-2.698386153131015,-7.012242769091697,-9.480245068986608
2015-11-16,-0.5756729563134402,-6.993023526314609,-9.39111123240429
2015-11-17,-1.1396767084178403,-6.715950208820984,-9.06998201559204
2015-11-18,-4.315865566636796,-6.607234571031766,-9.100985060969162
2015-11-19,-2.800505959612446,-6.617075553540147,-9.162813212212212
2015-11-20,-3.0376014906494504,-6.553730711097077,-9.22265023136203
2015-11-23,-1.3337253950373757,-6.924865661783586,-9.499859787782114
2015-11-24,-4.790824982456731,-6.884200177301375,-9.613796044444818
2015-11-26,-4.49715688073398,-7.09919510836769,-9.710230661728165
2015-11-27,0.0035711863389851217,-7.279232217332802,-9.902319940939499
2015-11-30,1.128904583998845,-7.037373377857518,-9.588443925178709
2015-12-01,0.32556487266578005,-7.009857156281747,-9.608965311951309
2015-12-02,-0.6976580248925301,-7.164724484587839,-9.601324076076592
2015-12-03,1.8378102052633398,-7.306165568907227,-9.870301253648382
2015-12-04,-0.5177066980344847,-7.2060341065416225,-9.723486587732713
2015-12-07,-1.1859182494254796,-7.053191500833148,-9.561324930329569
2015-12-08,-1.8535694488893246,-7.0955021080484535,-9.61350722921136
2015-12-09,-2.097120378647435,-7.112454796808705,-9.643653609623179
2015-12-10,-2.4644861688261246,-6.927949143452642,-9.531405334446259
2015-12-11,-5.338895522889185,-6.87905440973435,-9.599964367618853
2015-12-14,-5.6395128993972845,-6.958221458404626,-9.645578237725957
2015-12-15,-5.0650944339814545,-7.052992863755675,-9.536200966086723
2015-12-16,-2.037617690305285,-6.953714539577018,-9.49129439364525
2015-12-17,0.11863306259022055,-7.14689233067217,-9.719315494772895
2015-12-18,-1.5239207663162204,-6.985287843673275,-9.575358920528362
2015-12-21,0.9132558167350999,-6.963979714235179,-9.513978843099041
2015-12-22,0.21222574856182463,-6.916754810192955,-9.43997958079838
2015-12-23,2.39001518795535,-6.957339887518234,-9.433093634945607
2015-12-24,1.4930981147966047,-6.834810108684504,-9.39547069276376
2015-12-28,2.759007741564425,-6.6998536414521315,-9.27362388218644
2015-12-29,2.1145474113413756,-6.747937306495414,-9.160104280256574
2015-12-30,0.2716778071778756,-6.791321573154944,-9.11350158401495
2015-12-31,-0.19704051703172942,-6.6787220230049265,-9.136690591872174
2016-01-01,-0.7594404348918543,-6.5492981004703905,-9.097009563218386
2016-01-04,-1.4936103946678092,-6.718446229176248,-9.287926772349307
2016-01-05,-4.1845617220431395,-6.82122362244703,-9.338825627359434
2016-01-06,-3.252502984621864,-6.865373476194199,-9.332056014078752
2016-01-07,-6.9062440508331795,-6.8317690900465005,-9.23332187849092
2016-01-08,-5.958737641969535,-6.865922388417615,-9.158833471768084
2016-01-11,-7.955540242589349,-6.75925212672426,-8.984560051607613
2016-01-12,-9.287031738468185,-6.741131545121729,-9.159749519860423
2016-01-13,-5.97577218959155,-6.922067969873278,-9.691998976646689
2016-01-14,-5.53107652656997,-6.731724296031396,-9.024748852523775
2016-01-15,-9.05170618751921,-6.591385002035308,-8.753618769071998
2016-01-18,-7.5175755922402905,-6.985284985545994,-9.531089769210839
2016-01-19,-5.7425035028119655,-6.813216524018091,-9.145035858775378
2016-01-20,-8.73853597925137,-6.717651947016758,-9.059546156708246
2016-01-21,-4.893415123721925,-7.180236017390727,-9.501385418399169
2016-01-22,-2.87737299719728,-6.908847336620354,-9.205330112197466
2016-01-25,-1.7807780514782152,-6.93185877341695,-9.217277373425624
2016-01-27,0.1381805669679344,-7.05839696527502,-9.546387238225828
2016-01-28,-1.96707351713391,-6.903259894660497,-9.164135079816807
2016-01-29,-2.9101096824919255,-7.135883763748684,-9.636640633672712
2016-02-01,-1.789862725714545,-8.023753010829278,-10.874614557164662
2016-02-02,-1.419786451908235,-7.721959496117663,-10.604872990646374
2016-02-03,-4.06047940193279,-7.398060064233212,-10.389065495989733
2016-02-04,-0.6677024496673599,-8.039941102893074,-10.891895700979804
2016-02-05,-0.5239727127312399,-7.416576571030404,-10.003368225721005
2016-02-08,-2.8550684958694807,-7.618684759961484,-10.503091126850562
2016-02-09,-5.882201265650391,-7.56178972754519,-10.4832951899253
2016-02-10,-8.743096948986675,-7.707659630160944,-10.456100358435142
2016-02-11,-11.464256874048552,-7.437150446767756,-10.255312887327083
2016-02-12,-11.082257476867694,-7.681704961796347,-10.23060453560714
2016-02-15,-5.042791542727503,-7.991451625789501,-10.86148651329632
2016-02-16,-8.27043516770803,-7.663030881658847,-10.409066565680867
2016-02-17,-4.839059079841558,-7.5972231883569075,-10.24399054669973
2016-02-18,-3.3924619732653487,-7.54804134968516,-10.121329908935499
2016-02-19,-3.1129880007310122,-7.295393570797234,-9.813306537955311
2016-02-22,-3.1966162710810897,-7.3062228454403435,-10.035432371929192
2016-02-23,-1.8987228834230379,-7.798384209427711,-10.813078119628265
2016-02-24,-0.10429191442299812,-8.25547691233344,-11.119435969239975
2016-02-25,0.6454732708918223,-8.180896159572892,-11.053295411409847
2016-02-26,2.0089119620961373,-7.70300336584248,-10.574133605794705
2016-02-29,-3.140881776087574,-8.92175040575709,-12.056621507084166
2016-03-01,3.8748740653674707,-10.710759569563152,-14.282257528239644
2016-03-02,9.117372905628905,-9.795590635070916,-13.166121441770814
2016-03-03,8.712073791485551,-9.425753945830847,-12.953387075132818
2016-03-04,8.61099449694793,-8.812454391280404,-12.163376769418887
2016-03-08,6.8947586819549755,-8.434342019315704,-11.455384297792978
2016-03-09,9.667621623605656,-8.77660482219388,-11.630706462169634
2016-03-10,7.9539112341699205,-8.481489645202313,-11.228765221644563
2016-03-11,9.99871323153479,-8.50832403181888,-11.321491799714492
2016-03-14,8.557143664217044,-8.321585258470542,-11.151530093552298
2016-03-15,10.002246402792114,-8.027202284315386,-10.793557797535929
2016-03-16,7.861914753940619,-8.000443170823912,-10.727275988547625
2016-03-17,1.6631569462000102,-10.010821021830873,-13.621411924609196
2016-03-18,3.293161456882545,-9.883363440262725,-13.304803974774739
2016-03-21,3.2062077233090043,-9.946987607192224,-13.097446181387538
2016-03-22,4.8431819266759994,-9.689796594704507,-12.694115072396201
2016-03-23,4.702993147940416,-8.923185187731255,-11.949998376940862
2016-03-28,4.774189463328244,-8.875829643419245,-11.753368193928797
2016-03-29,4.862385285500345,-8.521136724878692,-11.22643340661729
2016-03-30,6.927336110134464,-8.114214642240055,-10.626063385334932
2016-03-31,5.92613281489867,-7.769210499762828,-10.236858912946015
2016-04-01,4.992703266395515,-7.630633455028298,-10.015944576960173
2016-04-04,5.599827449772505,-7.305959882653313,-9.680291384106486
2016-04-05,-0.7432237089964602,-7.382200336741249,-9.848611074657656
2016-04-06,-3.16128746955706,-7.354888154051174,-9.890029359820389
2016-04-07,-4.4566575808101705,-7.268689110561204,-9.681707984133613
2016-04-08,-5.32872700578155,-7.135346153953479,-9.47456647368553
2016-04-11,-0.8924269403461857,-7.899767102407985,-10.272572450208452
2016-04-12,-1.0830686094620903,-7.490572620517658,-9.871057105689596
2016-04-13,-2.8488126575928057,-7.45737558432271,-10.009796140046555
2016-04-18,-1.1384817256890003,-7.738143297386467,-10.21387744352505
2016-04-20,-0.6229154956721363,-7.375815636330402,-9.935463341373211
2016-04-21,-0.7944073358065111,-7.433400029057898,-9.693925636345424
2016-04-22,3.7598545924746096,-8.296256768508938,-10.791575669574105
2016-04-25,4.0937983477937845,-7.773815121305488,-10.332272210236486
2016-04-26,7.065003706603434,-7.83876065251005,-10.393965982142214
2016-04-27,6.535747292083699,-7.667248008073391,-10.013453688169623
2016-04-28,2.054432142305069,-7.569931649918329,-9.937567463698574
2016-04-29,1.4020574960091003,-7.679996645009195,-9.996416080225531
2016-05-02,-0.3670004311001003,-7.470404120374049,-9.838066498434332
2016-05-03,-3.24884819262733,-7.672692607135681,-10.308125503184426
2016-05-04,-4.252825131008731,-7.280305123041669,-9.646206944052706
2016-05-05,-5.137649558308249,-7.502485399209755,-10.078968032203479
2016-05-06,-5.354958212976419,-7.5834193694647665,-10.281213064425016
2016-05-09,-2.860652303436479,-7.67069594345103,-10.34605323692825
2016-05-10,-3.7248003959385847,-7.381797233936654,-10.007728538500047
2016-05-11,-4.4947198276351354,-7.699649332008925,-10.196675073004295
2016-05-12,-0.8977549285986997,-7.703774798984503,-10.151719338818257
2016-05-13,-1.1453189800399697,-7.518972284252603,-9.800296918893816
2016-05-16,-1.958986437843964,-7.291534977067252,-9.635639135458122
2016-05-17,-0.4713648664376594,-7.381267921937008,-9.840435961624566
2016-05-18,0.8754911671644257,-7.363634043206336,-9.75933958642738
2016-05-19,-1.6125864060492798,-7.135836592329376,-9.521809258316614
2016-05-20,-2.8129399325477094,-7.2383172012193615,-9.604708117133068
2016-05-23,-6.15372666942127,-7.212663684712704,-9.529789449454986
2016-05-24,-6.62035258226992,-7.055360830694363,-9.388706148236306
2016-05-25,-2.467823172157264,-7.349924124486478,-9.648579558547434
2016-05-26,-0.17926164300733927,-7.101771215923478,-9.518784214349854
2016-05-27,4.542804167392395,-7.441768316528107,-9.838822682527546
2016-05-30,7.99564600482369,-8.060857901661135,-10.325613778761753
2016-05-31,8.77001809250769,-7.570337484571274,-9.966305990106667
2016-06-01,6.801787704531645,-7.283705653740879,-9.672720619595392
2016-06-02,9.73734677763049,-7.918278974347333,-10.618715513454168
2016-06-03,10.171554277723486,-7.564908218073037,-10.014675564255365
2016-06-06,12.18461933329179,-7.432243021863989,-9.841779734901937
2016-06-07,14.25014422040225,-7.289683450551179,-9.62551228591061
2016-06-08,11.110057451419967,-7.328143365618512,-9.804966091132702
2016-06-09,5.776319641267131,-7.500875287889128,-10.224424764549237
2016-06-10,0.9767878194631148,-8.128138494694863,-11.05192200794215
2016-06-13,-1.5748397638657199,-7.974597747077423,-10.928378648583374
2016-06-14,-1.14203264268566,-7.913386939799292,-10.624795909733546
2016-06-15,2.741786290482165,-8.152153372019786,-10.995466270147245
2016-06-16,1.8542796544739755,-7.729624031129769,-10.402047107006402
2016-06-17,1.1162778476146051,-7.708985026734566,-10.284970174502009
2016-06-20,2.336093948457641,-7.461809423045292,-9.939650666548086
2016-06-21,-0.5961621339045396,-7.674321202895604,-10.450420951121462
2016-06-22,-0.485469132594304,-7.820184261934706,-10.39834192571646
2016-06-23,2.866831958499205,-7.817041397294248,-10.261825236131036
2016-06-24,1.8577762454227598,-7.733354705546425,-10.117406711935299
2016-06-27,3.039255391777005,-7.7414103757306245,-10.20111365672548
2016-06-28,1.2569730489533602,-7.47288100943819,-10.211654001877712
2016-06-29,-0.2880741647072702,-7.568976871212179,-10.333730470878331
2016-06-30,-0.0009623395025553649,-7.508646439381346,-10.077830977813868
2016-07-01,1.1183621114435796,-7.4495561516284745,-10.05641438878519
2016-07-04,0.5813025185578045,-7.189760210385567,-9.625878843048959
2016-07-05,0.8847379792882696,-7.084057781655156,-9.526998276579034
2016-07-07,-0.14130463093445522,-7.017154198125489,-9.419983530889644
2016-07-08,-2.0816665303587953,-6.926812261769227,-9.219866577935067
2016-07-11,2.263265777025225,-7.325729834409122,-9.72870419313307
2016-07-12,2.5937448841657558,-7.242008557351061,-9.738603078896263
2016-07-13,4.1334157406243,-7.165550088187441,-9.851793167791113
2016-07-14,3.2704525403413554,-7.085516387789823,-9.718172492793174
2016-07-15,-1.5613231944651345,-6.980904630006365,-9.611397171255533
2016-07-18,-1.9733076659713737,-6.942537383580969,-9.429262092875186
2016-07-19,-2.815698758737594,-6.880339629646498,-9.2492746753892
2016-07-20,-2.408433190276715,-6.845268069481484,-9.211138897210814
2016-07-21,-2.2023901068508236,-7.036063534310586,-9.224831965867017
2016-07-22,-2.669012677298445,-6.878827502447928,-9.06819601058212
2016-07-25,-3.0342435893446535,-6.7395577648899625,-8.9054140571936
2016-07-26,-3.8801090666003555,-6.686753293250559,-8.943691221516271
2016-07-27,-4.422762954850004,-6.781829560037125,-8.740222901721133
2016-07-28,-4.600374839568424,-6.793355866051178,-8.910607838440145
2016-07-29,-0.3950743423496348,-7.286090240004973,-9.56510550866366
2016-08-01,-0.1656762703701502,-6.893238260159537,-9.070425626772282
2016-08-02,-0.483794172746,-6.834603095513934,-9.240961379517945
2016-08-03,-0.8999591987313751,-6.825029076770637,-9.208475907328324
2016-08-04,-0.37644360551828987,-7.159443483840493,-9.585749733521844
2016-08-05,1.8197836529822902,-7.151645900466924,-9.606462749899343
2016-08-08,0.6237739824854901,-7.063146338870286,-9.504413674626178
2016-08-09,1.5858041701750452,-7.24122742128717,-9.7428394016855
2016-08-10,0.34995305928515985,-7.001499368483919,-9.46924701925496
2016-08-11,-0.8473170696840597,-6.817195502230314,-9.200821269753767
2016-08-12,2.4124691172587607,-6.778376586114751,-9.174220980604318
2016-08-16,2.539890846359136,-6.801809669010088,-9.101019768868397
2016-08-17,1.4533326242388958,-6.708573987138533,-8.989014033713124
2016-08-18,1.663798190134751,-6.678485413274748,-8.955808971484744
2016-08-19,4.382362956184326,-6.615298251644945,-8.854253968867992
2016-08-22,2.00290413289148,-6.601050103429865,-8.951089838721977
2016-08-23,2.5649601232443358,-6.587171622498269,-8.943328590406068
2016-08-24,2.7196532703892102,-6.586528676662487,-8.85311318239569
2016-08-25,1.6929138545998454,-6.931583896008235,-9.0276600265592
2016-08-26,1.385016176948675,-6.818553530436762,-9.082218115822458
2016-08-29,-0.7384652488128349,-7.638363321813718,-10.205220285037257
2016-08-30,0.5573534968489,-7.78584083752343,-10.178721422799455
2016-08-31,1.376428837755925,-7.484110048688018,-9.97991038592637
2016-09-01,1.4060300823163154,-7.1421714712145254,-9.65550133020808
2016-09-02,-0.24624281849967966,-7.316717938997007,-9.789951195879103
2016-09-06,2.4636164123964157,-7.445470237573282,-9.809078642316894
2016-09-07,3.0128442550494805,-7.157588135764789,-9.56791874057626
2016-09-08,1.726482323197606,-6.895757913782156,-9.189066731958988
2016-09-09,2.6819779194922857,-7.055938496274343,-9.392173694563313
2016-09-12,2.8589125432805313,-7.180823850196402,-9.597688556111105
2016-09-14,2.780351830845036,-6.980094635850319,-9.422114949911087
2016-09-15,0.8242753733692703,-6.997137748165212,-9.36483237541682
2016-09-16,1.5145765923802252,-6.866769097378784,-9.233575998848705
2016-09-19,1.8458986544732152,-6.7796971060358855,-9.1618564654008
2016-09-20,0.8495063564807305,-6.785072419645924,-9.003682400103742
2016-09-21,-1.239076224474395,-6.686583838300061,-8.964637759885463
2016-09-22,-1.48577958523632,-6.638947548684812,-8.916627587747854
2016-09-23,-2.4041700986812553,-6.636592162679123,-8.752318726242294
2016-09-26,-2.395116637502455,-6.7279473221298804,-8.790653286109755
2016-09-27,-1.42801145317786,-7.242607360468453,-9.461748824503031
2016-09-28,-1.0622244805471452,-7.002437483224872,-9.238774971711976
2016-09-29,-2.3664804394064847,-6.825325731857402,-9.099397210762124
2016-09-30,-1.753058606051935,-6.69005627167561,-9.00539726087906
2016-10-03,-1.1688992409443948,-6.678819222767081,-8.776621583443633
2016-10-04,0.9855066816834799,-6.628810888317997,-8.763245280114155
2016-10-05,1.21529723859689,-6.6819414804263175,-8.729555120123484
2016-10-06,-1.7189620466213902,-6.591734159975429,-8.81398912622228
2016-10-07,-0.6513116917478899,-6.760337771478302,-8.940396922244785
2016-10-10,0.6859419164001797,-6.616440973295645,-8.860845065843936
2016-10-13,0.7326191647880851,-6.470205258533503,-8.77059029874546
2016-10-14,-0.8973216678488403,-6.421215151071131,-8.780211648126878
2016-10-17,0.85754085576531,-6.899705296881592,-9.266921838592314
2016-10-18,1.2564918673251249,-6.6957160754544045,-9.022063334591913
2016-10-19,0.19748333443549518,-6.607205430957085,-9.058066353561411
2016-10-20,-0.5151273485494302,-6.757403031777362,-9.108061601946094
2016-10-21,-0.07297317810293491,-6.709115353042265,-9.10890805478728
2016-10-24,1.7021151587104102,-6.838052286557409,-9.19989278071397
2016-10-25,1.2911934164446945,-6.732445257763662,-9.182944700382635
2016-10-26,0.18007469791640007,-6.769473299949084,-9.30943889425826
2016-10-27,-0.7046467054670051,-7.116299617908872,-9.576390996619331
2016-10-28,0.22552049259598028,-6.79522973537853,-9.089815691617314
2016-11-01,0.018219319546569773,-6.791843522752885,-9.030031092982172
2016-11-02,-3.4902720386634147,-6.747574580586437,-8.8943337170001
2016-11-03,-5.1458723841156395,-6.743477371445787,-8.809238785153392
2016-11-04,-6.188086861733665,-6.5390931548325915,-8.639676261640336
2016-11-07,-4.128710228072385,-6.562517495984481,-8.607625439123014
2016-11-08,-4.2125713918045795,-6.645683202858333,-8.673050039154164
2016-11-09,-3.2604800407180647,-6.532380421328828,-8.621553193272977
2016-11-10,0.3472789022574161,-6.512212062447702,-8.707021551167152
2016-11-11,-0.9275597995121094,-6.535241820302799,-8.772003547838864
2016-11-15,-0.08233151672103878,-6.461055187067664,-8.676894510250023
2016-11-16,0.8895948243460204,-6.541350155936609,-8.6628568216252
2016-11-17,2.3167249042443556,-6.863490520835382,-9.006908049764153
2016-11-18,3.30493449669036,-6.908871919794672,-9.108338588843457
2016-11-21,-0.2840451447115888,-6.820282858064403,-9.015183335150622
2016-11-22,-2.458754547327964,-6.857919091108137,-9.10538115637625
2016-11-23,-2.1042982759857547,-6.777159769999322,-8.958650547867265
2016-11-24,-1.1472792751489593,-6.834722202842658,-9.078344097558324
2016-11-25,-1.7668054515840041,-7.526378204493264,-10.02007754007203
2016-11-28,-0.6335254145107045,-8.251550465028762,-10.906676163232582
2016-11-29,-2.21945624014976,-7.800525791119771,-10.390906343049046
2016-11-30,-1.7129755763785846,-7.731177912210708,-10.032346132440958
2016-12-01,-1.6874203088098956,-7.579111503763739,-9.96074674526506
2016-12-02,-1.7356065333601602,-7.461221336163598,-9.894745467969267
2016-12-05,2.612382192606595,-8.69234209853254,-11.546393750024603
2016-12-06,3.1204569606812,-8.1670911172217,-10.948500607295868
2016-12-07,1.8535192542263244,-7.909945204626102,-10.615121854834175
2016-12-08,2.4843120184324095,-7.569470616309895,-10.290705158569665
2016-12-09,1.6828934433307294,-7.5120539484217925,-10.179838516811396
2016-12-12,1.8304524023815494,-7.534349746279515,-10.196043659395109
2016-12-13,3.4895514618183694,-7.268829656830988,-9.916691040841034
2016-12-14,2.0981063920554446,-7.226927562847756,-9.717378736244711
2016-12-15,2.7226045276192297,-7.335405237160834,-9.976297403797641
2016-12-16,4.117018320044165,-7.32245297116508,-9.748149491221524
2016-12-19,3.045883560441834,-7.024194223198735,-9.511474783295638
2016-12-20,1.4216884958492946,-7.042184009361414,-9.404190965442023
2016-12-21,1.7373874939999245,-7.066316954495269,-9.435142924580887
2016-12-22,-1.9792860280718352,-7.021611600289639,-9.427905959644045
2016-12-23,-3.4396002528757452,-6.951355882982435,-9.441688440402963
2016-12-26,-3.55625959459395,-7.082908225686905,-9.524948499131108
2016-12-27,-2.9406884931772552,-6.882947808640248,-9.275076858861059
2016-12-28,-3.0302364670365445,-6.885596822376022,-9.277016829201221
2016-12-29,-3.46108296167134,-6.78036231099734,-9.064399208119903
2016-12-30,-2.5558934747370543,-6.761442301570251,-8.960708595422494
2017-01-02,-3.693640541832985,-6.710828159094972,-8.817800664319288
2017-01-03,-2.844646033368025,-6.7414357352001035,-8.879091090953773
2017-01-04,-2.6893454292483,-6.64546602106705,-8.761997919325761
2017-01-05,-0.32068603675613994,-6.905538795349351,-9.027386854410862
2017-01-06,-1.482757210197325,-6.736009592868,-8.879940043944142
2017-01-09,-0.054739082147044926,-6.938609856032859,-9.171186431181985
2017-01-10,-1.53262315699695,-6.845151784576506,-9.085672194282623
2017-01-11,-0.6141202022238151,-6.669163401786204,-9.157597459185851
2017-01-12,1.1080717227851102,-6.765155104981005,-8.992991588960054
2017-01-13,-1.6123993603103295,-6.65914916936045,-8.76595204346271
2017-01-16,0.11049493151459022,-6.983126282153366,-9.17920011938882
2017-01-17,0.24357247008998534,-6.65658796381561,-9.027240059862468
2017-01-18,0.6733324906367752,-6.648216226271205,-8.980800018349852
2017-01-19,0.6438564608787753,-6.553225258070976,-8.72966949265057
2017-01-20,-0.18966131765151495,-6.538380559301067,-8.790490260226914
2017-01-23,0.4988590091065004,-6.444168150069112,-8.65844720642965
2017-01-24,0.0068818464003601865,-6.409259226914146,-8.659855516758762
2017-01-25,-0.3267754648934198,-6.538731124687828,-8.622261001934614
2017-01-27,-0.04512024112271029,-6.4153517892947844,-8.616486849108894
2017-01-30,1.1612563593465999,-6.470421447735562,-8.608670157999779
2017-01-31,-0.5443536214609699,-6.3248627525059655,-8.532198408056106
2017-02-01,0.7269220962787499,-6.395785453982369,-8.581163455711616
2017-02-02,2.022986802725725,-6.5728601409552985,-8.761552387031958
2017-02-03,2.4131222077127896,-6.5715988764564734,-8.812377196588008
2017-02-06,4.213356240339874,-6.858875103868779,-9.108187974101149
2017-02-07,3.9153595058079746,-6.688755653271081,-8.98102604290579
2017-02-08,3.7125243241619055,-6.667145670131041,-8.869697890881074
2017-02-09,3.61218388722923,-6.6031711762756276,-8.744892893400968
2017-02-10,3.1929330872918698,-6.643258788922877,-8.976396524870655
2017-02-13,3.2479378777829755,-6.738457203918271,-8.829682168193049
2017-02-14,4.94182612273633,-6.757645221354434,-8.87373271051482
2017-02-15,3.1033520140129855,-6.803250614642463,-8.963644989224653
2017-02-16,3.3988052188544398,-6.838029761081317,-8.931080621814766
2017-02-17,1.8071830445671901,-6.970114829697549,-9.02913310368761
2017-02-20,2.50331058685436,-6.863395118114112,-8.898988964173899
2017-02-21,2.3371540363695305,-6.862873913518609,-8.857808609430242
2017-02-22,1.8935993415335453,-6.74009636259337,-8.661778047627978
2017-02-23,2.227684394898745,-6.595658794182456,-8.580776670331034
2017-02-27,0.7394201871682748,-6.640997360940884,-8.59118111005839
2017-02-28,0.9518768346375949,-6.706002949561649,-8.67694651511919
2017-03-01,2.1467673047548246,-6.59545214665125,-8.77713075032035
2017-03-02,1.7623165341620846,-6.631177790046198,-8.8834836098656
2017-03-03,-0.08291090529755052,-6.577467165204521,-8.698022822056696
2017-03-06,1.7546282424252846,-6.4789440489407735,-8.70675911316405
2017-03-07,0.12621400583692965,-6.607261586866643,-8.656491420892783
2017-03-08,-0.4349217520137852,-6.424675295756831,-8.5495040266507
2017-03-09,1.2432690004314497,-6.45670456316747,-8.580878330350375
2017-03-10,0.9351059973607699,-6.432536528471473,-8.540629358085036
2017-03-14,2.27313498879153,-6.302531008107904,-8.388566122580064
2017-03-15,1.46905146203901,-6.320706981322375,-8.405066759850051
2017-03-16,1.55032594604625,-6.355041776793404,-8.37001037331434
2017-03-17,2.0890168037462105,-6.417164451314238,-8.591872093440688
2017-03-20,1.16968334832672,-6.4777814778460465,-8.432864058858994
2017-03-21,0.410274555582135,-6.370812197993162,-8.398539623051256
2017-03-22,0.32978333632733015,-6.46479895726859,-8.456674944119047
2017-03-23,1.3341452531102354,-6.5015035813060145,-8.465031800926893
2017-03-24,1.5628590198106154,-6.346371657611579,-8.470420327824362
2017-03-27,1.683227872108815,-6.278111229447336,-8.32601202075375
2017-03-28,1.355110867477055,-6.244228486833577,-8.399015657754811
2017-03-29,2.935793529999785,-6.2987574239648145,-8.411245101499583
2017-03-30,1.8973658692938604,-6.187027536230883,-8.326709130257564
2017-03-31,2.5179207681683655,-6.396146359769059,-8.57341843702841
2017-04-03,2.770527925683955,-6.457300609057023,-8.561820276793014
2017-04-05,2.57209730160284,-6.26673127120763,-8.532192262890073
2017-04-06,3.14088324311974,-6.376602895760919,-8.769923086935536
2017-04-07,0.8427969726547551,-6.352495563553548,-8.6289585541893
2017-04-10,-1.6605899338319152,-6.3920826574089,-8.750250241801853
2017-04-11,-0.46938324282672994,-6.459760554077068,-8.597364529867598
2017-04-12,-1.9027759567060494,-6.349529571174264,-8.503119752103087
2017-04-13,-4.586503714910444,-6.322484057905879,-8.381680689101847
2017-04-17,-5.360460942234575,-6.252382046507073,-8.294988039923643
2017-04-18,-5.656669213065064,-6.213758862458543,-8.154504197598364
2017-04-19,-6.227347423978735,-6.293576402404115,-8.210657168791688
2017-04-20,-5.727133239706765,-6.302763515411382,-8.231000091532328
2017-04-21,-5.80060104553714,-6.3379724520453244,-8.446637465857616
2017-04-24,-3.4740349223178697,-6.278223593191992,-8.300852835603662
2017-04-25,-1.8509774394236855,-6.221329089891039,-8.210246300501318
2017-04-26,-4.19822614089543,-6.083453826097285,-8.16717048341246
2017-04-27,-3.7179804878871554,-6.3051887368369774,-8.295405312511727
2017-04-28,-0.9825020010935648,-6.263250938653419,-8.300751159123385
2017-05-02,-0.401213188848055,-6.256132833864965,-8.199672742830243
2017-05-03,0.5411853659046901,-6.250340488208726,-8.187871393761649
2017-05-04,3.56667231715081,-6.436214022320137,-8.535450043690878
2017-05-05,2.1545554159416,-6.397895460266397,-8.477526638131318
2017-05-08,4.124524642410651,-6.282866774709764,-8.375679292181012
2017-05-09,2.86709748912323,-6.170122862017788,-8.274613358154783
2017-05-10,2.210638737100481,-6.24286882010335,-8.207664447347197
2017-05-11,3.5996372281240303,-6.005315013183909,-8.059885737880027
2017-05-12,4.798019322084265,-6.091579987912489,-8.115208264475378
2017-05-15,3.714005497070125,-6.097087483272237,-8.14155861793932
2017-05-16,4.94945509147747,-6.07608114151,-8.035425314295361
2017-05-17,3.9689496411156298,-5.948246482867592,-7.827772945962943
2017-05-18,1.91674998451591,-6.229357648141291,-8.10904376053051
2017-05-19,3.3869906982186895,-6.200291976105639,-8.180766402954676
2017-05-22,-0.02259541805484,-6.084408685614368,-7.991929331562615
2017-05-23,-0.7476217135676853,-6.110326404899397,-8.03379102857353
2017-05-24,-1.369315236794635,-5.931640234818987,-7.8680739403365445
2017-05-25,0.6739596591876444,-6.049678575750136,-7.938139609506631
2017-05-26,0.4431096903136553,-6.027691644130928,-7.882719514092776
2017-05-29,-0.78797834786252,-6.002506124862697,-7.785943783169896
2017-05-30,-0.5663969925085246,-5.935640721537238,-7.887677372864986
2017-05-31,-1.54126939436267,-5.967233093881788,-7.820117385763234
2017-06-01,-0.9160361209531196,-6.148462240889552,-8.036723822835611
2017-06-02,-1.7147714054460697,-6.17967106934601,-8.0446487842821
2017-06-05,-0.1422286168229645,-6.720831009163096,-8.820927193034091
2017-06-06,2.0803014495349554,-6.762575552459832,-8.774476072321107
2017-06-07,2.8399070845025403,-6.711977381200697,-8.797254600345761
2017-06-08,-0.4327751092068196,-6.570107986666852,-8.884926797744523
2017-06-09,-1.6450414490909497,-6.627921590263345,-8.729778257025144
2017-06-12,-0.16535509411032479,-6.526409038302843,-8.662264967721203
2017-06-13,-2.0779502318115797,-6.4396762324927055,-8.554241781609772
2017-06-14,-0.9087831628055749,-6.452972577285231,-8.474604294686358
2017-06-15,-1.6071593275449398,-6.242865839776215,-8.187891934033365
2017-06-16,-1.7211359583902501,-6.176316025469755,-8.183780304134228
2017-06-19,-1.2526218774994198,-6.027668550441791,-7.966885130106666
2017-06-20,-1.3770461785324901,-6.109076985292569,-7.925859849152191
2017-06-21,-0.8822579125352649,-6.031441639178258,-7.947046196876197
2017-06-22,0.1524184787140349,-6.120832340717196,-8.006399115814766
2017-06-23,-0.2135241654886001,-6.0345982599533965,-7.76911764438956
2017-06-27,-2.88514696438563,-6.131246113097925,-7.910459393606365
2017-06-28,-3.08832444044593,-5.9183760348513665,-7.723940549675815
2017-06-29,-3.614868526887595,-5.903611932987079,-7.713884878806538
2017-06-30,-2.7329747361185195,-5.8534488999301075,-7.618114441913869
2017-07-03,-1.3638523645903597,-5.770454069687306,-7.603697939570151
2017-07-04,-1.1144259415730198,-5.694199242410761,-7.587672552531806
2017-07-05,-2.3029384146547547,-5.805068715386652,-7.49458215018621
2017-07-06,-1.538159499018645,-5.692728201217031,-7.384670210150463
2017-07-07,-2.75987451666201,-5.606418070056444,-7.293283017131612
2017-07-10,0.1343929770746497,-5.833145285694928,-7.637445750478855
2017-07-11,3.2319187052240044,-6.313915360909475,-8.321340788711918
2017-07-12,4.5070892136497145,-6.26534874566762,-8.419288804201868
2017-07-13,5.362216150857285,-6.184932000897831,-8.25406333248394
2017-07-14,5.09029012333015,-5.976039942126104,-7.987291736756691
2017-07-17,4.858182228689119,-5.982250240379006,-7.931278156910422
2017-07-18,4.396579301847579,-6.004216993599976,-7.909593289162745
2017-07-19,4.738964722991269,-5.862153328099871,-7.833361068150063
2017-07-20,2.9113343561841343,-5.854020893549187,-7.834063912317083
2017-07-21,4.18266852156921,-5.903982244379565,-7.791370258448081
2017-07-24,3.271808742431865,-5.860286026920125,-7.8435680528677025
2017-07-25,3.104936181182215,-5.890273304059722,-7.762302154309595
2017-07-26,2.50053515445912,-5.766765163449687,-7.571229385275163
2017-07-27,1.3273134117361698,-5.815207776309492,-7.556831972745122
2017-07-28,2.554471059848405,-5.587720226357668,-7.405244274058041
2017-07-31,4.582405560433725,-5.5801875754005765,-7.381451664726648
2017-08-01,4.002878090612465,-5.46541248657205,-7.330367277697591
2017-08-02,3.0806481921445106,-5.543108022517023,-7.354772675009508
2017-08-03,2.367964075387065,-5.527954258422123,-7.357576957666723
2017-08-04,2.63642339006196,-5.496969865387717,-7.275889154163671
2017-08-07,1.6108599918462851,-5.54612298082126,-7.26436273133863
2017-08-08,-0.27362106642501005,-5.483615638473726,-7.227722918654431
2017-08-09,-0.1712654299982449,-5.483969785926811,-7.236196234170988
2017-08-10,0.24517899617946526,-5.399148355058442,-7.274842998282409
2017-08-11,-3.758779190299119,-5.361552350860005,-7.15590103017505
2017-08-14,-7.30630220410494,-5.842634560740961,-7.778666459847995
2017-08-16,-5.909429706879374,-5.904292056190278,-7.854587388119124
2017-08-17,-3.1998393231932587,-5.86286462809923,-7.7214739080067645
2017-08-18,-6.960189163547739,-6.135907322260358,-8.175289619168053
2017-08-21,-11.23057771819397,-6.070769420751617,-8.130678692692623
2017-08-22,-11.42410996558978,-6.068124852072263,-8.122069741222656
2017-08-23,-8.061833395314581,-6.450704342010634,-8.446983027961366
2017-08-24,-6.81904353825621,-6.300446345198543,-8.397469279181596
2017-08-28,-5.107005524533039,-6.374007347071283,-8.500497244357826
2017-08-29,-3.71238448719018,-7.72539899799345,-10.356939216913151
2017-08-30,-3.161153870974441,-7.004692107198824,-9.413088630928595
2017-08-31,-4.142594441476691,-6.600826598112296,-8.94829187487407
2017-09-01,-5.740532319173855,-6.492800041956472,-8.680851505012283
2017-09-04,-1.43488004963409,-6.725481415113411,-8.754166910535037
2017-09-05,1.9502002815739097,-6.76136127237251,-8.993037801846848
2017-09-06,1.2044899007064351,-6.43756256177223,-8.515813263892138
2017-09-07,-0.7027546388284097,-6.329627993552461,-8.342008119864072
2017-09-08,-3.0901012523782647,-6.2138390339260186,-8.165250682963299
2017-09-11,-4.951554000373795,-6.310900083240015,-8.298150532280516
2017-09-12,-3.0412055887825353,-6.118740456204918,-8.048859562553883
2017-09-13,-2.9519019300872507,-5.955096419084774,-7.806197280831304
2017-09-14,-1.8909252769175253,-6.051930462057952,-7.9614416130468495
2017-09-15,-1.7959643106719503,-5.8495601271331985,-7.8770911442455835
2017-09-18,-0.8490577128516351,-5.9263343955934715,-7.827232229918811
2017-09-19,-1.0370367802722453,-5.719173197197903,-7.6196855270674835
2017-09-20,0.1740303579298148,-5.836070812828557,-7.766925401028064
2017-09-21,-0.28593030120031526,-5.828591465201859,-7.728347991617018
2017-09-22,-1.0793462986516302,-5.779715177159561,-7.6465252823090974
2017-09-25,-1.3650398312923804,-5.8117884675771085,-7.623815601732094
2017-09-26,-1.6387614574650808,-5.637356951143257,-7.528898626189298
2017-09-27,-3.493909736146425,-5.7361342131620665,-7.587072057944038
2017-09-28,-3.911131071189775,-5.576079348531753,-7.397182003210021
2017-09-29,-3.822720666712179,-5.630469394410694,-7.367103610114072
2017-10-03,-3.96891458078227,-5.608609160102937,-7.363016934506482
2017-10-04,-3.5012352519138146,-5.63866636301732,-7.400832138514374
2017-10-05,-4.06980081552515,-5.571625295577572,-7.353848284907816
2017-10-06,-1.6580521130067498,-5.474810812793086,-7.329979100956187
2017-10-09,0.4410150034519901,-5.876659745636691,-7.857519609835408
2017-10-10,1.8416098495109001,-5.952065673392817,-7.809354476773776
2017-10-11,0.07581822374511504,-5.808664068611026,-7.576626936363916
2017-10-12,1.66472937457197,-6.266685014865387,-8.182738064555872
2017-10-13,1.778410568510385,-6.10015649191151,-8.093287512085123
2017-10-16,1.77078172474709,-6.131203182973133,-7.98190476620108
2017-10-17,1.43968497284002,-6.026322418039189,-7.962051206596283
2017-10-18,-0.5447985801543052,-5.930477734050405,-7.867976131079607
2017-10-19,-0.4843275918056853,-5.923137770305259,-7.75735789410959
2017-10-23,-1.1081802394034148,-5.970166248474206,-7.861676879056804
2017-10-24,-0.3288843406350903,-5.844461559810961,-7.7525962234571875
2017-10-25,11.723786090610494,-5.814755169089302,-7.649561622477711
2017-10-26,12.958862828214583,-6.059988548485628,-7.9751052244720775
2017-10-27,11.701974323006263,-5.836976341921863,-7.721872468501505
2017-10-30,11.405858851313019,-5.849758855336232,-7.628765787887716
2017-10-31,9.436820951800897,-5.744363528397921,-7.669132365125097
2017-11-01,12.597622583422742,-5.843875051564029,-7.667474386911261
2017-11-02,13.332982208948923,-6.259541694753614,-8.341560050075834
2017-11-03,15.266729955340825,-5.9944729829879835,-8.032765237320977
2017-11-06,14.661650203550414,-6.004915323030216,-7.9524425319252385
2017-11-07,13.255714546387134,-6.32612583972906,-8.307375207944906
2017-11-08,-0.8259862367196302,-15.230515656672052,-20.990476578912915
2017-11-09,-0.003028517606320391,-14.317503495636556,-19.10484644792958
2017-11-10,5.007914018845675,-13.272960019791858,-17.75152422879097
2017-11-13,4.070607192799399,-12.052441518084258,-16.099270077457813
2017-11-14,5.128099123878025,-11.260273903283746,-15.037065387147155
2017-11-15,2.108340293285775,-10.593979121661782,-14.282253972500609
2017-11-16,6.370121674251149,-9.849891585221185,-13.509635296301747
2017-11-17,4.2219842688349996,-9.471333906688427,-12.728836930781615
2017-11-20,2.290237932597275,-8.977730948509093,-11.996734411277359
2017-11-21,2.6357871619663955,-8.917599424042104,-12.123158890313436
2017-11-22,4.7250183676771105,-8.738991236072957,-11.747669079471077
2017-11-23,5.1661625400679965,-8.355010014580705,-11.167092552241225
2017-11-24,2.2369939916861865,-8.79999316878305,-11.8730266990023
2017-11-27,3.0895864257223864,-8.531116016489156,-11.487863665895265
2017-11-28,2.279800718977941,-8.064514561004614,-10.876417632483124
2017-11-29,2.2015490246999465,-7.7132433035433765,-10.348746590347902
2017-11-30,-2.6225714933261686,-7.633268399142817,-10.413238259852463
2017-12-01,-4.437699826941019,-7.390080683955697,-9.86229456362311
2017-12-04,-1.7266635047096537,-7.083623986388802,-9.717511170875827
2017-12-05,-0.8498374433907042,-6.825294164376047,-9.420268271094269
2017-12-06,-2.3103885145220246,-6.684157642758484,-9.013131384998983
2017-12-07,-2.4192761533288847,-6.504098088199041,-8.907952083127796
2017-12-08,-3.3736289889720594,-6.3706150083949735,-8.500979601661701
2017-12-11,-2.31119946895816,-6.167714614207317,-8.276755836155974
2017-12-12,-0.7902923051078652,-6.132504369474342,-8.270349036115956
2017-12-13,-1.3699105215064948,-6.031100233256781,-8.163528585467766
2017-12-14,0.8592078497613401,-6.453180265830167,-8.653244083026282
2017-12-15,3.15573136978656,-6.618280711433221,-8.765905163675841
2017-12-18,2.39906121429956,-6.3396394124918825,-8.368582792351985
2017-12-19,1.0953506429596098,-6.297821878969925,-8.192084466613364
2017-12-20,2.08331812209742,-6.475955690197886,-8.61371732210557
2017-12-21,1.1557990752845897,-6.341456681394953,-8.455093757034149
2017-12-22,2.9038341097549045,-6.291415381072985,-8.445066279348517
2017-12-26,1.2880812680749947,-6.379028503161571,-8.333749112879222
2017-12-27,0.5931135953426947,-6.2463924629489735,-8.397493352991223
2017-12-28,0.6601475457879546,-6.377264269432915,-8.410175277240858
2017-12-29,0.7515781835959395,-6.1666981326920824,-8.242850476740353
2018-01-01,-0.3136543835772655,-6.28980871838471,-8.254119416770852
2018-01-02,-1.8758001244226556,-6.187875352583732,-8.199903231635362
2018-01-03,-1.8662005313490804,-6.152984915039024,-8.018400712415445
2018-01-04,-1.4599358304726104,-5.931845070202613,-7.929269493737804
2018-01-05,-2.1633196495897153,-5.855442118646804,-7.778125240528383
2018-01-08,-2.4050510147943704,-5.775244404933918,-7.737137336650153
2018-01-09,-1.7911949531000906,-5.78453224054476,-7.791128089241682
2018-01-10,-1.3699931801252254,-5.900991150476119,-7.724783576152881
2018-01-11,1.0023378536891245,-6.094401092712571,-8.005974249310151
2018-01-12,0.4669805564665499,-6.094701729717694,-7.922368753709385
2018-01-15,1.5132144748282945,-6.167783393960381,-7.966798317293642
2018-01-16,3.145554365820529,-6.273189102506447,-8.05987254138166
2018-01-17,6.7222845820722945,-6.165143698351151,-7.981794011462058
2018-01-18,5.483003119081395,-6.087065949571496,-8.020733591911503
2018-01-19,6.57714961369255,-6.030989576603203,-7.991044575021618
2018-01-22,5.331645411392044,-5.980948142688904,-7.994624105673605
2018-01-23,8.34437436666996,-5.8777070770888304,-7.827167557573068
2018-01-24,10.54172000408367,-5.926047600624957,-8.033298732907397
2018-01-25,6.206867741352415,-5.986390609708142,-8.078953237823443
2018-01-29,6.22567436782344,-5.8423117841851315,-7.932381463843974
2018-01-30,5.754043017512515,-5.79368314956285,-7.826769811213363
2018-01-31,4.012239516236301,-6.175967659581943,-8.198499977796514
2018-02-01,-0.4978094409864545,-6.348041604719831,-8.492251644452375
2018-02-02,-1.393987987523524,-6.3061384313636335,-8.402876699489266
2018-02-05,-2.0745348362751797,-6.160153312828151,-8.306356960727346
2018-02-06,-4.3375629673611895,-6.178810855138088,-8.157563187652356
2018-02-07,-7.12129692777096,-6.220106223856714,-8.345200399736441
2018-02-08,-6.739883985097709,-6.4000679960622335,-8.616089472894288
2018-02-09,-5.649351492761891,-7.453915730802892,-10.149021995680933
2018-02-12,-7.393947193304925,-7.124290060681,-9.646047575983117
2018-02-14,-9.556513097845565,-6.906375221085745,-9.272163004652308
2018-02-15,-7.424201882517419,-6.731903709782279,-9.048606601046842
2018-02-16,-6.689926299416985,-6.779795519391687,-9.169705042884322
2018-02-19,-5.608451778757041,-7.06985651479122,-9.775905505437642
2018-02-20,-5.0617605864527055,-6.826297182575547,-9.408358155705507
2018-02-21,-1.5079849442139,-7.06201943016583,-9.502287351968128
2018-02-22,-1.29610271628471,-6.711654397228369,-9.102878359476897
2018-02-23,-3.45824621966953,-6.788759476261566,-9.264509899637792
2018-02-26,-2.53677815295527,-6.750333001283919,-9.160289091055029
2018-02-27,-1.69922425564505,-6.85051972661122,-9.261043369151702
2018-02-28,1.7911375843949648,-7.4337764980321825,-10.221982883478187
2018-03-01,-1.0257042195512551,-7.3309332738125415,-9.868254409389207
2018-03-05,-0.3036238375267052,-7.390138956655531,-10.030989297138905
2018-03-06,-1.4178492755972503,-7.011952146501215,-9.344024828677492
2018-03-07,-4.144272590925276,-6.759804259252142,-9.126458651512422
2018-03-08,-2.7121524328734496,-6.583915633295594,-9.044037730380705
2018-03-09,-3.56737693477214,-6.534206553631794,-8.723686235786852
2018-03-12,-3.10364589199863,-6.333671562133789,-8.393726399189214
2018-03-13,-1.7876249854352448,-6.212780593067516,-8.224628794128959
2018-03-14,-0.6983125788659401,-6.417103526464781,-8.511985096473525
2018-03-15,-2.3213739024627653,-6.207965759260078,-8.373195065310462
2018-03-16,-1.43688228070186,-6.4135663830583205,-8.675165002954781
2018-03-19,-3.4386811265317503,-6.387683028308747,-8.614601229778458
2018-03-20,-0.9034849795067501,-6.656996922703845,-8.820222233277056
2018-03-21,1.285245607038845,-7.123087830432088,-9.477773803810155
2018-03-22,-2.8604589973648755,-6.943612438946646,-9.498113138259829
2018-03-23,-3.6019715684648252,-6.910059837124785,-9.42279449022252
2018-03-26,-2.5746600599804306,-6.789228926981258,-9.092910615743097
2018-03-27,-1.34351381049312,-6.498436492993407,-8.762600788575925
2018-03-28,-3.5296356925362753,-6.38940490081093,-8.56863342916136
2018-04-02,-3.46584274381169,-6.361522130915327,-8.503558074752107
2018-04-03,-1.7181581288390098,-6.182326377680799,-8.267527707926352
2018-04-04,-1.1242582162764545,-6.492582741826046,-8.651565241073635
2018-04-05,1.2712883225242657,-6.400203190746223,-8.494851426320926
2018-04-06,0.539659400354276,-6.283688753909885,-8.480030036139558
2018-04-09,1.6023851120952055,-6.782072350652021,-8.953034288031507
2018-04-10,3.3513855103019603,-6.884242085998097,-9.31573846081675
2018-04-11,0.7353988536342354,-7.084811950765477,-9.738752303047963
2018-04-12,0.26297483924923115,-6.90321946881002,-9.426598367442715
2018-04-13,1.9312781563540158,-6.963105252574744,-9.360540554293792
2018-04-16,0.40161624245450067,-6.850504050498799,-9.070502763866092
2018-04-17,-1.1443891577582543,-6.773400294272008,-9.009678593837368
2018-04-18,-0.09437227165257439,-6.87341827954847,-9.130344305542385
2018-04-19,-3.2468815354604454,-7.034166440316342,-9.366095154444675
2018-04-20,-1.4630077641738348,-6.7001664584521805,-9.040173782459501
2018-04-23,-0.2924991719823794,-6.366634169706065,-8.588466575006434
2018-04-24,-2.6954467637277544,-6.305662650445665,-8.658430954421329
2018-04-25,-2.43807492666024,-6.636086892700352,-8.947089053262724
2018-04-26,-3.6403612347208805,-6.602305809346374,-8.971918413467739
2018-04-27,-1.10851541342389,-6.416676515292116,-8.71686145358128
2018-04-30,2.318123882166815,-6.555548164679138,-8.805770207877325
2018-05-02,1.6331461087794548,-6.413807688112334,-8.6139121205877
2018-05-03,1.5205467909467147,-6.295269953700936,-8.469012946030501
2018-05-04,0.8851803838997199,-6.3392144433365765,-8.349118580658415
2018-05-07,1.279464415013425,-6.433910374063245,-8.690130433302379
2018-05-08,0.6020022502567749,-6.284790097761036,-8.348482937571777
2018-05-09,2.2113654351461,-6.390563135145221,-8.404992962039712
2018-05-10,2.544732994060025,-6.238117594642706,-8.337622924300096
2018-05-11,3.73059950218253,-6.329445499747462,-8.393270275282005
2018-05-14,2.389889391298495,-6.450629064982998,-8.530889923718126
2018-05-15,0.11685273554000508,-6.372364760287516,-8.555366177137278
2018-05-16,0.13635284615603016,-6.640128041873795,-8.804693185535834
2018-05-17,0.1798958422133603,-6.555439466381949,-8.786638261436911
2018-05-18,-0.21611914280550493,-6.502179161331185,-8.474857909282154
2018-05-21,-0.5657168886917798,-6.471904879322551,-8.455506654063297
2018-05-22,1.9634878843445804,-6.397761107506244,-8.463341807791698
2018-05-23,3.5771119367394704,-6.202968551430308,-8.383589385162749
2018-05-24,6.200051608267611,-6.124780363683629,-8.089922821991218
2018-05-25,5.1841301003347455,-6.047016915237609,-7.991430538166314
2018-05-28,4.555633002076245,-5.942818676832305,-7.895721303091797
2018-05-29,4.101451927699715,-6.271016429781936,-8.285540321085293
2018-05-30,5.62252286107047,-6.395645044093315,-8.460291557939494
2018-05-31,7.27175789882237,-6.234786254437074,-8.315506635364883
2018-06-01,7.0786137203457,-6.263714007645115,-8.220929574094324
2018-06-04,6.1339953304591655,-6.250011162781862,-8.218244930377134
2018-06-05,2.983321526877339,-6.436275692741312,-8.462155279766703
2018-06-06,3.4728673042366895,-6.454223330651897,-8.476311257597386
2018-06-07,1.4852642069687998,-6.3402432289412785,-8.241984927626763
2018-06-08,2.3965304596409247,-6.374043575659541,-8.289872453279534
2018-06-11,2.2953447444631947,-6.257711461930853,-8.207567967698019
2018-06-12,5.080512807548375,-6.581481005895261,-8.689147509397158
2018-06-13,6.243642543718764,-6.503530497871415,-8.642699612954674
2018-06-14,3.494162544400716,-6.54292235679136,-8.63716528396248
2018-06-15,5.20289972797011,-6.588688757300582,-8.685949050155356
2018-06-18,4.493698072272516,-6.598244804793099,-8.617448648399474
2018-06-19,3.3413806874216503,-6.471936509667188,-8.498020781979255
2018-06-20,1.6200148806477601,-6.53461718207632,-8.562411603545184
2018-06-21,0.3887329524444252,-6.277956562378849,-8.305524275985997
2018-06-22,0.33329172562325526,-6.184035235067391,-8.199827628318866
2018-06-25,0.1838914075870104,-6.191674308288477,-8.094495873849523
2018-06-26,-1.23506333296658,-6.290853935703162,-8.290280065877702
2018-06-27,-4.114000612202805,-6.202507859454143,-8.227312621227982
2018-06-28,-2.77468029083911,-6.549259523684182,-8.5856776912005
2018-06-29,-2.370568148663645,-6.627397081464022,-8.778035400814547
2018-07-02,-0.7744078816285204,-6.379221398585751,-8.353577915003846
2018-07-03,1.47458788279313,-6.415675121628847,-8.383774012284668
2018-07-04,0.9574607350790649,-6.341939398975784,-8.330161157105845
2018-07-05,-0.8437525094204144,-6.604569672874268,-8.567994065803253
2018-07-06,-1.552421939643975,-6.549321513715669,-8.550616600200726
2018-07-09,-0.275223192446175,-6.521121498856382,-8.667487166394249
2018-07-10,0.2258914300466952,-6.334123515567459,-8.428586416071314
2018-07-11,1.44852910707248,-6.57114822396645,-8.618372730136294
2018-07-12,1.2901674344036154,-6.495266289694373,-8.771061492449912
2018-07-13,0.07922675245905986,-6.460695035700026,-8.649614791543897
2018-07-16,-1.4897670456343648,-6.411013894874241,-8.363534206960283
2018-07-17,-0.6639187766872701,-6.25228474902109,-8.137807049254787
2018-07-18,-0.44285199221955485,-6.220801704976827,-7.944092481672937
2018-07-19,1.9832532605584898,-6.152370592283575,-8.041108275685524
2018-07-20,3.255080251487475,-6.091062095480579,-7.88973360151683
2018-07-23,3.0604450912020846,-5.959347206098703,-7.828842453943525
2018-07-24,3.4130188550227345,-5.840042708113138,-7.703804119337855
2018-07-25,4.743076357300206,-5.949692593867214,-7.895081109298564
2018-07-26,7.49434268182778,-6.044619732962204,-7.952462779528946
2018-07-27,7.41431396309504,-6.197462120259892,-8.034441650458012
2018-07-30,9.038143426841499,-6.52362118625294,-8.55988087798349
2018-07-31,7.62427414973237,-6.30597249571802,-8.385778722399213
2018-08-01,7.595162247166575,-6.258301247743936,-8.266974448651116
2018-08-02,7.47324560948525,-6.220596641555875,-8.041168339852348
2018-08-03,7.332191140358365,-6.172860092658877,-7.938184804334547
2018-08-06,7.518547375718326,-6.090379085140458,-7.898504487739338
2018-08-07,6.190139814764261,-6.100409512461129,-7.929258389842423
2018-08-08,5.591347388185375,-6.120585835935232,-7.911159296310585
2018-08-09,5.15559073294736,-6.388681138260587,-8.501478107921331
2018-08-10,3.4297694783306754,-6.251523198552692,-8.336508591792278
2018-08-13,1.5434859919297959,-6.398370146416872,-8.486855500032988
2018-08-14,1.7957339970915607,-6.333949148604423,-8.310490316687467
2018-08-16,2.3046905025853004,-6.341300942016688,-8.222287530823857
2018-08-17,4.13163928224645,-6.106689543188438,-8.024874947805886
2018-08-20,2.117347193892295,-6.096445412665357,-8.010291934179467
2018-08-21,0.6052537532706205,-6.076488931410125,-8.063404619665276
2018-08-23,0.8011994772670002,-6.284226926139965,-8.356720464528056
2018-08-24,-0.7871301501569744,-6.042681722803885,-8.18954968441066
2018-08-27,-0.23490773150993416,-6.063601497570222,-8.16513473168294
2018-08-28,1.5443882264632909,-6.8397791214377985,-9.218757846345968
2018-08-29,2.623613377494275,-7.336714118599481,-9.888396422605704
2018-08-30,2.5501619099847,-6.96970661373188,-9.523927241543916
2018-08-31,3.2089828559551403,-6.729999042700936,-9.139961327020774
2018-09-03,0.8346558176582508,-6.675778955436814,-8.98263859170236
2018-09-04,1.2886087807347604,-6.729115951556393,-8.820194408466582
2018-09-05,0.9362983941190952,-6.412394135927982,-8.425181539948147
2018-09-06,0.9936972650978203,-6.350370539340637,-8.421739502546753
2018-09-07,1.5843413060508051,-6.2947906364878214,-8.280287230943038
2018-09-10,-2.297460160482465,-6.261107282743249,-8.246429575163232
2018-09-11,-2.35388903906611,-6.145584446732024,-8.152689786244828
2018-09-12,-1.4885220630749307,-6.128929563324724,-8.182478107485888
2018-09-14,-1.2205555931014755,-5.965793084112664,-8.112261804374768
2018-09-17,-3.7136715118486356,-6.073409610844032,-8.086723390483892
2018-09-18,-5.478991882983541,-6.10410813908986,-8.107868849547998
2018-09-19,-5.58177939495123,-6.617823197672288,-8.877852861396962
2018-09-21,-6.292922803605015,-6.405525264537321,-8.531665684589253
2018-09-24,-6.34599725829746,-6.24600124654109,-8.36554755732087
2018-09-25,-4.142589666855555,-6.376983638957772,-8.364032485923827
2018-09-26,-4.726492570900816,-6.522349965679521,-8.595184362027702
2018-09-27,-3.800232968871745,-6.473804877680668,-8.511234931838349
2018-09-28,-4.468732602141205,-6.348315052807267,-8.21707185313779
2018-10-01,-2.1021507518832747,-6.364091002044047,-8.312560064687878
2018-10-03,-2.2668034252708704,-6.466006130410179,-8.503984258692578
2018-10-04,-1.28375951258839,-7.128222712972442,-9.470914969444337
2018-10-05,-2.14654593471949,-6.94218645191395,-9.180710504123804
2018-10-08,-0.2597942298075101,-6.773203689969215,-8.98580664299486
2018-10-09,-0.3003047926072648,-6.901048218925696,-9.036261287574265
2018-10-10,-0.39478790123524066,-6.667565429158947,-8.863366589538769
2018-10-11,-3.5229625185608047,-7.020359116385991,-9.255959837472936
2018-10-12,-3.5808691283605096,-6.887413625275723,-8.929439687749086
2018-10-15,-2.6224546708490344,-6.612369275024094,-8.595732419199292
2018-10-16,-4.218659488957105,-6.702729117540401,-8.772334419657682
2018-10-17,-3.5948637764380997,-6.506745709015425,-8.566333432983457
2018-10-19,-3.6259872703841896,-6.441636593106194,-8.589712476561239
2018-10-22,-2.7944392204578348,-7.408526399016328,-10.004462544404142
2018-10-23,-6.083153069021719,-7.225769936688828,-9.799890800592154
2018-10-24,-6.370803200980859,-7.076921235002892,-9.42191902559309
2018-10-25,-8.80709055576953,-7.60420072595035,-10.10642595945772
2018-10-26,-5.25506378124759,-9.499696569089316,-12.690741212829424
2018-10-29,-1.251030457057145,-8.271981949623232,-11.267870828057745
2018-10-30,-0.4896574034274055,-8.452913290228956,-11.275702766767797
2018-10-31,1.913247835892974,-7.8251402839763236,-10.356501790999292
2018-11-01,2.2512080708271145,-7.836889318820696,-10.532228326854433
2018-11-02,3.3993630704920963,-8.116723185194873,-10.781573005219586
2018-11-05,5.7440266205167685,-7.314832988783593,-9.830249349900827
2018-11-06,6.897687911265955,-7.364201488197672,-9.986469258398982
2018-11-07,8.17637551616938,-7.042109703130357,-9.693778073493199
2018-11-09,7.155261703279386,-7.003838668027938,-9.54905667565424
2018-11-12,8.03873725034166,-7.3322552242208765,-9.588877168275973
2018-11-13,3.45816749188849,-7.913801353014872,-10.525866082717195
2018-11-14,1.3896758796492106,-7.724773895020565,-10.29656050184583
2018-11-15,-1.528795587482135,-7.282430477856966,-9.849180181114724
2018-11-16,-0.33618559404096493,-7.032410897123611,-9.445007213823835
2018-11-19,-0.314708699989295,-6.703100927221987,-8.938820730432239
2018-11-20,-3.8703328284072844,-6.77655141744193,-8.961807311770624
2018-11-21,-3.5802791373303346,-7.040169744523764,-9.524518505965792
2018-11-22,-4.90256236120398,-6.844780181788424,-9.419002879218642
2018-11-26,-2.41836250060273,-6.915385093769664,-9.310308083504609
2018-11-27,0.07665686682715456,-6.800171597354791,-9.168036242895788
2018-11-28,1.20796861104146,-6.6958431359532105,-8.96420169919963
2018-11-29,1.0885294423989051,-7.030664051933514,-9.274546331943064
2018-11-30,0.7031503598663599,-6.850848180872252,-9.003161393114178
2018-12-03,0.766312634740275,-6.522559928311541,-8.514054345517234
2018-12-04,1.5286797987843699,-6.84678921156733,-8.814840014282588
2018-12-05,2.43929125350108,-6.853906614806329,-8.880447563080466
2018-12-06,1.8122496029519004,-6.914236021136648,-8.93798874540397
2018-12-07,3.455587320700995,-6.763220571394725,-8.824593347541773
2018-12-10,1.5248061428945943,-6.770053435654982,-8.778266610769311
2018-12-11,1.2829087142272848,-6.776501747944618,-8.762202586533375
2018-12-12,1.0225636511048148,-6.89855165742318,-8.9365389306078
2018-12-13,3.15342676103283,-6.58251773927977,-8.581759868054396
2018-12-14,3.6039720258926398,-6.406758841705433,-8.492528450630962
2018-12-17,2.23092952243506,-6.510428463776617,-8.462855534892702
2018-12-18,1.1380002141891745,-6.631226050575169,-8.645850930389386
2018-12-19,2.30996275375591,-6.435666309351834,-8.548457500347041
2018-12-20,3.1223187361075553,-6.7099394411205235,-8.738647414459317
2018-12-21,0.15470424360252033,-6.770632564564501,-8.646559166416788
2018-12-24,1.7917478768722348,-6.573799467967405,-8.621395963954237
2018-12-26,-0.06749035528339972,-6.599862096309283,-8.614985437885727
2018-12-27,-0.4301675894788395,-6.60582089699302,-8.58213317993017
2018-12-28,-2.01912330034806,-6.774167791565881,-8.699306442501959
2018-12-31,-2.3067564656598147,-6.5475646485026395,-8.494559818906058
2019-01-01,-0.44464542797604967,-6.441006086136087,-8.388131884982641
2019-01-02,-0.36504774964979503,-6.432997370453891,-8.360449023237404
2019-01-03,-1.2999585026259899,-6.458758755190054,-8.59943584679946
2019-01-04,0.15664890286622957,-6.707639158843602,-8.926899381465647
2019-01-07,2.68318416203675,-6.667660585194693,-8.896894832496423
2019-01-08,3.6435622539008152,-6.611157375252443,-8.691148903670424
2019-01-09,4.288495788281455,-6.357612813518171,-8.365887720194673
2019-01-10,3.9558864532885103,-6.554286453021658,-8.548799683019862
2019-01-11,3.3114579400827204,-6.44790502321704,-8.460093291844414
2019-01-14,3.91183343085903,-6.381420894776003,-8.414446357137894
2019-01-15,4.766654658334185,-6.26548192074208,-8.408530495358583
2019-01-16,6.372303356257455,-6.50950808068626,-8.604473355815491
2019-01-17,5.65129950656291,-6.4103009273047515,-8.391416507653986
2019-01-18,4.57017330616633,-6.101832508991072,-8.073204082840777
2019-01-21,4.524690394179291,-6.467543925699455,-8.444471281479863
2019-01-22,2.7974647327597753,-6.597422675383801,-8.637855727951981
2019-01-23,0.7964174269268753,-6.472533879867286,-8.559426668782208
2019-01-24,1.03159689239566,-6.4281146721827245,-8.38347811113892
2019-01-25,0.6381750135189848,-6.0176253933335415,-8.06747735047731
2019-01-28,-1.1351923847663148,-6.05840983118766,-7.919630910162486
2019-01-29,-3.2533858917525134,-6.001623933248033,-7.884574958585335
2019-01-30,-3.1300424586018636,-5.816310215976512,-7.80805924742154
2019-01-31,0.7321433429853956,-5.938299195182179,-8.024436847840187
2019-02-01,0.20710030778390087,-5.978833425083295,-7.948121077679415
2019-02-04,-0.47442027517600927,-6.064148758032099,-7.953770026973774
2019-02-05,-0.06676240547458917,-5.892090694838518,-7.782001161804814
2019-02-06,2.8084351267361156,-5.919057990672777,-7.976438013914303
2019-02-07,2.026404611035996,-5.9260836055157995,-7.927841979172514
2019-02-08,2.1539153896279455,-5.83933936963169,-7.877526747480901
2019-02-11,2.1424874018776157,-5.903554483367312,-7.986328854475676
2019-02-12,0.5901979428053494,-5.948102735842733,-7.878264328360326
2019-02-14,-2.7060179559538007,-5.927274813398408,-7.809479316386932
2019-02-15,-6.03079136467692,-6.089789320868665,-7.953595501725244
2019-02-18,-5.562677226535094,-6.5630676901654725,-8.649375341821946
2019-02-19,-5.98639941424992,-6.360261458179806,-8.557899249285645
2019-02-20,-4.015813739951126,-6.254855452417982,-8.372052086372554
2019-02-21,-5.77521473393087,-6.258851694434842,-8.228104997454684
2019-02-22,-4.885303337419059,-6.242321549903532,-8.116287835227032
2019-02-25,-3.246560551222506,-6.2040247910684085,-8.022042987771005
2019-02-26,-3.93677385456491,-6.401744105635557,-8.282817150927519
2019-02-27,-2.45034727399659,-6.4535964031646555,-8.486684231449125
2019-02-28,-0.026301708170530125,-7.188669204177388,-9.397011115034037
2019-03-01,1.8628567613946898,-6.775370103983326,-8.846099697476278
2019-03-05,2.49679700266001,-6.647193968468531,-8.8005625191025
2019-03-06,3.373236941102615,-6.447236117603326,-8.558525422715896
2019-03-07,1.3448618531279,-6.465090937503016,-8.416794703101827
2019-03-08,0.9444624430280149,-6.300431859697663,-8.209032526748612
2019-03-11,1.299421969419215,-6.266510759052317,-8.25013550440605
2019-03-12,-0.27344191065529505,-6.342728693092383,-8.25238360658983
2019-03-13,2.44648743469103,-6.260070168484849,-8.280530527236257
2019-03-14,2.4729456405946855,-6.0629044681519195,-8.023106822882536
2019-03-15,4.0927648630605455,-6.020397934998159,-7.831709035190289
2019-03-18,2.3660087942240606,-6.077980635502054,-7.872775154938166
2019-03-19,3.888776871347946,-6.070879920864054,-7.748584996867811
2019-03-20,4.857791251231015,-5.9132949754012145,-7.66370430088091
2019-03-22,4.186583225439685,-5.847100909446139,-7.668034853383047
2019-03-25,3.807727805994081,-6.0203043860995615,-7.675850164522239
2019-03-26,3.8807124063664604,-6.012705430029244,-7.895225705715172
2019-03-27,5.261677824613675,-5.92681106627501,-7.730305066269777
2019-03-28,6.2549913267379695,-6.01094907628155,-7.809516273426922
2019-04-01,8.21892733934062,-5.954973340339565,-7.76380025630936
2019-04-02,7.645810860428399,-6.087199958722815,-7.930182300483633
2019-04-03,6.42612015225888,-6.027876722384418,-7.820179317637116
2019-04-04,4.746517398856179,-6.067208635973728,-7.772771522908912
2019-04-05,3.492815398523319,-6.028477497687736,-7.761907285369265
2019-04-08,4.014241131652135,-6.217125755725904,-8.130618191838487
2019-04-09,5.104795871893635,-6.188750212433202,-8.181864924675198
2019-04-10,2.8899305616954143,-6.169532092672234,-8.350673171864077
2019-04-11,1.8609978867180044,-6.141439722784938,-8.207595974764773
2019-04-12,0.07856014410575957,-6.3691362588219285,-8.379461290778258
2019-04-15,-2.98192911856208,-6.321648634770781,-8.352871984143029
2019-04-16,-4.435304853474211,-6.193576995431345,-8.1803790574649
2019-04-18,-4.002528292403426,-6.474704335674306,-8.522883359412619
2019-04-22,-3.6878591125947002,-6.447703065618683,-8.321769034268815
2019-04-23,-3.9874778721452606,-6.348298441997633,-8.368757175154498
2019-04-24,-2.377335409027535,-6.365274888494896,-8.296238133584033
2019-04-25,-3.5295737476586613,-6.186066238841712,-8.119526370620228
2019-04-26,-0.7294944690727654,-6.165746196031503,-8.024667416505196
2019-04-30,-0.21322896545181536,-6.134806893990716,-8.016124673494081
2019-05-02,-2.2854298008614853,-6.0251146251706515,-7.863984620867671
2019-05-03,-1.16392575151427,-5.89428337391187,-7.715044707237686
2019-05-06,-1.516096122105745,-5.779628344370283,-7.675443366529527
2019-05-07,-0.3479115370086398,-6.016676171441654,-7.855024036866195
2019-05-08,-2.05810918870076,-6.070947415948544,-7.879508242566461
2019-05-09,-1.4776012667099852,-6.111611107507385,-8.035328927103189
2019-05-10,-1.7850573087936445,-5.968579881985988,-7.830489168163868
2019-05-13,-0.49690666773852993,-6.02262043726306,-7.9765630554556
2019-05-14,-1.32072762292069,-6.033924814115073,-7.947195686163284
2019-05-15,-2.05696081829519,-6.178994076263206,-7.949988158543654
2019-05-16,1.3753123264253602,-6.145479090108617,-8.01371723699951
2019-05-17,1.490823009236525,-6.0540436156718815,-7.889475447487472
2019-05-20,5.78474796540402,-5.98910743634656,-7.7517184195307
2019-05-21,3.9327663059314157,-5.806428661710292,-7.655601817423234
2019-05-22,6.04042396976679,-5.966536320466814,-7.840126046871357
2019-05-23,5.290990477741175,-5.917343885614912,-7.6947831547603105
2019-05-24,6.6056155693875755,-6.101077417362235,-7.960954641200206
2019-05-27,7.402197186320185,-5.906008883288841,-7.857194592647307
2019-05-28,7.727378629109005,-5.970503008598757,-7.904354584339885
2019-05-29,6.34758207678599,-5.897552068133367,-7.651111613153374
2019-05-30,5.684390785092649,-5.805428814616777,-7.705579167433414
2019-05-31,5.901398699599749,-5.738206579448262,-7.507245599541966
2019-06-03,3.052288958958625,-7.005637559406372,-9.302021115297661
2019-06-04,3.952665588230235,-6.972868193094848,-9.242762460306542
2019-06-06,1.1692128813669296,-6.767779813530734,-9.007969754724574
2019-06-07,2.6207807693353997,-6.489883044470417,-8.525584926234963
2019-06-10,1.4500633390083895,-6.740209068634495,-8.852585584015717
2019-06-11,1.1398820320277796,-6.487223247277514,-8.627595813011395
2019-06-12,-0.5456131204152854,-6.439430955262602,-8.559918228539411
2019-06-13,1.4019998972793255,-6.746382560330169,-9.018441287010294
2019-06-14,-0.22875543567739542,-6.632685875435058,-8.66897538443116
2019-06-17,-1.231651485957755,-6.214197500343274,-8.420930102351313
2019-06-18,-1.1452916645848203,-6.182354536524936,-8.091526010947476
2019-06-19,-0.14286664492855003,-6.104744314729455,-7.971650313674407
2019-06-20,3.2059555901573393,-6.835567877439126,-9.008680390154005
2019-06-21,2.509712848805405,-6.668427048694655,-8.825454397215722
2019-06-24,1.44374699629099,-6.603656537253454,-8.662580370155737
2019-06-25,1.5920173969202653,-6.3403369324247905,-8.405904132032465
2019-06-26,1.7389463974025297,-6.172314613350598,-8.121124791173477
2019-06-27,1.3874174319748849,-5.998809849113095,-8.008608992109073
2019-06-28,1.9016376547644103,-5.928552526696182,-7.877444460068781
2019-07-01,2.7614510141861057,-5.988294899992486,-7.865839707111378
2019-07-02,2.7905476872240254,-6.035860139231408,-7.802929349402743
2019-07-03,2.485307262383765,-5.896366320212499,-7.6238551252676166
2019-07-04,1.7061578534214203,-5.8402625575214175,-7.663449976247533
2019-07-05,0.7585374372208149,-5.749015831399933,-7.58620997691399
2019-07-08,-1.61076214201505,-5.58858674323955,-7.447395881333136
2019-07-09,-1.8157748529368651,-5.604064763158284,-7.392794011787512
2019-07-10,-2.0617063878900153,-5.498677382438824,-7.291674200832273
2019-07-11,-0.4784982503299804,-5.572315109619456,-7.259783257319686
2019-07-12,-0.03568918716263009,-5.380308903300384,-7.109910654407678
2019-07-15,2.973944232241869,-5.319613599094136,-7.185426835931319
2019-07-16,2.921527557909424,-5.408938173162378,-7.206788113595672
2019-07-17,4.968701598678068,-5.361624055897148,-7.030263577676029
2019-07-18,3.3474548727976394,-5.325302224741799,-6.954933007424825
2019-07-19,2.4698092024677996,-5.336515922943921,-7.134079858008228
2019-07-22,3.8201648100261743,-6.299261730326164,-8.503700206254058
2019-07-23,2.4898032659241087,-6.3040487832627585,-8.34668126912092
2019-07-24,2.491024719635534,-6.287297352453968,-8.233115774023124
2019-07-25,1.7094348315944548,-6.236203824497583,-8.23770304456821
2019-07-26,1.0077506611089597,-6.004425306078245,-7.961708202616137
2019-07-29,-1.5388147471805753,-6.409053279760838,-8.388422364280224
2019-07-30,-4.826098389952705,-5.795240318066065,-7.730819200806772
2019-07-31,-5.743054536849055,-5.846632118410189,-7.701826872966025
2019-08-01,-8.368291972966125,-6.037604999969121,-7.927839965743571
2019-08-02,-7.796371656682005,-6.181762987854224,-8.09666971134487
2019-08-05,-8.28041805372663,-6.284480915765185,-8.22648911485671
2019-08-06,-7.34501837212606,-6.466570067278598,-8.406695978078192
2019-08-07,-8.564475110054854,-6.356545405421747,-8.373137942647489
2019-08-08,-7.762794593778635,-6.126428192525781,-8.118068744661386
2019-08-09,-7.92118548758918,-5.981810266732887,-7.9210030041770985
2019-08-13,-11.384734855298209,-5.867403845586083,-7.698776363920985
2019-08-14,-7.273104570134619,-6.907750512430505,-9.357993407871989
2019-08-16,-7.855907501274965,-6.722086407672674,-8.96028134609476
2019-08-19,-4.45173878054991,-7.683267467278789,-10.259114645501512
2019-08-20,-3.088559436137175,-7.713092777488014,-10.419148608705244
2019-08-21,-2.5142430237051796,-7.673140920741585,-10.451830985992878
2019-08-22,-4.416594047478146,-7.243845587614735,-9.72756451171125
2019-08-23,-1.6985726897127453,-7.556593612588796,-10.329353792366607
2019-08-26,-1.5960517629680206,-7.265305626260438,-9.80787317893155
2019-08-27,-1.3094099004549107,-6.841230679399626,-9.342724229568335
2019-08-28,2.6818958921006297,-7.6747302281451475,-10.289749981228463
2019-08-29,-0.6705216368422304,-7.366557783491412,-9.907684872222347
2019-08-30,-0.48079043769349517,-6.543417225580448,-8.737525092808736
2019-09-03,-1.0245197437608105,-6.391988148590655,-8.58747988012308
2019-09-04,0.22989615733090485,-6.241676527017961,-8.452317003732794
2019-09-05,1.3739228325861794,-6.273571350608751,-8.420627733946771
2019-09-06,3.7133337435183194,-7.084177146556417,-9.372646801479787
2019-09-09,2.905798632998125,-6.972502955412297,-9.149894252653125
2019-09-11,1.974709103373725,-7.135807464371753,-9.372091748640235
2019-09-12,2.2190393048897197,-6.989120222430151,-9.16532665002572
2019-09-13,2.8219047488023996,-6.727881996406805,-8.995112993669572
2019-09-16,3.0936898123449894,-6.989755337757878,-9.31304172969618
2019-09-17,1.0115189209177946,-6.745854075885011,-9.046915761292155
2019-09-18,3.1358297071772996,-6.733525876507269,-8.938820206525685
2019-09-19,-0.22776161997413502,-6.624896727169723,-8.667413394523532
2019-09-20,3.1706090636549646,-6.323926043454897,-8.310252560376906
2019-09-23,2.054814398753855,-6.733398358248734,-8.718673926053174
2019-09-24,2.079820414943455,-6.578322870037246,-8.523045238784512
2019-09-25,-2.5863980792784997,-6.663753295161524,-8.573310536823989
2019-09-26,-3.031409651189875,-6.081181777378736,-7.8917189561989405
2019-09-27,-4.75655994082892,-6.001484138488858,-7.9303342539228545
2019-09-30,-3.8528422476810595,-6.071861629928305,-7.952114401548061
2019-10-01,-5.718881130974619,-6.704326625083014,-8.888924874159056
2019-10-03,-7.654498831979936,-6.595974717094676,-8.7227967844099
2019-10-04,-6.290827503826705,-6.588853903384034,-8.730842801164057
2019-10-07,-10.54789066145084,-7.917102888507093,-10.507080965737126
2019-10-09,-7.96655743791795,-8.01576265347195,-10.79815911187552
2019-10-10,-9.421848941364317,-8.196548436463784,-11.053323029066236
2019-10-11,-3.4312042388030406,-9.8219709238433,-13.616392838275827
2019-10-14,-4.6911124458730615,-9.199899107098814,-12.588527510005441
2019-10-15,-5.114718275846321,-8.641634239243112,-11.606591565453188
2019-10-16,-4.969265603067291,-8.776871482879713,-11.939713581725872
2019-10-17,0.28344464804057035,-9.40449489437649,-12.597548598710237
2019-10-18,1.8173395403032853,-8.444390788119984,-11.408810821065629
2019-10-22,-5.995313364334326,-8.301840715650751,-10.938447761671096
2019-10-23,-3.5017049752341456,-7.7223251007588525,-10.137831287938456
2019-10-24,-9.04409627673037,-7.962654923808872,-10.508695465329875
2019-10-25,-4.01765754107403,-7.741115124670782,-10.39358011807803
2019-10-27,-5.15293306322892,-7.528191366491219,-10.136008132512057
2019-10-29,-3.602390441348845,-7.173843225088553,-9.64078363235272
2019-10-30,-0.6607852825874354,-6.865317762214961,-9.309078600502712
2019-10-31,5.1958166700902,-6.611017653926027,-8.87911270507558
2019-11-01,3.8708511793286844,-6.662238743478088,-9.008421687335783
2019-11-04,4.8233380844901,-6.411212618750805,-8.725914883994658
2019-11-05,12.827404946732582,-8.117827512815284,-11.339667414809247
2019-11-06,11.641673065827671,-6.313908495080219,-8.437928927263448
2019-11-07,15.874291136104913,-7.270697814991263,-9.74899098259034
2019-11-08,11.03062464672254,-7.942042551605055,-10.563601289503943
2019-11-11,10.189235285467246,-7.54098975314071,-10.02694846435709
2019-11-13,7.488101366104498,-7.15840937369507,-9.572254361272584
2019-11-14,5.976195322391354,-7.326210949264493,-9.798393096699835
2019-11-15,2.81492775425753,-8.302054635888844,-11.096645410098645
2019-11-18,3.050598786193635,-7.749330239302374,-10.38840387726578
2019-11-19,2.768573613820835,-7.562257140941033,-9.973917527353128
2019-11-20,2.681002626441,-7.343491954418503,-9.575930434776769
2019-11-21,2.193632158942525,-7.050789321553568,-9.434136552393033
2019-11-22,-0.18124846208068068,-6.79225361420873,-9.085248596973631
2019-11-25,2.368642872837995,-6.460080858739634,-8.708419426798635
2019-11-26,1.649952098678165,-6.298922207377269,-8.548890990987092
2019-11-27,5.974030181604715,-6.862618646358365,-9.266963448488212
2019-11-28,6.37211916492106,-6.6157314695946114,-9.00093938784711
2019-11-29,2.4673675948996596,-6.909241128055412,-9.498663419868139
2019-12-02,1.1253492400146854,-6.745643449819749,-9.15881365318702
2019-12-03,-0.14998923490091493,-6.5567554824217344,-9.025318127984763
2019-12-04,1.6542332687167605,-6.388615435083485,-8.76877588114168
2019-12-05,0.8385948459223653,-6.269222432723138,-8.480263831873788
2019-12-06,0.12277662676883105,-6.289520862000007,-8.413502013522384
2019-12-09,-1.6195800224186894,-6.289775691109431,-8.222568531890513
2019-12-10,-1.7024653923361295,-5.926791993420003,-7.990863542364909
2019-12-11,-2.902525066041934,-5.848329524990167,-7.795546651375837
2019-12-12,-4.074470255153955,-5.7451681612037095,-7.654918735119795
2019-12-13,-0.3169961423951242,-5.918555272462875,-7.8377509537892065
2019-12-16,0.5222338061616106,-5.842570015318509,-7.873128490188436
2019-12-17,1.6950188730058908,-5.790645373807245,-7.705753187844556
2019-12-18,-0.5906795532166047,-5.898567878918216,-7.731574149316761
2019-12-19,-0.10500015152549957,-5.980239206287055,-7.945542873816905
2019-12-20,3.8512107683874754,-6.84339357170705,-9.27874349580343
2019-12-23,3.70947525478549,-6.6890731872143645,-9.089164568012446
2019-12-24,4.10175019613342,-6.528211378219098,-8.727662881574052
2019-12-26,3.1985280476133946,-6.259080197706495,-8.329111528836501
2019-12-27,4.759162671368776,-6.256517381743279,-8.355834358052912
2019-12-30,1.7731302729958598,-6.313130551990047,-8.464599160284587
2019-12-31,1.4722465085198002,-6.112065165200068,-8.198824913052473
2020-01-01,0.7198141802020046,-6.010559169384378,-8.083580945709329
2020-01-02,2.007224669909575,-5.988495432655428,-7.945842561685531
2020-01-03,1.8644428835259597,-5.8617366945890925,-7.882395871326607
2020-01-06,-2.3740779961001,-5.968314075835973,-8.029020926329931
2020-01-07,-2.7048519935487603,-6.064558154432694,-8.078315058278108
2020-01-08,-2.836228511737555,-5.879807484250837,-7.947361470353784
2020-01-09,-0.04308592543781531,-5.776023591999425,-7.914932438294406
2020-01-10,-0.665493269180365,-6.032586126199458,-8.132578993987238
2020-01-13,2.15029244164955,-5.896555233474775,-7.887683442890298
2020-01-14,2.0852123798634548,-5.824550418060723,-7.7079017559393215
2020-01-15,0.49232709417301934,-5.755069959807213,-7.669656440013598
2020-01-16,-0.2639592344029945,-5.630684494179588,-7.557755468370537
2020-01-17,-0.9661119528013851,-5.626473254094983,-7.600202667172329
2020-01-20,1.1741236940303046,-6.66727025333798,-8.851098630902925
2020-01-21,1.5783811076763594,-6.348362549414993,-8.611638021784216
2020-01-22,2.9211520273063503,-6.219909624079163,-8.353875259834483
2020-01-23,2.6872696328913146,-6.277908435968978,-8.41341236200296
2020-01-24,1.6838228385817546,-6.103389873380873,-8.13722858945995
2020-01-27,-1.95615372155677,-6.148581661478424,-8.223636843224297
2020-01-28,-1.8549185553092502,-5.912203689527195,-7.929276076633917
2020-01-29,0.20499718710851533,-5.904186894867326,-7.903810195887753
2020-01-30,-1.1024294406806703,-5.759950098779996,-7.644873387757338
2020-01-31,0.5953929537702549,-5.861079713455432,-7.690313370733762
2020-02-03,-2.6665626892828005,-5.7767005383831735,-7.693019026457021
2020-02-04,0.4334825588254101,-5.638342100788751,-7.49491490966975
2020-02-05,0.10180745119324486,-5.605218310692338,-7.5699687639173145
2020-02-06,-1.0294053660139297,-6.090362807393449,-8.11414424641183
2020-02-07,-0.8923318305426498,-5.433621221674891,-7.4057308290871715
2020-02-10,0.046519312591300044,-6.268885074477762,-8.182568508336542
2020-02-11,1.1598374896081056,-5.771463401349472,-7.659530052849168
2020-02-12,0.03833691086592006,-6.013497435673066,-7.984332654002539
2020-02-13,3.3596737527335003,-5.947479308571807,-7.933145295521472
2020-02-14,0.8209809550057452,-5.992748375247429,-8.061286426180196
2020-02-17,4.046449408098861,-7.030430781671751,-9.298774020528624
2020-02-18,2.42980068632881,-7.2294281374725315,-9.373246571274205
2020-02-19,2.48425739973331,-7.091712298685584,-9.308938072609124
2020-02-20,2.51310157823652,-6.9523195602538355,-9.411088343827371
2020-02-24,1.5521847582578148,-6.827058414940511,-9.058586615298259
2020-02-25,2.8898895936385047,-6.449940250306133,-8.58192615594411
2020-02-26,1.1811668550988597,-6.219598365937626,-8.507602744796975
2020-02-27,0.06724234986255473,-6.080641096705283,-8.261239968860728
2020-02-28,-7.855459354504145,-6.108972820467995,-8.218743305809417
2020-03-02,-8.251509785400755,-6.189970460697981,-8.404159727367364
2020-03-03,-6.79687930116844,-6.07187502571013,-8.23939847789175
2020-03-04,-7.854599726916829,-5.9807591150714625,-7.965853127886093
2020-03-05,-8.185280866603476,-6.30325236650073,-8.291112525394107
2020-03-06,-13.36491029465544,-5.870530896117014,-7.873734548477222
2020-03-09,-18.216216007886395,-6.334040920678716,-8.275201002855905
2020-03-11,-21.970696173027854,-6.172202740370372,-8.076181062851289
2020-03-12,-32.470075566574536,-5.791655076387337,-7.7010174031272625
2020-03-13,-23.84293987241212,-6.0627209998048475,-8.027383703496923
2020-03-16,-26.595933047436,-7.756177445483064,-10.311701618340107
2020-03-17,-28.93647610438603,-8.978620007211525,-11.876191036271386
2020-03-18,-31.645174607063936,-8.468876154873914,-11.26301392736565
2020-03-19,-33.350807857206945,-8.147164842662274,-10.696895323632061
2020-03-20,-28.62680115826702,-7.832357177308161,-10.30614243254751
2020-03-23,-36.87697918174573,-9.161904786623396,-12.179980850098852
2020-03-24,-25.11110334511306,-9.897810969631108,-13.435785862611981
2020-03-25,-18.94182592470203,-10.490602989813086,-14.16399578913544
2020-03-26,-3.9748353983028992,-17.36102078972217,-23.350232427837543
2020-03-27,-9.754705843066269,-16.48601707081282,-22.775954899416906
2020-03-30,-5.307150142026114,-19.333959964853044,-25.857654820454343
2020-03-31,2.8018802135775305,-18.00245960163969,-24.75833363164849
2020-04-01,-1.1120249541224778,-16.588174262375592,-22.59745311707814
2020-04-03,-3.887516902687935,-15.949851017282265,-21.86861499965635
2020-04-07,-1.5273570920395567,-14.944100599951062,-20.53273507278725
2020-04-08,9.48898611678936,-20.782109204220625,-28.717955457436776
2020-04-09,5.017048459860397,-19.56992897157092,-27.454372970269763
2020-04-13,0.7952233287615862,-18.007638381768757,-24.966285814485875
2020-04-15,-3.0814002486848886,-15.294490947573864,-21.381702970920017
2020-04-16,-4.198451050419144,-13.848344912926464,-19.333200009748325
2020-04-17,1.8338487023189516,-14.610575957635321,-20.31936672021818
2020-04-20,-0.20592709243701912,-14.017415328750062,-19.297501721148908
2020-04-21,1.9752605712798466,-13.506144707988224,-18.946158948074103
2020-04-22,8.20330632287497,-14.923747962297952,-20.61081538291496
2020-04-23,3.1383115013598757,-13.62052893162796,-19.15904970200269
2020-04-24,1.15146074263571,-12.526124325781872,-17.489874597737025
2020-04-27,0.32134118981032544,-11.735841394704085,-16.156146409206936
2020-04-28,2.0126223933015055,-10.762878398024823,-15.180012598304206
2020-04-29,4.932306273157391,-9.87600254494362,-13.721696581709022
2020-04-30,7.3812907724517105,-9.753322651712168,-13.496069216084408
2020-05-04,-0.4193023637787139,-9.123447214282752,-12.614564463878661
2020-05-05,-4.559960520756425,-9.192052562077668,-12.485658370583112
2020-05-06,-1.3201124856458244,-9.306765307107572,-12.905074989775716
2020-05-07,-3.2300177120768403,-8.65301898226552,-12.010376145729907
2020-05-08,-6.057151999222044,-8.297656973067246,-11.723810873278675
2020-05-11,-2.2877209044217457,-9.40837363430773,-12.983075021556706
2020-05-12,-2.3227446024871643,-8.967357136924882,-12.4751021526971
2020-05-13,-0.3773283033959509,-8.465406191871605,-11.776442367635944
2020-05-14,-7.57287074518711,-7.926313487510762,-11.026755324778696
2020-05-15,-11.386725593104236,-7.691085286968083,-10.949020703207962
2020-05-18,-7.79209209933194,-10.072339428411262,-14.693063535814057
2020-05-19,-5.830872115410445,-11.440565448721678,-15.629788344745663
2020-05-20,-5.186649693447636,-9.71306132825471,-13.606173221699429
2020-05-21,-5.29025646875486,-9.128710640299166,-12.347251072155991
2020-05-22,-3.6522624235295593,-8.89911607023496,-12.179777102210242
2020-05-26,-4.60953650487168,-8.391272132073874,-11.445405556223188
2020-05-27,-1.2726827096830897,-8.57036465782771,-11.621502708557543
2020-05-28,-3.8430870914141444,-8.183661323190924,-11.154162603755681
2020-05-29,1.0913489470073308,-9.183243282608188,-12.71974662376429
2020-06-01,5.257546672173071,-8.729250615904048,-12.150355226318492
2020-06-02,8.494146375015724,-11.144459934350678,-15.264762402310257
2020-06-03,9.835555370823519,-10.474393122886198,-14.181557209684449
2020-06-04,9.76497002094037,-9.832168171658624,-13.367062920520736
2020-06-05,13.546473574258727,-9.470570531609756,-12.734488708492375
2020-06-08,13.380626960264486,-8.816375196472883,-11.946012862396804
2020-06-09,13.199218847263907,-8.603238612825018,-11.556094705794214
2020-06-10,9.830742455699534,-8.941365619954613,-12.035965037668529
2020-06-11,6.088416372148711,-8.22524399070568,-11.163589106347121
2020-06-12,5.323790959319339,-7.923915278116602,-10.683611465778469
2020-06-15,0.19671697951517597,-8.231665824403164,-11.297463741044124
2020-06-16,0.28267137214630544,-7.970957198923556,-10.692224928378058
2020-06-17,-0.4111500426603,-7.89358943816187,-10.482133634185084
2020-06-18,2.01598360442375,-7.612637598981126,-10.12497602781451
2020-06-19,-0.744465405679215,-8.698703432197124,-11.685843437265703
2020-06-22,-0.9636174561276502,-8.221476468963886,-11.144163848347493
2020-06-23,2.3349648639979086,-7.787092945230246,-10.530087870252277
2020-06-24,-0.9515592514554707,-7.578414985397047,-10.307650919933412
2020-06-25,1.989831312085964,-8.850066472793348,-12.138562003148545
2020-06-26,5.399005402141055,-8.61305753078437,-11.625358734484882
2020-06-29,4.6878139084826635,-8.599107798831973,-11.566242531531596
2020-06-30,3.9982017372722596,-8.240333626549248,-11.063617398584745
2020-07-01,5.281718297193759,-7.8124381248496935,-10.54069026743453
2020-07-02,4.493332049793289,-8.062869624895681,-10.925683174119873
2020-07-03,3.948525056120249,-7.622754821592515,-10.141996802711354
2020-07-06,4.203931112653304,-7.394920371365161,-9.681142142410692
2020-07-07,3.845552541827644,-7.4912537908083765,-9.885717987040815
2020-07-08,6.008295802030984,-7.844542653363289,-10.282727316004538
2020-07-09,9.088876729427925,-7.779157670913017,-10.417726790936547
2020-07-10,5.093648790511089,-8.430411198667944,-10.871436163306864
2020-07-13,7.891576057000719,-8.367248038013875,-11.397819154637945
2020-07-14,5.199839897852245,-7.700899255785447,-10.479727699037946
2020-07-15,6.074998814199494,-7.96043005681153,-10.688087771701117
2020-07-16,9.500647684965426,-7.906062825712356,-10.524703219093164
2020-07-17,9.389815470670321,-7.090428210482856,-10.125234881175874
2020-07-20,10.774277624921497,-7.34436546805633,-9.971117388180947
2020-07-21,9.77167228790252,-6.835350671089011,-9.452661648466684
2020-07-22,8.506676344861784,-6.721850747805608,-9.344368121412224
2020-07-23,7.271988282412564,-6.824109852818534,-9.762745108441104
2020-07-24,7.3483416116165845,-7.159322106489073,-9.691753528543636
2020-07-27,7.234377820052195,-7.180221363806026,-9.881367335767816
2020-07-28,11.227776628833906,-7.521889357996971,-10.284731002298109
2020-07-29,8.886152394816463,-8.359386505024302,-11.370480425239272
2020-07-30,2.775448498273855,-9.626588406274069,-13.247871160881488
2020-07-31,4.219826090207755,-8.472322810954537,-11.727937389739068
2020-08-03,1.5867108437756248,-8.212656206544809,-11.516689688896811
2020-08-04,-0.03101604843631045,-8.147426185239407,-11.151317795136928
2020-08-05,1.2955128351246346,-7.582877859814211,-10.748131410293318
2020-08-06,1.4732658345568597,-7.468693474334364,-10.234795569056327
2020-08-07,1.157331869459325,-8.075830539396371,-10.964792752796832
2020-08-10,1.8984552463852098,-8.21413837193175,-11.001319666470991
2020-08-11,0.7031081394427949,-7.433906408633103,-10.246838693148263
2020-08-12,3.11003595858178,-7.494026024324568,-10.168868194770267
2020-08-13,3.4177448991614003,-7.500860297694643,-10.338377848986438
2020-08-14,0.6558099666841597,-6.974234341722656,-9.579199812457592
2020-08-17,0.2519175734973751,-6.570828169074583,-9.285675194064869
2020-08-18,1.8282690158561596,-6.519191969598405,-8.97771208478712
2020-08-19,2.2083666482289748,-6.753976515359708,-9.18732264302222
2020-08-20,0.17009050428015982,-6.698186776431553,-8.885868010204396
2020-08-21,1.8817507904496449,-6.605183808634343,-9.059228624155082
2020-08-24,1.7277022330685297,-6.492364588136814,-8.717897271324674
2020-08-25,2.6534544932038546,-6.425981238227071,-8.692323201244024
2020-08-26,1.3677502527252745,-6.264321883406999,-8.642183566554817
2020-08-27,3.07558132958531,-6.085781593061289,-8.274311840978237
2020-08-28,5.767036193478495,-6.7037359919921915,-8.998076415199163
2020-08-31,3.1365210451782093,-6.8230584502451865,-9.200518887014319
2020-09-01,2.7334494728611403,-6.538265323216669,-8.967124634250373
2020-09-02,2.774292952762404,-6.62990749869769,-8.883589198551542
2020-09-03,3.4772688570220542,-6.349102068982915,-8.651837485180666
2020-09-04,0.43752830850636926,-5.956764899158482,-8.17033859073564
2020-09-07,0.3821115823301502,-6.278704419423655,-8.367493678365229
2020-09-08,-0.8827007584706551,-6.691103363423301,-8.964403209390941
2020-09-09,-4.9352196436794795,-6.412570629981314,-8.674048139603116
2020-09-10,-4.60255020658375,-6.333047233826456,-8.559878895748279
2020-09-11,-4.629749558445325,-6.801942443656735,-9.336790018465276
2020-09-14,-0.6778317407853849,-8.280511772765076,-11.469978746745454
2020-09-15,-0.69158896094207,-8.32528179712129,-11.590288676761727
2020-09-16,-0.3183494973738552,-8.043788359957132,-11.012077157841935
2020-09-17,-0.45653701684984027,-7.8041198215252585,-10.416589930338258
2020-09-18,0.8142376166270897,-7.9963130544355225,-10.843265531805539
2020-09-21,-1.2313624702112356,-7.8676180327810865,-10.271786422936389
2020-09-22,-1.0725743155982803,-7.625407832156401,-10.07522992663088
2020-09-23,1.8084383692289552,-8.612222685424047,-11.479020245640505
2020-09-24,-3.981949149060385,-8.075750870396986,-10.668704524555112
2020-09-25,-1.97035754740243,-7.982819581335849,-10.827482500842798
2020-09-28,-1.308074600690405,-8.198776267550588,-10.855703731154007
2020-09-29,-2.5887725099340297,-7.746628201573419,-10.59468751354553
2020-09-30,-3.01466100525913,-7.618497717510371,-10.476303183756965
2020-10-01,-1.0073423627868041,-7.227935240777684,-9.85931764213464
2020-10-05,1.26057080228314,-6.908112680868473,-9.611119448761807
2020-10-06,3.756945702767905,-7.5240618531265095,-10.689393160647963
2020-10-07,4.041861144747275,-7.10505101842674,-9.739449991038661
2020-10-08,5.55242181691286,-7.0990034853953095,-9.783518807396854
2020-10-09,12.184543872779825,-7.820799361671903,-11.194420958606045
2020-10-12,9.969018228172976,-8.23415304036701,-11.492775546626003
2020-10-13,9.0156799913599,-7.875844533442659,-11.010325942487466
2020-10-14,9.868728867159293,-7.370745604218485,-10.393486935539459
2020-10-15,6.69815465678693,-7.431647395035901,-10.437485328216896
2020-10-16,6.588225673551945,-7.627200666041877,-10.514056987662585
2020-10-19,7.436404279029835,-7.47190928590141,-10.292392949661725
2020-10-20,6.63119422196401,-7.325068047883153,-10.143035741818716
2020-10-21,7.00447064638316,-7.130994672902652,-9.912199825644246
2020-10-22,4.5802599539498,-7.164725328443488,-10.264790018353663
2020-10-23,2.36049236750462,-7.057529670018966,-9.926479202678008
2020-10-26,-0.84702602057364,-7.057966607864997,-10.197290541066865
2020-10-27,-2.7129356633630346,-6.899661173631605,-10.103106019366948
2020-10-28,-4.656184025826655,-6.94317375679125,-9.989763119788323
2020-10-29,-2.0835022414300353,-7.106617500521543,-10.239981976284744
2020-10-30,-4.26366808018578,-6.985270008710615,-10.164242164109556
2020-11-02,-3.8920903434667604,-7.334243470231047,-10.397188878455662
2020-11-03,-2.4569259492946802,-7.063183616315642,-9.88146280021518
2020-11-04,-1.101052912864795,-6.742165857704553,-9.360128218538152
2020-11-05,3.05190097244007,-6.296535868766523,-8.837221475584375
2020-11-06,3.4520244606018,-6.089286331098823,-8.565008468095083
2020-11-09,6.555255181361232,-6.433447918562256,-8.98028240676854
2020-11-10,8.721180678094317,-6.311479026294524,-8.985221357302198
2020-11-11,12.429113772194182,-6.859914750626707,-9.46104303068593
2020-11-12,11.15232942260134,-6.615187641012278,-9.083181730462282
2020-11-13,12.542665532456931,-6.507409850143835,-8.86546843685423
2020-11-14,10.68234079634736,-6.70766391105693,-9.158163922729393
2020-11-17,10.781867371799525,-6.892880166891766,-9.630352713005909
2020-11-18,10.58854354186347,-6.867636018692238,-9.504480678209212
2020-11-19,4.276805198791081,-7.643849942783199,-10.710032202652357
2020-11-20,4.6781967856657705,-7.2468577747254725,-9.963240050238626
2020-11-23,4.337719099936136,-6.868280388780474,-9.639159953976018
2020-11-24,4.75206578131195,-7.9079127950489045,-11.175128209737522
2020-11-25,1.5382413750414357,-7.772503968801684,-10.83693566934277
2020-11-26,3.7472976152605297,-8.12033467871807,-11.532769182202186
2020-11-27,2.0372785802179854,-8.32384535700947,-11.291947803209151
2020-12-01,4.04741314896189,-7.37508122529912,-10.056483474253863
2020-12-02,2.1452325018481853,-7.615232494839659,-10.42915476438231
2020-12-03,1.556760338949565,-8.029813806585862,-11.084426516810563
2020-12-04,6.421474282775385,-8.537632160391416,-11.820597091948104
2020-12-07,7.032507669494265,-8.40167930425153,-11.491016132298583
2020-12-08,7.100043830652265,-8.12315617738899,-11.3111580106875
2020-12-09,6.67651093021259,-7.7000896010073765,-10.983507859140671
2020-12-10,7.466707396763061,-7.542833786956696,-10.661730196073288
2020-12-11,7.414888667135105,-7.060343990523348,-10.095193962884059
2020-12-14,8.634512354224796,-6.58681238933224,-9.452839236074583
2020-12-15,5.090479147307074,-6.785929645531399,-9.688544751750454
2020-12-16,5.425790873273655,-6.194950031371765,-8.984685818683648
2020-12-17,3.6088637005210993,-6.4552072207300455,-9.306559022890978
2020-12-18,3.85926882211551,-6.59045491700813,-9.385843954230893
2020-12-21,-1.3861572432433946,-6.521944409072446,-9.243076570381975
2020-12-22,0.09906159195680564,-6.356008355019146,-9.006414620403168
2020-12-23,1.8289489685153009,-6.155566627800301,-8.787021833103276
2020-12-24,2.338737116722256,-5.9492224806788965,-8.462789619564518
2020-12-28,3.711082678669201,-5.851335533121092,-8.25955983969094
2020-12-29,4.222609194289362,-5.633207445964582,-7.86023014527282
2020-12-30,4.982808664414697,-5.504017171994033,-7.945809384229129
2020-12-31,4.742150154236551,-5.420664988871905,-7.735892852783172
2021-01-01,6.325811580491651,-5.322503680967361,-7.517511754182954
2021-01-04,5.7127038640523455,-5.577977270209324,-7.918440149269762
2021-01-05,9.764683397777636,-7.877626739391828,-11.138418443662681
2021-01-06,7.553887803739645,-7.9617889344646375,-11.10265741367232
2021-01-07,4.85001084631316,-7.896315427830414,-10.886206432382158
2021-01-08,6.450667073223884,-7.444587717680303,-10.512737349909871
2021-01-11,6.507650962377866,-7.547494046973953,-10.697005837887227
2021-01-12,7.195348959027401,-7.350667532023231,-10.323486341762928
2021-01-13,10.460545327839029,-6.483912518451864,-9.242362129216005
2021-01-14,9.92376618756392,-7.010455993099271,-9.69101339047884
2021-01-15,7.438893200935755,-6.765540597488086,-9.401773696890812
2021-01-18,3.2441494296949642,-6.18728051462645,-8.689699783531154
2021-01-19,3.7795991523758503,-5.9309909833701795,-8.535795779015187
2021-01-20,5.167080495472595,-5.809197727020142,-8.341053524476063
2021-01-21,4.208872421624545,-5.742345183990885,-8.192249811951
2021-01-22,0.6800204635714555,-6.364118123303856,-8.943421302754698
2021-01-25,-2.1669955909853504,-6.736789107566355,-9.625163768995506
2021-01-27,-5.614339359821854,-6.370778732414377,-9.073450685885083
2021-01-28,-8.320649307624642,-6.766119873247612,-9.598089128425258
2021-01-29,-9.311546441775924,-6.258687969230858,-9.135017662419825
2021-02-01,-2.111869829126724,-6.353085137183624,-9.071880717972439
2021-02-02,4.587171292287547,-6.819399606524591,-9.729394692954871
2021-02-03,4.662651977790562,-6.779695880464505,-9.446473875556276
2021-02-04,5.712300249603636,-6.540844078123312,-9.358790550271792
2021-02-05,11.791044914704552,-6.6466130819161,-9.670719854472312
2021-02-08,15.396624266504283,-7.077141789761849,-10.155613271916154
2021-02-09,16.266959359717998,-6.726052691785613,-9.766437220240443
2021-02-10,17.465131357657334,-7.539678919445317,-10.538328712068148
2021-02-11,16.809564129391887,-7.506861168164098,-10.537413547062227
2021-02-12,19.372960889836076,-7.558494340890809,-10.468369320654558
2021-02-15,15.38982736578736,-9.157537101993906,-12.88943336529499
2021-02-16,10.19154117700846,-10.778035568547788,-15.351391075298656
2021-02-17,10.042142411892984,-9.332646280608575,-13.4799211015108
2021-02-18,8.32742505180894,-10.520299020121302,-14.794956801197673
2021-02-19,1.5627612326955047,-13.066995714995702,-18.40058808425634
2021-02-22,-2.4529797985946895,-12.162755503230905,-17.05065928020243
2021-02-23,-1.4230684842451047,-9.896773344991793,-14.465981753480705
2021-02-24,0.8899055268880406,-9.17201880787691,-13.400180463735389
2021-02-25,1.439744758959835,-8.624843350543566,-12.364737479000087
2021-02-26,-2.5877192579651744,-8.798607359817163,-12.418958184690904
2021-03-01,-3.1519559867173146,-8.571107769963794,-12.198856467457198
2021-03-02,-0.47980705644795973,-7.447094691294691,-10.738805818851748
2021-03-03,1.5517212856178353,-7.443300112453799,-10.402967714021365
2021-03-04,-0.9663937969388952,-7.245901323890626,-10.16719105425269
2021-03-05,-1.0564636609111158,-7.423922461823665,-10.51443500138151
2021-03-08,2.7259666454683744,-8.191045091288464,-11.297281206404815
2021-03-09,2.0117137180553692,-8.017826652989065,-10.989416642134131
2021-03-10,1.2162745161505146,-7.234491399353984,-10.192472755363735
2021-03-12,0.46928546604529386,-6.905729883010072,-9.88470130814078
2021-03-15,3.775289653032715,-7.641099148874789,-10.745209424036124
2021-03-16,2.295742859604114,-7.251775556321754,-10.412553116902451
2021-03-17,-0.35222997482900553,-7.066714964068029,-10.191338217817039
2021-03-18,-5.159426912080421,-8.072531678805557,-11.097485539584184
2021-03-19,-2.66905116617148,-7.72675876676421,-10.930605354627543
2021-03-22,-0.20514179720583503,-7.7998930467747885,-11.117789827926654
2021-03-23,-0.8949009446205399,-7.696311016723017,-10.546999855907899
2021-03-24,-3.410542052164955,-7.180047143292086,-10.245996997406275
2021-03-25,-5.648905355658625,-6.553965277969667,-9.406005174855196
2021-03-26,-4.664043902786916,-6.927553985058672,-9.70062996056703
2021-03-30,-2.678834444251435,-6.688148211583125,-9.432058933068337
2021-03-31,-2.4980938149292604,-6.6007914191444135,-9.364578525781718
2021-04-01,0.27345737057004516,-7.07059676032087,-9.755486711148986
2021-04-05,0.7703103028841403,-7.38877782334173,-10.145259407712652
2021-04-06,-0.43768434268694517,-7.081493271376617,-9.64349968015798
2021-04-07,0.9563031423863302,-6.82258615586048,-9.310806569974472
2021-04-08,0.08150231457409013,-5.991467594446686,-8.49314822762809
2021-04-09,2.1637149251676653,-6.992636543635386,-9.689322657865704
2021-04-12,-0.5206790102733652,-7.027207091555267,-9.710405516275
2021-04-13,-0.09043212070220918,-6.740460048987392,-9.562003436123305
2021-04-15,-3.4674453663411695,-6.8750343210485205,-9.779401757756677
2021-04-16,-3.9917059308447396,-6.471942722675567,-9.337541735088465
2021-04-19,-6.4586859924360045,-6.549787043102317,-9.284016456819398
2021-04-20,-5.643154717798275,-7.748656203356234,-10.83348881864453
2021-04-22,-4.1937297422617945,-7.4603936894188365,-10.530773971549623
2021-04-23,-6.6700327702139095,-7.384287412201236,-10.516378762855435
2021-04-26,-5.075829798274494,-6.94686048354661,-9.968782177104709
2021-04-27,-3.3118734870928086,-6.7736479820868265,-9.643041518531769
2021-04-28,2.48718576444874,-8.936202940124991,-12.761451895243535
2021-04-29,1.1458240345015698,-8.173129469288599,-11.914689035658819
2021-04-30,1.3156748192274692,-8.840899899391674,-12.561861526536687
2021-05-03,1.4869005798253103,-8.412461833464608,-11.78937421961461
2021-05-04,1.7504244335842694,-7.621030160302991,-10.889779420845233
2021-05-05,3.41758171888686,-7.168125881726802,-9.896239361766671
2021-05-06,3.1181789904048443,-7.608293696587655,-10.638978813545712
2021-05-07,3.8370655312241,-7.338206757465663,-10.294007677252774
2021-05-10,2.31601356448323,-7.363917715466639,-10.40581526906342
2021-05-11,0.9501421854472498,-7.323030276641484,-10.34444058073558
2021-05-12,-0.4927638852229951,-7.4115186488250115,-10.552927545028579
2021-05-14,-1.3489607287674499,-7.086824634767974,-10.07021300543693
2021-05-17,3.09093799337557,-7.054563393768558,-9.838077305791503
2021-05-18,3.87382092867713,-6.923367838043594,-9.748963367267628
2021-05-19,4.75872299746449,-6.705486699294484,-9.460136441281197
2021-05-20,3.8594381272759652,-6.613800806989009,-9.357550132347173
2021-05-21,5.77830788540696,-6.403973660847727,-9.152412826251513
2021-05-24,6.82904191013414,-6.379820700222358,-8.93676178659955
2021-05-25,7.369195789818835,-6.253862128884022,-8.965983093815444
2021-05-26,8.73395016774272,-6.198852847144369,-8.877980780997303
2021-05-27,10.02248182844695,-6.075939701271396,-8.666796092587923
2021-05-28,11.147134959511751,-6.290546554005755,-9.012113414933555
2021-05-31,8.013297542010685,-8.06667884032908,-11.034384774883915
2021-06-01,8.44870153345942,-7.531695970078123,-10.40615997035923
2021-06-02,8.51155413938032,-7.329008012367648,-9.975185160667507
2021-06-03,9.536660729002019,-6.9179687733654385,-9.50916710357351
2021-06-04,6.016135538943155,-7.403737096901677,-10.090401896833761
2021-06-07,4.90877565228833,-7.286539216808725,-10.006379516326147
2021-06-08,4.61611950926766,-6.995485534672873,-9.687843494031005
2021-06-09,2.5840702133254503,-7.08058967828483,-9.689097071133908
2021-06-10,2.598506281628325,-7.031004990021057,-9.595776605407831
2021-06-11,3.35022449731248,-6.752808869611569,-9.206740778406814
2021-06-14,3.54505279687951,-6.6610027379209455,-9.16397346777164
2021-06-15,3.13693639532395,-6.688630596655679,-9.167855544209923
2021-06-16,2.717482302501765,-6.692303042135805,-9.258429176568152
2021-06-17,1.407286650655875,-6.742830764669572,-9.300940717099998
2021-06-18,1.6288115069728601,-6.732584693567895,-9.224013898924078
2021-06-21,2.363418798519815,-6.706762150067315,-9.211910562352205
2021-06-22,2.3718603943002448,-6.560186546245106,-9.205160147985058
2021-06-23,2.70166755156197,-6.083390475742176,-8.669865928942011
2021-06-24,2.7527080298511546,-6.088077327726131,-8.684918618618907
2021-06-25,4.12298573777049,-5.989880721882807,-8.596576033570946
2021-06-28,3.207616546640205,-5.667431625277531,-8.145105283082014
2021-06-29,1.9962588499450349,-5.538384239129947,-7.920347374420233
2021-06-30,2.4754915688323695,-5.725259940163048,-8.12745318016091
2021-07-01,2.148616254220445,-5.451929095531847,-7.945975664630569
2021-07-02,3.474082659704565,-5.541584015161877,-8.02118259030035
2021-07-05,4.068242038061545,-5.7320318148898615,-8.072211588644256
2021-07-06,2.946477744239755,-5.643258505384838,-8.00937349305293
2021-07-07,3.6472753020972855,-5.630019360265134,-8.028565877460334
2021-07-08,0.9110996690318103,-5.6777230039664826,-8.20824439067243
2021-07-09,-0.9525463898971844,-5.815816318067289,-8.44130547412899
2021-07-12,-0.6857865836809797,-5.926139061584323,-8.466801236866315
2021-07-13,0.3111302323026203,-5.954412429430012,-8.462189815181267
2021-07-14,1.2702856170262,-5.805003883230407,-8.306647886129753
2021-07-15,1.9756576028504704,-5.719146017624859,-8.211263358921022
2021-07-16,0.2600129205656849,-5.738421339313392,-7.957307123261704
2021-07-19,-1.7457049290755202,-5.772365312843652,-8.245298311607703
2021-07-20,-1.43081430533929,-5.815725629147652,-8.274849909007512
2021-07-22,-0.45189385068385035,-5.800753059949032,-8.087054105296026
2021-07-23,1.4640068243546545,-5.806361649046214,-8.03254042770764
2021-07-26,1.2416297011029296,-5.636230086425372,-8.038393648793097
2021-07-27,2.0280501969062894,-5.52788803058614,-7.839924839989035
2021-07-28,1.5040446555561346,-5.714204684923315,-8.054797224334505
2021-07-29,2.4589394679491448,-5.3936372553464835,-7.7800197015825745
2021-07-30,0.9422529027480047,-5.77365673705455,-8.193880402570182
2021-08-02,2.9548325608454644,-5.476456141510545,-7.80909800016144
2021-08-03,5.6793095956381,-5.490488831798644,-7.9019572060839725
2021-08-04,7.21060591421335,-5.936878815842195,-8.437579965062167
2021-08-05,4.2455747686896546,-6.008536770076623,-8.278048276968505
2021-08-06,2.6247328623571295,-6.089983572462746,-8.484988306101041
2021-08-09,2.997273171862165,-6.0200574868179,-8.156757412274983
2021-08-10,1.8692744726811048,-6.217902240283844,-8.723527216656759
2021-08-11,2.4905913829045097,-6.235393002633597,-8.617531287425049
2021-08-12,0.5381634143281849,-6.120750176958678,-8.736544490855149
2021-08-13,2.9922020852628552,-6.669516952497822,-9.45044184617667
2021-08-16,1.0151315817543403,-6.547406015001923,-9.308516177072445
2021-08-17,-0.33542577857555456,-6.728001949939173,-9.440581256154498
2021-08-18,-1.7620441772442894,-6.191866198317335,-8.794402375930593
2021-08-20,-1.7997086271135547,-7.142533838497973,-10.054868956883038
2021-08-23,-0.48161078029266957,-6.920865382946495,-9.782017912257167
2021-08-24,-0.1561129542003845,-6.773521499524508,-9.496830236508172
2021-08-25,0.49798958544836525,-6.69033197711685,-9.492941235711292
2021-08-26,-0.5899246093105497,-6.527106345031086,-9.334881236069261
2021-08-27,-1.1860286352518898,-6.423323627809371,-9.181939757155382
2021-08-30,-1.410389794440405,-6.2841536031200445,-8.985230948862725
2021-08-31,0.20112741986921479,-6.271115616641432,-9.06751667528167
2021-09-01,-0.8823294410188549,-6.496371222922234,-9.137612927618665
2021-09-02,-0.11270437668242511,-6.353305145430342,-8.88568111383614
2021-09-03,2.0072754137488498,-6.804968792541779,-9.323687371710326
2021-09-06,2.323666610235625,-6.514583494289439,-9.018186087903265
2021-09-07,0.9439981415871846,-6.536536738606027,-8.99744302556061
2021-09-08,0.5479660934278996,-6.377006258893761,-8.653725406214573
2021-09-09,1.5009325255885397,-6.20177500963792,-8.620644116422602
2021-09-13,1.9168481140339046,-6.2186648147615085,-8.96558912737596
2021-09-14,0.8521149125311398,-5.988434232902527,-8.55259673189199
2021-09-15,2.1927827740420547,-5.626437935185653,-7.9467174738086035
2021-09-16,4.509128908995315,-5.675839075588836,-8.057373300536337
2021-09-17,2.820760721957694,-5.603742437655569,-7.8287307528072825
2021-09-20,0.31858181920195916,-5.554237886000289,-7.794196592185052
2021-09-21,0.5444985651885941,-5.604100834383327,-7.8343881426565805
2021-09-22,1.4227779148029993,-5.389441301604103,-7.6576409841746935
2021-09-23,3.5291416972712195,-5.406368608811674,-7.662473948809052
2021-09-24,3.0591088296591042,-5.2725621093641,-7.4807966610935015
2021-09-27,2.4206284890572487,-5.161085267723351,-7.515782989330309
2021-09-28,1.3837506014541288,-5.434477854772031,-7.763031664826533
2021-09-29,1.2228971945617944,-5.279800253398851,-7.560197443171472
2021-09-30,-1.9682061151626353,-5.639940378347845,-7.989111933299939
2021-10-01,-1.0496109921486703,-5.905822337820737,-8.195058628768493
2021-10-04,2.58412175460823,-6.8787548803829734,-9.47812940857785
2021-10-05,2.1154815501743345,-6.683492079355981,-9.308023771137359
2021-10-06,0.7694986396683796,-6.028031093629203,-8.470161793143532
2021-10-07,-0.6090796143147754,-5.841516318397075,-8.397518615803817
2021-10-08,0.7726285132464097,-6.269081946206831,-9.007456153309809
2021-10-11,1.5885109699459647,-6.288984568882846,-9.135392242181053
2021-10-12,4.05053078368851,-5.956481317553364,-8.634477377880051
2021-10-13,2.8030747605985047,-6.441299141575242,-9.269083035710613
2021-10-14,5.182744405099235,-5.985232883082262,-8.71861924423185
2021-10-18,8.55464574410798,-5.755780442578196,-8.364716133677184
2021-10-19,6.732094031710364,-5.936606923918885,-8.363309782141023
2021-10-20,6.786162024056994,-5.846396685493655,-8.337465024021618
2021-10-21,7.106113235349453,-5.892499960181423,-8.442066437460726
2021-10-22,5.53639916006213,-5.700101572872588,-8.11742080002714
2021-10-25,4.55773243531756,-5.625756912080102,-8.074010806757
2021-10-26,5.2298807867593995,-6.156974165180941,-8.622408682913726
2021-10-27,5.33296183545559,-6.3109503515015115,-8.814440353391982
2021-10-28,2.2850291537526903,-6.199796056652496,-8.704359739915562
2021-10-29,0.18590176906831957,-6.0820205048550156,-8.540614700215759
2021-11-01,-0.4454702211943147,-6.283771351265365,-8.884727140602331
2021-11-02,0.22829355246659544,-6.201459486307234,-8.781320391358726
2021-11-03,0.2927504101830657,-6.091660617381786,-8.770281789962228
2021-11-04,1.8045829782227802,-6.193032628085962,-9.010605372991424
2021-11-08,2.931555080922416,-7.02006369276785,-9.79535483062857
2021-11-09,3.641611976250296,-6.82340476920568,-9.522985533398627
2021-11-10,2.2012792023842604,-6.60135361181186,-9.128194786439812
2021-11-11,-0.8026928278111446,-6.396372155209951,-8.829845173145953
2021-11-12,3.1777910221625802,-6.799604491240047,-9.39546499482296
2021-11-15,3.893549440933005,-6.302234769037274,-9.057945437460978
2021-11-16,0.6038308222651649,-6.1386584834755675,-8.856051535927923
2021-11-17,0.26032296232820507,-6.052549758923296,-8.807644043916651
2021-11-18,-0.10376807685882522,-6.200515707048281,-8.982475328014862
2021-11-22,-2.872722976580035,-6.512423906512065,-9.376357538799379
2021-11-23,-2.9897084875752804,-5.965710312592839,-8.609114392579299
2021-11-24,-4.8753499050199105,-5.920434225543826,-8.533965060240742
2021-11-25,-3.8490078604158358,-5.732207786304065,-8.26186206123602
2021-11-26,-5.207641406902935,-5.757572201086547,-8.292226839997733
2021-11-29,-7.15243785839101,-6.102207492867569,-8.563932639797848
2021-11-30,-6.889091686195255,-5.661974568443438,-8.004337847833305
2021-12-01,-4.24793113973074,-6.0595626431566565,-8.49272101724532
2021-12-02,-3.27797514246215,-5.492958043421124,-7.928752706066892
2021-12-03,-4.385940067451905,-5.942912834830698,-8.316967412586811
2021-12-06,-4.073093862342866,-6.314544739597323,-8.738157622166895
2021-12-07,-2.418364206441535,-6.127946697056656,-8.790590917475699
2021-12-08,1.5002999848883753,-6.389153956619668,-8.98642604043366
2021-12-09,0.9836338543120602,-5.987597750688496,-8.333661919455974
2021-12-10,4.46693308747577,-6.561059058391385,-9.085436948835323
2021-12-13,3.7864048489895596,-6.415371940296248,-8.807693526406235
2021-12-14,4.091100322022486,-6.319340423173721,-8.601041058473303
2021-12-15,1.5490903824101896,-6.420998962713072,-8.708052535798931
2021-12-16,1.0965169586150452,-6.434632776556764,-8.923268410220397
2021-12-17,1.83036797629089,-5.954677269120796,-8.322047391362172
2021-12-20,1.2050672923065253,-6.382218465178549,-8.945988671175668
2021-12-21,-0.49079212649396026,-6.284960160779646,-8.946455500183784
2021-12-22,-1.7756247080239547,-6.465625687529787,-9.266382095703884
2021-12-23,-0.22507346760589497,-6.23716051805948,-8.897512852878673
2021-12-24,-1.0904372952642851,-6.059233524495344,-8.7614491864902
2021-12-27,0.21982236099037972,-6.0573061474392205,-8.550502329975828
2021-12-28,0.8532241165976293,-6.061702149112688,-8.63941529060998
2021-12-29,0.9457371749457695,-6.089331616744823,-8.62248224475182
2021-12-30,0.15198484653872454,-6.001391414093721,-8.646241331414924
2021-12-31,1.0122848690022497,-6.370079642277916,-8.982141023311641
2022-01-03,5.041375465863239,-6.864662970555239,-9.637905801527292
2022-01-04,6.396413093713823,-6.395448994070164,-9.194668253814715
2022-01-05,4.400075880445,-6.456362220334453,-9.090469989433805
2022-01-06,2.0539393738871894,-6.410381212562164,-8.950739891895475
2022-01-07,2.2811229710776995,-6.190654606751124,-8.77636820350252
2022-01-10,4.3308291737107645,-5.971460999945636,-8.308663380149632
2022-01-11,3.7648030851253096,-5.849307049961121,-8.216106626121
2022-01-12,5.580889556491005,-5.715807040428535,-8.182393445581505
2022-01-13,6.306040075261009,-5.659912530048479,-7.985469125404063
2022-01-14,6.03816616966566,-5.673998889260042,-7.999602903288263
2022-01-17,5.459123446772006,-5.590909641164505,-7.868075146818139
2022-01-18,2.91872150118531,-5.466618142158531,-7.681232594927813
2022-01-19,2.9249019024495895,-6.064406703187801,-8.43901443337362
2022-01-20,2.1261766726412654,-6.061546199522121,-8.500673797416107
2022-01-21,0.3575644853010904,-6.015952527750349,-8.310303467656828
2022-01-24,-4.129448259894614,-5.973539031901618,-8.42762995459454
2022-01-25,-2.87925853448489,-5.892417974338058,-8.08021307933648
2022-01-27,-3.798062669379074,-5.7836737454818055,-8.044123182051885
2022-01-28,-4.71518640057764,-5.559189499330342,-7.948767472479949
2022-01-31,-2.41192637875356,-5.6850445348806,-8.064291361270516
2022-02-01,-2.7654629434465092,-5.648984448353228,-8.049609205542737
2022-02-02,-0.45196182907285865,-5.647074640624992,-8.130534186728404
2022-02-03,-1.2636547699782792,-6.129876442835398,-8.751581171629729
2022-02-04,-0.502971873947294,-6.375895654031156,-9.142683461900116
2022-02-07,0.9299659574217006,-6.568772274037605,-9.491884761575013
2022-02-08,3.0645406982032557,-7.022155248414801,-10.098719316483086
2022-02-09,2.4002672156051856,-7.041394634747223,-10.030616443498712
2022-02-10,3.724330877109555,-7.362465100572721,-10.345371248575574
2022-02-11,1.615595707896095,-7.07424683828557,-10.074917265563935
2022-02-14,-5.13040488552499,-7.152261174414814,-9.932117626018846
2022-02-15,-1.67241091814594,-6.955359715025398,-9.870491807358858
2022-02-16,-3.7151585395909406,-6.547636763596204,-9.22908705903905
2022-02-17,-2.97581126424613,-6.989968443997742,-9.86486536474587
2022-02-18,-2.42513977793857,-6.6698399564131226,-9.407015180706228
2022-02-21,-1.5922966063569748,-6.580788410859157,-9.667811539875842
2022-02-22,-2.706930173215191,-6.405197857815347,-9.303919500112558
2022-02-23,-3.3769821993254254,-6.068158567448597,-8.69277952250174
2022-02-24,-9.364669588526805,-6.211235426504328,-8.79930499260931
2022-02-25,-5.39355289294756,-6.410875945358234,-8.939811733427618
2022-02-28,-0.865660071783366,-7.835298686023441,-11.147144459739971
2022-03-02,-6.094370059050105,-7.959938593778201,-11.417574225505986
2022-03-03,-5.374297038309575,-7.667726432608136,-11.026867484581985
2022-03-04,-5.279591444234801,-7.476463422025544,-10.46612753237601
2022-03-07,-6.910097502438367,-7.0923396285036215,-10.065047657530586
2022-03-08,-6.174984017719136,-6.816536165907592,-9.875751706896859
2022-03-09,-2.692074702118815,-7.043171517088417,-9.675222939014937
2022-03-10,-0.7745259459325355,-6.809885076336696,-9.57336131428005
2022-03-11,3.8682388217160852,-8.332528985345043,-11.923764531269335
2022-03-14,5.70227213382555,-8.351875788651446,-11.693826065179943
2022-03-15,3.7545793645617853,-7.897276252759687,-11.078517387878277
2022-03-16,7.112630208190445,-7.8586163981657595,-11.017082505451977
2022-03-17,7.303313776229761,-7.55764794200621,-10.339473871516937
2022-03-21,6.638217538693826,-7.256283754407954,-10.14882160717056
2022-03-22,9.793655380873702,-7.872060606659376,-11.11961960100689
2022-03-23,7.994707788352915,-7.52003823717825,-10.70804267686309
2022-03-24,5.755227009674045,-7.505666028241038,-10.507833493209953
2022-03-25,3.6615988742733956,-7.370304727500362,-10.36595801657136
2022-03-28,4.210274692529826,-7.247079336147138,-10.111403766467427
2022-03-29,0.880536126602095,-7.265226515233847,-10.321205124847232
2022-03-30,2.5894081178346053,-7.4259484440565116,-10.472766065354142
2022-03-31,0.540779539984435,-7.090933909387807,-10.210909621420688
2022-04-01,1.9262799465373148,-6.898331824123447,-9.996790752045232
2022-04-04,2.9741578488778346,-6.961641539231552,-9.96553605722775
2022-04-05,0.8636412476824851,-6.885554958138166,-9.906166082498517
2022-04-06,1.143062233035315,-6.6660436425217595,-9.72419466724216
2022-04-07,0.7325105815705402,-6.45289352667117,-9.373910242200852
2022-04-08,0.8448822041077801,-6.298337691866357,-8.930586533458296
2022-04-11,-1.2308131086316398,-6.082924062175822,-8.760127449513762
2022-04-12,-2.18701631414846,-5.962993374999945,-8.611904364280864
2022-04-13,-1.9445166886346452,-5.908474184954735,-8.446977631639042
2022-04-18,-6.517850356842705,-5.8189307736001705,-8.27190081736874
2022-04-19,-9.534730750430285,-5.927985688105685,-8.503154189814074
2022-04-20,-8.83108488243211,-5.831397837074762,-8.50511389965848
2022-04-21,-6.3014049843029944,-5.7474295987314274,-8.372650846616695
2022-04-22,-8.456882482568,-5.793011470548786,-8.3900673989903
2022-04-25,-9.425286163606692,-5.662095343460188,-8.240423870934949
2022-04-26,-7.92800173822354,-5.709963580731293,-8.00699207602815
2022-04-27,-8.19242375757492,-5.854471279039237,-8.301664840830115
2022-04-28,-5.3354874024738885,-5.948533020382774,-8.333715314326474
2022-04-29,-7.574421374182914,-5.685302703436503,-8.221680348936754
2022-05-02,-4.392205993410469,-8.360216202823175,-12.183333871908067
2022-05-04,-4.097788120620964,-8.683538948112131,-12.67193430015959
2022-05-05,-3.0429279216270295,-8.280574245786132,-11.978493699599158
2022-05-06,-5.638009362208749,-7.971926193152512,-11.271750884016802
2022-05-09,-3.0084668707642144,-7.936027763007289,-11.397166532442675
2022-05-10,-2.2759425125236543,-7.706236814560446,-11.098534459506494
2022-05-11,-4.6945839665590094,-7.419808576501763,-10.927931700141507
2022-05-12,-5.043361929889274,-7.3316383272332155,-10.797759154932214
2022-05-13,-9.144205656910813,-7.221447185839889,-10.436971040269054
2022-05-16,-6.91125294996963,-7.347807886161517,-10.511866984316821
2022-05-17,-3.2107127990139004,-7.352330989535401,-10.404490684114602
2022-05-18,-3.1748148075705145,-7.368681880007811,-10.387213666194638
2022-05-19,-8.75544834782307,-7.373552433079338,-10.25341253298251
2022-05-20,-5.2036793914221295,-7.283773820501924,-10.34942079800618
2022-05-23,-4.9575876826108205,-7.108842141109624,-10.099243950953046
2022-05-24,-5.14570256329591,-6.959212811133708,-9.837314523656023
2022-05-25,-5.600102175489955,-6.836048891865354,-9.831777328068606
2022-05-26,-1.4487896713898092,-7.070962083078334,-10.107227501622084
2022-05-27,1.9830345462048558,-7.503603647979727,-10.619889349450528
2022-05-30,4.133134931635121,-7.231624834338924,-10.310264739082744
2022-05-31,0.8951594046193855,-7.302943016552771,-10.158955543936404
2022-06-01,1.3871198062459364,-6.994759025861835,-9.963469548581113
2022-06-02,6.49310603339852,-8.521913936816016,-12.0945320029824
2022-06-03,3.763534217026516,-8.525477673608528,-11.987224549946868
2022-06-06,3.6602135410617205,-8.203831860107284,-11.432835084861996
2022-06-07,3.6761240915632913,-8.014919251827875,-11.22213616363287
2022-06-08,5.463420678226917,-7.697713595863892,-11.097519515326395
2022-06-09,3.41741543720891,-7.699313501581883,-10.84363607445248
2022-06-10,0.28978563427952,-7.463667362253401,-10.78662059135997
2022-06-13,-6.06541514615033,-7.554760494957745,-10.792621007318541
2022-06-14,-4.325138286798884,-7.114366359144319,-10.29165227941941
2022-06-15,-3.7861464210677345,-7.189578945591177,-10.1428828528946
2022-06-16,-6.91615155002841,-6.990124357998116,-9.875955501843265
2022-06-17,-7.219269292472511,-6.730128530507515,-9.652762479775928
2022-06-20,-7.16768397073651,-6.4690835165240665,-9.425287396555614
2022-06-21,-3.3052472423766694,-6.636704823960394,-9.421448400050318
2022-06-22,-4.710836337073925,-6.566337634838413,-9.428267141375457
2022-06-23,-3.8016044347962454,-6.3446243426361475,-9.135849760581328
2022-06-24,-2.05317521485611,-6.611809885336988,-9.5680050815274
2022-06-27,3.420754052843085,-7.6121028717462424,-11.1690665996452
2022-06-28,3.1262516401558242,-7.395462079919978,-10.755158401339955
2022-06-29,2.2739990703338244,-7.3489148515649445,-10.54273017959401
2022-06-30,4.941664358365545,-7.569305832304257,-10.802490706682264
2022-07-01,6.062020549261065,-7.371328968456989,-10.488492153090649
2022-07-04,6.814727744518734,-7.230552668235432,-10.390398102601374
2022-07-05,3.2095519348962895,-7.1983562690306515,-10.344787708003858
2022-07-06,5.341087922690474,-6.647451620861032,-9.623728305118897
2022-07-07,5.337156463291479,-6.723558346693907,-9.544630055057787
2022-07-08,6.121990506270531,-6.678705287894187,-9.41523820847247
2022-07-11,2.7954825254860705,-6.5013080743566976,-9.451791401038495
2022-07-12,0.757484286688205,-6.587601329015441,-9.264048391893228
2022-07-13,2.2518703679241003,-6.471553782270968,-9.187844618411727
2022-07-14,0.279648156207815,-6.262246163860915,-9.087445604473007
2022-07-15,-0.3908088722076849,-6.279736349977269,-8.97615172462422
2022-07-18,1.8123560236041196,-6.105845846252573,-8.743650745783292
2022-07-19,2.937165396960425,-6.026615219074881,-8.458039104125298
2022-07-20,3.685519287720485,-5.841799294605209,-8.323337382768473
2022-07-21,3.661748425784764,-5.686380614802296,-8.10226434843182
2022-07-22,2.24007789317292,-5.5139218702599235,-7.993171373460078
2022-07-25,3.96615672741415,-5.932124113134932,-8.690396050904523
2022-07-26,3.3626145967907655,-6.303881885323947,-8.913469927491843
2022-07-27,5.024305789336089,-6.089312475856039,-8.526572911193377
2022-07-28,8.259317643835034,-6.353796009766411,-8.897908563621781
2022-07-29,8.899589115681355,-5.982841046879789,-8.259350331946386
2022-08-01,6.25666417602706,-6.30871033814146,-8.774115726906773
2022-08-02,6.21129596074757,-6.255833464697074,-8.638731778107257
2022-08-03,4.72275901142532,-6.0582610368764005,-8.320189657174058
2022-08-04,4.1673973147446794,-6.112958084936868,-8.530144331507232
2022-08-05,5.195832897633674,-5.810428440736156,-8.114473455380839
2022-08-08,3.96011162456885,-5.661943690573458,-8.023377917119795
2022-08-10,5.007468279336194,-6.60210574205925,-9.549005461098332
2022-08-11,4.49328836233159,-6.430672238942101,-9.246068302366446
2022-08-12,2.3009421755562194,-6.571704037972987,-9.403507877779154
2022-08-16,1.2584104196834192,-6.329598176020235,-8.995328046878615
2022-08-17,1.2211504183746391,-6.107387315053051,-8.80086176592652
2022-08-18,0.3511765172519444,-6.068180630863021,-8.533182787480339
2022-08-19,-0.9519751161192407,-5.90788648327142,-8.29026106141274
2022-08-22,-2.865363942921335,-5.930407265904565,-8.497981509858139
2022-08-23,-3.219835616499515,-5.7896424878678125,-8.34810007695328
2022-08-24,-2.7007050734553903,-5.880613338958545,-8.575166463817562
2022-08-25,-2.151385462586055,-5.898551797536331,-8.547611630291645
2022-08-26,-3.223895807263465,-5.916146724361845,-8.710520348191595
2022-08-29,-5.849812186793425,-6.073478191791737,-8.69707059406005
2022-08-30,-2.85008730465401,-5.958640304792421,-8.7440567029692
2022-09-01,-4.1444870604053445,-5.756850240636587,-8.45340191276593
2022-09-02,-3.8760818714402943,-5.622783759285821,-8.140269481334268
2022-09-05,-2.6917228078988895,-6.264519770511721,-8.85958591853896
2022-09-06,-1.4531483343768494,-6.392364564548586,-8.995875691048743
2022-09-07,-1.7875034607547846,-6.625313749367686,-9.36793040608645
2022-09-08,0.33859527824401536,-6.358177542417756,-8.748784026906437
2022-09-09,2.855110749320275,-6.452876325373214,-9.09845052465624
2022-09-12,3.3630150225516204,-6.280415307359419,-8.886253630153405
2022-09-13,6.792029923189671,-7.339281174225815,-10.569201179165574
2022-09-14,3.082207069024024,-7.13932410706569,-10.065952919683992
2022-09-15,2.4319395313597285,-7.0610689056622835,-10.2508006410796
2022-09-16,-0.3990118316430258,-6.900952062028087,-9.897751625559238
2022-09-19,0.5119460332677641,-6.723658446136505,-9.688276969354872
2022-09-20,0.9207638995586747,-6.54284720342198,-9.632616069505
2022-09-21,0.5066550558622531,-6.474869747448423,-9.367910876447116
2022-09-22,-1.7604872138430654,-6.302715551166101,-9.279736520431747
2022-09-23,-5.335001713515785,-6.044414574671704,-8.74241218802505
2022-09-26,-6.408670878597305,-6.115786656236928,-8.956363445556315
2022-09-27,-7.121473566970176,-5.810065283743138,-8.33841918259283
2022-09-28,-7.091953921728554,-7.225915406578313,-10.627379490496034
2022-09-29,-5.8167897674885145,-7.539758551859982,-10.92065941843218
2022-09-30,-1.5523743124953047,-8.193822612620826,-12.2402674117444
2022-10-03,-4.687477514511464,-7.98268408670452,-11.76885121737177
2022-10-04,-2.2881677656990194,-7.56484615120727,-11.075041815221903
2022-10-06,-0.17665289284074914,-7.369226704194567,-10.724715240587647
2022-10-07,-0.4278237029562888,-7.087207616078548,-10.337361942056887
2022-10-10,1.6024285396103157,-7.369603340112883,-10.461373468118097
2022-10-11,0.06812329532046113,-7.005696386376708,-10.144606341716827
2022-10-12,0.9932501087830657,-6.918922274006072,-9.90325259474856
2022-10-13,0.5703995147358907,-7.171922812248704,-10.133225099504555
2022-10-14,3.1516687868866713,-6.961097747350105,-9.689339693238349
2022-10-17,3.850307333280986,-6.681947678909642,-9.4503362300099
2022-10-18,7.74424997999522,-6.815200776090834,-9.66042156097408
2022-10-19,3.8292757131789297,-6.859621194437208,-9.69608094155008
2022-10-20,3.2043901164406647,-6.7179023554789135,-9.650905974776283
2022-10-21,4.4803384183187545,-6.6027510289266464,-9.36467149143854
2022-10-24,5.46335131361171,-6.585086102634233,-9.288997747139113
2022-10-25,8.10413570803327,-6.977541056518076,-9.83871839853576
2022-10-27,7.890670683259179,-6.694048530897027,-9.641952194316389
2022-10-28,8.24402028703387,-6.75800692183651,-9.669971510878964
2022-10-31,6.88380757224564,-6.6582975570758345,-9.604248924056796
2022-11-01,6.22374203618131,-6.67843169083091,-9.474561059315139
2022-11-02,3.1694028429739847,-6.826053287868573,-9.640772108209676
2022-11-03,4.813459561458311,-6.635988114321446,-9.730955733794717
2022-11-04,4.33330903644854,-6.495740155292849,-9.305312003239012
2022-11-07,5.31380318485467,-6.416989126412424,-9.119386715342259
2022-11-09,4.124074542578825,-6.411900472826182,-9.063088805479758
2022-11-10,2.0364729960159846,-6.241935803295054,-8.917816575636676
2022-11-11,3.32515284801194,-6.070880745178577,-8.656183244060212
2022-11-14,4.199902892659725,-5.982524549265054,-8.71954087768907
2022-11-15,4.102779490440979,-5.9713103584082985,-8.63338889131499
2022-11-16,2.8805695318689897,-5.779325410999525,-8.440342769243411
2022-11-17,3.2346420563815,-5.88921577567375,-8.293920050653856
2022-11-18,3.504550136509235,-5.786606808471232,-8.459063580515757
2022-11-21,2.106800014980765,-5.754115712737623,-8.52610277816458
2022-11-22,1.269291874452955,-5.969712400435933,-8.723306836893865
2022-11-23,1.6797689794083301,-5.809067299643508,-8.498888607688373
2022-11-24,4.38092363954094,-5.775588361376341,-8.507097457248431
2022-11-25,2.549733391448705,-6.188454635800466,-8.794740420368322
2022-11-28,2.5237481376879454,-6.1648478747113264,-8.805598510874939
2022-11-29,1.7242195422730835,-6.121911245904389,-8.736762809988868
2022-11-30,1.2175956962885286,-6.083973969645338,-8.775384796877352
2022-12-01,2.8982936306842237,-5.938924476932049,-8.679085516552341
2022-12-02,1.7779842468396037,-5.907233206522552,-8.364324264715531
2022-12-05,3.8106319276384135,-5.834144179098028,-8.461448004546812
2022-12-06,1.6862797485288736,-5.685241741344435,-8.181669286145949
2022-12-07,0.6515400043506935,-5.74126988213962,-8.106766970569355
2022-12-08,-0.10855429458841137,-5.657983056235404,-7.954075730158804
2022-12-09,-1.3269914425641316,-5.517111368886345,-7.891515573734406
2022-12-12,-2.0395331388073963,-5.480251162925666,-7.803984209497559
2022-12-13,-1.108413898010515,-5.256168874182387,-7.643194300745432
2022-12-14,0.14897026726690488,-5.236087333473875,-7.519770372590041
2022-12-15,-3.0067800442526105,-5.264740968260353,-7.610923843719731
2022-12-16,-4.009768180426495,-5.35845056153196,-7.735993954291364
2022-12-19,-5.26134876035438,-5.335371056234157,-7.754721983920378
2022-12-20,-3.7565617749147022,-5.557278709443497,-8.047919027433526
2022-12-21,-4.2182995660537514,-5.564599621314541,-8.084613688247304
2022-12-22,-4.637602808544702,-5.289060392287129,-7.773400526027915
2022-12-23,-5.926438105973312,-5.814428103335435,-8.692387260505747
2022-12-26,-2.787237503112277,-5.934711657894462,-8.719935515720604
2022-12-27,-3.0750065775584927,-5.725505967952408,-8.455148836018948
2022-12-28,-4.235460847379792,-5.685433118219958,-8.212578820109385
2022-12-29,-1.088503361521052,-6.114136599613789,-8.838252453581976
2022-12-30,0.38844813048297344,-6.3234871701317115,-9.327085934504222
2023-01-02,1.186282020586718,-6.23283350785722,-9.121030937616444
2023-01-03,1.1566728367984602,-6.174700181750482,-8.908418559129263
2023-01-04,0.49355008918376964,-6.188321847268611,-8.855389615725453
2023-01-05,-0.5869895329296502,-5.946208536266491,-8.626491683707231
2023-01-06,0.6190867934843596,-6.677308542411473,-9.613019016267735
2023-01-09,0.2788561663206246,-7.015120914923118,-9.76397671338409
2023-01-10,-2.07509924429129,-6.763174892835564,-9.440838248211355
2023-01-11,-1.6680121015173703,-6.607775167173458,-9.179740568860497
2023-01-12,-2.6330945428315853,-6.3287813018580765,-8.910559896279878
2023-01-13,-1.2715683181171904,-6.164885828847218,-8.67510996084418
2023-01-16,-0.7079053071981748,-5.991994769804272,-8.522197104639666
2023-01-17,-1.0602350085181553,-5.6958396231874175,-8.272442804196025
2023-01-18,0.5154341712027799,-5.893142961371208,-8.517091408812869
2023-01-19,0.8374422183301702,-6.028729163435383,-8.58899184120595
2023-01-20,1.8829184396547551,-6.218518009020334,-8.8281983306299
2023-01-23,1.49587368429493,-6.173758330008495,-9.015013791886442
2023-01-24,2.6521287263780096,-6.377668067266653,-9.383015117006881
2023-01-25,-0.022264841056909734,-6.1540059341712965,-8.907567740631242
2023-01-27,-3.5606618067059848,-6.075914041085681,-8.88836821238716
2023-01-30,-4.28791996307426,-5.900822901198438,-8.724632853119147
2023-01-31,-4.013104208415205,-5.732576941242432,-8.59781714303123
2023-02-01,-5.48694267862972,-5.783197308865349,-8.656008905216552
2023-02-02,-4.438952731414906,-5.709605255788366,-8.34163369961594
2023-02-03,-2.0995301785506344,-5.650849903985095,-8.275470552938213
2023-02-06,-2.684994248078375,-5.6548925663595035,-8.380761369365638
2023-02-07,-4.189430444646595,-5.7197750987857034,-8.432307716751414
2023-02-08,-2.6718129639396406,-5.7146715313921,-8.355119271215802
2023-02-09,0.7431242200463605,-6.770633825175094,-9.847074143668502
2023-02-10,4.0576959116405895,-8.33649135061377,-11.764601294153518
2023-02-13,0.8572777036247206,-7.898736646910497,-11.309431313246957
2023-02-14,0.7470291189624152,-7.663895778395084,-10.960374536022707
2023-02-15,2.852833692441576,-8.61308581229115,-12.040388053123959
2023-02-16,1.6900560924833299,-8.023380542729578,-11.285589905105036
2023-02-17,-1.7178128736456646,-7.8968383243776135,-11.43849096199319
2023-02-20,-1.177091274195345,-7.797277399062522,-11.32163053063075
2023-02-21,-1.6652372545962648,-7.773515254534838,-11.161512858364956
2023-02-22,-4.044416159189195,-7.542750697218895,-10.739642882414168
2023-02-23,-4.87438122394912,-7.294528825549813,-10.307482463659692
2023-02-24,-4.813064505496058,-7.074297955043298,-10.086113093805135
2023-02-27,-2.8102374116597644,-7.696914517697185,-10.8944327376524
2023-02-28,-5.1294229739268085,-7.398305711337541,-10.771711110571141
2023-03-01,-3.7808954251917193,-7.1027394415781355,-10.324828908233263
2023-03-02,-4.811523909855829,-6.8293183462784475,-9.737606561949834
2023-03-03,-0.6471280991043233,-6.705452775015331,-9.616584380056464
2023-03-06,0.6214800714956813,-6.781876349430059,-9.514935629920808
2023-03-08,0.9754198029474668,-6.512794360111947,-9.254779170480077
2023-03-09,1.2829609817297216,-6.6887087469536155,-9.393928865787885
2023-03-10,-0.15258343874762903,-6.553838321588014,-9.23755815870897
2023-03-13,-3.0204315149146046,-6.378723070641916,-9.08042425881553
2023-03-14,-3.2678618377694457,-6.701026739356272,-9.519706747345769
2023-03-15,-2.84064983722785,-6.796229825526563,-9.528987687134613
2023-03-16,-4.321282389860595,-6.654866457313713,-9.720943190636001
2023-03-17,-2.150120055616915,-6.6660876546002426,-9.757065511697732
2023-03-20,-6.514073834111565,-7.155353268602346,-10.404478943298203
2023-03-21,-7.710003766819209,-6.813675596202294,-9.680851577303645
2023-03-22,-7.574449899588456,-6.625573780485678,-9.593352246955394
2023-03-23,-8.018404959963746,-6.630931835892559,-9.511386957666398
2023-03-24,-7.17995319895459,-6.794650557657741,-9.779740452636215
2023-03-27,-3.5429357502767505,-7.598959590555966,-10.821449585377442
2023-03-28,-3.189785381474585,-7.423452872633273,-10.862782092186789
2023-03-29,-1.3894255598514103,-7.437711164628306,-10.769941352844407
2023-03-31,0.7706183220997347,-7.2668705936278215,-10.527254750958273
2023-04-03,-0.6365432066138956,-7.062916607574254,-10.447469933607943
2023-04-05,1.0685085600885398,-7.038538947547816,-10.416234240815607
2023-04-06,1.6620024549782848,-6.975922342676177,-9.992587650277713
2023-04-10,1.814844678511625,-6.789897208925342,-9.779861552379375
2023-04-11,2.9885986156161897,-6.871541959940977,-9.85394639622444
2023-04-12,3.90771394911872,-6.838472134460822,-9.685545207330964
2023-04-13,2.19513482052814,-6.596579560145994,-9.446325732423007
2023-04-17,-1.1155078367612545,-6.567408166839094,-9.32143126723183
2023-04-18,-1.9394040857769501,-6.508665119259307,-9.33035242971712
2023-04-19,-5.8164187174152495,-6.642529834776046,-9.525587636610057
2023-04-20,-5.443279741446565,-6.554213532721374,-9.611133646880816
2023-04-21,-5.5246060723516495,-6.435837784085821,-9.525232118465654
2023-04-24,-4.90892626104745,-6.3181602763464815,-9.261862288848802
2023-04-25,-4.393048451603905,-6.030461834731227,-8.893324980797404
2023-04-26,-3.6727156261852443,-6.042502325741378,-8.907685264856907
2023-04-27,-3.4718881183662202,-6.0092850916772145,-8.727536146671683
2023-04-28,-1.086076720352885,-6.316861748769421,-9.109786696605298
2023-05-02,3.5523268685995752,-10.802191122382565,-15.873026688735358
2023-05-03,2.5960291209366497,-10.14423275409531,-14.774453268510227
2023-05-04,5.195537491422001,-9.686407363327504,-14.38209952570406
2023-05-05,4.2659926872627345,-9.333011002449018,-13.664561153578296
2023-05-08,5.125953138796964,-8.847879452747126,-13.105835314056657
2023-05-09,3.4538533796190247,-8.16203685137767,-12.352375619258504
2023-05-10,2.4585655010806553,-7.998532549122062,-11.811580609799751
2023-05-11,1.7724973454438395,-7.517116686386892,-11.21877798650577
2023-05-12,1.130363641462805,-7.422392307425417,-10.480798075248753
2023-05-15,0.533293538819565,-7.148273923289429,-10.57547612689683
2023-05-16,0.42963427542740495,-7.003271723908623,-10.320469284083154
2023-05-17,0.4815650751382049,-6.897859045857301,-9.84544596641514
2023-05-18,-1.5960256613594002,-6.7506460497065905,-9.810729536415536
2023-05-19,0.2704308785113949,-6.705162927905752,-9.653662372049487
2023-05-22,0.5075318684308898,-6.431129517474762,-9.615743125558641
2023-05-23,1.8429876272398849,-6.540348621490316,-9.5860333544715
2023-05-24,2.2910680554694047,-6.2381407547651255,-9.183862993224123
2023-05-25,2.5601588067505996,-6.223861769451953,-8.959474354467513
2023-05-26,3.49441203443502,-6.2499650596845155,-9.104253871528757
2023-05-29,3.29209558935796,-6.13053615630082,-8.809901757129735
2023-05-30,2.8525497415976453,-5.910322372047502,-8.668106873996253
2023-05-31,3.193335186875705,-5.901051147005689,-8.68303191204453
2023-06-01,4.56706185093739,-6.065649502526513,-8.887991709135
2023-06-02,3.83882183031332,-5.988823119307972,-8.91458018097227
2023-06-05,2.9434951261393953,-6.030053696945164,-8.849542377665712
2023-06-06,1.1350208872855998,-5.877219050079361,-8.685561881884981
2023-06-07,1.809662879627525,-5.751663826512903,-8.572784264492842
2023-06-08,1.4166945445862449,-5.398108012664643,-8.096581215844306
2023-06-09,-0.9906684282983202,-5.514669438714353,-8.122032657324917
2023-06-12,-0.6246857456055404,-5.490450187123952,-8.284926213038318
2023-06-13,-0.4956822721642804,-5.6696530476038225,-8.531487483729038
2023-06-14,-0.3013482572162753,-5.494856007213203,-8.415298512346867
2023-06-15,-2.0012117814907455,-5.293773646772487,-8.147247850996386
2023-06-16,-1.6606357370855156,-5.146828576195414,-7.881139521335699
2023-06-19,-1.9915151981177357,-5.0853115965008815,-7.776540766969339
2023-06-20,-0.6123804996185453,-5.3101267223873005,-8.376948223815639
2023-06-21,-1.5758602534955253,-5.350757055918172,-8.275650055028997
2023-06-22,-2.2680491941578653,-5.313365686943397,-7.975439687466844
2023-06-23,-2.16438483971205,-5.621944803645652,-8.344564570335326
2023-06-26,-2.745164510737885,-5.640052133464029,-8.354603350364602
2023-06-27,-1.8961758697371598,-5.567696919842305,-8.034502584645143
2023-06-28,-0.860645159618675,-5.384302474655842,-7.920374747242803
2023-06-30,2.414699085062,-5.712106978228826,-8.327132931305648
2023-07-03,2.8295189893835797,-5.562363373300604,-8.150011094556541
2023-07-04,3.7000530919954455,-5.540425014112162,-8.036908952830103
2023-07-05,3.6600266203787846,-5.415037273901244,-7.880659878803099
2023-07-06,3.942514553703365,-5.189467595630124,-7.776155835001241
2023-07-07,4.513691660339655,-5.424085986624291,-7.745154773751043
2023-07-10,5.787004948847626,-5.4613621498162015,-7.979472501879918
2023-07-11,5.739076134052344,-5.438506514961642,-8.019181508518162
2023-07-12,4.077061253865245,-5.505490270618337,-7.9794826781375345
2023-07-13,4.071441059428645,-5.422314615632746,-7.951072155053768
2023-07-14,4.27471877090554,-5.420594571165615,-8.062621612943731
2023-07-17,4.55777458362025,-5.607834923807442,-8.10236719583651
2023-07-18,4.876758607683,-5.486811735450897,-8.005908966602446
2023-07-19,5.43630326232476,-5.342562400115212,-7.928359109411077
2023-07-20,5.241648918998955,-5.308450166411524,-7.984710773640267
2023-07-21,1.8315528112961053,-5.210188523966897,-7.933115403407637
2023-07-24,2.34958320401974,-5.104644416465644,-7.786656126132363
2023-07-25,1.2352846800471102,-5.208763029818198,-7.656193105396801
2023-07-26,2.7305391603714355,-5.137133943457077,-7.795885543129809
2023-07-27,2.131229779807146,-5.311593157344099,-7.772997160694407
2023-07-28,-0.4526621768370741,-5.388364982834832,-8.089924312164124
2023-07-31,-0.8566659450350194,-5.582348802949067,-8.263515525163694
2023-08-01,-2.2551611376145493,-5.777625332735008,-8.715264973825986
2023-08-02,-4.422936067041079,-5.802271320670981,-8.775712151153039
2023-08-03,-4.6574190101884545,-6.112014263350178,-9.092328015130285
2023-08-04,-1.7934888086300447,-9.737644132082567,-15.206083735524771
2023-08-07,-2.1322875321480748,-9.091382035899182,-14.245760625252526
2023-08-08,-1.04634245596608,-8.488369936901664,-13.4470793528012
2023-08-09,-1.823022065047265,-7.984312093656833,-12.541854338387358
2023-08-10,-2.294946299910615,-7.400087980410028,-11.797225097724947
2023-08-11,-2.36598403830869,-7.117227992882951,-11.063252684197765
2023-08-14,-3.657060486181535,-6.647312745162041,-10.203299986331668
2023-08-16,-2.03715582276956,-6.6260129443040565,-10.080361324827063
2023-08-17,-0.27096043378402995,-6.71624478192205,-10.177187636337587
2023-08-18,-0.6186326831540996,-6.594529456071132,-9.702918797100054
2023-08-21,0.8320077119077903,-6.885241189170779,-10.010149246417718
2023-08-22,0.43716313427302544,-6.734257352247081,-9.969214639379334
2023-08-23,0.9648023822076652,-6.388884518020621,-9.593725542998301
2023-08-24,1.3143151898090601,-6.1963363456232825,-9.218590977181186
2023-08-25,0.7800166950499403,-6.171198623834063,-9.211595325126563
2023-08-28,1.45807932263186,-5.97729822920178,-8.920779821615595
2023-08-29,2.09454420663134,-6.3754803619028335,-9.414325763127978
2023-08-30,0.7644561030232699,-6.299792475183943,-9.536846833632945
2023-08-31,-0.11332970438913009,-6.1515699581651955,-9.4383138577685
2023-09-01,1.64605533916742,-6.152103865094901,-9.281909692585785
2023-09-04,2.4156552860655,-6.116493194077781,-9.261174862124262
2023-09-05,3.0017922977022495,-5.909773837637575,-9.064604871720977
2023-09-06,1.8513474053258445,-5.889404664414695,-8.820035200055463
2023-09-07,1.655926653250035,-5.701476123329931,-8.838309682012794
2023-09-08,2.88364928219749,-5.714844338516099,-8.878106850077394
2023-09-11,3.72138246597047,-5.5480197726406955,-8.589752930481463
2023-09-12,4.020520915566935,-5.441325056923752,-8.54082970382478
2023-09-13,4.651302619670785,-5.72599146837157,-8.748990481301835
2023-09-14,5.534205994081065,-5.582173082533224,-8.454937262016674
2023-09-15,4.796834310605499,-5.313590876528165,-8.231731321051619
2023-09-18,3.3112704560682698,-5.278758554165647,-8.136489832350296
2023-09-20,2.7760413568389346,-5.414634378906059,-8.22028438617974
2023-09-21,2.339122966952515,-5.290336450357964,-7.97777260963847
2023-09-22,2.6336933648596457,-5.395304617111042,-7.964067934550121
2023-09-25,1.0548006318601755,-5.042271788469028,-7.286394032094519
2023-09-26,-0.3103074184840151,-5.162619350011217,-7.658731916577626
2023-09-27,-1.0301007736583299,-5.161113671571872,-7.673341996636969
2023-09-28,-2.5530576473768747,-5.299245467641625,-7.842598606872385
2023-09-29,-2.3259331579756353,-5.320544106602693,-7.80476919570085
2023-10-03,-2.289715166341745,-5.0314179395082235,-7.5906908757735545
2023-10-04,-3.10345989825303,-5.139155808875396,-7.617383779433408
2023-10-05,-1.6574183034451848,-5.010516896929789,-7.378464993305768
2023-10-06,-0.2574844979110753,-5.311114461297085,-7.798176246783179
2023-10-09,-1.7995499224344451,-5.4229212948711725,-7.764717539138128
2023-10-10,0.5048461502558599,-5.513016570654287,-8.077516983272286
2023-10-11,0.630629106640215,-5.416329827124974,-7.959716876845024
2023-10-12,-0.36582621719187003,-5.318883444041263,-7.969506207131522
2023-10-13,-1.4726246690615397,-5.467599635425595,-8.282725344480296
2023-10-16,-1.9958123879763496,-5.471055844504151,-8.076942797906499
2023-10-17,-1.9535170771283596,-5.449640485974767,-8.03616542310387
2023-10-18,-1.3052961921000945,-5.930605693785525,-8.966455598110864
2023-10-19,-2.8296783395232947,-5.832003980508554,-8.757361121812915
2023-10-20,-4.462833782138064,-5.615591938982497,-8.673702822839882
2023-10-23,-5.14231558970817,-5.664485937818923,-8.58805582893447
2023-10-25,-6.81531035162196,-5.40599176779432,-7.906885337981183
2023-10-26,-7.732862014598995,-5.468625299964343,-8.236965714400823
2023-10-27,-4.520777200434644,-5.5257141207774,-8.524376111204099
2023-10-30,-2.2431329627892,-5.96847946883072,-8.931988689251513
2023-10-31,-2.58854218693883,-5.7747630343924445,-8.389856820494446
2023-11-01,-3.39483668722689,-5.6956319974709775,-8.635484967187324
2023-11-02,-1.9102613135655493,-5.647707051514141,-8.502876090129204
2023-11-03,-0.3324587154802092,-5.542652709532599,-7.854701644046926
2023-11-06,0.7859694979081004,-5.639156302467284,-8.29904077866037
2023-11-07,2.8548473363878353,-5.821127657949836,-8.617724925945144
2023-11-08,2.8796473307478556,-5.938849293813346,-8.765652713118474
2023-11-09,3.3479267646914703,-5.919734431477183,-8.513402356294261
2023-11-10,1.1905532355063104,-5.8067201556816155,-8.310303504527594
2023-11-13,1.2814176275001103,-5.661129871734921,-8.138899140165998
2023-11-15,3.1801168042602352,-5.460540759170507,-7.6111624172288455
2023-11-16,4.828954025222675,-5.514788410042539,-8.02865736995164
2023-11-17,1.603734571574659,-5.4106526787661835,-7.894880910535069
2023-11-20,0.4218297284460288,-5.217834897319734,-7.627369028420343
2023-11-21,0.12473333645045372,-5.240469789091452,-7.484903970286089
2023-11-22,0.04263347264659351,-5.248163362180026,-7.54369405691314
2023-11-23,0.26627615559687373,-5.14653971431217,-7.232823760091523
2023-11-24,0.6454969974479586,-5.260198349184262,-7.729118895968144
2023-11-28,1.311580135188529,-5.1648200873389225,-7.516487873606622
2023-11-29,1.9293985079628038,-5.00668345872431,-7.120723431844129
2023-11-30,-0.17754725837881608,-5.176089574461709,-7.399925491601319
2023-12-01,-0.8601650824388001,-5.223982658118604,-7.664335936614239
2023-12-04,3.65799469466714,-6.003173258281799,-8.610868675725037
2023-12-05,4.39899428772383,-5.890874131813217,-8.233535602281558
2023-12-06,5.226893631614844,-5.7163124022987715,-7.923466850521735
2023-12-07,4.78614353976404,-5.343365664480224,-7.593690180301506
2023-12-08,6.0446663168182155,-5.333543622355504,-7.831498716549233
2023-12-11,6.338673625271629,-5.2501703123032275,-7.594535677267661
2023-12-12,5.219359443590819,-5.141861358266908,-7.5078277251643435
2023-12-13,3.950580537468675,-5.007799469308454,-7.366003683043162
2023-12-14,6.52642474807086,-4.982408087985284,-7.132067778631263
2023-12-15,10.441891241018364,-4.9583832573869175,-7.384638029093219
2023-12-18,7.633188092627859,-5.425016698662623,-7.816419529009106
2023-12-19,7.198565819192495,-5.528279873840661,-8.033215888165124
2023-12-20,4.31248448140526,-5.210027712787005,-7.829035412336243
2023-12-21,4.889028405017704,-5.438675611312974,-7.9084437615241825
2023-12-22,4.156656745370244,-5.214546587603121,-7.71592168563365
2023-12-26,3.7294875506089396,-5.019092185904572,-7.461603727691579
2023-12-27,5.8605213527460895,-4.996981120141938,-7.52819176577701
2023-12-28,6.257791480560259,-5.524152532581686,-8.105041561854998
2023-12-29,2.815461249695799,-5.73743409239272,-8.479223956879956
2024-01-01,-1.3993640676781347,-6.5477434684221185,-9.314010916167721
2024-01-02,-1.6692240598516652,-6.409969082364138,-9.288649698386806
2024-01-03,-3.161044855571385,-5.904028964376407,-8.57456695682366
2024-01-04,-0.28480050312412497,-6.471960217676625,-9.554193946557131
2024-01-05,-0.2524199433512696,-6.162463990376437,-8.720310822554287
2024-01-08,-2.07113657427063,-6.243406101575148,-9.152561329695265
2024-01-09,-1.4779516768302199,-6.164153684435731,-9.174926223547084
2024-01-10,-3.6391557126680145,-5.966057693414964,-8.729516945784676
2024-01-11,-4.6936955244767296,-5.828359107368253,-8.306407235180664
2024-01-12,1.5514325028210645,-5.824944053564598,-8.468052057970008
2024-01-15,3.048538584723934,-5.718347125131832,-8.311776875653782
2024-01-16,2.869764828627724,-5.728417772366042,-8.25530599117601
2024-01-17,3.4274097506041987,-6.255265926926603,-9.062111588839034
2024-01-18,2.9823044149356344,-6.006060441538691,-8.581183295775178
2024-01-19,2.8516972192821686,-5.72951642238087,-8.165768977951295
2024-01-23,1.995130238458974,-5.93211654715514,-8.512084630573783
2024-01-24,3.991198560027134,-5.756907850816949,-8.303994163867541
2024-01-25,3.9529452847758337,-5.735939415346423,-8.144384616278412
2024-01-29,5.380024896262484,-5.762009843847028,-8.420126257044938
2024-01-30,0.6421362871607196,-6.574823405082911,-9.664119437938501
2024-01-31,0.2968576261939102,-6.58982190868746,-9.959598305044848
2024-02-01,1.6123121566409848,-6.415078318753937,-9.579140247716564
2024-02-02,3.448696743243245,-6.3821095778638455,-9.284920341530935
2024-02-05,2.4919680699283147,-5.9312544683312245,-8.427706155207597
2024-02-06,3.8341398211729603,-5.581573406572525,-8.174126219821185
2024-02-07,7.031395092442629,-6.239969404175246,-8.855211140273317
2024-02-08,6.669101896023956,-6.123433905467709,-9.135702019447622
2024-02-09,8.435454840096726,-5.839719195455239,-8.635665018275503
2024-02-12,7.096129422637445,-5.509026001786332,-8.197253173952612
2024-02-13,7.470477176339865,-5.349361690838931,-7.98006917208763
2024-02-14,7.608555280471944,-5.548132251537283,-8.083601100667904
2024-02-15,8.68910558512278,-5.406855859499774,-7.630772979298714
2024-02-16,7.738807935122835,-5.352257495613465,-7.644929717340008
2024-02-19,8.683751218222024,-5.290635825602222,-7.640154559150151
2024-02-20,6.510178195561476,-5.46542069262732,-7.934428678313863
2024-02-21,5.522100653466785,-6.10390945848501,-8.920514211248413
2024-02-22,4.212045416217025,-6.016015782915415,-9.039741868051689
2024-02-23,2.5016948372952945,-6.260859047392779,-9.300936657789778
2024-02-26,2.881096676238525,-6.361784336061604,-9.296746028016257
2024-02-27,1.8623110623914445,-6.186101451589989,-9.081312026611789
2024-02-28,0.09074634980390978,-6.962479259967097,-10.152169146709396
2024-02-29,-0.9739348794891102,-6.75655032887386,-9.577855400432313
2024-03-01,-0.4506532605404553,-6.664905642186144,-9.713218090239607
2024-03-04,-1.0387829813701204,-6.493911567527004,-9.281944835581626
2024-03-05,-0.8480342308191753,-6.384049165868738,-8.87507215783087
2024-03-06,-0.36379104998450995,-6.241356895987929,-8.872403830729029
2024-03-07,-0.5427363902834148,-5.801338285532812,-8.234673324338896
2024-03-11,-1.3710909720858,-5.643156541976321,-7.87296462246328
2024-03-12,-1.389482825632375,-5.836138355598658,-8.24624500178329
2024-03-13,-1.767696370178485,-5.556852657105976,-7.869485924459647
2024-03-14,-0.6376656640893148,-5.455253482077199,-7.63140848258929
2024-03-15,-2.30089337334874,-5.307955548527571,-7.380752444490183
2024-03-18,-4.14509862559489,-5.478006222068511,-7.559094460396501
2024-03-19,-5.5953381319572895,-5.355962658979615,-7.441655577271524
2024-03-20,-4.769505843486844,-5.465364880925557,-7.69103936931631
2024-03-21,-4.57337119762356,-5.322028486102885,-7.256550671368348
2024-03-22,-6.13912635443757,-5.076691682675641,-7.021638605343973
2024-03-26,-5.7145937772321895,-5.308450919909753,-7.152189402262287
2024-03-27,-5.93967274663513,-5.179648426947119,-7.037085529115733
2024-03-28,-3.306866742511145,-5.136461236408674,-6.961696845835792
2024-04-01,-3.866762887292965,-5.204383487305865,-7.146978469587628
2024-04-02,-2.550242711180145,-5.28362982496432,-7.255371056465247
2024-04-03,-1.2884610534837249,-5.259408071471979,-7.182814060887613
2024-04-04,-0.05870487805679969,-5.355923317483963,-7.144064241965711
2024-04-05,-0.6015197911608852,-5.439577356900797,-7.419159758689458
2024-04-08,-0.9868324862803999,-5.376164689302971,-7.331431225772824
2024-04-09,0.6922044551690699,-5.298253011384543,-7.383687455985382
2024-04-10,3.0396257510088356,-5.176729701405777,-7.015774874558105
2024-04-12,2.2312519328423845,-5.20066293861243,-7.15026894033024
2024-04-15,-0.6669540783844146,-5.1262972993974625,-6.944815894732421
2024-04-16,-3.22140801677204,-5.0568130465790455,-6.811462816140155
2024-04-18,-3.6212906309218647,-5.136929982895393,-7.078084191309545
2024-04-19,-3.75427663785559,-4.822702681280896,-6.726817625218347
2024-04-22,-1.4023737666678198,-4.774333699614633,-6.548195862392304
2024-04-23,-0.7197601227568605,-4.889871784391347,-6.9762190174162795
2024-04-24,-1.269147696323245,-4.879768761597614,-6.84766932031714
2024-04-25,1.1536371249594342,-4.7703740086805775,-6.825626431436043
2024-04-26,-1.1989383513882503,-4.8904223815183725,-6.897193701993418
2024-04-29,2.068526426185844,-5.006283686635144,-7.0077182963576705
2024-04-30,2.6957414115084397,-5.084828478079503,-7.056969762502947
2024-05-02,4.95743252885943,-5.136002635209549,-7.222711503890374
2024-05-03,5.398733082837315,-4.807235891568269,-6.66183503071556
2024-05-06,4.198438073061619,-4.925647297035848,-6.697090684415803
2024-05-07,2.5689055399142053,-4.667046366755267,-6.559004066417816
2024-05-08,1.860920511094735,-4.711918019784879,-6.635293400721667
2024-05-09,3.239194440571035,-4.803708605526006,-6.747738534663478
2024-05-10,-0.18795530249031978,-5.022638107143799,-7.1111379670795865
2024-05-13,0.22752310780606022,-5.112895273341334,-7.236213701406746
2024-05-14,-0.8561270713030701,-5.313175413297189,-7.672815169374635
2024-05-15,-0.3824975509632199,-5.071194431737107,-7.3479994212682325
2024-05-16,0.25416941700791984,-5.021390049822594,-7.141824190397796
2024-05-17,0.15423628903262993,-5.01284212246719,-7.173153865294604
2024-05-21,1.6831679536814999,-5.469040072576577,-7.531670429708183
2024-05-22,2.349570443225595,-5.4081601213513615,-7.571402053839996
2024-05-23,3.683549429653165,-5.128042987307384,-7.290164262510565
2024-05-24,2.245032575889705,-5.03802161917042,-7.2591436823374185
2024-05-27,3.4257760354448044,-5.398511462099528,-7.444754381439112
2024-05-28,3.7029697555760346,-5.172298865907451,-7.139867782139626
2024-05-29,2.0155957704393845,-4.986259104716955,-6.91713917050654
2024-05-30,1.4320835511723398,-5.0931671088977915,-7.00143440080518
2024-05-31,0.6088388729339798,-4.874208581754908,-6.798457318812282
2024-06-03,4.8638853479259945,-5.010596101142949,-6.870958217862782
2024-06-04,-3.7741503080381857,-4.984990839162603,-6.897143567389814
2024-06-05,-2.3783189520466252,-4.616359790153029,-6.51872269297401
2024-06-06,-0.6428209925727306,-4.756008868900471,-6.739830738857624
2024-06-07,2.647129556667039,-4.78928905401918,-6.800702794323241
2024-06-10,1.122830799582865,-4.7872422987170244,-6.6911387147412436
2024-06-11,1.5137059791752394,-4.702126107161414,-6.572489286216544
2024-06-12,2.437504131977845,-4.801814618751094,-6.753368206357162
2024-06-13,3.638755120214309,-4.723408670358099,-6.62980702259791
2024-06-14,3.3625267956235003,-4.551420205555656,-6.529161093388946
2024-06-18,-0.29240239897882037,-5.530755662254006,-7.590749848899118
2024-06-19,8.812324746530345,-9.968198975967816,-13.473453612612632
2024-06-20,6.20374695767485,-9.513189140599675,-12.895195296662722
2024-06-21,3.182428751521795,-9.427143564534406,-12.816054749420442
2024-06-24,-0.04533593259879015,-9.350893217199514,-12.61001879046643
2024-06-25,2.01171570881017,-8.920307332938131,-12.020604757874231
2024-06-26,2.063483725741205,-8.26373053466392,-11.191880429762419
2024-06-27,3.174014126749085,-7.492530746748215,-10.001554693282849
2024-06-28,2.6773016576298945,-4.8498887549475125,-6.727775608524416
2024-07-01,3.4735533621642953,-4.84733027384142,-6.804623756602157
2024-07-02,2.8183966778841105,-5.023129688713359,-7.103182103371075
2024-07-03,2.95161511196978,-4.891929263241601,-7.005324107579945
2024-07-04,4.010084233988129,-4.853489517134013,-6.892224875096789
2024-07-05,4.9925993851713955,-4.8150111998477465,-6.804750288597505
2024-07-08,5.61483821151236,-5.219024975711704,-7.204536470941703
2024-07-09,4.720870605257521,-5.097110089088527,-7.083537595640043
2024-07-10,3.5892874229982854,-5.190169878283887,-7.27398684693885
2024-07-11,3.2069314716631503,-5.582047622822046,-7.8424416315092005
2024-07-12,5.054805979067826,-5.553020434773569,-7.595424589936789
2024-07-15,5.813194557250645,-5.423173805988916,-7.615098566500248
2024-07-16,6.335102494890634,-5.6187958757143495,-7.782993222297754
2024-07-18,6.954073362791135,-5.622145033954786,-7.779122369850129
2024-07-19,7.03078859272927,-5.584929951738762,-7.629879664634667
2024-07-22,5.7102446660337405,-5.938894558778393,-7.968743691467729
2024-07-23,5.45814647189302,-5.591914285874205,-7.784963062074258
2024-07-24,4.52582180427439,-5.577070777774404,-7.643897570410928
2024-07-25,5.059726482217905,-5.704101715896402,-7.813989604074094
2024-07-26,6.748276116560129,-5.65604120692255,-7.758574231763361
2024-07-29,5.1378626102676,-5.672176396660966,-7.903988899664455
2024-07-30,4.261975353096425,-5.750727837735893,-8.101809515585408
2024-07-31,3.484880726427415,-5.581465644788779,-7.816318872101409
2024-08-01,0.8595795451652051,-5.602124988275925,-7.8060128326941465
2024-08-02,-1.6076900502330203,-5.578304865713128,-7.7678280550856
2024-08-05,-5.51524985967791,-5.762057601123205,-7.993263731235927
2024-08-06,-6.37798181195167,-5.712713292316067,-8.091826308740984
2024-08-07,-3.7777683661246537,-5.751332858029263,-8.03118533944736
2024-08-08,-4.73250139004579,-5.6711925494542506,-7.932981858801766
2024-08-09,-5.226299819583984,-5.601901137175114,-7.952699292661011
2024-08-12,-5.513844236066174,-5.416911116394059,-7.633994066669059
2024-08-13,-6.677381189107983,-5.553230018322568,-7.606138150816736
2024-08-14,-5.363742608044644,-5.436023402314633,-7.554175251629902
2024-08-16,-2.8481959841921283,-5.555796036067713,-7.611759894136124
2024-08-19,-0.8726877680319396,-5.841797694897034,-7.94514314759972
2024-08-20,3.8507064472736756,-7.25660826145274,-9.8604916569654
2024-08-21,4.463356041169501,-6.623869029017917,-9.214411164856223
2024-08-22,3.1285839069853654,-6.365655766404953,-9.007314314488008
2024-08-23,3.7502253733563045,-6.536211494010817,-8.941439620942468
2024-08-26,2.32667940908407,-6.176497319606248,-8.664669238812937
2024-08-27,2.9809081187579105,-6.118480945668676,-8.631452460730543
2024-08-28,4.530184319961285,-5.960262575880229,-8.716418493286117
2024-08-29,3.6426637465508,-6.040795719364174,-8.544180209986145
2024-08-30,2.44410737744586,-6.006196841016205,-8.268250105077245
2024-09-02,3.1207548334539856,-5.791594592476928,-7.950757360582172
2024-09-03,2.084437671021195,-5.451073221820461,-7.8068576138784
2024-09-04,1.3691671192787203,-5.369478869979701,-7.625077237444329
2024-09-05,1.2927366447180653,-5.364292275833985,-7.481428453419595
2024-09-06,-1.0000653938733244,-5.475802929219213,-7.693387517038961
2024-09-09,-1.4354640476344498,-5.656880636129543,-7.930833385888332
2024-09-10,-1.760299305713985,-5.389690760200096,-7.62787617556747
2024-09-11,-3.3382337133911446,-5.583125322667086,-7.8908308600599595
2024-09-12,-1.2293875170302049,-5.58915412888066,-8.046836013281062
2024-09-13,-1.53049765154126,-5.110610597431476,-7.512501617903303
2024-09-16,-2.64095070420753,-5.164641394867908,-7.658211654355001
2024-09-17,-2.316588534554975,-5.086273230549219,-7.399170426885475
2024-09-18,-2.270278402657195,-5.127755866535718,-7.494888404599333
2024-09-19,-2.808170972679895,-4.997200981609313,-7.303488187374907
2024-09-20,0.05128374726380969,-6.185899332341365,-8.795217924786632
2024-09-23,1.15715986482522,-5.892621100755157,-8.409865174790658
2024-09-24,0.6273115138865347,-5.755847127144783,-8.107582464722348
2024-09-25,1.1787004853206051,-6.021366911309065,-8.403312270485678
2024-09-26,-0.4166972896231502,-5.945091436705782,-8.480563225278075
2024-09-27,-0.22941930196511529,-5.836222780130151,-8.329462302952553
2024-09-30,-1.8020901149284203,-5.838910424530605,-8.299382603529235
2024-10-01,-0.360431160878675,-5.677009395631801,-8.108017746343583
2024-10-03,0.1180936773126251,-6.063465113116611,-8.640678334591572
2024-10-04,1.050522082459215,-5.678706829973114,-8.021293914557779
2024-10-07,0.03165870144286487,-5.650745383198736,-7.961931191709383
2024-10-08,0.06657461396595021,-6.0916465920133165,-8.401576826096617
2024-10-09,1.3528236122004254,-5.525636864407626,-7.849102755168172
2024-10-10,0.8728914511987402,-5.6148044139490105,-7.881248452288442
2024-10-11,0.7775603275011403,-5.524507401874954,-7.78868671525882
2024-10-14,1.5046350837729503,-5.487517082734773,-7.634567217707144
2024-10-15,3.234741808609315,-5.735445522593007,-8.165548223402197
2024-10-16,0.9422854190623253,-5.667475475301576,-7.982703601375146
2024-10-17,2.990736531004435,-5.651768980650354,-7.856989089754401
2024-10-18,0.45372185839447043,-5.3938346788462725,-7.468296943635029
2024-10-21,0.5795079289588854,-5.910953720606912,-8.13896706783382
2024-10-22,-1.9823686354193695,-5.796397575019776,-7.941856523703102
2024-10-23,-2.7941641404649693,-5.7171920583180516,-7.912053247358713
2024-10-24,-1.6316279644206195,-5.692035357161406,-7.888910681649164
2024-10-25,-3.113447291457264,-5.376984887157777,-7.674280765490334
2024-10-28,-3.266926662074294,-5.38225341276544,-7.746096094950695
2024-10-29,-0.8807183194896546,-5.442323858485144,-7.737790562168884
2024-10-30,-1.560813141080315,-5.528908442807109,-7.823658876663051
2024-10-31,-4.538907731691304,-5.408238039539686,-7.614496629036761
2024-11-01,-2.6482971923995446,-6.178125019330947,-8.665965298962742
2024-11-04,-0.9308880513759046,-5.714411419268465,-7.8798256948868675
2024-11-05,1.4520029897492903,-5.7478472230231965,-7.945827362190924
2024-11-06,3.417246311804575,-5.66384971305997,-7.85812232253768
2024-11-07,2.8558437152608005,-5.691552373523594,-7.893091675634605
2024-11-08,3.5283070656275504,-5.607123418340736,-7.826561758275895
2024-11-11,3.8173323325745656,-5.657630123905488,-7.833638666053666
2024-11-12,0.433994453261765,-6.358483420874645,-8.825454648556283
2024-11-13,0.9604180353214349,-6.214225958879485,-8.61943765971758
2024-11-14,1.9815774743194703,-6.191576963471123,-8.5779012027984
2024-11-18,0.9946551958689753,-5.751695441645241,-7.957633015977352
2024-11-19,0.05835982345053026,-5.514169269963972,-7.706193575147973
2024-11-21,-1.9762972048708802,-5.641921158336646,-7.869817854094501
2024-11-22,-0.21109334630074983,-5.6425218426380255,-7.867642508392998
2024-11-25,1.4578378670518553,-5.512713357612832,-7.684408134925774
2024-11-26,2.2869077763133756,-5.529753912735657,-7.745190979094489
2024-11-27,0.8960689060733547,-5.384556055567446,-7.576556061387566
2024-11-28,0.4033605387972805,-5.504087755562711,-7.8694396226975405
2024-11-29,1.5561160936202598,-5.746695640282032,-8.041991495598145
2024-12-02,2.3671239317522406,-5.695967689784826,-7.962471536884879
2024-12-03,4.555174360871755,-5.970847794509328,-8.231431075730045
2024-12-04,5.148287935327851,-5.670092044208588,-7.840873909167749
2024-12-05,7.824889750041824,-5.8623560969416095,-8.191270113183085
2024-12-06,3.3614502901497,-6.375306914699673,-8.968684750133134
2024-12-09,1.689159524161345,-6.376873946033941,-8.803995531974508
2024-12-10,2.2764662135599956,-5.7575955992825385,-8.084454960729584
2024-12-11,2.8954797150755605,-5.7833864402525705,-7.98556328477036
2024-12-12,4.27000812879527,-5.963638718713519,-8.270259530292984
2024-12-13,5.00795948665076,-5.589987465549924,-7.825761465862534
2024-12-16,4.044309021125396,-5.49017207471331,-7.787267278302879
2024-12-17,1.9850733952891142,-5.702139668453392,-8.107115206175045
2024-12-18,1.0550584780186751,-5.641709070230834,-8.033015533607998
2024-12-19,-1.63036190638892,-5.422974373007711,-7.82321921963338
2024-12-20,-3.0898664127910203,-5.393119296919173,-7.783735879067686
2024-12-23,-2.1809324668701855,-5.281196947960452,-7.7455185764977506
2024-12-24,-4.326667840903665,-5.324552124933139,-7.700218803738713
2024-12-26,-4.6566760134825955,-5.386595267800366,-7.649847413222713
2024-12-27,-5.070028547050375,-5.348421386535397,-7.6684550860400025
2024-12-30,-6.842234935435625,-5.275612318521185,-7.569732118290738
2024-12-31,-6.5803797800446455,-5.356783970641389,-7.5107632638584345
2025-01-01,-5.9292653092426,-5.595796312292691,-7.840396166252734
2025-01-02,-2.7953510126682803,-5.593568905202323,-8.086742909945
2025-01-03,-2.6150614326428947,-5.819331661785991,-8.221327350549936
2025-01-06,-1.8348855394194548,-5.807031103084478,-8.180197009547202
2025-01-07,-2.48088669879414,-5.557951284379773,-8.014400632463747
2025-01-08,-1.9566969001553145,-5.491437369844004,-7.788716909209718
2025-01-09,-3.048356107654275,-5.396375307127596,-7.700389852520994
2025-01-10,-2.36443457679953,-5.437280058847172,-7.804245864458995
2025-01-13,-2.422992233128175,-5.466707704447224,-7.858290230838544
2025-01-14,-1.4616816633286698,-5.569658553966238,-7.8380282741128555
2025-01-15,-0.8015878464652753,-5.411230627235252,-7.689048651946998
2025-01-16,-2.983367873096985,-5.491691986074306,-7.775481207797743
2025-01-17,-5.166949766691255,-5.990612592109653,-8.253063352604773
2025-01-20,-3.138330816519455,-5.712177880172932,-8.075177133114352
2025-01-21,-4.770367040682066,-5.723930439346257,-8.267772533275748
2025-01-22,-3.1852534273071553,-5.64361763427258,-7.861281780506535
2025-01-23,-2.3367280032270803,-5.721939044695166,-8.102215356894499
2025-01-24,-2.3212608164183104,-5.874706575098149,-8.34573135635769
2025-01-27,-2.37424359178185,-5.929011879921497,-8.336129212267904
2025-01-28,-2.643492603378321,-5.897659657628678,-8.32438320540751
2025-01-29,-1.4715504826222199,-5.7963741157838955,-8.137046778402617
2025-01-30,-2.0503505351771203,-5.849763159217412,-8.129506014375277
2025-01-31,2.314157991759105,-6.797854147753489,-9.672542084979343
2025-02-01,0.180844838671135,-5.9814423641166155,-8.418154458950852
2025-02-03,1.8336901068333449,-6.1185429974234,-8.477580873321502
2025-02-04,2.80806401437734,-5.862237625616859,-8.309068097018647
2025-02-05,2.172683364674955,-5.8524345111884335,-8.094943396310528
2025-02-06,1.6017174136554497,-5.585911618286651,-7.890386254060742
2025-02-07,1.38457652380315,-5.8373995467122555,-8.077946242204098
2025-02-10,0.31501622834756016,-5.580859782270924,-7.823565267016446
2025-02-11,-1.9853890639523954,-5.655090180854428,-7.705488076122929
2025-02-12,-1.8832123272427959,-5.660048569991237,-7.671201757140932
2025-02-13,-3.9982301914451703,-5.468936177286517,-7.666114032296771
2025-02-14,-2.8112603357080546,-5.346115697566617,-7.418962680240698
2025-02-17,-2.80065940231256,-5.3547408145877124,-7.4626310935741245
2025-02-18,-4.79881562559575,-5.491875594163112,-7.614426965958046
2025-02-19,-4.921984178487536,-5.479191428281192,-7.654186300732614
2025-02-20,-3.9414976455341604,-5.641002367453346,-7.772729204656392
2025-02-21,-3.4260886200388896,-5.680718653236279,-7.966806124852652
2025-02-24,-4.59342439678185,-5.573671263529481,-7.850283294209026
2025-02-25,-4.364724942993465,-5.611738313065762,-7.85401420973853
2025-02-27,-4.76142898876181,-5.516671882901839,-7.722790203761491
2025-02-28,-7.151646113928461,-5.497540455339523,-7.77551472177669
2025-03-03,-6.04272058150757,-5.517720042445617,-7.866547061224805
2025-03-04,-5.171577652222569,-5.5820935658375275,-7.861963704529722
2025-03-05,-3.6309809856470356,-5.529296094365588,-7.929757900485845
2025-03-06,-2.367522623437001,-5.698792571818968,-8.158786023856692
2025-03-07,-3.7566151255023064,-5.580786155846183,-8.046235482757448
2025-03-10,-2.7546579994960405,-5.578327110484365,-7.9747086104062825
2025-03-11,-2.062966484976206,-5.816714849130595,-8.195242781399676
2025-03-12,-4.42321103521879,-5.701679060713575,-7.778144719538037
2025-03-13,-3.848277284880071,-5.499029063147236,-7.645805451923807
2025-03-17,-0.5467726855289755,-6.2621514804392975,-8.63500976563988
2025-03-18,-1.631774705184565,-6.009071147437693,-8.32385506000053
2025-03-19,-1.1195929120026404,-5.999646227382773,-8.2662440959792
2025-03-20,-1.5872751342495899,-5.834224297765841,-8.090285650076467
2025-03-21,-2.304499607323126,-5.657350841673776,-7.725088068413163
2025-03-24,0.33088486987280463,-5.66110900106227,-7.9406575449920656
2025-03-25,0.7348082613242298,-5.60608221405957,-7.718064454184223
2025-03-26,0.38038167657914457,-5.826219971753805,-7.958565469063233
2025-03-27,3.69231015911544,-6.127902992924321,-8.617921383604932
2025-03-28,2.6200686940179247,-6.0315805528036845,-8.294422832672062
2025-04-01,1.2095632684270952,-5.873598423119793,-7.979535017651923
2025-04-02,2.252882175818434,-5.933916214246136,-8.061286117851253
2025-04-03,-0.6841726206470249,-5.942160214699613,-8.293415426981607
2025-04-04,-4.168716463406265,-5.864774412500344,-8.06881082735853
2025-04-07,-6.979395090328595,-5.819825258446234,-8.041746937152261
2025-04-08,-6.218773162759755,-6.057510097755916,-8.289504858514523
2025-04-09,-9.449159761718175,-5.899666017178251,-8.110200669546263
2025-04-11,-6.99173559366996,-5.948255867146245,-8.13027346838404
2025-04-15,-6.440332158407543,-5.708799820942354,-7.764904081784047
2025-04-16,-5.26898161116013,-5.6010637361796025,-7.833274721810265
2025-04-17,-1.9924802390503387,-5.8458600336696485,-8.050085205595533
2025-04-21,-0.7457478981743986,-5.662070239617717,-7.770587219492066
2025-04-22,0.17284656388975572,-5.863000620250283,-8.192549124004184
2025-04-23,3.7050240814982907,-6.037515331881472,-8.427912993004162
2025-04-24,6.867894863430099,-6.510276180760646,-9.066168908246226
2025-04-25,3.6847187480253933,-6.111291032650655,-8.625729514709098
2025-04-28,7.539849433032307,-6.267991680819107,-8.801258300812691
2025-04-29,6.7790803761087775,-5.730310299201368,-8.098464880868626
2025-04-30,4.153400402392537,-5.5442795015127215,-7.962476655886212
2025-05-02,4.804310052360452,-5.529904722175141,-7.932822280559697
2025-05-05,2.5745602788867825,-5.68020226425987,-8.067654941604326
2025-05-06,-0.6360635052180081,-5.627171974343885,-7.764903179334464
2025-05-07,0.020542808847061972,-5.768812050384688,-7.948164108433978
2025-05-08,-1.5873652790197184,-5.758715564386606,-8.112587133176765
2025-05-09,-0.9293203410033605,-5.603810200302134,-7.725249032913485
2025-05-12,4.912428407703669,-5.6993494027681555,-8.041790194404571
2025-05-13,1.8726474849076649,-5.572269813911634,-7.75350955558319
2025-05-14,2.337709609249814,-5.410236461473059,-7.740014602964893
2025-05-15,4.824697618124825,-5.801677065193981,-8.233831559652138
2025-05-16,3.3853300052397097,-5.555438470702212,-7.7970176255931785
2025-05-19,2.9782669287046852,-5.4630961028451575,-7.754961898324113
2025-05-20,3.3329404011455894,-5.480167520805635,-7.776348909865322
2025-05-21,3.6545511727944797,-5.292258565304482,-7.637454076293638
2025-05-22,3.2198056985608448,-5.3155238501635775,-7.658511460643877
2025-05-23,3.572669980097065,-5.429618378234758,-7.617779917753519
2025-05-26,-0.9069795385827053,-5.990287729936729,-8.465858144758613
