Date,Stock,Tail,Fallback,Reason
2015-05-22,HINDUNILVR.NS,upper,False,
2015-05-22,HINDUNILVR.NS,lower,False,
2015-05-22,INFY.NS,upper,False,
2015-05-22,INFY.NS,lower,False,
2015-05-22,SBIN.NS,upper,True,invalid
2015-05-22,SBIN.NS,lower,False,
2015-05-22,TATAMOTORS.NS,upper,False,
2015-05-22,TATAMOTORS.NS,lower,True,sparse
2015-05-25,HINDUNILVR.NS,upper,False,
2015-05-25,HINDUNILVR.NS,lower,False,
2015-05-25,INFY.NS,upper,False,
2015-05-25,INFY.NS,lower,False,
2015-05-25,SBIN.NS,upper,True,invalid
2015-05-25,SBIN.NS,lower,False,
2015-05-25,TATAMOTORS.NS,upper,False,
2015-05-25,TATAMOTORS.NS,lower,True,sparse
2015-05-26,HINDUNILVR.NS,upper,False,
2015-05-26,HINDUNILVR.NS,lower,False,
2015-05-26,INFY.NS,upper,False,
2015-05-26,INFY.NS,lower,False,
2015-05-26,SBIN.NS,upper,True,invalid
2015-05-26,SBIN.NS,lower,False,
2015-05-26,TATAMOTORS.NS,upper,False,
2015-05-26,TATAMOTORS.NS,lower,True,sparse
2015-05-27,HINDUNILVR.NS,upper,False,
2015-05-27,HINDUNILVR.NS,lower,False,
2015-05-27,INFY.NS,upper,False,
2015-05-27,INFY.NS,lower,False,
2015-05-27,SBIN.NS,upper,True,invalid
2015-05-27,SBIN.NS,lower,False,
2015-05-27,TATAMOTORS.NS,upper,False,
2015-05-27,TATAMOTORS.NS,lower,True,sparse
2015-05-28,HINDUNILVR.NS,upper,False,
2015-05-28,HINDUNILVR.NS,lower,False,
2015-05-28,INFY.NS,upper,False,
2015-05-28,INFY.NS,lower,False,
2015-05-28,SBIN.NS,upper,False,
2015-05-28,SBIN.NS,lower,False,
2015-05-28,TATAMOTORS.NS,upper,False,
2015-05-28,TATAMOTORS.NS,lower,True,sparse
2015-05-29,HINDUNILVR.NS,upper,False,
2015-05-29,HINDUNILVR.NS,lower,False,
2015-05-29,INFY.NS,upper,False,
2015-05-29,INFY.NS,lower,False,
2015-05-29,SBIN.NS,upper,True,invalid
2015-05-29,SBIN.NS,lower,False,
2015-05-29,TATAMOTORS.NS,upper,False,
2015-05-29,TATAMOTORS.NS,lower,True,sparse
2015-06-01,HINDUNILVR.NS,upper,False,
2015-06-01,HINDUNILVR.NS,lower,False,
2015-06-01,INFY.NS,upper,False,
2015-06-01,INFY.NS,lower,False,
2015-06-01,SBIN.NS,upper,True,invalid
2015-06-01,SBIN.NS,lower,False,
2015-06-01,TATAMOTORS.NS,upper,False,
2015-06-01,TATAMOTORS.NS,lower,True,sparse
2015-06-02,HINDUNILVR.NS,upper,False,
2015-06-02,HINDUNILVR.NS,lower,False,
2015-06-02,INFY.NS,upper,False,
2015-06-02,INFY.NS,lower,False,
2015-06-02,SBIN.NS,upper,True,invalid
2015-06-02,SBIN.NS,lower,False,
2015-06-02,TATAMOTORS.NS,upper,False,
2015-06-02,TATAMOTORS.NS,lower,True,sparse
2015-06-03,HINDUNILVR.NS,upper,False,
2015-06-03,HINDUNILVR.NS,lower,False,
2015-06-03,INFY.NS,upper,False,
2015-06-03,INFY.NS,lower,False,
2015-06-03,SBIN.NS,upper,True,invalid
2015-06-03,SBIN.NS,lower,False,
2015-06-03,TATAMOTORS.NS,upper,False,
2015-06-03,TATAMOTORS.NS,lower,True,sparse
2015-06-04,HINDUNILVR.NS,upper,False,
2015-06-04,HINDUNILVR.NS,lower,False,
2015-06-04,INFY.NS,upper,False,
2015-06-04,INFY.NS,lower,False,
2015-06-04,SBIN.NS,upper,False,
2015-06-04,SBIN.NS,lower,False,
2015-06-04,TATAMOTORS.NS,upper,False,
2015-06-04,TATAMOTORS.NS,lower,True,sparse
2015-06-05,HINDUNILVR.NS,upper,False,
2015-06-05,HINDUNILVR.NS,lower,False,
2015-06-05,INFY.NS,upper,False,
2015-06-05,INFY.NS,lower,False,
2015-06-05,SBIN.NS,upper,False,
2015-06-05,SBIN.NS,lower,False,
2015-06-05,TATAMOTORS.NS,upper,False,
2015-06-05,TATAMOTORS.NS,lower,True,sparse
2015-06-08,HINDUNILVR.NS,upper,False,
2015-06-08,HINDUNILVR.NS,lower,False,
2015-06-08,INFY.NS,upper,False,
2015-06-08,INFY.NS,lower,False,
2015-06-08,SBIN.NS,upper,False,
2015-06-08,SBIN.NS,lower,False,
2015-06-08,TATAMOTORS.NS,upper,False,
2015-06-08,TATAMOTORS.NS,lower,True,sparse
2015-06-09,HINDUNILVR.NS,upper,False,
2015-06-09,HINDUNILVR.NS,lower,False,
2015-06-09,INFY.NS,upper,False,
2015-06-09,INFY.NS,lower,False,
2015-06-09,SBIN.NS,upper,False,
2015-06-09,SBIN.NS,lower,False,
2015-06-09,TATAMOTORS.NS,upper,False,
2015-06-09,TATAMOTORS.NS,lower,True,sparse
2015-06-10,HINDUNILVR.NS,upper,False,
2015-06-10,HINDUNILVR.NS,lower,False,
2015-06-10,INFY.NS,upper,False,
2015-06-10,INFY.NS,lower,False,
2015-06-10,SBIN.NS,upper,False,
2015-06-10,SBIN.NS,lower,False,
2015-06-10,TATAMOTORS.NS,upper,False,
2015-06-10,TATAMOTORS.NS,lower,True,invalid
2015-06-11,HINDUNILVR.NS,upper,False,
2015-06-11,HINDUNILVR.NS,lower,False,
2015-06-11,INFY.NS,upper,False,
2015-06-11,INFY.NS,lower,False,
2015-06-11,SBIN.NS,upper,False,
2015-06-11,SBIN.NS,lower,False,
2015-06-11,TATAMOTORS.NS,upper,False,
2015-06-11,TATAMOTORS.NS,lower,True,sparse
2015-06-12,HINDUNILVR.NS,upper,False,
2015-06-12,HINDUNILVR.NS,lower,False,
2015-06-12,INFY.NS,upper,False,
2015-06-12,INFY.NS,lower,False,
2015-06-12,SBIN.NS,upper,False,
2015-06-12,SBIN.NS,lower,False,
2015-06-12,TATAMOTORS.NS,upper,False,
2015-06-12,TATAMOTORS.NS,lower,True,sparse
2015-06-15,HINDUNILVR.NS,upper,False,
2015-06-15,HINDUNILVR.NS,lower,False,
2015-06-15,INFY.NS,upper,False,
2015-06-15,INFY.NS,lower,False,
2015-06-15,SBIN.NS,upper,False,
2015-06-15,SBIN.NS,lower,False,
2015-06-15,TATAMOTORS.NS,upper,False,
2015-06-15,TATAMOTORS.NS,lower,True,sparse
2015-06-16,HINDUNILVR.NS,upper,False,
2015-06-16,HINDUNILVR.NS,lower,False,
2015-06-16,INFY.NS,upper,False,
2015-06-16,INFY.NS,lower,False,
2015-06-16,SBIN.NS,upper,False,
2015-06-16,SBIN.NS,lower,False,
2015-06-16,TATAMOTORS.NS,upper,False,
2015-06-16,TATAMOTORS.NS,lower,True,sparse
2015-06-17,HINDUNILVR.NS,upper,False,
2015-06-17,HINDUNILVR.NS,lower,False,
2015-06-17,INFY.NS,upper,False,
2015-06-17,INFY.NS,lower,False,
2015-06-17,SBIN.NS,upper,False,
2015-06-17,SBIN.NS,lower,False,
2015-06-17,TATAMOTORS.NS,upper,False,
2015-06-17,TATAMOTORS.NS,lower,True,sparse
2015-06-18,HINDUNILVR.NS,upper,False,
2015-06-18,HINDUNILVR.NS,lower,False,
2015-06-18,INFY.NS,upper,False,
2015-06-18,INFY.NS,lower,False,
2015-06-18,SBIN.NS,upper,False,
2015-06-18,SBIN.NS,lower,False,
2015-06-18,TATAMOTORS.NS,upper,False,
2015-06-18,TATAMOTORS.NS,lower,True,invalid
2015-06-19,HINDUNILVR.NS,upper,False,
2015-06-19,HINDUNILVR.NS,lower,False,
2015-06-19,INFY.NS,upper,False,
2015-06-19,INFY.NS,lower,False,
2015-06-19,SBIN.NS,upper,False,
2015-06-19,SBIN.NS,lower,False,
2015-06-19,TATAMOTORS.NS,upper,False,
2015-06-19,TATAMOTORS.NS,lower,True,sparse
2015-06-22,HINDUNILVR.NS,upper,False,
2015-06-22,HINDUNILVR.NS,lower,False,
2015-06-22,INFY.NS,upper,False,
2015-06-22,INFY.NS,lower,False,
2015-06-22,SBIN.NS,upper,False,
2015-06-22,SBIN.NS,lower,False,
2015-06-22,TATAMOTORS.NS,upper,False,
2015-06-22,TATAMOTORS.NS,lower,True,sparse
2015-06-23,HINDUNILVR.NS,upper,False,
2015-06-23,HINDUNILVR.NS,lower,False,
2015-06-23,INFY.NS,upper,False,
2015-06-23,INFY.NS,lower,False,
2015-06-23,SBIN.NS,upper,False,
2015-06-23,SBIN.NS,lower,False,
2015-06-23,TATAMOTORS.NS,upper,False,
2015-06-23,TATAMOTORS.NS,lower,True,sparse
2015-06-24,HINDUNILVR.NS,upper,False,
2015-06-24,HINDUNILVR.NS,lower,False,
2015-06-24,INFY.NS,upper,False,
2015-06-24,INFY.NS,lower,False,
2015-06-24,SBIN.NS,upper,False,
2015-06-24,SBIN.NS,lower,False,
2015-06-24,TATAMOTORS.NS,upper,False,
2015-06-24,TATAMOTORS.NS,lower,True,sparse
2015-06-25,HINDUNILVR.NS,upper,False,
2015-06-25,HINDUNILVR.NS,lower,False,
2015-06-25,INFY.NS,upper,False,
2015-06-25,INFY.NS,lower,False,
2015-06-25,SBIN.NS,upper,False,
2015-06-25,SBIN.NS,lower,False,
2015-06-25,TATAMOTORS.NS,upper,False,
2015-06-25,TATAMOTORS.NS,lower,True,sparse
2015-06-26,HINDUNILVR.NS,upper,False,
2015-06-26,HINDUNILVR.NS,lower,False,
2015-06-26,INFY.NS,upper,False,
2015-06-26,INFY.NS,lower,False,
2015-06-26,SBIN.NS,upper,False,
2015-06-26,SBIN.NS,lower,False,
2015-06-26,TATAMOTORS.NS,upper,False,
2015-06-26,TATAMOTORS.NS,lower,True,sparse
2015-06-29,HINDUNILVR.NS,upper,False,
2015-06-29,HINDUNILVR.NS,lower,False,
2015-06-29,INFY.NS,upper,False,
2015-06-29,INFY.NS,lower,False,
2015-06-29,SBIN.NS,upper,False,
2015-06-29,SBIN.NS,lower,False,
2015-06-29,TATAMOTORS.NS,upper,False,
2015-06-29,TATAMOTORS.NS,lower,True,sparse
2015-06-30,HINDUNILVR.NS,upper,False,
2015-06-30,HINDUNILVR.NS,lower,False,
2015-06-30,INFY.NS,upper,False,
2015-06-30,INFY.NS,lower,False,
2015-06-30,SBIN.NS,upper,False,
2015-06-30,SBIN.NS,lower,False,
2015-06-30,TATAMOTORS.NS,upper,False,
2015-06-30,TATAMOTORS.NS,lower,True,sparse
2015-07-01,HINDUNILVR.NS,upper,False,
2015-07-01,HINDUNILVR.NS,lower,False,
2015-07-01,INFY.NS,upper,False,
2015-07-01,INFY.NS,lower,False,
2015-07-01,SBIN.NS,upper,False,
2015-07-01,SBIN.NS,lower,False,
2015-07-01,TATAMOTORS.NS,upper,False,
2015-07-01,TATAMOTORS.NS,lower,True,sparse
2015-07-02,HINDUNILVR.NS,upper,False,
2015-07-02,HINDUNILVR.NS,lower,False,
2015-07-02,INFY.NS,upper,False,
2015-07-02,INFY.NS,lower,False,
2015-07-02,SBIN.NS,upper,False,
2015-07-02,SBIN.NS,lower,False,
2015-07-02,TATAMOTORS.NS,upper,False,
2015-07-02,TATAMOTORS.NS,lower,True,sparse
2015-07-03,HINDUNILVR.NS,upper,False,
2015-07-03,HINDUNILVR.NS,lower,False,
2015-07-03,INFY.NS,upper,False,
2015-07-03,INFY.NS,lower,False,
2015-07-03,SBIN.NS,upper,False,
2015-07-03,SBIN.NS,lower,False,
2015-07-03,TATAMOTORS.NS,upper,False,
2015-07-03,TATAMOTORS.NS,lower,True,sparse
2015-07-06,HINDUNILVR.NS,upper,False,
2015-07-06,HINDUNILVR.NS,lower,False,
2015-07-06,INFY.NS,upper,False,
2015-07-06,INFY.NS,lower,False,
2015-07-06,SBIN.NS,upper,False,
2015-07-06,SBIN.NS,lower,False,
2015-07-06,TATAMOTORS.NS,upper,False,
2015-07-06,TATAMOTORS.NS,lower,True,sparse
2015-07-07,HINDUNILVR.NS,upper,False,
2015-07-07,HINDUNILVR.NS,lower,False,
2015-07-07,INFY.NS,upper,False,
2015-07-07,INFY.NS,lower,False,
2015-07-07,SBIN.NS,upper,False,
2015-07-07,SBIN.NS,lower,False,
2015-07-07,TATAMOTORS.NS,upper,False,
2015-07-07,TATAMOTORS.NS,lower,True,sparse
2015-07-08,HINDUNILVR.NS,upper,False,
2015-07-08,HINDUNILVR.NS,lower,False,
2015-07-08,INFY.NS,upper,False,
2015-07-08,INFY.NS,lower,False,
2015-07-08,SBIN.NS,upper,False,
2015-07-08,SBIN.NS,lower,False,
2015-07-08,TATAMOTORS.NS,upper,False,
2015-07-08,TATAMOTORS.NS,lower,True,sparse
2015-07-09,HINDUNILVR.NS,upper,False,
2015-07-09,HINDUNILVR.NS,lower,False,
2015-07-09,INFY.NS,upper,False,
2015-07-09,INFY.NS,lower,False,
2015-07-09,SBIN.NS,upper,False,
2015-07-09,SBIN.NS,lower,False,
2015-07-09,TATAMOTORS.NS,upper,False,
2015-07-09,TATAMOTORS.NS,lower,True,sparse
2015-07-10,HINDUNILVR.NS,upper,False,
2015-07-10,HINDUNILVR.NS,lower,False,
2015-07-10,INFY.NS,upper,False,
2015-07-10,INFY.NS,lower,False,
2015-07-10,SBIN.NS,upper,False,
2015-07-10,SBIN.NS,lower,False,
2015-07-10,TATAMOTORS.NS,upper,False,
2015-07-10,TATAMOTORS.NS,lower,True,sparse
2015-07-13,HINDUNILVR.NS,upper,False,
2015-07-13,HINDUNILVR.NS,lower,False,
2015-07-13,INFY.NS,upper,False,
2015-07-13,INFY.NS,lower,False,
2015-07-13,SBIN.NS,upper,False,
2015-07-13,SBIN.NS,lower,False,
2015-07-13,TATAMOTORS.NS,upper,False,
2015-07-13,TATAMOTORS.NS,lower,True,sparse
2015-07-14,HINDUNILVR.NS,upper,False,
2015-07-14,HINDUNILVR.NS,lower,False,
2015-07-14,INFY.NS,upper,False,
2015-07-14,INFY.NS,lower,False,
2015-07-14,SBIN.NS,upper,False,
2015-07-14,SBIN.NS,lower,False,
2015-07-14,TATAMOTORS.NS,upper,False,
2015-07-14,TATAMOTORS.NS,lower,True,sparse
2015-07-15,HINDUNILVR.NS,upper,False,
2015-07-15,HINDUNILVR.NS,lower,False,
2015-07-15,INFY.NS,upper,False,
2015-07-15,INFY.NS,lower,False,
2015-07-15,SBIN.NS,upper,False,
2015-07-15,SBIN.NS,lower,False,
2015-07-15,TATAMOTORS.NS,upper,False,
2015-07-15,TATAMOTORS.NS,lower,True,sparse
2015-07-16,HINDUNILVR.NS,upper,False,
2015-07-16,HINDUNILVR.NS,lower,False,
2015-07-16,INFY.NS,upper,False,
2015-07-16,INFY.NS,lower,False,
2015-07-16,SBIN.NS,upper,False,
2015-07-16,SBIN.NS,lower,False,
2015-07-16,TATAMOTORS.NS,upper,False,
2015-07-16,TATAMOTORS.NS,lower,True,sparse
2015-07-17,HINDUNILVR.NS,upper,False,
2015-07-17,HINDUNILVR.NS,lower,False,
2015-07-17,INFY.NS,upper,False,
2015-07-17,INFY.NS,lower,False,
2015-07-17,SBIN.NS,upper,False,
2015-07-17,SBIN.NS,lower,False,
2015-07-17,TATAMOTORS.NS,upper,False,
2015-07-17,TATAMOTORS.NS,lower,True,sparse
2015-07-20,HINDUNILVR.NS,upper,False,
2015-07-20,HINDUNILVR.NS,lower,False,
2015-07-20,INFY.NS,upper,False,
2015-07-20,INFY.NS,lower,False,
2015-07-20,SBIN.NS,upper,False,
2015-07-20,SBIN.NS,lower,False,
2015-07-20,TATAMOTORS.NS,upper,False,
2015-07-20,TATAMOTORS.NS,lower,True,sparse
2015-07-21,HINDUNILVR.NS,upper,False,
2015-07-21,HINDUNILVR.NS,lower,False,
2015-07-21,INFY.NS,upper,False,
2015-07-21,INFY.NS,lower,False,
2015-07-21,SBIN.NS,upper,False,
2015-07-21,SBIN.NS,lower,False,
2015-07-21,TATAMOTORS.NS,upper,False,
2015-07-21,TATAMOTORS.NS,lower,True,sparse
2015-07-22,HINDUNILVR.NS,upper,False,
2015-07-22,HINDUNILVR.NS,lower,False,
2015-07-22,INFY.NS,upper,False,
2015-07-22,INFY.NS,lower,False,
2015-07-22,SBIN.NS,upper,False,
2015-07-22,SBIN.NS,lower,False,
2015-07-22,TATAMOTORS.NS,upper,False,
2015-07-22,TATAMOTORS.NS,lower,True,sparse
2015-07-23,HINDUNILVR.NS,upper,False,
2015-07-23,HINDUNILVR.NS,lower,False,
2015-07-23,INFY.NS,upper,False,
2015-07-23,INFY.NS,lower,False,
2015-07-23,SBIN.NS,upper,False,
2015-07-23,SBIN.NS,lower,False,
2015-07-23,TATAMOTORS.NS,upper,False,
2015-07-23,TATAMOTORS.NS,lower,True,sparse
2015-07-24,HINDUNILVR.NS,upper,False,
2015-07-24,HINDUNILVR.NS,lower,False,
2015-07-24,INFY.NS,upper,False,
2015-07-24,INFY.NS,lower,False,
2015-07-24,SBIN.NS,upper,False,
2015-07-24,SBIN.NS,lower,False,
2015-07-24,TATAMOTORS.NS,upper,False,
2015-07-24,TATAMOTORS.NS,lower,True,sparse
2015-07-27,HINDUNILVR.NS,upper,False,
2015-07-27,HINDUNILVR.NS,lower,False,
2015-07-27,INFY.NS,upper,False,
2015-07-27,INFY.NS,lower,False,
2015-07-27,SBIN.NS,upper,False,
2015-07-27,SBIN.NS,lower,False,
2015-07-27,TATAMOTORS.NS,upper,False,
2015-07-27,TATAMOTORS.NS,lower,False,
2015-07-28,HINDUNILVR.NS,upper,False,
2015-07-28,HINDUNILVR.NS,lower,False,
2015-07-28,INFY.NS,upper,False,
2015-07-28,INFY.NS,lower,False,
2015-07-28,SBIN.NS,upper,False,
2015-07-28,SBIN.NS,lower,False,
2015-07-28,TATAMOTORS.NS,upper,False,
2015-07-28,TATAMOTORS.NS,lower,False,
2015-07-29,HINDUNILVR.NS,upper,False,
2015-07-29,HINDUNILVR.NS,lower,False,
2015-07-29,INFY.NS,upper,False,
2015-07-29,INFY.NS,lower,False,
2015-07-29,SBIN.NS,upper,False,
2015-07-29,SBIN.NS,lower,False,
2015-07-29,TATAMOTORS.NS,upper,False,
2015-07-29,TATAMOTORS.NS,lower,False,
2015-07-30,HINDUNILVR.NS,upper,False,
2015-07-30,HINDUNILVR.NS,lower,False,
2015-07-30,INFY.NS,upper,False,
2015-07-30,INFY.NS,lower,False,
2015-07-30,SBIN.NS,upper,False,
2015-07-30,SBIN.NS,lower,False,
2015-07-30,TATAMOTORS.NS,upper,False,
2015-07-30,TATAMOTORS.NS,lower,False,
2015-07-31,HINDUNILVR.NS,upper,False,
2015-07-31,HINDUNILVR.NS,lower,False,
2015-07-31,INFY.NS,upper,False,
2015-07-31,INFY.NS,lower,False,
2015-07-31,SBIN.NS,upper,False,
2015-07-31,SBIN.NS,lower,False,
2015-07-31,TATAMOTORS.NS,upper,False,
2015-07-31,TATAMOTORS.NS,lower,False,
2015-08-03,HINDUNILVR.NS,upper,False,
2015-08-03,HINDUNILVR.NS,lower,False,
2015-08-03,INFY.NS,upper,False,
2015-08-03,INFY.NS,lower,False,
2015-08-03,SBIN.NS,upper,False,
2015-08-03,SBIN.NS,lower,False,
2015-08-03,TATAMOTORS.NS,upper,False,
2015-08-03,TATAMOTORS.NS,lower,False,
2015-08-04,HINDUNILVR.NS,upper,False,
2015-08-04,HINDUNILVR.NS,lower,False,
2015-08-04,INFY.NS,upper,False,
2015-08-04,INFY.NS,lower,False,
2015-08-04,SBIN.NS,upper,True,invalid
2015-08-04,SBIN.NS,lower,False,
2015-08-04,TATAMOTORS.NS,upper,False,
2015-08-04,TATAMOTORS.NS,lower,False,
2015-08-05,HINDUNILVR.NS,upper,False,
2015-08-05,HINDUNILVR.NS,lower,False,
2015-08-05,INFY.NS,upper,False,
2015-08-05,INFY.NS,lower,False,
2015-08-05,SBIN.NS,upper,True,invalid
2015-08-05,SBIN.NS,lower,False,
2015-08-05,TATAMOTORS.NS,upper,False,
2015-08-05,TATAMOTORS.NS,lower,False,
2015-08-06,HINDUNILVR.NS,upper,False,
2015-08-06,HINDUNILVR.NS,lower,False,
2015-08-06,INFY.NS,upper,False,
2015-08-06,INFY.NS,lower,False,
2015-08-06,SBIN.NS,upper,False,
2015-08-06,SBIN.NS,lower,False,
2015-08-06,TATAMOTORS.NS,upper,False,
2015-08-06,TATAMOTORS.NS,lower,False,
2015-08-07,HINDUNILVR.NS,upper,False,
2015-08-07,HINDUNILVR.NS,lower,False,
2015-08-07,INFY.NS,upper,False,
2015-08-07,INFY.NS,lower,False,
2015-08-07,SBIN.NS,upper,True,invalid
2015-08-07,SBIN.NS,lower,False,
2015-08-07,TATAMOTORS.NS,upper,False,
2015-08-07,TATAMOTORS.NS,lower,False,
2015-08-10,HINDUNILVR.NS,upper,False,
2015-08-10,HINDUNILVR.NS,lower,False,
2015-08-10,INFY.NS,upper,False,
2015-08-10,INFY.NS,lower,False,
2015-08-10,SBIN.NS,upper,True,invalid
2015-08-10,SBIN.NS,lower,False,
2015-08-10,TATAMOTORS.NS,upper,False,
2015-08-10,TATAMOTORS.NS,lower,False,
2015-08-11,HINDUNILVR.NS,upper,False,
2015-08-11,HINDUNILVR.NS,lower,False,
2015-08-11,INFY.NS,upper,False,
2015-08-11,INFY.NS,lower,False,
2015-08-11,SBIN.NS,upper,True,invalid
2015-08-11,SBIN.NS,lower,False,
2015-08-11,TATAMOTORS.NS,upper,False,
2015-08-11,TATAMOTORS.NS,lower,False,
2015-08-12,HINDUNILVR.NS,upper,False,
2015-08-12,HINDUNILVR.NS,lower,False,
2015-08-12,INFY.NS,upper,False,
2015-08-12,INFY.NS,lower,False,
2015-08-12,SBIN.NS,upper,False,
2015-08-12,SBIN.NS,lower,False,
2015-08-12,TATAMOTORS.NS,upper,False,
2015-08-12,TATAMOTORS.NS,lower,False,
2015-08-13,HINDUNILVR.NS,upper,False,
2015-08-13,HINDUNILVR.NS,lower,False,
2015-08-13,INFY.NS,upper,False,
2015-08-13,INFY.NS,lower,False,
2015-08-13,SBIN.NS,upper,False,
2015-08-13,SBIN.NS,lower,False,
2015-08-13,TATAMOTORS.NS,upper,False,
2015-08-13,TATAMOTORS.NS,lower,False,
2015-08-14,HINDUNILVR.NS,upper,False,
2015-08-14,HINDUNILVR.NS,lower,False,
2015-08-14,INFY.NS,upper,False,
2015-08-14,INFY.NS,lower,False,
2015-08-14,SBIN.NS,upper,False,
2015-08-14,SBIN.NS,lower,False,
2015-08-14,TATAMOTORS.NS,upper,False,
2015-08-14,TATAMOTORS.NS,lower,False,
2015-08-17,HINDUNILVR.NS,upper,False,
2015-08-17,HINDUNILVR.NS,lower,False,
2015-08-17,INFY.NS,upper,False,
2015-08-17,INFY.NS,lower,False,
2015-08-17,SBIN.NS,upper,False,
2015-08-17,SBIN.NS,lower,False,
2015-08-17,TATAMOTORS.NS,upper,False,
2015-08-17,TATAMOTORS.NS,lower,False,
2015-08-18,HINDUNILVR.NS,upper,False,
2015-08-18,HINDUNILVR.NS,lower,False,
2015-08-18,INFY.NS,upper,False,
2015-08-18,INFY.NS,lower,False,
2015-08-18,SBIN.NS,upper,False,
2015-08-18,SBIN.NS,lower,False,
2015-08-18,TATAMOTORS.NS,upper,False,
2015-08-18,TATAMOTORS.NS,lower,False,
2015-08-19,HINDUNILVR.NS,upper,False,
2015-08-19,HINDUNILVR.NS,lower,False,
2015-08-19,INFY.NS,upper,False,
2015-08-19,INFY.NS,lower,False,
2015-08-19,SBIN.NS,upper,False,
2015-08-19,SBIN.NS,lower,False,
2015-08-19,TATAMOTORS.NS,upper,False,
2015-08-19,TATAMOTORS.NS,lower,False,
2015-08-20,HINDUNILVR.NS,upper,False,
2015-08-20,HINDUNILVR.NS,lower,False,
2015-08-20,INFY.NS,upper,False,
2015-08-20,INFY.NS,lower,False,
2015-08-20,SBIN.NS,upper,False,
2015-08-20,SBIN.NS,lower,False,
2015-08-20,TATAMOTORS.NS,upper,False,
2015-08-20,TATAMOTORS.NS,lower,False,
2015-08-21,HINDUNILVR.NS,upper,False,
2015-08-21,HINDUNILVR.NS,lower,False,
2015-08-21,INFY.NS,upper,False,
2015-08-21,INFY.NS,lower,False,
2015-08-21,SBIN.NS,upper,False,
2015-08-21,SBIN.NS,lower,False,
2015-08-21,TATAMOTORS.NS,upper,False,
2015-08-21,TATAMOTORS.NS,lower,False,
2015-08-24,HINDUNILVR.NS,upper,False,
2015-08-24,HINDUNILVR.NS,lower,False,
2015-08-24,INFY.NS,upper,False,
2015-08-24,INFY.NS,lower,False,
2015-08-24,SBIN.NS,upper,False,
2015-08-24,SBIN.NS,lower,False,
2015-08-24,TATAMOTORS.NS,upper,False,
2015-08-24,TATAMOTORS.NS,lower,False,
2015-08-25,HINDUNILVR.NS,upper,False,
2015-08-25,HINDUNILVR.NS,lower,False,
2015-08-25,INFY.NS,upper,False,
2015-08-25,INFY.NS,lower,False,
2015-08-25,SBIN.NS,upper,False,
2015-08-25,SBIN.NS,lower,False,
2015-08-25,TATAMOTORS.NS,upper,False,
2015-08-25,TATAMOTORS.NS,lower,False,
2015-08-26,HINDUNILVR.NS,upper,False,
2015-08-26,HINDUNILVR.NS,lower,False,
2015-08-26,INFY.NS,upper,False,
2015-08-26,INFY.NS,lower,False,
2015-08-26,SBIN.NS,upper,False,
2015-08-26,SBIN.NS,lower,False,
2015-08-26,TATAMOTORS.NS,upper,False,
2015-08-26,TATAMOTORS.NS,lower,False,
2015-08-27,HINDUNILVR.NS,upper,False,
2015-08-27,HINDUNILVR.NS,lower,False,
2015-08-27,INFY.NS,upper,False,
2015-08-27,INFY.NS,lower,False,
2015-08-27,SBIN.NS,upper,False,
2015-08-27,SBIN.NS,lower,False,
2015-08-27,TATAMOTORS.NS,upper,False,
2015-08-27,TATAMOTORS.NS,lower,False,
2015-08-28,HINDUNILVR.NS,upper,False,
2015-08-28,HINDUNILVR.NS,lower,False,
2015-08-28,INFY.NS,upper,False,
2015-08-28,INFY.NS,lower,False,
2015-08-28,SBIN.NS,upper,True,invalid
2015-08-28,SBIN.NS,lower,False,
2015-08-28,TATAMOTORS.NS,upper,False,
2015-08-28,TATAMOTORS.NS,lower,False,
2015-08-31,HINDUNILVR.NS,upper,False,
2015-08-31,HINDUNILVR.NS,lower,False,
2015-08-31,INFY.NS,upper,False,
2015-08-31,INFY.NS,lower,False,
2015-08-31,SBIN.NS,upper,True,invalid
2015-08-31,SBIN.NS,lower,False,
2015-08-31,TATAMOTORS.NS,upper,False,
2015-08-31,TATAMOTORS.NS,lower,False,
2015-09-01,HINDUNILVR.NS,upper,False,
2015-09-01,HINDUNILVR.NS,lower,False,
2015-09-01,INFY.NS,upper,False,
2015-09-01,INFY.NS,lower,False,
2015-09-01,SBIN.NS,upper,False,
2015-09-01,SBIN.NS,lower,False,
2015-09-01,TATAMOTORS.NS,upper,False,
2015-09-01,TATAMOTORS.NS,lower,False,
2015-09-02,HINDUNILVR.NS,upper,False,
2015-09-02,HINDUNILVR.NS,lower,False,
2015-09-02,INFY.NS,upper,False,
2015-09-02,INFY.NS,lower,False,
2015-09-02,SBIN.NS,upper,True,invalid
2015-09-02,SBIN.NS,lower,False,
2015-09-02,TATAMOTORS.NS,upper,False,
2015-09-02,TATAMOTORS.NS,lower,False,
2015-09-03,HINDUNILVR.NS,upper,False,
2015-09-03,HINDUNILVR.NS,lower,False,
2015-09-03,INFY.NS,upper,False,
2015-09-03,INFY.NS,lower,False,
2015-09-03,SBIN.NS,upper,True,invalid
2015-09-03,SBIN.NS,lower,False,
2015-09-03,TATAMOTORS.NS,upper,False,
2015-09-03,TATAMOTORS.NS,lower,False,
2015-09-04,HINDUNILVR.NS,upper,False,
2015-09-04,HINDUNILVR.NS,lower,False,
2015-09-04,INFY.NS,upper,False,
2015-09-04,INFY.NS,lower,False,
2015-09-04,SBIN.NS,upper,False,
2015-09-04,SBIN.NS,lower,False,
2015-09-04,TATAMOTORS.NS,upper,False,
2015-09-04,TATAMOTORS.NS,lower,False,
2015-09-07,HINDUNILVR.NS,upper,False,
2015-09-07,HINDUNILVR.NS,lower,False,
2015-09-07,INFY.NS,upper,False,
2015-09-07,INFY.NS,lower,False,
2015-09-07,SBIN.NS,upper,False,
2015-09-07,SBIN.NS,lower,False,
2015-09-07,TATAMOTORS.NS,upper,False,
2015-09-07,TATAMOTORS.NS,lower,False,
2015-09-08,HINDUNILVR.NS,upper,False,
2015-09-08,HINDUNILVR.NS,lower,False,
2015-09-08,INFY.NS,upper,False,
2015-09-08,INFY.NS,lower,False,
2015-09-08,SBIN.NS,upper,True,sparse
2015-09-08,SBIN.NS,lower,False,
2015-09-08,TATAMOTORS.NS,upper,False,
2015-09-08,TATAMOTORS.NS,lower,False,
2015-09-09,HINDUNILVR.NS,upper,False,
2015-09-09,HINDUNILVR.NS,lower,False,
2015-09-09,INFY.NS,upper,False,
2015-09-09,INFY.NS,lower,False,
2015-09-09,SBIN.NS,upper,False,
2015-09-09,SBIN.NS,lower,False,
2015-09-09,TATAMOTORS.NS,upper,False,
2015-09-09,TATAMOTORS.NS,lower,False,
2015-09-10,HINDUNILVR.NS,upper,False,
2015-09-10,HINDUNILVR.NS,lower,False,
2015-09-10,INFY.NS,upper,False,
2015-09-10,INFY.NS,lower,False,
2015-09-10,SBIN.NS,upper,False,
2015-09-10,SBIN.NS,lower,False,
2015-09-10,TATAMOTORS.NS,upper,False,
2015-09-10,TATAMOTORS.NS,lower,False,
2015-09-11,HINDUNILVR.NS,upper,False,
2015-09-11,HINDUNILVR.NS,lower,False,
2015-09-11,INFY.NS,upper,False,
2015-09-11,INFY.NS,lower,False,
2015-09-11,SBIN.NS,upper,True,sparse
2015-09-11,SBIN.NS,lower,False,
2015-09-11,TATAMOTORS.NS,upper,False,
2015-09-11,TATAMOTORS.NS,lower,False,
2015-09-14,HINDUNILVR.NS,upper,False,
2015-09-14,HINDUNILVR.NS,lower,False,
2015-09-14,INFY.NS,upper,False,
2015-09-14,INFY.NS,lower,False,
2015-09-14,SBIN.NS,upper,False,
2015-09-14,SBIN.NS,lower,False,
2015-09-14,TATAMOTORS.NS,upper,False,
2015-09-14,TATAMOTORS.NS,lower,False,
2015-09-15,HINDUNILVR.NS,upper,False,
2015-09-15,HINDUNILVR.NS,lower,False,
2015-09-15,INFY.NS,upper,False,
2015-09-15,INFY.NS,lower,False,
2015-09-15,SBIN.NS,upper,False,
2015-09-15,SBIN.NS,lower,False,
2015-09-15,TATAMOTORS.NS,upper,False,
2015-09-15,TATAMOTORS.NS,lower,False,
2015-09-16,HINDUNILVR.NS,upper,False,
2015-09-16,HINDUNILVR.NS,lower,False,
2015-09-16,INFY.NS,upper,False,
2015-09-16,INFY.NS,lower,False,
2015-09-16,SBIN.NS,upper,True,sparse
2015-09-16,SBIN.NS,lower,False,
2015-09-16,TATAMOTORS.NS,upper,False,
2015-09-16,TATAMOTORS.NS,lower,False,
2015-09-18,HINDUNILVR.NS,upper,False,
2015-09-18,HINDUNILVR.NS,lower,False,
2015-09-18,INFY.NS,upper,False,
2015-09-18,INFY.NS,lower,False,
2015-09-18,SBIN.NS,upper,False,
2015-09-18,SBIN.NS,lower,False,
2015-09-18,TATAMOTORS.NS,upper,False,
2015-09-18,TATAMOTORS.NS,lower,False,
2015-09-21,HINDUNILVR.NS,upper,False,
2015-09-21,HINDUNILVR.NS,lower,False,
2015-09-21,INFY.NS,upper,False,
2015-09-21,INFY.NS,lower,False,
2015-09-21,SBIN.NS,upper,True,sparse
2015-09-21,SBIN.NS,lower,False,
2015-09-21,TATAMOTORS.NS,upper,False,
2015-09-21,TATAMOTORS.NS,lower,False,
2015-09-22,HINDUNILVR.NS,upper,False,
2015-09-22,HINDUNILVR.NS,lower,False,
2015-09-22,INFY.NS,upper,False,
2015-09-22,INFY.NS,lower,False,
2015-09-22,SBIN.NS,upper,False,
2015-09-22,SBIN.NS,lower,False,
2015-09-22,TATAMOTORS.NS,upper,False,
2015-09-22,TATAMOTORS.NS,lower,False,
2015-09-23,HINDUNILVR.NS,upper,False,
2015-09-23,HINDUNILVR.NS,lower,False,
2015-09-23,INFY.NS,upper,False,
2015-09-23,INFY.NS,lower,False,
2015-09-23,SBIN.NS,upper,True,invalid
2015-09-23,SBIN.NS,lower,False,
2015-09-23,TATAMOTORS.NS,upper,False,
2015-09-23,TATAMOTORS.NS,lower,False,
2015-09-24,HINDUNILVR.NS,upper,False,
2015-09-24,HINDUNILVR.NS,lower,False,
2015-09-24,INFY.NS,upper,False,
2015-09-24,INFY.NS,lower,False,
2015-09-24,SBIN.NS,upper,True,sparse
2015-09-24,SBIN.NS,lower,False,
2015-09-24,TATAMOTORS.NS,upper,False,
2015-09-24,TATAMOTORS.NS,lower,False,
2015-09-28,HINDUNILVR.NS,upper,False,
2015-09-28,HINDUNILVR.NS,lower,False,
2015-09-28,INFY.NS,upper,False,
2015-09-28,INFY.NS,lower,False,
2015-09-28,SBIN.NS,upper,True,sparse
2015-09-28,SBIN.NS,lower,False,
2015-09-28,TATAMOTORS.NS,upper,False,
2015-09-28,TATAMOTORS.NS,lower,False,
2015-09-29,HINDUNILVR.NS,upper,False,
2015-09-29,HINDUNILVR.NS,lower,False,
2015-09-29,INFY.NS,upper,False,
2015-09-29,INFY.NS,lower,False,
2015-09-29,SBIN.NS,upper,False,
2015-09-29,SBIN.NS,lower,False,
2015-09-29,TATAMOTORS.NS,upper,False,
2015-09-29,TATAMOTORS.NS,lower,False,
2015-09-30,HINDUNILVR.NS,upper,False,
2015-09-30,HINDUNILVR.NS,lower,False,
2015-09-30,INFY.NS,upper,False,
2015-09-30,INFY.NS,lower,False,
2015-09-30,SBIN.NS,upper,False,
2015-09-30,SBIN.NS,lower,False,
2015-09-30,TATAMOTORS.NS,upper,False,
2015-09-30,TATAMOTORS.NS,lower,False,
2015-10-01,HINDUNILVR.NS,upper,False,
2015-10-01,HINDUNILVR.NS,lower,False,
2015-10-01,INFY.NS,upper,False,
2015-10-01,INFY.NS,lower,False,
2015-10-01,SBIN.NS,upper,False,
2015-10-01,SBIN.NS,lower,False,
2015-10-01,TATAMOTORS.NS,upper,False,
2015-10-01,TATAMOTORS.NS,lower,False,
2015-10-05,HINDUNILVR.NS,upper,False,
2015-10-05,HINDUNILVR.NS,lower,False,
2015-10-05,INFY.NS,upper,False,
2015-10-05,INFY.NS,lower,False,
2015-10-05,SBIN.NS,upper,False,
2015-10-05,SBIN.NS,lower,False,
2015-10-05,TATAMOTORS.NS,upper,False,
2015-10-05,TATAMOTORS.NS,lower,False,
2015-10-06,HINDUNILVR.NS,upper,False,
2015-10-06,HINDUNILVR.NS,lower,False,
2015-10-06,INFY.NS,upper,False,
2015-10-06,INFY.NS,lower,False,
2015-10-06,SBIN.NS,upper,False,
2015-10-06,SBIN.NS,lower,False,
2015-10-06,TATAMOTORS.NS,upper,False,
2015-10-06,TATAMOTORS.NS,lower,False,
2015-10-07,HINDUNILVR.NS,upper,False,
2015-10-07,HINDUNILVR.NS,lower,False,
2015-10-07,INFY.NS,upper,False,
2015-10-07,INFY.NS,lower,False,
2015-10-07,SBIN.NS,upper,False,
2015-10-07,SBIN.NS,lower,False,
2015-10-07,TATAMOTORS.NS,upper,False,
2015-10-07,TATAMOTORS.NS,lower,False,
2015-10-08,HINDUNILVR.NS,upper,False,
2015-10-08,HINDUNILVR.NS,lower,False,
2015-10-08,INFY.NS,upper,False,
2015-10-08,INFY.NS,lower,False,
2015-10-08,SBIN.NS,upper,False,
2015-10-08,SBIN.NS,lower,False,
2015-10-08,TATAMOTORS.NS,upper,False,
2015-10-08,TATAMOTORS.NS,lower,False,
2015-10-09,HINDUNILVR.NS,upper,False,
2015-10-09,HINDUNILVR.NS,lower,False,
2015-10-09,INFY.NS,upper,False,
2015-10-09,INFY.NS,lower,False,
2015-10-09,SBIN.NS,upper,False,
2015-10-09,SBIN.NS,lower,False,
2015-10-09,TATAMOTORS.NS,upper,False,
2015-10-09,TATAMOTORS.NS,lower,False,
2015-10-12,HINDUNILVR.NS,upper,False,
2015-10-12,HINDUNILVR.NS,lower,False,
2015-10-12,INFY.NS,upper,False,
2015-10-12,INFY.NS,lower,False,
2015-10-12,SBIN.NS,upper,False,
2015-10-12,SBIN.NS,lower,False,
2015-10-12,TATAMOTORS.NS,upper,False,
2015-10-12,TATAMOTORS.NS,lower,False,
2015-10-13,HINDUNILVR.NS,upper,False,
2015-10-13,HINDUNILVR.NS,lower,False,
2015-10-13,INFY.NS,upper,False,
2015-10-13,INFY.NS,lower,False,
2015-10-13,SBIN.NS,upper,False,
2015-10-13,SBIN.NS,lower,False,
2015-10-13,TATAMOTORS.NS,upper,False,
2015-10-13,TATAMOTORS.NS,lower,False,
2015-10-14,HINDUNILVR.NS,upper,False,
2015-10-14,HINDUNILVR.NS,lower,False,
2015-10-14,INFY.NS,upper,False,
2015-10-14,INFY.NS,lower,False,
2015-10-14,SBIN.NS,upper,False,
2015-10-14,SBIN.NS,lower,False,
2015-10-14,TATAMOTORS.NS,upper,False,
2015-10-14,TATAMOTORS.NS,lower,False,
2015-10-15,HINDUNILVR.NS,upper,False,
2015-10-15,HINDUNILVR.NS,lower,False,
2015-10-15,INFY.NS,upper,False,
2015-10-15,INFY.NS,lower,False,
2015-10-15,SBIN.NS,upper,False,
2015-10-15,SBIN.NS,lower,False,
2015-10-15,TATAMOTORS.NS,upper,False,
2015-10-15,TATAMOTORS.NS,lower,False,
2015-10-16,HINDUNILVR.NS,upper,False,
2015-10-16,HINDUNILVR.NS,lower,False,
2015-10-16,INFY.NS,upper,False,
2015-10-16,INFY.NS,lower,False,
2015-10-16,SBIN.NS,upper,False,
2015-10-16,SBIN.NS,lower,False,
2015-10-16,TATAMOTORS.NS,upper,False,
2015-10-16,TATAMOTORS.NS,lower,False,
2015-10-19,HINDUNILVR.NS,upper,False,
2015-10-19,HINDUNILVR.NS,lower,False,
2015-10-19,INFY.NS,upper,False,
2015-10-19,INFY.NS,lower,False,
2015-10-19,SBIN.NS,upper,False,
2015-10-19,SBIN.NS,lower,False,
2015-10-19,TATAMOTORS.NS,upper,False,
2015-10-19,TATAMOTORS.NS,lower,False,
2015-10-20,HINDUNILVR.NS,upper,False,
2015-10-20,HINDUNILVR.NS,lower,False,
2015-10-20,INFY.NS,upper,False,
2015-10-20,INFY.NS,lower,False,
2015-10-20,SBIN.NS,upper,False,
2015-10-20,SBIN.NS,lower,False,
2015-10-20,TATAMOTORS.NS,upper,False,
2015-10-20,TATAMOTORS.NS,lower,False,
2015-10-21,HINDUNILVR.NS,upper,False,
2015-10-21,HINDUNILVR.NS,lower,False,
2015-10-21,INFY.NS,upper,False,
2015-10-21,INFY.NS,lower,False,
2015-10-21,SBIN.NS,upper,False,
2015-10-21,SBIN.NS,lower,False,
2015-10-21,TATAMOTORS.NS,upper,False,
2015-10-21,TATAMOTORS.NS,lower,False,
2015-10-23,HINDUNILVR.NS,upper,False,
2015-10-23,HINDUNILVR.NS,lower,False,
2015-10-23,INFY.NS,upper,False,
2015-10-23,INFY.NS,lower,False,
2015-10-23,SBIN.NS,upper,False,
2015-10-23,SBIN.NS,lower,False,
2015-10-23,TATAMOTORS.NS,upper,False,
2015-10-23,TATAMOTORS.NS,lower,False,
2015-10-26,HINDUNILVR.NS,upper,False,
2015-10-26,HINDUNILVR.NS,lower,False,
2015-10-26,INFY.NS,upper,False,
2015-10-26,INFY.NS,lower,False,
2015-10-26,SBIN.NS,upper,True,invalid
2015-10-26,SBIN.NS,lower,False,
2015-10-26,TATAMOTORS.NS,upper,False,
2015-10-26,TATAMOTORS.NS,lower,False,
2015-10-27,HINDUNILVR.NS,upper,False,
2015-10-27,HINDUNILVR.NS,lower,False,
2015-10-27,INFY.NS,upper,False,
2015-10-27,INFY.NS,lower,False,
2015-10-27,SBIN.NS,upper,False,
2015-10-27,SBIN.NS,lower,False,
2015-10-27,TATAMOTORS.NS,upper,False,
2015-10-27,TATAMOTORS.NS,lower,False,
2015-10-28,HINDUNILVR.NS,upper,False,
2015-10-28,HINDUNILVR.NS,lower,False,
2015-10-28,INFY.NS,upper,False,
2015-10-28,INFY.NS,lower,False,
2015-10-28,SBIN.NS,upper,False,
2015-10-28,SBIN.NS,lower,False,
2015-10-28,TATAMOTORS.NS,upper,False,
2015-10-28,TATAMOTORS.NS,lower,False,
2015-10-29,HINDUNILVR.NS,upper,False,
2015-10-29,HINDUNILVR.NS,lower,False,
2015-10-29,INFY.NS,upper,False,
2015-10-29,INFY.NS,lower,False,
2015-10-29,SBIN.NS,upper,False,
2015-10-29,SBIN.NS,lower,False,
2015-10-29,TATAMOTORS.NS,upper,False,
2015-10-29,TATAMOTORS.NS,lower,False,
2015-10-30,HINDUNILVR.NS,upper,False,
2015-10-30,HINDUNILVR.NS,lower,False,
2015-10-30,INFY.NS,upper,False,
2015-10-30,INFY.NS,lower,False,
2015-10-30,SBIN.NS,upper,False,
2015-10-30,SBIN.NS,lower,False,
2015-10-30,TATAMOTORS.NS,upper,False,
2015-10-30,TATAMOTORS.NS,lower,False,
2015-11-02,HINDUNILVR.NS,upper,False,
2015-11-02,HINDUNILVR.NS,lower,False,
2015-11-02,INFY.NS,upper,False,
2015-11-02,INFY.NS,lower,False,
2015-11-02,SBIN.NS,upper,False,
2015-11-02,SBIN.NS,lower,False,
2015-11-02,TATAMOTORS.NS,upper,False,
2015-11-02,TATAMOTORS.NS,lower,False,
2015-11-03,HINDUNILVR.NS,upper,False,
2015-11-03,HINDUNILVR.NS,lower,False,
2015-11-03,INFY.NS,upper,False,
2015-11-03,INFY.NS,lower,False,
2015-11-03,SBIN.NS,upper,False,
2015-11-03,SBIN.NS,lower,False,
2015-11-03,TATAMOTORS.NS,upper,False,
2015-11-03,TATAMOTORS.NS,lower,False,
2015-11-04,HINDUNILVR.NS,upper,False,
2015-11-04,HINDUNILVR.NS,lower,False,
2015-11-04,INFY.NS,upper,False,
2015-11-04,INFY.NS,lower,False,
2015-11-04,SBIN.NS,upper,False,
2015-11-04,SBIN.NS,lower,False,
2015-11-04,TATAMOTORS.NS,upper,False,
2015-11-04,TATAMOTORS.NS,lower,False,
2015-11-05,HINDUNILVR.NS,upper,False,
2015-11-05,HINDUNILVR.NS,lower,False,
2015-11-05,INFY.NS,upper,False,
2015-11-05,INFY.NS,lower,False,
2015-11-05,SBIN.NS,upper,False,
2015-11-05,SBIN.NS,lower,False,
2015-11-05,TATAMOTORS.NS,upper,False,
2015-11-05,TATAMOTORS.NS,lower,False,
2015-11-06,HINDUNILVR.NS,upper,False,
2015-11-06,HINDUNILVR.NS,lower,False,
2015-11-06,INFY.NS,upper,False,
2015-11-06,INFY.NS,lower,False,
2015-11-06,SBIN.NS,upper,False,
2015-11-06,SBIN.NS,lower,False,
2015-11-06,TATAMOTORS.NS,upper,False,
2015-11-06,TATAMOTORS.NS,lower,False,
2015-11-09,HINDUNILVR.NS,upper,False,
2015-11-09,HINDUNILVR.NS,lower,False,
2015-11-09,INFY.NS,upper,False,
2015-11-09,INFY.NS,lower,False,
2015-11-09,SBIN.NS,upper,False,
2015-11-09,SBIN.NS,lower,False,
2015-11-09,TATAMOTORS.NS,upper,False,
2015-11-09,TATAMOTORS.NS,lower,False,
2015-11-10,HINDUNILVR.NS,upper,False,
2015-11-10,HINDUNILVR.NS,lower,False,
2015-11-10,INFY.NS,upper,False,
2015-11-10,INFY.NS,lower,False,
2015-11-10,SBIN.NS,upper,False,
2015-11-10,SBIN.NS,lower,False,
2015-11-10,TATAMOTORS.NS,upper,False,
2015-11-10,TATAMOTORS.NS,lower,False,
2015-11-13,HINDUNILVR.NS,upper,False,
2015-11-13,HINDUNILVR.NS,lower,False,
2015-11-13,INFY.NS,upper,False,
2015-11-13,INFY.NS,lower,False,
2015-11-13,SBIN.NS,upper,False,
2015-11-13,SBIN.NS,lower,False,
2015-11-13,TATAMOTORS.NS,upper,False,
2015-11-13,TATAMOTORS.NS,lower,False,
2015-11-16,HINDUNILVR.NS,upper,False,
2015-11-16,HINDUNILVR.NS,lower,False,
2015-11-16,INFY.NS,upper,False,
2015-11-16,INFY.NS,lower,False,
2015-11-16,SBIN.NS,upper,False,
2015-11-16,SBIN.NS,lower,False,
2015-11-16,TATAMOTORS.NS,upper,False,
2015-11-16,TATAMOTORS.NS,lower,False,
2015-11-17,HINDUNILVR.NS,upper,False,
2015-11-17,HINDUNILVR.NS,lower,False,
2015-11-17,INFY.NS,upper,False,
2015-11-17,INFY.NS,lower,False,
2015-11-17,SBIN.NS,upper,False,
2015-11-17,SBIN.NS,lower,False,
2015-11-17,TATAMOTORS.NS,upper,False,
2015-11-17,TATAMOTORS.NS,lower,False,
2015-11-18,HINDUNILVR.NS,upper,False,
2015-11-18,HINDUNILVR.NS,lower,False,
2015-11-18,INFY.NS,upper,False,
2015-11-18,INFY.NS,lower,False,
2015-11-18,SBIN.NS,upper,False,
2015-11-18,SBIN.NS,lower,False,
2015-11-18,TATAMOTORS.NS,upper,False,
2015-11-18,TATAMOTORS.NS,lower,False,
2015-11-19,HINDUNILVR.NS,upper,False,
2015-11-19,HINDUNILVR.NS,lower,False,
2015-11-19,INFY.NS,upper,False,
2015-11-19,INFY.NS,lower,False,
2015-11-19,SBIN.NS,upper,False,
2015-11-19,SBIN.NS,lower,False,
2015-11-19,TATAMOTORS.NS,upper,False,
2015-11-19,TATAMOTORS.NS,lower,False,
2015-11-20,HINDUNILVR.NS,upper,False,
2015-11-20,HINDUNILVR.NS,lower,False,
2015-11-20,INFY.NS,upper,False,
2015-11-20,INFY.NS,lower,False,
2015-11-20,SBIN.NS,upper,False,
2015-11-20,SBIN.NS,lower,False,
2015-11-20,TATAMOTORS.NS,upper,False,
2015-11-20,TATAMOTORS.NS,lower,False,
2015-11-23,HINDUNILVR.NS,upper,False,
2015-11-23,HINDUNILVR.NS,lower,False,
2015-11-23,INFY.NS,upper,False,
2015-11-23,INFY.NS,lower,False,
2015-11-23,SBIN.NS,upper,False,
2015-11-23,SBIN.NS,lower,False,
2015-11-23,TATAMOTORS.NS,upper,False,
2015-11-23,TATAMOTORS.NS,lower,False,
2015-11-24,HINDUNILVR.NS,upper,False,
2015-11-24,HINDUNILVR.NS,lower,False,
2015-11-24,INFY.NS,upper,False,
2015-11-24,INFY.NS,lower,False,
2015-11-24,SBIN.NS,upper,False,
2015-11-24,SBIN.NS,lower,False,
2015-11-24,TATAMOTORS.NS,upper,False,
2015-11-24,TATAMOTORS.NS,lower,False,
2015-11-26,HINDUNILVR.NS,upper,False,
2015-11-26,HINDUNILVR.NS,lower,False,
2015-11-26,INFY.NS,upper,False,
2015-11-26,INFY.NS,lower,False,
2015-11-26,SBIN.NS,upper,False,
2015-11-26,SBIN.NS,lower,False,
2015-11-26,TATAMOTORS.NS,upper,False,
2015-11-26,TATAMOTORS.NS,lower,False,
2015-11-27,HINDUNILVR.NS,upper,False,
2015-11-27,HINDUNILVR.NS,lower,False,
2015-11-27,INFY.NS,upper,False,
2015-11-27,INFY.NS,lower,False,
2015-11-27,SBIN.NS,upper,False,
2015-11-27,SBIN.NS,lower,False,
2015-11-27,TATAMOTORS.NS,upper,False,
2015-11-27,TATAMOTORS.NS,lower,False,
2015-11-30,HINDUNILVR.NS,upper,False,
2015-11-30,HINDUNILVR.NS,lower,False,
2015-11-30,INFY.NS,upper,False,
2015-11-30,INFY.NS,lower,False,
2015-11-30,SBIN.NS,upper,False,
2015-11-30,SBIN.NS,lower,False,
2015-11-30,TATAMOTORS.NS,upper,False,
2015-11-30,TATAMOTORS.NS,lower,False,
2015-12-01,HINDUNILVR.NS,upper,False,
2015-12-01,HINDUNILVR.NS,lower,False,
2015-12-01,INFY.NS,upper,False,
2015-12-01,INFY.NS,lower,False,
2015-12-01,SBIN.NS,upper,False,
2015-12-01,SBIN.NS,lower,False,
2015-12-01,TATAMOTORS.NS,upper,False,
2015-12-01,TATAMOTORS.NS,lower,False,
2015-12-02,HINDUNILVR.NS,upper,False,
2015-12-02,HINDUNILVR.NS,lower,False,
2015-12-02,INFY.NS,upper,False,
2015-12-02,INFY.NS,lower,False,
2015-12-02,SBIN.NS,upper,False,
2015-12-02,SBIN.NS,lower,False,
2015-12-02,TATAMOTORS.NS,upper,False,
2015-12-02,TATAMOTORS.NS,lower,False,
2015-12-03,HINDUNILVR.NS,upper,False,
2015-12-03,HINDUNILVR.NS,lower,False,
2015-12-03,INFY.NS,upper,False,
2015-12-03,INFY.NS,lower,False,
2015-12-03,SBIN.NS,upper,True,sparse
2015-12-03,SBIN.NS,lower,False,
2015-12-03,TATAMOTORS.NS,upper,False,
2015-12-03,TATAMOTORS.NS,lower,False,
2015-12-04,HINDUNILVR.NS,upper,False,
2015-12-04,HINDUNILVR.NS,lower,False,
2015-12-04,INFY.NS,upper,False,
2015-12-04,INFY.NS,lower,False,
2015-12-04,SBIN.NS,upper,False,
2015-12-04,SBIN.NS,lower,False,
2015-12-04,TATAMOTORS.NS,upper,False,
2015-12-04,TATAMOTORS.NS,lower,False,
2015-12-07,HINDUNILVR.NS,upper,False,
2015-12-07,HINDUNILVR.NS,lower,False,
2015-12-07,INFY.NS,upper,False,
2015-12-07,INFY.NS,lower,False,
2015-12-07,SBIN.NS,upper,False,
2015-12-07,SBIN.NS,lower,False,
2015-12-07,TATAMOTORS.NS,upper,False,
2015-12-07,TATAMOTORS.NS,lower,False,
2015-12-08,HINDUNILVR.NS,upper,False,
2015-12-08,HINDUNILVR.NS,lower,False,
2015-12-08,INFY.NS,upper,False,
2015-12-08,INFY.NS,lower,False,
2015-12-08,SBIN.NS,upper,False,
2015-12-08,SBIN.NS,lower,False,
2015-12-08,TATAMOTORS.NS,upper,False,
2015-12-08,TATAMOTORS.NS,lower,False,
2015-12-09,HINDUNILVR.NS,upper,False,
2015-12-09,HINDUNILVR.NS,lower,False,
2015-12-09,INFY.NS,upper,False,
2015-12-09,INFY.NS,lower,False,
2015-12-09,SBIN.NS,upper,False,
2015-12-09,SBIN.NS,lower,False,
2015-12-09,TATAMOTORS.NS,upper,False,
2015-12-09,TATAMOTORS.NS,lower,False,
2015-12-10,HINDUNILVR.NS,upper,False,
2015-12-10,HINDUNILVR.NS,lower,False,
2015-12-10,INFY.NS,upper,False,
2015-12-10,INFY.NS,lower,False,
2015-12-10,SBIN.NS,upper,False,
2015-12-10,SBIN.NS,lower,False,
2015-12-10,TATAMOTORS.NS,upper,False,
2015-12-10,TATAMOTORS.NS,lower,False,
2015-12-11,HINDUNILVR.NS,upper,False,
2015-12-11,HINDUNILVR.NS,lower,False,
2015-12-11,INFY.NS,upper,False,
2015-12-11,INFY.NS,lower,False,
2015-12-11,SBIN.NS,upper,False,
2015-12-11,SBIN.NS,lower,False,
2015-12-11,TATAMOTORS.NS,upper,False,
2015-12-11,TATAMOTORS.NS,lower,False,
2015-12-14,HINDUNILVR.NS,upper,False,
2015-12-14,HINDUNILVR.NS,lower,False,
2015-12-14,INFY.NS,upper,False,
2015-12-14,INFY.NS,lower,False,
2015-12-14,SBIN.NS,upper,True,invalid
2015-12-14,SBIN.NS,lower,False,
2015-12-14,TATAMOTORS.NS,upper,False,
2015-12-14,TATAMOTORS.NS,lower,False,
2015-12-15,HINDUNILVR.NS,upper,False,
2015-12-15,HINDUNILVR.NS,lower,False,
2015-12-15,INFY.NS,upper,False,
2015-12-15,INFY.NS,lower,False,
2015-12-15,SBIN.NS,upper,False,
2015-12-15,SBIN.NS,lower,False,
2015-12-15,TATAMOTORS.NS,upper,False,
2015-12-15,TATAMOTORS.NS,lower,False,
2015-12-16,HINDUNILVR.NS,upper,False,
2015-12-16,HINDUNILVR.NS,lower,False,
2015-12-16,INFY.NS,upper,False,
2015-12-16,INFY.NS,lower,False,
2015-12-16,SBIN.NS,upper,False,
2015-12-16,SBIN.NS,lower,False,
2015-12-16,TATAMOTORS.NS,upper,False,
2015-12-16,TATAMOTORS.NS,lower,False,
2015-12-17,HINDUNILVR.NS,upper,False,
2015-12-17,HINDUNILVR.NS,lower,False,
2015-12-17,INFY.NS,upper,False,
2015-12-17,INFY.NS,lower,False,
2015-12-17,SBIN.NS,upper,False,
2015-12-17,SBIN.NS,lower,False,
2015-12-17,TATAMOTORS.NS,upper,False,
2015-12-17,TATAMOTORS.NS,lower,False,
2015-12-18,HINDUNILVR.NS,upper,False,
2015-12-18,HINDUNILVR.NS,lower,False,
2015-12-18,INFY.NS,upper,False,
2015-12-18,INFY.NS,lower,False,
2015-12-18,SBIN.NS,upper,False,
2015-12-18,SBIN.NS,lower,False,
2015-12-18,TATAMOTORS.NS,upper,False,
2015-12-18,TATAMOTORS.NS,lower,False,
2015-12-21,HINDUNILVR.NS,upper,False,
2015-12-21,HINDUNILVR.NS,lower,False,
2015-12-21,INFY.NS,upper,False,
2015-12-21,INFY.NS,lower,False,
2015-12-21,SBIN.NS,upper,False,
2015-12-21,SBIN.NS,lower,False,
2015-12-21,TATAMOTORS.NS,upper,False,
2015-12-21,TATAMOTORS.NS,lower,False,
2015-12-22,HINDUNILVR.NS,upper,False,
2015-12-22,HINDUNILVR.NS,lower,False,
2015-12-22,INFY.NS,upper,False,
2015-12-22,INFY.NS,lower,False,
2015-12-22,SBIN.NS,upper,False,
2015-12-22,SBIN.NS,lower,False,
2015-12-22,TATAMOTORS.NS,upper,False,
2015-12-22,TATAMOTORS.NS,lower,False,
2015-12-23,HINDUNILVR.NS,upper,False,
2015-12-23,HINDUNILVR.NS,lower,False,
2015-12-23,INFY.NS,upper,False,
2015-12-23,INFY.NS,lower,False,
2015-12-23,SBIN.NS,upper,False,
2015-12-23,SBIN.NS,lower,False,
2015-12-23,TATAMOTORS.NS,upper,False,
2015-12-23,TATAMOTORS.NS,lower,False,
2015-12-24,HINDUNILVR.NS,upper,False,
2015-12-24,HINDUNILVR.NS,lower,False,
2015-12-24,INFY.NS,upper,False,
2015-12-24,INFY.NS,lower,False,
2015-12-24,SBIN.NS,upper,False,
2015-12-24,SBIN.NS,lower,False,
2015-12-24,TATAMOTORS.NS,upper,False,
2015-12-24,TATAMOTORS.NS,lower,False,
2015-12-28,HINDUNILVR.NS,upper,False,
2015-12-28,HINDUNILVR.NS,lower,False,
2015-12-28,INFY.NS,upper,False,
2015-12-28,INFY.NS,lower,False,
2015-12-28,SBIN.NS,upper,False,
2015-12-28,SBIN.NS,lower,False,
2015-12-28,TATAMOTORS.NS,upper,False,
2015-12-28,TATAMOTORS.NS,lower,False,
2015-12-29,HINDUNILVR.NS,upper,False,
2015-12-29,HINDUNILVR.NS,lower,False,
2015-12-29,INFY.NS,upper,False,
2015-12-29,INFY.NS,lower,False,
2015-12-29,SBIN.NS,upper,False,
2015-12-29,SBIN.NS,lower,False,
2015-12-29,TATAMOTORS.NS,upper,False,
2015-12-29,TATAMOTORS.NS,lower,False,
2015-12-30,HINDUNILVR.NS,upper,False,
2015-12-30,HINDUNILVR.NS,lower,False,
2015-12-30,INFY.NS,upper,False,
2015-12-30,INFY.NS,lower,False,
2015-12-30,SBIN.NS,upper,False,
2015-12-30,SBIN.NS,lower,False,
2015-12-30,TATAMOTORS.NS,upper,False,
2015-12-30,TATAMOTORS.NS,lower,False,
2015-12-31,HINDUNILVR.NS,upper,False,
2015-12-31,HINDUNILVR.NS,lower,False,
2015-12-31,INFY.NS,upper,False,
2015-12-31,INFY.NS,lower,False,
2015-12-31,SBIN.NS,upper,False,
2015-12-31,SBIN.NS,lower,False,
2015-12-31,TATAMOTORS.NS,upper,False,
2015-12-31,TATAMOTORS.NS,lower,False,
2016-01-01,HINDUNILVR.NS,upper,False,
2016-01-01,HINDUNILVR.NS,lower,False,
2016-01-01,INFY.NS,upper,False,
2016-01-01,INFY.NS,lower,False,
2016-01-01,SBIN.NS,upper,False,
2016-01-01,SBIN.NS,lower,False,
2016-01-01,TATAMOTORS.NS,upper,False,
2016-01-01,TATAMOTORS.NS,lower,False,
2016-01-04,HINDUNILVR.NS,upper,False,
2016-01-04,HINDUNILVR.NS,lower,False,
2016-01-04,INFY.NS,upper,False,
2016-01-04,INFY.NS,lower,False,
2016-01-04,SBIN.NS,upper,False,
2016-01-04,SBIN.NS,lower,False,
2016-01-04,TATAMOTORS.NS,upper,False,
2016-01-04,TATAMOTORS.NS,lower,False,
2016-01-05,HINDUNILVR.NS,upper,False,
2016-01-05,HINDUNILVR.NS,lower,False,
2016-01-05,INFY.NS,upper,False,
2016-01-05,INFY.NS,lower,False,
2016-01-05,SBIN.NS,upper,False,
2016-01-05,SBIN.NS,lower,False,
2016-01-05,TATAMOTORS.NS,upper,False,
2016-01-05,TATAMOTORS.NS,lower,False,
2016-01-06,HINDUNILVR.NS,upper,False,
2016-01-06,HINDUNILVR.NS,lower,False,
2016-01-06,INFY.NS,upper,False,
2016-01-06,INFY.NS,lower,False,
2016-01-06,SBIN.NS,upper,False,
2016-01-06,SBIN.NS,lower,False,
2016-01-06,TATAMOTORS.NS,upper,False,
2016-01-06,TATAMOTORS.NS,lower,False,
2016-01-07,HINDUNILVR.NS,upper,False,
2016-01-07,HINDUNILVR.NS,lower,False,
2016-01-07,INFY.NS,upper,False,
2016-01-07,INFY.NS,lower,False,
2016-01-07,SBIN.NS,upper,False,
2016-01-07,SBIN.NS,lower,False,
2016-01-07,TATAMOTORS.NS,upper,False,
2016-01-07,TATAMOTORS.NS,lower,False,
2016-01-08,HINDUNILVR.NS,upper,False,
2016-01-08,HINDUNILVR.NS,lower,False,
2016-01-08,INFY.NS,upper,False,
2016-01-08,INFY.NS,lower,False,
2016-01-08,SBIN.NS,upper,False,
2016-01-08,SBIN.NS,lower,False,
2016-01-08,TATAMOTORS.NS,upper,False,
2016-01-08,TATAMOTORS.NS,lower,False,
2016-01-11,HINDUNILVR.NS,upper,False,
2016-01-11,HINDUNILVR.NS,lower,False,
2016-01-11,INFY.NS,upper,False,
2016-01-11,INFY.NS,lower,False,
2016-01-11,SBIN.NS,upper,False,
2016-01-11,SBIN.NS,lower,False,
2016-01-11,TATAMOTORS.NS,upper,False,
2016-01-11,TATAMOTORS.NS,lower,False,
2016-01-12,HINDUNILVR.NS,upper,False,
2016-01-12,HINDUNILVR.NS,lower,False,
2016-01-12,INFY.NS,upper,False,
2016-01-12,INFY.NS,lower,False,
2016-01-12,SBIN.NS,upper,False,
2016-01-12,SBIN.NS,lower,False,
2016-01-12,TATAMOTORS.NS,upper,False,
2016-01-12,TATAMOTORS.NS,lower,False,
2016-01-13,HINDUNILVR.NS,upper,False,
2016-01-13,HINDUNILVR.NS,lower,False,
2016-01-13,INFY.NS,upper,False,
2016-01-13,INFY.NS,lower,False,
2016-01-13,SBIN.NS,upper,False,
2016-01-13,SBIN.NS,lower,False,
2016-01-13,TATAMOTORS.NS,upper,False,
2016-01-13,TATAMOTORS.NS,lower,False,
2016-01-14,HINDUNILVR.NS,upper,False,
2016-01-14,HINDUNILVR.NS,lower,False,
2016-01-14,INFY.NS,upper,False,
2016-01-14,INFY.NS,lower,False,
2016-01-14,SBIN.NS,upper,False,
2016-01-14,SBIN.NS,lower,False,
2016-01-14,TATAMOTORS.NS,upper,False,
2016-01-14,TATAMOTORS.NS,lower,False,
2016-01-15,HINDUNILVR.NS,upper,False,
2016-01-15,HINDUNILVR.NS,lower,False,
2016-01-15,INFY.NS,upper,False,
2016-01-15,INFY.NS,lower,False,
2016-01-15,SBIN.NS,upper,False,
2016-01-15,SBIN.NS,lower,False,
2016-01-15,TATAMOTORS.NS,upper,False,
2016-01-15,TATAMOTORS.NS,lower,False,
2016-01-18,HINDUNILVR.NS,upper,False,
2016-01-18,HINDUNILVR.NS,lower,False,
2016-01-18,INFY.NS,upper,False,
2016-01-18,INFY.NS,lower,False,
2016-01-18,SBIN.NS,upper,False,
2016-01-18,SBIN.NS,lower,False,
2016-01-18,TATAMOTORS.NS,upper,False,
2016-01-18,TATAMOTORS.NS,lower,False,
2016-01-19,HINDUNILVR.NS,upper,False,
2016-01-19,HINDUNILVR.NS,lower,False,
2016-01-19,INFY.NS,upper,False,
2016-01-19,INFY.NS,lower,False,
2016-01-19,SBIN.NS,upper,False,
2016-01-19,SBIN.NS,lower,False,
2016-01-19,TATAMOTORS.NS,upper,False,
2016-01-19,TATAMOTORS.NS,lower,False,
2016-01-20,HINDUNILVR.NS,upper,False,
2016-01-20,HINDUNILVR.NS,lower,False,
2016-01-20,INFY.NS,upper,False,
2016-01-20,INFY.NS,lower,False,
2016-01-20,SBIN.NS,upper,False,
2016-01-20,SBIN.NS,lower,False,
2016-01-20,TATAMOTORS.NS,upper,False,
2016-01-20,TATAMOTORS.NS,lower,False,
2016-01-21,HINDUNILVR.NS,upper,False,
2016-01-21,HINDUNILVR.NS,lower,False,
2016-01-21,INFY.NS,upper,False,
2016-01-21,INFY.NS,lower,False,
2016-01-21,SBIN.NS,upper,False,
2016-01-21,SBIN.NS,lower,False,
2016-01-21,TATAMOTORS.NS,upper,False,
2016-01-21,TATAMOTORS.NS,lower,False,
2016-01-22,HINDUNILVR.NS,upper,False,
2016-01-22,HINDUNILVR.NS,lower,False,
2016-01-22,INFY.NS,upper,False,
2016-01-22,INFY.NS,lower,False,
2016-01-22,SBIN.NS,upper,True,sparse
2016-01-22,SBIN.NS,lower,False,
2016-01-22,TATAMOTORS.NS,upper,False,
2016-01-22,TATAMOTORS.NS,lower,False,
2016-01-25,HINDUNILVR.NS,upper,False,
2016-01-25,HINDUNILVR.NS,lower,False,
2016-01-25,INFY.NS,upper,False,
2016-01-25,INFY.NS,lower,False,
2016-01-25,SBIN.NS,upper,True,invalid
2016-01-25,SBIN.NS,lower,False,
2016-01-25,TATAMOTORS.NS,upper,False,
2016-01-25,TATAMOTORS.NS,lower,False,
2016-01-27,HINDUNILVR.NS,upper,False,
2016-01-27,HINDUNILVR.NS,lower,False,
2016-01-27,INFY.NS,upper,False,
2016-01-27,INFY.NS,lower,False,
2016-01-27,SBIN.NS,upper,True,sparse
2016-01-27,SBIN.NS,lower,False,
2016-01-27,TATAMOTORS.NS,upper,False,
2016-01-27,TATAMOTORS.NS,lower,False,
2016-01-28,HINDUNILVR.NS,upper,False,
2016-01-28,HINDUNILVR.NS,lower,False,
2016-01-28,INFY.NS,upper,False,
2016-01-28,INFY.NS,lower,False,
2016-01-28,SBIN.NS,upper,False,
2016-01-28,SBIN.NS,lower,False,
2016-01-28,TATAMOTORS.NS,upper,False,
2016-01-28,TATAMOTORS.NS,lower,False,
2016-01-29,HINDUNILVR.NS,upper,False,
2016-01-29,HINDUNILVR.NS,lower,False,
2016-01-29,INFY.NS,upper,False,
2016-01-29,INFY.NS,lower,False,
2016-01-29,SBIN.NS,upper,False,
2016-01-29,SBIN.NS,lower,False,
2016-01-29,TATAMOTORS.NS,upper,False,
2016-01-29,TATAMOTORS.NS,lower,False,
2016-02-01,HINDUNILVR.NS,upper,False,
2016-02-01,HINDUNILVR.NS,lower,False,
2016-02-01,INFY.NS,upper,False,
2016-02-01,INFY.NS,lower,False,
2016-02-01,SBIN.NS,upper,False,
2016-02-01,SBIN.NS,lower,False,
2016-02-01,TATAMOTORS.NS,upper,False,
2016-02-01,TATAMOTORS.NS,lower,False,
2016-02-02,HINDUNILVR.NS,upper,False,
2016-02-02,HINDUNILVR.NS,lower,False,
2016-02-02,INFY.NS,upper,False,
2016-02-02,INFY.NS,lower,False,
2016-02-02,SBIN.NS,upper,False,
2016-02-02,SBIN.NS,lower,False,
2016-02-02,TATAMOTORS.NS,upper,False,
2016-02-02,TATAMOTORS.NS,lower,False,
2016-02-03,HINDUNILVR.NS,upper,False,
2016-02-03,HINDUNILVR.NS,lower,False,
2016-02-03,INFY.NS,upper,False,
2016-02-03,INFY.NS,lower,False,
2016-02-03,SBIN.NS,upper,False,
2016-02-03,SBIN.NS,lower,False,
2016-02-03,TATAMOTORS.NS,upper,False,
2016-02-03,TATAMOTORS.NS,lower,False,
2016-02-04,HINDUNILVR.NS,upper,False,
2016-02-04,HINDUNILVR.NS,lower,False,
2016-02-04,INFY.NS,upper,False,
2016-02-04,INFY.NS,lower,False,
2016-02-04,SBIN.NS,upper,False,
2016-02-04,SBIN.NS,lower,False,
2016-02-04,TATAMOTORS.NS,upper,False,
2016-02-04,TATAMOTORS.NS,lower,False,
2016-02-05,HINDUNILVR.NS,upper,False,
2016-02-05,HINDUNILVR.NS,lower,False,
2016-02-05,INFY.NS,upper,False,
2016-02-05,INFY.NS,lower,False,
2016-02-05,SBIN.NS,upper,False,
2016-02-05,SBIN.NS,lower,False,
2016-02-05,TATAMOTORS.NS,upper,False,
2016-02-05,TATAMOTORS.NS,lower,False,
2016-02-08,HINDUNILVR.NS,upper,False,
2016-02-08,HINDUNILVR.NS,lower,False,
2016-02-08,INFY.NS,upper,False,
2016-02-08,INFY.NS,lower,False,
2016-02-08,SBIN.NS,upper,False,
2016-02-08,SBIN.NS,lower,False,
2016-02-08,TATAMOTORS.NS,upper,False,
2016-02-08,TATAMOTORS.NS,lower,False,
2016-02-09,HINDUNILVR.NS,upper,False,
2016-02-09,HINDUNILVR.NS,lower,False,
2016-02-09,INFY.NS,upper,False,
2016-02-09,INFY.NS,lower,False,
2016-02-09,SBIN.NS,upper,False,
2016-02-09,SBIN.NS,lower,False,
2016-02-09,TATAMOTORS.NS,upper,False,
2016-02-09,TATAMOTORS.NS,lower,False,
2016-02-10,HINDUNILVR.NS,upper,False,
2016-02-10,HINDUNILVR.NS,lower,False,
2016-02-10,INFY.NS,upper,False,
2016-02-10,INFY.NS,lower,False,
2016-02-10,SBIN.NS,upper,False,
2016-02-10,SBIN.NS,lower,False,
2016-02-10,TATAMOTORS.NS,upper,False,
2016-02-10,TATAMOTORS.NS,lower,False,
2016-02-11,HINDUNILVR.NS,upper,False,
2016-02-11,HINDUNILVR.NS,lower,False,
2016-02-11,INFY.NS,upper,False,
2016-02-11,INFY.NS,lower,False,
2016-02-11,SBIN.NS,upper,False,
2016-02-11,SBIN.NS,lower,False,
2016-02-11,TATAMOTORS.NS,upper,False,
2016-02-11,TATAMOTORS.NS,lower,False,
2016-02-12,HINDUNILVR.NS,upper,False,
2016-02-12,HINDUNILVR.NS,lower,False,
2016-02-12,INFY.NS,upper,False,
2016-02-12,INFY.NS,lower,False,
2016-02-12,SBIN.NS,upper,True,sparse
2016-02-12,SBIN.NS,lower,False,
2016-02-12,TATAMOTORS.NS,upper,False,
2016-02-12,TATAMOTORS.NS,lower,False,
2016-02-15,HINDUNILVR.NS,upper,False,
2016-02-15,HINDUNILVR.NS,lower,False,
2016-02-15,INFY.NS,upper,False,
2016-02-15,INFY.NS,lower,False,
2016-02-15,SBIN.NS,upper,True,sparse
2016-02-15,SBIN.NS,lower,False,
2016-02-15,TATAMOTORS.NS,upper,False,
2016-02-15,TATAMOTORS.NS,lower,False,
2016-02-16,HINDUNILVR.NS,upper,False,
2016-02-16,HINDUNILVR.NS,lower,False,
2016-02-16,INFY.NS,upper,False,
2016-02-16,INFY.NS,lower,False,
2016-02-16,SBIN.NS,upper,False,
2016-02-16,SBIN.NS,lower,False,
2016-02-16,TATAMOTORS.NS,upper,False,
2016-02-16,TATAMOTORS.NS,lower,False,
2016-02-17,HINDUNILVR.NS,upper,False,
2016-02-17,HINDUNILVR.NS,lower,False,
2016-02-17,INFY.NS,upper,False,
2016-02-17,INFY.NS,lower,False,
2016-02-17,SBIN.NS,upper,False,
2016-02-17,SBIN.NS,lower,False,
2016-02-17,TATAMOTORS.NS,upper,False,
2016-02-17,TATAMOTORS.NS,lower,False,
2016-02-18,HINDUNILVR.NS,upper,False,
2016-02-18,HINDUNILVR.NS,lower,False,
2016-02-18,INFY.NS,upper,False,
2016-02-18,INFY.NS,lower,False,
2016-02-18,SBIN.NS,upper,False,
2016-02-18,SBIN.NS,lower,False,
2016-02-18,TATAMOTORS.NS,upper,False,
2016-02-18,TATAMOTORS.NS,lower,True,invalid
2016-02-19,HINDUNILVR.NS,upper,False,
2016-02-19,HINDUNILVR.NS,lower,False,
2016-02-19,INFY.NS,upper,False,
2016-02-19,INFY.NS,lower,False,
2016-02-19,SBIN.NS,upper,False,
2016-02-19,SBIN.NS,lower,False,
2016-02-19,TATAMOTORS.NS,upper,False,
2016-02-19,TATAMOTORS.NS,lower,True,invalid
2016-02-22,HINDUNILVR.NS,upper,False,
2016-02-22,HINDUNILVR.NS,lower,False,
2016-02-22,INFY.NS,upper,False,
2016-02-22,INFY.NS,lower,False,
2016-02-22,SBIN.NS,upper,False,
2016-02-22,SBIN.NS,lower,False,
2016-02-22,TATAMOTORS.NS,upper,False,
2016-02-22,TATAMOTORS.NS,lower,False,
2016-02-23,HINDUNILVR.NS,upper,False,
2016-02-23,HINDUNILVR.NS,lower,False,
2016-02-23,INFY.NS,upper,False,
2016-02-23,INFY.NS,lower,False,
2016-02-23,SBIN.NS,upper,False,
2016-02-23,SBIN.NS,lower,False,
2016-02-23,TATAMOTORS.NS,upper,False,
2016-02-23,TATAMOTORS.NS,lower,True,invalid
2016-02-24,HINDUNILVR.NS,upper,False,
2016-02-24,HINDUNILVR.NS,lower,False,
2016-02-24,INFY.NS,upper,False,
2016-02-24,INFY.NS,lower,False,
2016-02-24,SBIN.NS,upper,False,
2016-02-24,SBIN.NS,lower,False,
2016-02-24,TATAMOTORS.NS,upper,False,
2016-02-24,TATAMOTORS.NS,lower,True,invalid
2016-02-25,HINDUNILVR.NS,upper,False,
2016-02-25,HINDUNILVR.NS,lower,False,
2016-02-25,INFY.NS,upper,False,
2016-02-25,INFY.NS,lower,False,
2016-02-25,SBIN.NS,upper,False,
2016-02-25,SBIN.NS,lower,False,
2016-02-25,TATAMOTORS.NS,upper,False,
2016-02-25,TATAMOTORS.NS,lower,True,sparse
2016-02-26,HINDUNILVR.NS,upper,False,
2016-02-26,HINDUNILVR.NS,lower,False,
2016-02-26,INFY.NS,upper,False,
2016-02-26,INFY.NS,lower,False,
2016-02-26,SBIN.NS,upper,False,
2016-02-26,SBIN.NS,lower,False,
2016-02-26,TATAMOTORS.NS,upper,False,
2016-02-26,TATAMOTORS.NS,lower,False,
2016-02-29,HINDUNILVR.NS,upper,False,
2016-02-29,HINDUNILVR.NS,lower,False,
2016-02-29,INFY.NS,upper,False,
2016-02-29,INFY.NS,lower,False,
2016-02-29,SBIN.NS,upper,False,
2016-02-29,SBIN.NS,lower,False,
2016-02-29,TATAMOTORS.NS,upper,False,
2016-02-29,TATAMOTORS.NS,lower,False,
2016-03-01,HINDUNILVR.NS,upper,False,
2016-03-01,HINDUNILVR.NS,lower,False,
2016-03-01,INFY.NS,upper,False,
2016-03-01,INFY.NS,lower,False,
2016-03-01,SBIN.NS,upper,False,
2016-03-01,SBIN.NS,lower,False,
2016-03-01,TATAMOTORS.NS,upper,False,
2016-03-01,TATAMOTORS.NS,lower,True,sparse
2016-03-02,HINDUNILVR.NS,upper,False,
2016-03-02,HINDUNILVR.NS,lower,False,
2016-03-02,INFY.NS,upper,False,
2016-03-02,INFY.NS,lower,False,
2016-03-02,SBIN.NS,upper,False,
2016-03-02,SBIN.NS,lower,False,
2016-03-02,TATAMOTORS.NS,upper,False,
2016-03-02,TATAMOTORS.NS,lower,True,invalid
2016-03-03,HINDUNILVR.NS,upper,False,
2016-03-03,HINDUNILVR.NS,lower,False,
2016-03-03,INFY.NS,upper,False,
2016-03-03,INFY.NS,lower,False,
2016-03-03,SBIN.NS,upper,False,
2016-03-03,SBIN.NS,lower,False,
2016-03-03,TATAMOTORS.NS,upper,False,
2016-03-03,TATAMOTORS.NS,lower,True,invalid
2016-03-04,HINDUNILVR.NS,upper,False,
2016-03-04,HINDUNILVR.NS,lower,False,
2016-03-04,INFY.NS,upper,False,
2016-03-04,INFY.NS,lower,False,
2016-03-04,SBIN.NS,upper,False,
2016-03-04,SBIN.NS,lower,False,
2016-03-04,TATAMOTORS.NS,upper,False,
2016-03-04,TATAMOTORS.NS,lower,False,
2016-03-08,HINDUNILVR.NS,upper,False,
2016-03-08,HINDUNILVR.NS,lower,False,
2016-03-08,INFY.NS,upper,False,
2016-03-08,INFY.NS,lower,False,
2016-03-08,SBIN.NS,upper,False,
2016-03-08,SBIN.NS,lower,False,
2016-03-08,TATAMOTORS.NS,upper,False,
2016-03-08,TATAMOTORS.NS,lower,False,
2016-03-09,HINDUNILVR.NS,upper,False,
2016-03-09,HINDUNILVR.NS,lower,False,
2016-03-09,INFY.NS,upper,False,
2016-03-09,INFY.NS,lower,False,
2016-03-09,SBIN.NS,upper,False,
2016-03-09,SBIN.NS,lower,False,
2016-03-09,TATAMOTORS.NS,upper,False,
2016-03-09,TATAMOTORS.NS,lower,False,
2016-03-10,HINDUNILVR.NS,upper,False,
2016-03-10,HINDUNILVR.NS,lower,False,
2016-03-10,INFY.NS,upper,False,
2016-03-10,INFY.NS,lower,False,
2016-03-10,SBIN.NS,upper,False,
2016-03-10,SBIN.NS,lower,False,
2016-03-10,TATAMOTORS.NS,upper,False,
2016-03-10,TATAMOTORS.NS,lower,True,invalid
2016-03-11,HINDUNILVR.NS,upper,False,
2016-03-11,HINDUNILVR.NS,lower,False,
2016-03-11,INFY.NS,upper,False,
2016-03-11,INFY.NS,lower,False,
2016-03-11,SBIN.NS,upper,False,
2016-03-11,SBIN.NS,lower,False,
2016-03-11,TATAMOTORS.NS,upper,False,
2016-03-11,TATAMOTORS.NS,lower,True,invalid
2016-03-14,HINDUNILVR.NS,upper,False,
2016-03-14,HINDUNILVR.NS,lower,False,
2016-03-14,INFY.NS,upper,False,
2016-03-14,INFY.NS,lower,False,
2016-03-14,SBIN.NS,upper,False,
2016-03-14,SBIN.NS,lower,False,
2016-03-14,TATAMOTORS.NS,upper,False,
2016-03-14,TATAMOTORS.NS,lower,True,sparse
2016-03-15,HINDUNILVR.NS,upper,False,
2016-03-15,HINDUNILVR.NS,lower,False,
2016-03-15,INFY.NS,upper,False,
2016-03-15,INFY.NS,lower,False,
2016-03-15,SBIN.NS,upper,False,
2016-03-15,SBIN.NS,lower,False,
2016-03-15,TATAMOTORS.NS,upper,False,
2016-03-15,TATAMOTORS.NS,lower,True,sparse
2016-03-16,HINDUNILVR.NS,upper,False,
2016-03-16,HINDUNILVR.NS,lower,False,
2016-03-16,INFY.NS,upper,False,
2016-03-16,INFY.NS,lower,False,
2016-03-16,SBIN.NS,upper,False,
2016-03-16,SBIN.NS,lower,False,
2016-03-16,TATAMOTORS.NS,upper,False,
2016-03-16,TATAMOTORS.NS,lower,True,sparse
2016-03-17,HINDUNILVR.NS,upper,False,
2016-03-17,HINDUNILVR.NS,lower,False,
2016-03-17,INFY.NS,upper,False,
2016-03-17,INFY.NS,lower,False,
2016-03-17,SBIN.NS,upper,False,
2016-03-17,SBIN.NS,lower,False,
2016-03-17,TATAMOTORS.NS,upper,False,
2016-03-17,TATAMOTORS.NS,lower,True,sparse
2016-03-18,HINDUNILVR.NS,upper,False,
2016-03-18,HINDUNILVR.NS,lower,False,
2016-03-18,INFY.NS,upper,False,
2016-03-18,INFY.NS,lower,False,
2016-03-18,SBIN.NS,upper,False,
2016-03-18,SBIN.NS,lower,False,
2016-03-18,TATAMOTORS.NS,upper,False,
2016-03-18,TATAMOTORS.NS,lower,True,sparse
2016-03-21,HINDUNILVR.NS,upper,False,
2016-03-21,HINDUNILVR.NS,lower,False,
2016-03-21,INFY.NS,upper,False,
2016-03-21,INFY.NS,lower,False,
2016-03-21,SBIN.NS,upper,False,
2016-03-21,SBIN.NS,lower,False,
2016-03-21,TATAMOTORS.NS,upper,False,
2016-03-21,TATAMOTORS.NS,lower,True,sparse
2016-03-22,HINDUNILVR.NS,upper,False,
2016-03-22,HINDUNILVR.NS,lower,False,
2016-03-22,INFY.NS,upper,False,
2016-03-22,INFY.NS,lower,False,
2016-03-22,SBIN.NS,upper,False,
2016-03-22,SBIN.NS,lower,False,
2016-03-22,TATAMOTORS.NS,upper,False,
2016-03-22,TATAMOTORS.NS,lower,True,sparse
2016-03-23,HINDUNILVR.NS,upper,False,
2016-03-23,HINDUNILVR.NS,lower,False,
2016-03-23,INFY.NS,upper,False,
2016-03-23,INFY.NS,lower,False,
2016-03-23,SBIN.NS,upper,False,
2016-03-23,SBIN.NS,lower,False,
2016-03-23,TATAMOTORS.NS,upper,False,
2016-03-23,TATAMOTORS.NS,lower,True,sparse
2016-03-28,HINDUNILVR.NS,upper,False,
2016-03-28,HINDUNILVR.NS,lower,False,
2016-03-28,INFY.NS,upper,False,
2016-03-28,INFY.NS,lower,False,
2016-03-28,SBIN.NS,upper,False,
2016-03-28,SBIN.NS,lower,False,
2016-03-28,TATAMOTORS.NS,upper,False,
2016-03-28,TATAMOTORS.NS,lower,False,
2016-03-29,HINDUNILVR.NS,upper,False,
2016-03-29,HINDUNILVR.NS,lower,False,
2016-03-29,INFY.NS,upper,False,
2016-03-29,INFY.NS,lower,False,
2016-03-29,SBIN.NS,upper,False,
2016-03-29,SBIN.NS,lower,False,
2016-03-29,TATAMOTORS.NS,upper,False,
2016-03-29,TATAMOTORS.NS,lower,True,sparse
2016-03-30,HINDUNILVR.NS,upper,False,
2016-03-30,HINDUNILVR.NS,lower,False,
2016-03-30,INFY.NS,upper,False,
2016-03-30,INFY.NS,lower,False,
2016-03-30,SBIN.NS,upper,False,
2016-03-30,SBIN.NS,lower,False,
2016-03-30,TATAMOTORS.NS,upper,False,
2016-03-30,TATAMOTORS.NS,lower,True,sparse
2016-03-31,HINDUNILVR.NS,upper,False,
2016-03-31,HINDUNILVR.NS,lower,False,
2016-03-31,INFY.NS,upper,False,
2016-03-31,INFY.NS,lower,False,
2016-03-31,SBIN.NS,upper,False,
2016-03-31,SBIN.NS,lower,False,
2016-03-31,TATAMOTORS.NS,upper,False,
2016-03-31,TATAMOTORS.NS,lower,True,sparse
2016-04-01,HINDUNILVR.NS,upper,False,
2016-04-01,HINDUNILVR.NS,lower,False,
2016-04-01,INFY.NS,upper,False,
2016-04-01,INFY.NS,lower,False,
2016-04-01,SBIN.NS,upper,False,
2016-04-01,SBIN.NS,lower,False,
2016-04-01,TATAMOTORS.NS,upper,False,
2016-04-01,TATAMOTORS.NS,lower,True,sparse
2016-04-04,HINDUNILVR.NS,upper,False,
2016-04-04,HINDUNILVR.NS,lower,False,
2016-04-04,INFY.NS,upper,False,
2016-04-04,INFY.NS,lower,False,
2016-04-04,SBIN.NS,upper,False,
2016-04-04,SBIN.NS,lower,False,
2016-04-04,TATAMOTORS.NS,upper,False,
2016-04-04,TATAMOTORS.NS,lower,False,
2016-04-05,HINDUNILVR.NS,upper,False,
2016-04-05,HINDUNILVR.NS,lower,False,
2016-04-05,INFY.NS,upper,False,
2016-04-05,INFY.NS,lower,False,
2016-04-05,SBIN.NS,upper,False,
2016-04-05,SBIN.NS,lower,False,
2016-04-05,TATAMOTORS.NS,upper,False,
2016-04-05,TATAMOTORS.NS,lower,True,sparse
2016-04-06,HINDUNILVR.NS,upper,False,
2016-04-06,HINDUNILVR.NS,lower,False,
2016-04-06,INFY.NS,upper,False,
2016-04-06,INFY.NS,lower,False,
2016-04-06,SBIN.NS,upper,False,
2016-04-06,SBIN.NS,lower,False,
2016-04-06,TATAMOTORS.NS,upper,False,
2016-04-06,TATAMOTORS.NS,lower,True,sparse
2016-04-07,HINDUNILVR.NS,upper,False,
2016-04-07,HINDUNILVR.NS,lower,False,
2016-04-07,INFY.NS,upper,False,
2016-04-07,INFY.NS,lower,False,
2016-04-07,SBIN.NS,upper,False,
2016-04-07,SBIN.NS,lower,False,
2016-04-07,TATAMOTORS.NS,upper,False,
2016-04-07,TATAMOTORS.NS,lower,True,sparse
2016-04-08,HINDUNILVR.NS,upper,False,
2016-04-08,HINDUNILVR.NS,lower,False,
2016-04-08,INFY.NS,upper,False,
2016-04-08,INFY.NS,lower,False,
2016-04-08,SBIN.NS,upper,False,
2016-04-08,SBIN.NS,lower,False,
2016-04-08,TATAMOTORS.NS,upper,False,
2016-04-08,TATAMOTORS.NS,lower,True,sparse
2016-04-11,HINDUNILVR.NS,upper,False,
2016-04-11,HINDUNILVR.NS,lower,False,
2016-04-11,INFY.NS,upper,False,
2016-04-11,INFY.NS,lower,False,
2016-04-11,SBIN.NS,upper,False,
2016-04-11,SBIN.NS,lower,False,
2016-04-11,TATAMOTORS.NS,upper,False,
2016-04-11,TATAMOTORS.NS,lower,True,sparse
2016-04-12,HINDUNILVR.NS,upper,False,
2016-04-12,HINDUNILVR.NS,lower,False,
2016-04-12,INFY.NS,upper,False,
2016-04-12,INFY.NS,lower,False,
2016-04-12,SBIN.NS,upper,False,
2016-04-12,SBIN.NS,lower,False,
2016-04-12,TATAMOTORS.NS,upper,False,
2016-04-12,TATAMOTORS.NS,lower,True,sparse
2016-04-13,HINDUNILVR.NS,upper,False,
2016-04-13,HINDUNILVR.NS,lower,False,
2016-04-13,INFY.NS,upper,False,
2016-04-13,INFY.NS,lower,False,
2016-04-13,SBIN.NS,upper,False,
2016-04-13,SBIN.NS,lower,False,
2016-04-13,TATAMOTORS.NS,upper,False,
2016-04-13,TATAMOTORS.NS,lower,True,sparse
2016-04-18,HINDUNILVR.NS,upper,False,
2016-04-18,HINDUNILVR.NS,lower,False,
2016-04-18,INFY.NS,upper,False,
2016-04-18,INFY.NS,lower,False,
2016-04-18,SBIN.NS,upper,False,
2016-04-18,SBIN.NS,lower,False,
2016-04-18,TATAMOTORS.NS,upper,False,
2016-04-18,TATAMOTORS.NS,lower,True,invalid
2016-04-20,HINDUNILVR.NS,upper,False,
2016-04-20,HINDUNILVR.NS,lower,False,
2016-04-20,INFY.NS,upper,False,
2016-04-20,INFY.NS,lower,False,
2016-04-20,SBIN.NS,upper,False,
2016-04-20,SBIN.NS,lower,False,
2016-04-20,TATAMOTORS.NS,upper,False,
2016-04-20,TATAMOTORS.NS,lower,True,sparse
2016-04-21,HINDUNILVR.NS,upper,False,
2016-04-21,HINDUNILVR.NS,lower,False,
2016-04-21,INFY.NS,upper,False,
2016-04-21,INFY.NS,lower,False,
2016-04-21,SBIN.NS,upper,False,
2016-04-21,SBIN.NS,lower,False,
2016-04-21,TATAMOTORS.NS,upper,False,
2016-04-21,TATAMOTORS.NS,lower,True,sparse
2016-04-22,HINDUNILVR.NS,upper,False,
2016-04-22,HINDUNILVR.NS,lower,False,
2016-04-22,INFY.NS,upper,False,
2016-04-22,INFY.NS,lower,False,
2016-04-22,SBIN.NS,upper,False,
2016-04-22,SBIN.NS,lower,False,
2016-04-22,TATAMOTORS.NS,upper,False,
2016-04-22,TATAMOTORS.NS,lower,True,sparse
2016-04-25,HINDUNILVR.NS,upper,False,
2016-04-25,HINDUNILVR.NS,lower,False,
2016-04-25,INFY.NS,upper,False,
2016-04-25,INFY.NS,lower,False,
2016-04-25,SBIN.NS,upper,False,
2016-04-25,SBIN.NS,lower,False,
2016-04-25,TATAMOTORS.NS,upper,False,
2016-04-25,TATAMOTORS.NS,lower,True,sparse
2016-04-26,HINDUNILVR.NS,upper,False,
2016-04-26,HINDUNILVR.NS,lower,False,
2016-04-26,INFY.NS,upper,False,
2016-04-26,INFY.NS,lower,False,
2016-04-26,SBIN.NS,upper,False,
2016-04-26,SBIN.NS,lower,False,
2016-04-26,TATAMOTORS.NS,upper,False,
2016-04-26,TATAMOTORS.NS,lower,True,sparse
2016-04-27,HINDUNILVR.NS,upper,False,
2016-04-27,HINDUNILVR.NS,lower,False,
2016-04-27,INFY.NS,upper,False,
2016-04-27,INFY.NS,lower,False,
2016-04-27,SBIN.NS,upper,False,
2016-04-27,SBIN.NS,lower,False,
2016-04-27,TATAMOTORS.NS,upper,False,
2016-04-27,TATAMOTORS.NS,lower,True,sparse
2016-04-28,HINDUNILVR.NS,upper,False,
2016-04-28,HINDUNILVR.NS,lower,False,
2016-04-28,INFY.NS,upper,False,
2016-04-28,INFY.NS,lower,False,
2016-04-28,SBIN.NS,upper,False,
2016-04-28,SBIN.NS,lower,False,
2016-04-28,TATAMOTORS.NS,upper,False,
2016-04-28,TATAMOTORS.NS,lower,True,sparse
2016-04-29,HINDUNILVR.NS,upper,False,
2016-04-29,HINDUNILVR.NS,lower,False,
2016-04-29,INFY.NS,upper,False,
2016-04-29,INFY.NS,lower,False,
2016-04-29,SBIN.NS,upper,False,
2016-04-29,SBIN.NS,lower,False,
2016-04-29,TATAMOTORS.NS,upper,False,
2016-04-29,TATAMOTORS.NS,lower,False,
2016-05-02,HINDUNILVR.NS,upper,False,
2016-05-02,HINDUNILVR.NS,lower,False,
2016-05-02,INFY.NS,upper,False,
2016-05-02,INFY.NS,lower,False,
2016-05-02,SBIN.NS,upper,False,
2016-05-02,SBIN.NS,lower,False,
2016-05-02,TATAMOTORS.NS,upper,False,
2016-05-02,TATAMOTORS.NS,lower,False,
2016-05-03,HINDUNILVR.NS,upper,False,
2016-05-03,HINDUNILVR.NS,lower,False,
2016-05-03,INFY.NS,upper,False,
2016-05-03,INFY.NS,lower,False,
2016-05-03,SBIN.NS,upper,False,
2016-05-03,SBIN.NS,lower,False,
2016-05-03,TATAMOTORS.NS,upper,False,
2016-05-03,TATAMOTORS.NS,lower,False,
2016-05-04,HINDUNILVR.NS,upper,False,
2016-05-04,HINDUNILVR.NS,lower,False,
2016-05-04,INFY.NS,upper,False,
2016-05-04,INFY.NS,lower,False,
2016-05-04,SBIN.NS,upper,False,
2016-05-04,SBIN.NS,lower,False,
2016-05-04,TATAMOTORS.NS,upper,False,
2016-05-04,TATAMOTORS.NS,lower,False,
2016-05-05,HINDUNILVR.NS,upper,False,
2016-05-05,HINDUNILVR.NS,lower,False,
2016-05-05,INFY.NS,upper,False,
2016-05-05,INFY.NS,lower,False,
2016-05-05,SBIN.NS,upper,False,
2016-05-05,SBIN.NS,lower,False,
2016-05-05,TATAMOTORS.NS,upper,False,
2016-05-05,TATAMOTORS.NS,lower,False,
2016-05-06,HINDUNILVR.NS,upper,False,
2016-05-06,HINDUNILVR.NS,lower,False,
2016-05-06,INFY.NS,upper,False,
2016-05-06,INFY.NS,lower,False,
2016-05-06,SBIN.NS,upper,False,
2016-05-06,SBIN.NS,lower,False,
2016-05-06,TATAMOTORS.NS,upper,False,
2016-05-06,TATAMOTORS.NS,lower,False,
2016-05-09,HINDUNILVR.NS,upper,False,
2016-05-09,HINDUNILVR.NS,lower,False,
2016-05-09,INFY.NS,upper,False,
2016-05-09,INFY.NS,lower,False,
2016-05-09,SBIN.NS,upper,False,
2016-05-09,SBIN.NS,lower,False,
2016-05-09,TATAMOTORS.NS,upper,False,
2016-05-09,TATAMOTORS.NS,lower,False,
2016-05-10,HINDUNILVR.NS,upper,False,
2016-05-10,HINDUNILVR.NS,lower,False,
2016-05-10,INFY.NS,upper,False,
2016-05-10,INFY.NS,lower,False,
2016-05-10,SBIN.NS,upper,False,
2016-05-10,SBIN.NS,lower,False,
2016-05-10,TATAMOTORS.NS,upper,False,
2016-05-10,TATAMOTORS.NS,lower,False,
2016-05-11,HINDUNILVR.NS,upper,False,
2016-05-11,HINDUNILVR.NS,lower,False,
2016-05-11,INFY.NS,upper,False,
2016-05-11,INFY.NS,lower,False,
2016-05-11,SBIN.NS,upper,False,
2016-05-11,SBIN.NS,lower,False,
2016-05-11,TATAMOTORS.NS,upper,False,
2016-05-11,TATAMOTORS.NS,lower,False,
2016-05-12,HINDUNILVR.NS,upper,False,
2016-05-12,HINDUNILVR.NS,lower,False,
2016-05-12,INFY.NS,upper,False,
2016-05-12,INFY.NS,lower,False,
2016-05-12,SBIN.NS,upper,False,
2016-05-12,SBIN.NS,lower,False,
2016-05-12,TATAMOTORS.NS,upper,False,
2016-05-12,TATAMOTORS.NS,lower,False,
2016-05-13,HINDUNILVR.NS,upper,False,
2016-05-13,HINDUNILVR.NS,lower,False,
2016-05-13,INFY.NS,upper,False,
2016-05-13,INFY.NS,lower,False,
2016-05-13,SBIN.NS,upper,False,
2016-05-13,SBIN.NS,lower,False,
2016-05-13,TATAMOTORS.NS,upper,False,
2016-05-13,TATAMOTORS.NS,lower,False,
2016-05-16,HINDUNILVR.NS,upper,False,
2016-05-16,HINDUNILVR.NS,lower,False,
2016-05-16,INFY.NS,upper,False,
2016-05-16,INFY.NS,lower,False,
2016-05-16,SBIN.NS,upper,False,
2016-05-16,SBIN.NS,lower,False,
2016-05-16,TATAMOTORS.NS,upper,False,
2016-05-16,TATAMOTORS.NS,lower,False,
2016-05-17,HINDUNILVR.NS,upper,False,
2016-05-17,HINDUNILVR.NS,lower,False,
2016-05-17,INFY.NS,upper,False,
2016-05-17,INFY.NS,lower,False,
2016-05-17,SBIN.NS,upper,False,
2016-05-17,SBIN.NS,lower,False,
2016-05-17,TATAMOTORS.NS,upper,False,
2016-05-17,TATAMOTORS.NS,lower,False,
2016-05-18,HINDUNILVR.NS,upper,False,
2016-05-18,HINDUNILVR.NS,lower,False,
2016-05-18,INFY.NS,upper,False,
2016-05-18,INFY.NS,lower,False,
2016-05-18,SBIN.NS,upper,False,
2016-05-18,SBIN.NS,lower,False,
2016-05-18,TATAMOTORS.NS,upper,False,
2016-05-18,TATAMOTORS.NS,lower,False,
2016-05-19,HINDUNILVR.NS,upper,False,
2016-05-19,HINDUNILVR.NS,lower,False,
2016-05-19,INFY.NS,upper,False,
2016-05-19,INFY.NS,lower,False,
2016-05-19,SBIN.NS,upper,False,
2016-05-19,SBIN.NS,lower,False,
2016-05-19,TATAMOTORS.NS,upper,False,
2016-05-19,TATAMOTORS.NS,lower,False,
2016-05-20,HINDUNILVR.NS,upper,False,
2016-05-20,HINDUNILVR.NS,lower,False,
2016-05-20,INFY.NS,upper,False,
2016-05-20,INFY.NS,lower,False,
2016-05-20,SBIN.NS,upper,False,
2016-05-20,SBIN.NS,lower,False,
2016-05-20,TATAMOTORS.NS,upper,False,
2016-05-20,TATAMOTORS.NS,lower,False,
2016-05-23,HINDUNILVR.NS,upper,False,
2016-05-23,HINDUNILVR.NS,lower,False,
2016-05-23,INFY.NS,upper,False,
2016-05-23,INFY.NS,lower,False,
2016-05-23,SBIN.NS,upper,False,
2016-05-23,SBIN.NS,lower,False,
2016-05-23,TATAMOTORS.NS,upper,False,
2016-05-23,TATAMOTORS.NS,lower,False,
2016-05-24,HINDUNILVR.NS,upper,False,
2016-05-24,HINDUNILVR.NS,lower,False,
2016-05-24,INFY.NS,upper,False,
2016-05-24,INFY.NS,lower,False,
2016-05-24,SBIN.NS,upper,False,
2016-05-24,SBIN.NS,lower,False,
2016-05-24,TATAMOTORS.NS,upper,False,
2016-05-24,TATAMOTORS.NS,lower,False,
2016-05-25,HINDUNILVR.NS,upper,False,
2016-05-25,HINDUNILVR.NS,lower,False,
2016-05-25,INFY.NS,upper,False,
2016-05-25,INFY.NS,lower,False,
2016-05-25,SBIN.NS,upper,False,
2016-05-25,SBIN.NS,lower,False,
2016-05-25,TATAMOTORS.NS,upper,False,
2016-05-25,TATAMOTORS.NS,lower,False,
2016-05-26,HINDUNILVR.NS,upper,False,
2016-05-26,HINDUNILVR.NS,lower,False,
2016-05-26,INFY.NS,upper,False,
2016-05-26,INFY.NS,lower,False,
2016-05-26,SBIN.NS,upper,False,
2016-05-26,SBIN.NS,lower,False,
2016-05-26,TATAMOTORS.NS,upper,False,
2016-05-26,TATAMOTORS.NS,lower,False,
2016-05-27,HINDUNILVR.NS,upper,False,
2016-05-27,HINDUNILVR.NS,lower,False,
2016-05-27,INFY.NS,upper,False,
2016-05-27,INFY.NS,lower,False,
2016-05-27,SBIN.NS,upper,False,
2016-05-27,SBIN.NS,lower,False,
2016-05-27,TATAMOTORS.NS,upper,False,
2016-05-27,TATAMOTORS.NS,lower,False,
2016-05-30,HINDUNILVR.NS,upper,False,
2016-05-30,HINDUNILVR.NS,lower,False,
2016-05-30,INFY.NS,upper,False,
2016-05-30,INFY.NS,lower,False,
2016-05-30,SBIN.NS,upper,False,
2016-05-30,SBIN.NS,lower,False,
2016-05-30,TATAMOTORS.NS,upper,False,
2016-05-30,TATAMOTORS.NS,lower,False,
2016-05-31,HINDUNILVR.NS,upper,False,
2016-05-31,HINDUNILVR.NS,lower,False,
2016-05-31,INFY.NS,upper,False,
2016-05-31,INFY.NS,lower,False,
2016-05-31,SBIN.NS,upper,False,
2016-05-31,SBIN.NS,lower,False,
2016-05-31,TATAMOTORS.NS,upper,False,
2016-05-31,TATAMOTORS.NS,lower,True,invalid
2016-06-01,HINDUNILVR.NS,upper,False,
2016-06-01,HINDUNILVR.NS,lower,False,
2016-06-01,INFY.NS,upper,False,
2016-06-01,INFY.NS,lower,False,
2016-06-01,SBIN.NS,upper,False,
2016-06-01,SBIN.NS,lower,False,
2016-06-01,TATAMOTORS.NS,upper,False,
2016-06-01,TATAMOTORS.NS,lower,False,
2016-06-02,HINDUNILVR.NS,upper,False,
2016-06-02,HINDUNILVR.NS,lower,False,
2016-06-02,INFY.NS,upper,False,
2016-06-02,INFY.NS,lower,False,
2016-06-02,SBIN.NS,upper,False,
2016-06-02,SBIN.NS,lower,False,
2016-06-02,TATAMOTORS.NS,upper,False,
2016-06-02,TATAMOTORS.NS,lower,False,
2016-06-03,HINDUNILVR.NS,upper,False,
2016-06-03,HINDUNILVR.NS,lower,False,
2016-06-03,INFY.NS,upper,False,
2016-06-03,INFY.NS,lower,False,
2016-06-03,SBIN.NS,upper,False,
2016-06-03,SBIN.NS,lower,False,
2016-06-03,TATAMOTORS.NS,upper,False,
2016-06-03,TATAMOTORS.NS,lower,False,
2016-06-06,HINDUNILVR.NS,upper,False,
2016-06-06,HINDUNILVR.NS,lower,False,
2016-06-06,INFY.NS,upper,False,
2016-06-06,INFY.NS,lower,False,
2016-06-06,SBIN.NS,upper,False,
2016-06-06,SBIN.NS,lower,False,
2016-06-06,TATAMOTORS.NS,upper,False,
2016-06-06,TATAMOTORS.NS,lower,False,
2016-06-07,HINDUNILVR.NS,upper,False,
2016-06-07,HINDUNILVR.NS,lower,False,
2016-06-07,INFY.NS,upper,False,
2016-06-07,INFY.NS,lower,False,
2016-06-07,SBIN.NS,upper,False,
2016-06-07,SBIN.NS,lower,False,
2016-06-07,TATAMOTORS.NS,upper,False,
2016-06-07,TATAMOTORS.NS,lower,False,
2016-06-08,HINDUNILVR.NS,upper,False,
2016-06-08,HINDUNILVR.NS,lower,False,
2016-06-08,INFY.NS,upper,False,
2016-06-08,INFY.NS,lower,False,
2016-06-08,SBIN.NS,upper,False,
2016-06-08,SBIN.NS,lower,False,
2016-06-08,TATAMOTORS.NS,upper,False,
2016-06-08,TATAMOTORS.NS,lower,False,
2016-06-09,HINDUNILVR.NS,upper,False,
2016-06-09,HINDUNILVR.NS,lower,False,
2016-06-09,INFY.NS,upper,False,
2016-06-09,INFY.NS,lower,False,
2016-06-09,SBIN.NS,upper,False,
2016-06-09,SBIN.NS,lower,False,
2016-06-09,TATAMOTORS.NS,upper,False,
2016-06-09,TATAMOTORS.NS,lower,False,
2016-06-10,HINDUNILVR.NS,upper,False,
2016-06-10,HINDUNILVR.NS,lower,False,
2016-06-10,INFY.NS,upper,False,
2016-06-10,INFY.NS,lower,False,
2016-06-10,SBIN.NS,upper,False,
2016-06-10,SBIN.NS,lower,False,
2016-06-10,TATAMOTORS.NS,upper,False,
2016-06-10,TATAMOTORS.NS,lower,False,
2016-06-13,HINDUNILVR.NS,upper,False,
2016-06-13,HINDUNILVR.NS,lower,False,
2016-06-13,INFY.NS,upper,False,
2016-06-13,INFY.NS,lower,False,
2016-06-13,SBIN.NS,upper,False,
2016-06-13,SBIN.NS,lower,False,
2016-06-13,TATAMOTORS.NS,upper,False,
2016-06-13,TATAMOTORS.NS,lower,True,invalid
2016-06-14,HINDUNILVR.NS,upper,False,
2016-06-14,HINDUNILVR.NS,lower,False,
2016-06-14,INFY.NS,upper,False,
2016-06-14,INFY.NS,lower,False,
2016-06-14,SBIN.NS,upper,False,
2016-06-14,SBIN.NS,lower,False,
2016-06-14,TATAMOTORS.NS,upper,False,
2016-06-14,TATAMOTORS.NS,lower,False,
2016-06-15,HINDUNILVR.NS,upper,False,
2016-06-15,HINDUNILVR.NS,lower,False,
2016-06-15,INFY.NS,upper,False,
2016-06-15,INFY.NS,lower,False,
2016-06-15,SBIN.NS,upper,False,
2016-06-15,SBIN.NS,lower,False,
2016-06-15,TATAMOTORS.NS,upper,False,
2016-06-15,TATAMOTORS.NS,lower,True,invalid
2016-06-16,HINDUNILVR.NS,upper,False,
2016-06-16,HINDUNILVR.NS,lower,False,
2016-06-16,INFY.NS,upper,False,
2016-06-16,INFY.NS,lower,False,
2016-06-16,SBIN.NS,upper,False,
2016-06-16,SBIN.NS,lower,False,
2016-06-16,TATAMOTORS.NS,upper,False,
2016-06-16,TATAMOTORS.NS,lower,True,invalid
2016-06-17,HINDUNILVR.NS,upper,False,
2016-06-17,HINDUNILVR.NS,lower,False,
2016-06-17,INFY.NS,upper,False,
2016-06-17,INFY.NS,lower,False,
2016-06-17,SBIN.NS,upper,False,
2016-06-17,SBIN.NS,lower,False,
2016-06-17,TATAMOTORS.NS,upper,False,
2016-06-17,TATAMOTORS.NS,lower,False,
2016-06-20,HINDUNILVR.NS,upper,False,
2016-06-20,HINDUNILVR.NS,lower,False,
2016-06-20,INFY.NS,upper,False,
2016-06-20,INFY.NS,lower,False,
2016-06-20,SBIN.NS,upper,False,
2016-06-20,SBIN.NS,lower,False,
2016-06-20,TATAMOTORS.NS,upper,False,
2016-06-20,TATAMOTORS.NS,lower,False,
2016-06-21,HINDUNILVR.NS,upper,False,
2016-06-21,HINDUNILVR.NS,lower,False,
2016-06-21,INFY.NS,upper,False,
2016-06-21,INFY.NS,lower,False,
2016-06-21,SBIN.NS,upper,False,
2016-06-21,SBIN.NS,lower,False,
2016-06-21,TATAMOTORS.NS,upper,False,
2016-06-21,TATAMOTORS.NS,lower,False,
2016-06-22,HINDUNILVR.NS,upper,False,
2016-06-22,HINDUNILVR.NS,lower,False,
2016-06-22,INFY.NS,upper,False,
2016-06-22,INFY.NS,lower,False,
2016-06-22,SBIN.NS,upper,False,
2016-06-22,SBIN.NS,lower,False,
2016-06-22,TATAMOTORS.NS,upper,False,
2016-06-22,TATAMOTORS.NS,lower,False,
2016-06-23,HINDUNILVR.NS,upper,False,
2016-06-23,HINDUNILVR.NS,lower,False,
2016-06-23,INFY.NS,upper,False,
2016-06-23,INFY.NS,lower,False,
2016-06-23,SBIN.NS,upper,False,
2016-06-23,SBIN.NS,lower,False,
2016-06-23,TATAMOTORS.NS,upper,False,
2016-06-23,TATAMOTORS.NS,lower,False,
2016-06-24,HINDUNILVR.NS,upper,False,
2016-06-24,HINDUNILVR.NS,lower,False,
2016-06-24,INFY.NS,upper,False,
2016-06-24,INFY.NS,lower,False,
2016-06-24,SBIN.NS,upper,False,
2016-06-24,SBIN.NS,lower,False,
2016-06-24,TATAMOTORS.NS,upper,False,
2016-06-24,TATAMOTORS.NS,lower,False,
2016-06-27,HINDUNILVR.NS,upper,False,
2016-06-27,HINDUNILVR.NS,lower,False,
2016-06-27,INFY.NS,upper,False,
2016-06-27,INFY.NS,lower,False,
2016-06-27,SBIN.NS,upper,False,
2016-06-27,SBIN.NS,lower,False,
2016-06-27,TATAMOTORS.NS,upper,False,
2016-06-27,TATAMOTORS.NS,lower,False,
2016-06-28,HINDUNILVR.NS,upper,False,
2016-06-28,HINDUNILVR.NS,lower,False,
2016-06-28,INFY.NS,upper,False,
2016-06-28,INFY.NS,lower,False,
2016-06-28,SBIN.NS,upper,False,
2016-06-28,SBIN.NS,lower,False,
2016-06-28,TATAMOTORS.NS,upper,False,
2016-06-28,TATAMOTORS.NS,lower,True,invalid
2016-06-29,HINDUNILVR.NS,upper,False,
2016-06-29,HINDUNILVR.NS,lower,False,
2016-06-29,INFY.NS,upper,False,
2016-06-29,INFY.NS,lower,False,
2016-06-29,SBIN.NS,upper,False,
2016-06-29,SBIN.NS,lower,False,
2016-06-29,TATAMOTORS.NS,upper,False,
2016-06-29,TATAMOTORS.NS,lower,True,invalid
2016-06-30,HINDUNILVR.NS,upper,False,
2016-06-30,HINDUNILVR.NS,lower,False,
2016-06-30,INFY.NS,upper,False,
2016-06-30,INFY.NS,lower,False,
2016-06-30,SBIN.NS,upper,False,
2016-06-30,SBIN.NS,lower,False,
2016-06-30,TATAMOTORS.NS,upper,False,
2016-06-30,TATAMOTORS.NS,lower,False,
2016-07-01,HINDUNILVR.NS,upper,False,
2016-07-01,HINDUNILVR.NS,lower,False,
2016-07-01,INFY.NS,upper,False,
2016-07-01,INFY.NS,lower,False,
2016-07-01,SBIN.NS,upper,False,
2016-07-01,SBIN.NS,lower,False,
2016-07-01,TATAMOTORS.NS,upper,False,
2016-07-01,TATAMOTORS.NS,lower,False,
2016-07-04,HINDUNILVR.NS,upper,False,
2016-07-04,HINDUNILVR.NS,lower,False,
2016-07-04,INFY.NS,upper,False,
2016-07-04,INFY.NS,lower,False,
2016-07-04,SBIN.NS,upper,False,
2016-07-04,SBIN.NS,lower,False,
2016-07-04,TATAMOTORS.NS,upper,False,
2016-07-04,TATAMOTORS.NS,lower,False,
2016-07-05,HINDUNILVR.NS,upper,False,
2016-07-05,HINDUNILVR.NS,lower,False,
2016-07-05,INFY.NS,upper,False,
2016-07-05,INFY.NS,lower,False,
2016-07-05,SBIN.NS,upper,False,
2016-07-05,SBIN.NS,lower,False,
2016-07-05,TATAMOTORS.NS,upper,False,
2016-07-05,TATAMOTORS.NS,lower,False,
2016-07-07,HINDUNILVR.NS,upper,False,
2016-07-07,HINDUNILVR.NS,lower,False,
2016-07-07,INFY.NS,upper,False,
2016-07-07,INFY.NS,lower,False,
2016-07-07,SBIN.NS,upper,False,
2016-07-07,SBIN.NS,lower,False,
2016-07-07,TATAMOTORS.NS,upper,False,
2016-07-07,TATAMOTORS.NS,lower,False,
2016-07-08,HINDUNILVR.NS,upper,False,
2016-07-08,HINDUNILVR.NS,lower,False,
2016-07-08,INFY.NS,upper,False,
2016-07-08,INFY.NS,lower,False,
2016-07-08,SBIN.NS,upper,False,
2016-07-08,SBIN.NS,lower,False,
2016-07-08,TATAMOTORS.NS,upper,False,
2016-07-08,TATAMOTORS.NS,lower,False,
2016-07-11,HINDUNILVR.NS,upper,False,
2016-07-11,HINDUNILVR.NS,lower,False,
2016-07-11,INFY.NS,upper,False,
2016-07-11,INFY.NS,lower,False,
2016-07-11,SBIN.NS,upper,False,
2016-07-11,SBIN.NS,lower,False,
2016-07-11,TATAMOTORS.NS,upper,False,
2016-07-11,TATAMOTORS.NS,lower,False,
2016-07-12,HINDUNILVR.NS,upper,False,
2016-07-12,HINDUNILVR.NS,lower,False,
2016-07-12,INFY.NS,upper,False,
2016-07-12,INFY.NS,lower,False,
2016-07-12,SBIN.NS,upper,False,
2016-07-12,SBIN.NS,lower,False,
2016-07-12,TATAMOTORS.NS,upper,False,
2016-07-12,TATAMOTORS.NS,lower,False,
2016-07-13,HINDUNILVR.NS,upper,False,
2016-07-13,HINDUNILVR.NS,lower,False,
2016-07-13,INFY.NS,upper,False,
2016-07-13,INFY.NS,lower,False,
2016-07-13,SBIN.NS,upper,False,
2016-07-13,SBIN.NS,lower,False,
2016-07-13,TATAMOTORS.NS,upper,False,
2016-07-13,TATAMOTORS.NS,lower,False,
2016-07-14,HINDUNILVR.NS,upper,False,
2016-07-14,HINDUNILVR.NS,lower,False,
2016-07-14,INFY.NS,upper,False,
2016-07-14,INFY.NS,lower,False,
2016-07-14,SBIN.NS,upper,False,
2016-07-14,SBIN.NS,lower,False,
2016-07-14,TATAMOTORS.NS,upper,False,
2016-07-14,TATAMOTORS.NS,lower,False,
2016-07-15,HINDUNILVR.NS,upper,False,
2016-07-15,HINDUNILVR.NS,lower,False,
2016-07-15,INFY.NS,upper,False,
2016-07-15,INFY.NS,lower,False,
2016-07-15,SBIN.NS,upper,False,
2016-07-15,SBIN.NS,lower,False,
2016-07-15,TATAMOTORS.NS,upper,False,
2016-07-15,TATAMOTORS.NS,lower,False,
2016-07-18,HINDUNILVR.NS,upper,False,
2016-07-18,HINDUNILVR.NS,lower,False,
2016-07-18,INFY.NS,upper,False,
2016-07-18,INFY.NS,lower,False,
2016-07-18,SBIN.NS,upper,False,
2016-07-18,SBIN.NS,lower,False,
2016-07-18,TATAMOTORS.NS,upper,False,
2016-07-18,TATAMOTORS.NS,lower,False,
2016-07-19,HINDUNILVR.NS,upper,False,
2016-07-19,HINDUNILVR.NS,lower,False,
2016-07-19,INFY.NS,upper,False,
2016-07-19,INFY.NS,lower,False,
2016-07-19,SBIN.NS,upper,False,
2016-07-19,SBIN.NS,lower,False,
2016-07-19,TATAMOTORS.NS,upper,False,
2016-07-19,TATAMOTORS.NS,lower,False,
2016-07-20,HINDUNILVR.NS,upper,False,
2016-07-20,HINDUNILVR.NS,lower,False,
2016-07-20,INFY.NS,upper,False,
2016-07-20,INFY.NS,lower,False,
2016-07-20,SBIN.NS,upper,False,
2016-07-20,SBIN.NS,lower,False,
2016-07-20,TATAMOTORS.NS,upper,False,
2016-07-20,TATAMOTORS.NS,lower,False,
2016-07-21,HINDUNILVR.NS,upper,False,
2016-07-21,HINDUNILVR.NS,lower,False,
2016-07-21,INFY.NS,upper,False,
2016-07-21,INFY.NS,lower,False,
2016-07-21,SBIN.NS,upper,False,
2016-07-21,SBIN.NS,lower,False,
2016-07-21,TATAMOTORS.NS,upper,False,
2016-07-21,TATAMOTORS.NS,lower,False,
2016-07-22,HINDUNILVR.NS,upper,False,
2016-07-22,HINDUNILVR.NS,lower,False,
2016-07-22,INFY.NS,upper,False,
2016-07-22,INFY.NS,lower,False,
2016-07-22,SBIN.NS,upper,False,
2016-07-22,SBIN.NS,lower,False,
2016-07-22,TATAMOTORS.NS,upper,False,
2016-07-22,TATAMOTORS.NS,lower,True,invalid
2016-07-25,HINDUNILVR.NS,upper,False,
2016-07-25,HINDUNILVR.NS,lower,False,
2016-07-25,INFY.NS,upper,False,
2016-07-25,INFY.NS,lower,False,
2016-07-25,SBIN.NS,upper,False,
2016-07-25,SBIN.NS,lower,False,
2016-07-25,TATAMOTORS.NS,upper,False,
2016-07-25,TATAMOTORS.NS,lower,True,invalid
2016-07-26,HINDUNILVR.NS,upper,False,
2016-07-26,HINDUNILVR.NS,lower,False,
2016-07-26,INFY.NS,upper,False,
2016-07-26,INFY.NS,lower,False,
2016-07-26,SBIN.NS,upper,False,
2016-07-26,SBIN.NS,lower,False,
2016-07-26,TATAMOTORS.NS,upper,False,
2016-07-26,TATAMOTORS.NS,lower,True,invalid
2016-07-27,HINDUNILVR.NS,upper,False,
2016-07-27,HINDUNILVR.NS,lower,False,
2016-07-27,INFY.NS,upper,False,
2016-07-27,INFY.NS,lower,False,
2016-07-27,SBIN.NS,upper,False,
2016-07-27,SBIN.NS,lower,False,
2016-07-27,TATAMOTORS.NS,upper,False,
2016-07-27,TATAMOTORS.NS,lower,False,
2016-07-28,HINDUNILVR.NS,upper,False,
2016-07-28,HINDUNILVR.NS,lower,False,
2016-07-28,INFY.NS,upper,False,
2016-07-28,INFY.NS,lower,False,
2016-07-28,SBIN.NS,upper,False,
2016-07-28,SBIN.NS,lower,False,
2016-07-28,TATAMOTORS.NS,upper,False,
2016-07-28,TATAMOTORS.NS,lower,False,
2016-07-29,HINDUNILVR.NS,upper,False,
2016-07-29,HINDUNILVR.NS,lower,False,
2016-07-29,INFY.NS,upper,False,
2016-07-29,INFY.NS,lower,False,
2016-07-29,SBIN.NS,upper,False,
2016-07-29,SBIN.NS,lower,False,
2016-07-29,TATAMOTORS.NS,upper,False,
2016-07-29,TATAMOTORS.NS,lower,False,
2016-08-01,HINDUNILVR.NS,upper,False,
2016-08-01,HINDUNILVR.NS,lower,False,
2016-08-01,INFY.NS,upper,False,
2016-08-01,INFY.NS,lower,False,
2016-08-01,SBIN.NS,upper,False,
2016-08-01,SBIN.NS,lower,False,
2016-08-01,TATAMOTORS.NS,upper,False,
2016-08-01,TATAMOTORS.NS,lower,True,invalid
2016-08-02,HINDUNILVR.NS,upper,False,
2016-08-02,HINDUNILVR.NS,lower,False,
2016-08-02,INFY.NS,upper,False,
2016-08-02,INFY.NS,lower,False,
2016-08-02,SBIN.NS,upper,False,
2016-08-02,SBIN.NS,lower,False,
2016-08-02,TATAMOTORS.NS,upper,False,
2016-08-02,TATAMOTORS.NS,lower,True,invalid
2016-08-03,HINDUNILVR.NS,upper,False,
2016-08-03,HINDUNILVR.NS,lower,False,
2016-08-03,INFY.NS,upper,False,
2016-08-03,INFY.NS,lower,False,
2016-08-03,SBIN.NS,upper,False,
2016-08-03,SBIN.NS,lower,False,
2016-08-03,TATAMOTORS.NS,upper,False,
2016-08-03,TATAMOTORS.NS,lower,True,invalid
2016-08-04,HINDUNILVR.NS,upper,False,
2016-08-04,HINDUNILVR.NS,lower,False,
2016-08-04,INFY.NS,upper,False,
2016-08-04,INFY.NS,lower,False,
2016-08-04,SBIN.NS,upper,False,
2016-08-04,SBIN.NS,lower,False,
2016-08-04,TATAMOTORS.NS,upper,False,
2016-08-04,TATAMOTORS.NS,lower,False,
2016-08-05,HINDUNILVR.NS,upper,False,
2016-08-05,HINDUNILVR.NS,lower,False,
2016-08-05,INFY.NS,upper,False,
2016-08-05,INFY.NS,lower,False,
2016-08-05,SBIN.NS,upper,False,
2016-08-05,SBIN.NS,lower,False,
2016-08-05,TATAMOTORS.NS,upper,False,
2016-08-05,TATAMOTORS.NS,lower,False,
2016-08-08,HINDUNILVR.NS,upper,False,
2016-08-08,HINDUNILVR.NS,lower,False,
2016-08-08,INFY.NS,upper,False,
2016-08-08,INFY.NS,lower,False,
2016-08-08,SBIN.NS,upper,False,
2016-08-08,SBIN.NS,lower,False,
2016-08-08,TATAMOTORS.NS,upper,False,
2016-08-08,TATAMOTORS.NS,lower,False,
2016-08-09,HINDUNILVR.NS,upper,False,
2016-08-09,HINDUNILVR.NS,lower,False,
2016-08-09,INFY.NS,upper,False,
2016-08-09,INFY.NS,lower,False,
2016-08-09,SBIN.NS,upper,False,
2016-08-09,SBIN.NS,lower,False,
2016-08-09,TATAMOTORS.NS,upper,False,
2016-08-09,TATAMOTORS.NS,lower,False,
2016-08-10,HINDUNILVR.NS,upper,False,
2016-08-10,HINDUNILVR.NS,lower,False,
2016-08-10,INFY.NS,upper,False,
2016-08-10,INFY.NS,lower,False,
2016-08-10,SBIN.NS,upper,False,
2016-08-10,SBIN.NS,lower,False,
2016-08-10,TATAMOTORS.NS,upper,False,
2016-08-10,TATAMOTORS.NS,lower,False,
2016-08-11,HINDUNILVR.NS,upper,False,
2016-08-11,HINDUNILVR.NS,lower,False,
2016-08-11,INFY.NS,upper,False,
2016-08-11,INFY.NS,lower,False,
2016-08-11,SBIN.NS,upper,False,
2016-08-11,SBIN.NS,lower,False,
2016-08-11,TATAMOTORS.NS,upper,False,
2016-08-11,TATAMOTORS.NS,lower,False,
2016-08-12,HINDUNILVR.NS,upper,False,
2016-08-12,HINDUNILVR.NS,lower,False,
2016-08-12,INFY.NS,upper,False,
2016-08-12,INFY.NS,lower,False,
2016-08-12,SBIN.NS,upper,False,
2016-08-12,SBIN.NS,lower,False,
2016-08-12,TATAMOTORS.NS,upper,False,
2016-08-12,TATAMOTORS.NS,lower,False,
2016-08-16,HINDUNILVR.NS,upper,False,
2016-08-16,HINDUNILVR.NS,lower,False,
2016-08-16,INFY.NS,upper,False,
2016-08-16,INFY.NS,lower,False,
2016-08-16,SBIN.NS,upper,False,
2016-08-16,SBIN.NS,lower,False,
2016-08-16,TATAMOTORS.NS,upper,False,
2016-08-16,TATAMOTORS.NS,lower,False,
2016-08-17,HINDUNILVR.NS,upper,False,
2016-08-17,HINDUNILVR.NS,lower,False,
2016-08-17,INFY.NS,upper,False,
2016-08-17,INFY.NS,lower,False,
2016-08-17,SBIN.NS,upper,False,
2016-08-17,SBIN.NS,lower,False,
2016-08-17,TATAMOTORS.NS,upper,False,
2016-08-17,TATAMOTORS.NS,lower,False,
2016-08-18,HINDUNILVR.NS,upper,False,
2016-08-18,HINDUNILVR.NS,lower,False,
2016-08-18,INFY.NS,upper,False,
2016-08-18,INFY.NS,lower,False,
2016-08-18,SBIN.NS,upper,False,
2016-08-18,SBIN.NS,lower,False,
2016-08-18,TATAMOTORS.NS,upper,False,
2016-08-18,TATAMOTORS.NS,lower,False,
2016-08-19,HINDUNILVR.NS,upper,False,
2016-08-19,HINDUNILVR.NS,lower,False,
2016-08-19,INFY.NS,upper,False,
2016-08-19,INFY.NS,lower,False,
2016-08-19,SBIN.NS,upper,False,
2016-08-19,SBIN.NS,lower,False,
2016-08-19,TATAMOTORS.NS,upper,False,
2016-08-19,TATAMOTORS.NS,lower,False,
2016-08-22,HINDUNILVR.NS,upper,False,
2016-08-22,HINDUNILVR.NS,lower,False,
2016-08-22,INFY.NS,upper,False,
2016-08-22,INFY.NS,lower,False,
2016-08-22,SBIN.NS,upper,False,
2016-08-22,SBIN.NS,lower,False,
2016-08-22,TATAMOTORS.NS,upper,False,
2016-08-22,TATAMOTORS.NS,lower,False,
2016-08-23,HINDUNILVR.NS,upper,False,
2016-08-23,HINDUNILVR.NS,lower,False,
2016-08-23,INFY.NS,upper,False,
2016-08-23,INFY.NS,lower,False,
2016-08-23,SBIN.NS,upper,False,
2016-08-23,SBIN.NS,lower,False,
2016-08-23,TATAMOTORS.NS,upper,False,
2016-08-23,TATAMOTORS.NS,lower,False,
2016-08-24,HINDUNILVR.NS,upper,False,
2016-08-24,HINDUNILVR.NS,lower,False,
2016-08-24,INFY.NS,upper,False,
2016-08-24,INFY.NS,lower,False,
2016-08-24,SBIN.NS,upper,False,
2016-08-24,SBIN.NS,lower,False,
2016-08-24,TATAMOTORS.NS,upper,False,
2016-08-24,TATAMOTORS.NS,lower,False,
2016-08-25,HINDUNILVR.NS,upper,False,
2016-08-25,HINDUNILVR.NS,lower,False,
2016-08-25,INFY.NS,upper,False,
2016-08-25,INFY.NS,lower,False,
2016-08-25,SBIN.NS,upper,False,
2016-08-25,SBIN.NS,lower,False,
2016-08-25,TATAMOTORS.NS,upper,False,
2016-08-25,TATAMOTORS.NS,lower,False,
2016-08-26,HINDUNILVR.NS,upper,False,
2016-08-26,HINDUNILVR.NS,lower,False,
2016-08-26,INFY.NS,upper,False,
2016-08-26,INFY.NS,lower,False,
2016-08-26,SBIN.NS,upper,False,
2016-08-26,SBIN.NS,lower,False,
2016-08-26,TATAMOTORS.NS,upper,False,
2016-08-26,TATAMOTORS.NS,lower,False,
2016-08-29,HINDUNILVR.NS,upper,False,
2016-08-29,HINDUNILVR.NS,lower,False,
2016-08-29,INFY.NS,upper,False,
2016-08-29,INFY.NS,lower,False,
2016-08-29,SBIN.NS,upper,False,
2016-08-29,SBIN.NS,lower,False,
2016-08-29,TATAMOTORS.NS,upper,False,
2016-08-29,TATAMOTORS.NS,lower,False,
2016-08-30,HINDUNILVR.NS,upper,False,
2016-08-30,HINDUNILVR.NS,lower,False,
2016-08-30,INFY.NS,upper,False,
2016-08-30,INFY.NS,lower,False,
2016-08-30,SBIN.NS,upper,False,
2016-08-30,SBIN.NS,lower,False,
2016-08-30,TATAMOTORS.NS,upper,False,
2016-08-30,TATAMOTORS.NS,lower,False,
2016-08-31,HINDUNILVR.NS,upper,False,
2016-08-31,HINDUNILVR.NS,lower,False,
2016-08-31,INFY.NS,upper,False,
2016-08-31,INFY.NS,lower,False,
2016-08-31,SBIN.NS,upper,False,
2016-08-31,SBIN.NS,lower,False,
2016-08-31,TATAMOTORS.NS,upper,False,
2016-08-31,TATAMOTORS.NS,lower,False,
2016-09-01,HINDUNILVR.NS,upper,False,
2016-09-01,HINDUNILVR.NS,lower,False,
2016-09-01,INFY.NS,upper,False,
2016-09-01,INFY.NS,lower,False,
2016-09-01,SBIN.NS,upper,False,
2016-09-01,SBIN.NS,lower,False,
2016-09-01,TATAMOTORS.NS,upper,False,
2016-09-01,TATAMOTORS.NS,lower,False,
2016-09-02,HINDUNILVR.NS,upper,False,
2016-09-02,HINDUNILVR.NS,lower,False,
2016-09-02,INFY.NS,upper,False,
2016-09-02,INFY.NS,lower,False,
2016-09-02,SBIN.NS,upper,False,
2016-09-02,SBIN.NS,lower,False,
2016-09-02,TATAMOTORS.NS,upper,False,
2016-09-02,TATAMOTORS.NS,lower,False,
2016-09-06,HINDUNILVR.NS,upper,False,
2016-09-06,HINDUNILVR.NS,lower,False,
2016-09-06,INFY.NS,upper,False,
2016-09-06,INFY.NS,lower,False,
2016-09-06,SBIN.NS,upper,False,
2016-09-06,SBIN.NS,lower,False,
2016-09-06,TATAMOTORS.NS,upper,False,
2016-09-06,TATAMOTORS.NS,lower,False,
2016-09-07,HINDUNILVR.NS,upper,False,
2016-09-07,HINDUNILVR.NS,lower,False,
2016-09-07,INFY.NS,upper,False,
2016-09-07,INFY.NS,lower,False,
2016-09-07,SBIN.NS,upper,False,
2016-09-07,SBIN.NS,lower,False,
2016-09-07,TATAMOTORS.NS,upper,False,
2016-09-07,TATAMOTORS.NS,lower,False,
2016-09-08,HINDUNILVR.NS,upper,False,
2016-09-08,HINDUNILVR.NS,lower,False,
2016-09-08,INFY.NS,upper,False,
2016-09-08,INFY.NS,lower,False,
2016-09-08,SBIN.NS,upper,False,
2016-09-08,SBIN.NS,lower,False,
2016-09-08,TATAMOTORS.NS,upper,False,
2016-09-08,TATAMOTORS.NS,lower,False,
2016-09-09,HINDUNILVR.NS,upper,False,
2016-09-09,HINDUNILVR.NS,lower,False,
2016-09-09,INFY.NS,upper,False,
2016-09-09,INFY.NS,lower,False,
2016-09-09,SBIN.NS,upper,False,
2016-09-09,SBIN.NS,lower,False,
2016-09-09,TATAMOTORS.NS,upper,False,
2016-09-09,TATAMOTORS.NS,lower,False,
2016-09-12,HINDUNILVR.NS,upper,False,
2016-09-12,HINDUNILVR.NS,lower,False,
2016-09-12,INFY.NS,upper,False,
2016-09-12,INFY.NS,lower,False,
2016-09-12,SBIN.NS,upper,False,
2016-09-12,SBIN.NS,lower,False,
2016-09-12,TATAMOTORS.NS,upper,False,
2016-09-12,TATAMOTORS.NS,lower,False,
2016-09-14,HINDUNILVR.NS,upper,False,
2016-09-14,HINDUNILVR.NS,lower,False,
2016-09-14,INFY.NS,upper,False,
2016-09-14,INFY.NS,lower,False,
2016-09-14,SBIN.NS,upper,False,
2016-09-14,SBIN.NS,lower,False,
2016-09-14,TATAMOTORS.NS,upper,False,
2016-09-14,TATAMOTORS.NS,lower,False,
2016-09-15,HINDUNILVR.NS,upper,False,
2016-09-15,HINDUNILVR.NS,lower,False,
2016-09-15,INFY.NS,upper,False,
2016-09-15,INFY.NS,lower,False,
2016-09-15,SBIN.NS,upper,False,
2016-09-15,SBIN.NS,lower,False,
2016-09-15,TATAMOTORS.NS,upper,False,
2016-09-15,TATAMOTORS.NS,lower,False,
2016-09-16,HINDUNILVR.NS,upper,False,
2016-09-16,HINDUNILVR.NS,lower,False,
2016-09-16,INFY.NS,upper,False,
2016-09-16,INFY.NS,lower,False,
2016-09-16,SBIN.NS,upper,False,
2016-09-16,SBIN.NS,lower,False,
2016-09-16,TATAMOTORS.NS,upper,False,
2016-09-16,TATAMOTORS.NS,lower,False,
2016-09-19,HINDUNILVR.NS,upper,False,
2016-09-19,HINDUNILVR.NS,lower,False,
2016-09-19,INFY.NS,upper,False,
2016-09-19,INFY.NS,lower,False,
2016-09-19,SBIN.NS,upper,False,
2016-09-19,SBIN.NS,lower,False,
2016-09-19,TATAMOTORS.NS,upper,False,
2016-09-19,TATAMOTORS.NS,lower,False,
2016-09-20,HINDUNILVR.NS,upper,False,
2016-09-20,HINDUNILVR.NS,lower,False,
2016-09-20,INFY.NS,upper,False,
2016-09-20,INFY.NS,lower,False,
2016-09-20,SBIN.NS,upper,False,
2016-09-20,SBIN.NS,lower,False,
2016-09-20,TATAMOTORS.NS,upper,False,
2016-09-20,TATAMOTORS.NS,lower,False,
2016-09-21,HINDUNILVR.NS,upper,False,
2016-09-21,HINDUNILVR.NS,lower,False,
2016-09-21,INFY.NS,upper,False,
2016-09-21,INFY.NS,lower,False,
2016-09-21,SBIN.NS,upper,False,
2016-09-21,SBIN.NS,lower,False,
2016-09-21,TATAMOTORS.NS,upper,False,
2016-09-21,TATAMOTORS.NS,lower,False,
2016-09-22,HINDUNILVR.NS,upper,False,
2016-09-22,HINDUNILVR.NS,lower,False,
2016-09-22,INFY.NS,upper,False,
2016-09-22,INFY.NS,lower,False,
2016-09-22,SBIN.NS,upper,False,
2016-09-22,SBIN.NS,lower,False,
2016-09-22,TATAMOTORS.NS,upper,False,
2016-09-22,TATAMOTORS.NS,lower,False,
2016-09-23,HINDUNILVR.NS,upper,False,
2016-09-23,HINDUNILVR.NS,lower,False,
2016-09-23,INFY.NS,upper,False,
2016-09-23,INFY.NS,lower,False,
2016-09-23,SBIN.NS,upper,False,
2016-09-23,SBIN.NS,lower,False,
2016-09-23,TATAMOTORS.NS,upper,False,
2016-09-23,TATAMOTORS.NS,lower,False,
2016-09-26,HINDUNILVR.NS,upper,False,
2016-09-26,HINDUNILVR.NS,lower,False,
2016-09-26,INFY.NS,upper,False,
2016-09-26,INFY.NS,lower,False,
2016-09-26,SBIN.NS,upper,False,
2016-09-26,SBIN.NS,lower,False,
2016-09-26,TATAMOTORS.NS,upper,False,
2016-09-26,TATAMOTORS.NS,lower,False,
2016-09-27,HINDUNILVR.NS,upper,False,
2016-09-27,HINDUNILVR.NS,lower,False,
2016-09-27,INFY.NS,upper,False,
2016-09-27,INFY.NS,lower,False,
2016-09-27,SBIN.NS,upper,False,
2016-09-27,SBIN.NS,lower,False,
2016-09-27,TATAMOTORS.NS,upper,False,
2016-09-27,TATAMOTORS.NS,lower,False,
2016-09-28,HINDUNILVR.NS,upper,False,
2016-09-28,HINDUNILVR.NS,lower,False,
2016-09-28,INFY.NS,upper,False,
2016-09-28,INFY.NS,lower,False,
2016-09-28,SBIN.NS,upper,False,
2016-09-28,SBIN.NS,lower,False,
2016-09-28,TATAMOTORS.NS,upper,False,
2016-09-28,TATAMOTORS.NS,lower,False,
2016-09-29,HINDUNILVR.NS,upper,False,
2016-09-29,HINDUNILVR.NS,lower,False,
2016-09-29,INFY.NS,upper,False,
2016-09-29,INFY.NS,lower,False,
2016-09-29,SBIN.NS,upper,False,
2016-09-29,SBIN.NS,lower,False,
2016-09-29,TATAMOTORS.NS,upper,False,
2016-09-29,TATAMOTORS.NS,lower,False,
2016-09-30,HINDUNILVR.NS,upper,False,
2016-09-30,HINDUNILVR.NS,lower,False,
2016-09-30,INFY.NS,upper,False,
2016-09-30,INFY.NS,lower,False,
2016-09-30,SBIN.NS,upper,False,
2016-09-30,SBIN.NS,lower,False,
2016-09-30,TATAMOTORS.NS,upper,False,
2016-09-30,TATAMOTORS.NS,lower,False,
2016-10-03,HINDUNILVR.NS,upper,False,
2016-10-03,HINDUNILVR.NS,lower,False,
2016-10-03,INFY.NS,upper,False,
2016-10-03,INFY.NS,lower,False,
2016-10-03,SBIN.NS,upper,False,
2016-10-03,SBIN.NS,lower,False,
2016-10-03,TATAMOTORS.NS,upper,True,sparse
2016-10-03,TATAMOTORS.NS,lower,False,
2016-10-04,HINDUNILVR.NS,upper,False,
2016-10-04,HINDUNILVR.NS,lower,False,
2016-10-04,INFY.NS,upper,False,
2016-10-04,INFY.NS,lower,False,
2016-10-04,SBIN.NS,upper,False,
2016-10-04,SBIN.NS,lower,False,
2016-10-04,TATAMOTORS.NS,upper,False,
2016-10-04,TATAMOTORS.NS,lower,False,
2016-10-05,HINDUNILVR.NS,upper,False,
2016-10-05,HINDUNILVR.NS,lower,False,
2016-10-05,INFY.NS,upper,False,
2016-10-05,INFY.NS,lower,False,
2016-10-05,SBIN.NS,upper,False,
2016-10-05,SBIN.NS,lower,False,
2016-10-05,TATAMOTORS.NS,upper,False,
2016-10-05,TATAMOTORS.NS,lower,False,
2016-10-06,HINDUNILVR.NS,upper,False,
2016-10-06,HINDUNILVR.NS,lower,False,
2016-10-06,INFY.NS,upper,False,
2016-10-06,INFY.NS,lower,False,
2016-10-06,SBIN.NS,upper,False,
2016-10-06,SBIN.NS,lower,False,
2016-10-06,TATAMOTORS.NS,upper,False,
2016-10-06,TATAMOTORS.NS,lower,False,
2016-10-07,HINDUNILVR.NS,upper,False,
2016-10-07,HINDUNILVR.NS,lower,False,
2016-10-07,INFY.NS,upper,False,
2016-10-07,INFY.NS,lower,False,
2016-10-07,SBIN.NS,upper,False,
2016-10-07,SBIN.NS,lower,False,
2016-10-07,TATAMOTORS.NS,upper,False,
2016-10-07,TATAMOTORS.NS,lower,False,
2016-10-10,HINDUNILVR.NS,upper,False,
2016-10-10,HINDUNILVR.NS,lower,False,
2016-10-10,INFY.NS,upper,False,
2016-10-10,INFY.NS,lower,False,
2016-10-10,SBIN.NS,upper,False,
2016-10-10,SBIN.NS,lower,False,
2016-10-10,TATAMOTORS.NS,upper,False,
2016-10-10,TATAMOTORS.NS,lower,False,
2016-10-13,HINDUNILVR.NS,upper,False,
2016-10-13,HINDUNILVR.NS,lower,False,
2016-10-13,INFY.NS,upper,False,
2016-10-13,INFY.NS,lower,False,
2016-10-13,SBIN.NS,upper,False,
2016-10-13,SBIN.NS,lower,False,
2016-10-13,TATAMOTORS.NS,upper,False,
2016-10-13,TATAMOTORS.NS,lower,False,
2016-10-14,HINDUNILVR.NS,upper,False,
2016-10-14,HINDUNILVR.NS,lower,False,
2016-10-14,INFY.NS,upper,False,
2016-10-14,INFY.NS,lower,False,
2016-10-14,SBIN.NS,upper,False,
2016-10-14,SBIN.NS,lower,False,
2016-10-14,TATAMOTORS.NS,upper,False,
2016-10-14,TATAMOTORS.NS,lower,False,
2016-10-17,HINDUNILVR.NS,upper,False,
2016-10-17,HINDUNILVR.NS,lower,False,
2016-10-17,INFY.NS,upper,False,
2016-10-17,INFY.NS,lower,False,
2016-10-17,SBIN.NS,upper,False,
2016-10-17,SBIN.NS,lower,False,
2016-10-17,TATAMOTORS.NS,upper,False,
2016-10-17,TATAMOTORS.NS,lower,False,
2016-10-18,HINDUNILVR.NS,upper,False,
2016-10-18,HINDUNILVR.NS,lower,False,
2016-10-18,INFY.NS,upper,False,
2016-10-18,INFY.NS,lower,False,
2016-10-18,SBIN.NS,upper,False,
2016-10-18,SBIN.NS,lower,False,
2016-10-18,TATAMOTORS.NS,upper,False,
2016-10-18,TATAMOTORS.NS,lower,False,
2016-10-19,HINDUNILVR.NS,upper,False,
2016-10-19,HINDUNILVR.NS,lower,False,
2016-10-19,INFY.NS,upper,False,
2016-10-19,INFY.NS,lower,False,
2016-10-19,SBIN.NS,upper,False,
2016-10-19,SBIN.NS,lower,False,
2016-10-19,TATAMOTORS.NS,upper,False,
2016-10-19,TATAMOTORS.NS,lower,False,
2016-10-20,HINDUNILVR.NS,upper,False,
2016-10-20,HINDUNILVR.NS,lower,False,
2016-10-20,INFY.NS,upper,False,
2016-10-20,INFY.NS,lower,False,
2016-10-20,SBIN.NS,upper,False,
2016-10-20,SBIN.NS,lower,False,
2016-10-20,TATAMOTORS.NS,upper,False,
2016-10-20,TATAMOTORS.NS,lower,False,
2016-10-21,HINDUNILVR.NS,upper,False,
2016-10-21,HINDUNILVR.NS,lower,False,
2016-10-21,INFY.NS,upper,False,
2016-10-21,INFY.NS,lower,False,
2016-10-21,SBIN.NS,upper,False,
2016-10-21,SBIN.NS,lower,False,
2016-10-21,TATAMOTORS.NS,upper,False,
2016-10-21,TATAMOTORS.NS,lower,False,
2016-10-24,HINDUNILVR.NS,upper,False,
2016-10-24,HINDUNILVR.NS,lower,False,
2016-10-24,INFY.NS,upper,False,
2016-10-24,INFY.NS,lower,False,
2016-10-24,SBIN.NS,upper,False,
2016-10-24,SBIN.NS,lower,False,
2016-10-24,TATAMOTORS.NS,upper,False,
2016-10-24,TATAMOTORS.NS,lower,False,
2016-10-25,HINDUNILVR.NS,upper,False,
2016-10-25,HINDUNILVR.NS,lower,False,
2016-10-25,INFY.NS,upper,False,
2016-10-25,INFY.NS,lower,False,
2016-10-25,SBIN.NS,upper,False,
2016-10-25,SBIN.NS,lower,False,
2016-10-25,TATAMOTORS.NS,upper,False,
2016-10-25,TATAMOTORS.NS,lower,False,
2016-10-26,HINDUNILVR.NS,upper,False,
2016-10-26,HINDUNILVR.NS,lower,False,
2016-10-26,INFY.NS,upper,False,
2016-10-26,INFY.NS,lower,False,
2016-10-26,SBIN.NS,upper,False,
2016-10-26,SBIN.NS,lower,False,
2016-10-26,TATAMOTORS.NS,upper,False,
2016-10-26,TATAMOTORS.NS,lower,False,
2016-10-27,HINDUNILVR.NS,upper,False,
2016-10-27,HINDUNILVR.NS,lower,False,
2016-10-27,INFY.NS,upper,False,
2016-10-27,INFY.NS,lower,False,
2016-10-27,SBIN.NS,upper,False,
2016-10-27,SBIN.NS,lower,False,
2016-10-27,TATAMOTORS.NS,upper,False,
2016-10-27,TATAMOTORS.NS,lower,False,
2016-10-28,HINDUNILVR.NS,upper,False,
2016-10-28,HINDUNILVR.NS,lower,False,
2016-10-28,INFY.NS,upper,False,
2016-10-28,INFY.NS,lower,False,
2016-10-28,SBIN.NS,upper,False,
2016-10-28,SBIN.NS,lower,False,
2016-10-28,TATAMOTORS.NS,upper,False,
2016-10-28,TATAMOTORS.NS,lower,False,
2016-11-01,HINDUNILVR.NS,upper,False,
2016-11-01,HINDUNILVR.NS,lower,False,
2016-11-01,INFY.NS,upper,False,
2016-11-01,INFY.NS,lower,False,
2016-11-01,SBIN.NS,upper,False,
2016-11-01,SBIN.NS,lower,False,
2016-11-01,TATAMOTORS.NS,upper,False,
2016-11-01,TATAMOTORS.NS,lower,False,
2016-11-02,HINDUNILVR.NS,upper,False,
2016-11-02,HINDUNILVR.NS,lower,False,
2016-11-02,INFY.NS,upper,False,
2016-11-02,INFY.NS,lower,False,
2016-11-02,SBIN.NS,upper,False,
2016-11-02,SBIN.NS,lower,False,
2016-11-02,TATAMOTORS.NS,upper,False,
2016-11-02,TATAMOTORS.NS,lower,False,
2016-11-03,HINDUNILVR.NS,upper,False,
2016-11-03,HINDUNILVR.NS,lower,False,
2016-11-03,INFY.NS,upper,False,
2016-11-03,INFY.NS,lower,False,
2016-11-03,SBIN.NS,upper,False,
2016-11-03,SBIN.NS,lower,False,
2016-11-03,TATAMOTORS.NS,upper,False,
2016-11-03,TATAMOTORS.NS,lower,False,
2016-11-04,HINDUNILVR.NS,upper,False,
2016-11-04,HINDUNILVR.NS,lower,False,
2016-11-04,INFY.NS,upper,False,
2016-11-04,INFY.NS,lower,False,
2016-11-04,SBIN.NS,upper,False,
2016-11-04,SBIN.NS,lower,False,
2016-11-04,TATAMOTORS.NS,upper,False,
2016-11-04,TATAMOTORS.NS,lower,False,
2016-11-07,HINDUNILVR.NS,upper,False,
2016-11-07,HINDUNILVR.NS,lower,False,
2016-11-07,INFY.NS,upper,False,
2016-11-07,INFY.NS,lower,False,
2016-11-07,SBIN.NS,upper,False,
2016-11-07,SBIN.NS,lower,False,
2016-11-07,TATAMOTORS.NS,upper,False,
2016-11-07,TATAMOTORS.NS,lower,False,
2016-11-08,HINDUNILVR.NS,upper,False,
2016-11-08,HINDUNILVR.NS,lower,False,
2016-11-08,INFY.NS,upper,False,
2016-11-08,INFY.NS,lower,False,
2016-11-08,SBIN.NS,upper,False,
2016-11-08,SBIN.NS,lower,False,
2016-11-08,TATAMOTORS.NS,upper,False,
2016-11-08,TATAMOTORS.NS,lower,False,
2016-11-09,HINDUNILVR.NS,upper,False,
2016-11-09,HINDUNILVR.NS,lower,False,
2016-11-09,INFY.NS,upper,False,
2016-11-09,INFY.NS,lower,False,
2016-11-09,SBIN.NS,upper,False,
2016-11-09,SBIN.NS,lower,False,
2016-11-09,TATAMOTORS.NS,upper,False,
2016-11-09,TATAMOTORS.NS,lower,False,
2016-11-10,HINDUNILVR.NS,upper,False,
2016-11-10,HINDUNILVR.NS,lower,False,
2016-11-10,INFY.NS,upper,False,
2016-11-10,INFY.NS,lower,False,
2016-11-10,SBIN.NS,upper,False,
2016-11-10,SBIN.NS,lower,False,
2016-11-10,TATAMOTORS.NS,upper,True,sparse
2016-11-10,TATAMOTORS.NS,lower,False,
2016-11-11,HINDUNILVR.NS,upper,False,
2016-11-11,HINDUNILVR.NS,lower,False,
2016-11-11,INFY.NS,upper,False,
2016-11-11,INFY.NS,lower,False,
2016-11-11,SBIN.NS,upper,False,
2016-11-11,SBIN.NS,lower,False,
2016-11-11,TATAMOTORS.NS,upper,True,sparse
2016-11-11,TATAMOTORS.NS,lower,False,
2016-11-15,HINDUNILVR.NS,upper,False,
2016-11-15,HINDUNILVR.NS,lower,False,
2016-11-15,INFY.NS,upper,False,
2016-11-15,INFY.NS,lower,False,
2016-11-15,SBIN.NS,upper,False,
2016-11-15,SBIN.NS,lower,False,
2016-11-15,TATAMOTORS.NS,upper,True,sparse
2016-11-15,TATAMOTORS.NS,lower,False,
2016-11-16,HINDUNILVR.NS,upper,False,
2016-11-16,HINDUNILVR.NS,lower,False,
2016-11-16,INFY.NS,upper,False,
2016-11-16,INFY.NS,lower,False,
2016-11-16,SBIN.NS,upper,False,
2016-11-16,SBIN.NS,lower,False,
2016-11-16,TATAMOTORS.NS,upper,True,sparse
2016-11-16,TATAMOTORS.NS,lower,True,sparse
2016-11-17,HINDUNILVR.NS,upper,False,
2016-11-17,HINDUNILVR.NS,lower,False,
2016-11-17,INFY.NS,upper,False,
2016-11-17,INFY.NS,lower,False,
2016-11-17,SBIN.NS,upper,False,
2016-11-17,SBIN.NS,lower,False,
2016-11-17,TATAMOTORS.NS,upper,False,
2016-11-17,TATAMOTORS.NS,lower,True,sparse
2016-11-18,HINDUNILVR.NS,upper,False,
2016-11-18,HINDUNILVR.NS,lower,False,
2016-11-18,INFY.NS,upper,False,
2016-11-18,INFY.NS,lower,False,
2016-11-18,SBIN.NS,upper,False,
2016-11-18,SBIN.NS,lower,False,
2016-11-18,TATAMOTORS.NS,upper,False,
2016-11-18,TATAMOTORS.NS,lower,True,sparse
2016-11-21,HINDUNILVR.NS,upper,False,
2016-11-21,HINDUNILVR.NS,lower,False,
2016-11-21,INFY.NS,upper,False,
2016-11-21,INFY.NS,lower,False,
2016-11-21,SBIN.NS,upper,False,
2016-11-21,SBIN.NS,lower,False,
2016-11-21,TATAMOTORS.NS,upper,False,
2016-11-21,TATAMOTORS.NS,lower,False,
2016-11-22,HINDUNILVR.NS,upper,False,
2016-11-22,HINDUNILVR.NS,lower,False,
2016-11-22,INFY.NS,upper,False,
2016-11-22,INFY.NS,lower,False,
2016-11-22,SBIN.NS,upper,False,
2016-11-22,SBIN.NS,lower,False,
2016-11-22,TATAMOTORS.NS,upper,False,
2016-11-22,TATAMOTORS.NS,lower,True,invalid
2016-11-23,HINDUNILVR.NS,upper,False,
2016-11-23,HINDUNILVR.NS,lower,False,
2016-11-23,INFY.NS,upper,False,
2016-11-23,INFY.NS,lower,False,
2016-11-23,SBIN.NS,upper,False,
2016-11-23,SBIN.NS,lower,False,
2016-11-23,TATAMOTORS.NS,upper,False,
2016-11-23,TATAMOTORS.NS,lower,True,invalid
2016-11-24,HINDUNILVR.NS,upper,False,
2016-11-24,HINDUNILVR.NS,lower,False,
2016-11-24,INFY.NS,upper,False,
2016-11-24,INFY.NS,lower,False,
2016-11-24,SBIN.NS,upper,False,
2016-11-24,SBIN.NS,lower,False,
2016-11-24,TATAMOTORS.NS,upper,False,
2016-11-24,TATAMOTORS.NS,lower,False,
2016-11-25,HINDUNILVR.NS,upper,False,
2016-11-25,HINDUNILVR.NS,lower,False,
2016-11-25,INFY.NS,upper,False,
2016-11-25,INFY.NS,lower,False,
2016-11-25,SBIN.NS,upper,False,
2016-11-25,SBIN.NS,lower,False,
2016-11-25,TATAMOTORS.NS,upper,False,
2016-11-25,TATAMOTORS.NS,lower,True,invalid
2016-11-28,HINDUNILVR.NS,upper,False,
2016-11-28,HINDUNILVR.NS,lower,False,
2016-11-28,INFY.NS,upper,False,
2016-11-28,INFY.NS,lower,False,
2016-11-28,SBIN.NS,upper,False,
2016-11-28,SBIN.NS,lower,False,
2016-11-28,TATAMOTORS.NS,upper,True,sparse
2016-11-28,TATAMOTORS.NS,lower,True,sparse
2016-11-29,HINDUNILVR.NS,upper,False,
2016-11-29,HINDUNILVR.NS,lower,False,
2016-11-29,INFY.NS,upper,False,
2016-11-29,INFY.NS,lower,False,
2016-11-29,SBIN.NS,upper,False,
2016-11-29,SBIN.NS,lower,False,
2016-11-29,TATAMOTORS.NS,upper,False,
2016-11-29,TATAMOTORS.NS,lower,True,invalid
2016-11-30,HINDUNILVR.NS,upper,False,
2016-11-30,HINDUNILVR.NS,lower,False,
2016-11-30,INFY.NS,upper,False,
2016-11-30,INFY.NS,lower,False,
2016-11-30,SBIN.NS,upper,False,
2016-11-30,SBIN.NS,lower,False,
2016-11-30,TATAMOTORS.NS,upper,True,sparse
2016-11-30,TATAMOTORS.NS,lower,True,sparse
2016-12-01,HINDUNILVR.NS,upper,False,
2016-12-01,HINDUNILVR.NS,lower,False,
2016-12-01,INFY.NS,upper,False,
2016-12-01,INFY.NS,lower,False,
2016-12-01,SBIN.NS,upper,False,
2016-12-01,SBIN.NS,lower,False,
2016-12-01,TATAMOTORS.NS,upper,False,
2016-12-01,TATAMOTORS.NS,lower,True,sparse
2016-12-02,HINDUNILVR.NS,upper,False,
2016-12-02,HINDUNILVR.NS,lower,False,
2016-12-02,INFY.NS,upper,False,
2016-12-02,INFY.NS,lower,False,
2016-12-02,SBIN.NS,upper,False,
2016-12-02,SBIN.NS,lower,False,
2016-12-02,TATAMOTORS.NS,upper,True,sparse
2016-12-02,TATAMOTORS.NS,lower,True,sparse
2016-12-05,HINDUNILVR.NS,upper,False,
2016-12-05,HINDUNILVR.NS,lower,False,
2016-12-05,INFY.NS,upper,False,
2016-12-05,INFY.NS,lower,False,
2016-12-05,SBIN.NS,upper,False,
2016-12-05,SBIN.NS,lower,False,
2016-12-05,TATAMOTORS.NS,upper,False,
2016-12-05,TATAMOTORS.NS,lower,False,
2016-12-06,HINDUNILVR.NS,upper,False,
2016-12-06,HINDUNILVR.NS,lower,False,
2016-12-06,INFY.NS,upper,False,
2016-12-06,INFY.NS,lower,False,
2016-12-06,SBIN.NS,upper,False,
2016-12-06,SBIN.NS,lower,False,
2016-12-06,TATAMOTORS.NS,upper,False,
2016-12-06,TATAMOTORS.NS,lower,False,
2016-12-07,HINDUNILVR.NS,upper,False,
2016-12-07,HINDUNILVR.NS,lower,False,
2016-12-07,INFY.NS,upper,False,
2016-12-07,INFY.NS,lower,False,
2016-12-07,SBIN.NS,upper,False,
2016-12-07,SBIN.NS,lower,False,
2016-12-07,TATAMOTORS.NS,upper,False,
2016-12-07,TATAMOTORS.NS,lower,False,
2016-12-08,HINDUNILVR.NS,upper,False,
2016-12-08,HINDUNILVR.NS,lower,False,
2016-12-08,INFY.NS,upper,False,
2016-12-08,INFY.NS,lower,False,
2016-12-08,SBIN.NS,upper,False,
2016-12-08,SBIN.NS,lower,False,
2016-12-08,TATAMOTORS.NS,upper,False,
2016-12-08,TATAMOTORS.NS,lower,False,
2016-12-09,HINDUNILVR.NS,upper,False,
2016-12-09,HINDUNILVR.NS,lower,False,
2016-12-09,INFY.NS,upper,False,
2016-12-09,INFY.NS,lower,False,
2016-12-09,SBIN.NS,upper,False,
2016-12-09,SBIN.NS,lower,False,
2016-12-09,TATAMOTORS.NS,upper,False,
2016-12-09,TATAMOTORS.NS,lower,False,
2016-12-12,HINDUNILVR.NS,upper,False,
2016-12-12,HINDUNILVR.NS,lower,False,
2016-12-12,INFY.NS,upper,False,
2016-12-12,INFY.NS,lower,False,
2016-12-12,SBIN.NS,upper,False,
2016-12-12,SBIN.NS,lower,False,
2016-12-12,TATAMOTORS.NS,upper,False,
2016-12-12,TATAMOTORS.NS,lower,False,
2016-12-13,HINDUNILVR.NS,upper,False,
2016-12-13,HINDUNILVR.NS,lower,False,
2016-12-13,INFY.NS,upper,False,
2016-12-13,INFY.NS,lower,False,
2016-12-13,SBIN.NS,upper,False,
2016-12-13,SBIN.NS,lower,False,
2016-12-13,TATAMOTORS.NS,upper,False,
2016-12-13,TATAMOTORS.NS,lower,False,
2016-12-14,HINDUNILVR.NS,upper,False,
2016-12-14,HINDUNILVR.NS,lower,False,
2016-12-14,INFY.NS,upper,False,
2016-12-14,INFY.NS,lower,False,
2016-12-14,SBIN.NS,upper,False,
2016-12-14,SBIN.NS,lower,False,
2016-12-14,TATAMOTORS.NS,upper,False,
2016-12-14,TATAMOTORS.NS,lower,False,
2016-12-15,HINDUNILVR.NS,upper,False,
2016-12-15,HINDUNILVR.NS,lower,False,
2016-12-15,INFY.NS,upper,False,
2016-12-15,INFY.NS,lower,False,
2016-12-15,SBIN.NS,upper,False,
2016-12-15,SBIN.NS,lower,False,
2016-12-15,TATAMOTORS.NS,upper,False,
2016-12-15,TATAMOTORS.NS,lower,True,invalid
2016-12-16,HINDUNILVR.NS,upper,False,
2016-12-16,HINDUNILVR.NS,lower,False,
2016-12-16,INFY.NS,upper,False,
2016-12-16,INFY.NS,lower,False,
2016-12-16,SBIN.NS,upper,False,
2016-12-16,SBIN.NS,lower,False,
2016-12-16,TATAMOTORS.NS,upper,False,
2016-12-16,TATAMOTORS.NS,lower,False,
2016-12-19,HINDUNILVR.NS,upper,False,
2016-12-19,HINDUNILVR.NS,lower,False,
2016-12-19,INFY.NS,upper,False,
2016-12-19,INFY.NS,lower,False,
2016-12-19,SBIN.NS,upper,False,
2016-12-19,SBIN.NS,lower,False,
2016-12-19,TATAMOTORS.NS,upper,False,
2016-12-19,TATAMOTORS.NS,lower,False,
2016-12-20,HINDUNILVR.NS,upper,False,
2016-12-20,HINDUNILVR.NS,lower,False,
2016-12-20,INFY.NS,upper,False,
2016-12-20,INFY.NS,lower,False,
2016-12-20,SBIN.NS,upper,False,
2016-12-20,SBIN.NS,lower,False,
2016-12-20,TATAMOTORS.NS,upper,False,
2016-12-20,TATAMOTORS.NS,lower,False,
2016-12-21,HINDUNILVR.NS,upper,False,
2016-12-21,HINDUNILVR.NS,lower,False,
2016-12-21,INFY.NS,upper,False,
2016-12-21,INFY.NS,lower,False,
2016-12-21,SBIN.NS,upper,False,
2016-12-21,SBIN.NS,lower,False,
2016-12-21,TATAMOTORS.NS,upper,False,
2016-12-21,TATAMOTORS.NS,lower,False,
2016-12-22,HINDUNILVR.NS,upper,False,
2016-12-22,HINDUNILVR.NS,lower,False,
2016-12-22,INFY.NS,upper,False,
2016-12-22,INFY.NS,lower,False,
2016-12-22,SBIN.NS,upper,False,
2016-12-22,SBIN.NS,lower,False,
2016-12-22,TATAMOTORS.NS,upper,False,
2016-12-22,TATAMOTORS.NS,lower,False,
2016-12-23,HINDUNILVR.NS,upper,False,
2016-12-23,HINDUNILVR.NS,lower,False,
2016-12-23,INFY.NS,upper,False,
2016-12-23,INFY.NS,lower,False,
2016-12-23,SBIN.NS,upper,False,
2016-12-23,SBIN.NS,lower,False,
2016-12-23,TATAMOTORS.NS,upper,False,
2016-12-23,TATAMOTORS.NS,lower,False,
2016-12-26,HINDUNILVR.NS,upper,False,
2016-12-26,HINDUNILVR.NS,lower,False,
2016-12-26,INFY.NS,upper,False,
2016-12-26,INFY.NS,lower,False,
2016-12-26,SBIN.NS,upper,False,
2016-12-26,SBIN.NS,lower,False,
2016-12-26,TATAMOTORS.NS,upper,False,
2016-12-26,TATAMOTORS.NS,lower,True,invalid
2016-12-27,HINDUNILVR.NS,upper,False,
2016-12-27,HINDUNILVR.NS,lower,False,
2016-12-27,INFY.NS,upper,False,
2016-12-27,INFY.NS,lower,False,
2016-12-27,SBIN.NS,upper,False,
2016-12-27,SBIN.NS,lower,False,
2016-12-27,TATAMOTORS.NS,upper,False,
2016-12-27,TATAMOTORS.NS,lower,False,
2016-12-28,HINDUNILVR.NS,upper,False,
2016-12-28,HINDUNILVR.NS,lower,False,
2016-12-28,INFY.NS,upper,False,
2016-12-28,INFY.NS,lower,False,
2016-12-28,SBIN.NS,upper,False,
2016-12-28,SBIN.NS,lower,False,
2016-12-28,TATAMOTORS.NS,upper,False,
2016-12-28,TATAMOTORS.NS,lower,False,
2016-12-29,HINDUNILVR.NS,upper,False,
2016-12-29,HINDUNILVR.NS,lower,False,
2016-12-29,INFY.NS,upper,False,
2016-12-29,INFY.NS,lower,False,
2016-12-29,SBIN.NS,upper,False,
2016-12-29,SBIN.NS,lower,False,
2016-12-29,TATAMOTORS.NS,upper,False,
2016-12-29,TATAMOTORS.NS,lower,True,invalid
2016-12-30,HINDUNILVR.NS,upper,False,
2016-12-30,HINDUNILVR.NS,lower,False,
2016-12-30,INFY.NS,upper,False,
2016-12-30,INFY.NS,lower,False,
2016-12-30,SBIN.NS,upper,False,
2016-12-30,SBIN.NS,lower,False,
2016-12-30,TATAMOTORS.NS,upper,False,
2016-12-30,TATAMOTORS.NS,lower,True,invalid
2017-01-02,HINDUNILVR.NS,upper,False,
2017-01-02,HINDUNILVR.NS,lower,False,
2017-01-02,INFY.NS,upper,False,
2017-01-02,INFY.NS,lower,False,
2017-01-02,SBIN.NS,upper,False,
2017-01-02,SBIN.NS,lower,False,
2017-01-02,TATAMOTORS.NS,upper,False,
2017-01-02,TATAMOTORS.NS,lower,True,invalid
2017-01-03,HINDUNILVR.NS,upper,False,
2017-01-03,HINDUNILVR.NS,lower,False,
2017-01-03,INFY.NS,upper,False,
2017-01-03,INFY.NS,lower,False,
2017-01-03,SBIN.NS,upper,False,
2017-01-03,SBIN.NS,lower,False,
2017-01-03,TATAMOTORS.NS,upper,False,
2017-01-03,TATAMOTORS.NS,lower,True,invalid
2017-01-04,HINDUNILVR.NS,upper,False,
2017-01-04,HINDUNILVR.NS,lower,False,
2017-01-04,INFY.NS,upper,False,
2017-01-04,INFY.NS,lower,False,
2017-01-04,SBIN.NS,upper,False,
2017-01-04,SBIN.NS,lower,False,
2017-01-04,TATAMOTORS.NS,upper,False,
2017-01-04,TATAMOTORS.NS,lower,True,invalid
2017-01-05,HINDUNILVR.NS,upper,False,
2017-01-05,HINDUNILVR.NS,lower,False,
2017-01-05,INFY.NS,upper,False,
2017-01-05,INFY.NS,lower,False,
2017-01-05,SBIN.NS,upper,False,
2017-01-05,SBIN.NS,lower,False,
2017-01-05,TATAMOTORS.NS,upper,False,
2017-01-05,TATAMOTORS.NS,lower,False,
2017-01-06,HINDUNILVR.NS,upper,False,
2017-01-06,HINDUNILVR.NS,lower,False,
2017-01-06,INFY.NS,upper,False,
2017-01-06,INFY.NS,lower,False,
2017-01-06,SBIN.NS,upper,False,
2017-01-06,SBIN.NS,lower,False,
2017-01-06,TATAMOTORS.NS,upper,False,
2017-01-06,TATAMOTORS.NS,lower,False,
2017-01-09,HINDUNILVR.NS,upper,False,
2017-01-09,HINDUNILVR.NS,lower,False,
2017-01-09,INFY.NS,upper,False,
2017-01-09,INFY.NS,lower,False,
2017-01-09,SBIN.NS,upper,False,
2017-01-09,SBIN.NS,lower,False,
2017-01-09,TATAMOTORS.NS,upper,False,
2017-01-09,TATAMOTORS.NS,lower,True,invalid
2017-01-10,HINDUNILVR.NS,upper,False,
2017-01-10,HINDUNILVR.NS,lower,False,
2017-01-10,INFY.NS,upper,False,
2017-01-10,INFY.NS,lower,False,
2017-01-10,SBIN.NS,upper,False,
2017-01-10,SBIN.NS,lower,False,
2017-01-10,TATAMOTORS.NS,upper,False,
2017-01-10,TATAMOTORS.NS,lower,True,invalid
2017-01-11,HINDUNILVR.NS,upper,False,
2017-01-11,HINDUNILVR.NS,lower,False,
2017-01-11,INFY.NS,upper,False,
2017-01-11,INFY.NS,lower,False,
2017-01-11,SBIN.NS,upper,False,
2017-01-11,SBIN.NS,lower,False,
2017-01-11,TATAMOTORS.NS,upper,False,
2017-01-11,TATAMOTORS.NS,lower,False,
2017-01-12,HINDUNILVR.NS,upper,False,
2017-01-12,HINDUNILVR.NS,lower,False,
2017-01-12,INFY.NS,upper,False,
2017-01-12,INFY.NS,lower,False,
2017-01-12,SBIN.NS,upper,False,
2017-01-12,SBIN.NS,lower,False,
2017-01-12,TATAMOTORS.NS,upper,False,
2017-01-12,TATAMOTORS.NS,lower,False,
2017-01-13,HINDUNILVR.NS,upper,False,
2017-01-13,HINDUNILVR.NS,lower,False,
2017-01-13,INFY.NS,upper,False,
2017-01-13,INFY.NS,lower,False,
2017-01-13,SBIN.NS,upper,False,
2017-01-13,SBIN.NS,lower,False,
2017-01-13,TATAMOTORS.NS,upper,False,
2017-01-13,TATAMOTORS.NS,lower,True,invalid
2017-01-16,HINDUNILVR.NS,upper,False,
2017-01-16,HINDUNILVR.NS,lower,False,
2017-01-16,INFY.NS,upper,False,
2017-01-16,INFY.NS,lower,False,
2017-01-16,SBIN.NS,upper,False,
2017-01-16,SBIN.NS,lower,False,
2017-01-16,TATAMOTORS.NS,upper,False,
2017-01-16,TATAMOTORS.NS,lower,True,invalid
2017-01-17,HINDUNILVR.NS,upper,False,
2017-01-17,HINDUNILVR.NS,lower,False,
2017-01-17,INFY.NS,upper,False,
2017-01-17,INFY.NS,lower,False,
2017-01-17,SBIN.NS,upper,False,
2017-01-17,SBIN.NS,lower,False,
2017-01-17,TATAMOTORS.NS,upper,False,
2017-01-17,TATAMOTORS.NS,lower,True,invalid
2017-01-18,HINDUNILVR.NS,upper,False,
2017-01-18,HINDUNILVR.NS,lower,False,
2017-01-18,INFY.NS,upper,False,
2017-01-18,INFY.NS,lower,False,
2017-01-18,SBIN.NS,upper,False,
2017-01-18,SBIN.NS,lower,False,
2017-01-18,TATAMOTORS.NS,upper,False,
2017-01-18,TATAMOTORS.NS,lower,True,invalid
2017-01-19,HINDUNILVR.NS,upper,False,
2017-01-19,HINDUNILVR.NS,lower,False,
2017-01-19,INFY.NS,upper,False,
2017-01-19,INFY.NS,lower,False,
2017-01-19,SBIN.NS,upper,False,
2017-01-19,SBIN.NS,lower,False,
2017-01-19,TATAMOTORS.NS,upper,False,
2017-01-19,TATAMOTORS.NS,lower,True,invalid
2017-01-20,HINDUNILVR.NS,upper,False,
2017-01-20,HINDUNILVR.NS,lower,False,
2017-01-20,INFY.NS,upper,False,
2017-01-20,INFY.NS,lower,False,
2017-01-20,SBIN.NS,upper,False,
2017-01-20,SBIN.NS,lower,False,
2017-01-20,TATAMOTORS.NS,upper,False,
2017-01-20,TATAMOTORS.NS,lower,True,invalid
2017-01-23,HINDUNILVR.NS,upper,False,
2017-01-23,HINDUNILVR.NS,lower,False,
2017-01-23,INFY.NS,upper,False,
2017-01-23,INFY.NS,lower,False,
2017-01-23,SBIN.NS,upper,False,
2017-01-23,SBIN.NS,lower,False,
2017-01-23,TATAMOTORS.NS,upper,False,
2017-01-23,TATAMOTORS.NS,lower,True,invalid
2017-01-24,HINDUNILVR.NS,upper,False,
2017-01-24,HINDUNILVR.NS,lower,False,
2017-01-24,INFY.NS,upper,False,
2017-01-24,INFY.NS,lower,False,
2017-01-24,SBIN.NS,upper,False,
2017-01-24,SBIN.NS,lower,False,
2017-01-24,TATAMOTORS.NS,upper,False,
2017-01-24,TATAMOTORS.NS,lower,True,invalid
2017-01-25,HINDUNILVR.NS,upper,False,
2017-01-25,HINDUNILVR.NS,lower,False,
2017-01-25,INFY.NS,upper,False,
2017-01-25,INFY.NS,lower,False,
2017-01-25,SBIN.NS,upper,False,
2017-01-25,SBIN.NS,lower,False,
2017-01-25,TATAMOTORS.NS,upper,False,
2017-01-25,TATAMOTORS.NS,lower,True,invalid
2017-01-27,HINDUNILVR.NS,upper,False,
2017-01-27,HINDUNILVR.NS,lower,False,
2017-01-27,INFY.NS,upper,False,
2017-01-27,INFY.NS,lower,False,
2017-01-27,SBIN.NS,upper,False,
2017-01-27,SBIN.NS,lower,False,
2017-01-27,TATAMOTORS.NS,upper,False,
2017-01-27,TATAMOTORS.NS,lower,True,invalid
2017-01-30,HINDUNILVR.NS,upper,False,
2017-01-30,HINDUNILVR.NS,lower,False,
2017-01-30,INFY.NS,upper,False,
2017-01-30,INFY.NS,lower,False,
2017-01-30,SBIN.NS,upper,False,
2017-01-30,SBIN.NS,lower,False,
2017-01-30,TATAMOTORS.NS,upper,False,
2017-01-30,TATAMOTORS.NS,lower,True,invalid
2017-01-31,HINDUNILVR.NS,upper,False,
2017-01-31,HINDUNILVR.NS,lower,False,
2017-01-31,INFY.NS,upper,False,
2017-01-31,INFY.NS,lower,False,
2017-01-31,SBIN.NS,upper,False,
2017-01-31,SBIN.NS,lower,False,
2017-01-31,TATAMOTORS.NS,upper,False,
2017-01-31,TATAMOTORS.NS,lower,True,invalid
2017-02-01,HINDUNILVR.NS,upper,False,
2017-02-01,HINDUNILVR.NS,lower,False,
2017-02-01,INFY.NS,upper,False,
2017-02-01,INFY.NS,lower,False,
2017-02-01,SBIN.NS,upper,False,
2017-02-01,SBIN.NS,lower,False,
2017-02-01,TATAMOTORS.NS,upper,False,
2017-02-01,TATAMOTORS.NS,lower,False,
2017-02-02,HINDUNILVR.NS,upper,False,
2017-02-02,HINDUNILVR.NS,lower,False,
2017-02-02,INFY.NS,upper,False,
2017-02-02,INFY.NS,lower,False,
2017-02-02,SBIN.NS,upper,False,
2017-02-02,SBIN.NS,lower,False,
2017-02-02,TATAMOTORS.NS,upper,False,
2017-02-02,TATAMOTORS.NS,lower,False,
2017-02-03,HINDUNILVR.NS,upper,False,
2017-02-03,HINDUNILVR.NS,lower,False,
2017-02-03,INFY.NS,upper,False,
2017-02-03,INFY.NS,lower,False,
2017-02-03,SBIN.NS,upper,False,
2017-02-03,SBIN.NS,lower,False,
2017-02-03,TATAMOTORS.NS,upper,False,
2017-02-03,TATAMOTORS.NS,lower,False,
2017-02-06,HINDUNILVR.NS,upper,False,
2017-02-06,HINDUNILVR.NS,lower,False,
2017-02-06,INFY.NS,upper,False,
2017-02-06,INFY.NS,lower,False,
2017-02-06,SBIN.NS,upper,False,
2017-02-06,SBIN.NS,lower,False,
2017-02-06,TATAMOTORS.NS,upper,False,
2017-02-06,TATAMOTORS.NS,lower,False,
2017-02-07,HINDUNILVR.NS,upper,False,
2017-02-07,HINDUNILVR.NS,lower,False,
2017-02-07,INFY.NS,upper,False,
2017-02-07,INFY.NS,lower,False,
2017-02-07,SBIN.NS,upper,False,
2017-02-07,SBIN.NS,lower,False,
2017-02-07,TATAMOTORS.NS,upper,False,
2017-02-07,TATAMOTORS.NS,lower,False,
2017-02-08,HINDUNILVR.NS,upper,False,
2017-02-08,HINDUNILVR.NS,lower,False,
2017-02-08,INFY.NS,upper,False,
2017-02-08,INFY.NS,lower,False,
2017-02-08,SBIN.NS,upper,False,
2017-02-08,SBIN.NS,lower,False,
2017-02-08,TATAMOTORS.NS,upper,False,
2017-02-08,TATAMOTORS.NS,lower,True,invalid
2017-02-09,HINDUNILVR.NS,upper,False,
2017-02-09,HINDUNILVR.NS,lower,False,
2017-02-09,INFY.NS,upper,False,
2017-02-09,INFY.NS,lower,False,
2017-02-09,SBIN.NS,upper,False,
2017-02-09,SBIN.NS,lower,False,
2017-02-09,TATAMOTORS.NS,upper,False,
2017-02-09,TATAMOTORS.NS,lower,False,
2017-02-10,HINDUNILVR.NS,upper,False,
2017-02-10,HINDUNILVR.NS,lower,False,
2017-02-10,INFY.NS,upper,False,
2017-02-10,INFY.NS,lower,False,
2017-02-10,SBIN.NS,upper,False,
2017-02-10,SBIN.NS,lower,False,
2017-02-10,TATAMOTORS.NS,upper,False,
2017-02-10,TATAMOTORS.NS,lower,False,
2017-02-13,HINDUNILVR.NS,upper,False,
2017-02-13,HINDUNILVR.NS,lower,False,
2017-02-13,INFY.NS,upper,False,
2017-02-13,INFY.NS,lower,False,
2017-02-13,SBIN.NS,upper,False,
2017-02-13,SBIN.NS,lower,False,
2017-02-13,TATAMOTORS.NS,upper,False,
2017-02-13,TATAMOTORS.NS,lower,False,
2017-02-14,HINDUNILVR.NS,upper,False,
2017-02-14,HINDUNILVR.NS,lower,False,
2017-02-14,INFY.NS,upper,False,
2017-02-14,INFY.NS,lower,False,
2017-02-14,SBIN.NS,upper,False,
2017-02-14,SBIN.NS,lower,False,
2017-02-14,TATAMOTORS.NS,upper,False,
2017-02-14,TATAMOTORS.NS,lower,False,
2017-02-15,HINDUNILVR.NS,upper,False,
2017-02-15,HINDUNILVR.NS,lower,False,
2017-02-15,INFY.NS,upper,False,
2017-02-15,INFY.NS,lower,False,
2017-02-15,SBIN.NS,upper,False,
2017-02-15,SBIN.NS,lower,False,
2017-02-15,TATAMOTORS.NS,upper,False,
2017-02-15,TATAMOTORS.NS,lower,False,
2017-02-16,HINDUNILVR.NS,upper,False,
2017-02-16,HINDUNILVR.NS,lower,False,
2017-02-16,INFY.NS,upper,False,
2017-02-16,INFY.NS,lower,False,
2017-02-16,SBIN.NS,upper,False,
2017-02-16,SBIN.NS,lower,False,
2017-02-16,TATAMOTORS.NS,upper,False,
2017-02-16,TATAMOTORS.NS,lower,False,
2017-02-17,HINDUNILVR.NS,upper,False,
2017-02-17,HINDUNILVR.NS,lower,False,
2017-02-17,INFY.NS,upper,False,
2017-02-17,INFY.NS,lower,False,
2017-02-17,SBIN.NS,upper,False,
2017-02-17,SBIN.NS,lower,False,
2017-02-17,TATAMOTORS.NS,upper,False,
2017-02-17,TATAMOTORS.NS,lower,False,
2017-02-20,HINDUNILVR.NS,upper,False,
2017-02-20,HINDUNILVR.NS,lower,False,
2017-02-20,INFY.NS,upper,False,
2017-02-20,INFY.NS,lower,False,
2017-02-20,SBIN.NS,upper,False,
2017-02-20,SBIN.NS,lower,False,
2017-02-20,TATAMOTORS.NS,upper,False,
2017-02-20,TATAMOTORS.NS,lower,False,
2017-02-21,HINDUNILVR.NS,upper,False,
2017-02-21,HINDUNILVR.NS,lower,False,
2017-02-21,INFY.NS,upper,False,
2017-02-21,INFY.NS,lower,False,
2017-02-21,SBIN.NS,upper,False,
2017-02-21,SBIN.NS,lower,False,
2017-02-21,TATAMOTORS.NS,upper,False,
2017-02-21,TATAMOTORS.NS,lower,False,
2017-02-22,HINDUNILVR.NS,upper,False,
2017-02-22,HINDUNILVR.NS,lower,False,
2017-02-22,INFY.NS,upper,False,
2017-02-22,INFY.NS,lower,False,
2017-02-22,SBIN.NS,upper,False,
2017-02-22,SBIN.NS,lower,False,
2017-02-22,TATAMOTORS.NS,upper,False,
2017-02-22,TATAMOTORS.NS,lower,False,
2017-02-23,HINDUNILVR.NS,upper,False,
2017-02-23,HINDUNILVR.NS,lower,False,
2017-02-23,INFY.NS,upper,False,
2017-02-23,INFY.NS,lower,False,
2017-02-23,SBIN.NS,upper,False,
2017-02-23,SBIN.NS,lower,False,
2017-02-23,TATAMOTORS.NS,upper,False,
2017-02-23,TATAMOTORS.NS,lower,False,
2017-02-27,HINDUNILVR.NS,upper,False,
2017-02-27,HINDUNILVR.NS,lower,False,
2017-02-27,INFY.NS,upper,False,
2017-02-27,INFY.NS,lower,False,
2017-02-27,SBIN.NS,upper,False,
2017-02-27,SBIN.NS,lower,False,
2017-02-27,TATAMOTORS.NS,upper,False,
2017-02-27,TATAMOTORS.NS,lower,False,
2017-02-28,HINDUNILVR.NS,upper,False,
2017-02-28,HINDUNILVR.NS,lower,False,
2017-02-28,INFY.NS,upper,False,
2017-02-28,INFY.NS,lower,False,
2017-02-28,SBIN.NS,upper,False,
2017-02-28,SBIN.NS,lower,False,
2017-02-28,TATAMOTORS.NS,upper,False,
2017-02-28,TATAMOTORS.NS,lower,False,
2017-03-01,HINDUNILVR.NS,upper,False,
2017-03-01,HINDUNILVR.NS,lower,False,
2017-03-01,INFY.NS,upper,False,
2017-03-01,INFY.NS,lower,False,
2017-03-01,SBIN.NS,upper,False,
2017-03-01,SBIN.NS,lower,False,
2017-03-01,TATAMOTORS.NS,upper,False,
2017-03-01,TATAMOTORS.NS,lower,False,
2017-03-02,HINDUNILVR.NS,upper,False,
2017-03-02,HINDUNILVR.NS,lower,False,
2017-03-02,INFY.NS,upper,False,
2017-03-02,INFY.NS,lower,False,
2017-03-02,SBIN.NS,upper,False,
2017-03-02,SBIN.NS,lower,False,
2017-03-02,TATAMOTORS.NS,upper,False,
2017-03-02,TATAMOTORS.NS,lower,False,
2017-03-03,HINDUNILVR.NS,upper,False,
2017-03-03,HINDUNILVR.NS,lower,False,
2017-03-03,INFY.NS,upper,False,
2017-03-03,INFY.NS,lower,False,
2017-03-03,SBIN.NS,upper,False,
2017-03-03,SBIN.NS,lower,False,
2017-03-03,TATAMOTORS.NS,upper,False,
2017-03-03,TATAMOTORS.NS,lower,False,
2017-03-06,HINDUNILVR.NS,upper,False,
2017-03-06,HINDUNILVR.NS,lower,False,
2017-03-06,INFY.NS,upper,False,
2017-03-06,INFY.NS,lower,False,
2017-03-06,SBIN.NS,upper,False,
2017-03-06,SBIN.NS,lower,False,
2017-03-06,TATAMOTORS.NS,upper,False,
2017-03-06,TATAMOTORS.NS,lower,False,
2017-03-07,HINDUNILVR.NS,upper,False,
2017-03-07,HINDUNILVR.NS,lower,False,
2017-03-07,INFY.NS,upper,False,
2017-03-07,INFY.NS,lower,False,
2017-03-07,SBIN.NS,upper,False,
2017-03-07,SBIN.NS,lower,False,
2017-03-07,TATAMOTORS.NS,upper,False,
2017-03-07,TATAMOTORS.NS,lower,False,
2017-03-08,HINDUNILVR.NS,upper,False,
2017-03-08,HINDUNILVR.NS,lower,False,
2017-03-08,INFY.NS,upper,False,
2017-03-08,INFY.NS,lower,False,
2017-03-08,SBIN.NS,upper,False,
2017-03-08,SBIN.NS,lower,False,
2017-03-08,TATAMOTORS.NS,upper,False,
2017-03-08,TATAMOTORS.NS,lower,False,
2017-03-09,HINDUNILVR.NS,upper,False,
2017-03-09,HINDUNILVR.NS,lower,False,
2017-03-09,INFY.NS,upper,False,
2017-03-09,INFY.NS,lower,False,
2017-03-09,SBIN.NS,upper,False,
2017-03-09,SBIN.NS,lower,False,
2017-03-09,TATAMOTORS.NS,upper,False,
2017-03-09,TATAMOTORS.NS,lower,False,
2017-03-10,HINDUNILVR.NS,upper,False,
2017-03-10,HINDUNILVR.NS,lower,False,
2017-03-10,INFY.NS,upper,False,
2017-03-10,INFY.NS,lower,False,
2017-03-10,SBIN.NS,upper,False,
2017-03-10,SBIN.NS,lower,False,
2017-03-10,TATAMOTORS.NS,upper,False,
2017-03-10,TATAMOTORS.NS,lower,False,
2017-03-14,HINDUNILVR.NS,upper,False,
2017-03-14,HINDUNILVR.NS,lower,False,
2017-03-14,INFY.NS,upper,False,
2017-03-14,INFY.NS,lower,False,
2017-03-14,SBIN.NS,upper,False,
2017-03-14,SBIN.NS,lower,False,
2017-03-14,TATAMOTORS.NS,upper,False,
2017-03-14,TATAMOTORS.NS,lower,False,
2017-03-15,HINDUNILVR.NS,upper,False,
2017-03-15,HINDUNILVR.NS,lower,False,
2017-03-15,INFY.NS,upper,False,
2017-03-15,INFY.NS,lower,False,
2017-03-15,SBIN.NS,upper,False,
2017-03-15,SBIN.NS,lower,False,
2017-03-15,TATAMOTORS.NS,upper,False,
2017-03-15,TATAMOTORS.NS,lower,False,
2017-03-16,HINDUNILVR.NS,upper,False,
2017-03-16,HINDUNILVR.NS,lower,False,
2017-03-16,INFY.NS,upper,False,
2017-03-16,INFY.NS,lower,False,
2017-03-16,SBIN.NS,upper,False,
2017-03-16,SBIN.NS,lower,False,
2017-03-16,TATAMOTORS.NS,upper,False,
2017-03-16,TATAMOTORS.NS,lower,False,
2017-03-17,HINDUNILVR.NS,upper,False,
2017-03-17,HINDUNILVR.NS,lower,False,
2017-03-17,INFY.NS,upper,False,
2017-03-17,INFY.NS,lower,False,
2017-03-17,SBIN.NS,upper,False,
2017-03-17,SBIN.NS,lower,False,
2017-03-17,TATAMOTORS.NS,upper,False,
2017-03-17,TATAMOTORS.NS,lower,False,
2017-03-20,HINDUNILVR.NS,upper,False,
2017-03-20,HINDUNILVR.NS,lower,False,
2017-03-20,INFY.NS,upper,False,
2017-03-20,INFY.NS,lower,False,
2017-03-20,SBIN.NS,upper,False,
2017-03-20,SBIN.NS,lower,False,
2017-03-20,TATAMOTORS.NS,upper,False,
2017-03-20,TATAMOTORS.NS,lower,False,
2017-03-21,HINDUNILVR.NS,upper,False,
2017-03-21,HINDUNILVR.NS,lower,False,
2017-03-21,INFY.NS,upper,False,
2017-03-21,INFY.NS,lower,False,
2017-03-21,SBIN.NS,upper,False,
2017-03-21,SBIN.NS,lower,False,
2017-03-21,TATAMOTORS.NS,upper,False,
2017-03-21,TATAMOTORS.NS,lower,False,
2017-03-22,HINDUNILVR.NS,upper,False,
2017-03-22,HINDUNILVR.NS,lower,False,
2017-03-22,INFY.NS,upper,False,
2017-03-22,INFY.NS,lower,False,
2017-03-22,SBIN.NS,upper,False,
2017-03-22,SBIN.NS,lower,False,
2017-03-22,TATAMOTORS.NS,upper,False,
2017-03-22,TATAMOTORS.NS,lower,False,
2017-03-23,HINDUNILVR.NS,upper,False,
2017-03-23,HINDUNILVR.NS,lower,False,
2017-03-23,INFY.NS,upper,False,
2017-03-23,INFY.NS,lower,False,
2017-03-23,SBIN.NS,upper,False,
2017-03-23,SBIN.NS,lower,False,
2017-03-23,TATAMOTORS.NS,upper,False,
2017-03-23,TATAMOTORS.NS,lower,False,
2017-03-24,HINDUNILVR.NS,upper,False,
2017-03-24,HINDUNILVR.NS,lower,False,
2017-03-24,INFY.NS,upper,False,
2017-03-24,INFY.NS,lower,False,
2017-03-24,SBIN.NS,upper,False,
2017-03-24,SBIN.NS,lower,False,
2017-03-24,TATAMOTORS.NS,upper,False,
2017-03-24,TATAMOTORS.NS,lower,False,
2017-03-27,HINDUNILVR.NS,upper,False,
2017-03-27,HINDUNILVR.NS,lower,False,
2017-03-27,INFY.NS,upper,False,
2017-03-27,INFY.NS,lower,False,
2017-03-27,SBIN.NS,upper,False,
2017-03-27,SBIN.NS,lower,False,
2017-03-27,TATAMOTORS.NS,upper,False,
2017-03-27,TATAMOTORS.NS,lower,False,
2017-03-28,HINDUNILVR.NS,upper,False,
2017-03-28,HINDUNILVR.NS,lower,False,
2017-03-28,INFY.NS,upper,False,
2017-03-28,INFY.NS,lower,False,
2017-03-28,SBIN.NS,upper,False,
2017-03-28,SBIN.NS,lower,False,
2017-03-28,TATAMOTORS.NS,upper,False,
2017-03-28,TATAMOTORS.NS,lower,False,
2017-03-29,HINDUNILVR.NS,upper,False,
2017-03-29,HINDUNILVR.NS,lower,False,
2017-03-29,INFY.NS,upper,False,
2017-03-29,INFY.NS,lower,False,
2017-03-29,SBIN.NS,upper,False,
2017-03-29,SBIN.NS,lower,False,
2017-03-29,TATAMOTORS.NS,upper,False,
2017-03-29,TATAMOTORS.NS,lower,False,
2017-03-30,HINDUNILVR.NS,upper,False,
2017-03-30,HINDUNILVR.NS,lower,False,
2017-03-30,INFY.NS,upper,False,
2017-03-30,INFY.NS,lower,False,
2017-03-30,SBIN.NS,upper,False,
2017-03-30,SBIN.NS,lower,False,
2017-03-30,TATAMOTORS.NS,upper,False,
2017-03-30,TATAMOTORS.NS,lower,False,
2017-03-31,HINDUNILVR.NS,upper,False,
2017-03-31,HINDUNILVR.NS,lower,False,
2017-03-31,INFY.NS,upper,False,
2017-03-31,INFY.NS,lower,False,
2017-03-31,SBIN.NS,upper,False,
2017-03-31,SBIN.NS,lower,False,
2017-03-31,TATAMOTORS.NS,upper,False,
2017-03-31,TATAMOTORS.NS,lower,False,
2017-04-03,HINDUNILVR.NS,upper,False,
2017-04-03,HINDUNILVR.NS,lower,False,
2017-04-03,INFY.NS,upper,False,
2017-04-03,INFY.NS,lower,False,
2017-04-03,SBIN.NS,upper,False,
2017-04-03,SBIN.NS,lower,False,
2017-04-03,TATAMOTORS.NS,upper,False,
2017-04-03,TATAMOTORS.NS,lower,False,
2017-04-05,HINDUNILVR.NS,upper,False,
2017-04-05,HINDUNILVR.NS,lower,False,
2017-04-05,INFY.NS,upper,False,
2017-04-05,INFY.NS,lower,False,
2017-04-05,SBIN.NS,upper,False,
2017-04-05,SBIN.NS,lower,False,
2017-04-05,TATAMOTORS.NS,upper,False,
2017-04-05,TATAMOTORS.NS,lower,False,
2017-04-06,HINDUNILVR.NS,upper,False,
2017-04-06,HINDUNILVR.NS,lower,False,
2017-04-06,INFY.NS,upper,False,
2017-04-06,INFY.NS,lower,False,
2017-04-06,SBIN.NS,upper,False,
2017-04-06,SBIN.NS,lower,False,
2017-04-06,TATAMOTORS.NS,upper,False,
2017-04-06,TATAMOTORS.NS,lower,False,
2017-04-07,HINDUNILVR.NS,upper,False,
2017-04-07,HINDUNILVR.NS,lower,False,
2017-04-07,INFY.NS,upper,False,
2017-04-07,INFY.NS,lower,False,
2017-04-07,SBIN.NS,upper,False,
2017-04-07,SBIN.NS,lower,False,
2017-04-07,TATAMOTORS.NS,upper,False,
2017-04-07,TATAMOTORS.NS,lower,False,
2017-04-10,HINDUNILVR.NS,upper,False,
2017-04-10,HINDUNILVR.NS,lower,False,
2017-04-10,INFY.NS,upper,False,
2017-04-10,INFY.NS,lower,False,
2017-04-10,SBIN.NS,upper,False,
2017-04-10,SBIN.NS,lower,False,
2017-04-10,TATAMOTORS.NS,upper,False,
2017-04-10,TATAMOTORS.NS,lower,False,
2017-04-11,HINDUNILVR.NS,upper,False,
2017-04-11,HINDUNILVR.NS,lower,False,
2017-04-11,INFY.NS,upper,False,
2017-04-11,INFY.NS,lower,False,
2017-04-11,SBIN.NS,upper,False,
2017-04-11,SBIN.NS,lower,False,
2017-04-11,TATAMOTORS.NS,upper,False,
2017-04-11,TATAMOTORS.NS,lower,False,
2017-04-12,HINDUNILVR.NS,upper,False,
2017-04-12,HINDUNILVR.NS,lower,False,
2017-04-12,INFY.NS,upper,False,
2017-04-12,INFY.NS,lower,False,
2017-04-12,SBIN.NS,upper,False,
2017-04-12,SBIN.NS,lower,False,
2017-04-12,TATAMOTORS.NS,upper,False,
2017-04-12,TATAMOTORS.NS,lower,False,
2017-04-13,HINDUNILVR.NS,upper,False,
2017-04-13,HINDUNILVR.NS,lower,False,
2017-04-13,INFY.NS,upper,False,
2017-04-13,INFY.NS,lower,False,
2017-04-13,SBIN.NS,upper,False,
2017-04-13,SBIN.NS,lower,False,
2017-04-13,TATAMOTORS.NS,upper,False,
2017-04-13,TATAMOTORS.NS,lower,False,
2017-04-17,HINDUNILVR.NS,upper,False,
2017-04-17,HINDUNILVR.NS,lower,False,
2017-04-17,INFY.NS,upper,False,
2017-04-17,INFY.NS,lower,False,
2017-04-17,SBIN.NS,upper,False,
2017-04-17,SBIN.NS,lower,False,
2017-04-17,TATAMOTORS.NS,upper,False,
2017-04-17,TATAMOTORS.NS,lower,False,
2017-04-18,HINDUNILVR.NS,upper,False,
2017-04-18,HINDUNILVR.NS,lower,False,
2017-04-18,INFY.NS,upper,False,
2017-04-18,INFY.NS,lower,False,
2017-04-18,SBIN.NS,upper,False,
2017-04-18,SBIN.NS,lower,False,
2017-04-18,TATAMOTORS.NS,upper,False,
2017-04-18,TATAMOTORS.NS,lower,False,
2017-04-19,HINDUNILVR.NS,upper,False,
2017-04-19,HINDUNILVR.NS,lower,False,
2017-04-19,INFY.NS,upper,False,
2017-04-19,INFY.NS,lower,False,
2017-04-19,SBIN.NS,upper,False,
2017-04-19,SBIN.NS,lower,False,
2017-04-19,TATAMOTORS.NS,upper,False,
2017-04-19,TATAMOTORS.NS,lower,False,
2017-04-20,HINDUNILVR.NS,upper,False,
2017-04-20,HINDUNILVR.NS,lower,False,
2017-04-20,INFY.NS,upper,False,
2017-04-20,INFY.NS,lower,False,
2017-04-20,SBIN.NS,upper,False,
2017-04-20,SBIN.NS,lower,False,
2017-04-20,TATAMOTORS.NS,upper,False,
2017-04-20,TATAMOTORS.NS,lower,False,
2017-04-21,HINDUNILVR.NS,upper,False,
2017-04-21,HINDUNILVR.NS,lower,False,
2017-04-21,INFY.NS,upper,False,
2017-04-21,INFY.NS,lower,False,
2017-04-21,SBIN.NS,upper,False,
2017-04-21,SBIN.NS,lower,False,
2017-04-21,TATAMOTORS.NS,upper,False,
2017-04-21,TATAMOTORS.NS,lower,False,
2017-04-24,HINDUNILVR.NS,upper,False,
2017-04-24,HINDUNILVR.NS,lower,False,
2017-04-24,INFY.NS,upper,False,
2017-04-24,INFY.NS,lower,False,
2017-04-24,SBIN.NS,upper,False,
2017-04-24,SBIN.NS,lower,False,
2017-04-24,TATAMOTORS.NS,upper,False,
2017-04-24,TATAMOTORS.NS,lower,False,
2017-04-25,HINDUNILVR.NS,upper,False,
2017-04-25,HINDUNILVR.NS,lower,False,
2017-04-25,INFY.NS,upper,False,
2017-04-25,INFY.NS,lower,False,
2017-04-25,SBIN.NS,upper,False,
2017-04-25,SBIN.NS,lower,False,
2017-04-25,TATAMOTORS.NS,upper,False,
2017-04-25,TATAMOTORS.NS,lower,False,
2017-04-26,HINDUNILVR.NS,upper,False,
2017-04-26,HINDUNILVR.NS,lower,False,
2017-04-26,INFY.NS,upper,False,
2017-04-26,INFY.NS,lower,False,
2017-04-26,SBIN.NS,upper,False,
2017-04-26,SBIN.NS,lower,False,
2017-04-26,TATAMOTORS.NS,upper,False,
2017-04-26,TATAMOTORS.NS,lower,False,
2017-04-27,HINDUNILVR.NS,upper,False,
2017-04-27,HINDUNILVR.NS,lower,False,
2017-04-27,INFY.NS,upper,False,
2017-04-27,INFY.NS,lower,False,
2017-04-27,SBIN.NS,upper,False,
2017-04-27,SBIN.NS,lower,False,
2017-04-27,TATAMOTORS.NS,upper,False,
2017-04-27,TATAMOTORS.NS,lower,False,
2017-04-28,HINDUNILVR.NS,upper,False,
2017-04-28,HINDUNILVR.NS,lower,False,
2017-04-28,INFY.NS,upper,False,
2017-04-28,INFY.NS,lower,False,
2017-04-28,SBIN.NS,upper,False,
2017-04-28,SBIN.NS,lower,False,
2017-04-28,TATAMOTORS.NS,upper,False,
2017-04-28,TATAMOTORS.NS,lower,False,
2017-05-02,HINDUNILVR.NS,upper,False,
2017-05-02,HINDUNILVR.NS,lower,False,
2017-05-02,INFY.NS,upper,False,
2017-05-02,INFY.NS,lower,False,
2017-05-02,SBIN.NS,upper,False,
2017-05-02,SBIN.NS,lower,False,
2017-05-02,TATAMOTORS.NS,upper,False,
2017-05-02,TATAMOTORS.NS,lower,False,
2017-05-03,HINDUNILVR.NS,upper,False,
2017-05-03,HINDUNILVR.NS,lower,False,
2017-05-03,INFY.NS,upper,False,
2017-05-03,INFY.NS,lower,False,
2017-05-03,SBIN.NS,upper,False,
2017-05-03,SBIN.NS,lower,False,
2017-05-03,TATAMOTORS.NS,upper,False,
2017-05-03,TATAMOTORS.NS,lower,False,
2017-05-04,HINDUNILVR.NS,upper,False,
2017-05-04,HINDUNILVR.NS,lower,False,
2017-05-04,INFY.NS,upper,False,
2017-05-04,INFY.NS,lower,False,
2017-05-04,SBIN.NS,upper,False,
2017-05-04,SBIN.NS,lower,False,
2017-05-04,TATAMOTORS.NS,upper,False,
2017-05-04,TATAMOTORS.NS,lower,False,
2017-05-05,HINDUNILVR.NS,upper,False,
2017-05-05,HINDUNILVR.NS,lower,False,
2017-05-05,INFY.NS,upper,False,
2017-05-05,INFY.NS,lower,False,
2017-05-05,SBIN.NS,upper,False,
2017-05-05,SBIN.NS,lower,False,
2017-05-05,TATAMOTORS.NS,upper,False,
2017-05-05,TATAMOTORS.NS,lower,False,
2017-05-08,HINDUNILVR.NS,upper,False,
2017-05-08,HINDUNILVR.NS,lower,False,
2017-05-08,INFY.NS,upper,False,
2017-05-08,INFY.NS,lower,False,
2017-05-08,SBIN.NS,upper,False,
2017-05-08,SBIN.NS,lower,False,
2017-05-08,TATAMOTORS.NS,upper,False,
2017-05-08,TATAMOTORS.NS,lower,False,
2017-05-09,HINDUNILVR.NS,upper,False,
2017-05-09,HINDUNILVR.NS,lower,False,
2017-05-09,INFY.NS,upper,False,
2017-05-09,INFY.NS,lower,False,
2017-05-09,SBIN.NS,upper,False,
2017-05-09,SBIN.NS,lower,False,
2017-05-09,TATAMOTORS.NS,upper,False,
2017-05-09,TATAMOTORS.NS,lower,False,
2017-05-10,HINDUNILVR.NS,upper,False,
2017-05-10,HINDUNILVR.NS,lower,False,
2017-05-10,INFY.NS,upper,False,
2017-05-10,INFY.NS,lower,False,
2017-05-10,SBIN.NS,upper,False,
2017-05-10,SBIN.NS,lower,False,
2017-05-10,TATAMOTORS.NS,upper,False,
2017-05-10,TATAMOTORS.NS,lower,False,
2017-05-11,HINDUNILVR.NS,upper,False,
2017-05-11,HINDUNILVR.NS,lower,False,
2017-05-11,INFY.NS,upper,False,
2017-05-11,INFY.NS,lower,False,
2017-05-11,SBIN.NS,upper,False,
2017-05-11,SBIN.NS,lower,False,
2017-05-11,TATAMOTORS.NS,upper,False,
2017-05-11,TATAMOTORS.NS,lower,False,
2017-05-12,HINDUNILVR.NS,upper,False,
2017-05-12,HINDUNILVR.NS,lower,False,
2017-05-12,INFY.NS,upper,False,
2017-05-12,INFY.NS,lower,False,
2017-05-12,SBIN.NS,upper,False,
2017-05-12,SBIN.NS,lower,False,
2017-05-12,TATAMOTORS.NS,upper,False,
2017-05-12,TATAMOTORS.NS,lower,False,
2017-05-15,HINDUNILVR.NS,upper,False,
2017-05-15,HINDUNILVR.NS,lower,False,
2017-05-15,INFY.NS,upper,False,
2017-05-15,INFY.NS,lower,False,
2017-05-15,SBIN.NS,upper,False,
2017-05-15,SBIN.NS,lower,False,
2017-05-15,TATAMOTORS.NS,upper,False,
2017-05-15,TATAMOTORS.NS,lower,False,
2017-05-16,HINDUNILVR.NS,upper,False,
2017-05-16,HINDUNILVR.NS,lower,False,
2017-05-16,INFY.NS,upper,False,
2017-05-16,INFY.NS,lower,False,
2017-05-16,SBIN.NS,upper,False,
2017-05-16,SBIN.NS,lower,False,
2017-05-16,TATAMOTORS.NS,upper,False,
2017-05-16,TATAMOTORS.NS,lower,False,
2017-05-17,HINDUNILVR.NS,upper,False,
2017-05-17,HINDUNILVR.NS,lower,False,
2017-05-17,INFY.NS,upper,False,
2017-05-17,INFY.NS,lower,False,
2017-05-17,SBIN.NS,upper,False,
2017-05-17,SBIN.NS,lower,False,
2017-05-17,TATAMOTORS.NS,upper,False,
2017-05-17,TATAMOTORS.NS,lower,False,
2017-05-18,HINDUNILVR.NS,upper,False,
2017-05-18,HINDUNILVR.NS,lower,False,
2017-05-18,INFY.NS,upper,False,
2017-05-18,INFY.NS,lower,False,
2017-05-18,SBIN.NS,upper,False,
2017-05-18,SBIN.NS,lower,False,
2017-05-18,TATAMOTORS.NS,upper,False,
2017-05-18,TATAMOTORS.NS,lower,False,
2017-05-19,HINDUNILVR.NS,upper,False,
2017-05-19,HINDUNILVR.NS,lower,False,
2017-05-19,INFY.NS,upper,False,
2017-05-19,INFY.NS,lower,False,
2017-05-19,SBIN.NS,upper,False,
2017-05-19,SBIN.NS,lower,False,
2017-05-19,TATAMOTORS.NS,upper,False,
2017-05-19,TATAMOTORS.NS,lower,False,
2017-05-22,HINDUNILVR.NS,upper,False,
2017-05-22,HINDUNILVR.NS,lower,False,
2017-05-22,INFY.NS,upper,False,
2017-05-22,INFY.NS,lower,False,
2017-05-22,SBIN.NS,upper,False,
2017-05-22,SBIN.NS,lower,False,
2017-05-22,TATAMOTORS.NS,upper,False,
2017-05-22,TATAMOTORS.NS,lower,False,
2017-05-23,HINDUNILVR.NS,upper,False,
2017-05-23,HINDUNILVR.NS,lower,False,
2017-05-23,INFY.NS,upper,False,
2017-05-23,INFY.NS,lower,False,
2017-05-23,SBIN.NS,upper,False,
2017-05-23,SBIN.NS,lower,False,
2017-05-23,TATAMOTORS.NS,upper,False,
2017-05-23,TATAMOTORS.NS,lower,False,
2017-05-24,HINDUNILVR.NS,upper,False,
2017-05-24,HINDUNILVR.NS,lower,False,
2017-05-24,INFY.NS,upper,False,
2017-05-24,INFY.NS,lower,False,
2017-05-24,SBIN.NS,upper,False,
2017-05-24,SBIN.NS,lower,False,
2017-05-24,TATAMOTORS.NS,upper,False,
2017-05-24,TATAMOTORS.NS,lower,False,
2017-05-25,HINDUNILVR.NS,upper,False,
2017-05-25,HINDUNILVR.NS,lower,False,
2017-05-25,INFY.NS,upper,False,
2017-05-25,INFY.NS,lower,False,
2017-05-25,SBIN.NS,upper,False,
2017-05-25,SBIN.NS,lower,False,
2017-05-25,TATAMOTORS.NS,upper,False,
2017-05-25,TATAMOTORS.NS,lower,False,
2017-05-26,HINDUNILVR.NS,upper,False,
2017-05-26,HINDUNILVR.NS,lower,False,
2017-05-26,INFY.NS,upper,False,
2017-05-26,INFY.NS,lower,False,
2017-05-26,SBIN.NS,upper,False,
2017-05-26,SBIN.NS,lower,False,
2017-05-26,TATAMOTORS.NS,upper,False,
2017-05-26,TATAMOTORS.NS,lower,False,
2017-05-29,HINDUNILVR.NS,upper,False,
2017-05-29,HINDUNILVR.NS,lower,False,
2017-05-29,INFY.NS,upper,False,
2017-05-29,INFY.NS,lower,False,
2017-05-29,SBIN.NS,upper,False,
2017-05-29,SBIN.NS,lower,False,
2017-05-29,TATAMOTORS.NS,upper,False,
2017-05-29,TATAMOTORS.NS,lower,False,
2017-05-30,HINDUNILVR.NS,upper,False,
2017-05-30,HINDUNILVR.NS,lower,False,
2017-05-30,INFY.NS,upper,False,
2017-05-30,INFY.NS,lower,False,
2017-05-30,SBIN.NS,upper,False,
2017-05-30,SBIN.NS,lower,False,
2017-05-30,TATAMOTORS.NS,upper,False,
2017-05-30,TATAMOTORS.NS,lower,False,
2017-05-31,HINDUNILVR.NS,upper,False,
2017-05-31,HINDUNILVR.NS,lower,False,
2017-05-31,INFY.NS,upper,False,
2017-05-31,INFY.NS,lower,False,
2017-05-31,SBIN.NS,upper,False,
2017-05-31,SBIN.NS,lower,False,
2017-05-31,TATAMOTORS.NS,upper,False,
2017-05-31,TATAMOTORS.NS,lower,False,
2017-06-01,HINDUNILVR.NS,upper,False,
2017-06-01,HINDUNILVR.NS,lower,False,
2017-06-01,INFY.NS,upper,False,
2017-06-01,INFY.NS,lower,False,
2017-06-01,SBIN.NS,upper,False,
2017-06-01,SBIN.NS,lower,False,
2017-06-01,TATAMOTORS.NS,upper,False,
2017-06-01,TATAMOTORS.NS,lower,False,
2017-06-02,HINDUNILVR.NS,upper,False,
2017-06-02,HINDUNILVR.NS,lower,False,
2017-06-02,INFY.NS,upper,False,
2017-06-02,INFY.NS,lower,False,
2017-06-02,SBIN.NS,upper,False,
2017-06-02,SBIN.NS,lower,False,
2017-06-02,TATAMOTORS.NS,upper,False,
2017-06-02,TATAMOTORS.NS,lower,False,
2017-06-05,HINDUNILVR.NS,upper,False,
2017-06-05,HINDUNILVR.NS,lower,False,
2017-06-05,INFY.NS,upper,False,
2017-06-05,INFY.NS,lower,False,
2017-06-05,SBIN.NS,upper,False,
2017-06-05,SBIN.NS,lower,False,
2017-06-05,TATAMOTORS.NS,upper,False,
2017-06-05,TATAMOTORS.NS,lower,False,
2017-06-06,HINDUNILVR.NS,upper,False,
2017-06-06,HINDUNILVR.NS,lower,False,
2017-06-06,INFY.NS,upper,False,
2017-06-06,INFY.NS,lower,False,
2017-06-06,SBIN.NS,upper,False,
2017-06-06,SBIN.NS,lower,False,
2017-06-06,TATAMOTORS.NS,upper,False,
2017-06-06,TATAMOTORS.NS,lower,False,
2017-06-07,HINDUNILVR.NS,upper,False,
2017-06-07,HINDUNILVR.NS,lower,False,
2017-06-07,INFY.NS,upper,False,
2017-06-07,INFY.NS,lower,False,
2017-06-07,SBIN.NS,upper,False,
2017-06-07,SBIN.NS,lower,False,
2017-06-07,TATAMOTORS.NS,upper,False,
2017-06-07,TATAMOTORS.NS,lower,False,
2017-06-08,HINDUNILVR.NS,upper,False,
2017-06-08,HINDUNILVR.NS,lower,False,
2017-06-08,INFY.NS,upper,False,
2017-06-08,INFY.NS,lower,False,
2017-06-08,SBIN.NS,upper,False,
2017-06-08,SBIN.NS,lower,False,
2017-06-08,TATAMOTORS.NS,upper,False,
2017-06-08,TATAMOTORS.NS,lower,False,
2017-06-09,HINDUNILVR.NS,upper,False,
2017-06-09,HINDUNILVR.NS,lower,False,
2017-06-09,INFY.NS,upper,False,
2017-06-09,INFY.NS,lower,False,
2017-06-09,SBIN.NS,upper,False,
2017-06-09,SBIN.NS,lower,False,
2017-06-09,TATAMOTORS.NS,upper,False,
2017-06-09,TATAMOTORS.NS,lower,False,
2017-06-12,HINDUNILVR.NS,upper,False,
2017-06-12,HINDUNILVR.NS,lower,False,
2017-06-12,INFY.NS,upper,False,
2017-06-12,INFY.NS,lower,False,
2017-06-12,SBIN.NS,upper,False,
2017-06-12,SBIN.NS,lower,False,
2017-06-12,TATAMOTORS.NS,upper,False,
2017-06-12,TATAMOTORS.NS,lower,False,
2017-06-13,HINDUNILVR.NS,upper,False,
2017-06-13,HINDUNILVR.NS,lower,False,
2017-06-13,INFY.NS,upper,False,
2017-06-13,INFY.NS,lower,False,
2017-06-13,SBIN.NS,upper,False,
2017-06-13,SBIN.NS,lower,False,
2017-06-13,TATAMOTORS.NS,upper,False,
2017-06-13,TATAMOTORS.NS,lower,False,
2017-06-14,HINDUNILVR.NS,upper,False,
2017-06-14,HINDUNILVR.NS,lower,False,
2017-06-14,INFY.NS,upper,False,
2017-06-14,INFY.NS,lower,False,
2017-06-14,SBIN.NS,upper,False,
2017-06-14,SBIN.NS,lower,False,
2017-06-14,TATAMOTORS.NS,upper,False,
2017-06-14,TATAMOTORS.NS,lower,False,
2017-06-15,HINDUNILVR.NS,upper,False,
2017-06-15,HINDUNILVR.NS,lower,False,
2017-06-15,INFY.NS,upper,False,
2017-06-15,INFY.NS,lower,False,
2017-06-15,SBIN.NS,upper,False,
2017-06-15,SBIN.NS,lower,False,
2017-06-15,TATAMOTORS.NS,upper,False,
2017-06-15,TATAMOTORS.NS,lower,False,
2017-06-16,HINDUNILVR.NS,upper,False,
2017-06-16,HINDUNILVR.NS,lower,False,
2017-06-16,INFY.NS,upper,False,
2017-06-16,INFY.NS,lower,False,
2017-06-16,SBIN.NS,upper,False,
2017-06-16,SBIN.NS,lower,False,
2017-06-16,TATAMOTORS.NS,upper,False,
2017-06-16,TATAMOTORS.NS,lower,False,
2017-06-19,HINDUNILVR.NS,upper,False,
2017-06-19,HINDUNILVR.NS,lower,False,
2017-06-19,INFY.NS,upper,False,
2017-06-19,INFY.NS,lower,False,
2017-06-19,SBIN.NS,upper,False,
2017-06-19,SBIN.NS,lower,False,
2017-06-19,TATAMOTORS.NS,upper,False,
2017-06-19,TATAMOTORS.NS,lower,False,
2017-06-20,HINDUNILVR.NS,upper,False,
2017-06-20,HINDUNILVR.NS,lower,False,
2017-06-20,INFY.NS,upper,False,
2017-06-20,INFY.NS,lower,False,
2017-06-20,SBIN.NS,upper,False,
2017-06-20,SBIN.NS,lower,False,
2017-06-20,TATAMOTORS.NS,upper,False,
2017-06-20,TATAMOTORS.NS,lower,False,
2017-06-21,HINDUNILVR.NS,upper,False,
2017-06-21,HINDUNILVR.NS,lower,False,
2017-06-21,INFY.NS,upper,False,
2017-06-21,INFY.NS,lower,False,
2017-06-21,SBIN.NS,upper,False,
2017-06-21,SBIN.NS,lower,False,
2017-06-21,TATAMOTORS.NS,upper,False,
2017-06-21,TATAMOTORS.NS,lower,False,
2017-06-22,HINDUNILVR.NS,upper,False,
2017-06-22,HINDUNILVR.NS,lower,False,
2017-06-22,INFY.NS,upper,False,
2017-06-22,INFY.NS,lower,False,
2017-06-22,SBIN.NS,upper,False,
2017-06-22,SBIN.NS,lower,False,
2017-06-22,TATAMOTORS.NS,upper,False,
2017-06-22,TATAMOTORS.NS,lower,False,
2017-06-23,HINDUNILVR.NS,upper,False,
2017-06-23,HINDUNILVR.NS,lower,False,
2017-06-23,INFY.NS,upper,False,
2017-06-23,INFY.NS,lower,False,
2017-06-23,SBIN.NS,upper,False,
2017-06-23,SBIN.NS,lower,False,
2017-06-23,TATAMOTORS.NS,upper,False,
2017-06-23,TATAMOTORS.NS,lower,False,
2017-06-27,HINDUNILVR.NS,upper,False,
2017-06-27,HINDUNILVR.NS,lower,False,
2017-06-27,INFY.NS,upper,False,
2017-06-27,INFY.NS,lower,False,
2017-06-27,SBIN.NS,upper,False,
2017-06-27,SBIN.NS,lower,False,
2017-06-27,TATAMOTORS.NS,upper,False,
2017-06-27,TATAMOTORS.NS,lower,False,
2017-06-28,HINDUNILVR.NS,upper,False,
2017-06-28,HINDUNILVR.NS,lower,False,
2017-06-28,INFY.NS,upper,False,
2017-06-28,INFY.NS,lower,False,
2017-06-28,SBIN.NS,upper,False,
2017-06-28,SBIN.NS,lower,False,
2017-06-28,TATAMOTORS.NS,upper,False,
2017-06-28,TATAMOTORS.NS,lower,False,
2017-06-29,HINDUNILVR.NS,upper,False,
2017-06-29,HINDUNILVR.NS,lower,False,
2017-06-29,INFY.NS,upper,False,
2017-06-29,INFY.NS,lower,False,
2017-06-29,SBIN.NS,upper,False,
2017-06-29,SBIN.NS,lower,False,
2017-06-29,TATAMOTORS.NS,upper,False,
2017-06-29,TATAMOTORS.NS,lower,False,
2017-06-30,HINDUNILVR.NS,upper,False,
2017-06-30,HINDUNILVR.NS,lower,False,
2017-06-30,INFY.NS,upper,False,
2017-06-30,INFY.NS,lower,False,
2017-06-30,SBIN.NS,upper,False,
2017-06-30,SBIN.NS,lower,False,
2017-06-30,TATAMOTORS.NS,upper,False,
2017-06-30,TATAMOTORS.NS,lower,False,
2017-07-03,HINDUNILVR.NS,upper,False,
2017-07-03,HINDUNILVR.NS,lower,False,
2017-07-03,INFY.NS,upper,False,
2017-07-03,INFY.NS,lower,False,
2017-07-03,SBIN.NS,upper,False,
2017-07-03,SBIN.NS,lower,False,
2017-07-03,TATAMOTORS.NS,upper,False,
2017-07-03,TATAMOTORS.NS,lower,False,
2017-07-04,HINDUNILVR.NS,upper,False,
2017-07-04,HINDUNILVR.NS,lower,False,
2017-07-04,INFY.NS,upper,False,
2017-07-04,INFY.NS,lower,False,
2017-07-04,SBIN.NS,upper,False,
2017-07-04,SBIN.NS,lower,False,
2017-07-04,TATAMOTORS.NS,upper,False,
2017-07-04,TATAMOTORS.NS,lower,False,
2017-07-05,HINDUNILVR.NS,upper,False,
2017-07-05,HINDUNILVR.NS,lower,False,
2017-07-05,INFY.NS,upper,False,
2017-07-05,INFY.NS,lower,False,
2017-07-05,SBIN.NS,upper,False,
2017-07-05,SBIN.NS,lower,False,
2017-07-05,TATAMOTORS.NS,upper,False,
2017-07-05,TATAMOTORS.NS,lower,False,
2017-07-06,HINDUNILVR.NS,upper,False,
2017-07-06,HINDUNILVR.NS,lower,False,
2017-07-06,INFY.NS,upper,False,
2017-07-06,INFY.NS,lower,False,
2017-07-06,SBIN.NS,upper,False,
2017-07-06,SBIN.NS,lower,False,
2017-07-06,TATAMOTORS.NS,upper,False,
2017-07-06,TATAMOTORS.NS,lower,False,
2017-07-07,HINDUNILVR.NS,upper,False,
2017-07-07,HINDUNILVR.NS,lower,False,
2017-07-07,INFY.NS,upper,False,
2017-07-07,INFY.NS,lower,False,
2017-07-07,SBIN.NS,upper,False,
2017-07-07,SBIN.NS,lower,False,
2017-07-07,TATAMOTORS.NS,upper,False,
2017-07-07,TATAMOTORS.NS,lower,False,
2017-07-10,HINDUNILVR.NS,upper,False,
2017-07-10,HINDUNILVR.NS,lower,False,
2017-07-10,INFY.NS,upper,False,
2017-07-10,INFY.NS,lower,False,
2017-07-10,SBIN.NS,upper,False,
2017-07-10,SBIN.NS,lower,False,
2017-07-10,TATAMOTORS.NS,upper,False,
2017-07-10,TATAMOTORS.NS,lower,False,
2017-07-11,HINDUNILVR.NS,upper,False,
2017-07-11,HINDUNILVR.NS,lower,False,
2017-07-11,INFY.NS,upper,False,
2017-07-11,INFY.NS,lower,False,
2017-07-11,SBIN.NS,upper,False,
2017-07-11,SBIN.NS,lower,False,
2017-07-11,TATAMOTORS.NS,upper,False,
2017-07-11,TATAMOTORS.NS,lower,False,
2017-07-12,HINDUNILVR.NS,upper,False,
2017-07-12,HINDUNILVR.NS,lower,False,
2017-07-12,INFY.NS,upper,False,
2017-07-12,INFY.NS,lower,False,
2017-07-12,SBIN.NS,upper,False,
2017-07-12,SBIN.NS,lower,False,
2017-07-12,TATAMOTORS.NS,upper,False,
2017-07-12,TATAMOTORS.NS,lower,False,
2017-07-13,HINDUNILVR.NS,upper,False,
2017-07-13,HINDUNILVR.NS,lower,False,
2017-07-13,INFY.NS,upper,False,
2017-07-13,INFY.NS,lower,False,
2017-07-13,SBIN.NS,upper,False,
2017-07-13,SBIN.NS,lower,False,
2017-07-13,TATAMOTORS.NS,upper,False,
2017-07-13,TATAMOTORS.NS,lower,False,
2017-07-14,HINDUNILVR.NS,upper,False,
2017-07-14,HINDUNILVR.NS,lower,False,
2017-07-14,INFY.NS,upper,False,
2017-07-14,INFY.NS,lower,False,
2017-07-14,SBIN.NS,upper,False,
2017-07-14,SBIN.NS,lower,False,
2017-07-14,TATAMOTORS.NS,upper,False,
2017-07-14,TATAMOTORS.NS,lower,False,
2017-07-17,HINDUNILVR.NS,upper,False,
2017-07-17,HINDUNILVR.NS,lower,False,
2017-07-17,INFY.NS,upper,False,
2017-07-17,INFY.NS,lower,False,
2017-07-17,SBIN.NS,upper,False,
2017-07-17,SBIN.NS,lower,False,
2017-07-17,TATAMOTORS.NS,upper,False,
2017-07-17,TATAMOTORS.NS,lower,False,
2017-07-18,HINDUNILVR.NS,upper,False,
2017-07-18,HINDUNILVR.NS,lower,False,
2017-07-18,INFY.NS,upper,False,
2017-07-18,INFY.NS,lower,False,
2017-07-18,SBIN.NS,upper,False,
2017-07-18,SBIN.NS,lower,False,
2017-07-18,TATAMOTORS.NS,upper,False,
2017-07-18,TATAMOTORS.NS,lower,False,
2017-07-19,HINDUNILVR.NS,upper,False,
2017-07-19,HINDUNILVR.NS,lower,False,
2017-07-19,INFY.NS,upper,False,
2017-07-19,INFY.NS,lower,False,
2017-07-19,SBIN.NS,upper,False,
2017-07-19,SBIN.NS,lower,False,
2017-07-19,TATAMOTORS.NS,upper,False,
2017-07-19,TATAMOTORS.NS,lower,False,
2017-07-20,HINDUNILVR.NS,upper,False,
2017-07-20,HINDUNILVR.NS,lower,False,
2017-07-20,INFY.NS,upper,False,
2017-07-20,INFY.NS,lower,False,
2017-07-20,SBIN.NS,upper,False,
2017-07-20,SBIN.NS,lower,False,
2017-07-20,TATAMOTORS.NS,upper,False,
2017-07-20,TATAMOTORS.NS,lower,False,
2017-07-21,HINDUNILVR.NS,upper,False,
2017-07-21,HINDUNILVR.NS,lower,False,
2017-07-21,INFY.NS,upper,False,
2017-07-21,INFY.NS,lower,False,
2017-07-21,SBIN.NS,upper,False,
2017-07-21,SBIN.NS,lower,False,
2017-07-21,TATAMOTORS.NS,upper,False,
2017-07-21,TATAMOTORS.NS,lower,False,
2017-07-24,HINDUNILVR.NS,upper,False,
2017-07-24,HINDUNILVR.NS,lower,False,
2017-07-24,INFY.NS,upper,False,
2017-07-24,INFY.NS,lower,False,
2017-07-24,SBIN.NS,upper,False,
2017-07-24,SBIN.NS,lower,False,
2017-07-24,TATAMOTORS.NS,upper,False,
2017-07-24,TATAMOTORS.NS,lower,False,
2017-07-25,HINDUNILVR.NS,upper,False,
2017-07-25,HINDUNILVR.NS,lower,False,
2017-07-25,INFY.NS,upper,False,
2017-07-25,INFY.NS,lower,False,
2017-07-25,SBIN.NS,upper,False,
2017-07-25,SBIN.NS,lower,False,
2017-07-25,TATAMOTORS.NS,upper,False,
2017-07-25,TATAMOTORS.NS,lower,False,
2017-07-26,HINDUNILVR.NS,upper,False,
2017-07-26,HINDUNILVR.NS,lower,False,
2017-07-26,INFY.NS,upper,False,
2017-07-26,INFY.NS,lower,False,
2017-07-26,SBIN.NS,upper,False,
2017-07-26,SBIN.NS,lower,False,
2017-07-26,TATAMOTORS.NS,upper,False,
2017-07-26,TATAMOTORS.NS,lower,False,
2017-07-27,HINDUNILVR.NS,upper,False,
2017-07-27,HINDUNILVR.NS,lower,False,
2017-07-27,INFY.NS,upper,False,
2017-07-27,INFY.NS,lower,False,
2017-07-27,SBIN.NS,upper,False,
2017-07-27,SBIN.NS,lower,False,
2017-07-27,TATAMOTORS.NS,upper,False,
2017-07-27,TATAMOTORS.NS,lower,False,
2017-07-28,HINDUNILVR.NS,upper,False,
2017-07-28,HINDUNILVR.NS,lower,False,
2017-07-28,INFY.NS,upper,False,
2017-07-28,INFY.NS,lower,False,
2017-07-28,SBIN.NS,upper,False,
2017-07-28,SBIN.NS,lower,False,
2017-07-28,TATAMOTORS.NS,upper,False,
2017-07-28,TATAMOTORS.NS,lower,False,
2017-07-31,HINDUNILVR.NS,upper,False,
2017-07-31,HINDUNILVR.NS,lower,False,
2017-07-31,INFY.NS,upper,False,
2017-07-31,INFY.NS,lower,False,
2017-07-31,SBIN.NS,upper,False,
2017-07-31,SBIN.NS,lower,False,
2017-07-31,TATAMOTORS.NS,upper,False,
2017-07-31,TATAMOTORS.NS,lower,False,
2017-08-01,HINDUNILVR.NS,upper,False,
2017-08-01,HINDUNILVR.NS,lower,False,
2017-08-01,INFY.NS,upper,False,
2017-08-01,INFY.NS,lower,False,
2017-08-01,SBIN.NS,upper,False,
2017-08-01,SBIN.NS,lower,False,
2017-08-01,TATAMOTORS.NS,upper,False,
2017-08-01,TATAMOTORS.NS,lower,False,
2017-08-02,HINDUNILVR.NS,upper,False,
2017-08-02,HINDUNILVR.NS,lower,False,
2017-08-02,INFY.NS,upper,False,
2017-08-02,INFY.NS,lower,False,
2017-08-02,SBIN.NS,upper,False,
2017-08-02,SBIN.NS,lower,False,
2017-08-02,TATAMOTORS.NS,upper,False,
2017-08-02,TATAMOTORS.NS,lower,False,
2017-08-03,HINDUNILVR.NS,upper,True,sparse
2017-08-03,HINDUNILVR.NS,lower,False,
2017-08-03,INFY.NS,upper,False,
2017-08-03,INFY.NS,lower,False,
2017-08-03,SBIN.NS,upper,False,
2017-08-03,SBIN.NS,lower,False,
2017-08-03,TATAMOTORS.NS,upper,False,
2017-08-03,TATAMOTORS.NS,lower,False,
2017-08-04,HINDUNILVR.NS,upper,True,sparse
2017-08-04,HINDUNILVR.NS,lower,False,
2017-08-04,INFY.NS,upper,False,
2017-08-04,INFY.NS,lower,False,
2017-08-04,SBIN.NS,upper,False,
2017-08-04,SBIN.NS,lower,False,
2017-08-04,TATAMOTORS.NS,upper,False,
2017-08-04,TATAMOTORS.NS,lower,False,
2017-08-07,HINDUNILVR.NS,upper,True,invalid
2017-08-07,HINDUNILVR.NS,lower,False,
2017-08-07,INFY.NS,upper,False,
2017-08-07,INFY.NS,lower,False,
2017-08-07,SBIN.NS,upper,False,
2017-08-07,SBIN.NS,lower,False,
2017-08-07,TATAMOTORS.NS,upper,False,
2017-08-07,TATAMOTORS.NS,lower,False,
2017-08-08,HINDUNILVR.NS,upper,True,invalid
2017-08-08,HINDUNILVR.NS,lower,False,
2017-08-08,INFY.NS,upper,False,
2017-08-08,INFY.NS,lower,False,
2017-08-08,SBIN.NS,upper,False,
2017-08-08,SBIN.NS,lower,False,
2017-08-08,TATAMOTORS.NS,upper,False,
2017-08-08,TATAMOTORS.NS,lower,False,
2017-08-09,HINDUNILVR.NS,upper,True,sparse
2017-08-09,HINDUNILVR.NS,lower,False,
2017-08-09,INFY.NS,upper,False,
2017-08-09,INFY.NS,lower,False,
2017-08-09,SBIN.NS,upper,False,
2017-08-09,SBIN.NS,lower,False,
2017-08-09,TATAMOTORS.NS,upper,False,
2017-08-09,TATAMOTORS.NS,lower,False,
2017-08-10,HINDUNILVR.NS,upper,True,sparse
2017-08-10,HINDUNILVR.NS,lower,False,
2017-08-10,INFY.NS,upper,False,
2017-08-10,INFY.NS,lower,False,
2017-08-10,SBIN.NS,upper,False,
2017-08-10,SBIN.NS,lower,False,
2017-08-10,TATAMOTORS.NS,upper,False,
2017-08-10,TATAMOTORS.NS,lower,False,
2017-08-11,HINDUNILVR.NS,upper,True,invalid
2017-08-11,HINDUNILVR.NS,lower,False,
2017-08-11,INFY.NS,upper,False,
2017-08-11,INFY.NS,lower,False,
2017-08-11,SBIN.NS,upper,False,
2017-08-11,SBIN.NS,lower,False,
2017-08-11,TATAMOTORS.NS,upper,False,
2017-08-11,TATAMOTORS.NS,lower,False,
2017-08-14,HINDUNILVR.NS,upper,True,invalid
2017-08-14,HINDUNILVR.NS,lower,False,
2017-08-14,INFY.NS,upper,False,
2017-08-14,INFY.NS,lower,False,
2017-08-14,SBIN.NS,upper,False,
2017-08-14,SBIN.NS,lower,False,
2017-08-14,TATAMOTORS.NS,upper,False,
2017-08-14,TATAMOTORS.NS,lower,False,
2017-08-16,HINDUNILVR.NS,upper,True,invalid
2017-08-16,HINDUNILVR.NS,lower,False,
2017-08-16,INFY.NS,upper,False,
2017-08-16,INFY.NS,lower,False,
2017-08-16,SBIN.NS,upper,False,
2017-08-16,SBIN.NS,lower,False,
2017-08-16,TATAMOTORS.NS,upper,False,
2017-08-16,TATAMOTORS.NS,lower,False,
2017-08-17,HINDUNILVR.NS,upper,True,invalid
2017-08-17,HINDUNILVR.NS,lower,False,
2017-08-17,INFY.NS,upper,False,
2017-08-17,INFY.NS,lower,False,
2017-08-17,SBIN.NS,upper,False,
2017-08-17,SBIN.NS,lower,False,
2017-08-17,TATAMOTORS.NS,upper,False,
2017-08-17,TATAMOTORS.NS,lower,False,
2017-08-18,HINDUNILVR.NS,upper,True,invalid
2017-08-18,HINDUNILVR.NS,lower,False,
2017-08-18,INFY.NS,upper,False,
2017-08-18,INFY.NS,lower,False,
2017-08-18,SBIN.NS,upper,False,
2017-08-18,SBIN.NS,lower,False,
2017-08-18,TATAMOTORS.NS,upper,False,
2017-08-18,TATAMOTORS.NS,lower,False,
2017-08-21,HINDUNILVR.NS,upper,True,sparse
2017-08-21,HINDUNILVR.NS,lower,False,
2017-08-21,INFY.NS,upper,False,
2017-08-21,INFY.NS,lower,False,
2017-08-21,SBIN.NS,upper,False,
2017-08-21,SBIN.NS,lower,False,
2017-08-21,TATAMOTORS.NS,upper,False,
2017-08-21,TATAMOTORS.NS,lower,False,
2017-08-22,HINDUNILVR.NS,upper,True,sparse
2017-08-22,HINDUNILVR.NS,lower,False,
2017-08-22,INFY.NS,upper,False,
2017-08-22,INFY.NS,lower,False,
2017-08-22,SBIN.NS,upper,False,
2017-08-22,SBIN.NS,lower,False,
2017-08-22,TATAMOTORS.NS,upper,False,
2017-08-22,TATAMOTORS.NS,lower,False,
2017-08-23,HINDUNILVR.NS,upper,True,sparse
2017-08-23,HINDUNILVR.NS,lower,False,
2017-08-23,INFY.NS,upper,False,
2017-08-23,INFY.NS,lower,False,
2017-08-23,SBIN.NS,upper,False,
2017-08-23,SBIN.NS,lower,False,
2017-08-23,TATAMOTORS.NS,upper,False,
2017-08-23,TATAMOTORS.NS,lower,False,
2017-08-24,HINDUNILVR.NS,upper,True,sparse
2017-08-24,HINDUNILVR.NS,lower,False,
2017-08-24,INFY.NS,upper,False,
2017-08-24,INFY.NS,lower,False,
2017-08-24,SBIN.NS,upper,False,
2017-08-24,SBIN.NS,lower,False,
2017-08-24,TATAMOTORS.NS,upper,False,
2017-08-24,TATAMOTORS.NS,lower,False,
2017-08-28,HINDUNILVR.NS,upper,True,sparse
2017-08-28,HINDUNILVR.NS,lower,False,
2017-08-28,INFY.NS,upper,False,
2017-08-28,INFY.NS,lower,False,
2017-08-28,SBIN.NS,upper,False,
2017-08-28,SBIN.NS,lower,False,
2017-08-28,TATAMOTORS.NS,upper,False,
2017-08-28,TATAMOTORS.NS,lower,False,
2017-08-29,HINDUNILVR.NS,upper,True,invalid
2017-08-29,HINDUNILVR.NS,lower,False,
2017-08-29,INFY.NS,upper,False,
2017-08-29,INFY.NS,lower,False,
2017-08-29,SBIN.NS,upper,False,
2017-08-29,SBIN.NS,lower,False,
2017-08-29,TATAMOTORS.NS,upper,False,
2017-08-29,TATAMOTORS.NS,lower,False,
2017-08-30,HINDUNILVR.NS,upper,True,sparse
2017-08-30,HINDUNILVR.NS,lower,False,
2017-08-30,INFY.NS,upper,False,
2017-08-30,INFY.NS,lower,False,
2017-08-30,SBIN.NS,upper,False,
2017-08-30,SBIN.NS,lower,False,
2017-08-30,TATAMOTORS.NS,upper,False,
2017-08-30,TATAMOTORS.NS,lower,False,
2017-08-31,HINDUNILVR.NS,upper,True,invalid
2017-08-31,HINDUNILVR.NS,lower,False,
2017-08-31,INFY.NS,upper,False,
2017-08-31,INFY.NS,lower,False,
2017-08-31,SBIN.NS,upper,False,
2017-08-31,SBIN.NS,lower,False,
2017-08-31,TATAMOTORS.NS,upper,False,
2017-08-31,TATAMOTORS.NS,lower,False,
2017-09-01,HINDUNILVR.NS,upper,False,
2017-09-01,HINDUNILVR.NS,lower,False,
2017-09-01,INFY.NS,upper,False,
2017-09-01,INFY.NS,lower,False,
2017-09-01,SBIN.NS,upper,False,
2017-09-01,SBIN.NS,lower,False,
2017-09-01,TATAMOTORS.NS,upper,False,
2017-09-01,TATAMOTORS.NS,lower,False,
2017-09-04,HINDUNILVR.NS,upper,True,sparse
2017-09-04,HINDUNILVR.NS,lower,False,
2017-09-04,INFY.NS,upper,False,
2017-09-04,INFY.NS,lower,False,
2017-09-04,SBIN.NS,upper,False,
2017-09-04,SBIN.NS,lower,False,
2017-09-04,TATAMOTORS.NS,upper,False,
2017-09-04,TATAMOTORS.NS,lower,False,
2017-09-05,HINDUNILVR.NS,upper,True,sparse
2017-09-05,HINDUNILVR.NS,lower,False,
2017-09-05,INFY.NS,upper,False,
2017-09-05,INFY.NS,lower,False,
2017-09-05,SBIN.NS,upper,False,
2017-09-05,SBIN.NS,lower,False,
2017-09-05,TATAMOTORS.NS,upper,False,
2017-09-05,TATAMOTORS.NS,lower,False,
2017-09-06,HINDUNILVR.NS,upper,True,sparse
2017-09-06,HINDUNILVR.NS,lower,False,
2017-09-06,INFY.NS,upper,False,
2017-09-06,INFY.NS,lower,False,
2017-09-06,SBIN.NS,upper,False,
2017-09-06,SBIN.NS,lower,False,
2017-09-06,TATAMOTORS.NS,upper,False,
2017-09-06,TATAMOTORS.NS,lower,False,
2017-09-07,HINDUNILVR.NS,upper,True,sparse
2017-09-07,HINDUNILVR.NS,lower,False,
2017-09-07,INFY.NS,upper,False,
2017-09-07,INFY.NS,lower,False,
2017-09-07,SBIN.NS,upper,False,
2017-09-07,SBIN.NS,lower,False,
2017-09-07,TATAMOTORS.NS,upper,False,
2017-09-07,TATAMOTORS.NS,lower,False,
2017-09-08,HINDUNILVR.NS,upper,True,sparse
2017-09-08,HINDUNILVR.NS,lower,False,
2017-09-08,INFY.NS,upper,False,
2017-09-08,INFY.NS,lower,False,
2017-09-08,SBIN.NS,upper,False,
2017-09-08,SBIN.NS,lower,False,
2017-09-08,TATAMOTORS.NS,upper,False,
2017-09-08,TATAMOTORS.NS,lower,False,
2017-09-11,HINDUNILVR.NS,upper,True,sparse
2017-09-11,HINDUNILVR.NS,lower,False,
2017-09-11,INFY.NS,upper,False,
2017-09-11,INFY.NS,lower,False,
2017-09-11,SBIN.NS,upper,False,
2017-09-11,SBIN.NS,lower,False,
2017-09-11,TATAMOTORS.NS,upper,False,
2017-09-11,TATAMOTORS.NS,lower,False,
2017-09-12,HINDUNILVR.NS,upper,True,sparse
2017-09-12,HINDUNILVR.NS,lower,False,
2017-09-12,INFY.NS,upper,False,
2017-09-12,INFY.NS,lower,False,
2017-09-12,SBIN.NS,upper,False,
2017-09-12,SBIN.NS,lower,False,
2017-09-12,TATAMOTORS.NS,upper,False,
2017-09-12,TATAMOTORS.NS,lower,False,
2017-09-13,HINDUNILVR.NS,upper,False,
2017-09-13,HINDUNILVR.NS,lower,False,
2017-09-13,INFY.NS,upper,False,
2017-09-13,INFY.NS,lower,False,
2017-09-13,SBIN.NS,upper,False,
2017-09-13,SBIN.NS,lower,False,
2017-09-13,TATAMOTORS.NS,upper,False,
2017-09-13,TATAMOTORS.NS,lower,False,
2017-09-14,HINDUNILVR.NS,upper,False,
2017-09-14,HINDUNILVR.NS,lower,False,
2017-09-14,INFY.NS,upper,False,
2017-09-14,INFY.NS,lower,False,
2017-09-14,SBIN.NS,upper,False,
2017-09-14,SBIN.NS,lower,False,
2017-09-14,TATAMOTORS.NS,upper,False,
2017-09-14,TATAMOTORS.NS,lower,False,
2017-09-15,HINDUNILVR.NS,upper,True,sparse
2017-09-15,HINDUNILVR.NS,lower,False,
2017-09-15,INFY.NS,upper,False,
2017-09-15,INFY.NS,lower,False,
2017-09-15,SBIN.NS,upper,False,
2017-09-15,SBIN.NS,lower,False,
2017-09-15,TATAMOTORS.NS,upper,False,
2017-09-15,TATAMOTORS.NS,lower,False,
2017-09-18,HINDUNILVR.NS,upper,True,sparse
2017-09-18,HINDUNILVR.NS,lower,False,
2017-09-18,INFY.NS,upper,False,
2017-09-18,INFY.NS,lower,False,
2017-09-18,SBIN.NS,upper,False,
2017-09-18,SBIN.NS,lower,False,
2017-09-18,TATAMOTORS.NS,upper,False,
2017-09-18,TATAMOTORS.NS,lower,False,
2017-09-19,HINDUNILVR.NS,upper,False,
2017-09-19,HINDUNILVR.NS,lower,False,
2017-09-19,INFY.NS,upper,False,
2017-09-19,INFY.NS,lower,False,
2017-09-19,SBIN.NS,upper,False,
2017-09-19,SBIN.NS,lower,False,
2017-09-19,TATAMOTORS.NS,upper,False,
2017-09-19,TATAMOTORS.NS,lower,False,
2017-09-20,HINDUNILVR.NS,upper,False,
2017-09-20,HINDUNILVR.NS,lower,False,
2017-09-20,INFY.NS,upper,False,
2017-09-20,INFY.NS,lower,False,
2017-09-20,SBIN.NS,upper,False,
2017-09-20,SBIN.NS,lower,False,
2017-09-20,TATAMOTORS.NS,upper,False,
2017-09-20,TATAMOTORS.NS,lower,False,
2017-09-21,HINDUNILVR.NS,upper,False,
2017-09-21,HINDUNILVR.NS,lower,False,
2017-09-21,INFY.NS,upper,False,
2017-09-21,INFY.NS,lower,False,
2017-09-21,SBIN.NS,upper,False,
2017-09-21,SBIN.NS,lower,False,
2017-09-21,TATAMOTORS.NS,upper,False,
2017-09-21,TATAMOTORS.NS,lower,True,sparse
2017-09-22,HINDUNILVR.NS,upper,False,
2017-09-22,HINDUNILVR.NS,lower,False,
2017-09-22,INFY.NS,upper,False,
2017-09-22,INFY.NS,lower,False,
2017-09-22,SBIN.NS,upper,False,
2017-09-22,SBIN.NS,lower,False,
2017-09-22,TATAMOTORS.NS,upper,False,
2017-09-22,TATAMOTORS.NS,lower,False,
2017-09-25,HINDUNILVR.NS,upper,False,
2017-09-25,HINDUNILVR.NS,lower,False,
2017-09-25,INFY.NS,upper,False,
2017-09-25,INFY.NS,lower,False,
2017-09-25,SBIN.NS,upper,False,
2017-09-25,SBIN.NS,lower,False,
2017-09-25,TATAMOTORS.NS,upper,False,
2017-09-25,TATAMOTORS.NS,lower,True,sparse
2017-09-26,HINDUNILVR.NS,upper,False,
2017-09-26,HINDUNILVR.NS,lower,False,
2017-09-26,INFY.NS,upper,False,
2017-09-26,INFY.NS,lower,False,
2017-09-26,SBIN.NS,upper,False,
2017-09-26,SBIN.NS,lower,False,
2017-09-26,TATAMOTORS.NS,upper,False,
2017-09-26,TATAMOTORS.NS,lower,False,
2017-09-27,HINDUNILVR.NS,upper,False,
2017-09-27,HINDUNILVR.NS,lower,False,
2017-09-27,INFY.NS,upper,False,
2017-09-27,INFY.NS,lower,False,
2017-09-27,SBIN.NS,upper,False,
2017-09-27,SBIN.NS,lower,False,
2017-09-27,TATAMOTORS.NS,upper,False,
2017-09-27,TATAMOTORS.NS,lower,False,
2017-09-28,HINDUNILVR.NS,upper,False,
2017-09-28,HINDUNILVR.NS,lower,False,
2017-09-28,INFY.NS,upper,False,
2017-09-28,INFY.NS,lower,False,
2017-09-28,SBIN.NS,upper,False,
2017-09-28,SBIN.NS,lower,False,
2017-09-28,TATAMOTORS.NS,upper,False,
2017-09-28,TATAMOTORS.NS,lower,False,
2017-09-29,HINDUNILVR.NS,upper,False,
2017-09-29,HINDUNILVR.NS,lower,False,
2017-09-29,INFY.NS,upper,False,
2017-09-29,INFY.NS,lower,False,
2017-09-29,SBIN.NS,upper,False,
2017-09-29,SBIN.NS,lower,False,
2017-09-29,TATAMOTORS.NS,upper,False,
2017-09-29,TATAMOTORS.NS,lower,False,
2017-10-03,HINDUNILVR.NS,upper,False,
2017-10-03,HINDUNILVR.NS,lower,False,
2017-10-03,INFY.NS,upper,False,
2017-10-03,INFY.NS,lower,False,
2017-10-03,SBIN.NS,upper,False,
2017-10-03,SBIN.NS,lower,False,
2017-10-03,TATAMOTORS.NS,upper,False,
2017-10-03,TATAMOTORS.NS,lower,False,
2017-10-04,HINDUNILVR.NS,upper,False,
2017-10-04,HINDUNILVR.NS,lower,False,
2017-10-04,INFY.NS,upper,False,
2017-10-04,INFY.NS,lower,False,
2017-10-04,SBIN.NS,upper,False,
2017-10-04,SBIN.NS,lower,False,
2017-10-04,TATAMOTORS.NS,upper,False,
2017-10-04,TATAMOTORS.NS,lower,False,
2017-10-05,HINDUNILVR.NS,upper,True,sparse
2017-10-05,HINDUNILVR.NS,lower,False,
2017-10-05,INFY.NS,upper,False,
2017-10-05,INFY.NS,lower,False,
2017-10-05,SBIN.NS,upper,False,
2017-10-05,SBIN.NS,lower,False,
2017-10-05,TATAMOTORS.NS,upper,False,
2017-10-05,TATAMOTORS.NS,lower,False,
2017-10-06,HINDUNILVR.NS,upper,True,sparse
2017-10-06,HINDUNILVR.NS,lower,False,
2017-10-06,INFY.NS,upper,False,
2017-10-06,INFY.NS,lower,False,
2017-10-06,SBIN.NS,upper,False,
2017-10-06,SBIN.NS,lower,False,
2017-10-06,TATAMOTORS.NS,upper,False,
2017-10-06,TATAMOTORS.NS,lower,False,
2017-10-09,HINDUNILVR.NS,upper,True,invalid
2017-10-09,HINDUNILVR.NS,lower,False,
2017-10-09,INFY.NS,upper,False,
2017-10-09,INFY.NS,lower,False,
2017-10-09,SBIN.NS,upper,False,
2017-10-09,SBIN.NS,lower,False,
2017-10-09,TATAMOTORS.NS,upper,False,
2017-10-09,TATAMOTORS.NS,lower,False,
2017-10-10,HINDUNILVR.NS,upper,True,sparse
2017-10-10,HINDUNILVR.NS,lower,False,
2017-10-10,INFY.NS,upper,False,
2017-10-10,INFY.NS,lower,False,
2017-10-10,SBIN.NS,upper,False,
2017-10-10,SBIN.NS,lower,False,
2017-10-10,TATAMOTORS.NS,upper,False,
2017-10-10,TATAMOTORS.NS,lower,False,
2017-10-11,HINDUNILVR.NS,upper,True,sparse
2017-10-11,HINDUNILVR.NS,lower,False,
2017-10-11,INFY.NS,upper,False,
2017-10-11,INFY.NS,lower,False,
2017-10-11,SBIN.NS,upper,False,
2017-10-11,SBIN.NS,lower,False,
2017-10-11,TATAMOTORS.NS,upper,False,
2017-10-11,TATAMOTORS.NS,lower,False,
2017-10-12,HINDUNILVR.NS,upper,True,sparse
2017-10-12,HINDUNILVR.NS,lower,False,
2017-10-12,INFY.NS,upper,False,
2017-10-12,INFY.NS,lower,False,
2017-10-12,SBIN.NS,upper,False,
2017-10-12,SBIN.NS,lower,False,
2017-10-12,TATAMOTORS.NS,upper,False,
2017-10-12,TATAMOTORS.NS,lower,False,
2017-10-13,HINDUNILVR.NS,upper,False,
2017-10-13,HINDUNILVR.NS,lower,False,
2017-10-13,INFY.NS,upper,False,
2017-10-13,INFY.NS,lower,False,
2017-10-13,SBIN.NS,upper,False,
2017-10-13,SBIN.NS,lower,False,
2017-10-13,TATAMOTORS.NS,upper,False,
2017-10-13,TATAMOTORS.NS,lower,False,
2017-10-16,HINDUNILVR.NS,upper,True,sparse
2017-10-16,HINDUNILVR.NS,lower,False,
2017-10-16,INFY.NS,upper,False,
2017-10-16,INFY.NS,lower,False,
2017-10-16,SBIN.NS,upper,False,
2017-10-16,SBIN.NS,lower,False,
2017-10-16,TATAMOTORS.NS,upper,False,
2017-10-16,TATAMOTORS.NS,lower,False,
2017-10-17,HINDUNILVR.NS,upper,True,sparse
2017-10-17,HINDUNILVR.NS,lower,False,
2017-10-17,INFY.NS,upper,False,
2017-10-17,INFY.NS,lower,False,
2017-10-17,SBIN.NS,upper,False,
2017-10-17,SBIN.NS,lower,False,
2017-10-17,TATAMOTORS.NS,upper,False,
2017-10-17,TATAMOTORS.NS,lower,False,
2017-10-18,HINDUNILVR.NS,upper,True,invalid
2017-10-18,HINDUNILVR.NS,lower,False,
2017-10-18,INFY.NS,upper,False,
2017-10-18,INFY.NS,lower,False,
2017-10-18,SBIN.NS,upper,False,
2017-10-18,SBIN.NS,lower,False,
2017-10-18,TATAMOTORS.NS,upper,False,
2017-10-18,TATAMOTORS.NS,lower,False,
2017-10-19,HINDUNILVR.NS,upper,True,sparse
2017-10-19,HINDUNILVR.NS,lower,False,
2017-10-19,INFY.NS,upper,False,
2017-10-19,INFY.NS,lower,False,
2017-10-19,SBIN.NS,upper,False,
2017-10-19,SBIN.NS,lower,False,
2017-10-19,TATAMOTORS.NS,upper,False,
2017-10-19,TATAMOTORS.NS,lower,False,
2017-10-23,HINDUNILVR.NS,upper,True,invalid
2017-10-23,HINDUNILVR.NS,lower,False,
2017-10-23,INFY.NS,upper,False,
2017-10-23,INFY.NS,lower,False,
2017-10-23,SBIN.NS,upper,False,
2017-10-23,SBIN.NS,lower,False,
2017-10-23,TATAMOTORS.NS,upper,False,
2017-10-23,TATAMOTORS.NS,lower,False,
2017-10-24,HINDUNILVR.NS,upper,True,invalid
2017-10-24,HINDUNILVR.NS,lower,False,
2017-10-24,INFY.NS,upper,False,
2017-10-24,INFY.NS,lower,False,
2017-10-24,SBIN.NS,upper,False,
2017-10-24,SBIN.NS,lower,False,
2017-10-24,TATAMOTORS.NS,upper,False,
2017-10-24,TATAMOTORS.NS,lower,False,
2017-10-25,HINDUNILVR.NS,upper,True,invalid
2017-10-25,HINDUNILVR.NS,lower,False,
2017-10-25,INFY.NS,upper,False,
2017-10-25,INFY.NS,lower,False,
2017-10-25,SBIN.NS,upper,False,
2017-10-25,SBIN.NS,lower,False,
2017-10-25,TATAMOTORS.NS,upper,False,
2017-10-25,TATAMOTORS.NS,lower,False,
2017-10-26,HINDUNILVR.NS,upper,True,invalid
2017-10-26,HINDUNILVR.NS,lower,False,
2017-10-26,INFY.NS,upper,False,
2017-10-26,INFY.NS,lower,False,
2017-10-26,SBIN.NS,upper,False,
2017-10-26,SBIN.NS,lower,False,
2017-10-26,TATAMOTORS.NS,upper,False,
2017-10-26,TATAMOTORS.NS,lower,False,
2017-10-27,HINDUNILVR.NS,upper,True,sparse
2017-10-27,HINDUNILVR.NS,lower,False,
2017-10-27,INFY.NS,upper,False,
2017-10-27,INFY.NS,lower,False,
2017-10-27,SBIN.NS,upper,False,
2017-10-27,SBIN.NS,lower,False,
2017-10-27,TATAMOTORS.NS,upper,False,
2017-10-27,TATAMOTORS.NS,lower,True,sparse
2017-10-30,HINDUNILVR.NS,upper,True,sparse
2017-10-30,HINDUNILVR.NS,lower,False,
2017-10-30,INFY.NS,upper,False,
2017-10-30,INFY.NS,lower,False,
2017-10-30,SBIN.NS,upper,False,
2017-10-30,SBIN.NS,lower,False,
2017-10-30,TATAMOTORS.NS,upper,False,
2017-10-30,TATAMOTORS.NS,lower,False,
2017-10-31,HINDUNILVR.NS,upper,True,sparse
2017-10-31,HINDUNILVR.NS,lower,False,
2017-10-31,INFY.NS,upper,False,
2017-10-31,INFY.NS,lower,False,
2017-10-31,SBIN.NS,upper,False,
2017-10-31,SBIN.NS,lower,False,
2017-10-31,TATAMOTORS.NS,upper,False,
2017-10-31,TATAMOTORS.NS,lower,False,
2017-11-01,HINDUNILVR.NS,upper,True,sparse
2017-11-01,HINDUNILVR.NS,lower,False,
2017-11-01,INFY.NS,upper,False,
2017-11-01,INFY.NS,lower,False,
2017-11-01,SBIN.NS,upper,False,
2017-11-01,SBIN.NS,lower,False,
2017-11-01,TATAMOTORS.NS,upper,False,
2017-11-01,TATAMOTORS.NS,lower,False,
2017-11-02,HINDUNILVR.NS,upper,True,invalid
2017-11-02,HINDUNILVR.NS,lower,False,
2017-11-02,INFY.NS,upper,False,
2017-11-02,INFY.NS,lower,False,
2017-11-02,SBIN.NS,upper,False,
2017-11-02,SBIN.NS,lower,False,
2017-11-02,TATAMOTORS.NS,upper,False,
2017-11-02,TATAMOTORS.NS,lower,False,
2017-11-03,HINDUNILVR.NS,upper,True,sparse
2017-11-03,HINDUNILVR.NS,lower,False,
2017-11-03,INFY.NS,upper,False,
2017-11-03,INFY.NS,lower,False,
2017-11-03,SBIN.NS,upper,False,
2017-11-03,SBIN.NS,lower,False,
2017-11-03,TATAMOTORS.NS,upper,False,
2017-11-03,TATAMOTORS.NS,lower,True,sparse
2017-11-06,HINDUNILVR.NS,upper,True,sparse
2017-11-06,HINDUNILVR.NS,lower,False,
2017-11-06,INFY.NS,upper,False,
2017-11-06,INFY.NS,lower,False,
2017-11-06,SBIN.NS,upper,False,
2017-11-06,SBIN.NS,lower,False,
2017-11-06,TATAMOTORS.NS,upper,False,
2017-11-06,TATAMOTORS.NS,lower,False,
2017-11-07,HINDUNILVR.NS,upper,True,sparse
2017-11-07,HINDUNILVR.NS,lower,False,
2017-11-07,INFY.NS,upper,False,
2017-11-07,INFY.NS,lower,False,
2017-11-07,SBIN.NS,upper,False,
2017-11-07,SBIN.NS,lower,False,
2017-11-07,TATAMOTORS.NS,upper,False,
2017-11-07,TATAMOTORS.NS,lower,False,
2017-11-08,HINDUNILVR.NS,upper,True,sparse
2017-11-08,HINDUNILVR.NS,lower,False,
2017-11-08,INFY.NS,upper,False,
2017-11-08,INFY.NS,lower,False,
2017-11-08,SBIN.NS,upper,False,
2017-11-08,SBIN.NS,lower,False,
2017-11-08,TATAMOTORS.NS,upper,False,
2017-11-08,TATAMOTORS.NS,lower,False,
2017-11-09,HINDUNILVR.NS,upper,True,sparse
2017-11-09,HINDUNILVR.NS,lower,False,
2017-11-09,INFY.NS,upper,False,
2017-11-09,INFY.NS,lower,False,
2017-11-09,SBIN.NS,upper,False,
2017-11-09,SBIN.NS,lower,False,
2017-11-09,TATAMOTORS.NS,upper,False,
2017-11-09,TATAMOTORS.NS,lower,False,
2017-11-10,HINDUNILVR.NS,upper,True,sparse
2017-11-10,HINDUNILVR.NS,lower,False,
2017-11-10,INFY.NS,upper,False,
2017-11-10,INFY.NS,lower,False,
2017-11-10,SBIN.NS,upper,False,
2017-11-10,SBIN.NS,lower,False,
2017-11-10,TATAMOTORS.NS,upper,False,
2017-11-10,TATAMOTORS.NS,lower,False,
2017-11-13,HINDUNILVR.NS,upper,False,
2017-11-13,HINDUNILVR.NS,lower,False,
2017-11-13,INFY.NS,upper,False,
2017-11-13,INFY.NS,lower,False,
2017-11-13,SBIN.NS,upper,False,
2017-11-13,SBIN.NS,lower,False,
2017-11-13,TATAMOTORS.NS,upper,False,
2017-11-13,TATAMOTORS.NS,lower,False,
2017-11-14,HINDUNILVR.NS,upper,False,
2017-11-14,HINDUNILVR.NS,lower,False,
2017-11-14,INFY.NS,upper,False,
2017-11-14,INFY.NS,lower,False,
2017-11-14,SBIN.NS,upper,False,
2017-11-14,SBIN.NS,lower,False,
2017-11-14,TATAMOTORS.NS,upper,False,
2017-11-14,TATAMOTORS.NS,lower,False,
2017-11-15,HINDUNILVR.NS,upper,False,
2017-11-15,HINDUNILVR.NS,lower,False,
2017-11-15,INFY.NS,upper,False,
2017-11-15,INFY.NS,lower,False,
2017-11-15,SBIN.NS,upper,False,
2017-11-15,SBIN.NS,lower,False,
2017-11-15,TATAMOTORS.NS,upper,False,
2017-11-15,TATAMOTORS.NS,lower,False,
2017-11-16,HINDUNILVR.NS,upper,False,
2017-11-16,HINDUNILVR.NS,lower,False,
2017-11-16,INFY.NS,upper,False,
2017-11-16,INFY.NS,lower,False,
2017-11-16,SBIN.NS,upper,False,
2017-11-16,SBIN.NS,lower,False,
2017-11-16,TATAMOTORS.NS,upper,False,
2017-11-16,TATAMOTORS.NS,lower,False,
2017-11-17,HINDUNILVR.NS,upper,False,
2017-11-17,HINDUNILVR.NS,lower,False,
2017-11-17,INFY.NS,upper,False,
2017-11-17,INFY.NS,lower,False,
2017-11-17,SBIN.NS,upper,False,
2017-11-17,SBIN.NS,lower,False,
2017-11-17,TATAMOTORS.NS,upper,False,
2017-11-17,TATAMOTORS.NS,lower,False,
2017-11-20,HINDUNILVR.NS,upper,False,
2017-11-20,HINDUNILVR.NS,lower,False,
2017-11-20,INFY.NS,upper,False,
2017-11-20,INFY.NS,lower,False,
2017-11-20,SBIN.NS,upper,False,
2017-11-20,SBIN.NS,lower,False,
2017-11-20,TATAMOTORS.NS,upper,False,
2017-11-20,TATAMOTORS.NS,lower,False,
2017-11-21,HINDUNILVR.NS,upper,False,
2017-11-21,HINDUNILVR.NS,lower,False,
2017-11-21,INFY.NS,upper,False,
2017-11-21,INFY.NS,lower,False,
2017-11-21,SBIN.NS,upper,False,
2017-11-21,SBIN.NS,lower,False,
2017-11-21,TATAMOTORS.NS,upper,False,
2017-11-21,TATAMOTORS.NS,lower,False,
2017-11-22,HINDUNILVR.NS,upper,True,sparse
2017-11-22,HINDUNILVR.NS,lower,False,
2017-11-22,INFY.NS,upper,False,
2017-11-22,INFY.NS,lower,False,
2017-11-22,SBIN.NS,upper,False,
2017-11-22,SBIN.NS,lower,False,
2017-11-22,TATAMOTORS.NS,upper,False,
2017-11-22,TATAMOTORS.NS,lower,False,
2017-11-23,HINDUNILVR.NS,upper,True,invalid
2017-11-23,HINDUNILVR.NS,lower,False,
2017-11-23,INFY.NS,upper,False,
2017-11-23,INFY.NS,lower,False,
2017-11-23,SBIN.NS,upper,False,
2017-11-23,SBIN.NS,lower,False,
2017-11-23,TATAMOTORS.NS,upper,False,
2017-11-23,TATAMOTORS.NS,lower,False,
2017-11-24,HINDUNILVR.NS,upper,True,invalid
2017-11-24,HINDUNILVR.NS,lower,False,
2017-11-24,INFY.NS,upper,False,
2017-11-24,INFY.NS,lower,False,
2017-11-24,SBIN.NS,upper,False,
2017-11-24,SBIN.NS,lower,False,
2017-11-24,TATAMOTORS.NS,upper,False,
2017-11-24,TATAMOTORS.NS,lower,False,
2017-11-27,HINDUNILVR.NS,upper,True,invalid
2017-11-27,HINDUNILVR.NS,lower,False,
2017-11-27,INFY.NS,upper,False,
2017-11-27,INFY.NS,lower,False,
2017-11-27,SBIN.NS,upper,False,
2017-11-27,SBIN.NS,lower,False,
2017-11-27,TATAMOTORS.NS,upper,False,
2017-11-27,TATAMOTORS.NS,lower,False,
2017-11-28,HINDUNILVR.NS,upper,True,invalid
2017-11-28,HINDUNILVR.NS,lower,False,
2017-11-28,INFY.NS,upper,False,
2017-11-28,INFY.NS,lower,False,
2017-11-28,SBIN.NS,upper,False,
2017-11-28,SBIN.NS,lower,False,
2017-11-28,TATAMOTORS.NS,upper,False,
2017-11-28,TATAMOTORS.NS,lower,False,
2017-11-29,HINDUNILVR.NS,upper,True,invalid
2017-11-29,HINDUNILVR.NS,lower,False,
2017-11-29,INFY.NS,upper,False,
2017-11-29,INFY.NS,lower,False,
2017-11-29,SBIN.NS,upper,False,
2017-11-29,SBIN.NS,lower,False,
2017-11-29,TATAMOTORS.NS,upper,False,
2017-11-29,TATAMOTORS.NS,lower,False,
2017-11-30,HINDUNILVR.NS,upper,True,invalid
2017-11-30,HINDUNILVR.NS,lower,False,
2017-11-30,INFY.NS,upper,False,
2017-11-30,INFY.NS,lower,False,
2017-11-30,SBIN.NS,upper,False,
2017-11-30,SBIN.NS,lower,False,
2017-11-30,TATAMOTORS.NS,upper,False,
2017-11-30,TATAMOTORS.NS,lower,False,
2017-12-01,HINDUNILVR.NS,upper,True,invalid
2017-12-01,HINDUNILVR.NS,lower,False,
2017-12-01,INFY.NS,upper,False,
2017-12-01,INFY.NS,lower,False,
2017-12-01,SBIN.NS,upper,False,
2017-12-01,SBIN.NS,lower,False,
2017-12-01,TATAMOTORS.NS,upper,False,
2017-12-01,TATAMOTORS.NS,lower,False,
2017-12-04,HINDUNILVR.NS,upper,True,invalid
2017-12-04,HINDUNILVR.NS,lower,False,
2017-12-04,INFY.NS,upper,False,
2017-12-04,INFY.NS,lower,False,
2017-12-04,SBIN.NS,upper,False,
2017-12-04,SBIN.NS,lower,False,
2017-12-04,TATAMOTORS.NS,upper,False,
2017-12-04,TATAMOTORS.NS,lower,False,
2017-12-05,HINDUNILVR.NS,upper,True,invalid
2017-12-05,HINDUNILVR.NS,lower,False,
2017-12-05,INFY.NS,upper,False,
2017-12-05,INFY.NS,lower,False,
2017-12-05,SBIN.NS,upper,False,
2017-12-05,SBIN.NS,lower,False,
2017-12-05,TATAMOTORS.NS,upper,False,
2017-12-05,TATAMOTORS.NS,lower,True,sparse
2017-12-06,HINDUNILVR.NS,upper,True,invalid
2017-12-06,HINDUNILVR.NS,lower,False,
2017-12-06,INFY.NS,upper,False,
2017-12-06,INFY.NS,lower,False,
2017-12-06,SBIN.NS,upper,False,
2017-12-06,SBIN.NS,lower,False,
2017-12-06,TATAMOTORS.NS,upper,False,
2017-12-06,TATAMOTORS.NS,lower,True,sparse
2017-12-07,HINDUNILVR.NS,upper,True,invalid
2017-12-07,HINDUNILVR.NS,lower,False,
2017-12-07,INFY.NS,upper,False,
2017-12-07,INFY.NS,lower,False,
2017-12-07,SBIN.NS,upper,False,
2017-12-07,SBIN.NS,lower,False,
2017-12-07,TATAMOTORS.NS,upper,False,
2017-12-07,TATAMOTORS.NS,lower,False,
2017-12-08,HINDUNILVR.NS,upper,True,invalid
2017-12-08,HINDUNILVR.NS,lower,False,
2017-12-08,INFY.NS,upper,False,
2017-12-08,INFY.NS,lower,False,
2017-12-08,SBIN.NS,upper,False,
2017-12-08,SBIN.NS,lower,False,
2017-12-08,TATAMOTORS.NS,upper,False,
2017-12-08,TATAMOTORS.NS,lower,False,
2017-12-11,HINDUNILVR.NS,upper,True,sparse
2017-12-11,HINDUNILVR.NS,lower,False,
2017-12-11,INFY.NS,upper,False,
2017-12-11,INFY.NS,lower,False,
2017-12-11,SBIN.NS,upper,False,
2017-12-11,SBIN.NS,lower,False,
2017-12-11,TATAMOTORS.NS,upper,False,
2017-12-11,TATAMOTORS.NS,lower,True,sparse
2017-12-12,HINDUNILVR.NS,upper,True,sparse
2017-12-12,HINDUNILVR.NS,lower,False,
2017-12-12,INFY.NS,upper,False,
2017-12-12,INFY.NS,lower,False,
2017-12-12,SBIN.NS,upper,False,
2017-12-12,SBIN.NS,lower,False,
2017-12-12,TATAMOTORS.NS,upper,False,
2017-12-12,TATAMOTORS.NS,lower,True,sparse
2017-12-13,HINDUNILVR.NS,upper,True,sparse
2017-12-13,HINDUNILVR.NS,lower,False,
2017-12-13,INFY.NS,upper,False,
2017-12-13,INFY.NS,lower,False,
2017-12-13,SBIN.NS,upper,False,
2017-12-13,SBIN.NS,lower,False,
2017-12-13,TATAMOTORS.NS,upper,False,
2017-12-13,TATAMOTORS.NS,lower,True,sparse
2017-12-14,HINDUNILVR.NS,upper,True,sparse
2017-12-14,HINDUNILVR.NS,lower,False,
2017-12-14,INFY.NS,upper,False,
2017-12-14,INFY.NS,lower,False,
2017-12-14,SBIN.NS,upper,False,
2017-12-14,SBIN.NS,lower,False,
2017-12-14,TATAMOTORS.NS,upper,False,
2017-12-14,TATAMOTORS.NS,lower,True,sparse
2017-12-15,HINDUNILVR.NS,upper,True,sparse
2017-12-15,HINDUNILVR.NS,lower,False,
2017-12-15,INFY.NS,upper,False,
2017-12-15,INFY.NS,lower,False,
2017-12-15,SBIN.NS,upper,False,
2017-12-15,SBIN.NS,lower,False,
2017-12-15,TATAMOTORS.NS,upper,False,
2017-12-15,TATAMOTORS.NS,lower,False,
2017-12-18,HINDUNILVR.NS,upper,False,
2017-12-18,HINDUNILVR.NS,lower,False,
2017-12-18,INFY.NS,upper,False,
2017-12-18,INFY.NS,lower,False,
2017-12-18,SBIN.NS,upper,False,
2017-12-18,SBIN.NS,lower,False,
2017-12-18,TATAMOTORS.NS,upper,False,
2017-12-18,TATAMOTORS.NS,lower,False,
2017-12-19,HINDUNILVR.NS,upper,True,invalid
2017-12-19,HINDUNILVR.NS,lower,False,
2017-12-19,INFY.NS,upper,False,
2017-12-19,INFY.NS,lower,False,
2017-12-19,SBIN.NS,upper,False,
2017-12-19,SBIN.NS,lower,False,
2017-12-19,TATAMOTORS.NS,upper,False,
2017-12-19,TATAMOTORS.NS,lower,False,
2017-12-20,HINDUNILVR.NS,upper,False,
2017-12-20,HINDUNILVR.NS,lower,False,
2017-12-20,INFY.NS,upper,False,
2017-12-20,INFY.NS,lower,False,
2017-12-20,SBIN.NS,upper,False,
2017-12-20,SBIN.NS,lower,False,
2017-12-20,TATAMOTORS.NS,upper,False,
2017-12-20,TATAMOTORS.NS,lower,False,
2017-12-21,HINDUNILVR.NS,upper,False,
2017-12-21,HINDUNILVR.NS,lower,False,
2017-12-21,INFY.NS,upper,False,
2017-12-21,INFY.NS,lower,False,
2017-12-21,SBIN.NS,upper,False,
2017-12-21,SBIN.NS,lower,False,
2017-12-21,TATAMOTORS.NS,upper,False,
2017-12-21,TATAMOTORS.NS,lower,False,
2017-12-22,HINDUNILVR.NS,upper,True,invalid
2017-12-22,HINDUNILVR.NS,lower,False,
2017-12-22,INFY.NS,upper,False,
2017-12-22,INFY.NS,lower,False,
2017-12-22,SBIN.NS,upper,False,
2017-12-22,SBIN.NS,lower,False,
2017-12-22,TATAMOTORS.NS,upper,False,
2017-12-22,TATAMOTORS.NS,lower,False,
2017-12-26,HINDUNILVR.NS,upper,True,invalid
2017-12-26,HINDUNILVR.NS,lower,False,
2017-12-26,INFY.NS,upper,False,
2017-12-26,INFY.NS,lower,False,
2017-12-26,SBIN.NS,upper,False,
2017-12-26,SBIN.NS,lower,False,
2017-12-26,TATAMOTORS.NS,upper,False,
2017-12-26,TATAMOTORS.NS,lower,False,
2017-12-27,HINDUNILVR.NS,upper,True,invalid
2017-12-27,HINDUNILVR.NS,lower,False,
2017-12-27,INFY.NS,upper,False,
2017-12-27,INFY.NS,lower,False,
2017-12-27,SBIN.NS,upper,False,
2017-12-27,SBIN.NS,lower,False,
2017-12-27,TATAMOTORS.NS,upper,False,
2017-12-27,TATAMOTORS.NS,lower,False,
2017-12-28,HINDUNILVR.NS,upper,True,invalid
2017-12-28,HINDUNILVR.NS,lower,False,
2017-12-28,INFY.NS,upper,False,
2017-12-28,INFY.NS,lower,False,
2017-12-28,SBIN.NS,upper,False,
2017-12-28,SBIN.NS,lower,False,
2017-12-28,TATAMOTORS.NS,upper,False,
2017-12-28,TATAMOTORS.NS,lower,False,
2017-12-29,HINDUNILVR.NS,upper,True,invalid
2017-12-29,HINDUNILVR.NS,lower,False,
2017-12-29,INFY.NS,upper,False,
2017-12-29,INFY.NS,lower,False,
2017-12-29,SBIN.NS,upper,False,
2017-12-29,SBIN.NS,lower,False,
2017-12-29,TATAMOTORS.NS,upper,False,
2017-12-29,TATAMOTORS.NS,lower,False,
2018-01-01,HINDUNILVR.NS,upper,True,invalid
2018-01-01,HINDUNILVR.NS,lower,False,
2018-01-01,INFY.NS,upper,False,
2018-01-01,INFY.NS,lower,False,
2018-01-01,SBIN.NS,upper,False,
2018-01-01,SBIN.NS,lower,False,
2018-01-01,TATAMOTORS.NS,upper,False,
2018-01-01,TATAMOTORS.NS,lower,False,
2018-01-02,HINDUNILVR.NS,upper,True,invalid
2018-01-02,HINDUNILVR.NS,lower,False,
2018-01-02,INFY.NS,upper,False,
2018-01-02,INFY.NS,lower,False,
2018-01-02,SBIN.NS,upper,False,
2018-01-02,SBIN.NS,lower,False,
2018-01-02,TATAMOTORS.NS,upper,False,
2018-01-02,TATAMOTORS.NS,lower,True,sparse
2018-01-03,HINDUNILVR.NS,upper,True,invalid
2018-01-03,HINDUNILVR.NS,lower,False,
2018-01-03,INFY.NS,upper,False,
2018-01-03,INFY.NS,lower,False,
2018-01-03,SBIN.NS,upper,False,
2018-01-03,SBIN.NS,lower,False,
2018-01-03,TATAMOTORS.NS,upper,False,
2018-01-03,TATAMOTORS.NS,lower,True,sparse
2018-01-04,HINDUNILVR.NS,upper,True,invalid
2018-01-04,HINDUNILVR.NS,lower,False,
2018-01-04,INFY.NS,upper,False,
2018-01-04,INFY.NS,lower,False,
2018-01-04,SBIN.NS,upper,False,
2018-01-04,SBIN.NS,lower,False,
2018-01-04,TATAMOTORS.NS,upper,False,
2018-01-04,TATAMOTORS.NS,lower,True,sparse
2018-01-05,HINDUNILVR.NS,upper,True,invalid
2018-01-05,HINDUNILVR.NS,lower,False,
2018-01-05,INFY.NS,upper,False,
2018-01-05,INFY.NS,lower,False,
2018-01-05,SBIN.NS,upper,False,
2018-01-05,SBIN.NS,lower,False,
2018-01-05,TATAMOTORS.NS,upper,False,
2018-01-05,TATAMOTORS.NS,lower,True,invalid
2018-01-08,HINDUNILVR.NS,upper,True,invalid
2018-01-08,HINDUNILVR.NS,lower,False,
2018-01-08,INFY.NS,upper,False,
2018-01-08,INFY.NS,lower,False,
2018-01-08,SBIN.NS,upper,False,
2018-01-08,SBIN.NS,lower,False,
2018-01-08,TATAMOTORS.NS,upper,False,
2018-01-08,TATAMOTORS.NS,lower,True,invalid
2018-01-09,HINDUNILVR.NS,upper,True,invalid
2018-01-09,HINDUNILVR.NS,lower,False,
2018-01-09,INFY.NS,upper,False,
2018-01-09,INFY.NS,lower,False,
2018-01-09,SBIN.NS,upper,False,
2018-01-09,SBIN.NS,lower,False,
2018-01-09,TATAMOTORS.NS,upper,False,
2018-01-09,TATAMOTORS.NS,lower,True,invalid
2018-01-10,HINDUNILVR.NS,upper,True,invalid
2018-01-10,HINDUNILVR.NS,lower,False,
2018-01-10,INFY.NS,upper,False,
2018-01-10,INFY.NS,lower,False,
2018-01-10,SBIN.NS,upper,False,
2018-01-10,SBIN.NS,lower,False,
2018-01-10,TATAMOTORS.NS,upper,False,
2018-01-10,TATAMOTORS.NS,lower,True,invalid
2018-01-11,HINDUNILVR.NS,upper,False,
2018-01-11,HINDUNILVR.NS,lower,False,
2018-01-11,INFY.NS,upper,False,
2018-01-11,INFY.NS,lower,False,
2018-01-11,SBIN.NS,upper,False,
2018-01-11,SBIN.NS,lower,False,
2018-01-11,TATAMOTORS.NS,upper,False,
2018-01-11,TATAMOTORS.NS,lower,True,invalid
2018-01-12,HINDUNILVR.NS,upper,True,invalid
2018-01-12,HINDUNILVR.NS,lower,False,
2018-01-12,INFY.NS,upper,False,
2018-01-12,INFY.NS,lower,False,
2018-01-12,SBIN.NS,upper,False,
2018-01-12,SBIN.NS,lower,False,
2018-01-12,TATAMOTORS.NS,upper,False,
2018-01-12,TATAMOTORS.NS,lower,True,sparse
2018-01-15,HINDUNILVR.NS,upper,True,invalid
2018-01-15,HINDUNILVR.NS,lower,False,
2018-01-15,INFY.NS,upper,False,
2018-01-15,INFY.NS,lower,False,
2018-01-15,SBIN.NS,upper,False,
2018-01-15,SBIN.NS,lower,False,
2018-01-15,TATAMOTORS.NS,upper,False,
2018-01-15,TATAMOTORS.NS,lower,True,invalid
2018-01-16,HINDUNILVR.NS,upper,True,invalid
2018-01-16,HINDUNILVR.NS,lower,False,
2018-01-16,INFY.NS,upper,False,
2018-01-16,INFY.NS,lower,False,
2018-01-16,SBIN.NS,upper,False,
2018-01-16,SBIN.NS,lower,False,
2018-01-16,TATAMOTORS.NS,upper,False,
2018-01-16,TATAMOTORS.NS,lower,True,invalid
2018-01-17,HINDUNILVR.NS,upper,True,invalid
2018-01-17,HINDUNILVR.NS,lower,False,
2018-01-17,INFY.NS,upper,False,
2018-01-17,INFY.NS,lower,False,
2018-01-17,SBIN.NS,upper,False,
2018-01-17,SBIN.NS,lower,False,
2018-01-17,TATAMOTORS.NS,upper,False,
2018-01-17,TATAMOTORS.NS,lower,True,invalid
2018-01-18,HINDUNILVR.NS,upper,True,invalid
2018-01-18,HINDUNILVR.NS,lower,False,
2018-01-18,INFY.NS,upper,False,
2018-01-18,INFY.NS,lower,False,
2018-01-18,SBIN.NS,upper,False,
2018-01-18,SBIN.NS,lower,False,
2018-01-18,TATAMOTORS.NS,upper,False,
2018-01-18,TATAMOTORS.NS,lower,True,invalid
2018-01-19,HINDUNILVR.NS,upper,True,invalid
2018-01-19,HINDUNILVR.NS,lower,False,
2018-01-19,INFY.NS,upper,False,
2018-01-19,INFY.NS,lower,False,
2018-01-19,SBIN.NS,upper,False,
2018-01-19,SBIN.NS,lower,False,
2018-01-19,TATAMOTORS.NS,upper,False,
2018-01-19,TATAMOTORS.NS,lower,True,invalid
2018-01-22,HINDUNILVR.NS,upper,True,invalid
2018-01-22,HINDUNILVR.NS,lower,False,
2018-01-22,INFY.NS,upper,False,
2018-01-22,INFY.NS,lower,False,
2018-01-22,SBIN.NS,upper,False,
2018-01-22,SBIN.NS,lower,False,
2018-01-22,TATAMOTORS.NS,upper,False,
2018-01-22,TATAMOTORS.NS,lower,True,invalid
2018-01-23,HINDUNILVR.NS,upper,True,invalid
2018-01-23,HINDUNILVR.NS,lower,False,
2018-01-23,INFY.NS,upper,False,
2018-01-23,INFY.NS,lower,False,
2018-01-23,SBIN.NS,upper,False,
2018-01-23,SBIN.NS,lower,False,
2018-01-23,TATAMOTORS.NS,upper,False,
2018-01-23,TATAMOTORS.NS,lower,True,invalid
2018-01-24,HINDUNILVR.NS,upper,True,invalid
2018-01-24,HINDUNILVR.NS,lower,False,
2018-01-24,INFY.NS,upper,False,
2018-01-24,INFY.NS,lower,False,
2018-01-24,SBIN.NS,upper,False,
2018-01-24,SBIN.NS,lower,False,
2018-01-24,TATAMOTORS.NS,upper,False,
2018-01-24,TATAMOTORS.NS,lower,True,sparse
2018-01-25,HINDUNILVR.NS,upper,True,invalid
2018-01-25,HINDUNILVR.NS,lower,False,
2018-01-25,INFY.NS,upper,False,
2018-01-25,INFY.NS,lower,False,
2018-01-25,SBIN.NS,upper,False,
2018-01-25,SBIN.NS,lower,False,
2018-01-25,TATAMOTORS.NS,upper,False,
2018-01-25,TATAMOTORS.NS,lower,True,sparse
2018-01-29,HINDUNILVR.NS,upper,True,invalid
2018-01-29,HINDUNILVR.NS,lower,False,
2018-01-29,INFY.NS,upper,False,
2018-01-29,INFY.NS,lower,False,
2018-01-29,SBIN.NS,upper,False,
2018-01-29,SBIN.NS,lower,False,
2018-01-29,TATAMOTORS.NS,upper,False,
2018-01-29,TATAMOTORS.NS,lower,True,sparse
2018-01-30,HINDUNILVR.NS,upper,True,invalid
2018-01-30,HINDUNILVR.NS,lower,False,
2018-01-30,INFY.NS,upper,False,
2018-01-30,INFY.NS,lower,False,
2018-01-30,SBIN.NS,upper,False,
2018-01-30,SBIN.NS,lower,False,
2018-01-30,TATAMOTORS.NS,upper,False,
2018-01-30,TATAMOTORS.NS,lower,True,sparse
2018-01-31,HINDUNILVR.NS,upper,False,
2018-01-31,HINDUNILVR.NS,lower,False,
2018-01-31,INFY.NS,upper,False,
2018-01-31,INFY.NS,lower,False,
2018-01-31,SBIN.NS,upper,False,
2018-01-31,SBIN.NS,lower,False,
2018-01-31,TATAMOTORS.NS,upper,False,
2018-01-31,TATAMOTORS.NS,lower,True,sparse
2018-02-01,HINDUNILVR.NS,upper,True,invalid
2018-02-01,HINDUNILVR.NS,lower,False,
2018-02-01,INFY.NS,upper,False,
2018-02-01,INFY.NS,lower,False,
2018-02-01,SBIN.NS,upper,False,
2018-02-01,SBIN.NS,lower,False,
2018-02-01,TATAMOTORS.NS,upper,False,
2018-02-01,TATAMOTORS.NS,lower,True,sparse
2018-02-02,HINDUNILVR.NS,upper,False,
2018-02-02,HINDUNILVR.NS,lower,False,
2018-02-02,INFY.NS,upper,False,
2018-02-02,INFY.NS,lower,False,
2018-02-02,SBIN.NS,upper,False,
2018-02-02,SBIN.NS,lower,False,
2018-02-02,TATAMOTORS.NS,upper,False,
2018-02-02,TATAMOTORS.NS,lower,True,sparse
2018-02-05,HINDUNILVR.NS,upper,False,
2018-02-05,HINDUNILVR.NS,lower,False,
2018-02-05,INFY.NS,upper,False,
2018-02-05,INFY.NS,lower,False,
2018-02-05,SBIN.NS,upper,False,
2018-02-05,SBIN.NS,lower,False,
2018-02-05,TATAMOTORS.NS,upper,False,
2018-02-05,TATAMOTORS.NS,lower,True,sparse
2018-02-06,HINDUNILVR.NS,upper,True,invalid
2018-02-06,HINDUNILVR.NS,lower,False,
2018-02-06,INFY.NS,upper,False,
2018-02-06,INFY.NS,lower,False,
2018-02-06,SBIN.NS,upper,False,
2018-02-06,SBIN.NS,lower,False,
2018-02-06,TATAMOTORS.NS,upper,False,
2018-02-06,TATAMOTORS.NS,lower,True,sparse
2018-02-07,HINDUNILVR.NS,upper,True,invalid
2018-02-07,HINDUNILVR.NS,lower,False,
2018-02-07,INFY.NS,upper,False,
2018-02-07,INFY.NS,lower,False,
2018-02-07,SBIN.NS,upper,False,
2018-02-07,SBIN.NS,lower,False,
2018-02-07,TATAMOTORS.NS,upper,False,
2018-02-07,TATAMOTORS.NS,lower,True,sparse
2018-02-08,HINDUNILVR.NS,upper,True,invalid
2018-02-08,HINDUNILVR.NS,lower,False,
2018-02-08,INFY.NS,upper,False,
2018-02-08,INFY.NS,lower,False,
2018-02-08,SBIN.NS,upper,False,
2018-02-08,SBIN.NS,lower,False,
2018-02-08,TATAMOTORS.NS,upper,False,
2018-02-08,TATAMOTORS.NS,lower,True,sparse
2018-02-09,HINDUNILVR.NS,upper,False,
2018-02-09,HINDUNILVR.NS,lower,False,
2018-02-09,INFY.NS,upper,False,
2018-02-09,INFY.NS,lower,False,
2018-02-09,SBIN.NS,upper,False,
2018-02-09,SBIN.NS,lower,False,
2018-02-09,TATAMOTORS.NS,upper,False,
2018-02-09,TATAMOTORS.NS,lower,True,sparse
2018-02-12,HINDUNILVR.NS,upper,False,
2018-02-12,HINDUNILVR.NS,lower,False,
2018-02-12,INFY.NS,upper,False,
2018-02-12,INFY.NS,lower,False,
2018-02-12,SBIN.NS,upper,False,
2018-02-12,SBIN.NS,lower,False,
2018-02-12,TATAMOTORS.NS,upper,False,
2018-02-12,TATAMOTORS.NS,lower,True,sparse
2018-02-14,HINDUNILVR.NS,upper,False,
2018-02-14,HINDUNILVR.NS,lower,False,
2018-02-14,INFY.NS,upper,False,
2018-02-14,INFY.NS,lower,False,
2018-02-14,SBIN.NS,upper,False,
2018-02-14,SBIN.NS,lower,False,
2018-02-14,TATAMOTORS.NS,upper,False,
2018-02-14,TATAMOTORS.NS,lower,True,sparse
2018-02-15,HINDUNILVR.NS,upper,False,
2018-02-15,HINDUNILVR.NS,lower,False,
2018-02-15,INFY.NS,upper,False,
2018-02-15,INFY.NS,lower,False,
2018-02-15,SBIN.NS,upper,False,
2018-02-15,SBIN.NS,lower,False,
2018-02-15,TATAMOTORS.NS,upper,False,
2018-02-15,TATAMOTORS.NS,lower,True,sparse
2018-02-16,HINDUNILVR.NS,upper,True,invalid
2018-02-16,HINDUNILVR.NS,lower,False,
2018-02-16,INFY.NS,upper,False,
2018-02-16,INFY.NS,lower,False,
2018-02-16,SBIN.NS,upper,False,
2018-02-16,SBIN.NS,lower,False,
2018-02-16,TATAMOTORS.NS,upper,False,
2018-02-16,TATAMOTORS.NS,lower,True,sparse
2018-02-19,HINDUNILVR.NS,upper,True,invalid
2018-02-19,HINDUNILVR.NS,lower,False,
2018-02-19,INFY.NS,upper,False,
2018-02-19,INFY.NS,lower,False,
2018-02-19,SBIN.NS,upper,False,
2018-02-19,SBIN.NS,lower,False,
2018-02-19,TATAMOTORS.NS,upper,False,
2018-02-19,TATAMOTORS.NS,lower,True,sparse
2018-02-20,HINDUNILVR.NS,upper,True,invalid
2018-02-20,HINDUNILVR.NS,lower,False,
2018-02-20,INFY.NS,upper,False,
2018-02-20,INFY.NS,lower,False,
2018-02-20,SBIN.NS,upper,False,
2018-02-20,SBIN.NS,lower,False,
2018-02-20,TATAMOTORS.NS,upper,False,
2018-02-20,TATAMOTORS.NS,lower,False,
2018-02-21,HINDUNILVR.NS,upper,True,invalid
2018-02-21,HINDUNILVR.NS,lower,False,
2018-02-21,INFY.NS,upper,False,
2018-02-21,INFY.NS,lower,False,
2018-02-21,SBIN.NS,upper,False,
2018-02-21,SBIN.NS,lower,False,
2018-02-21,TATAMOTORS.NS,upper,False,
2018-02-21,TATAMOTORS.NS,lower,False,
2018-02-22,HINDUNILVR.NS,upper,True,invalid
2018-02-22,HINDUNILVR.NS,lower,False,
2018-02-22,INFY.NS,upper,False,
2018-02-22,INFY.NS,lower,False,
2018-02-22,SBIN.NS,upper,False,
2018-02-22,SBIN.NS,lower,False,
2018-02-22,TATAMOTORS.NS,upper,False,
2018-02-22,TATAMOTORS.NS,lower,False,
2018-02-23,HINDUNILVR.NS,upper,True,invalid
2018-02-23,HINDUNILVR.NS,lower,False,
2018-02-23,INFY.NS,upper,False,
2018-02-23,INFY.NS,lower,False,
2018-02-23,SBIN.NS,upper,False,
2018-02-23,SBIN.NS,lower,False,
2018-02-23,TATAMOTORS.NS,upper,False,
2018-02-23,TATAMOTORS.NS,lower,False,
2018-02-26,HINDUNILVR.NS,upper,True,invalid
2018-02-26,HINDUNILVR.NS,lower,False,
2018-02-26,INFY.NS,upper,False,
2018-02-26,INFY.NS,lower,False,
2018-02-26,SBIN.NS,upper,False,
2018-02-26,SBIN.NS,lower,False,
2018-02-26,TATAMOTORS.NS,upper,False,
2018-02-26,TATAMOTORS.NS,lower,False,
2018-02-27,HINDUNILVR.NS,upper,True,invalid
2018-02-27,HINDUNILVR.NS,lower,False,
2018-02-27,INFY.NS,upper,False,
2018-02-27,INFY.NS,lower,False,
2018-02-27,SBIN.NS,upper,False,
2018-02-27,SBIN.NS,lower,False,
2018-02-27,TATAMOTORS.NS,upper,False,
2018-02-27,TATAMOTORS.NS,lower,False,
2018-02-28,HINDUNILVR.NS,upper,True,invalid
2018-02-28,HINDUNILVR.NS,lower,False,
2018-02-28,INFY.NS,upper,False,
2018-02-28,INFY.NS,lower,False,
2018-02-28,SBIN.NS,upper,False,
2018-02-28,SBIN.NS,lower,False,
2018-02-28,TATAMOTORS.NS,upper,False,
2018-02-28,TATAMOTORS.NS,lower,False,
2018-03-01,HINDUNILVR.NS,upper,True,sparse
2018-03-01,HINDUNILVR.NS,lower,False,
2018-03-01,INFY.NS,upper,False,
2018-03-01,INFY.NS,lower,False,
2018-03-01,SBIN.NS,upper,False,
2018-03-01,SBIN.NS,lower,False,
2018-03-01,TATAMOTORS.NS,upper,False,
2018-03-01,TATAMOTORS.NS,lower,False,
2018-03-05,HINDUNILVR.NS,upper,True,invalid
2018-03-05,HINDUNILVR.NS,lower,False,
2018-03-05,INFY.NS,upper,False,
2018-03-05,INFY.NS,lower,False,
2018-03-05,SBIN.NS,upper,False,
2018-03-05,SBIN.NS,lower,False,
2018-03-05,TATAMOTORS.NS,upper,False,
2018-03-05,TATAMOTORS.NS,lower,False,
2018-03-06,HINDUNILVR.NS,upper,True,invalid
2018-03-06,HINDUNILVR.NS,lower,False,
2018-03-06,INFY.NS,upper,False,
2018-03-06,INFY.NS,lower,False,
2018-03-06,SBIN.NS,upper,False,
2018-03-06,SBIN.NS,lower,False,
2018-03-06,TATAMOTORS.NS,upper,False,
2018-03-06,TATAMOTORS.NS,lower,False,
2018-03-07,HINDUNILVR.NS,upper,True,invalid
2018-03-07,HINDUNILVR.NS,lower,False,
2018-03-07,INFY.NS,upper,False,
2018-03-07,INFY.NS,lower,False,
2018-03-07,SBIN.NS,upper,False,
2018-03-07,SBIN.NS,lower,False,
2018-03-07,TATAMOTORS.NS,upper,False,
2018-03-07,TATAMOTORS.NS,lower,False,
2018-03-08,HINDUNILVR.NS,upper,True,invalid
2018-03-08,HINDUNILVR.NS,lower,False,
2018-03-08,INFY.NS,upper,False,
2018-03-08,INFY.NS,lower,False,
2018-03-08,SBIN.NS,upper,False,
2018-03-08,SBIN.NS,lower,False,
2018-03-08,TATAMOTORS.NS,upper,False,
2018-03-08,TATAMOTORS.NS,lower,False,
2018-03-09,HINDUNILVR.NS,upper,True,sparse
2018-03-09,HINDUNILVR.NS,lower,False,
2018-03-09,INFY.NS,upper,False,
2018-03-09,INFY.NS,lower,False,
2018-03-09,SBIN.NS,upper,False,
2018-03-09,SBIN.NS,lower,False,
2018-03-09,TATAMOTORS.NS,upper,False,
2018-03-09,TATAMOTORS.NS,lower,False,
2018-03-12,HINDUNILVR.NS,upper,True,sparse
2018-03-12,HINDUNILVR.NS,lower,False,
2018-03-12,INFY.NS,upper,False,
2018-03-12,INFY.NS,lower,False,
2018-03-12,SBIN.NS,upper,False,
2018-03-12,SBIN.NS,lower,False,
2018-03-12,TATAMOTORS.NS,upper,False,
2018-03-12,TATAMOTORS.NS,lower,False,
2018-03-13,HINDUNILVR.NS,upper,True,invalid
2018-03-13,HINDUNILVR.NS,lower,False,
2018-03-13,INFY.NS,upper,False,
2018-03-13,INFY.NS,lower,False,
2018-03-13,SBIN.NS,upper,False,
2018-03-13,SBIN.NS,lower,False,
2018-03-13,TATAMOTORS.NS,upper,False,
2018-03-13,TATAMOTORS.NS,lower,False,
2018-03-14,HINDUNILVR.NS,upper,True,sparse
2018-03-14,HINDUNILVR.NS,lower,False,
2018-03-14,INFY.NS,upper,False,
2018-03-14,INFY.NS,lower,False,
2018-03-14,SBIN.NS,upper,False,
2018-03-14,SBIN.NS,lower,False,
2018-03-14,TATAMOTORS.NS,upper,False,
2018-03-14,TATAMOTORS.NS,lower,False,
2018-03-15,HINDUNILVR.NS,upper,False,
2018-03-15,HINDUNILVR.NS,lower,False,
2018-03-15,INFY.NS,upper,False,
2018-03-15,INFY.NS,lower,False,
2018-03-15,SBIN.NS,upper,False,
2018-03-15,SBIN.NS,lower,False,
2018-03-15,TATAMOTORS.NS,upper,False,
2018-03-15,TATAMOTORS.NS,lower,False,
2018-03-16,HINDUNILVR.NS,upper,False,
2018-03-16,HINDUNILVR.NS,lower,False,
2018-03-16,INFY.NS,upper,False,
2018-03-16,INFY.NS,lower,False,
2018-03-16,SBIN.NS,upper,False,
2018-03-16,SBIN.NS,lower,False,
2018-03-16,TATAMOTORS.NS,upper,False,
2018-03-16,TATAMOTORS.NS,lower,False,
2018-03-19,HINDUNILVR.NS,upper,False,
2018-03-19,HINDUNILVR.NS,lower,False,
2018-03-19,INFY.NS,upper,False,
2018-03-19,INFY.NS,lower,False,
2018-03-19,SBIN.NS,upper,False,
2018-03-19,SBIN.NS,lower,False,
2018-03-19,TATAMOTORS.NS,upper,False,
2018-03-19,TATAMOTORS.NS,lower,False,
2018-03-20,HINDUNILVR.NS,upper,False,
2018-03-20,HINDUNILVR.NS,lower,False,
2018-03-20,INFY.NS,upper,False,
2018-03-20,INFY.NS,lower,False,
2018-03-20,SBIN.NS,upper,False,
2018-03-20,SBIN.NS,lower,False,
2018-03-20,TATAMOTORS.NS,upper,False,
2018-03-20,TATAMOTORS.NS,lower,False,
2018-03-21,HINDUNILVR.NS,upper,True,invalid
2018-03-21,HINDUNILVR.NS,lower,False,
2018-03-21,INFY.NS,upper,False,
2018-03-21,INFY.NS,lower,False,
2018-03-21,SBIN.NS,upper,False,
2018-03-21,SBIN.NS,lower,False,
2018-03-21,TATAMOTORS.NS,upper,False,
2018-03-21,TATAMOTORS.NS,lower,False,
2018-03-22,HINDUNILVR.NS,upper,True,invalid
2018-03-22,HINDUNILVR.NS,lower,False,
2018-03-22,INFY.NS,upper,False,
2018-03-22,INFY.NS,lower,False,
2018-03-22,SBIN.NS,upper,False,
2018-03-22,SBIN.NS,lower,False,
2018-03-22,TATAMOTORS.NS,upper,False,
2018-03-22,TATAMOTORS.NS,lower,False,
2018-03-23,HINDUNILVR.NS,upper,True,invalid
2018-03-23,HINDUNILVR.NS,lower,False,
2018-03-23,INFY.NS,upper,False,
2018-03-23,INFY.NS,lower,False,
2018-03-23,SBIN.NS,upper,False,
2018-03-23,SBIN.NS,lower,False,
2018-03-23,TATAMOTORS.NS,upper,False,
2018-03-23,TATAMOTORS.NS,lower,False,
2018-03-26,HINDUNILVR.NS,upper,True,invalid
2018-03-26,HINDUNILVR.NS,lower,False,
2018-03-26,INFY.NS,upper,False,
2018-03-26,INFY.NS,lower,False,
2018-03-26,SBIN.NS,upper,False,
2018-03-26,SBIN.NS,lower,False,
2018-03-26,TATAMOTORS.NS,upper,False,
2018-03-26,TATAMOTORS.NS,lower,False,
2018-03-27,HINDUNILVR.NS,upper,True,invalid
2018-03-27,HINDUNILVR.NS,lower,False,
2018-03-27,INFY.NS,upper,False,
2018-03-27,INFY.NS,lower,False,
2018-03-27,SBIN.NS,upper,False,
2018-03-27,SBIN.NS,lower,False,
2018-03-27,TATAMOTORS.NS,upper,False,
2018-03-27,TATAMOTORS.NS,lower,False,
2018-03-28,HINDUNILVR.NS,upper,True,invalid
2018-03-28,HINDUNILVR.NS,lower,False,
2018-03-28,INFY.NS,upper,False,
2018-03-28,INFY.NS,lower,False,
2018-03-28,SBIN.NS,upper,False,
2018-03-28,SBIN.NS,lower,False,
2018-03-28,TATAMOTORS.NS,upper,False,
2018-03-28,TATAMOTORS.NS,lower,False,
2018-04-02,HINDUNILVR.NS,upper,True,invalid
2018-04-02,HINDUNILVR.NS,lower,False,
2018-04-02,INFY.NS,upper,False,
2018-04-02,INFY.NS,lower,False,
2018-04-02,SBIN.NS,upper,False,
2018-04-02,SBIN.NS,lower,False,
2018-04-02,TATAMOTORS.NS,upper,False,
2018-04-02,TATAMOTORS.NS,lower,False,
2018-04-03,HINDUNILVR.NS,upper,True,invalid
2018-04-03,HINDUNILVR.NS,lower,False,
2018-04-03,INFY.NS,upper,False,
2018-04-03,INFY.NS,lower,False,
2018-04-03,SBIN.NS,upper,False,
2018-04-03,SBIN.NS,lower,False,
2018-04-03,TATAMOTORS.NS,upper,False,
2018-04-03,TATAMOTORS.NS,lower,False,
2018-04-04,HINDUNILVR.NS,upper,True,invalid
2018-04-04,HINDUNILVR.NS,lower,False,
2018-04-04,INFY.NS,upper,False,
2018-04-04,INFY.NS,lower,False,
2018-04-04,SBIN.NS,upper,False,
2018-04-04,SBIN.NS,lower,False,
2018-04-04,TATAMOTORS.NS,upper,False,
2018-04-04,TATAMOTORS.NS,lower,False,
2018-04-05,HINDUNILVR.NS,upper,True,invalid
2018-04-05,HINDUNILVR.NS,lower,False,
2018-04-05,INFY.NS,upper,False,
2018-04-05,INFY.NS,lower,False,
2018-04-05,SBIN.NS,upper,False,
2018-04-05,SBIN.NS,lower,False,
2018-04-05,TATAMOTORS.NS,upper,False,
2018-04-05,TATAMOTORS.NS,lower,False,
2018-04-06,HINDUNILVR.NS,upper,True,invalid
2018-04-06,HINDUNILVR.NS,lower,False,
2018-04-06,INFY.NS,upper,False,
2018-04-06,INFY.NS,lower,False,
2018-04-06,SBIN.NS,upper,False,
2018-04-06,SBIN.NS,lower,False,
2018-04-06,TATAMOTORS.NS,upper,False,
2018-04-06,TATAMOTORS.NS,lower,False,
2018-04-09,HINDUNILVR.NS,upper,True,invalid
2018-04-09,HINDUNILVR.NS,lower,False,
2018-04-09,INFY.NS,upper,False,
2018-04-09,INFY.NS,lower,False,
2018-04-09,SBIN.NS,upper,False,
2018-04-09,SBIN.NS,lower,False,
2018-04-09,TATAMOTORS.NS,upper,False,
2018-04-09,TATAMOTORS.NS,lower,False,
2018-04-10,HINDUNILVR.NS,upper,True,invalid
2018-04-10,HINDUNILVR.NS,lower,False,
2018-04-10,INFY.NS,upper,False,
2018-04-10,INFY.NS,lower,False,
2018-04-10,SBIN.NS,upper,False,
2018-04-10,SBIN.NS,lower,False,
2018-04-10,TATAMOTORS.NS,upper,False,
2018-04-10,TATAMOTORS.NS,lower,False,
2018-04-11,HINDUNILVR.NS,upper,True,invalid
2018-04-11,HINDUNILVR.NS,lower,False,
2018-04-11,INFY.NS,upper,False,
2018-04-11,INFY.NS,lower,False,
2018-04-11,SBIN.NS,upper,False,
2018-04-11,SBIN.NS,lower,False,
2018-04-11,TATAMOTORS.NS,upper,False,
2018-04-11,TATAMOTORS.NS,lower,False,
2018-04-12,HINDUNILVR.NS,upper,True,invalid
2018-04-12,HINDUNILVR.NS,lower,False,
2018-04-12,INFY.NS,upper,False,
2018-04-12,INFY.NS,lower,False,
2018-04-12,SBIN.NS,upper,False,
2018-04-12,SBIN.NS,lower,False,
2018-04-12,TATAMOTORS.NS,upper,False,
2018-04-12,TATAMOTORS.NS,lower,False,
2018-04-13,HINDUNILVR.NS,upper,True,invalid
2018-04-13,HINDUNILVR.NS,lower,False,
2018-04-13,INFY.NS,upper,False,
2018-04-13,INFY.NS,lower,False,
2018-04-13,SBIN.NS,upper,False,
2018-04-13,SBIN.NS,lower,False,
2018-04-13,TATAMOTORS.NS,upper,False,
2018-04-13,TATAMOTORS.NS,lower,False,
2018-04-16,HINDUNILVR.NS,upper,True,invalid
2018-04-16,HINDUNILVR.NS,lower,False,
2018-04-16,INFY.NS,upper,False,
2018-04-16,INFY.NS,lower,False,
2018-04-16,SBIN.NS,upper,False,
2018-04-16,SBIN.NS,lower,False,
2018-04-16,TATAMOTORS.NS,upper,False,
2018-04-16,TATAMOTORS.NS,lower,False,
2018-04-17,HINDUNILVR.NS,upper,True,invalid
2018-04-17,HINDUNILVR.NS,lower,False,
2018-04-17,INFY.NS,upper,False,
2018-04-17,INFY.NS,lower,False,
2018-04-17,SBIN.NS,upper,False,
2018-04-17,SBIN.NS,lower,False,
2018-04-17,TATAMOTORS.NS,upper,False,
2018-04-17,TATAMOTORS.NS,lower,False,
2018-04-18,HINDUNILVR.NS,upper,True,invalid
2018-04-18,HINDUNILVR.NS,lower,False,
2018-04-18,INFY.NS,upper,False,
2018-04-18,INFY.NS,lower,False,
2018-04-18,SBIN.NS,upper,False,
2018-04-18,SBIN.NS,lower,False,
2018-04-18,TATAMOTORS.NS,upper,False,
2018-04-18,TATAMOTORS.NS,lower,False,
2018-04-19,HINDUNILVR.NS,upper,True,invalid
2018-04-19,HINDUNILVR.NS,lower,False,
2018-04-19,INFY.NS,upper,False,
2018-04-19,INFY.NS,lower,False,
2018-04-19,SBIN.NS,upper,False,
2018-04-19,SBIN.NS,lower,False,
2018-04-19,TATAMOTORS.NS,upper,False,
2018-04-19,TATAMOTORS.NS,lower,False,
2018-04-20,HINDUNILVR.NS,upper,True,invalid
2018-04-20,HINDUNILVR.NS,lower,False,
2018-04-20,INFY.NS,upper,False,
2018-04-20,INFY.NS,lower,False,
2018-04-20,SBIN.NS,upper,False,
2018-04-20,SBIN.NS,lower,False,
2018-04-20,TATAMOTORS.NS,upper,False,
2018-04-20,TATAMOTORS.NS,lower,False,
2018-04-23,HINDUNILVR.NS,upper,True,invalid
2018-04-23,HINDUNILVR.NS,lower,False,
2018-04-23,INFY.NS,upper,False,
2018-04-23,INFY.NS,lower,False,
2018-04-23,SBIN.NS,upper,False,
2018-04-23,SBIN.NS,lower,False,
2018-04-23,TATAMOTORS.NS,upper,False,
2018-04-23,TATAMOTORS.NS,lower,False,
2018-04-24,HINDUNILVR.NS,upper,True,invalid
2018-04-24,HINDUNILVR.NS,lower,False,
2018-04-24,INFY.NS,upper,False,
2018-04-24,INFY.NS,lower,False,
2018-04-24,SBIN.NS,upper,False,
2018-04-24,SBIN.NS,lower,False,
2018-04-24,TATAMOTORS.NS,upper,False,
2018-04-24,TATAMOTORS.NS,lower,False,
2018-04-25,HINDUNILVR.NS,upper,True,invalid
2018-04-25,HINDUNILVR.NS,lower,False,
2018-04-25,INFY.NS,upper,False,
2018-04-25,INFY.NS,lower,False,
2018-04-25,SBIN.NS,upper,False,
2018-04-25,SBIN.NS,lower,False,
2018-04-25,TATAMOTORS.NS,upper,False,
2018-04-25,TATAMOTORS.NS,lower,False,
2018-04-26,HINDUNILVR.NS,upper,True,invalid
2018-04-26,HINDUNILVR.NS,lower,False,
2018-04-26,INFY.NS,upper,False,
2018-04-26,INFY.NS,lower,False,
2018-04-26,SBIN.NS,upper,False,
2018-04-26,SBIN.NS,lower,False,
2018-04-26,TATAMOTORS.NS,upper,False,
2018-04-26,TATAMOTORS.NS,lower,False,
2018-04-27,HINDUNILVR.NS,upper,True,invalid
2018-04-27,HINDUNILVR.NS,lower,False,
2018-04-27,INFY.NS,upper,False,
2018-04-27,INFY.NS,lower,False,
2018-04-27,SBIN.NS,upper,False,
2018-04-27,SBIN.NS,lower,False,
2018-04-27,TATAMOTORS.NS,upper,False,
2018-04-27,TATAMOTORS.NS,lower,False,
2018-04-30,HINDUNILVR.NS,upper,True,invalid
2018-04-30,HINDUNILVR.NS,lower,False,
2018-04-30,INFY.NS,upper,False,
2018-04-30,INFY.NS,lower,False,
2018-04-30,SBIN.NS,upper,False,
2018-04-30,SBIN.NS,lower,False,
2018-04-30,TATAMOTORS.NS,upper,False,
2018-04-30,TATAMOTORS.NS,lower,False,
2018-05-02,HINDUNILVR.NS,upper,True,sparse
2018-05-02,HINDUNILVR.NS,lower,False,
2018-05-02,INFY.NS,upper,False,
2018-05-02,INFY.NS,lower,False,
2018-05-02,SBIN.NS,upper,False,
2018-05-02,SBIN.NS,lower,False,
2018-05-02,TATAMOTORS.NS,upper,False,
2018-05-02,TATAMOTORS.NS,lower,False,
2018-05-03,HINDUNILVR.NS,upper,False,
2018-05-03,HINDUNILVR.NS,lower,False,
2018-05-03,INFY.NS,upper,False,
2018-05-03,INFY.NS,lower,False,
2018-05-03,SBIN.NS,upper,False,
2018-05-03,SBIN.NS,lower,False,
2018-05-03,TATAMOTORS.NS,upper,False,
2018-05-03,TATAMOTORS.NS,lower,False,
2018-05-04,HINDUNILVR.NS,upper,False,
2018-05-04,HINDUNILVR.NS,lower,False,
2018-05-04,INFY.NS,upper,False,
2018-05-04,INFY.NS,lower,False,
2018-05-04,SBIN.NS,upper,False,
2018-05-04,SBIN.NS,lower,False,
2018-05-04,TATAMOTORS.NS,upper,False,
2018-05-04,TATAMOTORS.NS,lower,False,
2018-05-07,HINDUNILVR.NS,upper,False,
2018-05-07,HINDUNILVR.NS,lower,False,
2018-05-07,INFY.NS,upper,False,
2018-05-07,INFY.NS,lower,False,
2018-05-07,SBIN.NS,upper,False,
2018-05-07,SBIN.NS,lower,False,
2018-05-07,TATAMOTORS.NS,upper,False,
2018-05-07,TATAMOTORS.NS,lower,False,
2018-05-08,HINDUNILVR.NS,upper,False,
2018-05-08,HINDUNILVR.NS,lower,False,
2018-05-08,INFY.NS,upper,False,
2018-05-08,INFY.NS,lower,False,
2018-05-08,SBIN.NS,upper,False,
2018-05-08,SBIN.NS,lower,False,
2018-05-08,TATAMOTORS.NS,upper,False,
2018-05-08,TATAMOTORS.NS,lower,False,
2018-05-09,HINDUNILVR.NS,upper,False,
2018-05-09,HINDUNILVR.NS,lower,False,
2018-05-09,INFY.NS,upper,False,
2018-05-09,INFY.NS,lower,False,
2018-05-09,SBIN.NS,upper,False,
2018-05-09,SBIN.NS,lower,False,
2018-05-09,TATAMOTORS.NS,upper,False,
2018-05-09,TATAMOTORS.NS,lower,False,
2018-05-10,HINDUNILVR.NS,upper,False,
2018-05-10,HINDUNILVR.NS,lower,False,
2018-05-10,INFY.NS,upper,False,
2018-05-10,INFY.NS,lower,False,
2018-05-10,SBIN.NS,upper,False,
2018-05-10,SBIN.NS,lower,False,
2018-05-10,TATAMOTORS.NS,upper,False,
2018-05-10,TATAMOTORS.NS,lower,False,
2018-05-11,HINDUNILVR.NS,upper,False,
2018-05-11,HINDUNILVR.NS,lower,False,
2018-05-11,INFY.NS,upper,False,
2018-05-11,INFY.NS,lower,False,
2018-05-11,SBIN.NS,upper,False,
2018-05-11,SBIN.NS,lower,False,
2018-05-11,TATAMOTORS.NS,upper,False,
2018-05-11,TATAMOTORS.NS,lower,False,
2018-05-14,HINDUNILVR.NS,upper,False,
2018-05-14,HINDUNILVR.NS,lower,False,
2018-05-14,INFY.NS,upper,False,
2018-05-14,INFY.NS,lower,False,
2018-05-14,SBIN.NS,upper,False,
2018-05-14,SBIN.NS,lower,False,
2018-05-14,TATAMOTORS.NS,upper,False,
2018-05-14,TATAMOTORS.NS,lower,False,
2018-05-15,HINDUNILVR.NS,upper,False,
2018-05-15,HINDUNILVR.NS,lower,False,
2018-05-15,INFY.NS,upper,False,
2018-05-15,INFY.NS,lower,False,
2018-05-15,SBIN.NS,upper,False,
2018-05-15,SBIN.NS,lower,False,
2018-05-15,TATAMOTORS.NS,upper,False,
2018-05-15,TATAMOTORS.NS,lower,False,
2018-05-16,HINDUNILVR.NS,upper,False,
2018-05-16,HINDUNILVR.NS,lower,False,
2018-05-16,INFY.NS,upper,False,
2018-05-16,INFY.NS,lower,False,
2018-05-16,SBIN.NS,upper,False,
2018-05-16,SBIN.NS,lower,False,
2018-05-16,TATAMOTORS.NS,upper,False,
2018-05-16,TATAMOTORS.NS,lower,False,
2018-05-17,HINDUNILVR.NS,upper,False,
2018-05-17,HINDUNILVR.NS,lower,False,
2018-05-17,INFY.NS,upper,False,
2018-05-17,INFY.NS,lower,False,
2018-05-17,SBIN.NS,upper,False,
2018-05-17,SBIN.NS,lower,False,
2018-05-17,TATAMOTORS.NS,upper,False,
2018-05-17,TATAMOTORS.NS,lower,False,
2018-05-18,HINDUNILVR.NS,upper,False,
2018-05-18,HINDUNILVR.NS,lower,False,
2018-05-18,INFY.NS,upper,False,
2018-05-18,INFY.NS,lower,False,
2018-05-18,SBIN.NS,upper,False,
2018-05-18,SBIN.NS,lower,False,
2018-05-18,TATAMOTORS.NS,upper,False,
2018-05-18,TATAMOTORS.NS,lower,False,
2018-05-21,HINDUNILVR.NS,upper,False,
2018-05-21,HINDUNILVR.NS,lower,False,
2018-05-21,INFY.NS,upper,False,
2018-05-21,INFY.NS,lower,False,
2018-05-21,SBIN.NS,upper,False,
2018-05-21,SBIN.NS,lower,False,
2018-05-21,TATAMOTORS.NS,upper,False,
2018-05-21,TATAMOTORS.NS,lower,False,
2018-05-22,HINDUNILVR.NS,upper,False,
2018-05-22,HINDUNILVR.NS,lower,False,
2018-05-22,INFY.NS,upper,False,
2018-05-22,INFY.NS,lower,False,
2018-05-22,SBIN.NS,upper,False,
2018-05-22,SBIN.NS,lower,False,
2018-05-22,TATAMOTORS.NS,upper,False,
2018-05-22,TATAMOTORS.NS,lower,False,
2018-05-23,HINDUNILVR.NS,upper,False,
2018-05-23,HINDUNILVR.NS,lower,False,
2018-05-23,INFY.NS,upper,False,
2018-05-23,INFY.NS,lower,False,
2018-05-23,SBIN.NS,upper,False,
2018-05-23,SBIN.NS,lower,False,
2018-05-23,TATAMOTORS.NS,upper,False,
2018-05-23,TATAMOTORS.NS,lower,False,
2018-05-24,HINDUNILVR.NS,upper,False,
2018-05-24,HINDUNILVR.NS,lower,False,
2018-05-24,INFY.NS,upper,False,
2018-05-24,INFY.NS,lower,False,
2018-05-24,SBIN.NS,upper,False,
2018-05-24,SBIN.NS,lower,False,
2018-05-24,TATAMOTORS.NS,upper,False,
2018-05-24,TATAMOTORS.NS,lower,False,
2018-05-25,HINDUNILVR.NS,upper,False,
2018-05-25,HINDUNILVR.NS,lower,False,
2018-05-25,INFY.NS,upper,False,
2018-05-25,INFY.NS,lower,False,
2018-05-25,SBIN.NS,upper,False,
2018-05-25,SBIN.NS,lower,False,
2018-05-25,TATAMOTORS.NS,upper,False,
2018-05-25,TATAMOTORS.NS,lower,False,
2018-05-28,HINDUNILVR.NS,upper,False,
2018-05-28,HINDUNILVR.NS,lower,False,
2018-05-28,INFY.NS,upper,False,
2018-05-28,INFY.NS,lower,False,
2018-05-28,SBIN.NS,upper,False,
2018-05-28,SBIN.NS,lower,False,
2018-05-28,TATAMOTORS.NS,upper,False,
2018-05-28,TATAMOTORS.NS,lower,False,
2018-05-29,HINDUNILVR.NS,upper,False,
2018-05-29,HINDUNILVR.NS,lower,False,
2018-05-29,INFY.NS,upper,False,
2018-05-29,INFY.NS,lower,False,
2018-05-29,SBIN.NS,upper,False,
2018-05-29,SBIN.NS,lower,False,
2018-05-29,TATAMOTORS.NS,upper,False,
2018-05-29,TATAMOTORS.NS,lower,False,
2018-05-30,HINDUNILVR.NS,upper,False,
2018-05-30,HINDUNILVR.NS,lower,False,
2018-05-30,INFY.NS,upper,False,
2018-05-30,INFY.NS,lower,False,
2018-05-30,SBIN.NS,upper,False,
2018-05-30,SBIN.NS,lower,False,
2018-05-30,TATAMOTORS.NS,upper,False,
2018-05-30,TATAMOTORS.NS,lower,False,
2018-05-31,HINDUNILVR.NS,upper,False,
2018-05-31,HINDUNILVR.NS,lower,False,
2018-05-31,INFY.NS,upper,False,
2018-05-31,INFY.NS,lower,False,
2018-05-31,SBIN.NS,upper,False,
2018-05-31,SBIN.NS,lower,False,
2018-05-31,TATAMOTORS.NS,upper,False,
2018-05-31,TATAMOTORS.NS,lower,False,
2018-06-01,HINDUNILVR.NS,upper,False,
2018-06-01,HINDUNILVR.NS,lower,False,
2018-06-01,INFY.NS,upper,False,
2018-06-01,INFY.NS,lower,False,
2018-06-01,SBIN.NS,upper,False,
2018-06-01,SBIN.NS,lower,False,
2018-06-01,TATAMOTORS.NS,upper,False,
2018-06-01,TATAMOTORS.NS,lower,False,
2018-06-04,HINDUNILVR.NS,upper,False,
2018-06-04,HINDUNILVR.NS,lower,False,
2018-06-04,INFY.NS,upper,False,
2018-06-04,INFY.NS,lower,False,
2018-06-04,SBIN.NS,upper,False,
2018-06-04,SBIN.NS,lower,False,
2018-06-04,TATAMOTORS.NS,upper,False,
2018-06-04,TATAMOTORS.NS,lower,False,
2018-06-05,HINDUNILVR.NS,upper,False,
2018-06-05,HINDUNILVR.NS,lower,False,
2018-06-05,INFY.NS,upper,False,
2018-06-05,INFY.NS,lower,False,
2018-06-05,SBIN.NS,upper,False,
2018-06-05,SBIN.NS,lower,False,
2018-06-05,TATAMOTORS.NS,upper,False,
2018-06-05,TATAMOTORS.NS,lower,False,
2018-06-06,HINDUNILVR.NS,upper,False,
2018-06-06,HINDUNILVR.NS,lower,False,
2018-06-06,INFY.NS,upper,False,
2018-06-06,INFY.NS,lower,False,
2018-06-06,SBIN.NS,upper,False,
2018-06-06,SBIN.NS,lower,False,
2018-06-06,TATAMOTORS.NS,upper,False,
2018-06-06,TATAMOTORS.NS,lower,False,
2018-06-07,HINDUNILVR.NS,upper,False,
2018-06-07,HINDUNILVR.NS,lower,False,
2018-06-07,INFY.NS,upper,False,
2018-06-07,INFY.NS,lower,False,
2018-06-07,SBIN.NS,upper,False,
2018-06-07,SBIN.NS,lower,False,
2018-06-07,TATAMOTORS.NS,upper,False,
2018-06-07,TATAMOTORS.NS,lower,False,
2018-06-08,HINDUNILVR.NS,upper,False,
2018-06-08,HINDUNILVR.NS,lower,False,
2018-06-08,INFY.NS,upper,False,
2018-06-08,INFY.NS,lower,False,
2018-06-08,SBIN.NS,upper,False,
2018-06-08,SBIN.NS,lower,False,
2018-06-08,TATAMOTORS.NS,upper,False,
2018-06-08,TATAMOTORS.NS,lower,False,
2018-06-11,HINDUNILVR.NS,upper,False,
2018-06-11,HINDUNILVR.NS,lower,False,
2018-06-11,INFY.NS,upper,False,
2018-06-11,INFY.NS,lower,False,
2018-06-11,SBIN.NS,upper,False,
2018-06-11,SBIN.NS,lower,False,
2018-06-11,TATAMOTORS.NS,upper,False,
2018-06-11,TATAMOTORS.NS,lower,False,
2018-06-12,HINDUNILVR.NS,upper,False,
2018-06-12,HINDUNILVR.NS,lower,False,
2018-06-12,INFY.NS,upper,False,
2018-06-12,INFY.NS,lower,False,
2018-06-12,SBIN.NS,upper,False,
2018-06-12,SBIN.NS,lower,False,
2018-06-12,TATAMOTORS.NS,upper,False,
2018-06-12,TATAMOTORS.NS,lower,False,
2018-06-13,HINDUNILVR.NS,upper,False,
2018-06-13,HINDUNILVR.NS,lower,False,
2018-06-13,INFY.NS,upper,False,
2018-06-13,INFY.NS,lower,False,
2018-06-13,SBIN.NS,upper,False,
2018-06-13,SBIN.NS,lower,False,
2018-06-13,TATAMOTORS.NS,upper,False,
2018-06-13,TATAMOTORS.NS,lower,False,
2018-06-14,HINDUNILVR.NS,upper,False,
2018-06-14,HINDUNILVR.NS,lower,False,
2018-06-14,INFY.NS,upper,False,
2018-06-14,INFY.NS,lower,False,
2018-06-14,SBIN.NS,upper,False,
2018-06-14,SBIN.NS,lower,False,
2018-06-14,TATAMOTORS.NS,upper,False,
2018-06-14,TATAMOTORS.NS,lower,True,sparse
2018-06-15,HINDUNILVR.NS,upper,False,
2018-06-15,HINDUNILVR.NS,lower,False,
2018-06-15,INFY.NS,upper,False,
2018-06-15,INFY.NS,lower,False,
2018-06-15,SBIN.NS,upper,False,
2018-06-15,SBIN.NS,lower,False,
2018-06-15,TATAMOTORS.NS,upper,False,
2018-06-15,TATAMOTORS.NS,lower,True,sparse
2018-06-18,HINDUNILVR.NS,upper,False,
2018-06-18,HINDUNILVR.NS,lower,False,
2018-06-18,INFY.NS,upper,False,
2018-06-18,INFY.NS,lower,False,
2018-06-18,SBIN.NS,upper,False,
2018-06-18,SBIN.NS,lower,False,
2018-06-18,TATAMOTORS.NS,upper,False,
2018-06-18,TATAMOTORS.NS,lower,True,sparse
2018-06-19,HINDUNILVR.NS,upper,False,
2018-06-19,HINDUNILVR.NS,lower,False,
2018-06-19,INFY.NS,upper,False,
2018-06-19,INFY.NS,lower,False,
2018-06-19,SBIN.NS,upper,False,
2018-06-19,SBIN.NS,lower,False,
2018-06-19,TATAMOTORS.NS,upper,False,
2018-06-19,TATAMOTORS.NS,lower,False,
2018-06-20,HINDUNILVR.NS,upper,False,
2018-06-20,HINDUNILVR.NS,lower,False,
2018-06-20,INFY.NS,upper,False,
2018-06-20,INFY.NS,lower,False,
2018-06-20,SBIN.NS,upper,False,
2018-06-20,SBIN.NS,lower,False,
2018-06-20,TATAMOTORS.NS,upper,False,
2018-06-20,TATAMOTORS.NS,lower,False,
2018-06-21,HINDUNILVR.NS,upper,False,
2018-06-21,HINDUNILVR.NS,lower,False,
2018-06-21,INFY.NS,upper,False,
2018-06-21,INFY.NS,lower,False,
2018-06-21,SBIN.NS,upper,False,
2018-06-21,SBIN.NS,lower,False,
2018-06-21,TATAMOTORS.NS,upper,False,
2018-06-21,TATAMOTORS.NS,lower,False,
2018-06-22,HINDUNILVR.NS,upper,False,
2018-06-22,HINDUNILVR.NS,lower,False,
2018-06-22,INFY.NS,upper,False,
2018-06-22,INFY.NS,lower,False,
2018-06-22,SBIN.NS,upper,False,
2018-06-22,SBIN.NS,lower,False,
2018-06-22,TATAMOTORS.NS,upper,False,
2018-06-22,TATAMOTORS.NS,lower,False,
2018-06-25,HINDUNILVR.NS,upper,False,
2018-06-25,HINDUNILVR.NS,lower,False,
2018-06-25,INFY.NS,upper,False,
2018-06-25,INFY.NS,lower,False,
2018-06-25,SBIN.NS,upper,False,
2018-06-25,SBIN.NS,lower,False,
2018-06-25,TATAMOTORS.NS,upper,False,
2018-06-25,TATAMOTORS.NS,lower,False,
2018-06-26,HINDUNILVR.NS,upper,False,
2018-06-26,HINDUNILVR.NS,lower,False,
2018-06-26,INFY.NS,upper,False,
2018-06-26,INFY.NS,lower,False,
2018-06-26,SBIN.NS,upper,False,
2018-06-26,SBIN.NS,lower,False,
2018-06-26,TATAMOTORS.NS,upper,False,
2018-06-26,TATAMOTORS.NS,lower,False,
2018-06-27,HINDUNILVR.NS,upper,False,
2018-06-27,HINDUNILVR.NS,lower,False,
2018-06-27,INFY.NS,upper,False,
2018-06-27,INFY.NS,lower,False,
2018-06-27,SBIN.NS,upper,False,
2018-06-27,SBIN.NS,lower,False,
2018-06-27,TATAMOTORS.NS,upper,False,
2018-06-27,TATAMOTORS.NS,lower,True,sparse
2018-06-28,HINDUNILVR.NS,upper,False,
2018-06-28,HINDUNILVR.NS,lower,False,
2018-06-28,INFY.NS,upper,False,
2018-06-28,INFY.NS,lower,False,
2018-06-28,SBIN.NS,upper,False,
2018-06-28,SBIN.NS,lower,False,
2018-06-28,TATAMOTORS.NS,upper,False,
2018-06-28,TATAMOTORS.NS,lower,True,sparse
2018-06-29,HINDUNILVR.NS,upper,False,
2018-06-29,HINDUNILVR.NS,lower,False,
2018-06-29,INFY.NS,upper,False,
2018-06-29,INFY.NS,lower,False,
2018-06-29,SBIN.NS,upper,False,
2018-06-29,SBIN.NS,lower,False,
2018-06-29,TATAMOTORS.NS,upper,False,
2018-06-29,TATAMOTORS.NS,lower,True,sparse
2018-07-02,HINDUNILVR.NS,upper,False,
2018-07-02,HINDUNILVR.NS,lower,False,
2018-07-02,INFY.NS,upper,False,
2018-07-02,INFY.NS,lower,False,
2018-07-02,SBIN.NS,upper,False,
2018-07-02,SBIN.NS,lower,False,
2018-07-02,TATAMOTORS.NS,upper,False,
2018-07-02,TATAMOTORS.NS,lower,True,sparse
2018-07-03,HINDUNILVR.NS,upper,False,
2018-07-03,HINDUNILVR.NS,lower,False,
2018-07-03,INFY.NS,upper,False,
2018-07-03,INFY.NS,lower,False,
2018-07-03,SBIN.NS,upper,False,
2018-07-03,SBIN.NS,lower,False,
2018-07-03,TATAMOTORS.NS,upper,False,
2018-07-03,TATAMOTORS.NS,lower,True,sparse
2018-07-04,HINDUNILVR.NS,upper,False,
2018-07-04,HINDUNILVR.NS,lower,False,
2018-07-04,INFY.NS,upper,False,
2018-07-04,INFY.NS,lower,False,
2018-07-04,SBIN.NS,upper,False,
2018-07-04,SBIN.NS,lower,False,
2018-07-04,TATAMOTORS.NS,upper,False,
2018-07-04,TATAMOTORS.NS,lower,False,
2018-07-05,HINDUNILVR.NS,upper,False,
2018-07-05,HINDUNILVR.NS,lower,False,
2018-07-05,INFY.NS,upper,False,
2018-07-05,INFY.NS,lower,False,
2018-07-05,SBIN.NS,upper,False,
2018-07-05,SBIN.NS,lower,False,
2018-07-05,TATAMOTORS.NS,upper,False,
2018-07-05,TATAMOTORS.NS,lower,False,
2018-07-06,HINDUNILVR.NS,upper,False,
2018-07-06,HINDUNILVR.NS,lower,False,
2018-07-06,INFY.NS,upper,False,
2018-07-06,INFY.NS,lower,False,
2018-07-06,SBIN.NS,upper,False,
2018-07-06,SBIN.NS,lower,False,
2018-07-06,TATAMOTORS.NS,upper,False,
2018-07-06,TATAMOTORS.NS,lower,False,
2018-07-09,HINDUNILVR.NS,upper,False,
2018-07-09,HINDUNILVR.NS,lower,False,
2018-07-09,INFY.NS,upper,False,
2018-07-09,INFY.NS,lower,False,
2018-07-09,SBIN.NS,upper,False,
2018-07-09,SBIN.NS,lower,False,
2018-07-09,TATAMOTORS.NS,upper,False,
2018-07-09,TATAMOTORS.NS,lower,False,
2018-07-10,HINDUNILVR.NS,upper,False,
2018-07-10,HINDUNILVR.NS,lower,False,
2018-07-10,INFY.NS,upper,False,
2018-07-10,INFY.NS,lower,False,
2018-07-10,SBIN.NS,upper,False,
2018-07-10,SBIN.NS,lower,False,
2018-07-10,TATAMOTORS.NS,upper,False,
2018-07-10,TATAMOTORS.NS,lower,False,
2018-07-11,HINDUNILVR.NS,upper,False,
2018-07-11,HINDUNILVR.NS,lower,False,
2018-07-11,INFY.NS,upper,False,
2018-07-11,INFY.NS,lower,False,
2018-07-11,SBIN.NS,upper,False,
2018-07-11,SBIN.NS,lower,False,
2018-07-11,TATAMOTORS.NS,upper,False,
2018-07-11,TATAMOTORS.NS,lower,True,sparse
2018-07-12,HINDUNILVR.NS,upper,False,
2018-07-12,HINDUNILVR.NS,lower,False,
2018-07-12,INFY.NS,upper,False,
2018-07-12,INFY.NS,lower,False,
2018-07-12,SBIN.NS,upper,False,
2018-07-12,SBIN.NS,lower,False,
2018-07-12,TATAMOTORS.NS,upper,False,
2018-07-12,TATAMOTORS.NS,lower,True,sparse
2018-07-13,HINDUNILVR.NS,upper,False,
2018-07-13,HINDUNILVR.NS,lower,False,
2018-07-13,INFY.NS,upper,False,
2018-07-13,INFY.NS,lower,False,
2018-07-13,SBIN.NS,upper,False,
2018-07-13,SBIN.NS,lower,False,
2018-07-13,TATAMOTORS.NS,upper,False,
2018-07-13,TATAMOTORS.NS,lower,True,sparse
2018-07-16,HINDUNILVR.NS,upper,False,
2018-07-16,HINDUNILVR.NS,lower,False,
2018-07-16,INFY.NS,upper,False,
2018-07-16,INFY.NS,lower,False,
2018-07-16,SBIN.NS,upper,False,
2018-07-16,SBIN.NS,lower,False,
2018-07-16,TATAMOTORS.NS,upper,False,
2018-07-16,TATAMOTORS.NS,lower,True,sparse
2018-07-17,HINDUNILVR.NS,upper,False,
2018-07-17,HINDUNILVR.NS,lower,False,
2018-07-17,INFY.NS,upper,False,
2018-07-17,INFY.NS,lower,False,
2018-07-17,SBIN.NS,upper,False,
2018-07-17,SBIN.NS,lower,False,
2018-07-17,TATAMOTORS.NS,upper,False,
2018-07-17,TATAMOTORS.NS,lower,True,sparse
2018-07-18,HINDUNILVR.NS,upper,False,
2018-07-18,HINDUNILVR.NS,lower,False,
2018-07-18,INFY.NS,upper,False,
2018-07-18,INFY.NS,lower,False,
2018-07-18,SBIN.NS,upper,False,
2018-07-18,SBIN.NS,lower,False,
2018-07-18,TATAMOTORS.NS,upper,False,
2018-07-18,TATAMOTORS.NS,lower,True,sparse
2018-07-19,HINDUNILVR.NS,upper,False,
2018-07-19,HINDUNILVR.NS,lower,False,
2018-07-19,INFY.NS,upper,False,
2018-07-19,INFY.NS,lower,False,
2018-07-19,SBIN.NS,upper,False,
2018-07-19,SBIN.NS,lower,False,
2018-07-19,TATAMOTORS.NS,upper,False,
2018-07-19,TATAMOTORS.NS,lower,False,
2018-07-20,HINDUNILVR.NS,upper,False,
2018-07-20,HINDUNILVR.NS,lower,False,
2018-07-20,INFY.NS,upper,False,
2018-07-20,INFY.NS,lower,False,
2018-07-20,SBIN.NS,upper,False,
2018-07-20,SBIN.NS,lower,False,
2018-07-20,TATAMOTORS.NS,upper,False,
2018-07-20,TATAMOTORS.NS,lower,False,
2018-07-23,HINDUNILVR.NS,upper,False,
2018-07-23,HINDUNILVR.NS,lower,False,
2018-07-23,INFY.NS,upper,False,
2018-07-23,INFY.NS,lower,False,
2018-07-23,SBIN.NS,upper,False,
2018-07-23,SBIN.NS,lower,False,
2018-07-23,TATAMOTORS.NS,upper,False,
2018-07-23,TATAMOTORS.NS,lower,False,
2018-07-24,HINDUNILVR.NS,upper,False,
2018-07-24,HINDUNILVR.NS,lower,False,
2018-07-24,INFY.NS,upper,False,
2018-07-24,INFY.NS,lower,False,
2018-07-24,SBIN.NS,upper,False,
2018-07-24,SBIN.NS,lower,False,
2018-07-24,TATAMOTORS.NS,upper,False,
2018-07-24,TATAMOTORS.NS,lower,False,
2018-07-25,HINDUNILVR.NS,upper,False,
2018-07-25,HINDUNILVR.NS,lower,False,
2018-07-25,INFY.NS,upper,False,
2018-07-25,INFY.NS,lower,False,
2018-07-25,SBIN.NS,upper,False,
2018-07-25,SBIN.NS,lower,False,
2018-07-25,TATAMOTORS.NS,upper,False,
2018-07-25,TATAMOTORS.NS,lower,False,
2018-07-26,HINDUNILVR.NS,upper,False,
2018-07-26,HINDUNILVR.NS,lower,False,
2018-07-26,INFY.NS,upper,False,
2018-07-26,INFY.NS,lower,False,
2018-07-26,SBIN.NS,upper,False,
2018-07-26,SBIN.NS,lower,False,
2018-07-26,TATAMOTORS.NS,upper,False,
2018-07-26,TATAMOTORS.NS,lower,False,
2018-07-27,HINDUNILVR.NS,upper,False,
2018-07-27,HINDUNILVR.NS,lower,False,
2018-07-27,INFY.NS,upper,False,
2018-07-27,INFY.NS,lower,False,
2018-07-27,SBIN.NS,upper,False,
2018-07-27,SBIN.NS,lower,False,
2018-07-27,TATAMOTORS.NS,upper,False,
2018-07-27,TATAMOTORS.NS,lower,False,
2018-07-30,HINDUNILVR.NS,upper,False,
2018-07-30,HINDUNILVR.NS,lower,False,
2018-07-30,INFY.NS,upper,False,
2018-07-30,INFY.NS,lower,False,
2018-07-30,SBIN.NS,upper,False,
2018-07-30,SBIN.NS,lower,False,
2018-07-30,TATAMOTORS.NS,upper,False,
2018-07-30,TATAMOTORS.NS,lower,False,
2018-07-31,HINDUNILVR.NS,upper,False,
2018-07-31,HINDUNILVR.NS,lower,False,
2018-07-31,INFY.NS,upper,False,
2018-07-31,INFY.NS,lower,False,
2018-07-31,SBIN.NS,upper,False,
2018-07-31,SBIN.NS,lower,False,
2018-07-31,TATAMOTORS.NS,upper,False,
2018-07-31,TATAMOTORS.NS,lower,True,sparse
2018-08-01,HINDUNILVR.NS,upper,False,
2018-08-01,HINDUNILVR.NS,lower,False,
2018-08-01,INFY.NS,upper,False,
2018-08-01,INFY.NS,lower,False,
2018-08-01,SBIN.NS,upper,False,
2018-08-01,SBIN.NS,lower,False,
2018-08-01,TATAMOTORS.NS,upper,False,
2018-08-01,TATAMOTORS.NS,lower,True,sparse
2018-08-02,HINDUNILVR.NS,upper,False,
2018-08-02,HINDUNILVR.NS,lower,False,
2018-08-02,INFY.NS,upper,False,
2018-08-02,INFY.NS,lower,False,
2018-08-02,SBIN.NS,upper,False,
2018-08-02,SBIN.NS,lower,False,
2018-08-02,TATAMOTORS.NS,upper,False,
2018-08-02,TATAMOTORS.NS,lower,False,
2018-08-03,HINDUNILVR.NS,upper,False,
2018-08-03,HINDUNILVR.NS,lower,False,
2018-08-03,INFY.NS,upper,False,
2018-08-03,INFY.NS,lower,False,
2018-08-03,SBIN.NS,upper,False,
2018-08-03,SBIN.NS,lower,False,
2018-08-03,TATAMOTORS.NS,upper,False,
2018-08-03,TATAMOTORS.NS,lower,True,sparse
2018-08-06,HINDUNILVR.NS,upper,False,
2018-08-06,HINDUNILVR.NS,lower,False,
2018-08-06,INFY.NS,upper,False,
2018-08-06,INFY.NS,lower,False,
2018-08-06,SBIN.NS,upper,False,
2018-08-06,SBIN.NS,lower,False,
2018-08-06,TATAMOTORS.NS,upper,False,
2018-08-06,TATAMOTORS.NS,lower,True,sparse
2018-08-07,HINDUNILVR.NS,upper,False,
2018-08-07,HINDUNILVR.NS,lower,False,
2018-08-07,INFY.NS,upper,False,
2018-08-07,INFY.NS,lower,False,
2018-08-07,SBIN.NS,upper,False,
2018-08-07,SBIN.NS,lower,False,
2018-08-07,TATAMOTORS.NS,upper,False,
2018-08-07,TATAMOTORS.NS,lower,True,sparse
2018-08-08,HINDUNILVR.NS,upper,False,
2018-08-08,HINDUNILVR.NS,lower,False,
2018-08-08,INFY.NS,upper,False,
2018-08-08,INFY.NS,lower,False,
2018-08-08,SBIN.NS,upper,False,
2018-08-08,SBIN.NS,lower,False,
2018-08-08,TATAMOTORS.NS,upper,False,
2018-08-08,TATAMOTORS.NS,lower,True,sparse
2018-08-09,HINDUNILVR.NS,upper,False,
2018-08-09,HINDUNILVR.NS,lower,False,
2018-08-09,INFY.NS,upper,False,
2018-08-09,INFY.NS,lower,False,
2018-08-09,SBIN.NS,upper,False,
2018-08-09,SBIN.NS,lower,False,
2018-08-09,TATAMOTORS.NS,upper,False,
2018-08-09,TATAMOTORS.NS,lower,True,sparse
2018-08-10,HINDUNILVR.NS,upper,False,
2018-08-10,HINDUNILVR.NS,lower,False,
2018-08-10,INFY.NS,upper,False,
2018-08-10,INFY.NS,lower,False,
2018-08-10,SBIN.NS,upper,False,
2018-08-10,SBIN.NS,lower,False,
2018-08-10,TATAMOTORS.NS,upper,False,
2018-08-10,TATAMOTORS.NS,lower,True,sparse
2018-08-13,HINDUNILVR.NS,upper,False,
2018-08-13,HINDUNILVR.NS,lower,False,
2018-08-13,INFY.NS,upper,False,
2018-08-13,INFY.NS,lower,False,
2018-08-13,SBIN.NS,upper,False,
2018-08-13,SBIN.NS,lower,False,
2018-08-13,TATAMOTORS.NS,upper,False,
2018-08-13,TATAMOTORS.NS,lower,False,
2018-08-14,HINDUNILVR.NS,upper,False,
2018-08-14,HINDUNILVR.NS,lower,False,
2018-08-14,INFY.NS,upper,False,
2018-08-14,INFY.NS,lower,False,
2018-08-14,SBIN.NS,upper,False,
2018-08-14,SBIN.NS,lower,False,
2018-08-14,TATAMOTORS.NS,upper,False,
2018-08-14,TATAMOTORS.NS,lower,False,
2018-08-16,HINDUNILVR.NS,upper,False,
2018-08-16,HINDUNILVR.NS,lower,False,
2018-08-16,INFY.NS,upper,False,
2018-08-16,INFY.NS,lower,False,
2018-08-16,SBIN.NS,upper,False,
2018-08-16,SBIN.NS,lower,False,
2018-08-16,TATAMOTORS.NS,upper,False,
2018-08-16,TATAMOTORS.NS,lower,True,sparse
2018-08-17,HINDUNILVR.NS,upper,False,
2018-08-17,HINDUNILVR.NS,lower,False,
2018-08-17,INFY.NS,upper,False,
2018-08-17,INFY.NS,lower,False,
2018-08-17,SBIN.NS,upper,False,
2018-08-17,SBIN.NS,lower,False,
2018-08-17,TATAMOTORS.NS,upper,False,
2018-08-17,TATAMOTORS.NS,lower,True,sparse
2018-08-20,HINDUNILVR.NS,upper,False,
2018-08-20,HINDUNILVR.NS,lower,False,
2018-08-20,INFY.NS,upper,False,
2018-08-20,INFY.NS,lower,False,
2018-08-20,SBIN.NS,upper,False,
2018-08-20,SBIN.NS,lower,False,
2018-08-20,TATAMOTORS.NS,upper,False,
2018-08-20,TATAMOTORS.NS,lower,True,sparse
2018-08-21,HINDUNILVR.NS,upper,False,
2018-08-21,HINDUNILVR.NS,lower,False,
2018-08-21,INFY.NS,upper,False,
2018-08-21,INFY.NS,lower,False,
2018-08-21,SBIN.NS,upper,False,
2018-08-21,SBIN.NS,lower,False,
2018-08-21,TATAMOTORS.NS,upper,False,
2018-08-21,TATAMOTORS.NS,lower,True,sparse
2018-08-23,HINDUNILVR.NS,upper,False,
2018-08-23,HINDUNILVR.NS,lower,False,
2018-08-23,INFY.NS,upper,False,
2018-08-23,INFY.NS,lower,False,
2018-08-23,SBIN.NS,upper,False,
2018-08-23,SBIN.NS,lower,False,
2018-08-23,TATAMOTORS.NS,upper,False,
2018-08-23,TATAMOTORS.NS,lower,True,sparse
2018-08-24,HINDUNILVR.NS,upper,False,
2018-08-24,HINDUNILVR.NS,lower,False,
2018-08-24,INFY.NS,upper,False,
2018-08-24,INFY.NS,lower,False,
2018-08-24,SBIN.NS,upper,False,
2018-08-24,SBIN.NS,lower,False,
2018-08-24,TATAMOTORS.NS,upper,False,
2018-08-24,TATAMOTORS.NS,lower,True,sparse
2018-08-27,HINDUNILVR.NS,upper,False,
2018-08-27,HINDUNILVR.NS,lower,False,
2018-08-27,INFY.NS,upper,False,
2018-08-27,INFY.NS,lower,False,
2018-08-27,SBIN.NS,upper,False,
2018-08-27,SBIN.NS,lower,False,
2018-08-27,TATAMOTORS.NS,upper,False,
2018-08-27,TATAMOTORS.NS,lower,True,sparse
2018-08-28,HINDUNILVR.NS,upper,False,
2018-08-28,HINDUNILVR.NS,lower,False,
2018-08-28,INFY.NS,upper,False,
2018-08-28,INFY.NS,lower,False,
2018-08-28,SBIN.NS,upper,False,
2018-08-28,SBIN.NS,lower,False,
2018-08-28,TATAMOTORS.NS,upper,False,
2018-08-28,TATAMOTORS.NS,lower,True,sparse
2018-08-29,HINDUNILVR.NS,upper,False,
2018-08-29,HINDUNILVR.NS,lower,False,
2018-08-29,INFY.NS,upper,False,
2018-08-29,INFY.NS,lower,False,
2018-08-29,SBIN.NS,upper,False,
2018-08-29,SBIN.NS,lower,False,
2018-08-29,TATAMOTORS.NS,upper,False,
2018-08-29,TATAMOTORS.NS,lower,True,sparse
2018-08-30,HINDUNILVR.NS,upper,False,
2018-08-30,HINDUNILVR.NS,lower,False,
2018-08-30,INFY.NS,upper,False,
2018-08-30,INFY.NS,lower,False,
2018-08-30,SBIN.NS,upper,False,
2018-08-30,SBIN.NS,lower,False,
2018-08-30,TATAMOTORS.NS,upper,False,
2018-08-30,TATAMOTORS.NS,lower,True,sparse
2018-08-31,HINDUNILVR.NS,upper,False,
2018-08-31,HINDUNILVR.NS,lower,False,
2018-08-31,INFY.NS,upper,False,
2018-08-31,INFY.NS,lower,False,
2018-08-31,SBIN.NS,upper,False,
2018-08-31,SBIN.NS,lower,False,
2018-08-31,TATAMOTORS.NS,upper,False,
2018-08-31,TATAMOTORS.NS,lower,True,sparse
2018-09-03,HINDUNILVR.NS,upper,False,
2018-09-03,HINDUNILVR.NS,lower,False,
2018-09-03,INFY.NS,upper,False,
2018-09-03,INFY.NS,lower,False,
2018-09-03,SBIN.NS,upper,False,
2018-09-03,SBIN.NS,lower,False,
2018-09-03,TATAMOTORS.NS,upper,False,
2018-09-03,TATAMOTORS.NS,lower,True,sparse
2018-09-04,HINDUNILVR.NS,upper,False,
2018-09-04,HINDUNILVR.NS,lower,False,
2018-09-04,INFY.NS,upper,False,
2018-09-04,INFY.NS,lower,False,
2018-09-04,SBIN.NS,upper,False,
2018-09-04,SBIN.NS,lower,False,
2018-09-04,TATAMOTORS.NS,upper,False,
2018-09-04,TATAMOTORS.NS,lower,True,sparse
2018-09-05,HINDUNILVR.NS,upper,False,
2018-09-05,HINDUNILVR.NS,lower,False,
2018-09-05,INFY.NS,upper,False,
2018-09-05,INFY.NS,lower,False,
2018-09-05,SBIN.NS,upper,False,
2018-09-05,SBIN.NS,lower,False,
2018-09-05,TATAMOTORS.NS,upper,False,
2018-09-05,TATAMOTORS.NS,lower,True,sparse
2018-09-06,HINDUNILVR.NS,upper,False,
2018-09-06,HINDUNILVR.NS,lower,False,
2018-09-06,INFY.NS,upper,False,
2018-09-06,INFY.NS,lower,False,
2018-09-06,SBIN.NS,upper,False,
2018-09-06,SBIN.NS,lower,False,
2018-09-06,TATAMOTORS.NS,upper,False,
2018-09-06,TATAMOTORS.NS,lower,True,sparse
2018-09-07,HINDUNILVR.NS,upper,False,
2018-09-07,HINDUNILVR.NS,lower,False,
2018-09-07,INFY.NS,upper,False,
2018-09-07,INFY.NS,lower,False,
2018-09-07,SBIN.NS,upper,False,
2018-09-07,SBIN.NS,lower,False,
2018-09-07,TATAMOTORS.NS,upper,False,
2018-09-07,TATAMOTORS.NS,lower,True,sparse
2018-09-10,HINDUNILVR.NS,upper,False,
2018-09-10,HINDUNILVR.NS,lower,False,
2018-09-10,INFY.NS,upper,False,
2018-09-10,INFY.NS,lower,False,
2018-09-10,SBIN.NS,upper,False,
2018-09-10,SBIN.NS,lower,False,
2018-09-10,TATAMOTORS.NS,upper,False,
2018-09-10,TATAMOTORS.NS,lower,True,sparse
2018-09-11,HINDUNILVR.NS,upper,False,
2018-09-11,HINDUNILVR.NS,lower,False,
2018-09-11,INFY.NS,upper,False,
2018-09-11,INFY.NS,lower,False,
2018-09-11,SBIN.NS,upper,False,
2018-09-11,SBIN.NS,lower,False,
2018-09-11,TATAMOTORS.NS,upper,False,
2018-09-11,TATAMOTORS.NS,lower,True,sparse
2018-09-12,HINDUNILVR.NS,upper,False,
2018-09-12,HINDUNILVR.NS,lower,True,invalid
2018-09-12,INFY.NS,upper,False,
2018-09-12,INFY.NS,lower,False,
2018-09-12,SBIN.NS,upper,False,
2018-09-12,SBIN.NS,lower,False,
2018-09-12,TATAMOTORS.NS,upper,False,
2018-09-12,TATAMOTORS.NS,lower,True,sparse
2018-09-14,HINDUNILVR.NS,upper,False,
2018-09-14,HINDUNILVR.NS,lower,False,
2018-09-14,INFY.NS,upper,False,
2018-09-14,INFY.NS,lower,False,
2018-09-14,SBIN.NS,upper,False,
2018-09-14,SBIN.NS,lower,False,
2018-09-14,TATAMOTORS.NS,upper,False,
2018-09-14,TATAMOTORS.NS,lower,True,sparse
2018-09-17,HINDUNILVR.NS,upper,False,
2018-09-17,HINDUNILVR.NS,lower,False,
2018-09-17,INFY.NS,upper,False,
2018-09-17,INFY.NS,lower,False,
2018-09-17,SBIN.NS,upper,False,
2018-09-17,SBIN.NS,lower,False,
2018-09-17,TATAMOTORS.NS,upper,False,
2018-09-17,TATAMOTORS.NS,lower,True,sparse
2018-09-18,HINDUNILVR.NS,upper,False,
2018-09-18,HINDUNILVR.NS,lower,True,invalid
2018-09-18,INFY.NS,upper,False,
2018-09-18,INFY.NS,lower,False,
2018-09-18,SBIN.NS,upper,False,
2018-09-18,SBIN.NS,lower,False,
2018-09-18,TATAMOTORS.NS,upper,False,
2018-09-18,TATAMOTORS.NS,lower,True,sparse
2018-09-19,HINDUNILVR.NS,upper,False,
2018-09-19,HINDUNILVR.NS,lower,True,sparse
2018-09-19,INFY.NS,upper,False,
2018-09-19,INFY.NS,lower,False,
2018-09-19,SBIN.NS,upper,False,
2018-09-19,SBIN.NS,lower,False,
2018-09-19,TATAMOTORS.NS,upper,False,
2018-09-19,TATAMOTORS.NS,lower,False,
2018-09-21,HINDUNILVR.NS,upper,False,
2018-09-21,HINDUNILVR.NS,lower,True,sparse
2018-09-21,INFY.NS,upper,False,
2018-09-21,INFY.NS,lower,False,
2018-09-21,SBIN.NS,upper,False,
2018-09-21,SBIN.NS,lower,False,
2018-09-21,TATAMOTORS.NS,upper,False,
2018-09-21,TATAMOTORS.NS,lower,True,sparse
2018-09-24,HINDUNILVR.NS,upper,False,
2018-09-24,HINDUNILVR.NS,lower,True,sparse
2018-09-24,INFY.NS,upper,False,
2018-09-24,INFY.NS,lower,False,
2018-09-24,SBIN.NS,upper,False,
2018-09-24,SBIN.NS,lower,False,
2018-09-24,TATAMOTORS.NS,upper,False,
2018-09-24,TATAMOTORS.NS,lower,True,sparse
2018-09-25,HINDUNILVR.NS,upper,False,
2018-09-25,HINDUNILVR.NS,lower,True,sparse
2018-09-25,INFY.NS,upper,False,
2018-09-25,INFY.NS,lower,False,
2018-09-25,SBIN.NS,upper,False,
2018-09-25,SBIN.NS,lower,False,
2018-09-25,TATAMOTORS.NS,upper,False,
2018-09-25,TATAMOTORS.NS,lower,False,
2018-09-26,HINDUNILVR.NS,upper,False,
2018-09-26,HINDUNILVR.NS,lower,False,
2018-09-26,INFY.NS,upper,False,
2018-09-26,INFY.NS,lower,False,
2018-09-26,SBIN.NS,upper,False,
2018-09-26,SBIN.NS,lower,False,
2018-09-26,TATAMOTORS.NS,upper,False,
2018-09-26,TATAMOTORS.NS,lower,False,
2018-09-27,HINDUNILVR.NS,upper,False,
2018-09-27,HINDUNILVR.NS,lower,False,
2018-09-27,INFY.NS,upper,False,
2018-09-27,INFY.NS,lower,False,
2018-09-27,SBIN.NS,upper,False,
2018-09-27,SBIN.NS,lower,False,
2018-09-27,TATAMOTORS.NS,upper,False,
2018-09-27,TATAMOTORS.NS,lower,False,
2018-09-28,HINDUNILVR.NS,upper,False,
2018-09-28,HINDUNILVR.NS,lower,False,
2018-09-28,INFY.NS,upper,False,
2018-09-28,INFY.NS,lower,False,
2018-09-28,SBIN.NS,upper,False,
2018-09-28,SBIN.NS,lower,False,
2018-09-28,TATAMOTORS.NS,upper,False,
2018-09-28,TATAMOTORS.NS,lower,False,
2018-10-01,HINDUNILVR.NS,upper,False,
2018-10-01,HINDUNILVR.NS,lower,True,sparse
2018-10-01,INFY.NS,upper,False,
2018-10-01,INFY.NS,lower,False,
2018-10-01,SBIN.NS,upper,False,
2018-10-01,SBIN.NS,lower,False,
2018-10-01,TATAMOTORS.NS,upper,False,
2018-10-01,TATAMOTORS.NS,lower,False,
2018-10-03,HINDUNILVR.NS,upper,False,
2018-10-03,HINDUNILVR.NS,lower,True,invalid
2018-10-03,INFY.NS,upper,False,
2018-10-03,INFY.NS,lower,False,
2018-10-03,SBIN.NS,upper,False,
2018-10-03,SBIN.NS,lower,False,
2018-10-03,TATAMOTORS.NS,upper,False,
2018-10-03,TATAMOTORS.NS,lower,False,
2018-10-04,HINDUNILVR.NS,upper,False,
2018-10-04,HINDUNILVR.NS,lower,True,invalid
2018-10-04,INFY.NS,upper,False,
2018-10-04,INFY.NS,lower,False,
2018-10-04,SBIN.NS,upper,False,
2018-10-04,SBIN.NS,lower,False,
2018-10-04,TATAMOTORS.NS,upper,False,
2018-10-04,TATAMOTORS.NS,lower,False,
2018-10-05,HINDUNILVR.NS,upper,False,
2018-10-05,HINDUNILVR.NS,lower,False,
2018-10-05,INFY.NS,upper,False,
2018-10-05,INFY.NS,lower,False,
2018-10-05,SBIN.NS,upper,False,
2018-10-05,SBIN.NS,lower,False,
2018-10-05,TATAMOTORS.NS,upper,False,
2018-10-05,TATAMOTORS.NS,lower,False,
2018-10-08,HINDUNILVR.NS,upper,False,
2018-10-08,HINDUNILVR.NS,lower,False,
2018-10-08,INFY.NS,upper,False,
2018-10-08,INFY.NS,lower,False,
2018-10-08,SBIN.NS,upper,False,
2018-10-08,SBIN.NS,lower,False,
2018-10-08,TATAMOTORS.NS,upper,False,
2018-10-08,TATAMOTORS.NS,lower,False,
2018-10-09,HINDUNILVR.NS,upper,False,
2018-10-09,HINDUNILVR.NS,lower,False,
2018-10-09,INFY.NS,upper,False,
2018-10-09,INFY.NS,lower,False,
2018-10-09,SBIN.NS,upper,False,
2018-10-09,SBIN.NS,lower,False,
2018-10-09,TATAMOTORS.NS,upper,False,
2018-10-09,TATAMOTORS.NS,lower,True,sparse
2018-10-10,HINDUNILVR.NS,upper,False,
2018-10-10,HINDUNILVR.NS,lower,False,
2018-10-10,INFY.NS,upper,False,
2018-10-10,INFY.NS,lower,False,
2018-10-10,SBIN.NS,upper,False,
2018-10-10,SBIN.NS,lower,False,
2018-10-10,TATAMOTORS.NS,upper,False,
2018-10-10,TATAMOTORS.NS,lower,False,
2018-10-11,HINDUNILVR.NS,upper,False,
2018-10-11,HINDUNILVR.NS,lower,False,
2018-10-11,INFY.NS,upper,False,
2018-10-11,INFY.NS,lower,False,
2018-10-11,SBIN.NS,upper,False,
2018-10-11,SBIN.NS,lower,False,
2018-10-11,TATAMOTORS.NS,upper,False,
2018-10-11,TATAMOTORS.NS,lower,False,
2018-10-12,HINDUNILVR.NS,upper,False,
2018-10-12,HINDUNILVR.NS,lower,False,
2018-10-12,INFY.NS,upper,False,
2018-10-12,INFY.NS,lower,False,
2018-10-12,SBIN.NS,upper,False,
2018-10-12,SBIN.NS,lower,True,sparse
2018-10-12,TATAMOTORS.NS,upper,False,
2018-10-12,TATAMOTORS.NS,lower,False,
2018-10-15,HINDUNILVR.NS,upper,False,
2018-10-15,HINDUNILVR.NS,lower,False,
2018-10-15,INFY.NS,upper,False,
2018-10-15,INFY.NS,lower,False,
2018-10-15,SBIN.NS,upper,False,
2018-10-15,SBIN.NS,lower,False,
2018-10-15,TATAMOTORS.NS,upper,False,
2018-10-15,TATAMOTORS.NS,lower,False,
2018-10-16,HINDUNILVR.NS,upper,False,
2018-10-16,HINDUNILVR.NS,lower,False,
2018-10-16,INFY.NS,upper,False,
2018-10-16,INFY.NS,lower,False,
2018-10-16,SBIN.NS,upper,False,
2018-10-16,SBIN.NS,lower,True,sparse
2018-10-16,TATAMOTORS.NS,upper,False,
2018-10-16,TATAMOTORS.NS,lower,False,
2018-10-17,HINDUNILVR.NS,upper,False,
2018-10-17,HINDUNILVR.NS,lower,False,
2018-10-17,INFY.NS,upper,False,
2018-10-17,INFY.NS,lower,False,
2018-10-17,SBIN.NS,upper,False,
2018-10-17,SBIN.NS,lower,False,
2018-10-17,TATAMOTORS.NS,upper,False,
2018-10-17,TATAMOTORS.NS,lower,False,
2018-10-19,HINDUNILVR.NS,upper,False,
2018-10-19,HINDUNILVR.NS,lower,False,
2018-10-19,INFY.NS,upper,False,
2018-10-19,INFY.NS,lower,False,
2018-10-19,SBIN.NS,upper,False,
2018-10-19,SBIN.NS,lower,False,
2018-10-19,TATAMOTORS.NS,upper,False,
2018-10-19,TATAMOTORS.NS,lower,False,
2018-10-22,HINDUNILVR.NS,upper,False,
2018-10-22,HINDUNILVR.NS,lower,False,
2018-10-22,INFY.NS,upper,False,
2018-10-22,INFY.NS,lower,False,
2018-10-22,SBIN.NS,upper,False,
2018-10-22,SBIN.NS,lower,True,sparse
2018-10-22,TATAMOTORS.NS,upper,False,
2018-10-22,TATAMOTORS.NS,lower,False,
2018-10-23,HINDUNILVR.NS,upper,False,
2018-10-23,HINDUNILVR.NS,lower,False,
2018-10-23,INFY.NS,upper,False,
2018-10-23,INFY.NS,lower,False,
2018-10-23,SBIN.NS,upper,False,
2018-10-23,SBIN.NS,lower,False,
2018-10-23,TATAMOTORS.NS,upper,False,
2018-10-23,TATAMOTORS.NS,lower,False,
2018-10-24,HINDUNILVR.NS,upper,False,
2018-10-24,HINDUNILVR.NS,lower,False,
2018-10-24,INFY.NS,upper,False,
2018-10-24,INFY.NS,lower,False,
2018-10-24,SBIN.NS,upper,False,
2018-10-24,SBIN.NS,lower,False,
2018-10-24,TATAMOTORS.NS,upper,False,
2018-10-24,TATAMOTORS.NS,lower,False,
2018-10-25,HINDUNILVR.NS,upper,False,
2018-10-25,HINDUNILVR.NS,lower,False,
2018-10-25,INFY.NS,upper,False,
2018-10-25,INFY.NS,lower,False,
2018-10-25,SBIN.NS,upper,False,
2018-10-25,SBIN.NS,lower,False,
2018-10-25,TATAMOTORS.NS,upper,False,
2018-10-25,TATAMOTORS.NS,lower,False,
2018-10-26,HINDUNILVR.NS,upper,False,
2018-10-26,HINDUNILVR.NS,lower,False,
2018-10-26,INFY.NS,upper,False,
2018-10-26,INFY.NS,lower,False,
2018-10-26,SBIN.NS,upper,False,
2018-10-26,SBIN.NS,lower,False,
2018-10-26,TATAMOTORS.NS,upper,False,
2018-10-26,TATAMOTORS.NS,lower,False,
2018-10-29,HINDUNILVR.NS,upper,False,
2018-10-29,HINDUNILVR.NS,lower,False,
2018-10-29,INFY.NS,upper,False,
2018-10-29,INFY.NS,lower,False,
2018-10-29,SBIN.NS,upper,False,
2018-10-29,SBIN.NS,lower,True,sparse
2018-10-29,TATAMOTORS.NS,upper,False,
2018-10-29,TATAMOTORS.NS,lower,False,
2018-10-30,HINDUNILVR.NS,upper,False,
2018-10-30,HINDUNILVR.NS,lower,False,
2018-10-30,INFY.NS,upper,False,
2018-10-30,INFY.NS,lower,False,
2018-10-30,SBIN.NS,upper,False,
2018-10-30,SBIN.NS,lower,True,sparse
2018-10-30,TATAMOTORS.NS,upper,False,
2018-10-30,TATAMOTORS.NS,lower,False,
2018-10-31,HINDUNILVR.NS,upper,False,
2018-10-31,HINDUNILVR.NS,lower,False,
2018-10-31,INFY.NS,upper,False,
2018-10-31,INFY.NS,lower,False,
2018-10-31,SBIN.NS,upper,False,
2018-10-31,SBIN.NS,lower,True,sparse
2018-10-31,TATAMOTORS.NS,upper,False,
2018-10-31,TATAMOTORS.NS,lower,False,
2018-11-01,HINDUNILVR.NS,upper,False,
2018-11-01,HINDUNILVR.NS,lower,False,
2018-11-01,INFY.NS,upper,False,
2018-11-01,INFY.NS,lower,False,
2018-11-01,SBIN.NS,upper,False,
2018-11-01,SBIN.NS,lower,False,
2018-11-01,TATAMOTORS.NS,upper,False,
2018-11-01,TATAMOTORS.NS,lower,False,
2018-11-02,HINDUNILVR.NS,upper,False,
2018-11-02,HINDUNILVR.NS,lower,False,
2018-11-02,INFY.NS,upper,False,
2018-11-02,INFY.NS,lower,False,
2018-11-02,SBIN.NS,upper,False,
2018-11-02,SBIN.NS,lower,False,
2018-11-02,TATAMOTORS.NS,upper,False,
2018-11-02,TATAMOTORS.NS,lower,False,
2018-11-05,HINDUNILVR.NS,upper,False,
2018-11-05,HINDUNILVR.NS,lower,False,
2018-11-05,INFY.NS,upper,False,
2018-11-05,INFY.NS,lower,False,
2018-11-05,SBIN.NS,upper,False,
2018-11-05,SBIN.NS,lower,False,
2018-11-05,TATAMOTORS.NS,upper,False,
2018-11-05,TATAMOTORS.NS,lower,False,
2018-11-06,HINDUNILVR.NS,upper,False,
2018-11-06,HINDUNILVR.NS,lower,False,
2018-11-06,INFY.NS,upper,False,
2018-11-06,INFY.NS,lower,False,
2018-11-06,SBIN.NS,upper,False,
2018-11-06,SBIN.NS,lower,False,
2018-11-06,TATAMOTORS.NS,upper,False,
2018-11-06,TATAMOTORS.NS,lower,False,
2018-11-07,HINDUNILVR.NS,upper,False,
2018-11-07,HINDUNILVR.NS,lower,False,
2018-11-07,INFY.NS,upper,False,
2018-11-07,INFY.NS,lower,False,
2018-11-07,SBIN.NS,upper,False,
2018-11-07,SBIN.NS,lower,False,
2018-11-07,TATAMOTORS.NS,upper,False,
2018-11-07,TATAMOTORS.NS,lower,False,
2018-11-09,HINDUNILVR.NS,upper,False,
2018-11-09,HINDUNILVR.NS,lower,False,
2018-11-09,INFY.NS,upper,False,
2018-11-09,INFY.NS,lower,False,
2018-11-09,SBIN.NS,upper,False,
2018-11-09,SBIN.NS,lower,False,
2018-11-09,TATAMOTORS.NS,upper,False,
2018-11-09,TATAMOTORS.NS,lower,False,
2018-11-12,HINDUNILVR.NS,upper,False,
2018-11-12,HINDUNILVR.NS,lower,False,
2018-11-12,INFY.NS,upper,False,
2018-11-12,INFY.NS,lower,False,
2018-11-12,SBIN.NS,upper,False,
2018-11-12,SBIN.NS,lower,False,
2018-11-12,TATAMOTORS.NS,upper,False,
2018-11-12,TATAMOTORS.NS,lower,False,
2018-11-13,HINDUNILVR.NS,upper,False,
2018-11-13,HINDUNILVR.NS,lower,False,
2018-11-13,INFY.NS,upper,False,
2018-11-13,INFY.NS,lower,False,
2018-11-13,SBIN.NS,upper,False,
2018-11-13,SBIN.NS,lower,False,
2018-11-13,TATAMOTORS.NS,upper,False,
2018-11-13,TATAMOTORS.NS,lower,False,
2018-11-14,HINDUNILVR.NS,upper,False,
2018-11-14,HINDUNILVR.NS,lower,False,
2018-11-14,INFY.NS,upper,False,
2018-11-14,INFY.NS,lower,False,
2018-11-14,SBIN.NS,upper,False,
2018-11-14,SBIN.NS,lower,False,
2018-11-14,TATAMOTORS.NS,upper,False,
2018-11-14,TATAMOTORS.NS,lower,False,
2018-11-15,HINDUNILVR.NS,upper,False,
2018-11-15,HINDUNILVR.NS,lower,False,
2018-11-15,INFY.NS,upper,False,
2018-11-15,INFY.NS,lower,False,
2018-11-15,SBIN.NS,upper,False,
2018-11-15,SBIN.NS,lower,True,sparse
2018-11-15,TATAMOTORS.NS,upper,False,
2018-11-15,TATAMOTORS.NS,lower,False,
2018-11-16,HINDUNILVR.NS,upper,False,
2018-11-16,HINDUNILVR.NS,lower,False,
2018-11-16,INFY.NS,upper,False,
2018-11-16,INFY.NS,lower,False,
2018-11-16,SBIN.NS,upper,False,
2018-11-16,SBIN.NS,lower,True,sparse
2018-11-16,TATAMOTORS.NS,upper,False,
2018-11-16,TATAMOTORS.NS,lower,False,
2018-11-19,HINDUNILVR.NS,upper,False,
2018-11-19,HINDUNILVR.NS,lower,False,
2018-11-19,INFY.NS,upper,False,
2018-11-19,INFY.NS,lower,False,
2018-11-19,SBIN.NS,upper,False,
2018-11-19,SBIN.NS,lower,False,
2018-11-19,TATAMOTORS.NS,upper,False,
2018-11-19,TATAMOTORS.NS,lower,False,
2018-11-20,HINDUNILVR.NS,upper,False,
2018-11-20,HINDUNILVR.NS,lower,False,
2018-11-20,INFY.NS,upper,False,
2018-11-20,INFY.NS,lower,False,
2018-11-20,SBIN.NS,upper,False,
2018-11-20,SBIN.NS,lower,True,sparse
2018-11-20,TATAMOTORS.NS,upper,False,
2018-11-20,TATAMOTORS.NS,lower,False,
2018-11-21,HINDUNILVR.NS,upper,False,
2018-11-21,HINDUNILVR.NS,lower,False,
2018-11-21,INFY.NS,upper,False,
2018-11-21,INFY.NS,lower,False,
2018-11-21,SBIN.NS,upper,False,
2018-11-21,SBIN.NS,lower,True,sparse
2018-11-21,TATAMOTORS.NS,upper,False,
2018-11-21,TATAMOTORS.NS,lower,False,
2018-11-22,HINDUNILVR.NS,upper,False,
2018-11-22,HINDUNILVR.NS,lower,False,
2018-11-22,INFY.NS,upper,False,
2018-11-22,INFY.NS,lower,False,
2018-11-22,SBIN.NS,upper,False,
2018-11-22,SBIN.NS,lower,True,sparse
2018-11-22,TATAMOTORS.NS,upper,False,
2018-11-22,TATAMOTORS.NS,lower,False,
2018-11-26,HINDUNILVR.NS,upper,False,
2018-11-26,HINDUNILVR.NS,lower,False,
2018-11-26,INFY.NS,upper,False,
2018-11-26,INFY.NS,lower,False,
2018-11-26,SBIN.NS,upper,False,
2018-11-26,SBIN.NS,lower,True,sparse
2018-11-26,TATAMOTORS.NS,upper,False,
2018-11-26,TATAMOTORS.NS,lower,False,
2018-11-27,HINDUNILVR.NS,upper,False,
2018-11-27,HINDUNILVR.NS,lower,False,
2018-11-27,INFY.NS,upper,False,
2018-11-27,INFY.NS,lower,False,
2018-11-27,SBIN.NS,upper,False,
2018-11-27,SBIN.NS,lower,True,sparse
2018-11-27,TATAMOTORS.NS,upper,False,
2018-11-27,TATAMOTORS.NS,lower,False,
2018-11-28,HINDUNILVR.NS,upper,False,
2018-11-28,HINDUNILVR.NS,lower,False,
2018-11-28,INFY.NS,upper,False,
2018-11-28,INFY.NS,lower,False,
2018-11-28,SBIN.NS,upper,False,
2018-11-28,SBIN.NS,lower,True,sparse
2018-11-28,TATAMOTORS.NS,upper,False,
2018-11-28,TATAMOTORS.NS,lower,False,
2018-11-29,HINDUNILVR.NS,upper,False,
2018-11-29,HINDUNILVR.NS,lower,False,
2018-11-29,INFY.NS,upper,False,
2018-11-29,INFY.NS,lower,False,
2018-11-29,SBIN.NS,upper,False,
2018-11-29,SBIN.NS,lower,True,sparse
2018-11-29,TATAMOTORS.NS,upper,False,
2018-11-29,TATAMOTORS.NS,lower,False,
2018-11-30,HINDUNILVR.NS,upper,False,
2018-11-30,HINDUNILVR.NS,lower,False,
2018-11-30,INFY.NS,upper,False,
2018-11-30,INFY.NS,lower,False,
2018-11-30,SBIN.NS,upper,False,
2018-11-30,SBIN.NS,lower,True,sparse
2018-11-30,TATAMOTORS.NS,upper,False,
2018-11-30,TATAMOTORS.NS,lower,False,
2018-12-03,HINDUNILVR.NS,upper,False,
2018-12-03,HINDUNILVR.NS,lower,False,
2018-12-03,INFY.NS,upper,False,
2018-12-03,INFY.NS,lower,False,
2018-12-03,SBIN.NS,upper,False,
2018-12-03,SBIN.NS,lower,True,sparse
2018-12-03,TATAMOTORS.NS,upper,False,
2018-12-03,TATAMOTORS.NS,lower,False,
2018-12-04,HINDUNILVR.NS,upper,False,
2018-12-04,HINDUNILVR.NS,lower,False,
2018-12-04,INFY.NS,upper,False,
2018-12-04,INFY.NS,lower,False,
2018-12-04,SBIN.NS,upper,False,
2018-12-04,SBIN.NS,lower,True,sparse
2018-12-04,TATAMOTORS.NS,upper,False,
2018-12-04,TATAMOTORS.NS,lower,False,
2018-12-05,HINDUNILVR.NS,upper,False,
2018-12-05,HINDUNILVR.NS,lower,False,
2018-12-05,INFY.NS,upper,False,
2018-12-05,INFY.NS,lower,False,
2018-12-05,SBIN.NS,upper,False,
2018-12-05,SBIN.NS,lower,True,sparse
2018-12-05,TATAMOTORS.NS,upper,False,
2018-12-05,TATAMOTORS.NS,lower,False,
2018-12-06,HINDUNILVR.NS,upper,False,
2018-12-06,HINDUNILVR.NS,lower,False,
2018-12-06,INFY.NS,upper,False,
2018-12-06,INFY.NS,lower,False,
2018-12-06,SBIN.NS,upper,False,
2018-12-06,SBIN.NS,lower,True,sparse
2018-12-06,TATAMOTORS.NS,upper,False,
2018-12-06,TATAMOTORS.NS,lower,False,
2018-12-07,HINDUNILVR.NS,upper,False,
2018-12-07,HINDUNILVR.NS,lower,False,
2018-12-07,INFY.NS,upper,False,
2018-12-07,INFY.NS,lower,False,
2018-12-07,SBIN.NS,upper,False,
2018-12-07,SBIN.NS,lower,True,sparse
2018-12-07,TATAMOTORS.NS,upper,False,
2018-12-07,TATAMOTORS.NS,lower,False,
2018-12-10,HINDUNILVR.NS,upper,False,
2018-12-10,HINDUNILVR.NS,lower,False,
2018-12-10,INFY.NS,upper,False,
2018-12-10,INFY.NS,lower,False,
2018-12-10,SBIN.NS,upper,False,
2018-12-10,SBIN.NS,lower,True,sparse
2018-12-10,TATAMOTORS.NS,upper,False,
2018-12-10,TATAMOTORS.NS,lower,False,
2018-12-11,HINDUNILVR.NS,upper,False,
2018-12-11,HINDUNILVR.NS,lower,False,
2018-12-11,INFY.NS,upper,False,
2018-12-11,INFY.NS,lower,False,
2018-12-11,SBIN.NS,upper,False,
2018-12-11,SBIN.NS,lower,True,sparse
2018-12-11,TATAMOTORS.NS,upper,False,
2018-12-11,TATAMOTORS.NS,lower,False,
2018-12-12,HINDUNILVR.NS,upper,False,
2018-12-12,HINDUNILVR.NS,lower,False,
2018-12-12,INFY.NS,upper,False,
2018-12-12,INFY.NS,lower,False,
2018-12-12,SBIN.NS,upper,False,
2018-12-12,SBIN.NS,lower,True,sparse
2018-12-12,TATAMOTORS.NS,upper,False,
2018-12-12,TATAMOTORS.NS,lower,False,
2018-12-13,HINDUNILVR.NS,upper,False,
2018-12-13,HINDUNILVR.NS,lower,False,
2018-12-13,INFY.NS,upper,False,
2018-12-13,INFY.NS,lower,False,
2018-12-13,SBIN.NS,upper,False,
2018-12-13,SBIN.NS,lower,True,sparse
2018-12-13,TATAMOTORS.NS,upper,False,
2018-12-13,TATAMOTORS.NS,lower,False,
2018-12-14,HINDUNILVR.NS,upper,False,
2018-12-14,HINDUNILVR.NS,lower,False,
2018-12-14,INFY.NS,upper,False,
2018-12-14,INFY.NS,lower,False,
2018-12-14,SBIN.NS,upper,False,
2018-12-14,SBIN.NS,lower,True,sparse
2018-12-14,TATAMOTORS.NS,upper,False,
2018-12-14,TATAMOTORS.NS,lower,False,
2018-12-17,HINDUNILVR.NS,upper,False,
2018-12-17,HINDUNILVR.NS,lower,False,
2018-12-17,INFY.NS,upper,False,
2018-12-17,INFY.NS,lower,False,
2018-12-17,SBIN.NS,upper,False,
2018-12-17,SBIN.NS,lower,True,sparse
2018-12-17,TATAMOTORS.NS,upper,False,
2018-12-17,TATAMOTORS.NS,lower,False,
2018-12-18,HINDUNILVR.NS,upper,False,
2018-12-18,HINDUNILVR.NS,lower,False,
2018-12-18,INFY.NS,upper,False,
2018-12-18,INFY.NS,lower,False,
2018-12-18,SBIN.NS,upper,False,
2018-12-18,SBIN.NS,lower,True,sparse
2018-12-18,TATAMOTORS.NS,upper,False,
2018-12-18,TATAMOTORS.NS,lower,False,
2018-12-19,HINDUNILVR.NS,upper,False,
2018-12-19,HINDUNILVR.NS,lower,False,
2018-12-19,INFY.NS,upper,False,
2018-12-19,INFY.NS,lower,False,
2018-12-19,SBIN.NS,upper,False,
2018-12-19,SBIN.NS,lower,True,sparse
2018-12-19,TATAMOTORS.NS,upper,False,
2018-12-19,TATAMOTORS.NS,lower,False,
2018-12-20,HINDUNILVR.NS,upper,False,
2018-12-20,HINDUNILVR.NS,lower,False,
2018-12-20,INFY.NS,upper,False,
2018-12-20,INFY.NS,lower,False,
2018-12-20,SBIN.NS,upper,False,
2018-12-20,SBIN.NS,lower,True,sparse
2018-12-20,TATAMOTORS.NS,upper,False,
2018-12-20,TATAMOTORS.NS,lower,False,
2018-12-21,HINDUNILVR.NS,upper,False,
2018-12-21,HINDUNILVR.NS,lower,False,
2018-12-21,INFY.NS,upper,False,
2018-12-21,INFY.NS,lower,False,
2018-12-21,SBIN.NS,upper,False,
2018-12-21,SBIN.NS,lower,True,sparse
2018-12-21,TATAMOTORS.NS,upper,False,
2018-12-21,TATAMOTORS.NS,lower,False,
2018-12-24,HINDUNILVR.NS,upper,False,
2018-12-24,HINDUNILVR.NS,lower,False,
2018-12-24,INFY.NS,upper,False,
2018-12-24,INFY.NS,lower,False,
2018-12-24,SBIN.NS,upper,False,
2018-12-24,SBIN.NS,lower,True,sparse
2018-12-24,TATAMOTORS.NS,upper,False,
2018-12-24,TATAMOTORS.NS,lower,False,
2018-12-26,HINDUNILVR.NS,upper,False,
2018-12-26,HINDUNILVR.NS,lower,False,
2018-12-26,INFY.NS,upper,False,
2018-12-26,INFY.NS,lower,False,
2018-12-26,SBIN.NS,upper,False,
2018-12-26,SBIN.NS,lower,True,sparse
2018-12-26,TATAMOTORS.NS,upper,False,
2018-12-26,TATAMOTORS.NS,lower,False,
2018-12-27,HINDUNILVR.NS,upper,False,
2018-12-27,HINDUNILVR.NS,lower,False,
2018-12-27,INFY.NS,upper,False,
2018-12-27,INFY.NS,lower,False,
2018-12-27,SBIN.NS,upper,False,
2018-12-27,SBIN.NS,lower,True,sparse
2018-12-27,TATAMOTORS.NS,upper,False,
2018-12-27,TATAMOTORS.NS,lower,False,
2018-12-28,HINDUNILVR.NS,upper,False,
2018-12-28,HINDUNILVR.NS,lower,False,
2018-12-28,INFY.NS,upper,False,
2018-12-28,INFY.NS,lower,False,
2018-12-28,SBIN.NS,upper,False,
2018-12-28,SBIN.NS,lower,True,sparse
2018-12-28,TATAMOTORS.NS,upper,False,
2018-12-28,TATAMOTORS.NS,lower,False,
2018-12-31,HINDUNILVR.NS,upper,False,
2018-12-31,HINDUNILVR.NS,lower,False,
2018-12-31,INFY.NS,upper,False,
2018-12-31,INFY.NS,lower,False,
2018-12-31,SBIN.NS,upper,False,
2018-12-31,SBIN.NS,lower,True,sparse
2018-12-31,TATAMOTORS.NS,upper,False,
2018-12-31,TATAMOTORS.NS,lower,False,
2019-01-01,HINDUNILVR.NS,upper,False,
2019-01-01,HINDUNILVR.NS,lower,False,
2019-01-01,INFY.NS,upper,False,
2019-01-01,INFY.NS,lower,False,
2019-01-01,SBIN.NS,upper,False,
2019-01-01,SBIN.NS,lower,True,sparse
2019-01-01,TATAMOTORS.NS,upper,False,
2019-01-01,TATAMOTORS.NS,lower,False,
2019-01-02,HINDUNILVR.NS,upper,False,
2019-01-02,HINDUNILVR.NS,lower,False,
2019-01-02,INFY.NS,upper,False,
2019-01-02,INFY.NS,lower,False,
2019-01-02,SBIN.NS,upper,False,
2019-01-02,SBIN.NS,lower,True,sparse
2019-01-02,TATAMOTORS.NS,upper,False,
2019-01-02,TATAMOTORS.NS,lower,False,
2019-01-03,HINDUNILVR.NS,upper,False,
2019-01-03,HINDUNILVR.NS,lower,False,
2019-01-03,INFY.NS,upper,False,
2019-01-03,INFY.NS,lower,False,
2019-01-03,SBIN.NS,upper,False,
2019-01-03,SBIN.NS,lower,True,sparse
2019-01-03,TATAMOTORS.NS,upper,False,
2019-01-03,TATAMOTORS.NS,lower,False,
2019-01-04,HINDUNILVR.NS,upper,False,
2019-01-04,HINDUNILVR.NS,lower,False,
2019-01-04,INFY.NS,upper,False,
2019-01-04,INFY.NS,lower,False,
2019-01-04,SBIN.NS,upper,False,
2019-01-04,SBIN.NS,lower,True,sparse
2019-01-04,TATAMOTORS.NS,upper,False,
2019-01-04,TATAMOTORS.NS,lower,False,
2019-01-07,HINDUNILVR.NS,upper,False,
2019-01-07,HINDUNILVR.NS,lower,False,
2019-01-07,INFY.NS,upper,False,
2019-01-07,INFY.NS,lower,False,
2019-01-07,SBIN.NS,upper,False,
2019-01-07,SBIN.NS,lower,False,
2019-01-07,TATAMOTORS.NS,upper,False,
2019-01-07,TATAMOTORS.NS,lower,False,
2019-01-08,HINDUNILVR.NS,upper,False,
2019-01-08,HINDUNILVR.NS,lower,False,
2019-01-08,INFY.NS,upper,False,
2019-01-08,INFY.NS,lower,False,
2019-01-08,SBIN.NS,upper,False,
2019-01-08,SBIN.NS,lower,True,sparse
2019-01-08,TATAMOTORS.NS,upper,False,
2019-01-08,TATAMOTORS.NS,lower,False,
2019-01-09,HINDUNILVR.NS,upper,False,
2019-01-09,HINDUNILVR.NS,lower,False,
2019-01-09,INFY.NS,upper,False,
2019-01-09,INFY.NS,lower,False,
2019-01-09,SBIN.NS,upper,False,
2019-01-09,SBIN.NS,lower,True,sparse
2019-01-09,TATAMOTORS.NS,upper,False,
2019-01-09,TATAMOTORS.NS,lower,False,
2019-01-10,HINDUNILVR.NS,upper,False,
2019-01-10,HINDUNILVR.NS,lower,False,
2019-01-10,INFY.NS,upper,False,
2019-01-10,INFY.NS,lower,False,
2019-01-10,SBIN.NS,upper,False,
2019-01-10,SBIN.NS,lower,True,sparse
2019-01-10,TATAMOTORS.NS,upper,False,
2019-01-10,TATAMOTORS.NS,lower,False,
2019-01-11,HINDUNILVR.NS,upper,False,
2019-01-11,HINDUNILVR.NS,lower,False,
2019-01-11,INFY.NS,upper,False,
2019-01-11,INFY.NS,lower,False,
2019-01-11,SBIN.NS,upper,False,
2019-01-11,SBIN.NS,lower,True,sparse
2019-01-11,TATAMOTORS.NS,upper,False,
2019-01-11,TATAMOTORS.NS,lower,False,
2019-01-14,HINDUNILVR.NS,upper,False,
2019-01-14,HINDUNILVR.NS,lower,False,
2019-01-14,INFY.NS,upper,False,
2019-01-14,INFY.NS,lower,False,
2019-01-14,SBIN.NS,upper,False,
2019-01-14,SBIN.NS,lower,False,
2019-01-14,TATAMOTORS.NS,upper,False,
2019-01-14,TATAMOTORS.NS,lower,False,
2019-01-15,HINDUNILVR.NS,upper,False,
2019-01-15,HINDUNILVR.NS,lower,False,
2019-01-15,INFY.NS,upper,False,
2019-01-15,INFY.NS,lower,False,
2019-01-15,SBIN.NS,upper,False,
2019-01-15,SBIN.NS,lower,False,
2019-01-15,TATAMOTORS.NS,upper,False,
2019-01-15,TATAMOTORS.NS,lower,False,
2019-01-16,HINDUNILVR.NS,upper,False,
2019-01-16,HINDUNILVR.NS,lower,False,
2019-01-16,INFY.NS,upper,False,
2019-01-16,INFY.NS,lower,False,
2019-01-16,SBIN.NS,upper,False,
2019-01-16,SBIN.NS,lower,False,
2019-01-16,TATAMOTORS.NS,upper,False,
2019-01-16,TATAMOTORS.NS,lower,False,
2019-01-17,HINDUNILVR.NS,upper,False,
2019-01-17,HINDUNILVR.NS,lower,False,
2019-01-17,INFY.NS,upper,False,
2019-01-17,INFY.NS,lower,False,
2019-01-17,SBIN.NS,upper,False,
2019-01-17,SBIN.NS,lower,False,
2019-01-17,TATAMOTORS.NS,upper,False,
2019-01-17,TATAMOTORS.NS,lower,False,
2019-01-18,HINDUNILVR.NS,upper,False,
2019-01-18,HINDUNILVR.NS,lower,False,
2019-01-18,INFY.NS,upper,False,
2019-01-18,INFY.NS,lower,False,
2019-01-18,SBIN.NS,upper,False,
2019-01-18,SBIN.NS,lower,False,
2019-01-18,TATAMOTORS.NS,upper,False,
2019-01-18,TATAMOTORS.NS,lower,False,
2019-01-21,HINDUNILVR.NS,upper,False,
2019-01-21,HINDUNILVR.NS,lower,False,
2019-01-21,INFY.NS,upper,False,
2019-01-21,INFY.NS,lower,False,
2019-01-21,SBIN.NS,upper,False,
2019-01-21,SBIN.NS,lower,False,
2019-01-21,TATAMOTORS.NS,upper,False,
2019-01-21,TATAMOTORS.NS,lower,False,
2019-01-22,HINDUNILVR.NS,upper,False,
2019-01-22,HINDUNILVR.NS,lower,False,
2019-01-22,INFY.NS,upper,False,
2019-01-22,INFY.NS,lower,False,
2019-01-22,SBIN.NS,upper,False,
2019-01-22,SBIN.NS,lower,False,
2019-01-22,TATAMOTORS.NS,upper,False,
2019-01-22,TATAMOTORS.NS,lower,False,
2019-01-23,HINDUNILVR.NS,upper,False,
2019-01-23,HINDUNILVR.NS,lower,False,
2019-01-23,INFY.NS,upper,False,
2019-01-23,INFY.NS,lower,False,
2019-01-23,SBIN.NS,upper,False,
2019-01-23,SBIN.NS,lower,False,
2019-01-23,TATAMOTORS.NS,upper,False,
2019-01-23,TATAMOTORS.NS,lower,False,
2019-01-24,HINDUNILVR.NS,upper,False,
2019-01-24,HINDUNILVR.NS,lower,False,
2019-01-24,INFY.NS,upper,False,
2019-01-24,INFY.NS,lower,False,
2019-01-24,SBIN.NS,upper,False,
2019-01-24,SBIN.NS,lower,False,
2019-01-24,TATAMOTORS.NS,upper,False,
2019-01-24,TATAMOTORS.NS,lower,False,
2019-01-25,HINDUNILVR.NS,upper,False,
2019-01-25,HINDUNILVR.NS,lower,False,
2019-01-25,INFY.NS,upper,False,
2019-01-25,INFY.NS,lower,False,
2019-01-25,SBIN.NS,upper,False,
2019-01-25,SBIN.NS,lower,False,
2019-01-25,TATAMOTORS.NS,upper,False,
2019-01-25,TATAMOTORS.NS,lower,False,
2019-01-28,HINDUNILVR.NS,upper,False,
2019-01-28,HINDUNILVR.NS,lower,False,
2019-01-28,INFY.NS,upper,False,
2019-01-28,INFY.NS,lower,False,
2019-01-28,SBIN.NS,upper,False,
2019-01-28,SBIN.NS,lower,False,
2019-01-28,TATAMOTORS.NS,upper,False,
2019-01-28,TATAMOTORS.NS,lower,False,
2019-01-29,HINDUNILVR.NS,upper,False,
2019-01-29,HINDUNILVR.NS,lower,False,
2019-01-29,INFY.NS,upper,False,
2019-01-29,INFY.NS,lower,False,
2019-01-29,SBIN.NS,upper,False,
2019-01-29,SBIN.NS,lower,False,
2019-01-29,TATAMOTORS.NS,upper,False,
2019-01-29,TATAMOTORS.NS,lower,False,
2019-01-30,HINDUNILVR.NS,upper,False,
2019-01-30,HINDUNILVR.NS,lower,False,
2019-01-30,INFY.NS,upper,False,
2019-01-30,INFY.NS,lower,False,
2019-01-30,SBIN.NS,upper,False,
2019-01-30,SBIN.NS,lower,False,
2019-01-30,TATAMOTORS.NS,upper,False,
2019-01-30,TATAMOTORS.NS,lower,False,
2019-01-31,HINDUNILVR.NS,upper,False,
2019-01-31,HINDUNILVR.NS,lower,False,
2019-01-31,INFY.NS,upper,False,
2019-01-31,INFY.NS,lower,False,
2019-01-31,SBIN.NS,upper,False,
2019-01-31,SBIN.NS,lower,False,
2019-01-31,TATAMOTORS.NS,upper,False,
2019-01-31,TATAMOTORS.NS,lower,False,
2019-02-01,HINDUNILVR.NS,upper,False,
2019-02-01,HINDUNILVR.NS,lower,False,
2019-02-01,INFY.NS,upper,False,
2019-02-01,INFY.NS,lower,False,
2019-02-01,SBIN.NS,upper,False,
2019-02-01,SBIN.NS,lower,False,
2019-02-01,TATAMOTORS.NS,upper,False,
2019-02-01,TATAMOTORS.NS,lower,False,
2019-02-04,HINDUNILVR.NS,upper,False,
2019-02-04,HINDUNILVR.NS,lower,False,
2019-02-04,INFY.NS,upper,False,
2019-02-04,INFY.NS,lower,False,
2019-02-04,SBIN.NS,upper,False,
2019-02-04,SBIN.NS,lower,False,
2019-02-04,TATAMOTORS.NS,upper,False,
2019-02-04,TATAMOTORS.NS,lower,False,
2019-02-05,HINDUNILVR.NS,upper,False,
2019-02-05,HINDUNILVR.NS,lower,False,
2019-02-05,INFY.NS,upper,False,
2019-02-05,INFY.NS,lower,False,
2019-02-05,SBIN.NS,upper,False,
2019-02-05,SBIN.NS,lower,False,
2019-02-05,TATAMOTORS.NS,upper,False,
2019-02-05,TATAMOTORS.NS,lower,False,
2019-02-06,HINDUNILVR.NS,upper,False,
2019-02-06,HINDUNILVR.NS,lower,False,
2019-02-06,INFY.NS,upper,False,
2019-02-06,INFY.NS,lower,False,
2019-02-06,SBIN.NS,upper,False,
2019-02-06,SBIN.NS,lower,False,
2019-02-06,TATAMOTORS.NS,upper,False,
2019-02-06,TATAMOTORS.NS,lower,False,
2019-02-07,HINDUNILVR.NS,upper,False,
2019-02-07,HINDUNILVR.NS,lower,False,
2019-02-07,INFY.NS,upper,False,
2019-02-07,INFY.NS,lower,False,
2019-02-07,SBIN.NS,upper,False,
2019-02-07,SBIN.NS,lower,False,
2019-02-07,TATAMOTORS.NS,upper,False,
2019-02-07,TATAMOTORS.NS,lower,False,
2019-02-08,HINDUNILVR.NS,upper,False,
2019-02-08,HINDUNILVR.NS,lower,False,
2019-02-08,INFY.NS,upper,False,
2019-02-08,INFY.NS,lower,False,
2019-02-08,SBIN.NS,upper,False,
2019-02-08,SBIN.NS,lower,False,
2019-02-08,TATAMOTORS.NS,upper,False,
2019-02-08,TATAMOTORS.NS,lower,False,
2019-02-11,HINDUNILVR.NS,upper,False,
2019-02-11,HINDUNILVR.NS,lower,False,
2019-02-11,INFY.NS,upper,False,
2019-02-11,INFY.NS,lower,False,
2019-02-11,SBIN.NS,upper,False,
2019-02-11,SBIN.NS,lower,False,
2019-02-11,TATAMOTORS.NS,upper,False,
2019-02-11,TATAMOTORS.NS,lower,False,
2019-02-12,HINDUNILVR.NS,upper,False,
2019-02-12,HINDUNILVR.NS,lower,False,
2019-02-12,INFY.NS,upper,False,
2019-02-12,INFY.NS,lower,False,
2019-02-12,SBIN.NS,upper,False,
2019-02-12,SBIN.NS,lower,False,
2019-02-12,TATAMOTORS.NS,upper,False,
2019-02-12,TATAMOTORS.NS,lower,False,
2019-02-14,HINDUNILVR.NS,upper,False,
2019-02-14,HINDUNILVR.NS,lower,False,
2019-02-14,INFY.NS,upper,False,
2019-02-14,INFY.NS,lower,False,
2019-02-14,SBIN.NS,upper,False,
2019-02-14,SBIN.NS,lower,False,
2019-02-14,TATAMOTORS.NS,upper,False,
2019-02-14,TATAMOTORS.NS,lower,False,
2019-02-15,HINDUNILVR.NS,upper,False,
2019-02-15,HINDUNILVR.NS,lower,False,
2019-02-15,INFY.NS,upper,False,
2019-02-15,INFY.NS,lower,False,
2019-02-15,SBIN.NS,upper,False,
2019-02-15,SBIN.NS,lower,True,sparse
2019-02-15,TATAMOTORS.NS,upper,False,
2019-02-15,TATAMOTORS.NS,lower,False,
2019-02-18,HINDUNILVR.NS,upper,False,
2019-02-18,HINDUNILVR.NS,lower,False,
2019-02-18,INFY.NS,upper,False,
2019-02-18,INFY.NS,lower,False,
2019-02-18,SBIN.NS,upper,False,
2019-02-18,SBIN.NS,lower,False,
2019-02-18,TATAMOTORS.NS,upper,False,
2019-02-18,TATAMOTORS.NS,lower,False,
2019-02-19,HINDUNILVR.NS,upper,False,
2019-02-19,HINDUNILVR.NS,lower,False,
2019-02-19,INFY.NS,upper,False,
2019-02-19,INFY.NS,lower,False,
2019-02-19,SBIN.NS,upper,False,
2019-02-19,SBIN.NS,lower,False,
2019-02-19,TATAMOTORS.NS,upper,False,
2019-02-19,TATAMOTORS.NS,lower,False,
2019-02-20,HINDUNILVR.NS,upper,False,
2019-02-20,HINDUNILVR.NS,lower,False,
2019-02-20,INFY.NS,upper,False,
2019-02-20,INFY.NS,lower,False,
2019-02-20,SBIN.NS,upper,False,
2019-02-20,SBIN.NS,lower,False,
2019-02-20,TATAMOTORS.NS,upper,False,
2019-02-20,TATAMOTORS.NS,lower,False,
2019-02-21,HINDUNILVR.NS,upper,False,
2019-02-21,HINDUNILVR.NS,lower,False,
2019-02-21,INFY.NS,upper,False,
2019-02-21,INFY.NS,lower,False,
2019-02-21,SBIN.NS,upper,False,
2019-02-21,SBIN.NS,lower,False,
2019-02-21,TATAMOTORS.NS,upper,False,
2019-02-21,TATAMOTORS.NS,lower,False,
2019-02-22,HINDUNILVR.NS,upper,False,
2019-02-22,HINDUNILVR.NS,lower,False,
2019-02-22,INFY.NS,upper,False,
2019-02-22,INFY.NS,lower,False,
2019-02-22,SBIN.NS,upper,False,
2019-02-22,SBIN.NS,lower,False,
2019-02-22,TATAMOTORS.NS,upper,False,
2019-02-22,TATAMOTORS.NS,lower,False,
2019-02-25,HINDUNILVR.NS,upper,False,
2019-02-25,HINDUNILVR.NS,lower,False,
2019-02-25,INFY.NS,upper,False,
2019-02-25,INFY.NS,lower,False,
2019-02-25,SBIN.NS,upper,False,
2019-02-25,SBIN.NS,lower,False,
2019-02-25,TATAMOTORS.NS,upper,False,
2019-02-25,TATAMOTORS.NS,lower,False,
2019-02-26,HINDUNILVR.NS,upper,False,
2019-02-26,HINDUNILVR.NS,lower,False,
2019-02-26,INFY.NS,upper,False,
2019-02-26,INFY.NS,lower,False,
2019-02-26,SBIN.NS,upper,False,
2019-02-26,SBIN.NS,lower,False,
2019-02-26,TATAMOTORS.NS,upper,False,
2019-02-26,TATAMOTORS.NS,lower,False,
2019-02-27,HINDUNILVR.NS,upper,False,
2019-02-27,HINDUNILVR.NS,lower,False,
2019-02-27,INFY.NS,upper,False,
2019-02-27,INFY.NS,lower,False,
2019-02-27,SBIN.NS,upper,False,
2019-02-27,SBIN.NS,lower,False,
2019-02-27,TATAMOTORS.NS,upper,False,
2019-02-27,TATAMOTORS.NS,lower,False,
2019-02-28,HINDUNILVR.NS,upper,False,
2019-02-28,HINDUNILVR.NS,lower,False,
2019-02-28,INFY.NS,upper,False,
2019-02-28,INFY.NS,lower,False,
2019-02-28,SBIN.NS,upper,False,
2019-02-28,SBIN.NS,lower,False,
2019-02-28,TATAMOTORS.NS,upper,False,
2019-02-28,TATAMOTORS.NS,lower,False,
2019-03-01,HINDUNILVR.NS,upper,False,
2019-03-01,HINDUNILVR.NS,lower,False,
2019-03-01,INFY.NS,upper,False,
2019-03-01,INFY.NS,lower,False,
2019-03-01,SBIN.NS,upper,False,
2019-03-01,SBIN.NS,lower,False,
2019-03-01,TATAMOTORS.NS,upper,False,
2019-03-01,TATAMOTORS.NS,lower,False,
2019-03-05,HINDUNILVR.NS,upper,False,
2019-03-05,HINDUNILVR.NS,lower,False,
2019-03-05,INFY.NS,upper,False,
2019-03-05,INFY.NS,lower,False,
2019-03-05,SBIN.NS,upper,False,
2019-03-05,SBIN.NS,lower,False,
2019-03-05,TATAMOTORS.NS,upper,False,
2019-03-05,TATAMOTORS.NS,lower,False,
2019-03-06,HINDUNILVR.NS,upper,False,
2019-03-06,HINDUNILVR.NS,lower,False,
2019-03-06,INFY.NS,upper,False,
2019-03-06,INFY.NS,lower,False,
2019-03-06,SBIN.NS,upper,False,
2019-03-06,SBIN.NS,lower,False,
2019-03-06,TATAMOTORS.NS,upper,False,
2019-03-06,TATAMOTORS.NS,lower,False,
2019-03-07,HINDUNILVR.NS,upper,False,
2019-03-07,HINDUNILVR.NS,lower,False,
2019-03-07,INFY.NS,upper,False,
2019-03-07,INFY.NS,lower,False,
2019-03-07,SBIN.NS,upper,False,
2019-03-07,SBIN.NS,lower,False,
2019-03-07,TATAMOTORS.NS,upper,False,
2019-03-07,TATAMOTORS.NS,lower,False,
2019-03-08,HINDUNILVR.NS,upper,False,
2019-03-08,HINDUNILVR.NS,lower,False,
2019-03-08,INFY.NS,upper,False,
2019-03-08,INFY.NS,lower,False,
2019-03-08,SBIN.NS,upper,False,
2019-03-08,SBIN.NS,lower,False,
2019-03-08,TATAMOTORS.NS,upper,False,
2019-03-08,TATAMOTORS.NS,lower,False,
2019-03-11,HINDUNILVR.NS,upper,False,
2019-03-11,HINDUNILVR.NS,lower,False,
2019-03-11,INFY.NS,upper,False,
2019-03-11,INFY.NS,lower,False,
2019-03-11,SBIN.NS,upper,False,
2019-03-11,SBIN.NS,lower,False,
2019-03-11,TATAMOTORS.NS,upper,False,
2019-03-11,TATAMOTORS.NS,lower,False,
2019-03-12,HINDUNILVR.NS,upper,False,
2019-03-12,HINDUNILVR.NS,lower,False,
2019-03-12,INFY.NS,upper,False,
2019-03-12,INFY.NS,lower,False,
2019-03-12,SBIN.NS,upper,False,
2019-03-12,SBIN.NS,lower,False,
2019-03-12,TATAMOTORS.NS,upper,False,
2019-03-12,TATAMOTORS.NS,lower,False,
2019-03-13,HINDUNILVR.NS,upper,False,
2019-03-13,HINDUNILVR.NS,lower,False,
2019-03-13,INFY.NS,upper,False,
2019-03-13,INFY.NS,lower,False,
2019-03-13,SBIN.NS,upper,False,
2019-03-13,SBIN.NS,lower,False,
2019-03-13,TATAMOTORS.NS,upper,False,
2019-03-13,TATAMOTORS.NS,lower,False,
2019-03-14,HINDUNILVR.NS,upper,False,
2019-03-14,HINDUNILVR.NS,lower,False,
2019-03-14,INFY.NS,upper,False,
2019-03-14,INFY.NS,lower,False,
2019-03-14,SBIN.NS,upper,False,
2019-03-14,SBIN.NS,lower,False,
2019-03-14,TATAMOTORS.NS,upper,False,
2019-03-14,TATAMOTORS.NS,lower,False,
2019-03-15,HINDUNILVR.NS,upper,False,
2019-03-15,HINDUNILVR.NS,lower,False,
2019-03-15,INFY.NS,upper,False,
2019-03-15,INFY.NS,lower,False,
2019-03-15,SBIN.NS,upper,False,
2019-03-15,SBIN.NS,lower,False,
2019-03-15,TATAMOTORS.NS,upper,False,
2019-03-15,TATAMOTORS.NS,lower,False,
2019-03-18,HINDUNILVR.NS,upper,False,
2019-03-18,HINDUNILVR.NS,lower,False,
2019-03-18,INFY.NS,upper,False,
2019-03-18,INFY.NS,lower,False,
2019-03-18,SBIN.NS,upper,False,
2019-03-18,SBIN.NS,lower,False,
2019-03-18,TATAMOTORS.NS,upper,False,
2019-03-18,TATAMOTORS.NS,lower,False,
2019-03-19,HINDUNILVR.NS,upper,False,
2019-03-19,HINDUNILVR.NS,lower,False,
2019-03-19,INFY.NS,upper,False,
2019-03-19,INFY.NS,lower,False,
2019-03-19,SBIN.NS,upper,False,
2019-03-19,SBIN.NS,lower,False,
2019-03-19,TATAMOTORS.NS,upper,False,
2019-03-19,TATAMOTORS.NS,lower,False,
2019-03-20,HINDUNILVR.NS,upper,False,
2019-03-20,HINDUNILVR.NS,lower,False,
2019-03-20,INFY.NS,upper,False,
2019-03-20,INFY.NS,lower,False,
2019-03-20,SBIN.NS,upper,False,
2019-03-20,SBIN.NS,lower,False,
2019-03-20,TATAMOTORS.NS,upper,False,
2019-03-20,TATAMOTORS.NS,lower,False,
2019-03-22,HINDUNILVR.NS,upper,False,
2019-03-22,HINDUNILVR.NS,lower,False,
2019-03-22,INFY.NS,upper,False,
2019-03-22,INFY.NS,lower,False,
2019-03-22,SBIN.NS,upper,False,
2019-03-22,SBIN.NS,lower,False,
2019-03-22,TATAMOTORS.NS,upper,False,
2019-03-22,TATAMOTORS.NS,lower,False,
2019-03-25,HINDUNILVR.NS,upper,False,
2019-03-25,HINDUNILVR.NS,lower,False,
2019-03-25,INFY.NS,upper,False,
2019-03-25,INFY.NS,lower,False,
2019-03-25,SBIN.NS,upper,False,
2019-03-25,SBIN.NS,lower,False,
2019-03-25,TATAMOTORS.NS,upper,False,
2019-03-25,TATAMOTORS.NS,lower,False,
2019-03-26,HINDUNILVR.NS,upper,False,
2019-03-26,HINDUNILVR.NS,lower,False,
2019-03-26,INFY.NS,upper,False,
2019-03-26,INFY.NS,lower,False,
2019-03-26,SBIN.NS,upper,False,
2019-03-26,SBIN.NS,lower,False,
2019-03-26,TATAMOTORS.NS,upper,False,
2019-03-26,TATAMOTORS.NS,lower,False,
2019-03-27,HINDUNILVR.NS,upper,False,
2019-03-27,HINDUNILVR.NS,lower,False,
2019-03-27,INFY.NS,upper,False,
2019-03-27,INFY.NS,lower,False,
2019-03-27,SBIN.NS,upper,False,
2019-03-27,SBIN.NS,lower,False,
2019-03-27,TATAMOTORS.NS,upper,False,
2019-03-27,TATAMOTORS.NS,lower,False,
2019-03-28,HINDUNILVR.NS,upper,False,
2019-03-28,HINDUNILVR.NS,lower,False,
2019-03-28,INFY.NS,upper,False,
2019-03-28,INFY.NS,lower,False,
2019-03-28,SBIN.NS,upper,False,
2019-03-28,SBIN.NS,lower,False,
2019-03-28,TATAMOTORS.NS,upper,False,
2019-03-28,TATAMOTORS.NS,lower,False,
2019-04-01,HINDUNILVR.NS,upper,False,
2019-04-01,HINDUNILVR.NS,lower,False,
2019-04-01,INFY.NS,upper,False,
2019-04-01,INFY.NS,lower,False,
2019-04-01,SBIN.NS,upper,False,
2019-04-01,SBIN.NS,lower,False,
2019-04-01,TATAMOTORS.NS,upper,False,
2019-04-01,TATAMOTORS.NS,lower,False,
2019-04-02,HINDUNILVR.NS,upper,False,
2019-04-02,HINDUNILVR.NS,lower,False,
2019-04-02,INFY.NS,upper,False,
2019-04-02,INFY.NS,lower,False,
2019-04-02,SBIN.NS,upper,False,
2019-04-02,SBIN.NS,lower,False,
2019-04-02,TATAMOTORS.NS,upper,False,
2019-04-02,TATAMOTORS.NS,lower,False,
2019-04-03,HINDUNILVR.NS,upper,False,
2019-04-03,HINDUNILVR.NS,lower,False,
2019-04-03,INFY.NS,upper,False,
2019-04-03,INFY.NS,lower,False,
2019-04-03,SBIN.NS,upper,False,
2019-04-03,SBIN.NS,lower,False,
2019-04-03,TATAMOTORS.NS,upper,False,
2019-04-03,TATAMOTORS.NS,lower,False,
2019-04-04,HINDUNILVR.NS,upper,False,
2019-04-04,HINDUNILVR.NS,lower,False,
2019-04-04,INFY.NS,upper,False,
2019-04-04,INFY.NS,lower,False,
2019-04-04,SBIN.NS,upper,False,
2019-04-04,SBIN.NS,lower,False,
2019-04-04,TATAMOTORS.NS,upper,False,
2019-04-04,TATAMOTORS.NS,lower,False,
2019-04-05,HINDUNILVR.NS,upper,False,
2019-04-05,HINDUNILVR.NS,lower,False,
2019-04-05,INFY.NS,upper,False,
2019-04-05,INFY.NS,lower,False,
2019-04-05,SBIN.NS,upper,False,
2019-04-05,SBIN.NS,lower,False,
2019-04-05,TATAMOTORS.NS,upper,False,
2019-04-05,TATAMOTORS.NS,lower,False,
2019-04-08,HINDUNILVR.NS,upper,False,
2019-04-08,HINDUNILVR.NS,lower,False,
2019-04-08,INFY.NS,upper,False,
2019-04-08,INFY.NS,lower,False,
2019-04-08,SBIN.NS,upper,False,
2019-04-08,SBIN.NS,lower,False,
2019-04-08,TATAMOTORS.NS,upper,False,
2019-04-08,TATAMOTORS.NS,lower,False,
2019-04-09,HINDUNILVR.NS,upper,False,
2019-04-09,HINDUNILVR.NS,lower,False,
2019-04-09,INFY.NS,upper,False,
2019-04-09,INFY.NS,lower,False,
2019-04-09,SBIN.NS,upper,False,
2019-04-09,SBIN.NS,lower,False,
2019-04-09,TATAMOTORS.NS,upper,False,
2019-04-09,TATAMOTORS.NS,lower,False,
2019-04-10,HINDUNILVR.NS,upper,False,
2019-04-10,HINDUNILVR.NS,lower,False,
2019-04-10,INFY.NS,upper,False,
2019-04-10,INFY.NS,lower,False,
2019-04-10,SBIN.NS,upper,False,
2019-04-10,SBIN.NS,lower,False,
2019-04-10,TATAMOTORS.NS,upper,False,
2019-04-10,TATAMOTORS.NS,lower,False,
2019-04-11,HINDUNILVR.NS,upper,False,
2019-04-11,HINDUNILVR.NS,lower,False,
2019-04-11,INFY.NS,upper,False,
2019-04-11,INFY.NS,lower,False,
2019-04-11,SBIN.NS,upper,False,
2019-04-11,SBIN.NS,lower,False,
2019-04-11,TATAMOTORS.NS,upper,False,
2019-04-11,TATAMOTORS.NS,lower,False,
2019-04-12,HINDUNILVR.NS,upper,False,
2019-04-12,HINDUNILVR.NS,lower,False,
2019-04-12,INFY.NS,upper,False,
2019-04-12,INFY.NS,lower,False,
2019-04-12,SBIN.NS,upper,False,
2019-04-12,SBIN.NS,lower,False,
2019-04-12,TATAMOTORS.NS,upper,False,
2019-04-12,TATAMOTORS.NS,lower,False,
2019-04-15,HINDUNILVR.NS,upper,False,
2019-04-15,HINDUNILVR.NS,lower,False,
2019-04-15,INFY.NS,upper,False,
2019-04-15,INFY.NS,lower,False,
2019-04-15,SBIN.NS,upper,False,
2019-04-15,SBIN.NS,lower,False,
2019-04-15,TATAMOTORS.NS,upper,False,
2019-04-15,TATAMOTORS.NS,lower,False,
2019-04-16,HINDUNILVR.NS,upper,False,
2019-04-16,HINDUNILVR.NS,lower,False,
2019-04-16,INFY.NS,upper,False,
2019-04-16,INFY.NS,lower,False,
2019-04-16,SBIN.NS,upper,False,
2019-04-16,SBIN.NS,lower,False,
2019-04-16,TATAMOTORS.NS,upper,False,
2019-04-16,TATAMOTORS.NS,lower,False,
2019-04-18,HINDUNILVR.NS,upper,False,
2019-04-18,HINDUNILVR.NS,lower,False,
2019-04-18,INFY.NS,upper,False,
2019-04-18,INFY.NS,lower,False,
2019-04-18,SBIN.NS,upper,False,
2019-04-18,SBIN.NS,lower,False,
2019-04-18,TATAMOTORS.NS,upper,False,
2019-04-18,TATAMOTORS.NS,lower,False,
2019-04-22,HINDUNILVR.NS,upper,False,
2019-04-22,HINDUNILVR.NS,lower,False,
2019-04-22,INFY.NS,upper,False,
2019-04-22,INFY.NS,lower,False,
2019-04-22,SBIN.NS,upper,False,
2019-04-22,SBIN.NS,lower,False,
2019-04-22,TATAMOTORS.NS,upper,False,
2019-04-22,TATAMOTORS.NS,lower,False,
2019-04-23,HINDUNILVR.NS,upper,False,
2019-04-23,HINDUNILVR.NS,lower,False,
2019-04-23,INFY.NS,upper,False,
2019-04-23,INFY.NS,lower,False,
2019-04-23,SBIN.NS,upper,False,
2019-04-23,SBIN.NS,lower,False,
2019-04-23,TATAMOTORS.NS,upper,False,
2019-04-23,TATAMOTORS.NS,lower,False,
2019-04-24,HINDUNILVR.NS,upper,False,
2019-04-24,HINDUNILVR.NS,lower,False,
2019-04-24,INFY.NS,upper,False,
2019-04-24,INFY.NS,lower,False,
2019-04-24,SBIN.NS,upper,False,
2019-04-24,SBIN.NS,lower,False,
2019-04-24,TATAMOTORS.NS,upper,False,
2019-04-24,TATAMOTORS.NS,lower,False,
2019-04-25,HINDUNILVR.NS,upper,False,
2019-04-25,HINDUNILVR.NS,lower,False,
2019-04-25,INFY.NS,upper,False,
2019-04-25,INFY.NS,lower,False,
2019-04-25,SBIN.NS,upper,False,
2019-04-25,SBIN.NS,lower,False,
2019-04-25,TATAMOTORS.NS,upper,False,
2019-04-25,TATAMOTORS.NS,lower,False,
2019-04-26,HINDUNILVR.NS,upper,False,
2019-04-26,HINDUNILVR.NS,lower,False,
2019-04-26,INFY.NS,upper,False,
2019-04-26,INFY.NS,lower,False,
2019-04-26,SBIN.NS,upper,False,
2019-04-26,SBIN.NS,lower,False,
2019-04-26,TATAMOTORS.NS,upper,False,
2019-04-26,TATAMOTORS.NS,lower,False,
2019-04-30,HINDUNILVR.NS,upper,False,
2019-04-30,HINDUNILVR.NS,lower,False,
2019-04-30,INFY.NS,upper,False,
2019-04-30,INFY.NS,lower,False,
2019-04-30,SBIN.NS,upper,False,
2019-04-30,SBIN.NS,lower,False,
2019-04-30,TATAMOTORS.NS,upper,False,
2019-04-30,TATAMOTORS.NS,lower,False,
2019-05-02,HINDUNILVR.NS,upper,False,
2019-05-02,HINDUNILVR.NS,lower,False,
2019-05-02,INFY.NS,upper,False,
2019-05-02,INFY.NS,lower,False,
2019-05-02,SBIN.NS,upper,False,
2019-05-02,SBIN.NS,lower,False,
2019-05-02,TATAMOTORS.NS,upper,False,
2019-05-02,TATAMOTORS.NS,lower,False,
2019-05-03,HINDUNILVR.NS,upper,False,
2019-05-03,HINDUNILVR.NS,lower,False,
2019-05-03,INFY.NS,upper,False,
2019-05-03,INFY.NS,lower,False,
2019-05-03,SBIN.NS,upper,False,
2019-05-03,SBIN.NS,lower,False,
2019-05-03,TATAMOTORS.NS,upper,False,
2019-05-03,TATAMOTORS.NS,lower,False,
2019-05-06,HINDUNILVR.NS,upper,False,
2019-05-06,HINDUNILVR.NS,lower,False,
2019-05-06,INFY.NS,upper,False,
2019-05-06,INFY.NS,lower,False,
2019-05-06,SBIN.NS,upper,False,
2019-05-06,SBIN.NS,lower,False,
2019-05-06,TATAMOTORS.NS,upper,False,
2019-05-06,TATAMOTORS.NS,lower,False,
2019-05-07,HINDUNILVR.NS,upper,False,
2019-05-07,HINDUNILVR.NS,lower,False,
2019-05-07,INFY.NS,upper,False,
2019-05-07,INFY.NS,lower,False,
2019-05-07,SBIN.NS,upper,False,
2019-05-07,SBIN.NS,lower,False,
2019-05-07,TATAMOTORS.NS,upper,False,
2019-05-07,TATAMOTORS.NS,lower,False,
2019-05-08,HINDUNILVR.NS,upper,False,
2019-05-08,HINDUNILVR.NS,lower,False,
2019-05-08,INFY.NS,upper,False,
2019-05-08,INFY.NS,lower,False,
2019-05-08,SBIN.NS,upper,False,
2019-05-08,SBIN.NS,lower,False,
2019-05-08,TATAMOTORS.NS,upper,False,
2019-05-08,TATAMOTORS.NS,lower,False,
2019-05-09,HINDUNILVR.NS,upper,False,
2019-05-09,HINDUNILVR.NS,lower,False,
2019-05-09,INFY.NS,upper,False,
2019-05-09,INFY.NS,lower,False,
2019-05-09,SBIN.NS,upper,False,
2019-05-09,SBIN.NS,lower,False,
2019-05-09,TATAMOTORS.NS,upper,False,
2019-05-09,TATAMOTORS.NS,lower,False,
2019-05-10,HINDUNILVR.NS,upper,False,
2019-05-10,HINDUNILVR.NS,lower,False,
2019-05-10,INFY.NS,upper,False,
2019-05-10,INFY.NS,lower,False,
2019-05-10,SBIN.NS,upper,False,
2019-05-10,SBIN.NS,lower,False,
2019-05-10,TATAMOTORS.NS,upper,False,
2019-05-10,TATAMOTORS.NS,lower,False,
2019-05-13,HINDUNILVR.NS,upper,False,
2019-05-13,HINDUNILVR.NS,lower,False,
2019-05-13,INFY.NS,upper,False,
2019-05-13,INFY.NS,lower,False,
2019-05-13,SBIN.NS,upper,False,
2019-05-13,SBIN.NS,lower,False,
2019-05-13,TATAMOTORS.NS,upper,False,
2019-05-13,TATAMOTORS.NS,lower,False,
2019-05-14,HINDUNILVR.NS,upper,False,
2019-05-14,HINDUNILVR.NS,lower,False,
2019-05-14,INFY.NS,upper,False,
2019-05-14,INFY.NS,lower,False,
2019-05-14,SBIN.NS,upper,False,
2019-05-14,SBIN.NS,lower,False,
2019-05-14,TATAMOTORS.NS,upper,False,
2019-05-14,TATAMOTORS.NS,lower,False,
2019-05-15,HINDUNILVR.NS,upper,False,
2019-05-15,HINDUNILVR.NS,lower,False,
2019-05-15,INFY.NS,upper,False,
2019-05-15,INFY.NS,lower,False,
2019-05-15,SBIN.NS,upper,False,
2019-05-15,SBIN.NS,lower,False,
2019-05-15,TATAMOTORS.NS,upper,False,
2019-05-15,TATAMOTORS.NS,lower,False,
2019-05-16,HINDUNILVR.NS,upper,False,
2019-05-16,HINDUNILVR.NS,lower,False,
2019-05-16,INFY.NS,upper,False,
2019-05-16,INFY.NS,lower,False,
2019-05-16,SBIN.NS,upper,False,
2019-05-16,SBIN.NS,lower,False,
2019-05-16,TATAMOTORS.NS,upper,False,
2019-05-16,TATAMOTORS.NS,lower,False,
2019-05-17,HINDUNILVR.NS,upper,False,
2019-05-17,HINDUNILVR.NS,lower,False,
2019-05-17,INFY.NS,upper,False,
2019-05-17,INFY.NS,lower,False,
2019-05-17,SBIN.NS,upper,False,
2019-05-17,SBIN.NS,lower,False,
2019-05-17,TATAMOTORS.NS,upper,False,
2019-05-17,TATAMOTORS.NS,lower,False,
2019-05-20,HINDUNILVR.NS,upper,False,
2019-05-20,HINDUNILVR.NS,lower,False,
2019-05-20,INFY.NS,upper,False,
2019-05-20,INFY.NS,lower,False,
2019-05-20,SBIN.NS,upper,False,
2019-05-20,SBIN.NS,lower,False,
2019-05-20,TATAMOTORS.NS,upper,False,
2019-05-20,TATAMOTORS.NS,lower,False,
2019-05-21,HINDUNILVR.NS,upper,False,
2019-05-21,HINDUNILVR.NS,lower,False,
2019-05-21,INFY.NS,upper,False,
2019-05-21,INFY.NS,lower,False,
2019-05-21,SBIN.NS,upper,False,
2019-05-21,SBIN.NS,lower,False,
2019-05-21,TATAMOTORS.NS,upper,False,
2019-05-21,TATAMOTORS.NS,lower,False,
2019-05-22,HINDUNILVR.NS,upper,False,
2019-05-22,HINDUNILVR.NS,lower,False,
2019-05-22,INFY.NS,upper,False,
2019-05-22,INFY.NS,lower,False,
2019-05-22,SBIN.NS,upper,False,
2019-05-22,SBIN.NS,lower,False,
2019-05-22,TATAMOTORS.NS,upper,False,
2019-05-22,TATAMOTORS.NS,lower,False,
2019-05-23,HINDUNILVR.NS,upper,False,
2019-05-23,HINDUNILVR.NS,lower,False,
2019-05-23,INFY.NS,upper,False,
2019-05-23,INFY.NS,lower,False,
2019-05-23,SBIN.NS,upper,False,
2019-05-23,SBIN.NS,lower,False,
2019-05-23,TATAMOTORS.NS,upper,False,
2019-05-23,TATAMOTORS.NS,lower,False,
2019-05-24,HINDUNILVR.NS,upper,False,
2019-05-24,HINDUNILVR.NS,lower,False,
2019-05-24,INFY.NS,upper,False,
2019-05-24,INFY.NS,lower,False,
2019-05-24,SBIN.NS,upper,False,
2019-05-24,SBIN.NS,lower,False,
2019-05-24,TATAMOTORS.NS,upper,False,
2019-05-24,TATAMOTORS.NS,lower,False,
2019-05-27,HINDUNILVR.NS,upper,False,
2019-05-27,HINDUNILVR.NS,lower,False,
2019-05-27,INFY.NS,upper,False,
2019-05-27,INFY.NS,lower,False,
2019-05-27,SBIN.NS,upper,False,
2019-05-27,SBIN.NS,lower,False,
2019-05-27,TATAMOTORS.NS,upper,False,
2019-05-27,TATAMOTORS.NS,lower,False,
2019-05-28,HINDUNILVR.NS,upper,False,
2019-05-28,HINDUNILVR.NS,lower,False,
2019-05-28,INFY.NS,upper,False,
2019-05-28,INFY.NS,lower,False,
2019-05-28,SBIN.NS,upper,False,
2019-05-28,SBIN.NS,lower,False,
2019-05-28,TATAMOTORS.NS,upper,False,
2019-05-28,TATAMOTORS.NS,lower,False,
2019-05-29,HINDUNILVR.NS,upper,False,
2019-05-29,HINDUNILVR.NS,lower,False,
2019-05-29,INFY.NS,upper,False,
2019-05-29,INFY.NS,lower,False,
2019-05-29,SBIN.NS,upper,False,
2019-05-29,SBIN.NS,lower,False,
2019-05-29,TATAMOTORS.NS,upper,False,
2019-05-29,TATAMOTORS.NS,lower,False,
2019-05-30,HINDUNILVR.NS,upper,False,
2019-05-30,HINDUNILVR.NS,lower,False,
2019-05-30,INFY.NS,upper,False,
2019-05-30,INFY.NS,lower,False,
2019-05-30,SBIN.NS,upper,False,
2019-05-30,SBIN.NS,lower,False,
2019-05-30,TATAMOTORS.NS,upper,False,
2019-05-30,TATAMOTORS.NS,lower,False,
2019-05-31,HINDUNILVR.NS,upper,False,
2019-05-31,HINDUNILVR.NS,lower,False,
2019-05-31,INFY.NS,upper,False,
2019-05-31,INFY.NS,lower,False,
2019-05-31,SBIN.NS,upper,False,
2019-05-31,SBIN.NS,lower,False,
2019-05-31,TATAMOTORS.NS,upper,False,
2019-05-31,TATAMOTORS.NS,lower,False,
2019-06-03,HINDUNILVR.NS,upper,False,
2019-06-03,HINDUNILVR.NS,lower,False,
2019-06-03,INFY.NS,upper,False,
2019-06-03,INFY.NS,lower,False,
2019-06-03,SBIN.NS,upper,False,
2019-06-03,SBIN.NS,lower,False,
2019-06-03,TATAMOTORS.NS,upper,False,
2019-06-03,TATAMOTORS.NS,lower,False,
2019-06-04,HINDUNILVR.NS,upper,False,
2019-06-04,HINDUNILVR.NS,lower,False,
2019-06-04,INFY.NS,upper,False,
2019-06-04,INFY.NS,lower,False,
2019-06-04,SBIN.NS,upper,False,
2019-06-04,SBIN.NS,lower,False,
2019-06-04,TATAMOTORS.NS,upper,False,
2019-06-04,TATAMOTORS.NS,lower,False,
2019-06-06,HINDUNILVR.NS,upper,False,
2019-06-06,HINDUNILVR.NS,lower,False,
2019-06-06,INFY.NS,upper,False,
2019-06-06,INFY.NS,lower,False,
2019-06-06,SBIN.NS,upper,False,
2019-06-06,SBIN.NS,lower,False,
2019-06-06,TATAMOTORS.NS,upper,False,
2019-06-06,TATAMOTORS.NS,lower,False,
2019-06-07,HINDUNILVR.NS,upper,False,
2019-06-07,HINDUNILVR.NS,lower,False,
2019-06-07,INFY.NS,upper,False,
2019-06-07,INFY.NS,lower,False,
2019-06-07,SBIN.NS,upper,False,
2019-06-07,SBIN.NS,lower,False,
2019-06-07,TATAMOTORS.NS,upper,False,
2019-06-07,TATAMOTORS.NS,lower,False,
2019-06-10,HINDUNILVR.NS,upper,False,
2019-06-10,HINDUNILVR.NS,lower,False,
2019-06-10,INFY.NS,upper,False,
2019-06-10,INFY.NS,lower,False,
2019-06-10,SBIN.NS,upper,False,
2019-06-10,SBIN.NS,lower,False,
2019-06-10,TATAMOTORS.NS,upper,False,
2019-06-10,TATAMOTORS.NS,lower,False,
2019-06-11,HINDUNILVR.NS,upper,False,
2019-06-11,HINDUNILVR.NS,lower,False,
2019-06-11,INFY.NS,upper,False,
2019-06-11,INFY.NS,lower,False,
2019-06-11,SBIN.NS,upper,False,
2019-06-11,SBIN.NS,lower,False,
2019-06-11,TATAMOTORS.NS,upper,False,
2019-06-11,TATAMOTORS.NS,lower,False,
2019-06-12,HINDUNILVR.NS,upper,False,
2019-06-12,HINDUNILVR.NS,lower,False,
2019-06-12,INFY.NS,upper,False,
2019-06-12,INFY.NS,lower,False,
2019-06-12,SBIN.NS,upper,False,
2019-06-12,SBIN.NS,lower,False,
2019-06-12,TATAMOTORS.NS,upper,False,
2019-06-12,TATAMOTORS.NS,lower,False,
2019-06-13,HINDUNILVR.NS,upper,False,
2019-06-13,HINDUNILVR.NS,lower,False,
2019-06-13,INFY.NS,upper,False,
2019-06-13,INFY.NS,lower,False,
2019-06-13,SBIN.NS,upper,False,
2019-06-13,SBIN.NS,lower,False,
2019-06-13,TATAMOTORS.NS,upper,False,
2019-06-13,TATAMOTORS.NS,lower,False,
2019-06-14,HINDUNILVR.NS,upper,False,
2019-06-14,HINDUNILVR.NS,lower,False,
2019-06-14,INFY.NS,upper,False,
2019-06-14,INFY.NS,lower,False,
2019-06-14,SBIN.NS,upper,False,
2019-06-14,SBIN.NS,lower,False,
2019-06-14,TATAMOTORS.NS,upper,False,
2019-06-14,TATAMOTORS.NS,lower,False,
2019-06-17,HINDUNILVR.NS,upper,False,
2019-06-17,HINDUNILVR.NS,lower,False,
2019-06-17,INFY.NS,upper,False,
2019-06-17,INFY.NS,lower,False,
2019-06-17,SBIN.NS,upper,False,
2019-06-17,SBIN.NS,lower,False,
2019-06-17,TATAMOTORS.NS,upper,False,
2019-06-17,TATAMOTORS.NS,lower,False,
2019-06-18,HINDUNILVR.NS,upper,False,
2019-06-18,HINDUNILVR.NS,lower,False,
2019-06-18,INFY.NS,upper,False,
2019-06-18,INFY.NS,lower,False,
2019-06-18,SBIN.NS,upper,False,
2019-06-18,SBIN.NS,lower,False,
2019-06-18,TATAMOTORS.NS,upper,False,
2019-06-18,TATAMOTORS.NS,lower,False,
2019-06-19,HINDUNILVR.NS,upper,False,
2019-06-19,HINDUNILVR.NS,lower,False,
2019-06-19,INFY.NS,upper,False,
2019-06-19,INFY.NS,lower,False,
2019-06-19,SBIN.NS,upper,False,
2019-06-19,SBIN.NS,lower,False,
2019-06-19,TATAMOTORS.NS,upper,False,
2019-06-19,TATAMOTORS.NS,lower,False,
2019-06-20,HINDUNILVR.NS,upper,False,
2019-06-20,HINDUNILVR.NS,lower,False,
2019-06-20,INFY.NS,upper,False,
2019-06-20,INFY.NS,lower,False,
2019-06-20,SBIN.NS,upper,False,
2019-06-20,SBIN.NS,lower,False,
2019-06-20,TATAMOTORS.NS,upper,False,
2019-06-20,TATAMOTORS.NS,lower,False,
2019-06-21,HINDUNILVR.NS,upper,False,
2019-06-21,HINDUNILVR.NS,lower,False,
2019-06-21,INFY.NS,upper,False,
2019-06-21,INFY.NS,lower,False,
2019-06-21,SBIN.NS,upper,False,
2019-06-21,SBIN.NS,lower,False,
2019-06-21,TATAMOTORS.NS,upper,False,
2019-06-21,TATAMOTORS.NS,lower,False,
2019-06-24,HINDUNILVR.NS,upper,False,
2019-06-24,HINDUNILVR.NS,lower,False,
2019-06-24,INFY.NS,upper,False,
2019-06-24,INFY.NS,lower,False,
2019-06-24,SBIN.NS,upper,False,
2019-06-24,SBIN.NS,lower,False,
2019-06-24,TATAMOTORS.NS,upper,False,
2019-06-24,TATAMOTORS.NS,lower,False,
2019-06-25,HINDUNILVR.NS,upper,False,
2019-06-25,HINDUNILVR.NS,lower,False,
2019-06-25,INFY.NS,upper,False,
2019-06-25,INFY.NS,lower,False,
2019-06-25,SBIN.NS,upper,False,
2019-06-25,SBIN.NS,lower,False,
2019-06-25,TATAMOTORS.NS,upper,False,
2019-06-25,TATAMOTORS.NS,lower,False,
2019-06-26,HINDUNILVR.NS,upper,False,
2019-06-26,HINDUNILVR.NS,lower,False,
2019-06-26,INFY.NS,upper,False,
2019-06-26,INFY.NS,lower,False,
2019-06-26,SBIN.NS,upper,False,
2019-06-26,SBIN.NS,lower,False,
2019-06-26,TATAMOTORS.NS,upper,False,
2019-06-26,TATAMOTORS.NS,lower,False,
2019-06-27,HINDUNILVR.NS,upper,False,
2019-06-27,HINDUNILVR.NS,lower,False,
2019-06-27,INFY.NS,upper,False,
2019-06-27,INFY.NS,lower,False,
2019-06-27,SBIN.NS,upper,False,
2019-06-27,SBIN.NS,lower,False,
2019-06-27,TATAMOTORS.NS,upper,False,
2019-06-27,TATAMOTORS.NS,lower,False,
2019-06-28,HINDUNILVR.NS,upper,False,
2019-06-28,HINDUNILVR.NS,lower,False,
2019-06-28,INFY.NS,upper,False,
2019-06-28,INFY.NS,lower,False,
2019-06-28,SBIN.NS,upper,False,
2019-06-28,SBIN.NS,lower,False,
2019-06-28,TATAMOTORS.NS,upper,False,
2019-06-28,TATAMOTORS.NS,lower,False,
2019-07-01,HINDUNILVR.NS,upper,False,
2019-07-01,HINDUNILVR.NS,lower,False,
2019-07-01,INFY.NS,upper,False,
2019-07-01,INFY.NS,lower,False,
2019-07-01,SBIN.NS,upper,False,
2019-07-01,SBIN.NS,lower,False,
2019-07-01,TATAMOTORS.NS,upper,False,
2019-07-01,TATAMOTORS.NS,lower,False,
2019-07-02,HINDUNILVR.NS,upper,False,
2019-07-02,HINDUNILVR.NS,lower,False,
2019-07-02,INFY.NS,upper,False,
2019-07-02,INFY.NS,lower,False,
2019-07-02,SBIN.NS,upper,False,
2019-07-02,SBIN.NS,lower,False,
2019-07-02,TATAMOTORS.NS,upper,False,
2019-07-02,TATAMOTORS.NS,lower,False,
2019-07-03,HINDUNILVR.NS,upper,False,
2019-07-03,HINDUNILVR.NS,lower,False,
2019-07-03,INFY.NS,upper,False,
2019-07-03,INFY.NS,lower,False,
2019-07-03,SBIN.NS,upper,False,
2019-07-03,SBIN.NS,lower,False,
2019-07-03,TATAMOTORS.NS,upper,False,
2019-07-03,TATAMOTORS.NS,lower,False,
2019-07-04,HINDUNILVR.NS,upper,False,
2019-07-04,HINDUNILVR.NS,lower,False,
2019-07-04,INFY.NS,upper,False,
2019-07-04,INFY.NS,lower,False,
2019-07-04,SBIN.NS,upper,False,
2019-07-04,SBIN.NS,lower,False,
2019-07-04,TATAMOTORS.NS,upper,False,
2019-07-04,TATAMOTORS.NS,lower,False,
2019-07-05,HINDUNILVR.NS,upper,False,
2019-07-05,HINDUNILVR.NS,lower,False,
2019-07-05,INFY.NS,upper,False,
2019-07-05,INFY.NS,lower,False,
2019-07-05,SBIN.NS,upper,False,
2019-07-05,SBIN.NS,lower,False,
2019-07-05,TATAMOTORS.NS,upper,False,
2019-07-05,TATAMOTORS.NS,lower,False,
2019-07-08,HINDUNILVR.NS,upper,False,
2019-07-08,HINDUNILVR.NS,lower,False,
2019-07-08,INFY.NS,upper,False,
2019-07-08,INFY.NS,lower,False,
2019-07-08,SBIN.NS,upper,False,
2019-07-08,SBIN.NS,lower,False,
2019-07-08,TATAMOTORS.NS,upper,False,
2019-07-08,TATAMOTORS.NS,lower,False,
2019-07-09,HINDUNILVR.NS,upper,False,
2019-07-09,HINDUNILVR.NS,lower,False,
2019-07-09,INFY.NS,upper,False,
2019-07-09,INFY.NS,lower,False,
2019-07-09,SBIN.NS,upper,False,
2019-07-09,SBIN.NS,lower,False,
2019-07-09,TATAMOTORS.NS,upper,False,
2019-07-09,TATAMOTORS.NS,lower,False,
2019-07-10,HINDUNILVR.NS,upper,False,
2019-07-10,HINDUNILVR.NS,lower,False,
2019-07-10,INFY.NS,upper,False,
2019-07-10,INFY.NS,lower,False,
2019-07-10,SBIN.NS,upper,False,
2019-07-10,SBIN.NS,lower,False,
2019-07-10,TATAMOTORS.NS,upper,False,
2019-07-10,TATAMOTORS.NS,lower,False,
2019-07-11,HINDUNILVR.NS,upper,False,
2019-07-11,HINDUNILVR.NS,lower,False,
2019-07-11,INFY.NS,upper,False,
2019-07-11,INFY.NS,lower,False,
2019-07-11,SBIN.NS,upper,False,
2019-07-11,SBIN.NS,lower,False,
2019-07-11,TATAMOTORS.NS,upper,False,
2019-07-11,TATAMOTORS.NS,lower,False,
2019-07-12,HINDUNILVR.NS,upper,False,
2019-07-12,HINDUNILVR.NS,lower,False,
2019-07-12,INFY.NS,upper,False,
2019-07-12,INFY.NS,lower,False,
2019-07-12,SBIN.NS,upper,False,
2019-07-12,SBIN.NS,lower,False,
2019-07-12,TATAMOTORS.NS,upper,False,
2019-07-12,TATAMOTORS.NS,lower,False,
2019-07-15,HINDUNILVR.NS,upper,False,
2019-07-15,HINDUNILVR.NS,lower,False,
2019-07-15,INFY.NS,upper,False,
2019-07-15,INFY.NS,lower,False,
2019-07-15,SBIN.NS,upper,False,
2019-07-15,SBIN.NS,lower,False,
2019-07-15,TATAMOTORS.NS,upper,False,
2019-07-15,TATAMOTORS.NS,lower,False,
2019-07-16,HINDUNILVR.NS,upper,False,
2019-07-16,HINDUNILVR.NS,lower,False,
2019-07-16,INFY.NS,upper,False,
2019-07-16,INFY.NS,lower,False,
2019-07-16,SBIN.NS,upper,False,
2019-07-16,SBIN.NS,lower,False,
2019-07-16,TATAMOTORS.NS,upper,False,
2019-07-16,TATAMOTORS.NS,lower,False,
2019-07-17,HINDUNILVR.NS,upper,False,
2019-07-17,HINDUNILVR.NS,lower,False,
2019-07-17,INFY.NS,upper,False,
2019-07-17,INFY.NS,lower,False,
2019-07-17,SBIN.NS,upper,False,
2019-07-17,SBIN.NS,lower,False,
2019-07-17,TATAMOTORS.NS,upper,False,
2019-07-17,TATAMOTORS.NS,lower,False,
2019-07-18,HINDUNILVR.NS,upper,False,
2019-07-18,HINDUNILVR.NS,lower,False,
2019-07-18,INFY.NS,upper,False,
2019-07-18,INFY.NS,lower,False,
2019-07-18,SBIN.NS,upper,False,
2019-07-18,SBIN.NS,lower,False,
2019-07-18,TATAMOTORS.NS,upper,False,
2019-07-18,TATAMOTORS.NS,lower,False,
2019-07-19,HINDUNILVR.NS,upper,False,
2019-07-19,HINDUNILVR.NS,lower,False,
2019-07-19,INFY.NS,upper,False,
2019-07-19,INFY.NS,lower,False,
2019-07-19,SBIN.NS,upper,False,
2019-07-19,SBIN.NS,lower,False,
2019-07-19,TATAMOTORS.NS,upper,False,
2019-07-19,TATAMOTORS.NS,lower,False,
2019-07-22,HINDUNILVR.NS,upper,False,
2019-07-22,HINDUNILVR.NS,lower,False,
2019-07-22,INFY.NS,upper,False,
2019-07-22,INFY.NS,lower,False,
2019-07-22,SBIN.NS,upper,False,
2019-07-22,SBIN.NS,lower,False,
2019-07-22,TATAMOTORS.NS,upper,False,
2019-07-22,TATAMOTORS.NS,lower,False,
2019-07-23,HINDUNILVR.NS,upper,False,
2019-07-23,HINDUNILVR.NS,lower,False,
2019-07-23,INFY.NS,upper,False,
2019-07-23,INFY.NS,lower,False,
2019-07-23,SBIN.NS,upper,False,
2019-07-23,SBIN.NS,lower,False,
2019-07-23,TATAMOTORS.NS,upper,False,
2019-07-23,TATAMOTORS.NS,lower,False,
2019-07-24,HINDUNILVR.NS,upper,False,
2019-07-24,HINDUNILVR.NS,lower,False,
2019-07-24,INFY.NS,upper,False,
2019-07-24,INFY.NS,lower,False,
2019-07-24,SBIN.NS,upper,False,
2019-07-24,SBIN.NS,lower,False,
2019-07-24,TATAMOTORS.NS,upper,False,
2019-07-24,TATAMOTORS.NS,lower,False,
2019-07-25,HINDUNILVR.NS,upper,False,
2019-07-25,HINDUNILVR.NS,lower,False,
2019-07-25,INFY.NS,upper,False,
2019-07-25,INFY.NS,lower,False,
2019-07-25,SBIN.NS,upper,False,
2019-07-25,SBIN.NS,lower,False,
2019-07-25,TATAMOTORS.NS,upper,False,
2019-07-25,TATAMOTORS.NS,lower,False,
2019-07-26,HINDUNILVR.NS,upper,False,
2019-07-26,HINDUNILVR.NS,lower,False,
2019-07-26,INFY.NS,upper,False,
2019-07-26,INFY.NS,lower,False,
2019-07-26,SBIN.NS,upper,False,
2019-07-26,SBIN.NS,lower,False,
2019-07-26,TATAMOTORS.NS,upper,False,
2019-07-26,TATAMOTORS.NS,lower,False,
2019-07-29,HINDUNILVR.NS,upper,False,
2019-07-29,HINDUNILVR.NS,lower,False,
2019-07-29,INFY.NS,upper,False,
2019-07-29,INFY.NS,lower,False,
2019-07-29,SBIN.NS,upper,False,
2019-07-29,SBIN.NS,lower,False,
2019-07-29,TATAMOTORS.NS,upper,False,
2019-07-29,TATAMOTORS.NS,lower,False,
2019-07-30,HINDUNILVR.NS,upper,False,
2019-07-30,HINDUNILVR.NS,lower,False,
2019-07-30,INFY.NS,upper,False,
2019-07-30,INFY.NS,lower,False,
2019-07-30,SBIN.NS,upper,False,
2019-07-30,SBIN.NS,lower,False,
2019-07-30,TATAMOTORS.NS,upper,False,
2019-07-30,TATAMOTORS.NS,lower,False,
2019-07-31,HINDUNILVR.NS,upper,False,
2019-07-31,HINDUNILVR.NS,lower,False,
2019-07-31,INFY.NS,upper,False,
2019-07-31,INFY.NS,lower,False,
2019-07-31,SBIN.NS,upper,False,
2019-07-31,SBIN.NS,lower,False,
2019-07-31,TATAMOTORS.NS,upper,False,
2019-07-31,TATAMOTORS.NS,lower,False,
2019-08-01,HINDUNILVR.NS,upper,False,
2019-08-01,HINDUNILVR.NS,lower,False,
2019-08-01,INFY.NS,upper,False,
2019-08-01,INFY.NS,lower,False,
2019-08-01,SBIN.NS,upper,False,
2019-08-01,SBIN.NS,lower,False,
2019-08-01,TATAMOTORS.NS,upper,False,
2019-08-01,TATAMOTORS.NS,lower,False,
2019-08-02,HINDUNILVR.NS,upper,False,
2019-08-02,HINDUNILVR.NS,lower,False,
2019-08-02,INFY.NS,upper,False,
2019-08-02,INFY.NS,lower,False,
2019-08-02,SBIN.NS,upper,False,
2019-08-02,SBIN.NS,lower,False,
2019-08-02,TATAMOTORS.NS,upper,False,
2019-08-02,TATAMOTORS.NS,lower,False,
2019-08-05,HINDUNILVR.NS,upper,False,
2019-08-05,HINDUNILVR.NS,lower,False,
2019-08-05,INFY.NS,upper,False,
2019-08-05,INFY.NS,lower,False,
2019-08-05,SBIN.NS,upper,False,
2019-08-05,SBIN.NS,lower,False,
2019-08-05,TATAMOTORS.NS,upper,False,
2019-08-05,TATAMOTORS.NS,lower,False,
2019-08-06,HINDUNILVR.NS,upper,False,
2019-08-06,HINDUNILVR.NS,lower,False,
2019-08-06,INFY.NS,upper,False,
2019-08-06,INFY.NS,lower,False,
2019-08-06,SBIN.NS,upper,False,
2019-08-06,SBIN.NS,lower,False,
2019-08-06,TATAMOTORS.NS,upper,False,
2019-08-06,TATAMOTORS.NS,lower,False,
2019-08-07,HINDUNILVR.NS,upper,False,
2019-08-07,HINDUNILVR.NS,lower,False,
2019-08-07,INFY.NS,upper,False,
2019-08-07,INFY.NS,lower,False,
2019-08-07,SBIN.NS,upper,False,
2019-08-07,SBIN.NS,lower,False,
2019-08-07,TATAMOTORS.NS,upper,False,
2019-08-07,TATAMOTORS.NS,lower,False,
2019-08-08,HINDUNILVR.NS,upper,False,
2019-08-08,HINDUNILVR.NS,lower,False,
2019-08-08,INFY.NS,upper,False,
2019-08-08,INFY.NS,lower,False,
2019-08-08,SBIN.NS,upper,False,
2019-08-08,SBIN.NS,lower,False,
2019-08-08,TATAMOTORS.NS,upper,False,
2019-08-08,TATAMOTORS.NS,lower,False,
2019-08-09,HINDUNILVR.NS,upper,False,
2019-08-09,HINDUNILVR.NS,lower,False,
2019-08-09,INFY.NS,upper,False,
2019-08-09,INFY.NS,lower,False,
2019-08-09,SBIN.NS,upper,False,
2019-08-09,SBIN.NS,lower,False,
2019-08-09,TATAMOTORS.NS,upper,False,
2019-08-09,TATAMOTORS.NS,lower,False,
2019-08-13,HINDUNILVR.NS,upper,False,
2019-08-13,HINDUNILVR.NS,lower,False,
2019-08-13,INFY.NS,upper,True,invalid
2019-08-13,INFY.NS,lower,False,
2019-08-13,SBIN.NS,upper,False,
2019-08-13,SBIN.NS,lower,False,
2019-08-13,TATAMOTORS.NS,upper,False,
2019-08-13,TATAMOTORS.NS,lower,False,
2019-08-14,HINDUNILVR.NS,upper,False,
2019-08-14,HINDUNILVR.NS,lower,False,
2019-08-14,INFY.NS,upper,False,
2019-08-14,INFY.NS,lower,False,
2019-08-14,SBIN.NS,upper,False,
2019-08-14,SBIN.NS,lower,True,sparse
2019-08-14,TATAMOTORS.NS,upper,False,
2019-08-14,TATAMOTORS.NS,lower,False,
2019-08-16,HINDUNILVR.NS,upper,False,
2019-08-16,HINDUNILVR.NS,lower,False,
2019-08-16,INFY.NS,upper,False,
2019-08-16,INFY.NS,lower,False,
2019-08-16,SBIN.NS,upper,False,
2019-08-16,SBIN.NS,lower,True,sparse
2019-08-16,TATAMOTORS.NS,upper,False,
2019-08-16,TATAMOTORS.NS,lower,False,
2019-08-19,HINDUNILVR.NS,upper,False,
2019-08-19,HINDUNILVR.NS,lower,False,
2019-08-19,INFY.NS,upper,False,
2019-08-19,INFY.NS,lower,False,
2019-08-19,SBIN.NS,upper,False,
2019-08-19,SBIN.NS,lower,False,
2019-08-19,TATAMOTORS.NS,upper,False,
2019-08-19,TATAMOTORS.NS,lower,False,
2019-08-20,HINDUNILVR.NS,upper,False,
2019-08-20,HINDUNILVR.NS,lower,False,
2019-08-20,INFY.NS,upper,True,invalid
2019-08-20,INFY.NS,lower,False,
2019-08-20,SBIN.NS,upper,False,
2019-08-20,SBIN.NS,lower,False,
2019-08-20,TATAMOTORS.NS,upper,False,
2019-08-20,TATAMOTORS.NS,lower,False,
2019-08-21,HINDUNILVR.NS,upper,False,
2019-08-21,HINDUNILVR.NS,lower,False,
2019-08-21,INFY.NS,upper,True,invalid
2019-08-21,INFY.NS,lower,False,
2019-08-21,SBIN.NS,upper,False,
2019-08-21,SBIN.NS,lower,False,
2019-08-21,TATAMOTORS.NS,upper,False,
2019-08-21,TATAMOTORS.NS,lower,False,
2019-08-22,HINDUNILVR.NS,upper,False,
2019-08-22,HINDUNILVR.NS,lower,False,
2019-08-22,INFY.NS,upper,True,invalid
2019-08-22,INFY.NS,lower,False,
2019-08-22,SBIN.NS,upper,False,
2019-08-22,SBIN.NS,lower,False,
2019-08-22,TATAMOTORS.NS,upper,False,
2019-08-22,TATAMOTORS.NS,lower,False,
2019-08-23,HINDUNILVR.NS,upper,False,
2019-08-23,HINDUNILVR.NS,lower,False,
2019-08-23,INFY.NS,upper,False,
2019-08-23,INFY.NS,lower,False,
2019-08-23,SBIN.NS,upper,False,
2019-08-23,SBIN.NS,lower,True,sparse
2019-08-23,TATAMOTORS.NS,upper,False,
2019-08-23,TATAMOTORS.NS,lower,False,
2019-08-26,HINDUNILVR.NS,upper,False,
2019-08-26,HINDUNILVR.NS,lower,False,
2019-08-26,INFY.NS,upper,False,
2019-08-26,INFY.NS,lower,False,
2019-08-26,SBIN.NS,upper,False,
2019-08-26,SBIN.NS,lower,True,sparse
2019-08-26,TATAMOTORS.NS,upper,False,
2019-08-26,TATAMOTORS.NS,lower,False,
2019-08-27,HINDUNILVR.NS,upper,False,
2019-08-27,HINDUNILVR.NS,lower,False,
2019-08-27,INFY.NS,upper,False,
2019-08-27,INFY.NS,lower,False,
2019-08-27,SBIN.NS,upper,False,
2019-08-27,SBIN.NS,lower,True,sparse
2019-08-27,TATAMOTORS.NS,upper,False,
2019-08-27,TATAMOTORS.NS,lower,False,
2019-08-28,HINDUNILVR.NS,upper,False,
2019-08-28,HINDUNILVR.NS,lower,False,
2019-08-28,INFY.NS,upper,False,
2019-08-28,INFY.NS,lower,False,
2019-08-28,SBIN.NS,upper,False,
2019-08-28,SBIN.NS,lower,True,sparse
2019-08-28,TATAMOTORS.NS,upper,False,
2019-08-28,TATAMOTORS.NS,lower,False,
2019-08-29,HINDUNILVR.NS,upper,False,
2019-08-29,HINDUNILVR.NS,lower,False,
2019-08-29,INFY.NS,upper,False,
2019-08-29,INFY.NS,lower,False,
2019-08-29,SBIN.NS,upper,False,
2019-08-29,SBIN.NS,lower,True,sparse
2019-08-29,TATAMOTORS.NS,upper,False,
2019-08-29,TATAMOTORS.NS,lower,False,
2019-08-30,HINDUNILVR.NS,upper,False,
2019-08-30,HINDUNILVR.NS,lower,False,
2019-08-30,INFY.NS,upper,False,
2019-08-30,INFY.NS,lower,False,
2019-08-30,SBIN.NS,upper,False,
2019-08-30,SBIN.NS,lower,False,
2019-08-30,TATAMOTORS.NS,upper,False,
2019-08-30,TATAMOTORS.NS,lower,False,
2019-09-03,HINDUNILVR.NS,upper,False,
2019-09-03,HINDUNILVR.NS,lower,False,
2019-09-03,INFY.NS,upper,False,
2019-09-03,INFY.NS,lower,False,
2019-09-03,SBIN.NS,upper,False,
2019-09-03,SBIN.NS,lower,False,
2019-09-03,TATAMOTORS.NS,upper,False,
2019-09-03,TATAMOTORS.NS,lower,False,
2019-09-04,HINDUNILVR.NS,upper,False,
2019-09-04,HINDUNILVR.NS,lower,False,
2019-09-04,INFY.NS,upper,False,
2019-09-04,INFY.NS,lower,False,
2019-09-04,SBIN.NS,upper,False,
2019-09-04,SBIN.NS,lower,False,
2019-09-04,TATAMOTORS.NS,upper,False,
2019-09-04,TATAMOTORS.NS,lower,False,
2019-09-05,HINDUNILVR.NS,upper,False,
2019-09-05,HINDUNILVR.NS,lower,False,
2019-09-05,INFY.NS,upper,False,
2019-09-05,INFY.NS,lower,False,
2019-09-05,SBIN.NS,upper,False,
2019-09-05,SBIN.NS,lower,False,
2019-09-05,TATAMOTORS.NS,upper,False,
2019-09-05,TATAMOTORS.NS,lower,False,
2019-09-06,HINDUNILVR.NS,upper,False,
2019-09-06,HINDUNILVR.NS,lower,False,
2019-09-06,INFY.NS,upper,False,
2019-09-06,INFY.NS,lower,False,
2019-09-06,SBIN.NS,upper,False,
2019-09-06,SBIN.NS,lower,False,
2019-09-06,TATAMOTORS.NS,upper,False,
2019-09-06,TATAMOTORS.NS,lower,False,
2019-09-09,HINDUNILVR.NS,upper,False,
2019-09-09,HINDUNILVR.NS,lower,False,
2019-09-09,INFY.NS,upper,True,invalid
2019-09-09,INFY.NS,lower,False,
2019-09-09,SBIN.NS,upper,False,
2019-09-09,SBIN.NS,lower,True,sparse
2019-09-09,TATAMOTORS.NS,upper,False,
2019-09-09,TATAMOTORS.NS,lower,False,
2019-09-11,HINDUNILVR.NS,upper,False,
2019-09-11,HINDUNILVR.NS,lower,False,
2019-09-11,INFY.NS,upper,True,invalid
2019-09-11,INFY.NS,lower,False,
2019-09-11,SBIN.NS,upper,False,
2019-09-11,SBIN.NS,lower,True,sparse
2019-09-11,TATAMOTORS.NS,upper,False,
2019-09-11,TATAMOTORS.NS,lower,False,
2019-09-12,HINDUNILVR.NS,upper,False,
2019-09-12,HINDUNILVR.NS,lower,False,
2019-09-12,INFY.NS,upper,False,
2019-09-12,INFY.NS,lower,False,
2019-09-12,SBIN.NS,upper,False,
2019-09-12,SBIN.NS,lower,True,sparse
2019-09-12,TATAMOTORS.NS,upper,False,
2019-09-12,TATAMOTORS.NS,lower,False,
2019-09-13,HINDUNILVR.NS,upper,False,
2019-09-13,HINDUNILVR.NS,lower,False,
2019-09-13,INFY.NS,upper,False,
2019-09-13,INFY.NS,lower,False,
2019-09-13,SBIN.NS,upper,False,
2019-09-13,SBIN.NS,lower,False,
2019-09-13,TATAMOTORS.NS,upper,False,
2019-09-13,TATAMOTORS.NS,lower,False,
2019-09-16,HINDUNILVR.NS,upper,False,
2019-09-16,HINDUNILVR.NS,lower,False,
2019-09-16,INFY.NS,upper,False,
2019-09-16,INFY.NS,lower,False,
2019-09-16,SBIN.NS,upper,False,
2019-09-16,SBIN.NS,lower,False,
2019-09-16,TATAMOTORS.NS,upper,False,
2019-09-16,TATAMOTORS.NS,lower,False,
2019-09-17,HINDUNILVR.NS,upper,False,
2019-09-17,HINDUNILVR.NS,lower,False,
2019-09-17,INFY.NS,upper,False,
2019-09-17,INFY.NS,lower,False,
2019-09-17,SBIN.NS,upper,False,
2019-09-17,SBIN.NS,lower,False,
2019-09-17,TATAMOTORS.NS,upper,False,
2019-09-17,TATAMOTORS.NS,lower,False,
2019-09-18,HINDUNILVR.NS,upper,False,
2019-09-18,HINDUNILVR.NS,lower,False,
2019-09-18,INFY.NS,upper,False,
2019-09-18,INFY.NS,lower,False,
2019-09-18,SBIN.NS,upper,False,
2019-09-18,SBIN.NS,lower,False,
2019-09-18,TATAMOTORS.NS,upper,False,
2019-09-18,TATAMOTORS.NS,lower,False,
2019-09-19,HINDUNILVR.NS,upper,False,
2019-09-19,HINDUNILVR.NS,lower,False,
2019-09-19,INFY.NS,upper,False,
2019-09-19,INFY.NS,lower,False,
2019-09-19,SBIN.NS,upper,False,
2019-09-19,SBIN.NS,lower,False,
2019-09-19,TATAMOTORS.NS,upper,False,
2019-09-19,TATAMOTORS.NS,lower,False,
2019-09-20,HINDUNILVR.NS,upper,False,
2019-09-20,HINDUNILVR.NS,lower,False,
2019-09-20,INFY.NS,upper,False,
2019-09-20,INFY.NS,lower,False,
2019-09-20,SBIN.NS,upper,False,
2019-09-20,SBIN.NS,lower,False,
2019-09-20,TATAMOTORS.NS,upper,False,
2019-09-20,TATAMOTORS.NS,lower,False,
2019-09-23,HINDUNILVR.NS,upper,False,
2019-09-23,HINDUNILVR.NS,lower,False,
2019-09-23,INFY.NS,upper,False,
2019-09-23,INFY.NS,lower,False,
2019-09-23,SBIN.NS,upper,False,
2019-09-23,SBIN.NS,lower,False,
2019-09-23,TATAMOTORS.NS,upper,False,
2019-09-23,TATAMOTORS.NS,lower,False,
2019-09-24,HINDUNILVR.NS,upper,True,sparse
2019-09-24,HINDUNILVR.NS,lower,False,
2019-09-24,INFY.NS,upper,False,
2019-09-24,INFY.NS,lower,False,
2019-09-24,SBIN.NS,upper,False,
2019-09-24,SBIN.NS,lower,False,
2019-09-24,TATAMOTORS.NS,upper,False,
2019-09-24,TATAMOTORS.NS,lower,False,
2019-09-25,HINDUNILVR.NS,upper,False,
2019-09-25,HINDUNILVR.NS,lower,False,
2019-09-25,INFY.NS,upper,False,
2019-09-25,INFY.NS,lower,False,
2019-09-25,SBIN.NS,upper,False,
2019-09-25,SBIN.NS,lower,False,
2019-09-25,TATAMOTORS.NS,upper,False,
2019-09-25,TATAMOTORS.NS,lower,False,
2019-09-26,HINDUNILVR.NS,upper,False,
2019-09-26,HINDUNILVR.NS,lower,False,
2019-09-26,INFY.NS,upper,False,
2019-09-26,INFY.NS,lower,False,
2019-09-26,SBIN.NS,upper,False,
2019-09-26,SBIN.NS,lower,False,
2019-09-26,TATAMOTORS.NS,upper,False,
2019-09-26,TATAMOTORS.NS,lower,False,
2019-09-27,HINDUNILVR.NS,upper,False,
2019-09-27,HINDUNILVR.NS,lower,False,
2019-09-27,INFY.NS,upper,False,
2019-09-27,INFY.NS,lower,False,
2019-09-27,SBIN.NS,upper,False,
2019-09-27,SBIN.NS,lower,False,
2019-09-27,TATAMOTORS.NS,upper,False,
2019-09-27,TATAMOTORS.NS,lower,False,
2019-09-30,HINDUNILVR.NS,upper,False,
2019-09-30,HINDUNILVR.NS,lower,False,
2019-09-30,INFY.NS,upper,False,
2019-09-30,INFY.NS,lower,False,
2019-09-30,SBIN.NS,upper,False,
2019-09-30,SBIN.NS,lower,False,
2019-09-30,TATAMOTORS.NS,upper,False,
2019-09-30,TATAMOTORS.NS,lower,False,
2019-10-01,HINDUNILVR.NS,upper,False,
2019-10-01,HINDUNILVR.NS,lower,False,
2019-10-01,INFY.NS,upper,False,
2019-10-01,INFY.NS,lower,False,
2019-10-01,SBIN.NS,upper,False,
2019-10-01,SBIN.NS,lower,False,
2019-10-01,TATAMOTORS.NS,upper,False,
2019-10-01,TATAMOTORS.NS,lower,False,
2019-10-03,HINDUNILVR.NS,upper,False,
2019-10-03,HINDUNILVR.NS,lower,False,
2019-10-03,INFY.NS,upper,False,
2019-10-03,INFY.NS,lower,False,
2019-10-03,SBIN.NS,upper,False,
2019-10-03,SBIN.NS,lower,False,
2019-10-03,TATAMOTORS.NS,upper,False,
2019-10-03,TATAMOTORS.NS,lower,False,
2019-10-04,HINDUNILVR.NS,upper,False,
2019-10-04,HINDUNILVR.NS,lower,False,
2019-10-04,INFY.NS,upper,False,
2019-10-04,INFY.NS,lower,False,
2019-10-04,SBIN.NS,upper,False,
2019-10-04,SBIN.NS,lower,False,
2019-10-04,TATAMOTORS.NS,upper,False,
2019-10-04,TATAMOTORS.NS,lower,False,
2019-10-07,HINDUNILVR.NS,upper,False,
2019-10-07,HINDUNILVR.NS,lower,False,
2019-10-07,INFY.NS,upper,False,
2019-10-07,INFY.NS,lower,False,
2019-10-07,SBIN.NS,upper,False,
2019-10-07,SBIN.NS,lower,False,
2019-10-07,TATAMOTORS.NS,upper,False,
2019-10-07,TATAMOTORS.NS,lower,False,
2019-10-09,HINDUNILVR.NS,upper,False,
2019-10-09,HINDUNILVR.NS,lower,False,
2019-10-09,INFY.NS,upper,False,
2019-10-09,INFY.NS,lower,False,
2019-10-09,SBIN.NS,upper,False,
2019-10-09,SBIN.NS,lower,False,
2019-10-09,TATAMOTORS.NS,upper,False,
2019-10-09,TATAMOTORS.NS,lower,False,
2019-10-10,HINDUNILVR.NS,upper,True,sparse
2019-10-10,HINDUNILVR.NS,lower,False,
2019-10-10,INFY.NS,upper,False,
2019-10-10,INFY.NS,lower,False,
2019-10-10,SBIN.NS,upper,False,
2019-10-10,SBIN.NS,lower,False,
2019-10-10,TATAMOTORS.NS,upper,False,
2019-10-10,TATAMOTORS.NS,lower,False,
2019-10-11,HINDUNILVR.NS,upper,False,
2019-10-11,HINDUNILVR.NS,lower,False,
2019-10-11,INFY.NS,upper,False,
2019-10-11,INFY.NS,lower,False,
2019-10-11,SBIN.NS,upper,False,
2019-10-11,SBIN.NS,lower,False,
2019-10-11,TATAMOTORS.NS,upper,False,
2019-10-11,TATAMOTORS.NS,lower,False,
2019-10-14,HINDUNILVR.NS,upper,False,
2019-10-14,HINDUNILVR.NS,lower,False,
2019-10-14,INFY.NS,upper,False,
2019-10-14,INFY.NS,lower,False,
2019-10-14,SBIN.NS,upper,False,
2019-10-14,SBIN.NS,lower,False,
2019-10-14,TATAMOTORS.NS,upper,False,
2019-10-14,TATAMOTORS.NS,lower,False,
2019-10-15,HINDUNILVR.NS,upper,False,
2019-10-15,HINDUNILVR.NS,lower,False,
2019-10-15,INFY.NS,upper,False,
2019-10-15,INFY.NS,lower,False,
2019-10-15,SBIN.NS,upper,False,
2019-10-15,SBIN.NS,lower,False,
2019-10-15,TATAMOTORS.NS,upper,False,
2019-10-15,TATAMOTORS.NS,lower,False,
2019-10-16,HINDUNILVR.NS,upper,False,
2019-10-16,HINDUNILVR.NS,lower,False,
2019-10-16,INFY.NS,upper,False,
2019-10-16,INFY.NS,lower,False,
2019-10-16,SBIN.NS,upper,False,
2019-10-16,SBIN.NS,lower,False,
2019-10-16,TATAMOTORS.NS,upper,False,
2019-10-16,TATAMOTORS.NS,lower,False,
2019-10-17,HINDUNILVR.NS,upper,False,
2019-10-17,HINDUNILVR.NS,lower,False,
2019-10-17,INFY.NS,upper,False,
2019-10-17,INFY.NS,lower,False,
2019-10-17,SBIN.NS,upper,False,
2019-10-17,SBIN.NS,lower,False,
2019-10-17,TATAMOTORS.NS,upper,False,
2019-10-17,TATAMOTORS.NS,lower,False,
2019-10-18,HINDUNILVR.NS,upper,False,
2019-10-18,HINDUNILVR.NS,lower,False,
2019-10-18,INFY.NS,upper,False,
2019-10-18,INFY.NS,lower,False,
2019-10-18,SBIN.NS,upper,False,
2019-10-18,SBIN.NS,lower,False,
2019-10-18,TATAMOTORS.NS,upper,False,
2019-10-18,TATAMOTORS.NS,lower,False,
2019-10-22,HINDUNILVR.NS,upper,False,
2019-10-22,HINDUNILVR.NS,lower,False,
2019-10-22,INFY.NS,upper,False,
2019-10-22,INFY.NS,lower,False,
2019-10-22,SBIN.NS,upper,False,
2019-10-22,SBIN.NS,lower,False,
2019-10-22,TATAMOTORS.NS,upper,False,
2019-10-22,TATAMOTORS.NS,lower,False,
2019-10-23,HINDUNILVR.NS,upper,False,
2019-10-23,HINDUNILVR.NS,lower,False,
2019-10-23,INFY.NS,upper,False,
2019-10-23,INFY.NS,lower,False,
2019-10-23,SBIN.NS,upper,False,
2019-10-23,SBIN.NS,lower,False,
2019-10-23,TATAMOTORS.NS,upper,False,
2019-10-23,TATAMOTORS.NS,lower,False,
2019-10-24,HINDUNILVR.NS,upper,False,
2019-10-24,HINDUNILVR.NS,lower,False,
2019-10-24,INFY.NS,upper,True,invalid
2019-10-24,INFY.NS,lower,False,
2019-10-24,SBIN.NS,upper,False,
2019-10-24,SBIN.NS,lower,False,
2019-10-24,TATAMOTORS.NS,upper,False,
2019-10-24,TATAMOTORS.NS,lower,False,
2019-10-25,HINDUNILVR.NS,upper,False,
2019-10-25,HINDUNILVR.NS,lower,False,
2019-10-25,INFY.NS,upper,True,invalid
2019-10-25,INFY.NS,lower,False,
2019-10-25,SBIN.NS,upper,False,
2019-10-25,SBIN.NS,lower,False,
2019-10-25,TATAMOTORS.NS,upper,False,
2019-10-25,TATAMOTORS.NS,lower,False,
2019-10-27,HINDUNILVR.NS,upper,False,
2019-10-27,HINDUNILVR.NS,lower,False,
2019-10-27,INFY.NS,upper,True,invalid
2019-10-27,INFY.NS,lower,False,
2019-10-27,SBIN.NS,upper,False,
2019-10-27,SBIN.NS,lower,False,
2019-10-27,TATAMOTORS.NS,upper,False,
2019-10-27,TATAMOTORS.NS,lower,False,
2019-10-29,HINDUNILVR.NS,upper,False,
2019-10-29,HINDUNILVR.NS,lower,False,
2019-10-29,INFY.NS,upper,True,sparse
2019-10-29,INFY.NS,lower,False,
2019-10-29,SBIN.NS,upper,False,
2019-10-29,SBIN.NS,lower,False,
2019-10-29,TATAMOTORS.NS,upper,False,
2019-10-29,TATAMOTORS.NS,lower,False,
2019-10-30,HINDUNILVR.NS,upper,False,
2019-10-30,HINDUNILVR.NS,lower,False,
2019-10-30,INFY.NS,upper,True,invalid
2019-10-30,INFY.NS,lower,False,
2019-10-30,SBIN.NS,upper,False,
2019-10-30,SBIN.NS,lower,False,
2019-10-30,TATAMOTORS.NS,upper,False,
2019-10-30,TATAMOTORS.NS,lower,False,
2019-10-31,HINDUNILVR.NS,upper,False,
2019-10-31,HINDUNILVR.NS,lower,False,
2019-10-31,INFY.NS,upper,False,
2019-10-31,INFY.NS,lower,False,
2019-10-31,SBIN.NS,upper,False,
2019-10-31,SBIN.NS,lower,False,
2019-10-31,TATAMOTORS.NS,upper,False,
2019-10-31,TATAMOTORS.NS,lower,False,
2019-11-01,HINDUNILVR.NS,upper,False,
2019-11-01,HINDUNILVR.NS,lower,False,
2019-11-01,INFY.NS,upper,False,
2019-11-01,INFY.NS,lower,False,
2019-11-01,SBIN.NS,upper,False,
2019-11-01,SBIN.NS,lower,False,
2019-11-01,TATAMOTORS.NS,upper,False,
2019-11-01,TATAMOTORS.NS,lower,False,
2019-11-04,HINDUNILVR.NS,upper,False,
2019-11-04,HINDUNILVR.NS,lower,False,
2019-11-04,INFY.NS,upper,False,
2019-11-04,INFY.NS,lower,False,
2019-11-04,SBIN.NS,upper,False,
2019-11-04,SBIN.NS,lower,False,
2019-11-04,TATAMOTORS.NS,upper,False,
2019-11-04,TATAMOTORS.NS,lower,False,
2019-11-05,HINDUNILVR.NS,upper,False,
2019-11-05,HINDUNILVR.NS,lower,False,
2019-11-05,INFY.NS,upper,False,
2019-11-05,INFY.NS,lower,False,
2019-11-05,SBIN.NS,upper,False,
2019-11-05,SBIN.NS,lower,False,
2019-11-05,TATAMOTORS.NS,upper,False,
2019-11-05,TATAMOTORS.NS,lower,False,
2019-11-06,HINDUNILVR.NS,upper,False,
2019-11-06,HINDUNILVR.NS,lower,False,
2019-11-06,INFY.NS,upper,True,invalid
2019-11-06,INFY.NS,lower,False,
2019-11-06,SBIN.NS,upper,False,
2019-11-06,SBIN.NS,lower,False,
2019-11-06,TATAMOTORS.NS,upper,False,
2019-11-06,TATAMOTORS.NS,lower,False,
2019-11-07,HINDUNILVR.NS,upper,False,
2019-11-07,HINDUNILVR.NS,lower,False,
2019-11-07,INFY.NS,upper,False,
2019-11-07,INFY.NS,lower,False,
2019-11-07,SBIN.NS,upper,False,
2019-11-07,SBIN.NS,lower,False,
2019-11-07,TATAMOTORS.NS,upper,False,
2019-11-07,TATAMOTORS.NS,lower,False,
2019-11-08,HINDUNILVR.NS,upper,False,
2019-11-08,HINDUNILVR.NS,lower,False,
2019-11-08,INFY.NS,upper,True,invalid
2019-11-08,INFY.NS,lower,False,
2019-11-08,SBIN.NS,upper,False,
2019-11-08,SBIN.NS,lower,False,
2019-11-08,TATAMOTORS.NS,upper,False,
2019-11-08,TATAMOTORS.NS,lower,False,
2019-11-11,HINDUNILVR.NS,upper,False,
2019-11-11,HINDUNILVR.NS,lower,False,
2019-11-11,INFY.NS,upper,True,invalid
2019-11-11,INFY.NS,lower,False,
2019-11-11,SBIN.NS,upper,False,
2019-11-11,SBIN.NS,lower,False,
2019-11-11,TATAMOTORS.NS,upper,False,
2019-11-11,TATAMOTORS.NS,lower,False,
2019-11-13,HINDUNILVR.NS,upper,False,
2019-11-13,HINDUNILVR.NS,lower,False,
2019-11-13,INFY.NS,upper,False,
2019-11-13,INFY.NS,lower,False,
2019-11-13,SBIN.NS,upper,False,
2019-11-13,SBIN.NS,lower,False,
2019-11-13,TATAMOTORS.NS,upper,False,
2019-11-13,TATAMOTORS.NS,lower,False,
2019-11-14,HINDUNILVR.NS,upper,True,sparse
2019-11-14,HINDUNILVR.NS,lower,False,
2019-11-14,INFY.NS,upper,True,invalid
2019-11-14,INFY.NS,lower,False,
2019-11-14,SBIN.NS,upper,False,
2019-11-14,SBIN.NS,lower,False,
2019-11-14,TATAMOTORS.NS,upper,False,
2019-11-14,TATAMOTORS.NS,lower,False,
2019-11-15,HINDUNILVR.NS,upper,False,
2019-11-15,HINDUNILVR.NS,lower,False,
2019-11-15,INFY.NS,upper,True,invalid
2019-11-15,INFY.NS,lower,False,
2019-11-15,SBIN.NS,upper,False,
2019-11-15,SBIN.NS,lower,False,
2019-11-15,TATAMOTORS.NS,upper,False,
2019-11-15,TATAMOTORS.NS,lower,False,
2019-11-18,HINDUNILVR.NS,upper,True,sparse
2019-11-18,HINDUNILVR.NS,lower,False,
2019-11-18,INFY.NS,upper,True,invalid
2019-11-18,INFY.NS,lower,False,
2019-11-18,SBIN.NS,upper,False,
2019-11-18,SBIN.NS,lower,False,
2019-11-18,TATAMOTORS.NS,upper,False,
2019-11-18,TATAMOTORS.NS,lower,False,
2019-11-19,HINDUNILVR.NS,upper,True,sparse
2019-11-19,HINDUNILVR.NS,lower,False,
2019-11-19,INFY.NS,upper,True,invalid
2019-11-19,INFY.NS,lower,False,
2019-11-19,SBIN.NS,upper,False,
2019-11-19,SBIN.NS,lower,False,
2019-11-19,TATAMOTORS.NS,upper,False,
2019-11-19,TATAMOTORS.NS,lower,False,
2019-11-20,HINDUNILVR.NS,upper,True,sparse
2019-11-20,HINDUNILVR.NS,lower,False,
2019-11-20,INFY.NS,upper,True,invalid
2019-11-20,INFY.NS,lower,False,
2019-11-20,SBIN.NS,upper,False,
2019-11-20,SBIN.NS,lower,False,
2019-11-20,TATAMOTORS.NS,upper,False,
2019-11-20,TATAMOTORS.NS,lower,False,
2019-11-21,HINDUNILVR.NS,upper,False,
2019-11-21,HINDUNILVR.NS,lower,False,
2019-11-21,INFY.NS,upper,False,
2019-11-21,INFY.NS,lower,False,
2019-11-21,SBIN.NS,upper,False,
2019-11-21,SBIN.NS,lower,False,
2019-11-21,TATAMOTORS.NS,upper,False,
2019-11-21,TATAMOTORS.NS,lower,False,
2019-11-22,HINDUNILVR.NS,upper,False,
2019-11-22,HINDUNILVR.NS,lower,False,
2019-11-22,INFY.NS,upper,False,
2019-11-22,INFY.NS,lower,False,
2019-11-22,SBIN.NS,upper,False,
2019-11-22,SBIN.NS,lower,False,
2019-11-22,TATAMOTORS.NS,upper,False,
2019-11-22,TATAMOTORS.NS,lower,False,
2019-11-25,HINDUNILVR.NS,upper,False,
2019-11-25,HINDUNILVR.NS,lower,False,
2019-11-25,INFY.NS,upper,True,invalid
2019-11-25,INFY.NS,lower,False,
2019-11-25,SBIN.NS,upper,False,
2019-11-25,SBIN.NS,lower,False,
2019-11-25,TATAMOTORS.NS,upper,False,
2019-11-25,TATAMOTORS.NS,lower,False,
2019-11-26,HINDUNILVR.NS,upper,False,
2019-11-26,HINDUNILVR.NS,lower,False,
2019-11-26,INFY.NS,upper,True,invalid
2019-11-26,INFY.NS,lower,False,
2019-11-26,SBIN.NS,upper,False,
2019-11-26,SBIN.NS,lower,False,
2019-11-26,TATAMOTORS.NS,upper,False,
2019-11-26,TATAMOTORS.NS,lower,False,
2019-11-27,HINDUNILVR.NS,upper,False,
2019-11-27,HINDUNILVR.NS,lower,False,
2019-11-27,INFY.NS,upper,True,invalid
2019-11-27,INFY.NS,lower,False,
2019-11-27,SBIN.NS,upper,False,
2019-11-27,SBIN.NS,lower,False,
2019-11-27,TATAMOTORS.NS,upper,False,
2019-11-27,TATAMOTORS.NS,lower,False,
2019-11-28,HINDUNILVR.NS,upper,False,
2019-11-28,HINDUNILVR.NS,lower,False,
2019-11-28,INFY.NS,upper,True,invalid
2019-11-28,INFY.NS,lower,False,
2019-11-28,SBIN.NS,upper,False,
2019-11-28,SBIN.NS,lower,False,
2019-11-28,TATAMOTORS.NS,upper,False,
2019-11-28,TATAMOTORS.NS,lower,False,
2019-11-29,HINDUNILVR.NS,upper,False,
2019-11-29,HINDUNILVR.NS,lower,False,
2019-11-29,INFY.NS,upper,True,invalid
2019-11-29,INFY.NS,lower,False,
2019-11-29,SBIN.NS,upper,False,
2019-11-29,SBIN.NS,lower,False,
2019-11-29,TATAMOTORS.NS,upper,False,
2019-11-29,TATAMOTORS.NS,lower,False,
2019-12-02,HINDUNILVR.NS,upper,False,
2019-12-02,HINDUNILVR.NS,lower,False,
2019-12-02,INFY.NS,upper,True,invalid
2019-12-02,INFY.NS,lower,False,
2019-12-02,SBIN.NS,upper,False,
2019-12-02,SBIN.NS,lower,False,
2019-12-02,TATAMOTORS.NS,upper,False,
2019-12-02,TATAMOTORS.NS,lower,False,
2019-12-03,HINDUNILVR.NS,upper,False,
2019-12-03,HINDUNILVR.NS,lower,False,
2019-12-03,INFY.NS,upper,True,invalid
2019-12-03,INFY.NS,lower,False,
2019-12-03,SBIN.NS,upper,False,
2019-12-03,SBIN.NS,lower,False,
2019-12-03,TATAMOTORS.NS,upper,False,
2019-12-03,TATAMOTORS.NS,lower,False,
2019-12-04,HINDUNILVR.NS,upper,False,
2019-12-04,HINDUNILVR.NS,lower,False,
2019-12-04,INFY.NS,upper,True,invalid
2019-12-04,INFY.NS,lower,False,
2019-12-04,SBIN.NS,upper,False,
2019-12-04,SBIN.NS,lower,False,
2019-12-04,TATAMOTORS.NS,upper,False,
2019-12-04,TATAMOTORS.NS,lower,False,
2019-12-05,HINDUNILVR.NS,upper,False,
2019-12-05,HINDUNILVR.NS,lower,False,
2019-12-05,INFY.NS,upper,True,invalid
2019-12-05,INFY.NS,lower,False,
2019-12-05,SBIN.NS,upper,False,
2019-12-05,SBIN.NS,lower,False,
2019-12-05,TATAMOTORS.NS,upper,False,
2019-12-05,TATAMOTORS.NS,lower,False,
2019-12-06,HINDUNILVR.NS,upper,False,
2019-12-06,HINDUNILVR.NS,lower,False,
2019-12-06,INFY.NS,upper,False,
2019-12-06,INFY.NS,lower,False,
2019-12-06,SBIN.NS,upper,False,
2019-12-06,SBIN.NS,lower,False,
2019-12-06,TATAMOTORS.NS,upper,False,
2019-12-06,TATAMOTORS.NS,lower,False,
2019-12-09,HINDUNILVR.NS,upper,False,
2019-12-09,HINDUNILVR.NS,lower,False,
2019-12-09,INFY.NS,upper,False,
2019-12-09,INFY.NS,lower,False,
2019-12-09,SBIN.NS,upper,False,
2019-12-09,SBIN.NS,lower,False,
2019-12-09,TATAMOTORS.NS,upper,False,
2019-12-09,TATAMOTORS.NS,lower,False,
2019-12-10,HINDUNILVR.NS,upper,False,
2019-12-10,HINDUNILVR.NS,lower,False,
2019-12-10,INFY.NS,upper,True,sparse
2019-12-10,INFY.NS,lower,False,
2019-12-10,SBIN.NS,upper,False,
2019-12-10,SBIN.NS,lower,False,
2019-12-10,TATAMOTORS.NS,upper,False,
2019-12-10,TATAMOTORS.NS,lower,False,
2019-12-11,HINDUNILVR.NS,upper,False,
2019-12-11,HINDUNILVR.NS,lower,False,
2019-12-11,INFY.NS,upper,True,invalid
2019-12-11,INFY.NS,lower,False,
2019-12-11,SBIN.NS,upper,False,
2019-12-11,SBIN.NS,lower,False,
2019-12-11,TATAMOTORS.NS,upper,False,
2019-12-11,TATAMOTORS.NS,lower,False,
2019-12-12,HINDUNILVR.NS,upper,False,
2019-12-12,HINDUNILVR.NS,lower,False,
2019-12-12,INFY.NS,upper,True,sparse
2019-12-12,INFY.NS,lower,False,
2019-12-12,SBIN.NS,upper,False,
2019-12-12,SBIN.NS,lower,False,
2019-12-12,TATAMOTORS.NS,upper,False,
2019-12-12,TATAMOTORS.NS,lower,False,
2019-12-13,HINDUNILVR.NS,upper,False,
2019-12-13,HINDUNILVR.NS,lower,False,
2019-12-13,INFY.NS,upper,True,sparse
2019-12-13,INFY.NS,lower,False,
2019-12-13,SBIN.NS,upper,False,
2019-12-13,SBIN.NS,lower,False,
2019-12-13,TATAMOTORS.NS,upper,False,
2019-12-13,TATAMOTORS.NS,lower,False,
2019-12-16,HINDUNILVR.NS,upper,False,
2019-12-16,HINDUNILVR.NS,lower,False,
2019-12-16,INFY.NS,upper,True,sparse
2019-12-16,INFY.NS,lower,False,
2019-12-16,SBIN.NS,upper,False,
2019-12-16,SBIN.NS,lower,False,
2019-12-16,TATAMOTORS.NS,upper,False,
2019-12-16,TATAMOTORS.NS,lower,False,
2019-12-17,HINDUNILVR.NS,upper,False,
2019-12-17,HINDUNILVR.NS,lower,False,
2019-12-17,INFY.NS,upper,True,sparse
2019-12-17,INFY.NS,lower,False,
2019-12-17,SBIN.NS,upper,False,
2019-12-17,SBIN.NS,lower,False,
2019-12-17,TATAMOTORS.NS,upper,False,
2019-12-17,TATAMOTORS.NS,lower,False,
2019-12-18,HINDUNILVR.NS,upper,False,
2019-12-18,HINDUNILVR.NS,lower,False,
2019-12-18,INFY.NS,upper,True,sparse
2019-12-18,INFY.NS,lower,False,
2019-12-18,SBIN.NS,upper,False,
2019-12-18,SBIN.NS,lower,False,
2019-12-18,TATAMOTORS.NS,upper,False,
2019-12-18,TATAMOTORS.NS,lower,False,
2019-12-19,HINDUNILVR.NS,upper,False,
2019-12-19,HINDUNILVR.NS,lower,False,
2019-12-19,INFY.NS,upper,True,sparse
2019-12-19,INFY.NS,lower,False,
2019-12-19,SBIN.NS,upper,False,
2019-12-19,SBIN.NS,lower,False,
2019-12-19,TATAMOTORS.NS,upper,False,
2019-12-19,TATAMOTORS.NS,lower,False,
2019-12-20,HINDUNILVR.NS,upper,False,
2019-12-20,HINDUNILVR.NS,lower,False,
2019-12-20,INFY.NS,upper,True,sparse
2019-12-20,INFY.NS,lower,False,
2019-12-20,SBIN.NS,upper,False,
2019-12-20,SBIN.NS,lower,False,
2019-12-20,TATAMOTORS.NS,upper,False,
2019-12-20,TATAMOTORS.NS,lower,False,
2019-12-23,HINDUNILVR.NS,upper,False,
2019-12-23,HINDUNILVR.NS,lower,False,
2019-12-23,INFY.NS,upper,True,sparse
2019-12-23,INFY.NS,lower,False,
2019-12-23,SBIN.NS,upper,False,
2019-12-23,SBIN.NS,lower,False,
2019-12-23,TATAMOTORS.NS,upper,False,
2019-12-23,TATAMOTORS.NS,lower,False,
2019-12-24,HINDUNILVR.NS,upper,False,
2019-12-24,HINDUNILVR.NS,lower,False,
2019-12-24,INFY.NS,upper,True,sparse
2019-12-24,INFY.NS,lower,False,
2019-12-24,SBIN.NS,upper,False,
2019-12-24,SBIN.NS,lower,False,
2019-12-24,TATAMOTORS.NS,upper,False,
2019-12-24,TATAMOTORS.NS,lower,False,
2019-12-26,HINDUNILVR.NS,upper,False,
2019-12-26,HINDUNILVR.NS,lower,False,
2019-12-26,INFY.NS,upper,True,sparse
2019-12-26,INFY.NS,lower,False,
2019-12-26,SBIN.NS,upper,False,
2019-12-26,SBIN.NS,lower,False,
2019-12-26,TATAMOTORS.NS,upper,False,
2019-12-26,TATAMOTORS.NS,lower,False,
2019-12-27,HINDUNILVR.NS,upper,False,
2019-12-27,HINDUNILVR.NS,lower,False,
2019-12-27,INFY.NS,upper,False,
2019-12-27,INFY.NS,lower,False,
2019-12-27,SBIN.NS,upper,False,
2019-12-27,SBIN.NS,lower,False,
2019-12-27,TATAMOTORS.NS,upper,False,
2019-12-27,TATAMOTORS.NS,lower,False,
2019-12-30,HINDUNILVR.NS,upper,False,
2019-12-30,HINDUNILVR.NS,lower,False,
2019-12-30,INFY.NS,upper,True,sparse
2019-12-30,INFY.NS,lower,False,
2019-12-30,SBIN.NS,upper,False,
2019-12-30,SBIN.NS,lower,False,
2019-12-30,TATAMOTORS.NS,upper,False,
2019-12-30,TATAMOTORS.NS,lower,False,
2019-12-31,HINDUNILVR.NS,upper,False,
2019-12-31,HINDUNILVR.NS,lower,False,
2019-12-31,INFY.NS,upper,True,sparse
2019-12-31,INFY.NS,lower,False,
2019-12-31,SBIN.NS,upper,False,
2019-12-31,SBIN.NS,lower,False,
2019-12-31,TATAMOTORS.NS,upper,False,
2019-12-31,TATAMOTORS.NS,lower,False,
2020-01-01,HINDUNILVR.NS,upper,False,
2020-01-01,HINDUNILVR.NS,lower,False,
2020-01-01,INFY.NS,upper,True,sparse
2020-01-01,INFY.NS,lower,False,
2020-01-01,SBIN.NS,upper,False,
2020-01-01,SBIN.NS,lower,False,
2020-01-01,TATAMOTORS.NS,upper,False,
2020-01-01,TATAMOTORS.NS,lower,False,
2020-01-02,HINDUNILVR.NS,upper,False,
2020-01-02,HINDUNILVR.NS,lower,False,
2020-01-02,INFY.NS,upper,True,sparse
2020-01-02,INFY.NS,lower,False,
2020-01-02,SBIN.NS,upper,False,
2020-01-02,SBIN.NS,lower,False,
2020-01-02,TATAMOTORS.NS,upper,False,
2020-01-02,TATAMOTORS.NS,lower,False,
2020-01-03,HINDUNILVR.NS,upper,False,
2020-01-03,HINDUNILVR.NS,lower,False,
2020-01-03,INFY.NS,upper,True,sparse
2020-01-03,INFY.NS,lower,False,
2020-01-03,SBIN.NS,upper,False,
2020-01-03,SBIN.NS,lower,False,
2020-01-03,TATAMOTORS.NS,upper,False,
2020-01-03,TATAMOTORS.NS,lower,False,
2020-01-06,HINDUNILVR.NS,upper,False,
2020-01-06,HINDUNILVR.NS,lower,False,
2020-01-06,INFY.NS,upper,True,sparse
2020-01-06,INFY.NS,lower,False,
2020-01-06,SBIN.NS,upper,False,
2020-01-06,SBIN.NS,lower,False,
2020-01-06,TATAMOTORS.NS,upper,False,
2020-01-06,TATAMOTORS.NS,lower,False,
2020-01-07,HINDUNILVR.NS,upper,False,
2020-01-07,HINDUNILVR.NS,lower,False,
2020-01-07,INFY.NS,upper,False,
2020-01-07,INFY.NS,lower,False,
2020-01-07,SBIN.NS,upper,False,
2020-01-07,SBIN.NS,lower,False,
2020-01-07,TATAMOTORS.NS,upper,False,
2020-01-07,TATAMOTORS.NS,lower,False,
2020-01-08,HINDUNILVR.NS,upper,False,
2020-01-08,HINDUNILVR.NS,lower,False,
2020-01-08,INFY.NS,upper,False,
2020-01-08,INFY.NS,lower,False,
2020-01-08,SBIN.NS,upper,False,
2020-01-08,SBIN.NS,lower,False,
2020-01-08,TATAMOTORS.NS,upper,False,
2020-01-08,TATAMOTORS.NS,lower,False,
2020-01-09,HINDUNILVR.NS,upper,False,
2020-01-09,HINDUNILVR.NS,lower,False,
2020-01-09,INFY.NS,upper,False,
2020-01-09,INFY.NS,lower,False,
2020-01-09,SBIN.NS,upper,False,
2020-01-09,SBIN.NS,lower,False,
2020-01-09,TATAMOTORS.NS,upper,False,
2020-01-09,TATAMOTORS.NS,lower,False,
2020-01-10,HINDUNILVR.NS,upper,False,
2020-01-10,HINDUNILVR.NS,lower,False,
2020-01-10,INFY.NS,upper,True,sparse
2020-01-10,INFY.NS,lower,False,
2020-01-10,SBIN.NS,upper,False,
2020-01-10,SBIN.NS,lower,False,
2020-01-10,TATAMOTORS.NS,upper,False,
2020-01-10,TATAMOTORS.NS,lower,False,
2020-01-13,HINDUNILVR.NS,upper,False,
2020-01-13,HINDUNILVR.NS,lower,False,
2020-01-13,INFY.NS,upper,True,sparse
2020-01-13,INFY.NS,lower,False,
2020-01-13,SBIN.NS,upper,False,
2020-01-13,SBIN.NS,lower,False,
2020-01-13,TATAMOTORS.NS,upper,False,
2020-01-13,TATAMOTORS.NS,lower,False,
2020-01-14,HINDUNILVR.NS,upper,False,
2020-01-14,HINDUNILVR.NS,lower,False,
2020-01-14,INFY.NS,upper,True,sparse
2020-01-14,INFY.NS,lower,False,
2020-01-14,SBIN.NS,upper,False,
2020-01-14,SBIN.NS,lower,False,
2020-01-14,TATAMOTORS.NS,upper,False,
2020-01-14,TATAMOTORS.NS,lower,False,
2020-01-15,HINDUNILVR.NS,upper,False,
2020-01-15,HINDUNILVR.NS,lower,False,
2020-01-15,INFY.NS,upper,True,invalid
2020-01-15,INFY.NS,lower,False,
2020-01-15,SBIN.NS,upper,False,
2020-01-15,SBIN.NS,lower,False,
2020-01-15,TATAMOTORS.NS,upper,False,
2020-01-15,TATAMOTORS.NS,lower,False,
2020-01-16,HINDUNILVR.NS,upper,False,
2020-01-16,HINDUNILVR.NS,lower,False,
2020-01-16,INFY.NS,upper,True,invalid
2020-01-16,INFY.NS,lower,False,
2020-01-16,SBIN.NS,upper,False,
2020-01-16,SBIN.NS,lower,False,
2020-01-16,TATAMOTORS.NS,upper,False,
2020-01-16,TATAMOTORS.NS,lower,False,
2020-01-17,HINDUNILVR.NS,upper,False,
2020-01-17,HINDUNILVR.NS,lower,False,
2020-01-17,INFY.NS,upper,True,invalid
2020-01-17,INFY.NS,lower,False,
2020-01-17,SBIN.NS,upper,False,
2020-01-17,SBIN.NS,lower,False,
2020-01-17,TATAMOTORS.NS,upper,False,
2020-01-17,TATAMOTORS.NS,lower,False,
2020-01-20,HINDUNILVR.NS,upper,False,
2020-01-20,HINDUNILVR.NS,lower,False,
2020-01-20,INFY.NS,upper,True,invalid
2020-01-20,INFY.NS,lower,False,
2020-01-20,SBIN.NS,upper,False,
2020-01-20,SBIN.NS,lower,False,
2020-01-20,TATAMOTORS.NS,upper,False,
2020-01-20,TATAMOTORS.NS,lower,False,
2020-01-21,HINDUNILVR.NS,upper,False,
2020-01-21,HINDUNILVR.NS,lower,False,
2020-01-21,INFY.NS,upper,True,invalid
2020-01-21,INFY.NS,lower,False,
2020-01-21,SBIN.NS,upper,False,
2020-01-21,SBIN.NS,lower,False,
2020-01-21,TATAMOTORS.NS,upper,False,
2020-01-21,TATAMOTORS.NS,lower,False,
2020-01-22,HINDUNILVR.NS,upper,False,
2020-01-22,HINDUNILVR.NS,lower,False,
2020-01-22,INFY.NS,upper,True,invalid
2020-01-22,INFY.NS,lower,False,
2020-01-22,SBIN.NS,upper,False,
2020-01-22,SBIN.NS,lower,False,
2020-01-22,TATAMOTORS.NS,upper,False,
2020-01-22,TATAMOTORS.NS,lower,False,
2020-01-23,HINDUNILVR.NS,upper,False,
2020-01-23,HINDUNILVR.NS,lower,False,
2020-01-23,INFY.NS,upper,True,invalid
2020-01-23,INFY.NS,lower,False,
2020-01-23,SBIN.NS,upper,False,
2020-01-23,SBIN.NS,lower,False,
2020-01-23,TATAMOTORS.NS,upper,False,
2020-01-23,TATAMOTORS.NS,lower,False,
2020-01-24,HINDUNILVR.NS,upper,False,
2020-01-24,HINDUNILVR.NS,lower,False,
2020-01-24,INFY.NS,upper,True,invalid
2020-01-24,INFY.NS,lower,False,
2020-01-24,SBIN.NS,upper,False,
2020-01-24,SBIN.NS,lower,True,sparse
2020-01-24,TATAMOTORS.NS,upper,False,
2020-01-24,TATAMOTORS.NS,lower,False,
2020-01-27,HINDUNILVR.NS,upper,False,
2020-01-27,HINDUNILVR.NS,lower,False,
2020-01-27,INFY.NS,upper,True,invalid
2020-01-27,INFY.NS,lower,False,
2020-01-27,SBIN.NS,upper,False,
2020-01-27,SBIN.NS,lower,False,
2020-01-27,TATAMOTORS.NS,upper,False,
2020-01-27,TATAMOTORS.NS,lower,False,
2020-01-28,HINDUNILVR.NS,upper,False,
2020-01-28,HINDUNILVR.NS,lower,False,
2020-01-28,INFY.NS,upper,True,invalid
2020-01-28,INFY.NS,lower,False,
2020-01-28,SBIN.NS,upper,False,
2020-01-28,SBIN.NS,lower,True,sparse
2020-01-28,TATAMOTORS.NS,upper,False,
2020-01-28,TATAMOTORS.NS,lower,False,
2020-01-29,HINDUNILVR.NS,upper,False,
2020-01-29,HINDUNILVR.NS,lower,False,
2020-01-29,INFY.NS,upper,True,invalid
2020-01-29,INFY.NS,lower,False,
2020-01-29,SBIN.NS,upper,False,
2020-01-29,SBIN.NS,lower,False,
2020-01-29,TATAMOTORS.NS,upper,False,
2020-01-29,TATAMOTORS.NS,lower,False,
2020-01-30,HINDUNILVR.NS,upper,False,
2020-01-30,HINDUNILVR.NS,lower,False,
2020-01-30,INFY.NS,upper,True,invalid
2020-01-30,INFY.NS,lower,False,
2020-01-30,SBIN.NS,upper,False,
2020-01-30,SBIN.NS,lower,True,sparse
2020-01-30,TATAMOTORS.NS,upper,False,
2020-01-30,TATAMOTORS.NS,lower,False,
2020-01-31,HINDUNILVR.NS,upper,False,
2020-01-31,HINDUNILVR.NS,lower,False,
2020-01-31,INFY.NS,upper,True,invalid
2020-01-31,INFY.NS,lower,False,
2020-01-31,SBIN.NS,upper,False,
2020-01-31,SBIN.NS,lower,True,sparse
2020-01-31,TATAMOTORS.NS,upper,False,
2020-01-31,TATAMOTORS.NS,lower,False,
2020-02-03,HINDUNILVR.NS,upper,False,
2020-02-03,HINDUNILVR.NS,lower,False,
2020-02-03,INFY.NS,upper,True,invalid
2020-02-03,INFY.NS,lower,False,
2020-02-03,SBIN.NS,upper,False,
2020-02-03,SBIN.NS,lower,True,sparse
2020-02-03,TATAMOTORS.NS,upper,False,
2020-02-03,TATAMOTORS.NS,lower,False,
2020-02-04,HINDUNILVR.NS,upper,False,
2020-02-04,HINDUNILVR.NS,lower,False,
2020-02-04,INFY.NS,upper,True,invalid
2020-02-04,INFY.NS,lower,False,
2020-02-04,SBIN.NS,upper,False,
2020-02-04,SBIN.NS,lower,True,sparse
2020-02-04,TATAMOTORS.NS,upper,False,
2020-02-04,TATAMOTORS.NS,lower,False,
2020-02-05,HINDUNILVR.NS,upper,False,
2020-02-05,HINDUNILVR.NS,lower,False,
2020-02-05,INFY.NS,upper,True,invalid
2020-02-05,INFY.NS,lower,False,
2020-02-05,SBIN.NS,upper,False,
2020-02-05,SBIN.NS,lower,True,invalid
2020-02-05,TATAMOTORS.NS,upper,False,
2020-02-05,TATAMOTORS.NS,lower,False,
2020-02-06,HINDUNILVR.NS,upper,False,
2020-02-06,HINDUNILVR.NS,lower,False,
2020-02-06,INFY.NS,upper,True,invalid
2020-02-06,INFY.NS,lower,False,
2020-02-06,SBIN.NS,upper,False,
2020-02-06,SBIN.NS,lower,True,invalid
2020-02-06,TATAMOTORS.NS,upper,False,
2020-02-06,TATAMOTORS.NS,lower,False,
2020-02-07,HINDUNILVR.NS,upper,False,
2020-02-07,HINDUNILVR.NS,lower,False,
2020-02-07,INFY.NS,upper,True,invalid
2020-02-07,INFY.NS,lower,False,
2020-02-07,SBIN.NS,upper,False,
2020-02-07,SBIN.NS,lower,False,
2020-02-07,TATAMOTORS.NS,upper,False,
2020-02-07,TATAMOTORS.NS,lower,False,
2020-02-10,HINDUNILVR.NS,upper,False,
2020-02-10,HINDUNILVR.NS,lower,False,
2020-02-10,INFY.NS,upper,False,
2020-02-10,INFY.NS,lower,False,
2020-02-10,SBIN.NS,upper,False,
2020-02-10,SBIN.NS,lower,False,
2020-02-10,TATAMOTORS.NS,upper,False,
2020-02-10,TATAMOTORS.NS,lower,False,
2020-02-11,HINDUNILVR.NS,upper,False,
2020-02-11,HINDUNILVR.NS,lower,False,
2020-02-11,INFY.NS,upper,False,
2020-02-11,INFY.NS,lower,False,
2020-02-11,SBIN.NS,upper,False,
2020-02-11,SBIN.NS,lower,False,
2020-02-11,TATAMOTORS.NS,upper,False,
2020-02-11,TATAMOTORS.NS,lower,False,
2020-02-12,HINDUNILVR.NS,upper,False,
2020-02-12,HINDUNILVR.NS,lower,False,
2020-02-12,INFY.NS,upper,True,sparse
2020-02-12,INFY.NS,lower,False,
2020-02-12,SBIN.NS,upper,False,
2020-02-12,SBIN.NS,lower,False,
2020-02-12,TATAMOTORS.NS,upper,False,
2020-02-12,TATAMOTORS.NS,lower,False,
2020-02-13,HINDUNILVR.NS,upper,False,
2020-02-13,HINDUNILVR.NS,lower,False,
2020-02-13,INFY.NS,upper,True,invalid
2020-02-13,INFY.NS,lower,False,
2020-02-13,SBIN.NS,upper,False,
2020-02-13,SBIN.NS,lower,False,
2020-02-13,TATAMOTORS.NS,upper,False,
2020-02-13,TATAMOTORS.NS,lower,False,
2020-02-14,HINDUNILVR.NS,upper,False,
2020-02-14,HINDUNILVR.NS,lower,False,
2020-02-14,INFY.NS,upper,True,invalid
2020-02-14,INFY.NS,lower,False,
2020-02-14,SBIN.NS,upper,False,
2020-02-14,SBIN.NS,lower,False,
2020-02-14,TATAMOTORS.NS,upper,False,
2020-02-14,TATAMOTORS.NS,lower,False,
2020-02-17,HINDUNILVR.NS,upper,False,
2020-02-17,HINDUNILVR.NS,lower,False,
2020-02-17,INFY.NS,upper,True,invalid
2020-02-17,INFY.NS,lower,False,
2020-02-17,SBIN.NS,upper,False,
2020-02-17,SBIN.NS,lower,False,
2020-02-17,TATAMOTORS.NS,upper,False,
2020-02-17,TATAMOTORS.NS,lower,False,
2020-02-18,HINDUNILVR.NS,upper,False,
2020-02-18,HINDUNILVR.NS,lower,False,
2020-02-18,INFY.NS,upper,True,invalid
2020-02-18,INFY.NS,lower,False,
2020-02-18,SBIN.NS,upper,False,
2020-02-18,SBIN.NS,lower,False,
2020-02-18,TATAMOTORS.NS,upper,False,
2020-02-18,TATAMOTORS.NS,lower,False,
2020-02-19,HINDUNILVR.NS,upper,False,
2020-02-19,HINDUNILVR.NS,lower,False,
2020-02-19,INFY.NS,upper,True,sparse
2020-02-19,INFY.NS,lower,False,
2020-02-19,SBIN.NS,upper,False,
2020-02-19,SBIN.NS,lower,False,
2020-02-19,TATAMOTORS.NS,upper,False,
2020-02-19,TATAMOTORS.NS,lower,False,
2020-02-20,HINDUNILVR.NS,upper,False,
2020-02-20,HINDUNILVR.NS,lower,False,
2020-02-20,INFY.NS,upper,True,invalid
2020-02-20,INFY.NS,lower,False,
2020-02-20,SBIN.NS,upper,False,
2020-02-20,SBIN.NS,lower,True,sparse
2020-02-20,TATAMOTORS.NS,upper,False,
2020-02-20,TATAMOTORS.NS,lower,False,
2020-02-24,HINDUNILVR.NS,upper,False,
2020-02-24,HINDUNILVR.NS,lower,False,
2020-02-24,INFY.NS,upper,True,invalid
2020-02-24,INFY.NS,lower,False,
2020-02-24,SBIN.NS,upper,False,
2020-02-24,SBIN.NS,lower,False,
2020-02-24,TATAMOTORS.NS,upper,False,
2020-02-24,TATAMOTORS.NS,lower,False,
2020-02-25,HINDUNILVR.NS,upper,False,
2020-02-25,HINDUNILVR.NS,lower,False,
2020-02-25,INFY.NS,upper,True,invalid
2020-02-25,INFY.NS,lower,False,
2020-02-25,SBIN.NS,upper,False,
2020-02-25,SBIN.NS,lower,True,sparse
2020-02-25,TATAMOTORS.NS,upper,False,
2020-02-25,TATAMOTORS.NS,lower,False,
2020-02-26,HINDUNILVR.NS,upper,False,
2020-02-26,HINDUNILVR.NS,lower,False,
2020-02-26,INFY.NS,upper,False,
2020-02-26,INFY.NS,lower,False,
2020-02-26,SBIN.NS,upper,False,
2020-02-26,SBIN.NS,lower,True,sparse
2020-02-26,TATAMOTORS.NS,upper,False,
2020-02-26,TATAMOTORS.NS,lower,False,
2020-02-27,HINDUNILVR.NS,upper,False,
2020-02-27,HINDUNILVR.NS,lower,False,
2020-02-27,INFY.NS,upper,True,invalid
2020-02-27,INFY.NS,lower,False,
2020-02-27,SBIN.NS,upper,False,
2020-02-27,SBIN.NS,lower,False,
2020-02-27,TATAMOTORS.NS,upper,False,
2020-02-27,TATAMOTORS.NS,lower,False,
2020-02-28,HINDUNILVR.NS,upper,False,
2020-02-28,HINDUNILVR.NS,lower,False,
2020-02-28,INFY.NS,upper,True,invalid
2020-02-28,INFY.NS,lower,False,
2020-02-28,SBIN.NS,upper,False,
2020-02-28,SBIN.NS,lower,True,sparse
2020-02-28,TATAMOTORS.NS,upper,False,
2020-02-28,TATAMOTORS.NS,lower,False,
2020-03-02,HINDUNILVR.NS,upper,False,
2020-03-02,HINDUNILVR.NS,lower,False,
2020-03-02,INFY.NS,upper,True,invalid
2020-03-02,INFY.NS,lower,False,
2020-03-02,SBIN.NS,upper,False,
2020-03-02,SBIN.NS,lower,True,sparse
2020-03-02,TATAMOTORS.NS,upper,False,
2020-03-02,TATAMOTORS.NS,lower,False,
2020-03-03,HINDUNILVR.NS,upper,False,
2020-03-03,HINDUNILVR.NS,lower,False,
2020-03-03,INFY.NS,upper,False,
2020-03-03,INFY.NS,lower,False,
2020-03-03,SBIN.NS,upper,False,
2020-03-03,SBIN.NS,lower,True,sparse
2020-03-03,TATAMOTORS.NS,upper,False,
2020-03-03,TATAMOTORS.NS,lower,False,
2020-03-04,HINDUNILVR.NS,upper,False,
2020-03-04,HINDUNILVR.NS,lower,False,
2020-03-04,INFY.NS,upper,False,
2020-03-04,INFY.NS,lower,False,
2020-03-04,SBIN.NS,upper,False,
2020-03-04,SBIN.NS,lower,True,sparse
2020-03-04,TATAMOTORS.NS,upper,False,
2020-03-04,TATAMOTORS.NS,lower,False,
2020-03-05,HINDUNILVR.NS,upper,False,
2020-03-05,HINDUNILVR.NS,lower,False,
2020-03-05,INFY.NS,upper,False,
2020-03-05,INFY.NS,lower,False,
2020-03-05,SBIN.NS,upper,False,
2020-03-05,SBIN.NS,lower,True,sparse
2020-03-05,TATAMOTORS.NS,upper,False,
2020-03-05,TATAMOTORS.NS,lower,False,
2020-03-06,HINDUNILVR.NS,upper,False,
2020-03-06,HINDUNILVR.NS,lower,False,
2020-03-06,INFY.NS,upper,False,
2020-03-06,INFY.NS,lower,False,
2020-03-06,SBIN.NS,upper,False,
2020-03-06,SBIN.NS,lower,True,sparse
2020-03-06,TATAMOTORS.NS,upper,False,
2020-03-06,TATAMOTORS.NS,lower,False,
2020-03-09,HINDUNILVR.NS,upper,False,
2020-03-09,HINDUNILVR.NS,lower,False,
2020-03-09,INFY.NS,upper,True,invalid
2020-03-09,INFY.NS,lower,False,
2020-03-09,SBIN.NS,upper,False,
2020-03-09,SBIN.NS,lower,True,sparse
2020-03-09,TATAMOTORS.NS,upper,False,
2020-03-09,TATAMOTORS.NS,lower,False,
2020-03-11,HINDUNILVR.NS,upper,False,
2020-03-11,HINDUNILVR.NS,lower,False,
2020-03-11,INFY.NS,upper,True,invalid
2020-03-11,INFY.NS,lower,False,
2020-03-11,SBIN.NS,upper,False,
2020-03-11,SBIN.NS,lower,False,
2020-03-11,TATAMOTORS.NS,upper,False,
2020-03-11,TATAMOTORS.NS,lower,False,
2020-03-12,HINDUNILVR.NS,upper,False,
2020-03-12,HINDUNILVR.NS,lower,False,
2020-03-12,INFY.NS,upper,False,
2020-03-12,INFY.NS,lower,False,
2020-03-12,SBIN.NS,upper,False,
2020-03-12,SBIN.NS,lower,True,sparse
2020-03-12,TATAMOTORS.NS,upper,False,
2020-03-12,TATAMOTORS.NS,lower,False,
2020-03-13,HINDUNILVR.NS,upper,False,
2020-03-13,HINDUNILVR.NS,lower,False,
2020-03-13,INFY.NS,upper,False,
2020-03-13,INFY.NS,lower,False,
2020-03-13,SBIN.NS,upper,False,
2020-03-13,SBIN.NS,lower,True,sparse
2020-03-13,TATAMOTORS.NS,upper,False,
2020-03-13,TATAMOTORS.NS,lower,False,
2020-03-16,HINDUNILVR.NS,upper,False,
2020-03-16,HINDUNILVR.NS,lower,False,
2020-03-16,INFY.NS,upper,False,
2020-03-16,INFY.NS,lower,False,
2020-03-16,SBIN.NS,upper,False,
2020-03-16,SBIN.NS,lower,False,
2020-03-16,TATAMOTORS.NS,upper,False,
2020-03-16,TATAMOTORS.NS,lower,False,
2020-03-17,HINDUNILVR.NS,upper,False,
2020-03-17,HINDUNILVR.NS,lower,False,
2020-03-17,INFY.NS,upper,False,
2020-03-17,INFY.NS,lower,False,
2020-03-17,SBIN.NS,upper,False,
2020-03-17,SBIN.NS,lower,True,sparse
2020-03-17,TATAMOTORS.NS,upper,False,
2020-03-17,TATAMOTORS.NS,lower,False,
2020-03-18,HINDUNILVR.NS,upper,False,
2020-03-18,HINDUNILVR.NS,lower,False,
2020-03-18,INFY.NS,upper,False,
2020-03-18,INFY.NS,lower,False,
2020-03-18,SBIN.NS,upper,False,
2020-03-18,SBIN.NS,lower,True,sparse
2020-03-18,TATAMOTORS.NS,upper,False,
2020-03-18,TATAMOTORS.NS,lower,False,
2020-03-19,HINDUNILVR.NS,upper,False,
2020-03-19,HINDUNILVR.NS,lower,False,
2020-03-19,INFY.NS,upper,False,
2020-03-19,INFY.NS,lower,False,
2020-03-19,SBIN.NS,upper,False,
2020-03-19,SBIN.NS,lower,True,sparse
2020-03-19,TATAMOTORS.NS,upper,False,
2020-03-19,TATAMOTORS.NS,lower,False,
2020-03-20,HINDUNILVR.NS,upper,False,
2020-03-20,HINDUNILVR.NS,lower,False,
2020-03-20,INFY.NS,upper,False,
2020-03-20,INFY.NS,lower,False,
2020-03-20,SBIN.NS,upper,False,
2020-03-20,SBIN.NS,lower,True,sparse
2020-03-20,TATAMOTORS.NS,upper,False,
2020-03-20,TATAMOTORS.NS,lower,False,
2020-03-23,HINDUNILVR.NS,upper,False,
2020-03-23,HINDUNILVR.NS,lower,False,
2020-03-23,INFY.NS,upper,False,
2020-03-23,INFY.NS,lower,False,
2020-03-23,SBIN.NS,upper,False,
2020-03-23,SBIN.NS,lower,True,sparse
2020-03-23,TATAMOTORS.NS,upper,False,
2020-03-23,TATAMOTORS.NS,lower,False,
2020-03-24,HINDUNILVR.NS,upper,False,
2020-03-24,HINDUNILVR.NS,lower,False,
2020-03-24,INFY.NS,upper,False,
2020-03-24,INFY.NS,lower,False,
2020-03-24,SBIN.NS,upper,False,
2020-03-24,SBIN.NS,lower,True,sparse
2020-03-24,TATAMOTORS.NS,upper,False,
2020-03-24,TATAMOTORS.NS,lower,False,
2020-03-25,HINDUNILVR.NS,upper,False,
2020-03-25,HINDUNILVR.NS,lower,False,
2020-03-25,INFY.NS,upper,False,
2020-03-25,INFY.NS,lower,False,
2020-03-25,SBIN.NS,upper,False,
2020-03-25,SBIN.NS,lower,True,sparse
2020-03-25,TATAMOTORS.NS,upper,False,
2020-03-25,TATAMOTORS.NS,lower,False,
2020-03-26,HINDUNILVR.NS,upper,False,
2020-03-26,HINDUNILVR.NS,lower,False,
2020-03-26,INFY.NS,upper,False,
2020-03-26,INFY.NS,lower,False,
2020-03-26,SBIN.NS,upper,False,
2020-03-26,SBIN.NS,lower,True,sparse
2020-03-26,TATAMOTORS.NS,upper,False,
2020-03-26,TATAMOTORS.NS,lower,False,
2020-03-27,HINDUNILVR.NS,upper,False,
2020-03-27,HINDUNILVR.NS,lower,False,
2020-03-27,INFY.NS,upper,False,
2020-03-27,INFY.NS,lower,False,
2020-03-27,SBIN.NS,upper,False,
2020-03-27,SBIN.NS,lower,False,
2020-03-27,TATAMOTORS.NS,upper,False,
2020-03-27,TATAMOTORS.NS,lower,False,
2020-03-30,HINDUNILVR.NS,upper,False,
2020-03-30,HINDUNILVR.NS,lower,False,
2020-03-30,INFY.NS,upper,False,
2020-03-30,INFY.NS,lower,False,
2020-03-30,SBIN.NS,upper,False,
2020-03-30,SBIN.NS,lower,False,
2020-03-30,TATAMOTORS.NS,upper,False,
2020-03-30,TATAMOTORS.NS,lower,False,
2020-03-31,HINDUNILVR.NS,upper,False,
2020-03-31,HINDUNILVR.NS,lower,False,
2020-03-31,INFY.NS,upper,False,
2020-03-31,INFY.NS,lower,False,
2020-03-31,SBIN.NS,upper,False,
2020-03-31,SBIN.NS,lower,True,sparse
2020-03-31,TATAMOTORS.NS,upper,False,
2020-03-31,TATAMOTORS.NS,lower,False,
2020-04-01,HINDUNILVR.NS,upper,False,
2020-04-01,HINDUNILVR.NS,lower,False,
2020-04-01,INFY.NS,upper,False,
2020-04-01,INFY.NS,lower,False,
2020-04-01,SBIN.NS,upper,False,
2020-04-01,SBIN.NS,lower,True,sparse
2020-04-01,TATAMOTORS.NS,upper,False,
2020-04-01,TATAMOTORS.NS,lower,False,
2020-04-03,HINDUNILVR.NS,upper,False,
2020-04-03,HINDUNILVR.NS,lower,False,
2020-04-03,INFY.NS,upper,False,
2020-04-03,INFY.NS,lower,False,
2020-04-03,SBIN.NS,upper,False,
2020-04-03,SBIN.NS,lower,False,
2020-04-03,TATAMOTORS.NS,upper,False,
2020-04-03,TATAMOTORS.NS,lower,False,
2020-04-07,HINDUNILVR.NS,upper,False,
2020-04-07,HINDUNILVR.NS,lower,False,
2020-04-07,INFY.NS,upper,False,
2020-04-07,INFY.NS,lower,False,
2020-04-07,SBIN.NS,upper,False,
2020-04-07,SBIN.NS,lower,True,sparse
2020-04-07,TATAMOTORS.NS,upper,False,
2020-04-07,TATAMOTORS.NS,lower,False,
2020-04-08,HINDUNILVR.NS,upper,False,
2020-04-08,HINDUNILVR.NS,lower,False,
2020-04-08,INFY.NS,upper,False,
2020-04-08,INFY.NS,lower,False,
2020-04-08,SBIN.NS,upper,False,
2020-04-08,SBIN.NS,lower,False,
2020-04-08,TATAMOTORS.NS,upper,False,
2020-04-08,TATAMOTORS.NS,lower,False,
2020-04-09,HINDUNILVR.NS,upper,False,
2020-04-09,HINDUNILVR.NS,lower,False,
2020-04-09,INFY.NS,upper,False,
2020-04-09,INFY.NS,lower,False,
2020-04-09,SBIN.NS,upper,False,
2020-04-09,SBIN.NS,lower,False,
2020-04-09,TATAMOTORS.NS,upper,False,
2020-04-09,TATAMOTORS.NS,lower,False,
2020-04-13,HINDUNILVR.NS,upper,False,
2020-04-13,HINDUNILVR.NS,lower,False,
2020-04-13,INFY.NS,upper,False,
2020-04-13,INFY.NS,lower,False,
2020-04-13,SBIN.NS,upper,False,
2020-04-13,SBIN.NS,lower,False,
2020-04-13,TATAMOTORS.NS,upper,False,
2020-04-13,TATAMOTORS.NS,lower,False,
2020-04-15,HINDUNILVR.NS,upper,False,
2020-04-15,HINDUNILVR.NS,lower,False,
2020-04-15,INFY.NS,upper,False,
2020-04-15,INFY.NS,lower,False,
2020-04-15,SBIN.NS,upper,False,
2020-04-15,SBIN.NS,lower,False,
2020-04-15,TATAMOTORS.NS,upper,False,
2020-04-15,TATAMOTORS.NS,lower,False,
2020-04-16,HINDUNILVR.NS,upper,False,
2020-04-16,HINDUNILVR.NS,lower,False,
2020-04-16,INFY.NS,upper,False,
2020-04-16,INFY.NS,lower,False,
2020-04-16,SBIN.NS,upper,False,
2020-04-16,SBIN.NS,lower,False,
2020-04-16,TATAMOTORS.NS,upper,False,
2020-04-16,TATAMOTORS.NS,lower,False,
2020-04-17,HINDUNILVR.NS,upper,False,
2020-04-17,HINDUNILVR.NS,lower,False,
2020-04-17,INFY.NS,upper,False,
2020-04-17,INFY.NS,lower,False,
2020-04-17,SBIN.NS,upper,False,
2020-04-17,SBIN.NS,lower,False,
2020-04-17,TATAMOTORS.NS,upper,False,
2020-04-17,TATAMOTORS.NS,lower,False,
2020-04-20,HINDUNILVR.NS,upper,False,
2020-04-20,HINDUNILVR.NS,lower,False,
2020-04-20,INFY.NS,upper,False,
2020-04-20,INFY.NS,lower,False,
2020-04-20,SBIN.NS,upper,False,
2020-04-20,SBIN.NS,lower,False,
2020-04-20,TATAMOTORS.NS,upper,False,
2020-04-20,TATAMOTORS.NS,lower,False,
2020-04-21,HINDUNILVR.NS,upper,False,
2020-04-21,HINDUNILVR.NS,lower,False,
2020-04-21,INFY.NS,upper,False,
2020-04-21,INFY.NS,lower,False,
2020-04-21,SBIN.NS,upper,False,
2020-04-21,SBIN.NS,lower,True,sparse
2020-04-21,TATAMOTORS.NS,upper,False,
2020-04-21,TATAMOTORS.NS,lower,False,
2020-04-22,HINDUNILVR.NS,upper,False,
2020-04-22,HINDUNILVR.NS,lower,False,
2020-04-22,INFY.NS,upper,False,
2020-04-22,INFY.NS,lower,False,
2020-04-22,SBIN.NS,upper,False,
2020-04-22,SBIN.NS,lower,False,
2020-04-22,TATAMOTORS.NS,upper,False,
2020-04-22,TATAMOTORS.NS,lower,False,
2020-04-23,HINDUNILVR.NS,upper,False,
2020-04-23,HINDUNILVR.NS,lower,False,
2020-04-23,INFY.NS,upper,False,
2020-04-23,INFY.NS,lower,False,
2020-04-23,SBIN.NS,upper,False,
2020-04-23,SBIN.NS,lower,False,
2020-04-23,TATAMOTORS.NS,upper,False,
2020-04-23,TATAMOTORS.NS,lower,False,
2020-04-24,HINDUNILVR.NS,upper,False,
2020-04-24,HINDUNILVR.NS,lower,False,
2020-04-24,INFY.NS,upper,False,
2020-04-24,INFY.NS,lower,False,
2020-04-24,SBIN.NS,upper,False,
2020-04-24,SBIN.NS,lower,False,
2020-04-24,TATAMOTORS.NS,upper,False,
2020-04-24,TATAMOTORS.NS,lower,False,
2020-04-27,HINDUNILVR.NS,upper,False,
2020-04-27,HINDUNILVR.NS,lower,False,
2020-04-27,INFY.NS,upper,False,
2020-04-27,INFY.NS,lower,False,
2020-04-27,SBIN.NS,upper,False,
2020-04-27,SBIN.NS,lower,True,sparse
2020-04-27,TATAMOTORS.NS,upper,False,
2020-04-27,TATAMOTORS.NS,lower,False,
2020-04-28,HINDUNILVR.NS,upper,False,
2020-04-28,HINDUNILVR.NS,lower,False,
2020-04-28,INFY.NS,upper,False,
2020-04-28,INFY.NS,lower,False,
2020-04-28,SBIN.NS,upper,False,
2020-04-28,SBIN.NS,lower,True,sparse
2020-04-28,TATAMOTORS.NS,upper,False,
2020-04-28,TATAMOTORS.NS,lower,False,
2020-04-29,HINDUNILVR.NS,upper,False,
2020-04-29,HINDUNILVR.NS,lower,False,
2020-04-29,INFY.NS,upper,False,
2020-04-29,INFY.NS,lower,False,
2020-04-29,SBIN.NS,upper,False,
2020-04-29,SBIN.NS,lower,True,sparse
2020-04-29,TATAMOTORS.NS,upper,False,
2020-04-29,TATAMOTORS.NS,lower,False,
2020-04-30,HINDUNILVR.NS,upper,False,
2020-04-30,HINDUNILVR.NS,lower,False,
2020-04-30,INFY.NS,upper,False,
2020-04-30,INFY.NS,lower,False,
2020-04-30,SBIN.NS,upper,False,
2020-04-30,SBIN.NS,lower,False,
2020-04-30,TATAMOTORS.NS,upper,False,
2020-04-30,TATAMOTORS.NS,lower,False,
2020-05-04,HINDUNILVR.NS,upper,False,
2020-05-04,HINDUNILVR.NS,lower,False,
2020-05-04,INFY.NS,upper,False,
2020-05-04,INFY.NS,lower,False,
2020-05-04,SBIN.NS,upper,False,
2020-05-04,SBIN.NS,lower,False,
2020-05-04,TATAMOTORS.NS,upper,False,
2020-05-04,TATAMOTORS.NS,lower,False,
2020-05-05,HINDUNILVR.NS,upper,False,
2020-05-05,HINDUNILVR.NS,lower,False,
2020-05-05,INFY.NS,upper,False,
2020-05-05,INFY.NS,lower,False,
2020-05-05,SBIN.NS,upper,False,
2020-05-05,SBIN.NS,lower,False,
2020-05-05,TATAMOTORS.NS,upper,False,
2020-05-05,TATAMOTORS.NS,lower,False,
2020-05-06,HINDUNILVR.NS,upper,False,
2020-05-06,HINDUNILVR.NS,lower,False,
2020-05-06,INFY.NS,upper,False,
2020-05-06,INFY.NS,lower,False,
2020-05-06,SBIN.NS,upper,False,
2020-05-06,SBIN.NS,lower,True,sparse
2020-05-06,TATAMOTORS.NS,upper,False,
2020-05-06,TATAMOTORS.NS,lower,False,
2020-05-07,HINDUNILVR.NS,upper,False,
2020-05-07,HINDUNILVR.NS,lower,False,
2020-05-07,INFY.NS,upper,False,
2020-05-07,INFY.NS,lower,False,
2020-05-07,SBIN.NS,upper,False,
2020-05-07,SBIN.NS,lower,False,
2020-05-07,TATAMOTORS.NS,upper,False,
2020-05-07,TATAMOTORS.NS,lower,False,
2020-05-08,HINDUNILVR.NS,upper,False,
2020-05-08,HINDUNILVR.NS,lower,False,
2020-05-08,INFY.NS,upper,False,
2020-05-08,INFY.NS,lower,False,
2020-05-08,SBIN.NS,upper,False,
2020-05-08,SBIN.NS,lower,False,
2020-05-08,TATAMOTORS.NS,upper,False,
2020-05-08,TATAMOTORS.NS,lower,False,
2020-05-11,HINDUNILVR.NS,upper,False,
2020-05-11,HINDUNILVR.NS,lower,False,
2020-05-11,INFY.NS,upper,False,
2020-05-11,INFY.NS,lower,False,
2020-05-11,SBIN.NS,upper,False,
2020-05-11,SBIN.NS,lower,False,
2020-05-11,TATAMOTORS.NS,upper,False,
2020-05-11,TATAMOTORS.NS,lower,False,
2020-05-12,HINDUNILVR.NS,upper,False,
2020-05-12,HINDUNILVR.NS,lower,False,
2020-05-12,INFY.NS,upper,False,
2020-05-12,INFY.NS,lower,False,
2020-05-12,SBIN.NS,upper,False,
2020-05-12,SBIN.NS,lower,False,
2020-05-12,TATAMOTORS.NS,upper,False,
2020-05-12,TATAMOTORS.NS,lower,False,
2020-05-13,HINDUNILVR.NS,upper,False,
2020-05-13,HINDUNILVR.NS,lower,False,
2020-05-13,INFY.NS,upper,False,
2020-05-13,INFY.NS,lower,False,
2020-05-13,SBIN.NS,upper,False,
2020-05-13,SBIN.NS,lower,True,sparse
2020-05-13,TATAMOTORS.NS,upper,False,
2020-05-13,TATAMOTORS.NS,lower,False,
2020-05-14,HINDUNILVR.NS,upper,False,
2020-05-14,HINDUNILVR.NS,lower,False,
2020-05-14,INFY.NS,upper,False,
2020-05-14,INFY.NS,lower,False,
2020-05-14,SBIN.NS,upper,False,
2020-05-14,SBIN.NS,lower,False,
2020-05-14,TATAMOTORS.NS,upper,False,
2020-05-14,TATAMOTORS.NS,lower,False,
2020-05-15,HINDUNILVR.NS,upper,False,
2020-05-15,HINDUNILVR.NS,lower,False,
2020-05-15,INFY.NS,upper,False,
2020-05-15,INFY.NS,lower,False,
2020-05-15,SBIN.NS,upper,False,
2020-05-15,SBIN.NS,lower,False,
2020-05-15,TATAMOTORS.NS,upper,False,
2020-05-15,TATAMOTORS.NS,lower,False,
2020-05-18,HINDUNILVR.NS,upper,False,
2020-05-18,HINDUNILVR.NS,lower,False,
2020-05-18,INFY.NS,upper,False,
2020-05-18,INFY.NS,lower,False,
2020-05-18,SBIN.NS,upper,False,
2020-05-18,SBIN.NS,lower,False,
2020-05-18,TATAMOTORS.NS,upper,False,
2020-05-18,TATAMOTORS.NS,lower,False,
2020-05-19,HINDUNILVR.NS,upper,False,
2020-05-19,HINDUNILVR.NS,lower,False,
2020-05-19,INFY.NS,upper,False,
2020-05-19,INFY.NS,lower,False,
2020-05-19,SBIN.NS,upper,False,
2020-05-19,SBIN.NS,lower,True,sparse
2020-05-19,TATAMOTORS.NS,upper,False,
2020-05-19,TATAMOTORS.NS,lower,False,
2020-05-20,HINDUNILVR.NS,upper,False,
2020-05-20,HINDUNILVR.NS,lower,False,
2020-05-20,INFY.NS,upper,False,
2020-05-20,INFY.NS,lower,False,
2020-05-20,SBIN.NS,upper,False,
2020-05-20,SBIN.NS,lower,True,sparse
2020-05-20,TATAMOTORS.NS,upper,False,
2020-05-20,TATAMOTORS.NS,lower,False,
2020-05-21,HINDUNILVR.NS,upper,False,
2020-05-21,HINDUNILVR.NS,lower,False,
2020-05-21,INFY.NS,upper,False,
2020-05-21,INFY.NS,lower,False,
2020-05-21,SBIN.NS,upper,False,
2020-05-21,SBIN.NS,lower,True,sparse
2020-05-21,TATAMOTORS.NS,upper,False,
2020-05-21,TATAMOTORS.NS,lower,False,
2020-05-22,HINDUNILVR.NS,upper,False,
2020-05-22,HINDUNILVR.NS,lower,False,
2020-05-22,INFY.NS,upper,False,
2020-05-22,INFY.NS,lower,False,
2020-05-22,SBIN.NS,upper,False,
2020-05-22,SBIN.NS,lower,True,sparse
2020-05-22,TATAMOTORS.NS,upper,False,
2020-05-22,TATAMOTORS.NS,lower,False,
2020-05-26,HINDUNILVR.NS,upper,False,
2020-05-26,HINDUNILVR.NS,lower,False,
2020-05-26,INFY.NS,upper,False,
2020-05-26,INFY.NS,lower,False,
2020-05-26,SBIN.NS,upper,False,
2020-05-26,SBIN.NS,lower,True,sparse
2020-05-26,TATAMOTORS.NS,upper,False,
2020-05-26,TATAMOTORS.NS,lower,False,
2020-05-27,HINDUNILVR.NS,upper,False,
2020-05-27,HINDUNILVR.NS,lower,False,
2020-05-27,INFY.NS,upper,True,invalid
2020-05-27,INFY.NS,lower,False,
2020-05-27,SBIN.NS,upper,False,
2020-05-27,SBIN.NS,lower,True,sparse
2020-05-27,TATAMOTORS.NS,upper,False,
2020-05-27,TATAMOTORS.NS,lower,False,
2020-05-28,HINDUNILVR.NS,upper,False,
2020-05-28,HINDUNILVR.NS,lower,False,
2020-05-28,INFY.NS,upper,False,
2020-05-28,INFY.NS,lower,False,
2020-05-28,SBIN.NS,upper,False,
2020-05-28,SBIN.NS,lower,True,sparse
2020-05-28,TATAMOTORS.NS,upper,False,
2020-05-28,TATAMOTORS.NS,lower,False,
2020-05-29,HINDUNILVR.NS,upper,False,
2020-05-29,HINDUNILVR.NS,lower,False,
2020-05-29,INFY.NS,upper,False,
2020-05-29,INFY.NS,lower,False,
2020-05-29,SBIN.NS,upper,False,
2020-05-29,SBIN.NS,lower,True,sparse
2020-05-29,TATAMOTORS.NS,upper,False,
2020-05-29,TATAMOTORS.NS,lower,False,
2020-06-01,HINDUNILVR.NS,upper,False,
2020-06-01,HINDUNILVR.NS,lower,False,
2020-06-01,INFY.NS,upper,False,
2020-06-01,INFY.NS,lower,False,
2020-06-01,SBIN.NS,upper,False,
2020-06-01,SBIN.NS,lower,True,sparse
2020-06-01,TATAMOTORS.NS,upper,False,
2020-06-01,TATAMOTORS.NS,lower,False,
2020-06-02,HINDUNILVR.NS,upper,False,
2020-06-02,HINDUNILVR.NS,lower,False,
2020-06-02,INFY.NS,upper,True,invalid
2020-06-02,INFY.NS,lower,False,
2020-06-02,SBIN.NS,upper,False,
2020-06-02,SBIN.NS,lower,True,sparse
2020-06-02,TATAMOTORS.NS,upper,False,
2020-06-02,TATAMOTORS.NS,lower,False,
2020-06-03,HINDUNILVR.NS,upper,False,
2020-06-03,HINDUNILVR.NS,lower,False,
2020-06-03,INFY.NS,upper,True,invalid
2020-06-03,INFY.NS,lower,False,
2020-06-03,SBIN.NS,upper,False,
2020-06-03,SBIN.NS,lower,True,sparse
2020-06-03,TATAMOTORS.NS,upper,False,
2020-06-03,TATAMOTORS.NS,lower,False,
2020-06-04,HINDUNILVR.NS,upper,False,
2020-06-04,HINDUNILVR.NS,lower,False,
2020-06-04,INFY.NS,upper,True,invalid
2020-06-04,INFY.NS,lower,False,
2020-06-04,SBIN.NS,upper,False,
2020-06-04,SBIN.NS,lower,True,sparse
2020-06-04,TATAMOTORS.NS,upper,False,
2020-06-04,TATAMOTORS.NS,lower,False,
2020-06-05,HINDUNILVR.NS,upper,False,
2020-06-05,HINDUNILVR.NS,lower,False,
2020-06-05,INFY.NS,upper,True,invalid
2020-06-05,INFY.NS,lower,False,
2020-06-05,SBIN.NS,upper,False,
2020-06-05,SBIN.NS,lower,True,sparse
2020-06-05,TATAMOTORS.NS,upper,False,
2020-06-05,TATAMOTORS.NS,lower,False,
2020-06-08,HINDUNILVR.NS,upper,False,
2020-06-08,HINDUNILVR.NS,lower,False,
2020-06-08,INFY.NS,upper,True,invalid
2020-06-08,INFY.NS,lower,False,
2020-06-08,SBIN.NS,upper,False,
2020-06-08,SBIN.NS,lower,True,sparse
2020-06-08,TATAMOTORS.NS,upper,False,
2020-06-08,TATAMOTORS.NS,lower,False,
2020-06-09,HINDUNILVR.NS,upper,False,
2020-06-09,HINDUNILVR.NS,lower,False,
2020-06-09,INFY.NS,upper,False,
2020-06-09,INFY.NS,lower,False,
2020-06-09,SBIN.NS,upper,False,
2020-06-09,SBIN.NS,lower,True,sparse
2020-06-09,TATAMOTORS.NS,upper,False,
2020-06-09,TATAMOTORS.NS,lower,False,
2020-06-10,HINDUNILVR.NS,upper,False,
2020-06-10,HINDUNILVR.NS,lower,False,
2020-06-10,INFY.NS,upper,False,
2020-06-10,INFY.NS,lower,False,
2020-06-10,SBIN.NS,upper,False,
2020-06-10,SBIN.NS,lower,True,sparse
2020-06-10,TATAMOTORS.NS,upper,False,
2020-06-10,TATAMOTORS.NS,lower,False,
2020-06-11,HINDUNILVR.NS,upper,False,
2020-06-11,HINDUNILVR.NS,lower,False,
2020-06-11,INFY.NS,upper,False,
2020-06-11,INFY.NS,lower,False,
2020-06-11,SBIN.NS,upper,False,
2020-06-11,SBIN.NS,lower,True,sparse
2020-06-11,TATAMOTORS.NS,upper,False,
2020-06-11,TATAMOTORS.NS,lower,False,
2020-06-12,HINDUNILVR.NS,upper,False,
2020-06-12,HINDUNILVR.NS,lower,False,
2020-06-12,INFY.NS,upper,False,
2020-06-12,INFY.NS,lower,False,
2020-06-12,SBIN.NS,upper,False,
2020-06-12,SBIN.NS,lower,True,sparse
2020-06-12,TATAMOTORS.NS,upper,False,
2020-06-12,TATAMOTORS.NS,lower,False,
2020-06-15,HINDUNILVR.NS,upper,False,
2020-06-15,HINDUNILVR.NS,lower,False,
2020-06-15,INFY.NS,upper,False,
2020-06-15,INFY.NS,lower,False,
2020-06-15,SBIN.NS,upper,False,
2020-06-15,SBIN.NS,lower,True,sparse
2020-06-15,TATAMOTORS.NS,upper,False,
2020-06-15,TATAMOTORS.NS,lower,False,
2020-06-16,HINDUNILVR.NS,upper,False,
2020-06-16,HINDUNILVR.NS,lower,False,
2020-06-16,INFY.NS,upper,False,
2020-06-16,INFY.NS,lower,False,
2020-06-16,SBIN.NS,upper,False,
2020-06-16,SBIN.NS,lower,True,sparse
2020-06-16,TATAMOTORS.NS,upper,False,
2020-06-16,TATAMOTORS.NS,lower,False,
2020-06-17,HINDUNILVR.NS,upper,False,
2020-06-17,HINDUNILVR.NS,lower,False,
2020-06-17,INFY.NS,upper,False,
2020-06-17,INFY.NS,lower,False,
2020-06-17,SBIN.NS,upper,False,
2020-06-17,SBIN.NS,lower,True,sparse
2020-06-17,TATAMOTORS.NS,upper,False,
2020-06-17,TATAMOTORS.NS,lower,False,
2020-06-18,HINDUNILVR.NS,upper,False,
2020-06-18,HINDUNILVR.NS,lower,False,
2020-06-18,INFY.NS,upper,False,
2020-06-18,INFY.NS,lower,False,
2020-06-18,SBIN.NS,upper,False,
2020-06-18,SBIN.NS,lower,True,sparse
2020-06-18,TATAMOTORS.NS,upper,False,
2020-06-18,TATAMOTORS.NS,lower,False,
2020-06-19,HINDUNILVR.NS,upper,False,
2020-06-19,HINDUNILVR.NS,lower,False,
2020-06-19,INFY.NS,upper,True,invalid
2020-06-19,INFY.NS,lower,False,
2020-06-19,SBIN.NS,upper,False,
2020-06-19,SBIN.NS,lower,True,sparse
2020-06-19,TATAMOTORS.NS,upper,False,
2020-06-19,TATAMOTORS.NS,lower,False,
2020-06-22,HINDUNILVR.NS,upper,False,
2020-06-22,HINDUNILVR.NS,lower,False,
2020-06-22,INFY.NS,upper,True,invalid
2020-06-22,INFY.NS,lower,False,
2020-06-22,SBIN.NS,upper,False,
2020-06-22,SBIN.NS,lower,True,sparse
2020-06-22,TATAMOTORS.NS,upper,False,
2020-06-22,TATAMOTORS.NS,lower,False,
2020-06-23,HINDUNILVR.NS,upper,False,
2020-06-23,HINDUNILVR.NS,lower,False,
2020-06-23,INFY.NS,upper,True,invalid
2020-06-23,INFY.NS,lower,False,
2020-06-23,SBIN.NS,upper,False,
2020-06-23,SBIN.NS,lower,True,sparse
2020-06-23,TATAMOTORS.NS,upper,False,
2020-06-23,TATAMOTORS.NS,lower,False,
2020-06-24,HINDUNILVR.NS,upper,False,
2020-06-24,HINDUNILVR.NS,lower,False,
2020-06-24,INFY.NS,upper,True,invalid
2020-06-24,INFY.NS,lower,False,
2020-06-24,SBIN.NS,upper,False,
2020-06-24,SBIN.NS,lower,True,sparse
2020-06-24,TATAMOTORS.NS,upper,False,
2020-06-24,TATAMOTORS.NS,lower,False,
2020-06-25,HINDUNILVR.NS,upper,False,
2020-06-25,HINDUNILVR.NS,lower,False,
2020-06-25,INFY.NS,upper,True,invalid
2020-06-25,INFY.NS,lower,False,
2020-06-25,SBIN.NS,upper,False,
2020-06-25,SBIN.NS,lower,True,sparse
2020-06-25,TATAMOTORS.NS,upper,False,
2020-06-25,TATAMOTORS.NS,lower,False,
2020-06-26,HINDUNILVR.NS,upper,False,
2020-06-26,HINDUNILVR.NS,lower,False,
2020-06-26,INFY.NS,upper,True,invalid
2020-06-26,INFY.NS,lower,False,
2020-06-26,SBIN.NS,upper,False,
2020-06-26,SBIN.NS,lower,True,sparse
2020-06-26,TATAMOTORS.NS,upper,False,
2020-06-26,TATAMOTORS.NS,lower,False,
2020-06-29,HINDUNILVR.NS,upper,False,
2020-06-29,HINDUNILVR.NS,lower,False,
2020-06-29,INFY.NS,upper,False,
2020-06-29,INFY.NS,lower,False,
2020-06-29,SBIN.NS,upper,False,
2020-06-29,SBIN.NS,lower,True,sparse
2020-06-29,TATAMOTORS.NS,upper,False,
2020-06-29,TATAMOTORS.NS,lower,False,
2020-06-30,HINDUNILVR.NS,upper,False,
2020-06-30,HINDUNILVR.NS,lower,False,
2020-06-30,INFY.NS,upper,False,
2020-06-30,INFY.NS,lower,False,
2020-06-30,SBIN.NS,upper,False,
2020-06-30,SBIN.NS,lower,True,sparse
2020-06-30,TATAMOTORS.NS,upper,False,
2020-06-30,TATAMOTORS.NS,lower,False,
2020-07-01,HINDUNILVR.NS,upper,False,
2020-07-01,HINDUNILVR.NS,lower,False,
2020-07-01,INFY.NS,upper,False,
2020-07-01,INFY.NS,lower,False,
2020-07-01,SBIN.NS,upper,False,
2020-07-01,SBIN.NS,lower,False,
2020-07-01,TATAMOTORS.NS,upper,False,
2020-07-01,TATAMOTORS.NS,lower,False,
2020-07-02,HINDUNILVR.NS,upper,False,
2020-07-02,HINDUNILVR.NS,lower,False,
2020-07-02,INFY.NS,upper,False,
2020-07-02,INFY.NS,lower,False,
2020-07-02,SBIN.NS,upper,False,
2020-07-02,SBIN.NS,lower,True,sparse
2020-07-02,TATAMOTORS.NS,upper,False,
2020-07-02,TATAMOTORS.NS,lower,False,
2020-07-03,HINDUNILVR.NS,upper,False,
2020-07-03,HINDUNILVR.NS,lower,False,
2020-07-03,INFY.NS,upper,False,
2020-07-03,INFY.NS,lower,False,
2020-07-03,SBIN.NS,upper,False,
2020-07-03,SBIN.NS,lower,True,sparse
2020-07-03,TATAMOTORS.NS,upper,False,
2020-07-03,TATAMOTORS.NS,lower,False,
2020-07-06,HINDUNILVR.NS,upper,False,
2020-07-06,HINDUNILVR.NS,lower,False,
2020-07-06,INFY.NS,upper,False,
2020-07-06,INFY.NS,lower,False,
2020-07-06,SBIN.NS,upper,False,
2020-07-06,SBIN.NS,lower,False,
2020-07-06,TATAMOTORS.NS,upper,False,
2020-07-06,TATAMOTORS.NS,lower,False,
2020-07-07,HINDUNILVR.NS,upper,False,
2020-07-07,HINDUNILVR.NS,lower,True,sparse
2020-07-07,INFY.NS,upper,False,
2020-07-07,INFY.NS,lower,False,
2020-07-07,SBIN.NS,upper,False,
2020-07-07,SBIN.NS,lower,True,sparse
2020-07-07,TATAMOTORS.NS,upper,False,
2020-07-07,TATAMOTORS.NS,lower,False,
2020-07-08,HINDUNILVR.NS,upper,False,
2020-07-08,HINDUNILVR.NS,lower,False,
2020-07-08,INFY.NS,upper,True,invalid
2020-07-08,INFY.NS,lower,False,
2020-07-08,SBIN.NS,upper,False,
2020-07-08,SBIN.NS,lower,False,
2020-07-08,TATAMOTORS.NS,upper,False,
2020-07-08,TATAMOTORS.NS,lower,False,
2020-07-09,HINDUNILVR.NS,upper,False,
2020-07-09,HINDUNILVR.NS,lower,False,
2020-07-09,INFY.NS,upper,True,invalid
2020-07-09,INFY.NS,lower,False,
2020-07-09,SBIN.NS,upper,False,
2020-07-09,SBIN.NS,lower,False,
2020-07-09,TATAMOTORS.NS,upper,False,
2020-07-09,TATAMOTORS.NS,lower,False,
2020-07-10,HINDUNILVR.NS,upper,False,
2020-07-10,HINDUNILVR.NS,lower,False,
2020-07-10,INFY.NS,upper,True,invalid
2020-07-10,INFY.NS,lower,False,
2020-07-10,SBIN.NS,upper,False,
2020-07-10,SBIN.NS,lower,False,
2020-07-10,TATAMOTORS.NS,upper,False,
2020-07-10,TATAMOTORS.NS,lower,False,
2020-07-13,HINDUNILVR.NS,upper,False,
2020-07-13,HINDUNILVR.NS,lower,False,
2020-07-13,INFY.NS,upper,True,invalid
2020-07-13,INFY.NS,lower,False,
2020-07-13,SBIN.NS,upper,False,
2020-07-13,SBIN.NS,lower,True,sparse
2020-07-13,TATAMOTORS.NS,upper,False,
2020-07-13,TATAMOTORS.NS,lower,False,
2020-07-14,HINDUNILVR.NS,upper,False,
2020-07-14,HINDUNILVR.NS,lower,False,
2020-07-14,INFY.NS,upper,False,
2020-07-14,INFY.NS,lower,False,
2020-07-14,SBIN.NS,upper,False,
2020-07-14,SBIN.NS,lower,True,sparse
2020-07-14,TATAMOTORS.NS,upper,False,
2020-07-14,TATAMOTORS.NS,lower,False,
2020-07-15,HINDUNILVR.NS,upper,False,
2020-07-15,HINDUNILVR.NS,lower,False,
2020-07-15,INFY.NS,upper,True,invalid
2020-07-15,INFY.NS,lower,False,
2020-07-15,SBIN.NS,upper,False,
2020-07-15,SBIN.NS,lower,True,sparse
2020-07-15,TATAMOTORS.NS,upper,False,
2020-07-15,TATAMOTORS.NS,lower,False,
2020-07-16,HINDUNILVR.NS,upper,False,
2020-07-16,HINDUNILVR.NS,lower,False,
2020-07-16,INFY.NS,upper,False,
2020-07-16,INFY.NS,lower,False,
2020-07-16,SBIN.NS,upper,False,
2020-07-16,SBIN.NS,lower,True,sparse
2020-07-16,TATAMOTORS.NS,upper,False,
2020-07-16,TATAMOTORS.NS,lower,False,
2020-07-17,HINDUNILVR.NS,upper,False,
2020-07-17,HINDUNILVR.NS,lower,False,
2020-07-17,INFY.NS,upper,False,
2020-07-17,INFY.NS,lower,False,
2020-07-17,SBIN.NS,upper,False,
2020-07-17,SBIN.NS,lower,True,sparse
2020-07-17,TATAMOTORS.NS,upper,False,
2020-07-17,TATAMOTORS.NS,lower,False,
2020-07-20,HINDUNILVR.NS,upper,False,
2020-07-20,HINDUNILVR.NS,lower,False,
2020-07-20,INFY.NS,upper,False,
2020-07-20,INFY.NS,lower,False,
2020-07-20,SBIN.NS,upper,False,
2020-07-20,SBIN.NS,lower,False,
2020-07-20,TATAMOTORS.NS,upper,False,
2020-07-20,TATAMOTORS.NS,lower,False,
2020-07-21,HINDUNILVR.NS,upper,False,
2020-07-21,HINDUNILVR.NS,lower,False,
2020-07-21,INFY.NS,upper,False,
2020-07-21,INFY.NS,lower,False,
2020-07-21,SBIN.NS,upper,False,
2020-07-21,SBIN.NS,lower,False,
2020-07-21,TATAMOTORS.NS,upper,False,
2020-07-21,TATAMOTORS.NS,lower,False,
2020-07-22,HINDUNILVR.NS,upper,False,
2020-07-22,HINDUNILVR.NS,lower,False,
2020-07-22,INFY.NS,upper,False,
2020-07-22,INFY.NS,lower,False,
2020-07-22,SBIN.NS,upper,False,
2020-07-22,SBIN.NS,lower,True,sparse
2020-07-22,TATAMOTORS.NS,upper,False,
2020-07-22,TATAMOTORS.NS,lower,False,
2020-07-23,HINDUNILVR.NS,upper,False,
2020-07-23,HINDUNILVR.NS,lower,False,
2020-07-23,INFY.NS,upper,False,
2020-07-23,INFY.NS,lower,False,
2020-07-23,SBIN.NS,upper,False,
2020-07-23,SBIN.NS,lower,False,
2020-07-23,TATAMOTORS.NS,upper,False,
2020-07-23,TATAMOTORS.NS,lower,False,
2020-07-24,HINDUNILVR.NS,upper,False,
2020-07-24,HINDUNILVR.NS,lower,False,
2020-07-24,INFY.NS,upper,False,
2020-07-24,INFY.NS,lower,False,
2020-07-24,SBIN.NS,upper,False,
2020-07-24,SBIN.NS,lower,False,
2020-07-24,TATAMOTORS.NS,upper,False,
2020-07-24,TATAMOTORS.NS,lower,False,
2020-07-27,HINDUNILVR.NS,upper,False,
2020-07-27,HINDUNILVR.NS,lower,False,
2020-07-27,INFY.NS,upper,False,
2020-07-27,INFY.NS,lower,False,
2020-07-27,SBIN.NS,upper,False,
2020-07-27,SBIN.NS,lower,True,sparse
2020-07-27,TATAMOTORS.NS,upper,False,
2020-07-27,TATAMOTORS.NS,lower,False,
2020-07-28,HINDUNILVR.NS,upper,False,
2020-07-28,HINDUNILVR.NS,lower,False,
2020-07-28,INFY.NS,upper,False,
2020-07-28,INFY.NS,lower,False,
2020-07-28,SBIN.NS,upper,False,
2020-07-28,SBIN.NS,lower,True,sparse
2020-07-28,TATAMOTORS.NS,upper,False,
2020-07-28,TATAMOTORS.NS,lower,False,
2020-07-29,HINDUNILVR.NS,upper,False,
2020-07-29,HINDUNILVR.NS,lower,False,
2020-07-29,INFY.NS,upper,False,
2020-07-29,INFY.NS,lower,False,
2020-07-29,SBIN.NS,upper,False,
2020-07-29,SBIN.NS,lower,False,
2020-07-29,TATAMOTORS.NS,upper,False,
2020-07-29,TATAMOTORS.NS,lower,False,
2020-07-30,HINDUNILVR.NS,upper,False,
2020-07-30,HINDUNILVR.NS,lower,False,
2020-07-30,INFY.NS,upper,False,
2020-07-30,INFY.NS,lower,False,
2020-07-30,SBIN.NS,upper,False,
2020-07-30,SBIN.NS,lower,True,sparse
2020-07-30,TATAMOTORS.NS,upper,False,
2020-07-30,TATAMOTORS.NS,lower,False,
2020-07-31,HINDUNILVR.NS,upper,False,
2020-07-31,HINDUNILVR.NS,lower,False,
2020-07-31,INFY.NS,upper,False,
2020-07-31,INFY.NS,lower,False,
2020-07-31,SBIN.NS,upper,False,
2020-07-31,SBIN.NS,lower,True,sparse
2020-07-31,TATAMOTORS.NS,upper,False,
2020-07-31,TATAMOTORS.NS,lower,False,
2020-08-03,HINDUNILVR.NS,upper,False,
2020-08-03,HINDUNILVR.NS,lower,False,
2020-08-03,INFY.NS,upper,False,
2020-08-03,INFY.NS,lower,False,
2020-08-03,SBIN.NS,upper,False,
2020-08-03,SBIN.NS,lower,False,
2020-08-03,TATAMOTORS.NS,upper,False,
2020-08-03,TATAMOTORS.NS,lower,False,
2020-08-04,HINDUNILVR.NS,upper,False,
2020-08-04,HINDUNILVR.NS,lower,False,
2020-08-04,INFY.NS,upper,False,
2020-08-04,INFY.NS,lower,False,
2020-08-04,SBIN.NS,upper,False,
2020-08-04,SBIN.NS,lower,False,
2020-08-04,TATAMOTORS.NS,upper,False,
2020-08-04,TATAMOTORS.NS,lower,False,
2020-08-05,HINDUNILVR.NS,upper,False,
2020-08-05,HINDUNILVR.NS,lower,False,
2020-08-05,INFY.NS,upper,False,
2020-08-05,INFY.NS,lower,False,
2020-08-05,SBIN.NS,upper,False,
2020-08-05,SBIN.NS,lower,False,
2020-08-05,TATAMOTORS.NS,upper,False,
2020-08-05,TATAMOTORS.NS,lower,False,
2020-08-06,HINDUNILVR.NS,upper,False,
2020-08-06,HINDUNILVR.NS,lower,False,
2020-08-06,INFY.NS,upper,False,
2020-08-06,INFY.NS,lower,False,
2020-08-06,SBIN.NS,upper,False,
2020-08-06,SBIN.NS,lower,True,sparse
2020-08-06,TATAMOTORS.NS,upper,False,
2020-08-06,TATAMOTORS.NS,lower,False,
2020-08-07,HINDUNILVR.NS,upper,False,
2020-08-07,HINDUNILVR.NS,lower,False,
2020-08-07,INFY.NS,upper,False,
2020-08-07,INFY.NS,lower,False,
2020-08-07,SBIN.NS,upper,False,
2020-08-07,SBIN.NS,lower,True,sparse
2020-08-07,TATAMOTORS.NS,upper,False,
2020-08-07,TATAMOTORS.NS,lower,False,
2020-08-10,HINDUNILVR.NS,upper,False,
2020-08-10,HINDUNILVR.NS,lower,False,
2020-08-10,INFY.NS,upper,False,
2020-08-10,INFY.NS,lower,False,
2020-08-10,SBIN.NS,upper,False,
2020-08-10,SBIN.NS,lower,True,sparse
2020-08-10,TATAMOTORS.NS,upper,False,
2020-08-10,TATAMOTORS.NS,lower,False,
2020-08-11,HINDUNILVR.NS,upper,False,
2020-08-11,HINDUNILVR.NS,lower,False,
2020-08-11,INFY.NS,upper,False,
2020-08-11,INFY.NS,lower,False,
2020-08-11,SBIN.NS,upper,False,
2020-08-11,SBIN.NS,lower,True,sparse
2020-08-11,TATAMOTORS.NS,upper,False,
2020-08-11,TATAMOTORS.NS,lower,False,
2020-08-12,HINDUNILVR.NS,upper,False,
2020-08-12,HINDUNILVR.NS,lower,False,
2020-08-12,INFY.NS,upper,False,
2020-08-12,INFY.NS,lower,False,
2020-08-12,SBIN.NS,upper,False,
2020-08-12,SBIN.NS,lower,True,sparse
2020-08-12,TATAMOTORS.NS,upper,False,
2020-08-12,TATAMOTORS.NS,lower,False,
2020-08-13,HINDUNILVR.NS,upper,False,
2020-08-13,HINDUNILVR.NS,lower,False,
2020-08-13,INFY.NS,upper,False,
2020-08-13,INFY.NS,lower,False,
2020-08-13,SBIN.NS,upper,False,
2020-08-13,SBIN.NS,lower,False,
2020-08-13,TATAMOTORS.NS,upper,False,
2020-08-13,TATAMOTORS.NS,lower,False,
2020-08-14,HINDUNILVR.NS,upper,False,
2020-08-14,HINDUNILVR.NS,lower,False,
2020-08-14,INFY.NS,upper,False,
2020-08-14,INFY.NS,lower,False,
2020-08-14,SBIN.NS,upper,False,
2020-08-14,SBIN.NS,lower,False,
2020-08-14,TATAMOTORS.NS,upper,False,
2020-08-14,TATAMOTORS.NS,lower,False,
2020-08-17,HINDUNILVR.NS,upper,False,
2020-08-17,HINDUNILVR.NS,lower,False,
2020-08-17,INFY.NS,upper,False,
2020-08-17,INFY.NS,lower,False,
2020-08-17,SBIN.NS,upper,False,
2020-08-17,SBIN.NS,lower,True,sparse
2020-08-17,TATAMOTORS.NS,upper,False,
2020-08-17,TATAMOTORS.NS,lower,False,
2020-08-18,HINDUNILVR.NS,upper,False,
2020-08-18,HINDUNILVR.NS,lower,False,
2020-08-18,INFY.NS,upper,False,
2020-08-18,INFY.NS,lower,False,
2020-08-18,SBIN.NS,upper,False,
2020-08-18,SBIN.NS,lower,True,sparse
2020-08-18,TATAMOTORS.NS,upper,False,
2020-08-18,TATAMOTORS.NS,lower,False,
2020-08-19,HINDUNILVR.NS,upper,False,
2020-08-19,HINDUNILVR.NS,lower,False,
2020-08-19,INFY.NS,upper,False,
2020-08-19,INFY.NS,lower,False,
2020-08-19,SBIN.NS,upper,False,
2020-08-19,SBIN.NS,lower,True,sparse
2020-08-19,TATAMOTORS.NS,upper,False,
2020-08-19,TATAMOTORS.NS,lower,False,
2020-08-20,HINDUNILVR.NS,upper,False,
2020-08-20,HINDUNILVR.NS,lower,False,
2020-08-20,INFY.NS,upper,False,
2020-08-20,INFY.NS,lower,False,
2020-08-20,SBIN.NS,upper,False,
2020-08-20,SBIN.NS,lower,True,sparse
2020-08-20,TATAMOTORS.NS,upper,False,
2020-08-20,TATAMOTORS.NS,lower,False,
2020-08-21,HINDUNILVR.NS,upper,False,
2020-08-21,HINDUNILVR.NS,lower,False,
2020-08-21,INFY.NS,upper,False,
2020-08-21,INFY.NS,lower,False,
2020-08-21,SBIN.NS,upper,False,
2020-08-21,SBIN.NS,lower,True,sparse
2020-08-21,TATAMOTORS.NS,upper,False,
2020-08-21,TATAMOTORS.NS,lower,False,
2020-08-24,HINDUNILVR.NS,upper,False,
2020-08-24,HINDUNILVR.NS,lower,False,
2020-08-24,INFY.NS,upper,False,
2020-08-24,INFY.NS,lower,False,
2020-08-24,SBIN.NS,upper,False,
2020-08-24,SBIN.NS,lower,False,
2020-08-24,TATAMOTORS.NS,upper,False,
2020-08-24,TATAMOTORS.NS,lower,False,
2020-08-25,HINDUNILVR.NS,upper,False,
2020-08-25,HINDUNILVR.NS,lower,False,
2020-08-25,INFY.NS,upper,False,
2020-08-25,INFY.NS,lower,False,
2020-08-25,SBIN.NS,upper,False,
2020-08-25,SBIN.NS,lower,True,sparse
2020-08-25,TATAMOTORS.NS,upper,False,
2020-08-25,TATAMOTORS.NS,lower,False,
2020-08-26,HINDUNILVR.NS,upper,False,
2020-08-26,HINDUNILVR.NS,lower,False,
2020-08-26,INFY.NS,upper,False,
2020-08-26,INFY.NS,lower,False,
2020-08-26,SBIN.NS,upper,False,
2020-08-26,SBIN.NS,lower,True,sparse
2020-08-26,TATAMOTORS.NS,upper,False,
2020-08-26,TATAMOTORS.NS,lower,False,
2020-08-27,HINDUNILVR.NS,upper,False,
2020-08-27,HINDUNILVR.NS,lower,False,
2020-08-27,INFY.NS,upper,False,
2020-08-27,INFY.NS,lower,False,
2020-08-27,SBIN.NS,upper,False,
2020-08-27,SBIN.NS,lower,True,sparse
2020-08-27,TATAMOTORS.NS,upper,False,
2020-08-27,TATAMOTORS.NS,lower,False,
2020-08-28,HINDUNILVR.NS,upper,False,
2020-08-28,HINDUNILVR.NS,lower,False,
2020-08-28,INFY.NS,upper,False,
2020-08-28,INFY.NS,lower,False,
2020-08-28,SBIN.NS,upper,False,
2020-08-28,SBIN.NS,lower,True,sparse
2020-08-28,TATAMOTORS.NS,upper,False,
2020-08-28,TATAMOTORS.NS,lower,False,
2020-08-31,HINDUNILVR.NS,upper,False,
2020-08-31,HINDUNILVR.NS,lower,False,
2020-08-31,INFY.NS,upper,False,
2020-08-31,INFY.NS,lower,False,
2020-08-31,SBIN.NS,upper,False,
2020-08-31,SBIN.NS,lower,True,sparse
2020-08-31,TATAMOTORS.NS,upper,False,
2020-08-31,TATAMOTORS.NS,lower,False,
2020-09-01,HINDUNILVR.NS,upper,False,
2020-09-01,HINDUNILVR.NS,lower,False,
2020-09-01,INFY.NS,upper,False,
2020-09-01,INFY.NS,lower,False,
2020-09-01,SBIN.NS,upper,False,
2020-09-01,SBIN.NS,lower,True,sparse
2020-09-01,TATAMOTORS.NS,upper,False,
2020-09-01,TATAMOTORS.NS,lower,False,
2020-09-02,HINDUNILVR.NS,upper,False,
2020-09-02,HINDUNILVR.NS,lower,False,
2020-09-02,INFY.NS,upper,False,
2020-09-02,INFY.NS,lower,False,
2020-09-02,SBIN.NS,upper,False,
2020-09-02,SBIN.NS,lower,True,sparse
2020-09-02,TATAMOTORS.NS,upper,False,
2020-09-02,TATAMOTORS.NS,lower,False,
2020-09-03,HINDUNILVR.NS,upper,False,
2020-09-03,HINDUNILVR.NS,lower,False,
2020-09-03,INFY.NS,upper,False,
2020-09-03,INFY.NS,lower,False,
2020-09-03,SBIN.NS,upper,False,
2020-09-03,SBIN.NS,lower,True,sparse
2020-09-03,TATAMOTORS.NS,upper,False,
2020-09-03,TATAMOTORS.NS,lower,False,
2020-09-04,HINDUNILVR.NS,upper,False,
2020-09-04,HINDUNILVR.NS,lower,False,
2020-09-04,INFY.NS,upper,False,
2020-09-04,INFY.NS,lower,False,
2020-09-04,SBIN.NS,upper,False,
2020-09-04,SBIN.NS,lower,True,sparse
2020-09-04,TATAMOTORS.NS,upper,True,invalid
2020-09-04,TATAMOTORS.NS,lower,False,
2020-09-07,HINDUNILVR.NS,upper,False,
2020-09-07,HINDUNILVR.NS,lower,False,
2020-09-07,INFY.NS,upper,False,
2020-09-07,INFY.NS,lower,False,
2020-09-07,SBIN.NS,upper,False,
2020-09-07,SBIN.NS,lower,True,sparse
2020-09-07,TATAMOTORS.NS,upper,False,
2020-09-07,TATAMOTORS.NS,lower,False,
2020-09-08,HINDUNILVR.NS,upper,False,
2020-09-08,HINDUNILVR.NS,lower,False,
2020-09-08,INFY.NS,upper,False,
2020-09-08,INFY.NS,lower,False,
2020-09-08,SBIN.NS,upper,False,
2020-09-08,SBIN.NS,lower,True,sparse
2020-09-08,TATAMOTORS.NS,upper,False,
2020-09-08,TATAMOTORS.NS,lower,False,
2020-09-09,HINDUNILVR.NS,upper,False,
2020-09-09,HINDUNILVR.NS,lower,False,
2020-09-09,INFY.NS,upper,False,
2020-09-09,INFY.NS,lower,False,
2020-09-09,SBIN.NS,upper,False,
2020-09-09,SBIN.NS,lower,True,sparse
2020-09-09,TATAMOTORS.NS,upper,False,
2020-09-09,TATAMOTORS.NS,lower,False,
2020-09-10,HINDUNILVR.NS,upper,False,
2020-09-10,HINDUNILVR.NS,lower,False,
2020-09-10,INFY.NS,upper,False,
2020-09-10,INFY.NS,lower,False,
2020-09-10,SBIN.NS,upper,False,
2020-09-10,SBIN.NS,lower,True,sparse
2020-09-10,TATAMOTORS.NS,upper,False,
2020-09-10,TATAMOTORS.NS,lower,False,
2020-09-11,HINDUNILVR.NS,upper,False,
2020-09-11,HINDUNILVR.NS,lower,False,
2020-09-11,INFY.NS,upper,False,
2020-09-11,INFY.NS,lower,False,
2020-09-11,SBIN.NS,upper,False,
2020-09-11,SBIN.NS,lower,True,sparse
2020-09-11,TATAMOTORS.NS,upper,False,
2020-09-11,TATAMOTORS.NS,lower,False,
2020-09-14,HINDUNILVR.NS,upper,False,
2020-09-14,HINDUNILVR.NS,lower,False,
2020-09-14,INFY.NS,upper,False,
2020-09-14,INFY.NS,lower,False,
2020-09-14,SBIN.NS,upper,False,
2020-09-14,SBIN.NS,lower,True,sparse
2020-09-14,TATAMOTORS.NS,upper,False,
2020-09-14,TATAMOTORS.NS,lower,False,
2020-09-15,HINDUNILVR.NS,upper,False,
2020-09-15,HINDUNILVR.NS,lower,False,
2020-09-15,INFY.NS,upper,False,
2020-09-15,INFY.NS,lower,False,
2020-09-15,SBIN.NS,upper,False,
2020-09-15,SBIN.NS,lower,True,sparse
2020-09-15,TATAMOTORS.NS,upper,False,
2020-09-15,TATAMOTORS.NS,lower,False,
2020-09-16,HINDUNILVR.NS,upper,False,
2020-09-16,HINDUNILVR.NS,lower,False,
2020-09-16,INFY.NS,upper,False,
2020-09-16,INFY.NS,lower,False,
2020-09-16,SBIN.NS,upper,False,
2020-09-16,SBIN.NS,lower,True,sparse
2020-09-16,TATAMOTORS.NS,upper,False,
2020-09-16,TATAMOTORS.NS,lower,False,
2020-09-17,HINDUNILVR.NS,upper,False,
2020-09-17,HINDUNILVR.NS,lower,False,
2020-09-17,INFY.NS,upper,False,
2020-09-17,INFY.NS,lower,False,
2020-09-17,SBIN.NS,upper,False,
2020-09-17,SBIN.NS,lower,True,sparse
2020-09-17,TATAMOTORS.NS,upper,False,
2020-09-17,TATAMOTORS.NS,lower,False,
2020-09-18,HINDUNILVR.NS,upper,False,
2020-09-18,HINDUNILVR.NS,lower,False,
2020-09-18,INFY.NS,upper,False,
2020-09-18,INFY.NS,lower,False,
2020-09-18,SBIN.NS,upper,False,
2020-09-18,SBIN.NS,lower,True,sparse
2020-09-18,TATAMOTORS.NS,upper,False,
2020-09-18,TATAMOTORS.NS,lower,False,
2020-09-21,HINDUNILVR.NS,upper,False,
2020-09-21,HINDUNILVR.NS,lower,False,
2020-09-21,INFY.NS,upper,False,
2020-09-21,INFY.NS,lower,False,
2020-09-21,SBIN.NS,upper,False,
2020-09-21,SBIN.NS,lower,True,sparse
2020-09-21,TATAMOTORS.NS,upper,False,
2020-09-21,TATAMOTORS.NS,lower,False,
2020-09-22,HINDUNILVR.NS,upper,False,
2020-09-22,HINDUNILVR.NS,lower,False,
2020-09-22,INFY.NS,upper,False,
2020-09-22,INFY.NS,lower,False,
2020-09-22,SBIN.NS,upper,False,
2020-09-22,SBIN.NS,lower,True,sparse
2020-09-22,TATAMOTORS.NS,upper,False,
2020-09-22,TATAMOTORS.NS,lower,False,
2020-09-23,HINDUNILVR.NS,upper,False,
2020-09-23,HINDUNILVR.NS,lower,False,
2020-09-23,INFY.NS,upper,False,
2020-09-23,INFY.NS,lower,False,
2020-09-23,SBIN.NS,upper,False,
2020-09-23,SBIN.NS,lower,True,sparse
2020-09-23,TATAMOTORS.NS,upper,False,
2020-09-23,TATAMOTORS.NS,lower,False,
2020-09-24,HINDUNILVR.NS,upper,False,
2020-09-24,HINDUNILVR.NS,lower,False,
2020-09-24,INFY.NS,upper,False,
2020-09-24,INFY.NS,lower,False,
2020-09-24,SBIN.NS,upper,False,
2020-09-24,SBIN.NS,lower,True,sparse
2020-09-24,TATAMOTORS.NS,upper,False,
2020-09-24,TATAMOTORS.NS,lower,False,
2020-09-25,HINDUNILVR.NS,upper,False,
2020-09-25,HINDUNILVR.NS,lower,False,
2020-09-25,INFY.NS,upper,False,
2020-09-25,INFY.NS,lower,False,
2020-09-25,SBIN.NS,upper,False,
2020-09-25,SBIN.NS,lower,False,
2020-09-25,TATAMOTORS.NS,upper,False,
2020-09-25,TATAMOTORS.NS,lower,False,
2020-09-28,HINDUNILVR.NS,upper,False,
2020-09-28,HINDUNILVR.NS,lower,False,
2020-09-28,INFY.NS,upper,False,
2020-09-28,INFY.NS,lower,False,
2020-09-28,SBIN.NS,upper,False,
2020-09-28,SBIN.NS,lower,False,
2020-09-28,TATAMOTORS.NS,upper,False,
2020-09-28,TATAMOTORS.NS,lower,False,
2020-09-29,HINDUNILVR.NS,upper,False,
2020-09-29,HINDUNILVR.NS,lower,False,
2020-09-29,INFY.NS,upper,False,
2020-09-29,INFY.NS,lower,False,
2020-09-29,SBIN.NS,upper,False,
2020-09-29,SBIN.NS,lower,False,
2020-09-29,TATAMOTORS.NS,upper,False,
2020-09-29,TATAMOTORS.NS,lower,False,
2020-09-30,HINDUNILVR.NS,upper,False,
2020-09-30,HINDUNILVR.NS,lower,False,
2020-09-30,INFY.NS,upper,False,
2020-09-30,INFY.NS,lower,False,
2020-09-30,SBIN.NS,upper,False,
2020-09-30,SBIN.NS,lower,False,
2020-09-30,TATAMOTORS.NS,upper,False,
2020-09-30,TATAMOTORS.NS,lower,False,
2020-10-01,HINDUNILVR.NS,upper,False,
2020-10-01,HINDUNILVR.NS,lower,False,
2020-10-01,INFY.NS,upper,False,
2020-10-01,INFY.NS,lower,False,
2020-10-01,SBIN.NS,upper,False,
2020-10-01,SBIN.NS,lower,True,sparse
2020-10-01,TATAMOTORS.NS,upper,True,invalid
2020-10-01,TATAMOTORS.NS,lower,False,
2020-10-05,HINDUNILVR.NS,upper,False,
2020-10-05,HINDUNILVR.NS,lower,False,
2020-10-05,INFY.NS,upper,False,
2020-10-05,INFY.NS,lower,False,
2020-10-05,SBIN.NS,upper,False,
2020-10-05,SBIN.NS,lower,True,sparse
2020-10-05,TATAMOTORS.NS,upper,True,invalid
2020-10-05,TATAMOTORS.NS,lower,False,
2020-10-06,HINDUNILVR.NS,upper,False,
2020-10-06,HINDUNILVR.NS,lower,True,sparse
2020-10-06,INFY.NS,upper,False,
2020-10-06,INFY.NS,lower,False,
2020-10-06,SBIN.NS,upper,False,
2020-10-06,SBIN.NS,lower,True,sparse
2020-10-06,TATAMOTORS.NS,upper,False,
2020-10-06,TATAMOTORS.NS,lower,False,
2020-10-07,HINDUNILVR.NS,upper,False,
2020-10-07,HINDUNILVR.NS,lower,True,sparse
2020-10-07,INFY.NS,upper,False,
2020-10-07,INFY.NS,lower,False,
2020-10-07,SBIN.NS,upper,False,
2020-10-07,SBIN.NS,lower,True,sparse
2020-10-07,TATAMOTORS.NS,upper,False,
2020-10-07,TATAMOTORS.NS,lower,False,
2020-10-08,HINDUNILVR.NS,upper,False,
2020-10-08,HINDUNILVR.NS,lower,False,
2020-10-08,INFY.NS,upper,False,
2020-10-08,INFY.NS,lower,False,
2020-10-08,SBIN.NS,upper,False,
2020-10-08,SBIN.NS,lower,True,sparse
2020-10-08,TATAMOTORS.NS,upper,False,
2020-10-08,TATAMOTORS.NS,lower,False,
2020-10-09,HINDUNILVR.NS,upper,False,
2020-10-09,HINDUNILVR.NS,lower,False,
2020-10-09,INFY.NS,upper,False,
2020-10-09,INFY.NS,lower,False,
2020-10-09,SBIN.NS,upper,False,
2020-10-09,SBIN.NS,lower,True,sparse
2020-10-09,TATAMOTORS.NS,upper,False,
2020-10-09,TATAMOTORS.NS,lower,False,
2020-10-12,HINDUNILVR.NS,upper,False,
2020-10-12,HINDUNILVR.NS,lower,False,
2020-10-12,INFY.NS,upper,False,
2020-10-12,INFY.NS,lower,False,
2020-10-12,SBIN.NS,upper,False,
2020-10-12,SBIN.NS,lower,True,sparse
2020-10-12,TATAMOTORS.NS,upper,False,
2020-10-12,TATAMOTORS.NS,lower,False,
2020-10-13,HINDUNILVR.NS,upper,False,
2020-10-13,HINDUNILVR.NS,lower,False,
2020-10-13,INFY.NS,upper,False,
2020-10-13,INFY.NS,lower,False,
2020-10-13,SBIN.NS,upper,False,
2020-10-13,SBIN.NS,lower,True,sparse
2020-10-13,TATAMOTORS.NS,upper,False,
2020-10-13,TATAMOTORS.NS,lower,False,
2020-10-14,HINDUNILVR.NS,upper,False,
2020-10-14,HINDUNILVR.NS,lower,False,
2020-10-14,INFY.NS,upper,False,
2020-10-14,INFY.NS,lower,False,
2020-10-14,SBIN.NS,upper,False,
2020-10-14,SBIN.NS,lower,True,sparse
2020-10-14,TATAMOTORS.NS,upper,False,
2020-10-14,TATAMOTORS.NS,lower,False,
2020-10-15,HINDUNILVR.NS,upper,False,
2020-10-15,HINDUNILVR.NS,lower,False,
2020-10-15,INFY.NS,upper,True,sparse
2020-10-15,INFY.NS,lower,False,
2020-10-15,SBIN.NS,upper,False,
2020-10-15,SBIN.NS,lower,True,sparse
2020-10-15,TATAMOTORS.NS,upper,False,
2020-10-15,TATAMOTORS.NS,lower,False,
2020-10-16,HINDUNILVR.NS,upper,False,
2020-10-16,HINDUNILVR.NS,lower,True,invalid
2020-10-16,INFY.NS,upper,True,sparse
2020-10-16,INFY.NS,lower,False,
2020-10-16,SBIN.NS,upper,False,
2020-10-16,SBIN.NS,lower,False,
2020-10-16,TATAMOTORS.NS,upper,False,
2020-10-16,TATAMOTORS.NS,lower,False,
2020-10-19,HINDUNILVR.NS,upper,False,
2020-10-19,HINDUNILVR.NS,lower,False,
2020-10-19,INFY.NS,upper,False,
2020-10-19,INFY.NS,lower,False,
2020-10-19,SBIN.NS,upper,False,
2020-10-19,SBIN.NS,lower,False,
2020-10-19,TATAMOTORS.NS,upper,False,
2020-10-19,TATAMOTORS.NS,lower,False,
2020-10-20,HINDUNILVR.NS,upper,False,
2020-10-20,HINDUNILVR.NS,lower,True,invalid
2020-10-20,INFY.NS,upper,True,sparse
2020-10-20,INFY.NS,lower,False,
2020-10-20,SBIN.NS,upper,False,
2020-10-20,SBIN.NS,lower,False,
2020-10-20,TATAMOTORS.NS,upper,False,
2020-10-20,TATAMOTORS.NS,lower,False,
2020-10-21,HINDUNILVR.NS,upper,False,
2020-10-21,HINDUNILVR.NS,lower,False,
2020-10-21,INFY.NS,upper,True,sparse
2020-10-21,INFY.NS,lower,False,
2020-10-21,SBIN.NS,upper,False,
2020-10-21,SBIN.NS,lower,False,
2020-10-21,TATAMOTORS.NS,upper,False,
2020-10-21,TATAMOTORS.NS,lower,False,
2020-10-22,HINDUNILVR.NS,upper,False,
2020-10-22,HINDUNILVR.NS,lower,False,
2020-10-22,INFY.NS,upper,False,
2020-10-22,INFY.NS,lower,False,
2020-10-22,SBIN.NS,upper,False,
2020-10-22,SBIN.NS,lower,False,
2020-10-22,TATAMOTORS.NS,upper,False,
2020-10-22,TATAMOTORS.NS,lower,False,
2020-10-23,HINDUNILVR.NS,upper,False,
2020-10-23,HINDUNILVR.NS,lower,False,
2020-10-23,INFY.NS,upper,False,
2020-10-23,INFY.NS,lower,False,
2020-10-23,SBIN.NS,upper,False,
2020-10-23,SBIN.NS,lower,False,
2020-10-23,TATAMOTORS.NS,upper,False,
2020-10-23,TATAMOTORS.NS,lower,False,
2020-10-26,HINDUNILVR.NS,upper,False,
2020-10-26,HINDUNILVR.NS,lower,False,
2020-10-26,INFY.NS,upper,False,
2020-10-26,INFY.NS,lower,False,
2020-10-26,SBIN.NS,upper,False,
2020-10-26,SBIN.NS,lower,False,
2020-10-26,TATAMOTORS.NS,upper,False,
2020-10-26,TATAMOTORS.NS,lower,False,
2020-10-27,HINDUNILVR.NS,upper,False,
2020-10-27,HINDUNILVR.NS,lower,False,
2020-10-27,INFY.NS,upper,True,sparse
2020-10-27,INFY.NS,lower,False,
2020-10-27,SBIN.NS,upper,False,
2020-10-27,SBIN.NS,lower,False,
2020-10-27,TATAMOTORS.NS,upper,False,
2020-10-27,TATAMOTORS.NS,lower,False,
2020-10-28,HINDUNILVR.NS,upper,False,
2020-10-28,HINDUNILVR.NS,lower,False,
2020-10-28,INFY.NS,upper,False,
2020-10-28,INFY.NS,lower,False,
2020-10-28,SBIN.NS,upper,False,
2020-10-28,SBIN.NS,lower,False,
2020-10-28,TATAMOTORS.NS,upper,False,
2020-10-28,TATAMOTORS.NS,lower,False,
2020-10-29,HINDUNILVR.NS,upper,False,
2020-10-29,HINDUNILVR.NS,lower,False,
2020-10-29,INFY.NS,upper,False,
2020-10-29,INFY.NS,lower,False,
2020-10-29,SBIN.NS,upper,False,
2020-10-29,SBIN.NS,lower,True,sparse
2020-10-29,TATAMOTORS.NS,upper,False,
2020-10-29,TATAMOTORS.NS,lower,False,
2020-10-30,HINDUNILVR.NS,upper,False,
2020-10-30,HINDUNILVR.NS,lower,False,
2020-10-30,INFY.NS,upper,False,
2020-10-30,INFY.NS,lower,False,
2020-10-30,SBIN.NS,upper,False,
2020-10-30,SBIN.NS,lower,False,
2020-10-30,TATAMOTORS.NS,upper,False,
2020-10-30,TATAMOTORS.NS,lower,False,
2020-11-02,HINDUNILVR.NS,upper,False,
2020-11-02,HINDUNILVR.NS,lower,False,
2020-11-02,INFY.NS,upper,False,
2020-11-02,INFY.NS,lower,False,
2020-11-02,SBIN.NS,upper,False,
2020-11-02,SBIN.NS,lower,False,
2020-11-02,TATAMOTORS.NS,upper,False,
2020-11-02,TATAMOTORS.NS,lower,False,
2020-11-03,HINDUNILVR.NS,upper,False,
2020-11-03,HINDUNILVR.NS,lower,False,
2020-11-03,INFY.NS,upper,False,
2020-11-03,INFY.NS,lower,False,
2020-11-03,SBIN.NS,upper,False,
2020-11-03,SBIN.NS,lower,False,
2020-11-03,TATAMOTORS.NS,upper,False,
2020-11-03,TATAMOTORS.NS,lower,False,
2020-11-04,HINDUNILVR.NS,upper,False,
2020-11-04,HINDUNILVR.NS,lower,False,
2020-11-04,INFY.NS,upper,True,invalid
2020-11-04,INFY.NS,lower,False,
2020-11-04,SBIN.NS,upper,False,
2020-11-04,SBIN.NS,lower,False,
2020-11-04,TATAMOTORS.NS,upper,False,
2020-11-04,TATAMOTORS.NS,lower,False,
2020-11-05,HINDUNILVR.NS,upper,False,
2020-11-05,HINDUNILVR.NS,lower,False,
2020-11-05,INFY.NS,upper,True,sparse
2020-11-05,INFY.NS,lower,False,
2020-11-05,SBIN.NS,upper,False,
2020-11-05,SBIN.NS,lower,False,
2020-11-05,TATAMOTORS.NS,upper,False,
2020-11-05,TATAMOTORS.NS,lower,False,
2020-11-06,HINDUNILVR.NS,upper,False,
2020-11-06,HINDUNILVR.NS,lower,False,
2020-11-06,INFY.NS,upper,False,
2020-11-06,INFY.NS,lower,False,
2020-11-06,SBIN.NS,upper,False,
2020-11-06,SBIN.NS,lower,False,
2020-11-06,TATAMOTORS.NS,upper,False,
2020-11-06,TATAMOTORS.NS,lower,False,
2020-11-09,HINDUNILVR.NS,upper,False,
2020-11-09,HINDUNILVR.NS,lower,False,
2020-11-09,INFY.NS,upper,True,sparse
2020-11-09,INFY.NS,lower,False,
2020-11-09,SBIN.NS,upper,False,
2020-11-09,SBIN.NS,lower,False,
2020-11-09,TATAMOTORS.NS,upper,False,
2020-11-09,TATAMOTORS.NS,lower,False,
2020-11-10,HINDUNILVR.NS,upper,False,
2020-11-10,HINDUNILVR.NS,lower,False,
2020-11-10,INFY.NS,upper,True,sparse
2020-11-10,INFY.NS,lower,False,
2020-11-10,SBIN.NS,upper,False,
2020-11-10,SBIN.NS,lower,False,
2020-11-10,TATAMOTORS.NS,upper,False,
2020-11-10,TATAMOTORS.NS,lower,False,
2020-11-11,HINDUNILVR.NS,upper,False,
2020-11-11,HINDUNILVR.NS,lower,False,
2020-11-11,INFY.NS,upper,True,sparse
2020-11-11,INFY.NS,lower,False,
2020-11-11,SBIN.NS,upper,False,
2020-11-11,SBIN.NS,lower,False,
2020-11-11,TATAMOTORS.NS,upper,False,
2020-11-11,TATAMOTORS.NS,lower,False,
2020-11-12,HINDUNILVR.NS,upper,False,
2020-11-12,HINDUNILVR.NS,lower,False,
2020-11-12,INFY.NS,upper,True,invalid
2020-11-12,INFY.NS,lower,False,
2020-11-12,SBIN.NS,upper,False,
2020-11-12,SBIN.NS,lower,False,
2020-11-12,TATAMOTORS.NS,upper,False,
2020-11-12,TATAMOTORS.NS,lower,False,
2020-11-13,HINDUNILVR.NS,upper,False,
2020-11-13,HINDUNILVR.NS,lower,False,
2020-11-13,INFY.NS,upper,False,
2020-11-13,INFY.NS,lower,False,
2020-11-13,SBIN.NS,upper,False,
2020-11-13,SBIN.NS,lower,True,sparse
2020-11-13,TATAMOTORS.NS,upper,False,
2020-11-13,TATAMOTORS.NS,lower,False,
2020-11-14,HINDUNILVR.NS,upper,False,
2020-11-14,HINDUNILVR.NS,lower,False,
2020-11-14,INFY.NS,upper,False,
2020-11-14,INFY.NS,lower,False,
2020-11-14,SBIN.NS,upper,False,
2020-11-14,SBIN.NS,lower,True,sparse
2020-11-14,TATAMOTORS.NS,upper,False,
2020-11-14,TATAMOTORS.NS,lower,False,
2020-11-17,HINDUNILVR.NS,upper,False,
2020-11-17,HINDUNILVR.NS,lower,False,
2020-11-17,INFY.NS,upper,True,invalid
2020-11-17,INFY.NS,lower,False,
2020-11-17,SBIN.NS,upper,False,
2020-11-17,SBIN.NS,lower,False,
2020-11-17,TATAMOTORS.NS,upper,False,
2020-11-17,TATAMOTORS.NS,lower,False,
2020-11-18,HINDUNILVR.NS,upper,False,
2020-11-18,HINDUNILVR.NS,lower,False,
2020-11-18,INFY.NS,upper,True,invalid
2020-11-18,INFY.NS,lower,False,
2020-11-18,SBIN.NS,upper,False,
2020-11-18,SBIN.NS,lower,False,
2020-11-18,TATAMOTORS.NS,upper,False,
2020-11-18,TATAMOTORS.NS,lower,False,
2020-11-19,HINDUNILVR.NS,upper,False,
2020-11-19,HINDUNILVR.NS,lower,False,
2020-11-19,INFY.NS,upper,True,invalid
2020-11-19,INFY.NS,lower,False,
2020-11-19,SBIN.NS,upper,False,
2020-11-19,SBIN.NS,lower,False,
2020-11-19,TATAMOTORS.NS,upper,False,
2020-11-19,TATAMOTORS.NS,lower,False,
2020-11-20,HINDUNILVR.NS,upper,False,
2020-11-20,HINDUNILVR.NS,lower,False,
2020-11-20,INFY.NS,upper,True,invalid
2020-11-20,INFY.NS,lower,False,
2020-11-20,SBIN.NS,upper,False,
2020-11-20,SBIN.NS,lower,False,
2020-11-20,TATAMOTORS.NS,upper,False,
2020-11-20,TATAMOTORS.NS,lower,False,
2020-11-23,HINDUNILVR.NS,upper,False,
2020-11-23,HINDUNILVR.NS,lower,False,
2020-11-23,INFY.NS,upper,True,invalid
2020-11-23,INFY.NS,lower,False,
2020-11-23,SBIN.NS,upper,False,
2020-11-23,SBIN.NS,lower,False,
2020-11-23,TATAMOTORS.NS,upper,False,
2020-11-23,TATAMOTORS.NS,lower,False,
2020-11-24,HINDUNILVR.NS,upper,False,
2020-11-24,HINDUNILVR.NS,lower,False,
2020-11-24,INFY.NS,upper,True,invalid
2020-11-24,INFY.NS,lower,False,
2020-11-24,SBIN.NS,upper,False,
2020-11-24,SBIN.NS,lower,False,
2020-11-24,TATAMOTORS.NS,upper,False,
2020-11-24,TATAMOTORS.NS,lower,False,
2020-11-25,HINDUNILVR.NS,upper,False,
2020-11-25,HINDUNILVR.NS,lower,False,
2020-11-25,INFY.NS,upper,True,invalid
2020-11-25,INFY.NS,lower,False,
2020-11-25,SBIN.NS,upper,False,
2020-11-25,SBIN.NS,lower,False,
2020-11-25,TATAMOTORS.NS,upper,False,
2020-11-25,TATAMOTORS.NS,lower,False,
2020-11-26,HINDUNILVR.NS,upper,False,
2020-11-26,HINDUNILVR.NS,lower,False,
2020-11-26,INFY.NS,upper,True,invalid
2020-11-26,INFY.NS,lower,False,
2020-11-26,SBIN.NS,upper,False,
2020-11-26,SBIN.NS,lower,False,
2020-11-26,TATAMOTORS.NS,upper,False,
2020-11-26,TATAMOTORS.NS,lower,False,
2020-11-27,HINDUNILVR.NS,upper,False,
2020-11-27,HINDUNILVR.NS,lower,False,
2020-11-27,INFY.NS,upper,True,sparse
2020-11-27,INFY.NS,lower,False,
2020-11-27,SBIN.NS,upper,False,
2020-11-27,SBIN.NS,lower,False,
2020-11-27,TATAMOTORS.NS,upper,False,
2020-11-27,TATAMOTORS.NS,lower,False,
2020-12-01,HINDUNILVR.NS,upper,False,
2020-12-01,HINDUNILVR.NS,lower,False,
2020-12-01,INFY.NS,upper,True,invalid
2020-12-01,INFY.NS,lower,False,
2020-12-01,SBIN.NS,upper,False,
2020-12-01,SBIN.NS,lower,False,
2020-12-01,TATAMOTORS.NS,upper,False,
2020-12-01,TATAMOTORS.NS,lower,False,
2020-12-02,HINDUNILVR.NS,upper,False,
2020-12-02,HINDUNILVR.NS,lower,False,
2020-12-02,INFY.NS,upper,True,invalid
2020-12-02,INFY.NS,lower,False,
2020-12-02,SBIN.NS,upper,False,
2020-12-02,SBIN.NS,lower,False,
2020-12-02,TATAMOTORS.NS,upper,False,
2020-12-02,TATAMOTORS.NS,lower,False,
2020-12-03,HINDUNILVR.NS,upper,False,
2020-12-03,HINDUNILVR.NS,lower,False,
2020-12-03,INFY.NS,upper,True,invalid
2020-12-03,INFY.NS,lower,False,
2020-12-03,SBIN.NS,upper,False,
2020-12-03,SBIN.NS,lower,False,
2020-12-03,TATAMOTORS.NS,upper,False,
2020-12-03,TATAMOTORS.NS,lower,False,
2020-12-04,HINDUNILVR.NS,upper,False,
2020-12-04,HINDUNILVR.NS,lower,False,
2020-12-04,INFY.NS,upper,True,invalid
2020-12-04,INFY.NS,lower,False,
2020-12-04,SBIN.NS,upper,False,
2020-12-04,SBIN.NS,lower,False,
2020-12-04,TATAMOTORS.NS,upper,False,
2020-12-04,TATAMOTORS.NS,lower,False,
2020-12-07,HINDUNILVR.NS,upper,False,
2020-12-07,HINDUNILVR.NS,lower,False,
2020-12-07,INFY.NS,upper,True,invalid
2020-12-07,INFY.NS,lower,False,
2020-12-07,SBIN.NS,upper,False,
2020-12-07,SBIN.NS,lower,False,
2020-12-07,TATAMOTORS.NS,upper,False,
2020-12-07,TATAMOTORS.NS,lower,False,
2020-12-08,HINDUNILVR.NS,upper,False,
2020-12-08,HINDUNILVR.NS,lower,False,
2020-12-08,INFY.NS,upper,True,invalid
2020-12-08,INFY.NS,lower,False,
2020-12-08,SBIN.NS,upper,False,
2020-12-08,SBIN.NS,lower,False,
2020-12-08,TATAMOTORS.NS,upper,False,
2020-12-08,TATAMOTORS.NS,lower,False,
2020-12-09,HINDUNILVR.NS,upper,False,
2020-12-09,HINDUNILVR.NS,lower,False,
2020-12-09,INFY.NS,upper,True,invalid
2020-12-09,INFY.NS,lower,False,
2020-12-09,SBIN.NS,upper,False,
2020-12-09,SBIN.NS,lower,False,
2020-12-09,TATAMOTORS.NS,upper,False,
2020-12-09,TATAMOTORS.NS,lower,False,
2020-12-10,HINDUNILVR.NS,upper,False,
2020-12-10,HINDUNILVR.NS,lower,False,
2020-12-10,INFY.NS,upper,True,invalid
2020-12-10,INFY.NS,lower,False,
2020-12-10,SBIN.NS,upper,False,
2020-12-10,SBIN.NS,lower,False,
2020-12-10,TATAMOTORS.NS,upper,False,
2020-12-10,TATAMOTORS.NS,lower,False,
2020-12-11,HINDUNILVR.NS,upper,False,
2020-12-11,HINDUNILVR.NS,lower,False,
2020-12-11,INFY.NS,upper,True,invalid
2020-12-11,INFY.NS,lower,False,
2020-12-11,SBIN.NS,upper,False,
2020-12-11,SBIN.NS,lower,False,
2020-12-11,TATAMOTORS.NS,upper,False,
2020-12-11,TATAMOTORS.NS,lower,False,
2020-12-14,HINDUNILVR.NS,upper,False,
2020-12-14,HINDUNILVR.NS,lower,False,
2020-12-14,INFY.NS,upper,True,invalid
2020-12-14,INFY.NS,lower,False,
2020-12-14,SBIN.NS,upper,False,
2020-12-14,SBIN.NS,lower,False,
2020-12-14,TATAMOTORS.NS,upper,False,
2020-12-14,TATAMOTORS.NS,lower,False,
2020-12-15,HINDUNILVR.NS,upper,False,
2020-12-15,HINDUNILVR.NS,lower,False,
2020-12-15,INFY.NS,upper,True,invalid
2020-12-15,INFY.NS,lower,False,
2020-12-15,SBIN.NS,upper,False,
2020-12-15,SBIN.NS,lower,False,
2020-12-15,TATAMOTORS.NS,upper,False,
2020-12-15,TATAMOTORS.NS,lower,False,
2020-12-16,HINDUNILVR.NS,upper,False,
2020-12-16,HINDUNILVR.NS,lower,False,
2020-12-16,INFY.NS,upper,True,invalid
2020-12-16,INFY.NS,lower,False,
2020-12-16,SBIN.NS,upper,False,
2020-12-16,SBIN.NS,lower,False,
2020-12-16,TATAMOTORS.NS,upper,False,
2020-12-16,TATAMOTORS.NS,lower,False,
2020-12-17,HINDUNILVR.NS,upper,False,
2020-12-17,HINDUNILVR.NS,lower,False,
2020-12-17,INFY.NS,upper,True,invalid
2020-12-17,INFY.NS,lower,False,
2020-12-17,SBIN.NS,upper,False,
2020-12-17,SBIN.NS,lower,False,
2020-12-17,TATAMOTORS.NS,upper,False,
2020-12-17,TATAMOTORS.NS,lower,False,
2020-12-18,HINDUNILVR.NS,upper,False,
2020-12-18,HINDUNILVR.NS,lower,False,
2020-12-18,INFY.NS,upper,True,invalid
2020-12-18,INFY.NS,lower,False,
2020-12-18,SBIN.NS,upper,False,
2020-12-18,SBIN.NS,lower,False,
2020-12-18,TATAMOTORS.NS,upper,False,
2020-12-18,TATAMOTORS.NS,lower,False,
2020-12-21,HINDUNILVR.NS,upper,False,
2020-12-21,HINDUNILVR.NS,lower,False,
2020-12-21,INFY.NS,upper,True,invalid
2020-12-21,INFY.NS,lower,False,
2020-12-21,SBIN.NS,upper,False,
2020-12-21,SBIN.NS,lower,False,
2020-12-21,TATAMOTORS.NS,upper,False,
2020-12-21,TATAMOTORS.NS,lower,False,
2020-12-22,HINDUNILVR.NS,upper,False,
2020-12-22,HINDUNILVR.NS,lower,False,
2020-12-22,INFY.NS,upper,True,invalid
2020-12-22,INFY.NS,lower,False,
2020-12-22,SBIN.NS,upper,False,
2020-12-22,SBIN.NS,lower,True,sparse
2020-12-22,TATAMOTORS.NS,upper,False,
2020-12-22,TATAMOTORS.NS,lower,False,
2020-12-23,HINDUNILVR.NS,upper,False,
2020-12-23,HINDUNILVR.NS,lower,False,
2020-12-23,INFY.NS,upper,True,invalid
2020-12-23,INFY.NS,lower,False,
2020-12-23,SBIN.NS,upper,False,
2020-12-23,SBIN.NS,lower,True,sparse
2020-12-23,TATAMOTORS.NS,upper,False,
2020-12-23,TATAMOTORS.NS,lower,False,
2020-12-24,HINDUNILVR.NS,upper,False,
2020-12-24,HINDUNILVR.NS,lower,False,
2020-12-24,INFY.NS,upper,True,invalid
2020-12-24,INFY.NS,lower,False,
2020-12-24,SBIN.NS,upper,False,
2020-12-24,SBIN.NS,lower,True,sparse
2020-12-24,TATAMOTORS.NS,upper,False,
2020-12-24,TATAMOTORS.NS,lower,False,
2020-12-28,HINDUNILVR.NS,upper,False,
2020-12-28,HINDUNILVR.NS,lower,False,
2020-12-28,INFY.NS,upper,True,invalid
2020-12-28,INFY.NS,lower,False,
2020-12-28,SBIN.NS,upper,False,
2020-12-28,SBIN.NS,lower,True,sparse
2020-12-28,TATAMOTORS.NS,upper,False,
2020-12-28,TATAMOTORS.NS,lower,False,
2020-12-29,HINDUNILVR.NS,upper,False,
2020-12-29,HINDUNILVR.NS,lower,False,
2020-12-29,INFY.NS,upper,True,invalid
2020-12-29,INFY.NS,lower,False,
2020-12-29,SBIN.NS,upper,False,
2020-12-29,SBIN.NS,lower,True,sparse
2020-12-29,TATAMOTORS.NS,upper,False,
2020-12-29,TATAMOTORS.NS,lower,False,
2020-12-30,HINDUNILVR.NS,upper,False,
2020-12-30,HINDUNILVR.NS,lower,False,
2020-12-30,INFY.NS,upper,True,invalid
2020-12-30,INFY.NS,lower,False,
2020-12-30,SBIN.NS,upper,False,
2020-12-30,SBIN.NS,lower,True,sparse
2020-12-30,TATAMOTORS.NS,upper,False,
2020-12-30,TATAMOTORS.NS,lower,False,
2020-12-31,HINDUNILVR.NS,upper,False,
2020-12-31,HINDUNILVR.NS,lower,False,
2020-12-31,INFY.NS,upper,True,invalid
2020-12-31,INFY.NS,lower,False,
2020-12-31,SBIN.NS,upper,False,
2020-12-31,SBIN.NS,lower,False,
2020-12-31,TATAMOTORS.NS,upper,False,
2020-12-31,TATAMOTORS.NS,lower,False,
2021-01-01,HINDUNILVR.NS,upper,False,
2021-01-01,HINDUNILVR.NS,lower,False,
2021-01-01,INFY.NS,upper,True,invalid
2021-01-01,INFY.NS,lower,False,
2021-01-01,SBIN.NS,upper,False,
2021-01-01,SBIN.NS,lower,True,sparse
2021-01-01,TATAMOTORS.NS,upper,False,
2021-01-01,TATAMOTORS.NS,lower,False,
2021-01-04,HINDUNILVR.NS,upper,False,
2021-01-04,HINDUNILVR.NS,lower,False,
2021-01-04,INFY.NS,upper,True,invalid
2021-01-04,INFY.NS,lower,False,
2021-01-04,SBIN.NS,upper,False,
2021-01-04,SBIN.NS,lower,True,sparse
2021-01-04,TATAMOTORS.NS,upper,False,
2021-01-04,TATAMOTORS.NS,lower,False,
2021-01-05,HINDUNILVR.NS,upper,False,
2021-01-05,HINDUNILVR.NS,lower,False,
2021-01-05,INFY.NS,upper,True,invalid
2021-01-05,INFY.NS,lower,False,
2021-01-05,SBIN.NS,upper,False,
2021-01-05,SBIN.NS,lower,False,
2021-01-05,TATAMOTORS.NS,upper,False,
2021-01-05,TATAMOTORS.NS,lower,False,
2021-01-06,HINDUNILVR.NS,upper,False,
2021-01-06,HINDUNILVR.NS,lower,False,
2021-01-06,INFY.NS,upper,True,invalid
2021-01-06,INFY.NS,lower,False,
2021-01-06,SBIN.NS,upper,False,
2021-01-06,SBIN.NS,lower,False,
2021-01-06,TATAMOTORS.NS,upper,False,
2021-01-06,TATAMOTORS.NS,lower,False,
2021-01-07,HINDUNILVR.NS,upper,False,
2021-01-07,HINDUNILVR.NS,lower,False,
2021-01-07,INFY.NS,upper,True,invalid
2021-01-07,INFY.NS,lower,False,
2021-01-07,SBIN.NS,upper,False,
2021-01-07,SBIN.NS,lower,False,
2021-01-07,TATAMOTORS.NS,upper,False,
2021-01-07,TATAMOTORS.NS,lower,False,
2021-01-08,HINDUNILVR.NS,upper,False,
2021-01-08,HINDUNILVR.NS,lower,False,
2021-01-08,INFY.NS,upper,True,invalid
2021-01-08,INFY.NS,lower,False,
2021-01-08,SBIN.NS,upper,False,
2021-01-08,SBIN.NS,lower,False,
2021-01-08,TATAMOTORS.NS,upper,False,
2021-01-08,TATAMOTORS.NS,lower,False,
2021-01-11,HINDUNILVR.NS,upper,False,
2021-01-11,HINDUNILVR.NS,lower,False,
2021-01-11,INFY.NS,upper,True,invalid
2021-01-11,INFY.NS,lower,False,
2021-01-11,SBIN.NS,upper,False,
2021-01-11,SBIN.NS,lower,True,sparse
2021-01-11,TATAMOTORS.NS,upper,False,
2021-01-11,TATAMOTORS.NS,lower,False,
2021-01-12,HINDUNILVR.NS,upper,False,
2021-01-12,HINDUNILVR.NS,lower,False,
2021-01-12,INFY.NS,upper,True,invalid
2021-01-12,INFY.NS,lower,False,
2021-01-12,SBIN.NS,upper,False,
2021-01-12,SBIN.NS,lower,True,sparse
2021-01-12,TATAMOTORS.NS,upper,False,
2021-01-12,TATAMOTORS.NS,lower,False,
2021-01-13,HINDUNILVR.NS,upper,False,
2021-01-13,HINDUNILVR.NS,lower,False,
2021-01-13,INFY.NS,upper,True,invalid
2021-01-13,INFY.NS,lower,False,
2021-01-13,SBIN.NS,upper,False,
2021-01-13,SBIN.NS,lower,False,
2021-01-13,TATAMOTORS.NS,upper,False,
2021-01-13,TATAMOTORS.NS,lower,False,
2021-01-14,HINDUNILVR.NS,upper,False,
2021-01-14,HINDUNILVR.NS,lower,False,
2021-01-14,INFY.NS,upper,True,invalid
2021-01-14,INFY.NS,lower,False,
2021-01-14,SBIN.NS,upper,False,
2021-01-14,SBIN.NS,lower,False,
2021-01-14,TATAMOTORS.NS,upper,False,
2021-01-14,TATAMOTORS.NS,lower,False,
2021-01-15,HINDUNILVR.NS,upper,False,
2021-01-15,HINDUNILVR.NS,lower,False,
2021-01-15,INFY.NS,upper,True,invalid
2021-01-15,INFY.NS,lower,False,
2021-01-15,SBIN.NS,upper,False,
2021-01-15,SBIN.NS,lower,False,
2021-01-15,TATAMOTORS.NS,upper,False,
2021-01-15,TATAMOTORS.NS,lower,False,
2021-01-18,HINDUNILVR.NS,upper,False,
2021-01-18,HINDUNILVR.NS,lower,False,
2021-01-18,INFY.NS,upper,True,invalid
2021-01-18,INFY.NS,lower,False,
2021-01-18,SBIN.NS,upper,False,
2021-01-18,SBIN.NS,lower,False,
2021-01-18,TATAMOTORS.NS,upper,False,
2021-01-18,TATAMOTORS.NS,lower,False,
2021-01-19,HINDUNILVR.NS,upper,False,
2021-01-19,HINDUNILVR.NS,lower,False,
2021-01-19,INFY.NS,upper,True,invalid
2021-01-19,INFY.NS,lower,False,
2021-01-19,SBIN.NS,upper,False,
2021-01-19,SBIN.NS,lower,False,
2021-01-19,TATAMOTORS.NS,upper,False,
2021-01-19,TATAMOTORS.NS,lower,False,
2021-01-20,HINDUNILVR.NS,upper,False,
2021-01-20,HINDUNILVR.NS,lower,False,
2021-01-20,INFY.NS,upper,True,invalid
2021-01-20,INFY.NS,lower,False,
2021-01-20,SBIN.NS,upper,False,
2021-01-20,SBIN.NS,lower,False,
2021-01-20,TATAMOTORS.NS,upper,False,
2021-01-20,TATAMOTORS.NS,lower,False,
2021-01-21,HINDUNILVR.NS,upper,False,
2021-01-21,HINDUNILVR.NS,lower,False,
2021-01-21,INFY.NS,upper,False,
2021-01-21,INFY.NS,lower,False,
2021-01-21,SBIN.NS,upper,False,
2021-01-21,SBIN.NS,lower,False,
2021-01-21,TATAMOTORS.NS,upper,False,
2021-01-21,TATAMOTORS.NS,lower,False,
2021-01-22,HINDUNILVR.NS,upper,False,
2021-01-22,HINDUNILVR.NS,lower,False,
2021-01-22,INFY.NS,upper,False,
2021-01-22,INFY.NS,lower,False,
2021-01-22,SBIN.NS,upper,False,
2021-01-22,SBIN.NS,lower,False,
2021-01-22,TATAMOTORS.NS,upper,False,
2021-01-22,TATAMOTORS.NS,lower,False,
2021-01-25,HINDUNILVR.NS,upper,False,
2021-01-25,HINDUNILVR.NS,lower,False,
2021-01-25,INFY.NS,upper,False,
2021-01-25,INFY.NS,lower,False,
2021-01-25,SBIN.NS,upper,False,
2021-01-25,SBIN.NS,lower,False,
2021-01-25,TATAMOTORS.NS,upper,False,
2021-01-25,TATAMOTORS.NS,lower,False,
2021-01-27,HINDUNILVR.NS,upper,False,
2021-01-27,HINDUNILVR.NS,lower,False,
2021-01-27,INFY.NS,upper,False,
2021-01-27,INFY.NS,lower,False,
2021-01-27,SBIN.NS,upper,False,
2021-01-27,SBIN.NS,lower,False,
2021-01-27,TATAMOTORS.NS,upper,False,
2021-01-27,TATAMOTORS.NS,lower,False,
2021-01-28,HINDUNILVR.NS,upper,False,
2021-01-28,HINDUNILVR.NS,lower,False,
2021-01-28,INFY.NS,upper,False,
2021-01-28,INFY.NS,lower,False,
2021-01-28,SBIN.NS,upper,False,
2021-01-28,SBIN.NS,lower,True,sparse
2021-01-28,TATAMOTORS.NS,upper,False,
2021-01-28,TATAMOTORS.NS,lower,False,
2021-01-29,HINDUNILVR.NS,upper,False,
2021-01-29,HINDUNILVR.NS,lower,False,
2021-01-29,INFY.NS,upper,True,invalid
2021-01-29,INFY.NS,lower,False,
2021-01-29,SBIN.NS,upper,False,
2021-01-29,SBIN.NS,lower,True,sparse
2021-01-29,TATAMOTORS.NS,upper,False,
2021-01-29,TATAMOTORS.NS,lower,False,
2021-02-01,HINDUNILVR.NS,upper,False,
2021-02-01,HINDUNILVR.NS,lower,False,
2021-02-01,INFY.NS,upper,True,invalid
2021-02-01,INFY.NS,lower,False,
2021-02-01,SBIN.NS,upper,False,
2021-02-01,SBIN.NS,lower,True,sparse
2021-02-01,TATAMOTORS.NS,upper,False,
2021-02-01,TATAMOTORS.NS,lower,False,
2021-02-02,HINDUNILVR.NS,upper,False,
2021-02-02,HINDUNILVR.NS,lower,False,
2021-02-02,INFY.NS,upper,True,invalid
2021-02-02,INFY.NS,lower,False,
2021-02-02,SBIN.NS,upper,False,
2021-02-02,SBIN.NS,lower,False,
2021-02-02,TATAMOTORS.NS,upper,False,
2021-02-02,TATAMOTORS.NS,lower,False,
2021-02-03,HINDUNILVR.NS,upper,False,
2021-02-03,HINDUNILVR.NS,lower,False,
2021-02-03,INFY.NS,upper,True,invalid
2021-02-03,INFY.NS,lower,False,
2021-02-03,SBIN.NS,upper,False,
2021-02-03,SBIN.NS,lower,True,sparse
2021-02-03,TATAMOTORS.NS,upper,False,
2021-02-03,TATAMOTORS.NS,lower,False,
2021-02-04,HINDUNILVR.NS,upper,False,
2021-02-04,HINDUNILVR.NS,lower,False,
2021-02-04,INFY.NS,upper,True,invalid
2021-02-04,INFY.NS,lower,False,
2021-02-04,SBIN.NS,upper,False,
2021-02-04,SBIN.NS,lower,False,
2021-02-04,TATAMOTORS.NS,upper,False,
2021-02-04,TATAMOTORS.NS,lower,False,
2021-02-05,HINDUNILVR.NS,upper,False,
2021-02-05,HINDUNILVR.NS,lower,False,
2021-02-05,INFY.NS,upper,True,invalid
2021-02-05,INFY.NS,lower,False,
2021-02-05,SBIN.NS,upper,False,
2021-02-05,SBIN.NS,lower,True,sparse
2021-02-05,TATAMOTORS.NS,upper,False,
2021-02-05,TATAMOTORS.NS,lower,False,
2021-02-08,HINDUNILVR.NS,upper,False,
2021-02-08,HINDUNILVR.NS,lower,False,
2021-02-08,INFY.NS,upper,True,invalid
2021-02-08,INFY.NS,lower,False,
2021-02-08,SBIN.NS,upper,False,
2021-02-08,SBIN.NS,lower,True,sparse
2021-02-08,TATAMOTORS.NS,upper,False,
2021-02-08,TATAMOTORS.NS,lower,False,
2021-02-09,HINDUNILVR.NS,upper,False,
2021-02-09,HINDUNILVR.NS,lower,False,
2021-02-09,INFY.NS,upper,True,invalid
2021-02-09,INFY.NS,lower,False,
2021-02-09,SBIN.NS,upper,False,
2021-02-09,SBIN.NS,lower,True,sparse
2021-02-09,TATAMOTORS.NS,upper,False,
2021-02-09,TATAMOTORS.NS,lower,False,
2021-02-10,HINDUNILVR.NS,upper,False,
2021-02-10,HINDUNILVR.NS,lower,False,
2021-02-10,INFY.NS,upper,True,invalid
2021-02-10,INFY.NS,lower,False,
2021-02-10,SBIN.NS,upper,False,
2021-02-10,SBIN.NS,lower,False,
2021-02-10,TATAMOTORS.NS,upper,False,
2021-02-10,TATAMOTORS.NS,lower,False,
2021-02-11,HINDUNILVR.NS,upper,False,
2021-02-11,HINDUNILVR.NS,lower,False,
2021-02-11,INFY.NS,upper,True,invalid
2021-02-11,INFY.NS,lower,False,
2021-02-11,SBIN.NS,upper,False,
2021-02-11,SBIN.NS,lower,False,
2021-02-11,TATAMOTORS.NS,upper,False,
2021-02-11,TATAMOTORS.NS,lower,False,
2021-02-12,HINDUNILVR.NS,upper,False,
2021-02-12,HINDUNILVR.NS,lower,False,
2021-02-12,INFY.NS,upper,True,invalid
2021-02-12,INFY.NS,lower,False,
2021-02-12,SBIN.NS,upper,False,
2021-02-12,SBIN.NS,lower,False,
2021-02-12,TATAMOTORS.NS,upper,False,
2021-02-12,TATAMOTORS.NS,lower,False,
2021-02-15,HINDUNILVR.NS,upper,False,
2021-02-15,HINDUNILVR.NS,lower,False,
2021-02-15,INFY.NS,upper,True,invalid
2021-02-15,INFY.NS,lower,False,
2021-02-15,SBIN.NS,upper,False,
2021-02-15,SBIN.NS,lower,True,sparse
2021-02-15,TATAMOTORS.NS,upper,False,
2021-02-15,TATAMOTORS.NS,lower,False,
2021-02-16,HINDUNILVR.NS,upper,False,
2021-02-16,HINDUNILVR.NS,lower,False,
2021-02-16,INFY.NS,upper,True,invalid
2021-02-16,INFY.NS,lower,False,
2021-02-16,SBIN.NS,upper,False,
2021-02-16,SBIN.NS,lower,True,sparse
2021-02-16,TATAMOTORS.NS,upper,False,
2021-02-16,TATAMOTORS.NS,lower,False,
2021-02-17,HINDUNILVR.NS,upper,False,
2021-02-17,HINDUNILVR.NS,lower,False,
2021-02-17,INFY.NS,upper,True,invalid
2021-02-17,INFY.NS,lower,False,
2021-02-17,SBIN.NS,upper,False,
2021-02-17,SBIN.NS,lower,False,
2021-02-17,TATAMOTORS.NS,upper,False,
2021-02-17,TATAMOTORS.NS,lower,False,
2021-02-18,HINDUNILVR.NS,upper,False,
2021-02-18,HINDUNILVR.NS,lower,False,
2021-02-18,INFY.NS,upper,False,
2021-02-18,INFY.NS,lower,False,
2021-02-18,SBIN.NS,upper,False,
2021-02-18,SBIN.NS,lower,False,
2021-02-18,TATAMOTORS.NS,upper,False,
2021-02-18,TATAMOTORS.NS,lower,False,
2021-02-19,HINDUNILVR.NS,upper,False,
2021-02-19,HINDUNILVR.NS,lower,False,
2021-02-19,INFY.NS,upper,True,invalid
2021-02-19,INFY.NS,lower,False,
2021-02-19,SBIN.NS,upper,False,
2021-02-19,SBIN.NS,lower,False,
2021-02-19,TATAMOTORS.NS,upper,False,
2021-02-19,TATAMOTORS.NS,lower,False,
2021-02-22,HINDUNILVR.NS,upper,False,
2021-02-22,HINDUNILVR.NS,lower,False,
2021-02-22,INFY.NS,upper,True,invalid
2021-02-22,INFY.NS,lower,False,
2021-02-22,SBIN.NS,upper,False,
2021-02-22,SBIN.NS,lower,False,
2021-02-22,TATAMOTORS.NS,upper,False,
2021-02-22,TATAMOTORS.NS,lower,False,
2021-02-23,HINDUNILVR.NS,upper,False,
2021-02-23,HINDUNILVR.NS,lower,False,
2021-02-23,INFY.NS,upper,True,invalid
2021-02-23,INFY.NS,lower,False,
2021-02-23,SBIN.NS,upper,False,
2021-02-23,SBIN.NS,lower,True,sparse
2021-02-23,TATAMOTORS.NS,upper,False,
2021-02-23,TATAMOTORS.NS,lower,False,
2021-02-24,HINDUNILVR.NS,upper,False,
2021-02-24,HINDUNILVR.NS,lower,False,
2021-02-24,INFY.NS,upper,True,invalid
2021-02-24,INFY.NS,lower,False,
2021-02-24,SBIN.NS,upper,False,
2021-02-24,SBIN.NS,lower,True,sparse
2021-02-24,TATAMOTORS.NS,upper,False,
2021-02-24,TATAMOTORS.NS,lower,False,
2021-02-25,HINDUNILVR.NS,upper,False,
2021-02-25,HINDUNILVR.NS,lower,False,
2021-02-25,INFY.NS,upper,True,invalid
2021-02-25,INFY.NS,lower,False,
2021-02-25,SBIN.NS,upper,False,
2021-02-25,SBIN.NS,lower,False,
2021-02-25,TATAMOTORS.NS,upper,False,
2021-02-25,TATAMOTORS.NS,lower,False,
2021-02-26,HINDUNILVR.NS,upper,False,
2021-02-26,HINDUNILVR.NS,lower,False,
2021-02-26,INFY.NS,upper,True,invalid
2021-02-26,INFY.NS,lower,False,
2021-02-26,SBIN.NS,upper,False,
2021-02-26,SBIN.NS,lower,False,
2021-02-26,TATAMOTORS.NS,upper,False,
2021-02-26,TATAMOTORS.NS,lower,False,
2021-03-01,HINDUNILVR.NS,upper,False,
2021-03-01,HINDUNILVR.NS,lower,False,
2021-03-01,INFY.NS,upper,True,invalid
2021-03-01,INFY.NS,lower,False,
2021-03-01,SBIN.NS,upper,False,
2021-03-01,SBIN.NS,lower,False,
2021-03-01,TATAMOTORS.NS,upper,False,
2021-03-01,TATAMOTORS.NS,lower,False,
2021-03-02,HINDUNILVR.NS,upper,False,
2021-03-02,HINDUNILVR.NS,lower,False,
2021-03-02,INFY.NS,upper,True,invalid
2021-03-02,INFY.NS,lower,False,
2021-03-02,SBIN.NS,upper,False,
2021-03-02,SBIN.NS,lower,False,
2021-03-02,TATAMOTORS.NS,upper,False,
2021-03-02,TATAMOTORS.NS,lower,False,
2021-03-03,HINDUNILVR.NS,upper,False,
2021-03-03,HINDUNILVR.NS,lower,False,
2021-03-03,INFY.NS,upper,True,invalid
2021-03-03,INFY.NS,lower,False,
2021-03-03,SBIN.NS,upper,False,
2021-03-03,SBIN.NS,lower,False,
2021-03-03,TATAMOTORS.NS,upper,False,
2021-03-03,TATAMOTORS.NS,lower,False,
2021-03-04,HINDUNILVR.NS,upper,False,
2021-03-04,HINDUNILVR.NS,lower,False,
2021-03-04,INFY.NS,upper,True,invalid
2021-03-04,INFY.NS,lower,False,
2021-03-04,SBIN.NS,upper,False,
2021-03-04,SBIN.NS,lower,True,sparse
2021-03-04,TATAMOTORS.NS,upper,False,
2021-03-04,TATAMOTORS.NS,lower,False,
2021-03-05,HINDUNILVR.NS,upper,False,
2021-03-05,HINDUNILVR.NS,lower,False,
2021-03-05,INFY.NS,upper,True,invalid
2021-03-05,INFY.NS,lower,False,
2021-03-05,SBIN.NS,upper,False,
2021-03-05,SBIN.NS,lower,True,sparse
2021-03-05,TATAMOTORS.NS,upper,False,
2021-03-05,TATAMOTORS.NS,lower,False,
2021-03-08,HINDUNILVR.NS,upper,False,
2021-03-08,HINDUNILVR.NS,lower,False,
2021-03-08,INFY.NS,upper,True,invalid
2021-03-08,INFY.NS,lower,False,
2021-03-08,SBIN.NS,upper,False,
2021-03-08,SBIN.NS,lower,True,sparse
2021-03-08,TATAMOTORS.NS,upper,False,
2021-03-08,TATAMOTORS.NS,lower,False,
2021-03-09,HINDUNILVR.NS,upper,False,
2021-03-09,HINDUNILVR.NS,lower,False,
2021-03-09,INFY.NS,upper,True,invalid
2021-03-09,INFY.NS,lower,False,
2021-03-09,SBIN.NS,upper,False,
2021-03-09,SBIN.NS,lower,True,sparse
2021-03-09,TATAMOTORS.NS,upper,False,
2021-03-09,TATAMOTORS.NS,lower,False,
2021-03-10,HINDUNILVR.NS,upper,False,
2021-03-10,HINDUNILVR.NS,lower,False,
2021-03-10,INFY.NS,upper,True,invalid
2021-03-10,INFY.NS,lower,False,
2021-03-10,SBIN.NS,upper,False,
2021-03-10,SBIN.NS,lower,True,sparse
2021-03-10,TATAMOTORS.NS,upper,False,
2021-03-10,TATAMOTORS.NS,lower,False,
2021-03-12,HINDUNILVR.NS,upper,False,
2021-03-12,HINDUNILVR.NS,lower,False,
2021-03-12,INFY.NS,upper,True,invalid
2021-03-12,INFY.NS,lower,False,
2021-03-12,SBIN.NS,upper,False,
2021-03-12,SBIN.NS,lower,False,
2021-03-12,TATAMOTORS.NS,upper,False,
2021-03-12,TATAMOTORS.NS,lower,False,
2021-03-15,HINDUNILVR.NS,upper,False,
2021-03-15,HINDUNILVR.NS,lower,False,
2021-03-15,INFY.NS,upper,True,invalid
2021-03-15,INFY.NS,lower,False,
2021-03-15,SBIN.NS,upper,False,
2021-03-15,SBIN.NS,lower,True,sparse
2021-03-15,TATAMOTORS.NS,upper,False,
2021-03-15,TATAMOTORS.NS,lower,False,
2021-03-16,HINDUNILVR.NS,upper,False,
2021-03-16,HINDUNILVR.NS,lower,False,
2021-03-16,INFY.NS,upper,True,invalid
2021-03-16,INFY.NS,lower,False,
2021-03-16,SBIN.NS,upper,False,
2021-03-16,SBIN.NS,lower,True,sparse
2021-03-16,TATAMOTORS.NS,upper,False,
2021-03-16,TATAMOTORS.NS,lower,False,
2021-03-17,HINDUNILVR.NS,upper,False,
2021-03-17,HINDUNILVR.NS,lower,False,
2021-03-17,INFY.NS,upper,True,invalid
2021-03-17,INFY.NS,lower,False,
2021-03-17,SBIN.NS,upper,False,
2021-03-17,SBIN.NS,lower,True,sparse
2021-03-17,TATAMOTORS.NS,upper,False,
2021-03-17,TATAMOTORS.NS,lower,False,
2021-03-18,HINDUNILVR.NS,upper,False,
2021-03-18,HINDUNILVR.NS,lower,False,
2021-03-18,INFY.NS,upper,True,invalid
2021-03-18,INFY.NS,lower,False,
2021-03-18,SBIN.NS,upper,False,
2021-03-18,SBIN.NS,lower,True,sparse
2021-03-18,TATAMOTORS.NS,upper,False,
2021-03-18,TATAMOTORS.NS,lower,False,
2021-03-19,HINDUNILVR.NS,upper,False,
2021-03-19,HINDUNILVR.NS,lower,False,
2021-03-19,INFY.NS,upper,True,invalid
2021-03-19,INFY.NS,lower,False,
2021-03-19,SBIN.NS,upper,False,
2021-03-19,SBIN.NS,lower,True,sparse
2021-03-19,TATAMOTORS.NS,upper,False,
2021-03-19,TATAMOTORS.NS,lower,False,
2021-03-22,HINDUNILVR.NS,upper,False,
2021-03-22,HINDUNILVR.NS,lower,False,
2021-03-22,INFY.NS,upper,True,invalid
2021-03-22,INFY.NS,lower,False,
2021-03-22,SBIN.NS,upper,False,
2021-03-22,SBIN.NS,lower,True,sparse
2021-03-22,TATAMOTORS.NS,upper,False,
2021-03-22,TATAMOTORS.NS,lower,False,
2021-03-23,HINDUNILVR.NS,upper,False,
2021-03-23,HINDUNILVR.NS,lower,False,
2021-03-23,INFY.NS,upper,True,invalid
2021-03-23,INFY.NS,lower,False,
2021-03-23,SBIN.NS,upper,False,
2021-03-23,SBIN.NS,lower,True,sparse
2021-03-23,TATAMOTORS.NS,upper,False,
2021-03-23,TATAMOTORS.NS,lower,False,
2021-03-24,HINDUNILVR.NS,upper,False,
2021-03-24,HINDUNILVR.NS,lower,False,
2021-03-24,INFY.NS,upper,True,invalid
2021-03-24,INFY.NS,lower,False,
2021-03-24,SBIN.NS,upper,False,
2021-03-24,SBIN.NS,lower,False,
2021-03-24,TATAMOTORS.NS,upper,False,
2021-03-24,TATAMOTORS.NS,lower,False,
2021-03-25,HINDUNILVR.NS,upper,False,
2021-03-25,HINDUNILVR.NS,lower,False,
2021-03-25,INFY.NS,upper,True,invalid
2021-03-25,INFY.NS,lower,False,
2021-03-25,SBIN.NS,upper,False,
2021-03-25,SBIN.NS,lower,True,sparse
2021-03-25,TATAMOTORS.NS,upper,False,
2021-03-25,TATAMOTORS.NS,lower,False,
2021-03-26,HINDUNILVR.NS,upper,False,
2021-03-26,HINDUNILVR.NS,lower,False,
2021-03-26,INFY.NS,upper,True,invalid
2021-03-26,INFY.NS,lower,False,
2021-03-26,SBIN.NS,upper,False,
2021-03-26,SBIN.NS,lower,True,sparse
2021-03-26,TATAMOTORS.NS,upper,False,
2021-03-26,TATAMOTORS.NS,lower,False,
2021-03-30,HINDUNILVR.NS,upper,False,
2021-03-30,HINDUNILVR.NS,lower,False,
2021-03-30,INFY.NS,upper,True,invalid
2021-03-30,INFY.NS,lower,False,
2021-03-30,SBIN.NS,upper,False,
2021-03-30,SBIN.NS,lower,True,sparse
2021-03-30,TATAMOTORS.NS,upper,False,
2021-03-30,TATAMOTORS.NS,lower,False,
2021-03-31,HINDUNILVR.NS,upper,False,
2021-03-31,HINDUNILVR.NS,lower,False,
2021-03-31,INFY.NS,upper,True,invalid
2021-03-31,INFY.NS,lower,False,
2021-03-31,SBIN.NS,upper,False,
2021-03-31,SBIN.NS,lower,True,sparse
2021-03-31,TATAMOTORS.NS,upper,False,
2021-03-31,TATAMOTORS.NS,lower,False,
2021-04-01,HINDUNILVR.NS,upper,False,
2021-04-01,HINDUNILVR.NS,lower,False,
2021-04-01,INFY.NS,upper,True,invalid
2021-04-01,INFY.NS,lower,False,
2021-04-01,SBIN.NS,upper,False,
2021-04-01,SBIN.NS,lower,True,sparse
2021-04-01,TATAMOTORS.NS,upper,False,
2021-04-01,TATAMOTORS.NS,lower,False,
2021-04-05,HINDUNILVR.NS,upper,False,
2021-04-05,HINDUNILVR.NS,lower,False,
2021-04-05,INFY.NS,upper,True,invalid
2021-04-05,INFY.NS,lower,False,
2021-04-05,SBIN.NS,upper,False,
2021-04-05,SBIN.NS,lower,True,sparse
2021-04-05,TATAMOTORS.NS,upper,False,
2021-04-05,TATAMOTORS.NS,lower,False,
2021-04-06,HINDUNILVR.NS,upper,False,
2021-04-06,HINDUNILVR.NS,lower,False,
2021-04-06,INFY.NS,upper,True,invalid
2021-04-06,INFY.NS,lower,False,
2021-04-06,SBIN.NS,upper,False,
2021-04-06,SBIN.NS,lower,True,sparse
2021-04-06,TATAMOTORS.NS,upper,False,
2021-04-06,TATAMOTORS.NS,lower,False,
2021-04-07,HINDUNILVR.NS,upper,False,
2021-04-07,HINDUNILVR.NS,lower,False,
2021-04-07,INFY.NS,upper,True,invalid
2021-04-07,INFY.NS,lower,False,
2021-04-07,SBIN.NS,upper,False,
2021-04-07,SBIN.NS,lower,True,sparse
2021-04-07,TATAMOTORS.NS,upper,False,
2021-04-07,TATAMOTORS.NS,lower,False,
2021-04-08,HINDUNILVR.NS,upper,False,
2021-04-08,HINDUNILVR.NS,lower,False,
2021-04-08,INFY.NS,upper,True,invalid
2021-04-08,INFY.NS,lower,False,
2021-04-08,SBIN.NS,upper,False,
2021-04-08,SBIN.NS,lower,True,sparse
2021-04-08,TATAMOTORS.NS,upper,False,
2021-04-08,TATAMOTORS.NS,lower,False,
2021-04-09,HINDUNILVR.NS,upper,False,
2021-04-09,HINDUNILVR.NS,lower,False,
2021-04-09,INFY.NS,upper,True,invalid
2021-04-09,INFY.NS,lower,False,
2021-04-09,SBIN.NS,upper,False,
2021-04-09,SBIN.NS,lower,True,sparse
2021-04-09,TATAMOTORS.NS,upper,False,
2021-04-09,TATAMOTORS.NS,lower,False,
2021-04-12,HINDUNILVR.NS,upper,False,
2021-04-12,HINDUNILVR.NS,lower,False,
2021-04-12,INFY.NS,upper,True,invalid
2021-04-12,INFY.NS,lower,False,
2021-04-12,SBIN.NS,upper,False,
2021-04-12,SBIN.NS,lower,True,sparse
2021-04-12,TATAMOTORS.NS,upper,False,
2021-04-12,TATAMOTORS.NS,lower,False,
2021-04-13,HINDUNILVR.NS,upper,False,
2021-04-13,HINDUNILVR.NS,lower,False,
2021-04-13,INFY.NS,upper,True,invalid
2021-04-13,INFY.NS,lower,False,
2021-04-13,SBIN.NS,upper,False,
2021-04-13,SBIN.NS,lower,True,sparse
2021-04-13,TATAMOTORS.NS,upper,False,
2021-04-13,TATAMOTORS.NS,lower,False,
2021-04-15,HINDUNILVR.NS,upper,False,
2021-04-15,HINDUNILVR.NS,lower,False,
2021-04-15,INFY.NS,upper,True,invalid
2021-04-15,INFY.NS,lower,False,
2021-04-15,SBIN.NS,upper,False,
2021-04-15,SBIN.NS,lower,False,
2021-04-15,TATAMOTORS.NS,upper,False,
2021-04-15,TATAMOTORS.NS,lower,False,
2021-04-16,HINDUNILVR.NS,upper,False,
2021-04-16,HINDUNILVR.NS,lower,False,
2021-04-16,INFY.NS,upper,True,invalid
2021-04-16,INFY.NS,lower,False,
2021-04-16,SBIN.NS,upper,False,
2021-04-16,SBIN.NS,lower,True,sparse
2021-04-16,TATAMOTORS.NS,upper,False,
2021-04-16,TATAMOTORS.NS,lower,False,
2021-04-19,HINDUNILVR.NS,upper,False,
2021-04-19,HINDUNILVR.NS,lower,False,
2021-04-19,INFY.NS,upper,True,invalid
2021-04-19,INFY.NS,lower,False,
2021-04-19,SBIN.NS,upper,False,
2021-04-19,SBIN.NS,lower,True,sparse
2021-04-19,TATAMOTORS.NS,upper,False,
2021-04-19,TATAMOTORS.NS,lower,False,
2021-04-20,HINDUNILVR.NS,upper,False,
2021-04-20,HINDUNILVR.NS,lower,False,
2021-04-20,INFY.NS,upper,True,invalid
2021-04-20,INFY.NS,lower,False,
2021-04-20,SBIN.NS,upper,False,
2021-04-20,SBIN.NS,lower,False,
2021-04-20,TATAMOTORS.NS,upper,False,
2021-04-20,TATAMOTORS.NS,lower,False,
2021-04-22,HINDUNILVR.NS,upper,False,
2021-04-22,HINDUNILVR.NS,lower,False,
2021-04-22,INFY.NS,upper,True,invalid
2021-04-22,INFY.NS,lower,False,
2021-04-22,SBIN.NS,upper,False,
2021-04-22,SBIN.NS,lower,False,
2021-04-22,TATAMOTORS.NS,upper,False,
2021-04-22,TATAMOTORS.NS,lower,False,
2021-04-23,HINDUNILVR.NS,upper,False,
2021-04-23,HINDUNILVR.NS,lower,False,
2021-04-23,INFY.NS,upper,True,invalid
2021-04-23,INFY.NS,lower,False,
2021-04-23,SBIN.NS,upper,False,
2021-04-23,SBIN.NS,lower,True,sparse
2021-04-23,TATAMOTORS.NS,upper,False,
2021-04-23,TATAMOTORS.NS,lower,False,
2021-04-26,HINDUNILVR.NS,upper,False,
2021-04-26,HINDUNILVR.NS,lower,False,
2021-04-26,INFY.NS,upper,True,invalid
2021-04-26,INFY.NS,lower,False,
2021-04-26,SBIN.NS,upper,False,
2021-04-26,SBIN.NS,lower,True,sparse
2021-04-26,TATAMOTORS.NS,upper,False,
2021-04-26,TATAMOTORS.NS,lower,False,
2021-04-27,HINDUNILVR.NS,upper,False,
2021-04-27,HINDUNILVR.NS,lower,False,
2021-04-27,INFY.NS,upper,True,invalid
2021-04-27,INFY.NS,lower,False,
2021-04-27,SBIN.NS,upper,False,
2021-04-27,SBIN.NS,lower,True,sparse
2021-04-27,TATAMOTORS.NS,upper,False,
2021-04-27,TATAMOTORS.NS,lower,False,
2021-04-28,HINDUNILVR.NS,upper,False,
2021-04-28,HINDUNILVR.NS,lower,False,
2021-04-28,INFY.NS,upper,True,invalid
2021-04-28,INFY.NS,lower,False,
2021-04-28,SBIN.NS,upper,False,
2021-04-28,SBIN.NS,lower,True,sparse
2021-04-28,TATAMOTORS.NS,upper,False,
2021-04-28,TATAMOTORS.NS,lower,False,
2021-04-29,HINDUNILVR.NS,upper,False,
2021-04-29,HINDUNILVR.NS,lower,False,
2021-04-29,INFY.NS,upper,True,invalid
2021-04-29,INFY.NS,lower,False,
2021-04-29,SBIN.NS,upper,False,
2021-04-29,SBIN.NS,lower,True,sparse
2021-04-29,TATAMOTORS.NS,upper,False,
2021-04-29,TATAMOTORS.NS,lower,False,
2021-04-30,HINDUNILVR.NS,upper,False,
2021-04-30,HINDUNILVR.NS,lower,False,
2021-04-30,INFY.NS,upper,True,invalid
2021-04-30,INFY.NS,lower,False,
2021-04-30,SBIN.NS,upper,False,
2021-04-30,SBIN.NS,lower,True,sparse
2021-04-30,TATAMOTORS.NS,upper,False,
2021-04-30,TATAMOTORS.NS,lower,False,
2021-05-03,HINDUNILVR.NS,upper,False,
2021-05-03,HINDUNILVR.NS,lower,False,
2021-05-03,INFY.NS,upper,True,invalid
2021-05-03,INFY.NS,lower,False,
2021-05-03,SBIN.NS,upper,False,
2021-05-03,SBIN.NS,lower,True,sparse
2021-05-03,TATAMOTORS.NS,upper,False,
2021-05-03,TATAMOTORS.NS,lower,False,
2021-05-04,HINDUNILVR.NS,upper,False,
2021-05-04,HINDUNILVR.NS,lower,False,
2021-05-04,INFY.NS,upper,True,sparse
2021-05-04,INFY.NS,lower,False,
2021-05-04,SBIN.NS,upper,False,
2021-05-04,SBIN.NS,lower,True,sparse
2021-05-04,TATAMOTORS.NS,upper,False,
2021-05-04,TATAMOTORS.NS,lower,False,
2021-05-05,HINDUNILVR.NS,upper,False,
2021-05-05,HINDUNILVR.NS,lower,False,
2021-05-05,INFY.NS,upper,True,invalid
2021-05-05,INFY.NS,lower,False,
2021-05-05,SBIN.NS,upper,False,
2021-05-05,SBIN.NS,lower,True,sparse
2021-05-05,TATAMOTORS.NS,upper,False,
2021-05-05,TATAMOTORS.NS,lower,False,
2021-05-06,HINDUNILVR.NS,upper,False,
2021-05-06,HINDUNILVR.NS,lower,False,
2021-05-06,INFY.NS,upper,True,invalid
2021-05-06,INFY.NS,lower,False,
2021-05-06,SBIN.NS,upper,False,
2021-05-06,SBIN.NS,lower,True,sparse
2021-05-06,TATAMOTORS.NS,upper,False,
2021-05-06,TATAMOTORS.NS,lower,False,
2021-05-07,HINDUNILVR.NS,upper,False,
2021-05-07,HINDUNILVR.NS,lower,False,
2021-05-07,INFY.NS,upper,True,invalid
2021-05-07,INFY.NS,lower,False,
2021-05-07,SBIN.NS,upper,False,
2021-05-07,SBIN.NS,lower,True,sparse
2021-05-07,TATAMOTORS.NS,upper,False,
2021-05-07,TATAMOTORS.NS,lower,False,
2021-05-10,HINDUNILVR.NS,upper,False,
2021-05-10,HINDUNILVR.NS,lower,False,
2021-05-10,INFY.NS,upper,True,invalid
2021-05-10,INFY.NS,lower,False,
2021-05-10,SBIN.NS,upper,False,
2021-05-10,SBIN.NS,lower,True,sparse
2021-05-10,TATAMOTORS.NS,upper,False,
2021-05-10,TATAMOTORS.NS,lower,False,
2021-05-11,HINDUNILVR.NS,upper,False,
2021-05-11,HINDUNILVR.NS,lower,False,
2021-05-11,INFY.NS,upper,True,invalid
2021-05-11,INFY.NS,lower,False,
2021-05-11,SBIN.NS,upper,False,
2021-05-11,SBIN.NS,lower,True,sparse
2021-05-11,TATAMOTORS.NS,upper,False,
2021-05-11,TATAMOTORS.NS,lower,False,
2021-05-12,HINDUNILVR.NS,upper,False,
2021-05-12,HINDUNILVR.NS,lower,False,
2021-05-12,INFY.NS,upper,True,invalid
2021-05-12,INFY.NS,lower,False,
2021-05-12,SBIN.NS,upper,False,
2021-05-12,SBIN.NS,lower,True,sparse
2021-05-12,TATAMOTORS.NS,upper,False,
2021-05-12,TATAMOTORS.NS,lower,False,
2021-05-14,HINDUNILVR.NS,upper,False,
2021-05-14,HINDUNILVR.NS,lower,False,
2021-05-14,INFY.NS,upper,True,invalid
2021-05-14,INFY.NS,lower,False,
2021-05-14,SBIN.NS,upper,False,
2021-05-14,SBIN.NS,lower,True,sparse
2021-05-14,TATAMOTORS.NS,upper,False,
2021-05-14,TATAMOTORS.NS,lower,False,
2021-05-17,HINDUNILVR.NS,upper,False,
2021-05-17,HINDUNILVR.NS,lower,False,
2021-05-17,INFY.NS,upper,True,invalid
2021-05-17,INFY.NS,lower,False,
2021-05-17,SBIN.NS,upper,False,
2021-05-17,SBIN.NS,lower,True,sparse
2021-05-17,TATAMOTORS.NS,upper,False,
2021-05-17,TATAMOTORS.NS,lower,False,
2021-05-18,HINDUNILVR.NS,upper,False,
2021-05-18,HINDUNILVR.NS,lower,False,
2021-05-18,INFY.NS,upper,False,
2021-05-18,INFY.NS,lower,False,
2021-05-18,SBIN.NS,upper,False,
2021-05-18,SBIN.NS,lower,True,sparse
2021-05-18,TATAMOTORS.NS,upper,False,
2021-05-18,TATAMOTORS.NS,lower,False,
2021-05-19,HINDUNILVR.NS,upper,False,
2021-05-19,HINDUNILVR.NS,lower,False,
2021-05-19,INFY.NS,upper,False,
2021-05-19,INFY.NS,lower,False,
2021-05-19,SBIN.NS,upper,False,
2021-05-19,SBIN.NS,lower,True,sparse
2021-05-19,TATAMOTORS.NS,upper,False,
2021-05-19,TATAMOTORS.NS,lower,False,
2021-05-20,HINDUNILVR.NS,upper,False,
2021-05-20,HINDUNILVR.NS,lower,False,
2021-05-20,INFY.NS,upper,False,
2021-05-20,INFY.NS,lower,False,
2021-05-20,SBIN.NS,upper,False,
2021-05-20,SBIN.NS,lower,True,sparse
2021-05-20,TATAMOTORS.NS,upper,False,
2021-05-20,TATAMOTORS.NS,lower,False,
2021-05-21,HINDUNILVR.NS,upper,False,
2021-05-21,HINDUNILVR.NS,lower,False,
2021-05-21,INFY.NS,upper,False,
2021-05-21,INFY.NS,lower,False,
2021-05-21,SBIN.NS,upper,False,
2021-05-21,SBIN.NS,lower,True,sparse
2021-05-21,TATAMOTORS.NS,upper,False,
2021-05-21,TATAMOTORS.NS,lower,False,
2021-05-24,HINDUNILVR.NS,upper,False,
2021-05-24,HINDUNILVR.NS,lower,False,
2021-05-24,INFY.NS,upper,False,
2021-05-24,INFY.NS,lower,False,
2021-05-24,SBIN.NS,upper,False,
2021-05-24,SBIN.NS,lower,True,sparse
2021-05-24,TATAMOTORS.NS,upper,False,
2021-05-24,TATAMOTORS.NS,lower,False,
2021-05-25,HINDUNILVR.NS,upper,False,
2021-05-25,HINDUNILVR.NS,lower,False,
2021-05-25,INFY.NS,upper,False,
2021-05-25,INFY.NS,lower,False,
2021-05-25,SBIN.NS,upper,False,
2021-05-25,SBIN.NS,lower,True,sparse
2021-05-25,TATAMOTORS.NS,upper,False,
2021-05-25,TATAMOTORS.NS,lower,False,
2021-05-26,HINDUNILVR.NS,upper,False,
2021-05-26,HINDUNILVR.NS,lower,False,
2021-05-26,INFY.NS,upper,True,invalid
2021-05-26,INFY.NS,lower,False,
2021-05-26,SBIN.NS,upper,False,
2021-05-26,SBIN.NS,lower,True,sparse
2021-05-26,TATAMOTORS.NS,upper,False,
2021-05-26,TATAMOTORS.NS,lower,False,
2021-05-27,HINDUNILVR.NS,upper,False,
2021-05-27,HINDUNILVR.NS,lower,False,
2021-05-27,INFY.NS,upper,False,
2021-05-27,INFY.NS,lower,False,
2021-05-27,SBIN.NS,upper,False,
2021-05-27,SBIN.NS,lower,True,sparse
2021-05-27,TATAMOTORS.NS,upper,False,
2021-05-27,TATAMOTORS.NS,lower,False,
2021-05-28,HINDUNILVR.NS,upper,False,
2021-05-28,HINDUNILVR.NS,lower,False,
2021-05-28,INFY.NS,upper,False,
2021-05-28,INFY.NS,lower,False,
2021-05-28,SBIN.NS,upper,False,
2021-05-28,SBIN.NS,lower,True,sparse
2021-05-28,TATAMOTORS.NS,upper,False,
2021-05-28,TATAMOTORS.NS,lower,False,
2021-05-31,HINDUNILVR.NS,upper,False,
2021-05-31,HINDUNILVR.NS,lower,False,
2021-05-31,INFY.NS,upper,False,
2021-05-31,INFY.NS,lower,False,
2021-05-31,SBIN.NS,upper,False,
2021-05-31,SBIN.NS,lower,True,sparse
2021-05-31,TATAMOTORS.NS,upper,False,
2021-05-31,TATAMOTORS.NS,lower,False,
2021-06-01,HINDUNILVR.NS,upper,False,
2021-06-01,HINDUNILVR.NS,lower,False,
2021-06-01,INFY.NS,upper,True,invalid
2021-06-01,INFY.NS,lower,False,
2021-06-01,SBIN.NS,upper,False,
2021-06-01,SBIN.NS,lower,True,sparse
2021-06-01,TATAMOTORS.NS,upper,False,
2021-06-01,TATAMOTORS.NS,lower,False,
2021-06-02,HINDUNILVR.NS,upper,False,
2021-06-02,HINDUNILVR.NS,lower,False,
2021-06-02,INFY.NS,upper,False,
2021-06-02,INFY.NS,lower,False,
2021-06-02,SBIN.NS,upper,False,
2021-06-02,SBIN.NS,lower,True,sparse
2021-06-02,TATAMOTORS.NS,upper,False,
2021-06-02,TATAMOTORS.NS,lower,False,
2021-06-03,HINDUNILVR.NS,upper,False,
2021-06-03,HINDUNILVR.NS,lower,False,
2021-06-03,INFY.NS,upper,False,
2021-06-03,INFY.NS,lower,False,
2021-06-03,SBIN.NS,upper,False,
2021-06-03,SBIN.NS,lower,True,sparse
2021-06-03,TATAMOTORS.NS,upper,False,
2021-06-03,TATAMOTORS.NS,lower,False,
2021-06-04,HINDUNILVR.NS,upper,False,
2021-06-04,HINDUNILVR.NS,lower,False,
2021-06-04,INFY.NS,upper,False,
2021-06-04,INFY.NS,lower,False,
2021-06-04,SBIN.NS,upper,False,
2021-06-04,SBIN.NS,lower,True,sparse
2021-06-04,TATAMOTORS.NS,upper,False,
2021-06-04,TATAMOTORS.NS,lower,False,
2021-06-07,HINDUNILVR.NS,upper,False,
2021-06-07,HINDUNILVR.NS,lower,False,
2021-06-07,INFY.NS,upper,False,
2021-06-07,INFY.NS,lower,False,
2021-06-07,SBIN.NS,upper,False,
2021-06-07,SBIN.NS,lower,True,sparse
2021-06-07,TATAMOTORS.NS,upper,False,
2021-06-07,TATAMOTORS.NS,lower,False,
2021-06-08,HINDUNILVR.NS,upper,False,
2021-06-08,HINDUNILVR.NS,lower,False,
2021-06-08,INFY.NS,upper,False,
2021-06-08,INFY.NS,lower,False,
2021-06-08,SBIN.NS,upper,False,
2021-06-08,SBIN.NS,lower,True,sparse
2021-06-08,TATAMOTORS.NS,upper,False,
2021-06-08,TATAMOTORS.NS,lower,False,
2021-06-09,HINDUNILVR.NS,upper,False,
2021-06-09,HINDUNILVR.NS,lower,False,
2021-06-09,INFY.NS,upper,False,
2021-06-09,INFY.NS,lower,False,
2021-06-09,SBIN.NS,upper,False,
2021-06-09,SBIN.NS,lower,True,sparse
2021-06-09,TATAMOTORS.NS,upper,False,
2021-06-09,TATAMOTORS.NS,lower,False,
2021-06-10,HINDUNILVR.NS,upper,False,
2021-06-10,HINDUNILVR.NS,lower,False,
2021-06-10,INFY.NS,upper,False,
2021-06-10,INFY.NS,lower,False,
2021-06-10,SBIN.NS,upper,False,
2021-06-10,SBIN.NS,lower,False,
2021-06-10,TATAMOTORS.NS,upper,False,
2021-06-10,TATAMOTORS.NS,lower,False,
2021-06-11,HINDUNILVR.NS,upper,False,
2021-06-11,HINDUNILVR.NS,lower,False,
2021-06-11,INFY.NS,upper,False,
2021-06-11,INFY.NS,lower,False,
2021-06-11,SBIN.NS,upper,False,
2021-06-11,SBIN.NS,lower,False,
2021-06-11,TATAMOTORS.NS,upper,False,
2021-06-11,TATAMOTORS.NS,lower,False,
2021-06-14,HINDUNILVR.NS,upper,False,
2021-06-14,HINDUNILVR.NS,lower,False,
2021-06-14,INFY.NS,upper,False,
2021-06-14,INFY.NS,lower,False,
2021-06-14,SBIN.NS,upper,False,
2021-06-14,SBIN.NS,lower,False,
2021-06-14,TATAMOTORS.NS,upper,False,
2021-06-14,TATAMOTORS.NS,lower,False,
2021-06-15,HINDUNILVR.NS,upper,False,
2021-06-15,HINDUNILVR.NS,lower,False,
2021-06-15,INFY.NS,upper,True,sparse
2021-06-15,INFY.NS,lower,False,
2021-06-15,SBIN.NS,upper,False,
2021-06-15,SBIN.NS,lower,False,
2021-06-15,TATAMOTORS.NS,upper,False,
2021-06-15,TATAMOTORS.NS,lower,False,
2021-06-16,HINDUNILVR.NS,upper,False,
2021-06-16,HINDUNILVR.NS,lower,False,
2021-06-16,INFY.NS,upper,False,
2021-06-16,INFY.NS,lower,False,
2021-06-16,SBIN.NS,upper,False,
2021-06-16,SBIN.NS,lower,False,
2021-06-16,TATAMOTORS.NS,upper,False,
2021-06-16,TATAMOTORS.NS,lower,False,
2021-06-17,HINDUNILVR.NS,upper,False,
2021-06-17,HINDUNILVR.NS,lower,False,
2021-06-17,INFY.NS,upper,False,
2021-06-17,INFY.NS,lower,False,
2021-06-17,SBIN.NS,upper,False,
2021-06-17,SBIN.NS,lower,False,
2021-06-17,TATAMOTORS.NS,upper,False,
2021-06-17,TATAMOTORS.NS,lower,False,
2021-06-18,HINDUNILVR.NS,upper,False,
2021-06-18,HINDUNILVR.NS,lower,False,
2021-06-18,INFY.NS,upper,False,
2021-06-18,INFY.NS,lower,False,
2021-06-18,SBIN.NS,upper,False,
2021-06-18,SBIN.NS,lower,False,
2021-06-18,TATAMOTORS.NS,upper,False,
2021-06-18,TATAMOTORS.NS,lower,False,
2021-06-21,HINDUNILVR.NS,upper,False,
2021-06-21,HINDUNILVR.NS,lower,False,
2021-06-21,INFY.NS,upper,False,
2021-06-21,INFY.NS,lower,False,
2021-06-21,SBIN.NS,upper,False,
2021-06-21,SBIN.NS,lower,False,
2021-06-21,TATAMOTORS.NS,upper,False,
2021-06-21,TATAMOTORS.NS,lower,False,
2021-06-22,HINDUNILVR.NS,upper,False,
2021-06-22,HINDUNILVR.NS,lower,False,
2021-06-22,INFY.NS,upper,False,
2021-06-22,INFY.NS,lower,False,
2021-06-22,SBIN.NS,upper,False,
2021-06-22,SBIN.NS,lower,False,
2021-06-22,TATAMOTORS.NS,upper,False,
2021-06-22,TATAMOTORS.NS,lower,False,
2021-06-23,HINDUNILVR.NS,upper,False,
2021-06-23,HINDUNILVR.NS,lower,False,
2021-06-23,INFY.NS,upper,False,
2021-06-23,INFY.NS,lower,False,
2021-06-23,SBIN.NS,upper,False,
2021-06-23,SBIN.NS,lower,False,
2021-06-23,TATAMOTORS.NS,upper,False,
2021-06-23,TATAMOTORS.NS,lower,False,
2021-06-24,HINDUNILVR.NS,upper,False,
2021-06-24,HINDUNILVR.NS,lower,False,
2021-06-24,INFY.NS,upper,False,
2021-06-24,INFY.NS,lower,False,
2021-06-24,SBIN.NS,upper,False,
2021-06-24,SBIN.NS,lower,False,
2021-06-24,TATAMOTORS.NS,upper,False,
2021-06-24,TATAMOTORS.NS,lower,False,
2021-06-25,HINDUNILVR.NS,upper,False,
2021-06-25,HINDUNILVR.NS,lower,False,
2021-06-25,INFY.NS,upper,False,
2021-06-25,INFY.NS,lower,False,
2021-06-25,SBIN.NS,upper,False,
2021-06-25,SBIN.NS,lower,False,
2021-06-25,TATAMOTORS.NS,upper,False,
2021-06-25,TATAMOTORS.NS,lower,False,
2021-06-28,HINDUNILVR.NS,upper,False,
2021-06-28,HINDUNILVR.NS,lower,False,
2021-06-28,INFY.NS,upper,False,
2021-06-28,INFY.NS,lower,False,
2021-06-28,SBIN.NS,upper,False,
2021-06-28,SBIN.NS,lower,False,
2021-06-28,TATAMOTORS.NS,upper,False,
2021-06-28,TATAMOTORS.NS,lower,False,
2021-06-29,HINDUNILVR.NS,upper,False,
2021-06-29,HINDUNILVR.NS,lower,False,
2021-06-29,INFY.NS,upper,False,
2021-06-29,INFY.NS,lower,False,
2021-06-29,SBIN.NS,upper,False,
2021-06-29,SBIN.NS,lower,False,
2021-06-29,TATAMOTORS.NS,upper,False,
2021-06-29,TATAMOTORS.NS,lower,False,
2021-06-30,HINDUNILVR.NS,upper,False,
2021-06-30,HINDUNILVR.NS,lower,False,
2021-06-30,INFY.NS,upper,False,
2021-06-30,INFY.NS,lower,False,
2021-06-30,SBIN.NS,upper,False,
2021-06-30,SBIN.NS,lower,False,
2021-06-30,TATAMOTORS.NS,upper,False,
2021-06-30,TATAMOTORS.NS,lower,False,
2021-07-01,HINDUNILVR.NS,upper,False,
2021-07-01,HINDUNILVR.NS,lower,False,
2021-07-01,INFY.NS,upper,False,
2021-07-01,INFY.NS,lower,False,
2021-07-01,SBIN.NS,upper,False,
2021-07-01,SBIN.NS,lower,False,
2021-07-01,TATAMOTORS.NS,upper,False,
2021-07-01,TATAMOTORS.NS,lower,False,
2021-07-02,HINDUNILVR.NS,upper,False,
2021-07-02,HINDUNILVR.NS,lower,False,
2021-07-02,INFY.NS,upper,False,
2021-07-02,INFY.NS,lower,False,
2021-07-02,SBIN.NS,upper,False,
2021-07-02,SBIN.NS,lower,False,
2021-07-02,TATAMOTORS.NS,upper,False,
2021-07-02,TATAMOTORS.NS,lower,False,
2021-07-05,HINDUNILVR.NS,upper,False,
2021-07-05,HINDUNILVR.NS,lower,False,
2021-07-05,INFY.NS,upper,False,
2021-07-05,INFY.NS,lower,False,
2021-07-05,SBIN.NS,upper,False,
2021-07-05,SBIN.NS,lower,False,
2021-07-05,TATAMOTORS.NS,upper,False,
2021-07-05,TATAMOTORS.NS,lower,False,
2021-07-06,HINDUNILVR.NS,upper,False,
2021-07-06,HINDUNILVR.NS,lower,False,
2021-07-06,INFY.NS,upper,False,
2021-07-06,INFY.NS,lower,False,
2021-07-06,SBIN.NS,upper,False,
2021-07-06,SBIN.NS,lower,False,
2021-07-06,TATAMOTORS.NS,upper,False,
2021-07-06,TATAMOTORS.NS,lower,False,
2021-07-07,HINDUNILVR.NS,upper,False,
2021-07-07,HINDUNILVR.NS,lower,False,
2021-07-07,INFY.NS,upper,False,
2021-07-07,INFY.NS,lower,False,
2021-07-07,SBIN.NS,upper,False,
2021-07-07,SBIN.NS,lower,False,
2021-07-07,TATAMOTORS.NS,upper,False,
2021-07-07,TATAMOTORS.NS,lower,False,
2021-07-08,HINDUNILVR.NS,upper,False,
2021-07-08,HINDUNILVR.NS,lower,False,
2021-07-08,INFY.NS,upper,False,
2021-07-08,INFY.NS,lower,False,
2021-07-08,SBIN.NS,upper,False,
2021-07-08,SBIN.NS,lower,False,
2021-07-08,TATAMOTORS.NS,upper,False,
2021-07-08,TATAMOTORS.NS,lower,False,
2021-07-09,HINDUNILVR.NS,upper,False,
2021-07-09,HINDUNILVR.NS,lower,False,
2021-07-09,INFY.NS,upper,False,
2021-07-09,INFY.NS,lower,False,
2021-07-09,SBIN.NS,upper,False,
2021-07-09,SBIN.NS,lower,False,
2021-07-09,TATAMOTORS.NS,upper,False,
2021-07-09,TATAMOTORS.NS,lower,False,
2021-07-12,HINDUNILVR.NS,upper,False,
2021-07-12,HINDUNILVR.NS,lower,False,
2021-07-12,INFY.NS,upper,False,
2021-07-12,INFY.NS,lower,False,
2021-07-12,SBIN.NS,upper,False,
2021-07-12,SBIN.NS,lower,False,
2021-07-12,TATAMOTORS.NS,upper,False,
2021-07-12,TATAMOTORS.NS,lower,False,
2021-07-13,HINDUNILVR.NS,upper,False,
2021-07-13,HINDUNILVR.NS,lower,False,
2021-07-13,INFY.NS,upper,False,
2021-07-13,INFY.NS,lower,False,
2021-07-13,SBIN.NS,upper,False,
2021-07-13,SBIN.NS,lower,False,
2021-07-13,TATAMOTORS.NS,upper,False,
2021-07-13,TATAMOTORS.NS,lower,False,
2021-07-14,HINDUNILVR.NS,upper,False,
2021-07-14,HINDUNILVR.NS,lower,False,
2021-07-14,INFY.NS,upper,False,
2021-07-14,INFY.NS,lower,False,
2021-07-14,SBIN.NS,upper,False,
2021-07-14,SBIN.NS,lower,True,sparse
2021-07-14,TATAMOTORS.NS,upper,False,
2021-07-14,TATAMOTORS.NS,lower,False,
2021-07-15,HINDUNILVR.NS,upper,False,
2021-07-15,HINDUNILVR.NS,lower,False,
2021-07-15,INFY.NS,upper,False,
2021-07-15,INFY.NS,lower,False,
2021-07-15,SBIN.NS,upper,False,
2021-07-15,SBIN.NS,lower,False,
2021-07-15,TATAMOTORS.NS,upper,False,
2021-07-15,TATAMOTORS.NS,lower,False,
2021-07-16,HINDUNILVR.NS,upper,False,
2021-07-16,HINDUNILVR.NS,lower,False,
2021-07-16,INFY.NS,upper,False,
2021-07-16,INFY.NS,lower,False,
2021-07-16,SBIN.NS,upper,False,
2021-07-16,SBIN.NS,lower,True,sparse
2021-07-16,TATAMOTORS.NS,upper,False,
2021-07-16,TATAMOTORS.NS,lower,False,
2021-07-19,HINDUNILVR.NS,upper,False,
2021-07-19,HINDUNILVR.NS,lower,False,
2021-07-19,INFY.NS,upper,False,
2021-07-19,INFY.NS,lower,False,
2021-07-19,SBIN.NS,upper,False,
2021-07-19,SBIN.NS,lower,False,
2021-07-19,TATAMOTORS.NS,upper,False,
2021-07-19,TATAMOTORS.NS,lower,False,
2021-07-20,HINDUNILVR.NS,upper,False,
2021-07-20,HINDUNILVR.NS,lower,False,
2021-07-20,INFY.NS,upper,False,
2021-07-20,INFY.NS,lower,False,
2021-07-20,SBIN.NS,upper,False,
2021-07-20,SBIN.NS,lower,False,
2021-07-20,TATAMOTORS.NS,upper,False,
2021-07-20,TATAMOTORS.NS,lower,False,
2021-07-22,HINDUNILVR.NS,upper,False,
2021-07-22,HINDUNILVR.NS,lower,False,
2021-07-22,INFY.NS,upper,False,
2021-07-22,INFY.NS,lower,False,
2021-07-22,SBIN.NS,upper,False,
2021-07-22,SBIN.NS,lower,True,sparse
2021-07-22,TATAMOTORS.NS,upper,False,
2021-07-22,TATAMOTORS.NS,lower,False,
2021-07-23,HINDUNILVR.NS,upper,False,
2021-07-23,HINDUNILVR.NS,lower,False,
2021-07-23,INFY.NS,upper,False,
2021-07-23,INFY.NS,lower,False,
2021-07-23,SBIN.NS,upper,False,
2021-07-23,SBIN.NS,lower,True,sparse
2021-07-23,TATAMOTORS.NS,upper,False,
2021-07-23,TATAMOTORS.NS,lower,False,
2021-07-26,HINDUNILVR.NS,upper,False,
2021-07-26,HINDUNILVR.NS,lower,False,
2021-07-26,INFY.NS,upper,False,
2021-07-26,INFY.NS,lower,False,
2021-07-26,SBIN.NS,upper,False,
2021-07-26,SBIN.NS,lower,True,sparse
2021-07-26,TATAMOTORS.NS,upper,False,
2021-07-26,TATAMOTORS.NS,lower,False,
2021-07-27,HINDUNILVR.NS,upper,False,
2021-07-27,HINDUNILVR.NS,lower,False,
2021-07-27,INFY.NS,upper,False,
2021-07-27,INFY.NS,lower,False,
2021-07-27,SBIN.NS,upper,False,
2021-07-27,SBIN.NS,lower,True,sparse
2021-07-27,TATAMOTORS.NS,upper,False,
2021-07-27,TATAMOTORS.NS,lower,False,
2021-07-28,HINDUNILVR.NS,upper,False,
2021-07-28,HINDUNILVR.NS,lower,False,
2021-07-28,INFY.NS,upper,False,
2021-07-28,INFY.NS,lower,False,
2021-07-28,SBIN.NS,upper,False,
2021-07-28,SBIN.NS,lower,True,sparse
2021-07-28,TATAMOTORS.NS,upper,False,
2021-07-28,TATAMOTORS.NS,lower,False,
2021-07-29,HINDUNILVR.NS,upper,False,
2021-07-29,HINDUNILVR.NS,lower,False,
2021-07-29,INFY.NS,upper,False,
2021-07-29,INFY.NS,lower,False,
2021-07-29,SBIN.NS,upper,False,
2021-07-29,SBIN.NS,lower,True,sparse
2021-07-29,TATAMOTORS.NS,upper,False,
2021-07-29,TATAMOTORS.NS,lower,False,
2021-07-30,HINDUNILVR.NS,upper,False,
2021-07-30,HINDUNILVR.NS,lower,False,
2021-07-30,INFY.NS,upper,False,
2021-07-30,INFY.NS,lower,False,
2021-07-30,SBIN.NS,upper,False,
2021-07-30,SBIN.NS,lower,False,
2021-07-30,TATAMOTORS.NS,upper,False,
2021-07-30,TATAMOTORS.NS,lower,False,
2021-08-02,HINDUNILVR.NS,upper,False,
2021-08-02,HINDUNILVR.NS,lower,False,
2021-08-02,INFY.NS,upper,False,
2021-08-02,INFY.NS,lower,False,
2021-08-02,SBIN.NS,upper,False,
2021-08-02,SBIN.NS,lower,True,sparse
2021-08-02,TATAMOTORS.NS,upper,False,
2021-08-02,TATAMOTORS.NS,lower,False,
2021-08-03,HINDUNILVR.NS,upper,False,
2021-08-03,HINDUNILVR.NS,lower,False,
2021-08-03,INFY.NS,upper,False,
2021-08-03,INFY.NS,lower,False,
2021-08-03,SBIN.NS,upper,False,
2021-08-03,SBIN.NS,lower,True,sparse
2021-08-03,TATAMOTORS.NS,upper,False,
2021-08-03,TATAMOTORS.NS,lower,False,
2021-08-04,HINDUNILVR.NS,upper,False,
2021-08-04,HINDUNILVR.NS,lower,False,
2021-08-04,INFY.NS,upper,False,
2021-08-04,INFY.NS,lower,False,
2021-08-04,SBIN.NS,upper,False,
2021-08-04,SBIN.NS,lower,True,sparse
2021-08-04,TATAMOTORS.NS,upper,False,
2021-08-04,TATAMOTORS.NS,lower,False,
2021-08-05,HINDUNILVR.NS,upper,False,
2021-08-05,HINDUNILVR.NS,lower,False,
2021-08-05,INFY.NS,upper,False,
2021-08-05,INFY.NS,lower,False,
2021-08-05,SBIN.NS,upper,False,
2021-08-05,SBIN.NS,lower,False,
2021-08-05,TATAMOTORS.NS,upper,False,
2021-08-05,TATAMOTORS.NS,lower,False,
2021-08-06,HINDUNILVR.NS,upper,False,
2021-08-06,HINDUNILVR.NS,lower,False,
2021-08-06,INFY.NS,upper,False,
2021-08-06,INFY.NS,lower,False,
2021-08-06,SBIN.NS,upper,False,
2021-08-06,SBIN.NS,lower,True,sparse
2021-08-06,TATAMOTORS.NS,upper,False,
2021-08-06,TATAMOTORS.NS,lower,False,
2021-08-09,HINDUNILVR.NS,upper,False,
2021-08-09,HINDUNILVR.NS,lower,False,
2021-08-09,INFY.NS,upper,False,
2021-08-09,INFY.NS,lower,False,
2021-08-09,SBIN.NS,upper,False,
2021-08-09,SBIN.NS,lower,True,sparse
2021-08-09,TATAMOTORS.NS,upper,False,
2021-08-09,TATAMOTORS.NS,lower,False,
2021-08-10,HINDUNILVR.NS,upper,False,
2021-08-10,HINDUNILVR.NS,lower,False,
2021-08-10,INFY.NS,upper,False,
2021-08-10,INFY.NS,lower,False,
2021-08-10,SBIN.NS,upper,False,
2021-08-10,SBIN.NS,lower,True,sparse
2021-08-10,TATAMOTORS.NS,upper,False,
2021-08-10,TATAMOTORS.NS,lower,False,
2021-08-11,HINDUNILVR.NS,upper,False,
2021-08-11,HINDUNILVR.NS,lower,False,
2021-08-11,INFY.NS,upper,False,
2021-08-11,INFY.NS,lower,False,
2021-08-11,SBIN.NS,upper,False,
2021-08-11,SBIN.NS,lower,True,sparse
2021-08-11,TATAMOTORS.NS,upper,False,
2021-08-11,TATAMOTORS.NS,lower,False,
2021-08-12,HINDUNILVR.NS,upper,False,
2021-08-12,HINDUNILVR.NS,lower,False,
2021-08-12,INFY.NS,upper,False,
2021-08-12,INFY.NS,lower,False,
2021-08-12,SBIN.NS,upper,False,
2021-08-12,SBIN.NS,lower,True,sparse
2021-08-12,TATAMOTORS.NS,upper,False,
2021-08-12,TATAMOTORS.NS,lower,False,
2021-08-13,HINDUNILVR.NS,upper,False,
2021-08-13,HINDUNILVR.NS,lower,False,
2021-08-13,INFY.NS,upper,False,
2021-08-13,INFY.NS,lower,False,
2021-08-13,SBIN.NS,upper,False,
2021-08-13,SBIN.NS,lower,True,sparse
2021-08-13,TATAMOTORS.NS,upper,False,
2021-08-13,TATAMOTORS.NS,lower,False,
2021-08-16,HINDUNILVR.NS,upper,False,
2021-08-16,HINDUNILVR.NS,lower,False,
2021-08-16,INFY.NS,upper,False,
2021-08-16,INFY.NS,lower,False,
2021-08-16,SBIN.NS,upper,False,
2021-08-16,SBIN.NS,lower,True,sparse
2021-08-16,TATAMOTORS.NS,upper,False,
2021-08-16,TATAMOTORS.NS,lower,False,
2021-08-17,HINDUNILVR.NS,upper,False,
2021-08-17,HINDUNILVR.NS,lower,False,
2021-08-17,INFY.NS,upper,False,
2021-08-17,INFY.NS,lower,False,
2021-08-17,SBIN.NS,upper,False,
2021-08-17,SBIN.NS,lower,True,sparse
2021-08-17,TATAMOTORS.NS,upper,False,
2021-08-17,TATAMOTORS.NS,lower,False,
2021-08-18,HINDUNILVR.NS,upper,False,
2021-08-18,HINDUNILVR.NS,lower,False,
2021-08-18,INFY.NS,upper,False,
2021-08-18,INFY.NS,lower,False,
2021-08-18,SBIN.NS,upper,False,
2021-08-18,SBIN.NS,lower,True,sparse
2021-08-18,TATAMOTORS.NS,upper,False,
2021-08-18,TATAMOTORS.NS,lower,False,
2021-08-20,HINDUNILVR.NS,upper,False,
2021-08-20,HINDUNILVR.NS,lower,False,
2021-08-20,INFY.NS,upper,False,
2021-08-20,INFY.NS,lower,False,
2021-08-20,SBIN.NS,upper,False,
2021-08-20,SBIN.NS,lower,True,sparse
2021-08-20,TATAMOTORS.NS,upper,False,
2021-08-20,TATAMOTORS.NS,lower,False,
2021-08-23,HINDUNILVR.NS,upper,False,
2021-08-23,HINDUNILVR.NS,lower,False,
2021-08-23,INFY.NS,upper,False,
2021-08-23,INFY.NS,lower,False,
2021-08-23,SBIN.NS,upper,False,
2021-08-23,SBIN.NS,lower,True,sparse
2021-08-23,TATAMOTORS.NS,upper,False,
2021-08-23,TATAMOTORS.NS,lower,False,
2021-08-24,HINDUNILVR.NS,upper,False,
2021-08-24,HINDUNILVR.NS,lower,False,
2021-08-24,INFY.NS,upper,False,
2021-08-24,INFY.NS,lower,False,
2021-08-24,SBIN.NS,upper,False,
2021-08-24,SBIN.NS,lower,True,sparse
2021-08-24,TATAMOTORS.NS,upper,False,
2021-08-24,TATAMOTORS.NS,lower,False,
2021-08-25,HINDUNILVR.NS,upper,False,
2021-08-25,HINDUNILVR.NS,lower,False,
2021-08-25,INFY.NS,upper,False,
2021-08-25,INFY.NS,lower,False,
2021-08-25,SBIN.NS,upper,False,
2021-08-25,SBIN.NS,lower,True,sparse
2021-08-25,TATAMOTORS.NS,upper,False,
2021-08-25,TATAMOTORS.NS,lower,False,
2021-08-26,HINDUNILVR.NS,upper,False,
2021-08-26,HINDUNILVR.NS,lower,False,
2021-08-26,INFY.NS,upper,False,
2021-08-26,INFY.NS,lower,False,
2021-08-26,SBIN.NS,upper,False,
2021-08-26,SBIN.NS,lower,True,sparse
2021-08-26,TATAMOTORS.NS,upper,False,
2021-08-26,TATAMOTORS.NS,lower,False,
2021-08-27,HINDUNILVR.NS,upper,False,
2021-08-27,HINDUNILVR.NS,lower,False,
2021-08-27,INFY.NS,upper,False,
2021-08-27,INFY.NS,lower,False,
2021-08-27,SBIN.NS,upper,False,
2021-08-27,SBIN.NS,lower,True,sparse
2021-08-27,TATAMOTORS.NS,upper,False,
2021-08-27,TATAMOTORS.NS,lower,False,
2021-08-30,HINDUNILVR.NS,upper,False,
2021-08-30,HINDUNILVR.NS,lower,False,
2021-08-30,INFY.NS,upper,False,
2021-08-30,INFY.NS,lower,False,
2021-08-30,SBIN.NS,upper,False,
2021-08-30,SBIN.NS,lower,True,sparse
2021-08-30,TATAMOTORS.NS,upper,False,
2021-08-30,TATAMOTORS.NS,lower,False,
2021-08-31,HINDUNILVR.NS,upper,False,
2021-08-31,HINDUNILVR.NS,lower,False,
2021-08-31,INFY.NS,upper,False,
2021-08-31,INFY.NS,lower,False,
2021-08-31,SBIN.NS,upper,False,
2021-08-31,SBIN.NS,lower,False,
2021-08-31,TATAMOTORS.NS,upper,False,
2021-08-31,TATAMOTORS.NS,lower,False,
2021-09-01,HINDUNILVR.NS,upper,False,
2021-09-01,HINDUNILVR.NS,lower,False,
2021-09-01,INFY.NS,upper,False,
2021-09-01,INFY.NS,lower,False,
2021-09-01,SBIN.NS,upper,False,
2021-09-01,SBIN.NS,lower,False,
2021-09-01,TATAMOTORS.NS,upper,False,
2021-09-01,TATAMOTORS.NS,lower,False,
2021-09-02,HINDUNILVR.NS,upper,False,
2021-09-02,HINDUNILVR.NS,lower,False,
2021-09-02,INFY.NS,upper,False,
2021-09-02,INFY.NS,lower,False,
2021-09-02,SBIN.NS,upper,False,
2021-09-02,SBIN.NS,lower,False,
2021-09-02,TATAMOTORS.NS,upper,False,
2021-09-02,TATAMOTORS.NS,lower,False,
2021-09-03,HINDUNILVR.NS,upper,False,
2021-09-03,HINDUNILVR.NS,lower,False,
2021-09-03,INFY.NS,upper,False,
2021-09-03,INFY.NS,lower,False,
2021-09-03,SBIN.NS,upper,False,
2021-09-03,SBIN.NS,lower,False,
2021-09-03,TATAMOTORS.NS,upper,False,
2021-09-03,TATAMOTORS.NS,lower,False,
2021-09-06,HINDUNILVR.NS,upper,False,
2021-09-06,HINDUNILVR.NS,lower,False,
2021-09-06,INFY.NS,upper,False,
2021-09-06,INFY.NS,lower,False,
2021-09-06,SBIN.NS,upper,False,
2021-09-06,SBIN.NS,lower,False,
2021-09-06,TATAMOTORS.NS,upper,False,
2021-09-06,TATAMOTORS.NS,lower,False,
2021-09-07,HINDUNILVR.NS,upper,False,
2021-09-07,HINDUNILVR.NS,lower,False,
2021-09-07,INFY.NS,upper,False,
2021-09-07,INFY.NS,lower,False,
2021-09-07,SBIN.NS,upper,False,
2021-09-07,SBIN.NS,lower,False,
2021-09-07,TATAMOTORS.NS,upper,False,
2021-09-07,TATAMOTORS.NS,lower,False,
2021-09-08,HINDUNILVR.NS,upper,False,
2021-09-08,HINDUNILVR.NS,lower,False,
2021-09-08,INFY.NS,upper,False,
2021-09-08,INFY.NS,lower,False,
2021-09-08,SBIN.NS,upper,False,
2021-09-08,SBIN.NS,lower,False,
2021-09-08,TATAMOTORS.NS,upper,False,
2021-09-08,TATAMOTORS.NS,lower,False,
2021-09-09,HINDUNILVR.NS,upper,False,
2021-09-09,HINDUNILVR.NS,lower,False,
2021-09-09,INFY.NS,upper,False,
2021-09-09,INFY.NS,lower,False,
2021-09-09,SBIN.NS,upper,False,
2021-09-09,SBIN.NS,lower,False,
2021-09-09,TATAMOTORS.NS,upper,False,
2021-09-09,TATAMOTORS.NS,lower,False,
2021-09-13,HINDUNILVR.NS,upper,False,
2021-09-13,HINDUNILVR.NS,lower,False,
2021-09-13,INFY.NS,upper,False,
2021-09-13,INFY.NS,lower,False,
2021-09-13,SBIN.NS,upper,False,
2021-09-13,SBIN.NS,lower,False,
2021-09-13,TATAMOTORS.NS,upper,False,
2021-09-13,TATAMOTORS.NS,lower,False,
2021-09-14,HINDUNILVR.NS,upper,False,
2021-09-14,HINDUNILVR.NS,lower,False,
2021-09-14,INFY.NS,upper,False,
2021-09-14,INFY.NS,lower,False,
2021-09-14,SBIN.NS,upper,False,
2021-09-14,SBIN.NS,lower,False,
2021-09-14,TATAMOTORS.NS,upper,False,
2021-09-14,TATAMOTORS.NS,lower,False,
2021-09-15,HINDUNILVR.NS,upper,False,
2021-09-15,HINDUNILVR.NS,lower,False,
2021-09-15,INFY.NS,upper,True,sparse
2021-09-15,INFY.NS,lower,False,
2021-09-15,SBIN.NS,upper,False,
2021-09-15,SBIN.NS,lower,True,sparse
2021-09-15,TATAMOTORS.NS,upper,False,
2021-09-15,TATAMOTORS.NS,lower,False,
2021-09-16,HINDUNILVR.NS,upper,False,
2021-09-16,HINDUNILVR.NS,lower,False,
2021-09-16,INFY.NS,upper,False,
2021-09-16,INFY.NS,lower,False,
2021-09-16,SBIN.NS,upper,False,
2021-09-16,SBIN.NS,lower,False,
2021-09-16,TATAMOTORS.NS,upper,False,
2021-09-16,TATAMOTORS.NS,lower,False,
2021-09-17,HINDUNILVR.NS,upper,False,
2021-09-17,HINDUNILVR.NS,lower,False,
2021-09-17,INFY.NS,upper,False,
2021-09-17,INFY.NS,lower,False,
2021-09-17,SBIN.NS,upper,False,
2021-09-17,SBIN.NS,lower,False,
2021-09-17,TATAMOTORS.NS,upper,False,
2021-09-17,TATAMOTORS.NS,lower,False,
2021-09-20,HINDUNILVR.NS,upper,False,
2021-09-20,HINDUNILVR.NS,lower,False,
2021-09-20,INFY.NS,upper,False,
2021-09-20,INFY.NS,lower,False,
2021-09-20,SBIN.NS,upper,False,
2021-09-20,SBIN.NS,lower,False,
2021-09-20,TATAMOTORS.NS,upper,False,
2021-09-20,TATAMOTORS.NS,lower,False,
2021-09-21,HINDUNILVR.NS,upper,False,
2021-09-21,HINDUNILVR.NS,lower,False,
2021-09-21,INFY.NS,upper,False,
2021-09-21,INFY.NS,lower,False,
2021-09-21,SBIN.NS,upper,False,
2021-09-21,SBIN.NS,lower,True,sparse
2021-09-21,TATAMOTORS.NS,upper,False,
2021-09-21,TATAMOTORS.NS,lower,False,
2021-09-22,HINDUNILVR.NS,upper,False,
2021-09-22,HINDUNILVR.NS,lower,False,
2021-09-22,INFY.NS,upper,False,
2021-09-22,INFY.NS,lower,False,
2021-09-22,SBIN.NS,upper,False,
2021-09-22,SBIN.NS,lower,True,sparse
2021-09-22,TATAMOTORS.NS,upper,False,
2021-09-22,TATAMOTORS.NS,lower,False,
2021-09-23,HINDUNILVR.NS,upper,False,
2021-09-23,HINDUNILVR.NS,lower,False,
2021-09-23,INFY.NS,upper,False,
2021-09-23,INFY.NS,lower,False,
2021-09-23,SBIN.NS,upper,False,
2021-09-23,SBIN.NS,lower,False,
2021-09-23,TATAMOTORS.NS,upper,False,
2021-09-23,TATAMOTORS.NS,lower,False,
2021-09-24,HINDUNILVR.NS,upper,False,
2021-09-24,HINDUNILVR.NS,lower,False,
2021-09-24,INFY.NS,upper,False,
2021-09-24,INFY.NS,lower,False,
2021-09-24,SBIN.NS,upper,False,
2021-09-24,SBIN.NS,lower,False,
2021-09-24,TATAMOTORS.NS,upper,False,
2021-09-24,TATAMOTORS.NS,lower,False,
2021-09-27,HINDUNILVR.NS,upper,False,
2021-09-27,HINDUNILVR.NS,lower,False,
2021-09-27,INFY.NS,upper,False,
2021-09-27,INFY.NS,lower,False,
2021-09-27,SBIN.NS,upper,False,
2021-09-27,SBIN.NS,lower,True,invalid
2021-09-27,TATAMOTORS.NS,upper,False,
2021-09-27,TATAMOTORS.NS,lower,False,
2021-09-28,HINDUNILVR.NS,upper,False,
2021-09-28,HINDUNILVR.NS,lower,False,
2021-09-28,INFY.NS,upper,True,sparse
2021-09-28,INFY.NS,lower,False,
2021-09-28,SBIN.NS,upper,False,
2021-09-28,SBIN.NS,lower,True,invalid
2021-09-28,TATAMOTORS.NS,upper,False,
2021-09-28,TATAMOTORS.NS,lower,False,
2021-09-29,HINDUNILVR.NS,upper,False,
2021-09-29,HINDUNILVR.NS,lower,False,
2021-09-29,INFY.NS,upper,True,sparse
2021-09-29,INFY.NS,lower,False,
2021-09-29,SBIN.NS,upper,False,
2021-09-29,SBIN.NS,lower,False,
2021-09-29,TATAMOTORS.NS,upper,False,
2021-09-29,TATAMOTORS.NS,lower,False,
2021-09-30,HINDUNILVR.NS,upper,False,
2021-09-30,HINDUNILVR.NS,lower,False,
2021-09-30,INFY.NS,upper,True,sparse
2021-09-30,INFY.NS,lower,False,
2021-09-30,SBIN.NS,upper,False,
2021-09-30,SBIN.NS,lower,True,sparse
2021-09-30,TATAMOTORS.NS,upper,False,
2021-09-30,TATAMOTORS.NS,lower,False,
2021-10-01,HINDUNILVR.NS,upper,False,
2021-10-01,HINDUNILVR.NS,lower,True,sparse
2021-10-01,INFY.NS,upper,True,sparse
2021-10-01,INFY.NS,lower,False,
2021-10-01,SBIN.NS,upper,False,
2021-10-01,SBIN.NS,lower,False,
2021-10-01,TATAMOTORS.NS,upper,False,
2021-10-01,TATAMOTORS.NS,lower,False,
2021-10-04,HINDUNILVR.NS,upper,False,
2021-10-04,HINDUNILVR.NS,lower,True,sparse
2021-10-04,INFY.NS,upper,False,
2021-10-04,INFY.NS,lower,False,
2021-10-04,SBIN.NS,upper,False,
2021-10-04,SBIN.NS,lower,False,
2021-10-04,TATAMOTORS.NS,upper,False,
2021-10-04,TATAMOTORS.NS,lower,False,
2021-10-05,HINDUNILVR.NS,upper,False,
2021-10-05,HINDUNILVR.NS,lower,False,
2021-10-05,INFY.NS,upper,True,sparse
2021-10-05,INFY.NS,lower,False,
2021-10-05,SBIN.NS,upper,False,
2021-10-05,SBIN.NS,lower,False,
2021-10-05,TATAMOTORS.NS,upper,False,
2021-10-05,TATAMOTORS.NS,lower,False,
2021-10-06,HINDUNILVR.NS,upper,False,
2021-10-06,HINDUNILVR.NS,lower,False,
2021-10-06,INFY.NS,upper,False,
2021-10-06,INFY.NS,lower,False,
2021-10-06,SBIN.NS,upper,False,
2021-10-06,SBIN.NS,lower,False,
2021-10-06,TATAMOTORS.NS,upper,False,
2021-10-06,TATAMOTORS.NS,lower,False,
2021-10-07,HINDUNILVR.NS,upper,False,
2021-10-07,HINDUNILVR.NS,lower,True,sparse
2021-10-07,INFY.NS,upper,False,
2021-10-07,INFY.NS,lower,False,
2021-10-07,SBIN.NS,upper,False,
2021-10-07,SBIN.NS,lower,False,
2021-10-07,TATAMOTORS.NS,upper,False,
2021-10-07,TATAMOTORS.NS,lower,False,
2021-10-08,HINDUNILVR.NS,upper,False,
2021-10-08,HINDUNILVR.NS,lower,False,
2021-10-08,INFY.NS,upper,False,
2021-10-08,INFY.NS,lower,False,
2021-10-08,SBIN.NS,upper,False,
2021-10-08,SBIN.NS,lower,False,
2021-10-08,TATAMOTORS.NS,upper,False,
2021-10-08,TATAMOTORS.NS,lower,False,
2021-10-11,HINDUNILVR.NS,upper,False,
2021-10-11,HINDUNILVR.NS,lower,False,
2021-10-11,INFY.NS,upper,False,
2021-10-11,INFY.NS,lower,False,
2021-10-11,SBIN.NS,upper,False,
2021-10-11,SBIN.NS,lower,False,
2021-10-11,TATAMOTORS.NS,upper,False,
2021-10-11,TATAMOTORS.NS,lower,False,
2021-10-12,HINDUNILVR.NS,upper,False,
2021-10-12,HINDUNILVR.NS,lower,False,
2021-10-12,INFY.NS,upper,False,
2021-10-12,INFY.NS,lower,False,
2021-10-12,SBIN.NS,upper,False,
2021-10-12,SBIN.NS,lower,True,sparse
2021-10-12,TATAMOTORS.NS,upper,False,
2021-10-12,TATAMOTORS.NS,lower,False,
2021-10-13,HINDUNILVR.NS,upper,False,
2021-10-13,HINDUNILVR.NS,lower,False,
2021-10-13,INFY.NS,upper,False,
2021-10-13,INFY.NS,lower,False,
2021-10-13,SBIN.NS,upper,False,
2021-10-13,SBIN.NS,lower,True,sparse
2021-10-13,TATAMOTORS.NS,upper,False,
2021-10-13,TATAMOTORS.NS,lower,False,
2021-10-14,HINDUNILVR.NS,upper,False,
2021-10-14,HINDUNILVR.NS,lower,False,
2021-10-14,INFY.NS,upper,False,
2021-10-14,INFY.NS,lower,False,
2021-10-14,SBIN.NS,upper,False,
2021-10-14,SBIN.NS,lower,True,sparse
2021-10-14,TATAMOTORS.NS,upper,False,
2021-10-14,TATAMOTORS.NS,lower,False,
2021-10-18,HINDUNILVR.NS,upper,False,
2021-10-18,HINDUNILVR.NS,lower,True,sparse
2021-10-18,INFY.NS,upper,False,
2021-10-18,INFY.NS,lower,False,
2021-10-18,SBIN.NS,upper,False,
2021-10-18,SBIN.NS,lower,True,sparse
2021-10-18,TATAMOTORS.NS,upper,False,
2021-10-18,TATAMOTORS.NS,lower,False,
2021-10-19,HINDUNILVR.NS,upper,False,
2021-10-19,HINDUNILVR.NS,lower,False,
2021-10-19,INFY.NS,upper,False,
2021-10-19,INFY.NS,lower,False,
2021-10-19,SBIN.NS,upper,False,
2021-10-19,SBIN.NS,lower,False,
2021-10-19,TATAMOTORS.NS,upper,False,
2021-10-19,TATAMOTORS.NS,lower,False,
2021-10-20,HINDUNILVR.NS,upper,False,
2021-10-20,HINDUNILVR.NS,lower,False,
2021-10-20,INFY.NS,upper,False,
2021-10-20,INFY.NS,lower,False,
2021-10-20,SBIN.NS,upper,False,
2021-10-20,SBIN.NS,lower,False,
2021-10-20,TATAMOTORS.NS,upper,False,
2021-10-20,TATAMOTORS.NS,lower,False,
2021-10-21,HINDUNILVR.NS,upper,False,
2021-10-21,HINDUNILVR.NS,lower,False,
2021-10-21,INFY.NS,upper,False,
2021-10-21,INFY.NS,lower,False,
2021-10-21,SBIN.NS,upper,False,
2021-10-21,SBIN.NS,lower,False,
2021-10-21,TATAMOTORS.NS,upper,True,sparse
2021-10-21,TATAMOTORS.NS,lower,False,
2021-10-22,HINDUNILVR.NS,upper,False,
2021-10-22,HINDUNILVR.NS,lower,False,
2021-10-22,INFY.NS,upper,False,
2021-10-22,INFY.NS,lower,False,
2021-10-22,SBIN.NS,upper,False,
2021-10-22,SBIN.NS,lower,False,
2021-10-22,TATAMOTORS.NS,upper,False,
2021-10-22,TATAMOTORS.NS,lower,False,
2021-10-25,HINDUNILVR.NS,upper,False,
2021-10-25,HINDUNILVR.NS,lower,False,
2021-10-25,INFY.NS,upper,False,
2021-10-25,INFY.NS,lower,False,
2021-10-25,SBIN.NS,upper,False,
2021-10-25,SBIN.NS,lower,True,sparse
2021-10-25,TATAMOTORS.NS,upper,False,
2021-10-25,TATAMOTORS.NS,lower,False,
2021-10-26,HINDUNILVR.NS,upper,False,
2021-10-26,HINDUNILVR.NS,lower,False,
2021-10-26,INFY.NS,upper,False,
2021-10-26,INFY.NS,lower,False,
2021-10-26,SBIN.NS,upper,False,
2021-10-26,SBIN.NS,lower,True,sparse
2021-10-26,TATAMOTORS.NS,upper,True,sparse
2021-10-26,TATAMOTORS.NS,lower,False,
2021-10-27,HINDUNILVR.NS,upper,False,
2021-10-27,HINDUNILVR.NS,lower,False,
2021-10-27,INFY.NS,upper,False,
2021-10-27,INFY.NS,lower,False,
2021-10-27,SBIN.NS,upper,False,
2021-10-27,SBIN.NS,lower,True,sparse
2021-10-27,TATAMOTORS.NS,upper,True,sparse
2021-10-27,TATAMOTORS.NS,lower,False,
2021-10-28,HINDUNILVR.NS,upper,False,
2021-10-28,HINDUNILVR.NS,lower,False,
2021-10-28,INFY.NS,upper,False,
2021-10-28,INFY.NS,lower,False,
2021-10-28,SBIN.NS,upper,False,
2021-10-28,SBIN.NS,lower,True,sparse
2021-10-28,TATAMOTORS.NS,upper,True,sparse
2021-10-28,TATAMOTORS.NS,lower,False,
2021-10-29,HINDUNILVR.NS,upper,False,
2021-10-29,HINDUNILVR.NS,lower,False,
2021-10-29,INFY.NS,upper,False,
2021-10-29,INFY.NS,lower,False,
2021-10-29,SBIN.NS,upper,False,
2021-10-29,SBIN.NS,lower,True,sparse
2021-10-29,TATAMOTORS.NS,upper,True,sparse
2021-10-29,TATAMOTORS.NS,lower,False,
2021-11-01,HINDUNILVR.NS,upper,False,
2021-11-01,HINDUNILVR.NS,lower,False,
2021-11-01,INFY.NS,upper,False,
2021-11-01,INFY.NS,lower,False,
2021-11-01,SBIN.NS,upper,False,
2021-11-01,SBIN.NS,lower,False,
2021-11-01,TATAMOTORS.NS,upper,True,sparse
2021-11-01,TATAMOTORS.NS,lower,False,
2021-11-02,HINDUNILVR.NS,upper,False,
2021-11-02,HINDUNILVR.NS,lower,False,
2021-11-02,INFY.NS,upper,False,
2021-11-02,INFY.NS,lower,False,
2021-11-02,SBIN.NS,upper,False,
2021-11-02,SBIN.NS,lower,False,
2021-11-02,TATAMOTORS.NS,upper,False,
2021-11-02,TATAMOTORS.NS,lower,False,
2021-11-03,HINDUNILVR.NS,upper,False,
2021-11-03,HINDUNILVR.NS,lower,False,
2021-11-03,INFY.NS,upper,False,
2021-11-03,INFY.NS,lower,False,
2021-11-03,SBIN.NS,upper,False,
2021-11-03,SBIN.NS,lower,False,
2021-11-03,TATAMOTORS.NS,upper,False,
2021-11-03,TATAMOTORS.NS,lower,False,
2021-11-04,HINDUNILVR.NS,upper,False,
2021-11-04,HINDUNILVR.NS,lower,False,
2021-11-04,INFY.NS,upper,False,
2021-11-04,INFY.NS,lower,False,
2021-11-04,SBIN.NS,upper,False,
2021-11-04,SBIN.NS,lower,False,
2021-11-04,TATAMOTORS.NS,upper,False,
2021-11-04,TATAMOTORS.NS,lower,False,
2021-11-08,HINDUNILVR.NS,upper,False,
2021-11-08,HINDUNILVR.NS,lower,True,sparse
2021-11-08,INFY.NS,upper,False,
2021-11-08,INFY.NS,lower,False,
2021-11-08,SBIN.NS,upper,False,
2021-11-08,SBIN.NS,lower,True,sparse
2021-11-08,TATAMOTORS.NS,upper,False,
2021-11-08,TATAMOTORS.NS,lower,False,
2021-11-09,HINDUNILVR.NS,upper,False,
2021-11-09,HINDUNILVR.NS,lower,False,
2021-11-09,INFY.NS,upper,True,invalid
2021-11-09,INFY.NS,lower,False,
2021-11-09,SBIN.NS,upper,False,
2021-11-09,SBIN.NS,lower,False,
2021-11-09,TATAMOTORS.NS,upper,False,
2021-11-09,TATAMOTORS.NS,lower,False,
2021-11-10,HINDUNILVR.NS,upper,False,
2021-11-10,HINDUNILVR.NS,lower,False,
2021-11-10,INFY.NS,upper,False,
2021-11-10,INFY.NS,lower,False,
2021-11-10,SBIN.NS,upper,False,
2021-11-10,SBIN.NS,lower,False,
2021-11-10,TATAMOTORS.NS,upper,False,
2021-11-10,TATAMOTORS.NS,lower,False,
2021-11-11,HINDUNILVR.NS,upper,False,
2021-11-11,HINDUNILVR.NS,lower,False,
2021-11-11,INFY.NS,upper,False,
2021-11-11,INFY.NS,lower,False,
2021-11-11,SBIN.NS,upper,False,
2021-11-11,SBIN.NS,lower,False,
2021-11-11,TATAMOTORS.NS,upper,False,
2021-11-11,TATAMOTORS.NS,lower,False,
2021-11-12,HINDUNILVR.NS,upper,False,
2021-11-12,HINDUNILVR.NS,lower,False,
2021-11-12,INFY.NS,upper,False,
2021-11-12,INFY.NS,lower,False,
2021-11-12,SBIN.NS,upper,False,
2021-11-12,SBIN.NS,lower,False,
2021-11-12,TATAMOTORS.NS,upper,False,
2021-11-12,TATAMOTORS.NS,lower,False,
2021-11-15,HINDUNILVR.NS,upper,False,
2021-11-15,HINDUNILVR.NS,lower,False,
2021-11-15,INFY.NS,upper,False,
2021-11-15,INFY.NS,lower,False,
2021-11-15,SBIN.NS,upper,True,invalid
2021-11-15,SBIN.NS,lower,True,sparse
2021-11-15,TATAMOTORS.NS,upper,False,
2021-11-15,TATAMOTORS.NS,lower,False,
2021-11-16,HINDUNILVR.NS,upper,False,
2021-11-16,HINDUNILVR.NS,lower,False,
2021-11-16,INFY.NS,upper,False,
2021-11-16,INFY.NS,lower,False,
2021-11-16,SBIN.NS,upper,False,
2021-11-16,SBIN.NS,lower,False,
2021-11-16,TATAMOTORS.NS,upper,False,
2021-11-16,TATAMOTORS.NS,lower,False,
2021-11-17,HINDUNILVR.NS,upper,False,
2021-11-17,HINDUNILVR.NS,lower,False,
2021-11-17,INFY.NS,upper,False,
2021-11-17,INFY.NS,lower,False,
2021-11-17,SBIN.NS,upper,True,invalid
2021-11-17,SBIN.NS,lower,True,sparse
2021-11-17,TATAMOTORS.NS,upper,False,
2021-11-17,TATAMOTORS.NS,lower,False,
2021-11-18,HINDUNILVR.NS,upper,False,
2021-11-18,HINDUNILVR.NS,lower,False,
2021-11-18,INFY.NS,upper,False,
2021-11-18,INFY.NS,lower,False,
2021-11-18,SBIN.NS,upper,True,invalid
2021-11-18,SBIN.NS,lower,False,
2021-11-18,TATAMOTORS.NS,upper,False,
2021-11-18,TATAMOTORS.NS,lower,False,
2021-11-22,HINDUNILVR.NS,upper,False,
2021-11-22,HINDUNILVR.NS,lower,False,
2021-11-22,INFY.NS,upper,False,
2021-11-22,INFY.NS,lower,False,
2021-11-22,SBIN.NS,upper,False,
2021-11-22,SBIN.NS,lower,True,sparse
2021-11-22,TATAMOTORS.NS,upper,False,
2021-11-22,TATAMOTORS.NS,lower,False,
2021-11-23,HINDUNILVR.NS,upper,False,
2021-11-23,HINDUNILVR.NS,lower,False,
2021-11-23,INFY.NS,upper,False,
2021-11-23,INFY.NS,lower,False,
2021-11-23,SBIN.NS,upper,False,
2021-11-23,SBIN.NS,lower,False,
2021-11-23,TATAMOTORS.NS,upper,False,
2021-11-23,TATAMOTORS.NS,lower,False,
2021-11-24,HINDUNILVR.NS,upper,False,
2021-11-24,HINDUNILVR.NS,lower,False,
2021-11-24,INFY.NS,upper,False,
2021-11-24,INFY.NS,lower,False,
2021-11-24,SBIN.NS,upper,False,
2021-11-24,SBIN.NS,lower,False,
2021-11-24,TATAMOTORS.NS,upper,False,
2021-11-24,TATAMOTORS.NS,lower,False,
2021-11-25,HINDUNILVR.NS,upper,False,
2021-11-25,HINDUNILVR.NS,lower,False,
2021-11-25,INFY.NS,upper,False,
2021-11-25,INFY.NS,lower,False,
2021-11-25,SBIN.NS,upper,False,
2021-11-25,SBIN.NS,lower,False,
2021-11-25,TATAMOTORS.NS,upper,False,
2021-11-25,TATAMOTORS.NS,lower,False,
2021-11-26,HINDUNILVR.NS,upper,False,
2021-11-26,HINDUNILVR.NS,lower,False,
2021-11-26,INFY.NS,upper,True,invalid
2021-11-26,INFY.NS,lower,False,
2021-11-26,SBIN.NS,upper,False,
2021-11-26,SBIN.NS,lower,False,
2021-11-26,TATAMOTORS.NS,upper,False,
2021-11-26,TATAMOTORS.NS,lower,False,
2021-11-29,HINDUNILVR.NS,upper,False,
2021-11-29,HINDUNILVR.NS,lower,True,sparse
2021-11-29,INFY.NS,upper,True,invalid
2021-11-29,INFY.NS,lower,False,
2021-11-29,SBIN.NS,upper,False,
2021-11-29,SBIN.NS,lower,False,
2021-11-29,TATAMOTORS.NS,upper,False,
2021-11-29,TATAMOTORS.NS,lower,False,
2021-11-30,HINDUNILVR.NS,upper,False,
2021-11-30,HINDUNILVR.NS,lower,True,sparse
2021-11-30,INFY.NS,upper,True,invalid
2021-11-30,INFY.NS,lower,False,
2021-11-30,SBIN.NS,upper,False,
2021-11-30,SBIN.NS,lower,False,
2021-11-30,TATAMOTORS.NS,upper,False,
2021-11-30,TATAMOTORS.NS,lower,False,
2021-12-01,HINDUNILVR.NS,upper,False,
2021-12-01,HINDUNILVR.NS,lower,False,
2021-12-01,INFY.NS,upper,True,invalid
2021-12-01,INFY.NS,lower,False,
2021-12-01,SBIN.NS,upper,False,
2021-12-01,SBIN.NS,lower,False,
2021-12-01,TATAMOTORS.NS,upper,False,
2021-12-01,TATAMOTORS.NS,lower,False,
2021-12-02,HINDUNILVR.NS,upper,False,
2021-12-02,HINDUNILVR.NS,lower,False,
2021-12-02,INFY.NS,upper,True,invalid
2021-12-02,INFY.NS,lower,False,
2021-12-02,SBIN.NS,upper,False,
2021-12-02,SBIN.NS,lower,False,
2021-12-02,TATAMOTORS.NS,upper,False,
2021-12-02,TATAMOTORS.NS,lower,False,
2021-12-03,HINDUNILVR.NS,upper,False,
2021-12-03,HINDUNILVR.NS,lower,False,
2021-12-03,INFY.NS,upper,False,
2021-12-03,INFY.NS,lower,False,
2021-12-03,SBIN.NS,upper,False,
2021-12-03,SBIN.NS,lower,False,
2021-12-03,TATAMOTORS.NS,upper,False,
2021-12-03,TATAMOTORS.NS,lower,False,
2021-12-06,HINDUNILVR.NS,upper,False,
2021-12-06,HINDUNILVR.NS,lower,False,
2021-12-06,INFY.NS,upper,True,sparse
2021-12-06,INFY.NS,lower,False,
2021-12-06,SBIN.NS,upper,False,
2021-12-06,SBIN.NS,lower,False,
2021-12-06,TATAMOTORS.NS,upper,False,
2021-12-06,TATAMOTORS.NS,lower,False,
2021-12-07,HINDUNILVR.NS,upper,False,
2021-12-07,HINDUNILVR.NS,lower,True,invalid
2021-12-07,INFY.NS,upper,True,sparse
2021-12-07,INFY.NS,lower,False,
2021-12-07,SBIN.NS,upper,False,
2021-12-07,SBIN.NS,lower,False,
2021-12-07,TATAMOTORS.NS,upper,False,
2021-12-07,TATAMOTORS.NS,lower,False,
2021-12-08,HINDUNILVR.NS,upper,False,
2021-12-08,HINDUNILVR.NS,lower,True,invalid
2021-12-08,INFY.NS,upper,True,sparse
2021-12-08,INFY.NS,lower,False,
2021-12-08,SBIN.NS,upper,False,
2021-12-08,SBIN.NS,lower,False,
2021-12-08,TATAMOTORS.NS,upper,False,
2021-12-08,TATAMOTORS.NS,lower,False,
2021-12-09,HINDUNILVR.NS,upper,False,
2021-12-09,HINDUNILVR.NS,lower,True,invalid
2021-12-09,INFY.NS,upper,False,
2021-12-09,INFY.NS,lower,False,
2021-12-09,SBIN.NS,upper,False,
2021-12-09,SBIN.NS,lower,False,
2021-12-09,TATAMOTORS.NS,upper,False,
2021-12-09,TATAMOTORS.NS,lower,False,
2021-12-10,HINDUNILVR.NS,upper,False,
2021-12-10,HINDUNILVR.NS,lower,True,invalid
2021-12-10,INFY.NS,upper,False,
2021-12-10,INFY.NS,lower,False,
2021-12-10,SBIN.NS,upper,False,
2021-12-10,SBIN.NS,lower,False,
2021-12-10,TATAMOTORS.NS,upper,False,
2021-12-10,TATAMOTORS.NS,lower,False,
2021-12-13,HINDUNILVR.NS,upper,False,
2021-12-13,HINDUNILVR.NS,lower,True,invalid
2021-12-13,INFY.NS,upper,False,
2021-12-13,INFY.NS,lower,False,
2021-12-13,SBIN.NS,upper,False,
2021-12-13,SBIN.NS,lower,False,
2021-12-13,TATAMOTORS.NS,upper,False,
2021-12-13,TATAMOTORS.NS,lower,False,
2021-12-14,HINDUNILVR.NS,upper,False,
2021-12-14,HINDUNILVR.NS,lower,True,invalid
2021-12-14,INFY.NS,upper,True,sparse
2021-12-14,INFY.NS,lower,False,
2021-12-14,SBIN.NS,upper,False,
2021-12-14,SBIN.NS,lower,False,
2021-12-14,TATAMOTORS.NS,upper,False,
2021-12-14,TATAMOTORS.NS,lower,False,
2021-12-15,HINDUNILVR.NS,upper,False,
2021-12-15,HINDUNILVR.NS,lower,True,invalid
2021-12-15,INFY.NS,upper,True,sparse
2021-12-15,INFY.NS,lower,False,
2021-12-15,SBIN.NS,upper,False,
2021-12-15,SBIN.NS,lower,False,
2021-12-15,TATAMOTORS.NS,upper,False,
2021-12-15,TATAMOTORS.NS,lower,False,
2021-12-16,HINDUNILVR.NS,upper,False,
2021-12-16,HINDUNILVR.NS,lower,True,invalid
2021-12-16,INFY.NS,upper,True,sparse
2021-12-16,INFY.NS,lower,False,
2021-12-16,SBIN.NS,upper,False,
2021-12-16,SBIN.NS,lower,False,
2021-12-16,TATAMOTORS.NS,upper,False,
2021-12-16,TATAMOTORS.NS,lower,False,
2021-12-17,HINDUNILVR.NS,upper,False,
2021-12-17,HINDUNILVR.NS,lower,True,invalid
2021-12-17,INFY.NS,upper,True,sparse
2021-12-17,INFY.NS,lower,False,
2021-12-17,SBIN.NS,upper,False,
2021-12-17,SBIN.NS,lower,False,
2021-12-17,TATAMOTORS.NS,upper,False,
2021-12-17,TATAMOTORS.NS,lower,False,
2021-12-20,HINDUNILVR.NS,upper,False,
2021-12-20,HINDUNILVR.NS,lower,False,
2021-12-20,INFY.NS,upper,False,
2021-12-20,INFY.NS,lower,False,
2021-12-20,SBIN.NS,upper,False,
2021-12-20,SBIN.NS,lower,False,
2021-12-20,TATAMOTORS.NS,upper,False,
2021-12-20,TATAMOTORS.NS,lower,False,
2021-12-21,HINDUNILVR.NS,upper,False,
2021-12-21,HINDUNILVR.NS,lower,False,
2021-12-21,INFY.NS,upper,False,
2021-12-21,INFY.NS,lower,False,
2021-12-21,SBIN.NS,upper,False,
2021-12-21,SBIN.NS,lower,False,
2021-12-21,TATAMOTORS.NS,upper,False,
2021-12-21,TATAMOTORS.NS,lower,False,
2021-12-22,HINDUNILVR.NS,upper,False,
2021-12-22,HINDUNILVR.NS,lower,False,
2021-12-22,INFY.NS,upper,False,
2021-12-22,INFY.NS,lower,False,
2021-12-22,SBIN.NS,upper,False,
2021-12-22,SBIN.NS,lower,False,
2021-12-22,TATAMOTORS.NS,upper,False,
2021-12-22,TATAMOTORS.NS,lower,False,
2021-12-23,HINDUNILVR.NS,upper,False,
2021-12-23,HINDUNILVR.NS,lower,False,
2021-12-23,INFY.NS,upper,True,sparse
2021-12-23,INFY.NS,lower,False,
2021-12-23,SBIN.NS,upper,False,
2021-12-23,SBIN.NS,lower,False,
2021-12-23,TATAMOTORS.NS,upper,False,
2021-12-23,TATAMOTORS.NS,lower,False,
2021-12-24,HINDUNILVR.NS,upper,False,
2021-12-24,HINDUNILVR.NS,lower,False,
2021-12-24,INFY.NS,upper,False,
2021-12-24,INFY.NS,lower,False,
2021-12-24,SBIN.NS,upper,False,
2021-12-24,SBIN.NS,lower,False,
2021-12-24,TATAMOTORS.NS,upper,False,
2021-12-24,TATAMOTORS.NS,lower,False,
2021-12-27,HINDUNILVR.NS,upper,False,
2021-12-27,HINDUNILVR.NS,lower,False,
2021-12-27,INFY.NS,upper,True,sparse
2021-12-27,INFY.NS,lower,False,
2021-12-27,SBIN.NS,upper,False,
2021-12-27,SBIN.NS,lower,False,
2021-12-27,TATAMOTORS.NS,upper,False,
2021-12-27,TATAMOTORS.NS,lower,False,
2021-12-28,HINDUNILVR.NS,upper,False,
2021-12-28,HINDUNILVR.NS,lower,False,
2021-12-28,INFY.NS,upper,True,sparse
2021-12-28,INFY.NS,lower,False,
2021-12-28,SBIN.NS,upper,False,
2021-12-28,SBIN.NS,lower,False,
2021-12-28,TATAMOTORS.NS,upper,False,
2021-12-28,TATAMOTORS.NS,lower,False,
2021-12-29,HINDUNILVR.NS,upper,False,
2021-12-29,HINDUNILVR.NS,lower,False,
2021-12-29,INFY.NS,upper,False,
2021-12-29,INFY.NS,lower,False,
2021-12-29,SBIN.NS,upper,False,
2021-12-29,SBIN.NS,lower,False,
2021-12-29,TATAMOTORS.NS,upper,False,
2021-12-29,TATAMOTORS.NS,lower,False,
2021-12-30,HINDUNILVR.NS,upper,False,
2021-12-30,HINDUNILVR.NS,lower,False,
2021-12-30,INFY.NS,upper,False,
2021-12-30,INFY.NS,lower,False,
2021-12-30,SBIN.NS,upper,False,
2021-12-30,SBIN.NS,lower,False,
2021-12-30,TATAMOTORS.NS,upper,False,
2021-12-30,TATAMOTORS.NS,lower,False,
2021-12-31,HINDUNILVR.NS,upper,False,
2021-12-31,HINDUNILVR.NS,lower,False,
2021-12-31,INFY.NS,upper,True,sparse
2021-12-31,INFY.NS,lower,False,
2021-12-31,SBIN.NS,upper,False,
2021-12-31,SBIN.NS,lower,False,
2021-12-31,TATAMOTORS.NS,upper,False,
2021-12-31,TATAMOTORS.NS,lower,False,
2022-01-03,HINDUNILVR.NS,upper,False,
2022-01-03,HINDUNILVR.NS,lower,False,
2022-01-03,INFY.NS,upper,False,
2022-01-03,INFY.NS,lower,False,
2022-01-03,SBIN.NS,upper,False,
2022-01-03,SBIN.NS,lower,False,
2022-01-03,TATAMOTORS.NS,upper,False,
2022-01-03,TATAMOTORS.NS,lower,False,
2022-01-04,HINDUNILVR.NS,upper,False,
2022-01-04,HINDUNILVR.NS,lower,False,
2022-01-04,INFY.NS,upper,True,sparse
2022-01-04,INFY.NS,lower,False,
2022-01-04,SBIN.NS,upper,False,
2022-01-04,SBIN.NS,lower,False,
2022-01-04,TATAMOTORS.NS,upper,False,
2022-01-04,TATAMOTORS.NS,lower,False,
2022-01-05,HINDUNILVR.NS,upper,False,
2022-01-05,HINDUNILVR.NS,lower,False,
2022-01-05,INFY.NS,upper,True,sparse
2022-01-05,INFY.NS,lower,False,
2022-01-05,SBIN.NS,upper,False,
2022-01-05,SBIN.NS,lower,False,
2022-01-05,TATAMOTORS.NS,upper,False,
2022-01-05,TATAMOTORS.NS,lower,False,
2022-01-06,HINDUNILVR.NS,upper,False,
2022-01-06,HINDUNILVR.NS,lower,False,
2022-01-06,INFY.NS,upper,True,sparse
2022-01-06,INFY.NS,lower,False,
2022-01-06,SBIN.NS,upper,False,
2022-01-06,SBIN.NS,lower,False,
2022-01-06,TATAMOTORS.NS,upper,False,
2022-01-06,TATAMOTORS.NS,lower,False,
2022-01-07,HINDUNILVR.NS,upper,False,
2022-01-07,HINDUNILVR.NS,lower,False,
2022-01-07,INFY.NS,upper,True,sparse
2022-01-07,INFY.NS,lower,False,
2022-01-07,SBIN.NS,upper,False,
2022-01-07,SBIN.NS,lower,False,
2022-01-07,TATAMOTORS.NS,upper,False,
2022-01-07,TATAMOTORS.NS,lower,False,
2022-01-10,HINDUNILVR.NS,upper,False,
2022-01-10,HINDUNILVR.NS,lower,False,
2022-01-10,INFY.NS,upper,True,sparse
2022-01-10,INFY.NS,lower,False,
2022-01-10,SBIN.NS,upper,False,
2022-01-10,SBIN.NS,lower,False,
2022-01-10,TATAMOTORS.NS,upper,False,
2022-01-10,TATAMOTORS.NS,lower,False,
2022-01-11,HINDUNILVR.NS,upper,False,
2022-01-11,HINDUNILVR.NS,lower,False,
2022-01-11,INFY.NS,upper,False,
2022-01-11,INFY.NS,lower,False,
2022-01-11,SBIN.NS,upper,False,
2022-01-11,SBIN.NS,lower,False,
2022-01-11,TATAMOTORS.NS,upper,False,
2022-01-11,TATAMOTORS.NS,lower,False,
2022-01-12,HINDUNILVR.NS,upper,False,
2022-01-12,HINDUNILVR.NS,lower,False,
2022-01-12,INFY.NS,upper,True,sparse
2022-01-12,INFY.NS,lower,False,
2022-01-12,SBIN.NS,upper,False,
2022-01-12,SBIN.NS,lower,False,
2022-01-12,TATAMOTORS.NS,upper,False,
2022-01-12,TATAMOTORS.NS,lower,False,
2022-01-13,HINDUNILVR.NS,upper,False,
2022-01-13,HINDUNILVR.NS,lower,False,
2022-01-13,INFY.NS,upper,True,sparse
2022-01-13,INFY.NS,lower,False,
2022-01-13,SBIN.NS,upper,False,
2022-01-13,SBIN.NS,lower,False,
2022-01-13,TATAMOTORS.NS,upper,False,
2022-01-13,TATAMOTORS.NS,lower,False,
2022-01-14,HINDUNILVR.NS,upper,False,
2022-01-14,HINDUNILVR.NS,lower,False,
2022-01-14,INFY.NS,upper,True,sparse
2022-01-14,INFY.NS,lower,False,
2022-01-14,SBIN.NS,upper,False,
2022-01-14,SBIN.NS,lower,False,
2022-01-14,TATAMOTORS.NS,upper,False,
2022-01-14,TATAMOTORS.NS,lower,False,
2022-01-17,HINDUNILVR.NS,upper,False,
2022-01-17,HINDUNILVR.NS,lower,True,sparse
2022-01-17,INFY.NS,upper,False,
2022-01-17,INFY.NS,lower,False,
2022-01-17,SBIN.NS,upper,False,
2022-01-17,SBIN.NS,lower,False,
2022-01-17,TATAMOTORS.NS,upper,False,
2022-01-17,TATAMOTORS.NS,lower,False,
2022-01-18,HINDUNILVR.NS,upper,False,
2022-01-18,HINDUNILVR.NS,lower,False,
2022-01-18,INFY.NS,upper,False,
2022-01-18,INFY.NS,lower,False,
2022-01-18,SBIN.NS,upper,False,
2022-01-18,SBIN.NS,lower,False,
2022-01-18,TATAMOTORS.NS,upper,False,
2022-01-18,TATAMOTORS.NS,lower,False,
2022-01-19,HINDUNILVR.NS,upper,False,
2022-01-19,HINDUNILVR.NS,lower,False,
2022-01-19,INFY.NS,upper,False,
2022-01-19,INFY.NS,lower,False,
2022-01-19,SBIN.NS,upper,False,
2022-01-19,SBIN.NS,lower,False,
2022-01-19,TATAMOTORS.NS,upper,False,
2022-01-19,TATAMOTORS.NS,lower,False,
2022-01-20,HINDUNILVR.NS,upper,False,
2022-01-20,HINDUNILVR.NS,lower,False,
2022-01-20,INFY.NS,upper,False,
2022-01-20,INFY.NS,lower,False,
2022-01-20,SBIN.NS,upper,False,
2022-01-20,SBIN.NS,lower,False,
2022-01-20,TATAMOTORS.NS,upper,False,
2022-01-20,TATAMOTORS.NS,lower,False,
2022-01-21,HINDUNILVR.NS,upper,False,
2022-01-21,HINDUNILVR.NS,lower,False,
2022-01-21,INFY.NS,upper,True,sparse
2022-01-21,INFY.NS,lower,False,
2022-01-21,SBIN.NS,upper,False,
2022-01-21,SBIN.NS,lower,False,
2022-01-21,TATAMOTORS.NS,upper,False,
2022-01-21,TATAMOTORS.NS,lower,False,
2022-01-24,HINDUNILVR.NS,upper,False,
2022-01-24,HINDUNILVR.NS,lower,True,sparse
2022-01-24,INFY.NS,upper,True,sparse
2022-01-24,INFY.NS,lower,False,
2022-01-24,SBIN.NS,upper,False,
2022-01-24,SBIN.NS,lower,False,
2022-01-24,TATAMOTORS.NS,upper,False,
2022-01-24,TATAMOTORS.NS,lower,False,
2022-01-25,HINDUNILVR.NS,upper,False,
2022-01-25,HINDUNILVR.NS,lower,False,
2022-01-25,INFY.NS,upper,True,sparse
2022-01-25,INFY.NS,lower,False,
2022-01-25,SBIN.NS,upper,False,
2022-01-25,SBIN.NS,lower,False,
2022-01-25,TATAMOTORS.NS,upper,False,
2022-01-25,TATAMOTORS.NS,lower,False,
2022-01-27,HINDUNILVR.NS,upper,False,
2022-01-27,HINDUNILVR.NS,lower,True,sparse
2022-01-27,INFY.NS,upper,True,sparse
2022-01-27,INFY.NS,lower,False,
2022-01-27,SBIN.NS,upper,False,
2022-01-27,SBIN.NS,lower,False,
2022-01-27,TATAMOTORS.NS,upper,False,
2022-01-27,TATAMOTORS.NS,lower,False,
2022-01-28,HINDUNILVR.NS,upper,False,
2022-01-28,HINDUNILVR.NS,lower,False,
2022-01-28,INFY.NS,upper,True,sparse
2022-01-28,INFY.NS,lower,False,
2022-01-28,SBIN.NS,upper,False,
2022-01-28,SBIN.NS,lower,False,
2022-01-28,TATAMOTORS.NS,upper,False,
2022-01-28,TATAMOTORS.NS,lower,False,
2022-01-31,HINDUNILVR.NS,upper,False,
2022-01-31,HINDUNILVR.NS,lower,False,
2022-01-31,INFY.NS,upper,True,sparse
2022-01-31,INFY.NS,lower,False,
2022-01-31,SBIN.NS,upper,False,
2022-01-31,SBIN.NS,lower,False,
2022-01-31,TATAMOTORS.NS,upper,False,
2022-01-31,TATAMOTORS.NS,lower,False,
2022-02-01,HINDUNILVR.NS,upper,False,
2022-02-01,HINDUNILVR.NS,lower,False,
2022-02-01,INFY.NS,upper,False,
2022-02-01,INFY.NS,lower,False,
2022-02-01,SBIN.NS,upper,False,
2022-02-01,SBIN.NS,lower,False,
2022-02-01,TATAMOTORS.NS,upper,False,
2022-02-01,TATAMOTORS.NS,lower,False,
2022-02-02,HINDUNILVR.NS,upper,False,
2022-02-02,HINDUNILVR.NS,lower,False,
2022-02-02,INFY.NS,upper,False,
2022-02-02,INFY.NS,lower,False,
2022-02-02,SBIN.NS,upper,False,
2022-02-02,SBIN.NS,lower,False,
2022-02-02,TATAMOTORS.NS,upper,False,
2022-02-02,TATAMOTORS.NS,lower,False,
2022-02-03,HINDUNILVR.NS,upper,False,
2022-02-03,HINDUNILVR.NS,lower,True,sparse
2022-02-03,INFY.NS,upper,False,
2022-02-03,INFY.NS,lower,False,
2022-02-03,SBIN.NS,upper,False,
2022-02-03,SBIN.NS,lower,False,
2022-02-03,TATAMOTORS.NS,upper,False,
2022-02-03,TATAMOTORS.NS,lower,False,
2022-02-04,HINDUNILVR.NS,upper,False,
2022-02-04,HINDUNILVR.NS,lower,False,
2022-02-04,INFY.NS,upper,True,sparse
2022-02-04,INFY.NS,lower,False,
2022-02-04,SBIN.NS,upper,False,
2022-02-04,SBIN.NS,lower,False,
2022-02-04,TATAMOTORS.NS,upper,False,
2022-02-04,TATAMOTORS.NS,lower,False,
2022-02-07,HINDUNILVR.NS,upper,False,
2022-02-07,HINDUNILVR.NS,lower,False,
2022-02-07,INFY.NS,upper,False,
2022-02-07,INFY.NS,lower,False,
2022-02-07,SBIN.NS,upper,False,
2022-02-07,SBIN.NS,lower,False,
2022-02-07,TATAMOTORS.NS,upper,False,
2022-02-07,TATAMOTORS.NS,lower,False,
2022-02-08,HINDUNILVR.NS,upper,False,
2022-02-08,HINDUNILVR.NS,lower,True,sparse
2022-02-08,INFY.NS,upper,False,
2022-02-08,INFY.NS,lower,False,
2022-02-08,SBIN.NS,upper,False,
2022-02-08,SBIN.NS,lower,False,
2022-02-08,TATAMOTORS.NS,upper,False,
2022-02-08,TATAMOTORS.NS,lower,False,
2022-02-09,HINDUNILVR.NS,upper,False,
2022-02-09,HINDUNILVR.NS,lower,True,sparse
2022-02-09,INFY.NS,upper,False,
2022-02-09,INFY.NS,lower,False,
2022-02-09,SBIN.NS,upper,False,
2022-02-09,SBIN.NS,lower,False,
2022-02-09,TATAMOTORS.NS,upper,False,
2022-02-09,TATAMOTORS.NS,lower,False,
2022-02-10,HINDUNILVR.NS,upper,False,
2022-02-10,HINDUNILVR.NS,lower,False,
2022-02-10,INFY.NS,upper,False,
2022-02-10,INFY.NS,lower,False,
2022-02-10,SBIN.NS,upper,False,
2022-02-10,SBIN.NS,lower,False,
2022-02-10,TATAMOTORS.NS,upper,False,
2022-02-10,TATAMOTORS.NS,lower,False,
2022-02-11,HINDUNILVR.NS,upper,False,
2022-02-11,HINDUNILVR.NS,lower,False,
2022-02-11,INFY.NS,upper,False,
2022-02-11,INFY.NS,lower,False,
2022-02-11,SBIN.NS,upper,False,
2022-02-11,SBIN.NS,lower,False,
2022-02-11,TATAMOTORS.NS,upper,False,
2022-02-11,TATAMOTORS.NS,lower,False,
2022-02-14,HINDUNILVR.NS,upper,False,
2022-02-14,HINDUNILVR.NS,lower,False,
2022-02-14,INFY.NS,upper,False,
2022-02-14,INFY.NS,lower,False,
2022-02-14,SBIN.NS,upper,False,
2022-02-14,SBIN.NS,lower,False,
2022-02-14,TATAMOTORS.NS,upper,False,
2022-02-14,TATAMOTORS.NS,lower,False,
2022-02-15,HINDUNILVR.NS,upper,False,
2022-02-15,HINDUNILVR.NS,lower,False,
2022-02-15,INFY.NS,upper,False,
2022-02-15,INFY.NS,lower,False,
2022-02-15,SBIN.NS,upper,False,
2022-02-15,SBIN.NS,lower,False,
2022-02-15,TATAMOTORS.NS,upper,False,
2022-02-15,TATAMOTORS.NS,lower,False,
2022-02-16,HINDUNILVR.NS,upper,False,
2022-02-16,HINDUNILVR.NS,lower,False,
2022-02-16,INFY.NS,upper,False,
2022-02-16,INFY.NS,lower,False,
2022-02-16,SBIN.NS,upper,False,
2022-02-16,SBIN.NS,lower,False,
2022-02-16,TATAMOTORS.NS,upper,False,
2022-02-16,TATAMOTORS.NS,lower,False,
2022-02-17,HINDUNILVR.NS,upper,False,
2022-02-17,HINDUNILVR.NS,lower,False,
2022-02-17,INFY.NS,upper,False,
2022-02-17,INFY.NS,lower,False,
2022-02-17,SBIN.NS,upper,False,
2022-02-17,SBIN.NS,lower,False,
2022-02-17,TATAMOTORS.NS,upper,False,
2022-02-17,TATAMOTORS.NS,lower,False,
2022-02-18,HINDUNILVR.NS,upper,False,
2022-02-18,HINDUNILVR.NS,lower,False,
2022-02-18,INFY.NS,upper,False,
2022-02-18,INFY.NS,lower,False,
2022-02-18,SBIN.NS,upper,False,
2022-02-18,SBIN.NS,lower,False,
2022-02-18,TATAMOTORS.NS,upper,False,
2022-02-18,TATAMOTORS.NS,lower,False,
2022-02-21,HINDUNILVR.NS,upper,False,
2022-02-21,HINDUNILVR.NS,lower,False,
2022-02-21,INFY.NS,upper,False,
2022-02-21,INFY.NS,lower,False,
2022-02-21,SBIN.NS,upper,False,
2022-02-21,SBIN.NS,lower,False,
2022-02-21,TATAMOTORS.NS,upper,False,
2022-02-21,TATAMOTORS.NS,lower,False,
2022-02-22,HINDUNILVR.NS,upper,False,
2022-02-22,HINDUNILVR.NS,lower,False,
2022-02-22,INFY.NS,upper,False,
2022-02-22,INFY.NS,lower,False,
2022-02-22,SBIN.NS,upper,False,
2022-02-22,SBIN.NS,lower,False,
2022-02-22,TATAMOTORS.NS,upper,False,
2022-02-22,TATAMOTORS.NS,lower,False,
2022-02-23,HINDUNILVR.NS,upper,False,
2022-02-23,HINDUNILVR.NS,lower,False,
2022-02-23,INFY.NS,upper,False,
2022-02-23,INFY.NS,lower,False,
2022-02-23,SBIN.NS,upper,False,
2022-02-23,SBIN.NS,lower,False,
2022-02-23,TATAMOTORS.NS,upper,False,
2022-02-23,TATAMOTORS.NS,lower,False,
2022-02-24,HINDUNILVR.NS,upper,False,
2022-02-24,HINDUNILVR.NS,lower,False,
2022-02-24,INFY.NS,upper,False,
2022-02-24,INFY.NS,lower,False,
2022-02-24,SBIN.NS,upper,False,
2022-02-24,SBIN.NS,lower,False,
2022-02-24,TATAMOTORS.NS,upper,False,
2022-02-24,TATAMOTORS.NS,lower,False,
2022-02-25,HINDUNILVR.NS,upper,False,
2022-02-25,HINDUNILVR.NS,lower,False,
2022-02-25,INFY.NS,upper,False,
2022-02-25,INFY.NS,lower,False,
2022-02-25,SBIN.NS,upper,False,
2022-02-25,SBIN.NS,lower,False,
2022-02-25,TATAMOTORS.NS,upper,False,
2022-02-25,TATAMOTORS.NS,lower,False,
2022-02-28,HINDUNILVR.NS,upper,False,
2022-02-28,HINDUNILVR.NS,lower,False,
2022-02-28,INFY.NS,upper,False,
2022-02-28,INFY.NS,lower,False,
2022-02-28,SBIN.NS,upper,False,
2022-02-28,SBIN.NS,lower,False,
2022-02-28,TATAMOTORS.NS,upper,False,
2022-02-28,TATAMOTORS.NS,lower,False,
2022-03-02,HINDUNILVR.NS,upper,False,
2022-03-02,HINDUNILVR.NS,lower,False,
2022-03-02,INFY.NS,upper,False,
2022-03-02,INFY.NS,lower,False,
2022-03-02,SBIN.NS,upper,False,
2022-03-02,SBIN.NS,lower,False,
2022-03-02,TATAMOTORS.NS,upper,False,
2022-03-02,TATAMOTORS.NS,lower,False,
2022-03-03,HINDUNILVR.NS,upper,False,
2022-03-03,HINDUNILVR.NS,lower,False,
2022-03-03,INFY.NS,upper,False,
2022-03-03,INFY.NS,lower,False,
2022-03-03,SBIN.NS,upper,False,
2022-03-03,SBIN.NS,lower,False,
2022-03-03,TATAMOTORS.NS,upper,False,
2022-03-03,TATAMOTORS.NS,lower,False,
2022-03-04,HINDUNILVR.NS,upper,False,
2022-03-04,HINDUNILVR.NS,lower,False,
2022-03-04,INFY.NS,upper,False,
2022-03-04,INFY.NS,lower,False,
2022-03-04,SBIN.NS,upper,False,
2022-03-04,SBIN.NS,lower,False,
2022-03-04,TATAMOTORS.NS,upper,False,
2022-03-04,TATAMOTORS.NS,lower,False,
2022-03-07,HINDUNILVR.NS,upper,False,
2022-03-07,HINDUNILVR.NS,lower,False,
2022-03-07,INFY.NS,upper,True,sparse
2022-03-07,INFY.NS,lower,False,
2022-03-07,SBIN.NS,upper,False,
2022-03-07,SBIN.NS,lower,False,
2022-03-07,TATAMOTORS.NS,upper,False,
2022-03-07,TATAMOTORS.NS,lower,False,
2022-03-08,HINDUNILVR.NS,upper,False,
2022-03-08,HINDUNILVR.NS,lower,False,
2022-03-08,INFY.NS,upper,False,
2022-03-08,INFY.NS,lower,False,
2022-03-08,SBIN.NS,upper,False,
2022-03-08,SBIN.NS,lower,False,
2022-03-08,TATAMOTORS.NS,upper,False,
2022-03-08,TATAMOTORS.NS,lower,False,
2022-03-09,HINDUNILVR.NS,upper,False,
2022-03-09,HINDUNILVR.NS,lower,False,
2022-03-09,INFY.NS,upper,False,
2022-03-09,INFY.NS,lower,False,
2022-03-09,SBIN.NS,upper,False,
2022-03-09,SBIN.NS,lower,False,
2022-03-09,TATAMOTORS.NS,upper,False,
2022-03-09,TATAMOTORS.NS,lower,False,
2022-03-10,HINDUNILVR.NS,upper,False,
2022-03-10,HINDUNILVR.NS,lower,False,
2022-03-10,INFY.NS,upper,False,
2022-03-10,INFY.NS,lower,False,
2022-03-10,SBIN.NS,upper,False,
2022-03-10,SBIN.NS,lower,False,
2022-03-10,TATAMOTORS.NS,upper,False,
2022-03-10,TATAMOTORS.NS,lower,False,
2022-03-11,HINDUNILVR.NS,upper,False,
2022-03-11,HINDUNILVR.NS,lower,False,
2022-03-11,INFY.NS,upper,False,
2022-03-11,INFY.NS,lower,False,
2022-03-11,SBIN.NS,upper,False,
2022-03-11,SBIN.NS,lower,False,
2022-03-11,TATAMOTORS.NS,upper,False,
2022-03-11,TATAMOTORS.NS,lower,False,
2022-03-14,HINDUNILVR.NS,upper,False,
2022-03-14,HINDUNILVR.NS,lower,False,
2022-03-14,INFY.NS,upper,False,
2022-03-14,INFY.NS,lower,False,
2022-03-14,SBIN.NS,upper,False,
2022-03-14,SBIN.NS,lower,False,
2022-03-14,TATAMOTORS.NS,upper,False,
2022-03-14,TATAMOTORS.NS,lower,False,
2022-03-15,HINDUNILVR.NS,upper,False,
2022-03-15,HINDUNILVR.NS,lower,False,
2022-03-15,INFY.NS,upper,False,
2022-03-15,INFY.NS,lower,False,
2022-03-15,SBIN.NS,upper,False,
2022-03-15,SBIN.NS,lower,False,
2022-03-15,TATAMOTORS.NS,upper,False,
2022-03-15,TATAMOTORS.NS,lower,False,
2022-03-16,HINDUNILVR.NS,upper,False,
2022-03-16,HINDUNILVR.NS,lower,False,
2022-03-16,INFY.NS,upper,False,
2022-03-16,INFY.NS,lower,False,
2022-03-16,SBIN.NS,upper,False,
2022-03-16,SBIN.NS,lower,False,
2022-03-16,TATAMOTORS.NS,upper,False,
2022-03-16,TATAMOTORS.NS,lower,False,
2022-03-17,HINDUNILVR.NS,upper,False,
2022-03-17,HINDUNILVR.NS,lower,False,
2022-03-17,INFY.NS,upper,False,
2022-03-17,INFY.NS,lower,False,
2022-03-17,SBIN.NS,upper,False,
2022-03-17,SBIN.NS,lower,False,
2022-03-17,TATAMOTORS.NS,upper,False,
2022-03-17,TATAMOTORS.NS,lower,False,
2022-03-21,HINDUNILVR.NS,upper,False,
2022-03-21,HINDUNILVR.NS,lower,False,
2022-03-21,INFY.NS,upper,False,
2022-03-21,INFY.NS,lower,False,
2022-03-21,SBIN.NS,upper,False,
2022-03-21,SBIN.NS,lower,False,
2022-03-21,TATAMOTORS.NS,upper,False,
2022-03-21,TATAMOTORS.NS,lower,False,
2022-03-22,HINDUNILVR.NS,upper,False,
2022-03-22,HINDUNILVR.NS,lower,False,
2022-03-22,INFY.NS,upper,False,
2022-03-22,INFY.NS,lower,False,
2022-03-22,SBIN.NS,upper,False,
2022-03-22,SBIN.NS,lower,False,
2022-03-22,TATAMOTORS.NS,upper,False,
2022-03-22,TATAMOTORS.NS,lower,False,
2022-03-23,HINDUNILVR.NS,upper,False,
2022-03-23,HINDUNILVR.NS,lower,False,
2022-03-23,INFY.NS,upper,False,
2022-03-23,INFY.NS,lower,False,
2022-03-23,SBIN.NS,upper,False,
2022-03-23,SBIN.NS,lower,False,
2022-03-23,TATAMOTORS.NS,upper,False,
2022-03-23,TATAMOTORS.NS,lower,False,
2022-03-24,HINDUNILVR.NS,upper,False,
2022-03-24,HINDUNILVR.NS,lower,False,
2022-03-24,INFY.NS,upper,False,
2022-03-24,INFY.NS,lower,False,
2022-03-24,SBIN.NS,upper,False,
2022-03-24,SBIN.NS,lower,False,
2022-03-24,TATAMOTORS.NS,upper,False,
2022-03-24,TATAMOTORS.NS,lower,False,
2022-03-25,HINDUNILVR.NS,upper,False,
2022-03-25,HINDUNILVR.NS,lower,False,
2022-03-25,INFY.NS,upper,False,
2022-03-25,INFY.NS,lower,False,
2022-03-25,SBIN.NS,upper,False,
2022-03-25,SBIN.NS,lower,False,
2022-03-25,TATAMOTORS.NS,upper,False,
2022-03-25,TATAMOTORS.NS,lower,False,
2022-03-28,HINDUNILVR.NS,upper,False,
2022-03-28,HINDUNILVR.NS,lower,False,
2022-03-28,INFY.NS,upper,False,
2022-03-28,INFY.NS,lower,False,
2022-03-28,SBIN.NS,upper,False,
2022-03-28,SBIN.NS,lower,False,
2022-03-28,TATAMOTORS.NS,upper,False,
2022-03-28,TATAMOTORS.NS,lower,False,
2022-03-29,HINDUNILVR.NS,upper,False,
2022-03-29,HINDUNILVR.NS,lower,False,
2022-03-29,INFY.NS,upper,False,
2022-03-29,INFY.NS,lower,False,
2022-03-29,SBIN.NS,upper,False,
2022-03-29,SBIN.NS,lower,False,
2022-03-29,TATAMOTORS.NS,upper,False,
2022-03-29,TATAMOTORS.NS,lower,False,
2022-03-30,HINDUNILVR.NS,upper,False,
2022-03-30,HINDUNILVR.NS,lower,False,
2022-03-30,INFY.NS,upper,False,
2022-03-30,INFY.NS,lower,False,
2022-03-30,SBIN.NS,upper,False,
2022-03-30,SBIN.NS,lower,False,
2022-03-30,TATAMOTORS.NS,upper,False,
2022-03-30,TATAMOTORS.NS,lower,False,
2022-03-31,HINDUNILVR.NS,upper,False,
2022-03-31,HINDUNILVR.NS,lower,False,
2022-03-31,INFY.NS,upper,False,
2022-03-31,INFY.NS,lower,False,
2022-03-31,SBIN.NS,upper,False,
2022-03-31,SBIN.NS,lower,False,
2022-03-31,TATAMOTORS.NS,upper,False,
2022-03-31,TATAMOTORS.NS,lower,False,
2022-04-01,HINDUNILVR.NS,upper,False,
2022-04-01,HINDUNILVR.NS,lower,False,
2022-04-01,INFY.NS,upper,False,
2022-04-01,INFY.NS,lower,False,
2022-04-01,SBIN.NS,upper,False,
2022-04-01,SBIN.NS,lower,False,
2022-04-01,TATAMOTORS.NS,upper,False,
2022-04-01,TATAMOTORS.NS,lower,False,
2022-04-04,HINDUNILVR.NS,upper,False,
2022-04-04,HINDUNILVR.NS,lower,False,
2022-04-04,INFY.NS,upper,False,
2022-04-04,INFY.NS,lower,False,
2022-04-04,SBIN.NS,upper,False,
2022-04-04,SBIN.NS,lower,False,
2022-04-04,TATAMOTORS.NS,upper,False,
2022-04-04,TATAMOTORS.NS,lower,False,
2022-04-05,HINDUNILVR.NS,upper,False,
2022-04-05,HINDUNILVR.NS,lower,False,
2022-04-05,INFY.NS,upper,False,
2022-04-05,INFY.NS,lower,False,
2022-04-05,SBIN.NS,upper,False,
2022-04-05,SBIN.NS,lower,False,
2022-04-05,TATAMOTORS.NS,upper,False,
2022-04-05,TATAMOTORS.NS,lower,False,
2022-04-06,HINDUNILVR.NS,upper,False,
2022-04-06,HINDUNILVR.NS,lower,False,
2022-04-06,INFY.NS,upper,False,
2022-04-06,INFY.NS,lower,False,
2022-04-06,SBIN.NS,upper,False,
2022-04-06,SBIN.NS,lower,False,
2022-04-06,TATAMOTORS.NS,upper,False,
2022-04-06,TATAMOTORS.NS,lower,False,
2022-04-07,HINDUNILVR.NS,upper,False,
2022-04-07,HINDUNILVR.NS,lower,False,
2022-04-07,INFY.NS,upper,False,
2022-04-07,INFY.NS,lower,False,
2022-04-07,SBIN.NS,upper,False,
2022-04-07,SBIN.NS,lower,False,
2022-04-07,TATAMOTORS.NS,upper,False,
2022-04-07,TATAMOTORS.NS,lower,False,
2022-04-08,HINDUNILVR.NS,upper,False,
2022-04-08,HINDUNILVR.NS,lower,False,
2022-04-08,INFY.NS,upper,False,
2022-04-08,INFY.NS,lower,False,
2022-04-08,SBIN.NS,upper,False,
2022-04-08,SBIN.NS,lower,False,
2022-04-08,TATAMOTORS.NS,upper,False,
2022-04-08,TATAMOTORS.NS,lower,False,
2022-04-11,HINDUNILVR.NS,upper,False,
2022-04-11,HINDUNILVR.NS,lower,False,
2022-04-11,INFY.NS,upper,False,
2022-04-11,INFY.NS,lower,False,
2022-04-11,SBIN.NS,upper,False,
2022-04-11,SBIN.NS,lower,False,
2022-04-11,TATAMOTORS.NS,upper,False,
2022-04-11,TATAMOTORS.NS,lower,False,
2022-04-12,HINDUNILVR.NS,upper,False,
2022-04-12,HINDUNILVR.NS,lower,False,
2022-04-12,INFY.NS,upper,False,
2022-04-12,INFY.NS,lower,False,
2022-04-12,SBIN.NS,upper,False,
2022-04-12,SBIN.NS,lower,False,
2022-04-12,TATAMOTORS.NS,upper,False,
2022-04-12,TATAMOTORS.NS,lower,False,
2022-04-13,HINDUNILVR.NS,upper,False,
2022-04-13,HINDUNILVR.NS,lower,False,
2022-04-13,INFY.NS,upper,False,
2022-04-13,INFY.NS,lower,False,
2022-04-13,SBIN.NS,upper,False,
2022-04-13,SBIN.NS,lower,False,
2022-04-13,TATAMOTORS.NS,upper,False,
2022-04-13,TATAMOTORS.NS,lower,False,
2022-04-18,HINDUNILVR.NS,upper,False,
2022-04-18,HINDUNILVR.NS,lower,False,
2022-04-18,INFY.NS,upper,False,
2022-04-18,INFY.NS,lower,False,
2022-04-18,SBIN.NS,upper,False,
2022-04-18,SBIN.NS,lower,False,
2022-04-18,TATAMOTORS.NS,upper,False,
2022-04-18,TATAMOTORS.NS,lower,False,
2022-04-19,HINDUNILVR.NS,upper,False,
2022-04-19,HINDUNILVR.NS,lower,False,
2022-04-19,INFY.NS,upper,True,sparse
2022-04-19,INFY.NS,lower,False,
2022-04-19,SBIN.NS,upper,False,
2022-04-19,SBIN.NS,lower,False,
2022-04-19,TATAMOTORS.NS,upper,False,
2022-04-19,TATAMOTORS.NS,lower,False,
2022-04-20,HINDUNILVR.NS,upper,False,
2022-04-20,HINDUNILVR.NS,lower,True,sparse
2022-04-20,INFY.NS,upper,False,
2022-04-20,INFY.NS,lower,False,
2022-04-20,SBIN.NS,upper,False,
2022-04-20,SBIN.NS,lower,False,
2022-04-20,TATAMOTORS.NS,upper,False,
2022-04-20,TATAMOTORS.NS,lower,False,
2022-04-21,HINDUNILVR.NS,upper,False,
2022-04-21,HINDUNILVR.NS,lower,False,
2022-04-21,INFY.NS,upper,False,
2022-04-21,INFY.NS,lower,False,
2022-04-21,SBIN.NS,upper,False,
2022-04-21,SBIN.NS,lower,False,
2022-04-21,TATAMOTORS.NS,upper,False,
2022-04-21,TATAMOTORS.NS,lower,False,
2022-04-22,HINDUNILVR.NS,upper,False,
2022-04-22,HINDUNILVR.NS,lower,True,sparse
2022-04-22,INFY.NS,upper,False,
2022-04-22,INFY.NS,lower,False,
2022-04-22,SBIN.NS,upper,False,
2022-04-22,SBIN.NS,lower,False,
2022-04-22,TATAMOTORS.NS,upper,False,
2022-04-22,TATAMOTORS.NS,lower,False,
2022-04-25,HINDUNILVR.NS,upper,False,
2022-04-25,HINDUNILVR.NS,lower,False,
2022-04-25,INFY.NS,upper,False,
2022-04-25,INFY.NS,lower,False,
2022-04-25,SBIN.NS,upper,False,
2022-04-25,SBIN.NS,lower,False,
2022-04-25,TATAMOTORS.NS,upper,False,
2022-04-25,TATAMOTORS.NS,lower,False,
2022-04-26,HINDUNILVR.NS,upper,False,
2022-04-26,HINDUNILVR.NS,lower,True,sparse
2022-04-26,INFY.NS,upper,False,
2022-04-26,INFY.NS,lower,False,
2022-04-26,SBIN.NS,upper,False,
2022-04-26,SBIN.NS,lower,False,
2022-04-26,TATAMOTORS.NS,upper,False,
2022-04-26,TATAMOTORS.NS,lower,False,
2022-04-27,HINDUNILVR.NS,upper,False,
2022-04-27,HINDUNILVR.NS,lower,True,sparse
2022-04-27,INFY.NS,upper,False,
2022-04-27,INFY.NS,lower,False,
2022-04-27,SBIN.NS,upper,False,
2022-04-27,SBIN.NS,lower,False,
2022-04-27,TATAMOTORS.NS,upper,False,
2022-04-27,TATAMOTORS.NS,lower,False,
2022-04-28,HINDUNILVR.NS,upper,False,
2022-04-28,HINDUNILVR.NS,lower,True,sparse
2022-04-28,INFY.NS,upper,False,
2022-04-28,INFY.NS,lower,False,
2022-04-28,SBIN.NS,upper,False,
2022-04-28,SBIN.NS,lower,False,
2022-04-28,TATAMOTORS.NS,upper,False,
2022-04-28,TATAMOTORS.NS,lower,False,
2022-04-29,HINDUNILVR.NS,upper,False,
2022-04-29,HINDUNILVR.NS,lower,True,sparse
2022-04-29,INFY.NS,upper,False,
2022-04-29,INFY.NS,lower,False,
2022-04-29,SBIN.NS,upper,False,
2022-04-29,SBIN.NS,lower,False,
2022-04-29,TATAMOTORS.NS,upper,False,
2022-04-29,TATAMOTORS.NS,lower,False,
2022-05-02,HINDUNILVR.NS,upper,False,
2022-05-02,HINDUNILVR.NS,lower,True,sparse
2022-05-02,INFY.NS,upper,False,
2022-05-02,INFY.NS,lower,False,
2022-05-02,SBIN.NS,upper,False,
2022-05-02,SBIN.NS,lower,False,
2022-05-02,TATAMOTORS.NS,upper,False,
2022-05-02,TATAMOTORS.NS,lower,False,
2022-05-04,HINDUNILVR.NS,upper,False,
2022-05-04,HINDUNILVR.NS,lower,True,sparse
2022-05-04,INFY.NS,upper,False,
2022-05-04,INFY.NS,lower,False,
2022-05-04,SBIN.NS,upper,False,
2022-05-04,SBIN.NS,lower,False,
2022-05-04,TATAMOTORS.NS,upper,False,
2022-05-04,TATAMOTORS.NS,lower,False,
2022-05-05,HINDUNILVR.NS,upper,False,
2022-05-05,HINDUNILVR.NS,lower,True,sparse
2022-05-05,INFY.NS,upper,False,
2022-05-05,INFY.NS,lower,False,
2022-05-05,SBIN.NS,upper,False,
2022-05-05,SBIN.NS,lower,False,
2022-05-05,TATAMOTORS.NS,upper,False,
2022-05-05,TATAMOTORS.NS,lower,False,
2022-05-06,HINDUNILVR.NS,upper,False,
2022-05-06,HINDUNILVR.NS,lower,True,sparse
2022-05-06,INFY.NS,upper,False,
2022-05-06,INFY.NS,lower,False,
2022-05-06,SBIN.NS,upper,False,
2022-05-06,SBIN.NS,lower,False,
2022-05-06,TATAMOTORS.NS,upper,False,
2022-05-06,TATAMOTORS.NS,lower,False,
2022-05-09,HINDUNILVR.NS,upper,False,
2022-05-09,HINDUNILVR.NS,lower,True,sparse
2022-05-09,INFY.NS,upper,False,
2022-05-09,INFY.NS,lower,False,
2022-05-09,SBIN.NS,upper,False,
2022-05-09,SBIN.NS,lower,False,
2022-05-09,TATAMOTORS.NS,upper,False,
2022-05-09,TATAMOTORS.NS,lower,False,
2022-05-10,HINDUNILVR.NS,upper,False,
2022-05-10,HINDUNILVR.NS,lower,True,sparse
2022-05-10,INFY.NS,upper,False,
2022-05-10,INFY.NS,lower,False,
2022-05-10,SBIN.NS,upper,False,
2022-05-10,SBIN.NS,lower,False,
2022-05-10,TATAMOTORS.NS,upper,False,
2022-05-10,TATAMOTORS.NS,lower,False,
2022-05-11,HINDUNILVR.NS,upper,False,
2022-05-11,HINDUNILVR.NS,lower,True,sparse
2022-05-11,INFY.NS,upper,False,
2022-05-11,INFY.NS,lower,False,
2022-05-11,SBIN.NS,upper,False,
2022-05-11,SBIN.NS,lower,False,
2022-05-11,TATAMOTORS.NS,upper,False,
2022-05-11,TATAMOTORS.NS,lower,False,
2022-05-12,HINDUNILVR.NS,upper,False,
2022-05-12,HINDUNILVR.NS,lower,True,sparse
2022-05-12,INFY.NS,upper,False,
2022-05-12,INFY.NS,lower,False,
2022-05-12,SBIN.NS,upper,False,
2022-05-12,SBIN.NS,lower,False,
2022-05-12,TATAMOTORS.NS,upper,False,
2022-05-12,TATAMOTORS.NS,lower,False,
2022-05-13,HINDUNILVR.NS,upper,False,
2022-05-13,HINDUNILVR.NS,lower,True,sparse
2022-05-13,INFY.NS,upper,False,
2022-05-13,INFY.NS,lower,False,
2022-05-13,SBIN.NS,upper,False,
2022-05-13,SBIN.NS,lower,False,
2022-05-13,TATAMOTORS.NS,upper,False,
2022-05-13,TATAMOTORS.NS,lower,False,
2022-05-16,HINDUNILVR.NS,upper,False,
2022-05-16,HINDUNILVR.NS,lower,True,invalid
2022-05-16,INFY.NS,upper,False,
2022-05-16,INFY.NS,lower,False,
2022-05-16,SBIN.NS,upper,False,
2022-05-16,SBIN.NS,lower,False,
2022-05-16,TATAMOTORS.NS,upper,False,
2022-05-16,TATAMOTORS.NS,lower,False,
2022-05-17,HINDUNILVR.NS,upper,False,
2022-05-17,HINDUNILVR.NS,lower,True,sparse
2022-05-17,INFY.NS,upper,False,
2022-05-17,INFY.NS,lower,False,
2022-05-17,SBIN.NS,upper,False,
2022-05-17,SBIN.NS,lower,False,
2022-05-17,TATAMOTORS.NS,upper,False,
2022-05-17,TATAMOTORS.NS,lower,False,
2022-05-18,HINDUNILVR.NS,upper,False,
2022-05-18,HINDUNILVR.NS,lower,True,sparse
2022-05-18,INFY.NS,upper,False,
2022-05-18,INFY.NS,lower,False,
2022-05-18,SBIN.NS,upper,False,
2022-05-18,SBIN.NS,lower,False,
2022-05-18,TATAMOTORS.NS,upper,False,
2022-05-18,TATAMOTORS.NS,lower,False,
2022-05-19,HINDUNILVR.NS,upper,False,
2022-05-19,HINDUNILVR.NS,lower,True,sparse
2022-05-19,INFY.NS,upper,False,
2022-05-19,INFY.NS,lower,False,
2022-05-19,SBIN.NS,upper,False,
2022-05-19,SBIN.NS,lower,False,
2022-05-19,TATAMOTORS.NS,upper,False,
2022-05-19,TATAMOTORS.NS,lower,False,
2022-05-20,HINDUNILVR.NS,upper,False,
2022-05-20,HINDUNILVR.NS,lower,False,
2022-05-20,INFY.NS,upper,False,
2022-05-20,INFY.NS,lower,False,
2022-05-20,SBIN.NS,upper,False,
2022-05-20,SBIN.NS,lower,False,
2022-05-20,TATAMOTORS.NS,upper,False,
2022-05-20,TATAMOTORS.NS,lower,False,
2022-05-23,HINDUNILVR.NS,upper,False,
2022-05-23,HINDUNILVR.NS,lower,True,invalid
2022-05-23,INFY.NS,upper,False,
2022-05-23,INFY.NS,lower,False,
2022-05-23,SBIN.NS,upper,False,
2022-05-23,SBIN.NS,lower,False,
2022-05-23,TATAMOTORS.NS,upper,False,
2022-05-23,TATAMOTORS.NS,lower,False,
2022-05-24,HINDUNILVR.NS,upper,False,
2022-05-24,HINDUNILVR.NS,lower,True,sparse
2022-05-24,INFY.NS,upper,False,
2022-05-24,INFY.NS,lower,False,
2022-05-24,SBIN.NS,upper,False,
2022-05-24,SBIN.NS,lower,False,
2022-05-24,TATAMOTORS.NS,upper,False,
2022-05-24,TATAMOTORS.NS,lower,False,
2022-05-25,HINDUNILVR.NS,upper,False,
2022-05-25,HINDUNILVR.NS,lower,True,sparse
2022-05-25,INFY.NS,upper,False,
2022-05-25,INFY.NS,lower,False,
2022-05-25,SBIN.NS,upper,False,
2022-05-25,SBIN.NS,lower,False,
2022-05-25,TATAMOTORS.NS,upper,False,
2022-05-25,TATAMOTORS.NS,lower,False,
2022-05-26,HINDUNILVR.NS,upper,False,
2022-05-26,HINDUNILVR.NS,lower,True,sparse
2022-05-26,INFY.NS,upper,False,
2022-05-26,INFY.NS,lower,False,
2022-05-26,SBIN.NS,upper,False,
2022-05-26,SBIN.NS,lower,False,
2022-05-26,TATAMOTORS.NS,upper,False,
2022-05-26,TATAMOTORS.NS,lower,False,
2022-05-27,HINDUNILVR.NS,upper,False,
2022-05-27,HINDUNILVR.NS,lower,True,sparse
2022-05-27,INFY.NS,upper,False,
2022-05-27,INFY.NS,lower,False,
2022-05-27,SBIN.NS,upper,False,
2022-05-27,SBIN.NS,lower,False,
2022-05-27,TATAMOTORS.NS,upper,False,
2022-05-27,TATAMOTORS.NS,lower,False,
2022-05-30,HINDUNILVR.NS,upper,False,
2022-05-30,HINDUNILVR.NS,lower,True,sparse
2022-05-30,INFY.NS,upper,False,
2022-05-30,INFY.NS,lower,False,
2022-05-30,SBIN.NS,upper,False,
2022-05-30,SBIN.NS,lower,False,
2022-05-30,TATAMOTORS.NS,upper,False,
2022-05-30,TATAMOTORS.NS,lower,False,
2022-05-31,HINDUNILVR.NS,upper,False,
2022-05-31,HINDUNILVR.NS,lower,True,sparse
2022-05-31,INFY.NS,upper,False,
2022-05-31,INFY.NS,lower,False,
2022-05-31,SBIN.NS,upper,False,
2022-05-31,SBIN.NS,lower,False,
2022-05-31,TATAMOTORS.NS,upper,False,
2022-05-31,TATAMOTORS.NS,lower,False,
2022-06-01,HINDUNILVR.NS,upper,False,
2022-06-01,HINDUNILVR.NS,lower,True,sparse
2022-06-01,INFY.NS,upper,False,
2022-06-01,INFY.NS,lower,False,
2022-06-01,SBIN.NS,upper,False,
2022-06-01,SBIN.NS,lower,False,
2022-06-01,TATAMOTORS.NS,upper,False,
2022-06-01,TATAMOTORS.NS,lower,False,
2022-06-02,HINDUNILVR.NS,upper,False,
2022-06-02,HINDUNILVR.NS,lower,True,sparse
2022-06-02,INFY.NS,upper,False,
2022-06-02,INFY.NS,lower,False,
2022-06-02,SBIN.NS,upper,False,
2022-06-02,SBIN.NS,lower,False,
2022-06-02,TATAMOTORS.NS,upper,False,
2022-06-02,TATAMOTORS.NS,lower,False,
2022-06-03,HINDUNILVR.NS,upper,False,
2022-06-03,HINDUNILVR.NS,lower,True,invalid
2022-06-03,INFY.NS,upper,False,
2022-06-03,INFY.NS,lower,False,
2022-06-03,SBIN.NS,upper,False,
2022-06-03,SBIN.NS,lower,False,
2022-06-03,TATAMOTORS.NS,upper,False,
2022-06-03,TATAMOTORS.NS,lower,False,
2022-06-06,HINDUNILVR.NS,upper,False,
2022-06-06,HINDUNILVR.NS,lower,True,invalid
2022-06-06,INFY.NS,upper,False,
2022-06-06,INFY.NS,lower,False,
2022-06-06,SBIN.NS,upper,False,
2022-06-06,SBIN.NS,lower,False,
2022-06-06,TATAMOTORS.NS,upper,False,
2022-06-06,TATAMOTORS.NS,lower,False,
2022-06-07,HINDUNILVR.NS,upper,False,
2022-06-07,HINDUNILVR.NS,lower,True,invalid
2022-06-07,INFY.NS,upper,False,
2022-06-07,INFY.NS,lower,False,
2022-06-07,SBIN.NS,upper,False,
2022-06-07,SBIN.NS,lower,False,
2022-06-07,TATAMOTORS.NS,upper,False,
2022-06-07,TATAMOTORS.NS,lower,False,
2022-06-08,HINDUNILVR.NS,upper,False,
2022-06-08,HINDUNILVR.NS,lower,True,invalid
2022-06-08,INFY.NS,upper,False,
2022-06-08,INFY.NS,lower,False,
2022-06-08,SBIN.NS,upper,False,
2022-06-08,SBIN.NS,lower,False,
2022-06-08,TATAMOTORS.NS,upper,False,
2022-06-08,TATAMOTORS.NS,lower,False,
2022-06-09,HINDUNILVR.NS,upper,False,
2022-06-09,HINDUNILVR.NS,lower,True,invalid
2022-06-09,INFY.NS,upper,False,
2022-06-09,INFY.NS,lower,False,
2022-06-09,SBIN.NS,upper,False,
2022-06-09,SBIN.NS,lower,False,
2022-06-09,TATAMOTORS.NS,upper,False,
2022-06-09,TATAMOTORS.NS,lower,False,
2022-06-10,HINDUNILVR.NS,upper,False,
2022-06-10,HINDUNILVR.NS,lower,True,invalid
2022-06-10,INFY.NS,upper,False,
2022-06-10,INFY.NS,lower,False,
2022-06-10,SBIN.NS,upper,False,
2022-06-10,SBIN.NS,lower,False,
2022-06-10,TATAMOTORS.NS,upper,False,
2022-06-10,TATAMOTORS.NS,lower,False,
2022-06-13,HINDUNILVR.NS,upper,False,
2022-06-13,HINDUNILVR.NS,lower,True,invalid
2022-06-13,INFY.NS,upper,False,
2022-06-13,INFY.NS,lower,False,
2022-06-13,SBIN.NS,upper,False,
2022-06-13,SBIN.NS,lower,False,
2022-06-13,TATAMOTORS.NS,upper,False,
2022-06-13,TATAMOTORS.NS,lower,False,
2022-06-14,HINDUNILVR.NS,upper,False,
2022-06-14,HINDUNILVR.NS,lower,True,invalid
2022-06-14,INFY.NS,upper,False,
2022-06-14,INFY.NS,lower,False,
2022-06-14,SBIN.NS,upper,False,
2022-06-14,SBIN.NS,lower,False,
2022-06-14,TATAMOTORS.NS,upper,False,
2022-06-14,TATAMOTORS.NS,lower,False,
2022-06-15,HINDUNILVR.NS,upper,False,
2022-06-15,HINDUNILVR.NS,lower,False,
2022-06-15,INFY.NS,upper,False,
2022-06-15,INFY.NS,lower,False,
2022-06-15,SBIN.NS,upper,False,
2022-06-15,SBIN.NS,lower,False,
2022-06-15,TATAMOTORS.NS,upper,False,
2022-06-15,TATAMOTORS.NS,lower,False,
2022-06-16,HINDUNILVR.NS,upper,False,
2022-06-16,HINDUNILVR.NS,lower,True,sparse
2022-06-16,INFY.NS,upper,False,
2022-06-16,INFY.NS,lower,False,
2022-06-16,SBIN.NS,upper,False,
2022-06-16,SBIN.NS,lower,False,
2022-06-16,TATAMOTORS.NS,upper,False,
2022-06-16,TATAMOTORS.NS,lower,False,
2022-06-17,HINDUNILVR.NS,upper,False,
2022-06-17,HINDUNILVR.NS,lower,True,sparse
2022-06-17,INFY.NS,upper,False,
2022-06-17,INFY.NS,lower,False,
2022-06-17,SBIN.NS,upper,False,
2022-06-17,SBIN.NS,lower,False,
2022-06-17,TATAMOTORS.NS,upper,False,
2022-06-17,TATAMOTORS.NS,lower,False,
2022-06-20,HINDUNILVR.NS,upper,False,
2022-06-20,HINDUNILVR.NS,lower,True,sparse
2022-06-20,INFY.NS,upper,False,
2022-06-20,INFY.NS,lower,False,
2022-06-20,SBIN.NS,upper,False,
2022-06-20,SBIN.NS,lower,False,
2022-06-20,TATAMOTORS.NS,upper,False,
2022-06-20,TATAMOTORS.NS,lower,False,
2022-06-21,HINDUNILVR.NS,upper,False,
2022-06-21,HINDUNILVR.NS,lower,False,
2022-06-21,INFY.NS,upper,False,
2022-06-21,INFY.NS,lower,False,
2022-06-21,SBIN.NS,upper,False,
2022-06-21,SBIN.NS,lower,False,
2022-06-21,TATAMOTORS.NS,upper,False,
2022-06-21,TATAMOTORS.NS,lower,False,
2022-06-22,HINDUNILVR.NS,upper,False,
2022-06-22,HINDUNILVR.NS,lower,False,
2022-06-22,INFY.NS,upper,False,
2022-06-22,INFY.NS,lower,False,
2022-06-22,SBIN.NS,upper,False,
2022-06-22,SBIN.NS,lower,False,
2022-06-22,TATAMOTORS.NS,upper,False,
2022-06-22,TATAMOTORS.NS,lower,False,
2022-06-23,HINDUNILVR.NS,upper,False,
2022-06-23,HINDUNILVR.NS,lower,False,
2022-06-23,INFY.NS,upper,False,
2022-06-23,INFY.NS,lower,False,
2022-06-23,SBIN.NS,upper,False,
2022-06-23,SBIN.NS,lower,False,
2022-06-23,TATAMOTORS.NS,upper,False,
2022-06-23,TATAMOTORS.NS,lower,False,
2022-06-24,HINDUNILVR.NS,upper,False,
2022-06-24,HINDUNILVR.NS,lower,False,
2022-06-24,INFY.NS,upper,False,
2022-06-24,INFY.NS,lower,False,
2022-06-24,SBIN.NS,upper,False,
2022-06-24,SBIN.NS,lower,False,
2022-06-24,TATAMOTORS.NS,upper,False,
2022-06-24,TATAMOTORS.NS,lower,False,
2022-06-27,HINDUNILVR.NS,upper,False,
2022-06-27,HINDUNILVR.NS,lower,False,
2022-06-27,INFY.NS,upper,False,
2022-06-27,INFY.NS,lower,False,
2022-06-27,SBIN.NS,upper,False,
2022-06-27,SBIN.NS,lower,False,
2022-06-27,TATAMOTORS.NS,upper,False,
2022-06-27,TATAMOTORS.NS,lower,False,
2022-06-28,HINDUNILVR.NS,upper,False,
2022-06-28,HINDUNILVR.NS,lower,False,
2022-06-28,INFY.NS,upper,False,
2022-06-28,INFY.NS,lower,False,
2022-06-28,SBIN.NS,upper,False,
2022-06-28,SBIN.NS,lower,False,
2022-06-28,TATAMOTORS.NS,upper,False,
2022-06-28,TATAMOTORS.NS,lower,False,
2022-06-29,HINDUNILVR.NS,upper,False,
2022-06-29,HINDUNILVR.NS,lower,False,
2022-06-29,INFY.NS,upper,False,
2022-06-29,INFY.NS,lower,False,
2022-06-29,SBIN.NS,upper,False,
2022-06-29,SBIN.NS,lower,False,
2022-06-29,TATAMOTORS.NS,upper,False,
2022-06-29,TATAMOTORS.NS,lower,False,
2022-06-30,HINDUNILVR.NS,upper,False,
2022-06-30,HINDUNILVR.NS,lower,False,
2022-06-30,INFY.NS,upper,False,
2022-06-30,INFY.NS,lower,False,
2022-06-30,SBIN.NS,upper,False,
2022-06-30,SBIN.NS,lower,False,
2022-06-30,TATAMOTORS.NS,upper,False,
2022-06-30,TATAMOTORS.NS,lower,False,
2022-07-01,HINDUNILVR.NS,upper,False,
2022-07-01,HINDUNILVR.NS,lower,False,
2022-07-01,INFY.NS,upper,False,
2022-07-01,INFY.NS,lower,False,
2022-07-01,SBIN.NS,upper,False,
2022-07-01,SBIN.NS,lower,False,
2022-07-01,TATAMOTORS.NS,upper,False,
2022-07-01,TATAMOTORS.NS,lower,False,
2022-07-04,HINDUNILVR.NS,upper,False,
2022-07-04,HINDUNILVR.NS,lower,False,
2022-07-04,INFY.NS,upper,False,
2022-07-04,INFY.NS,lower,False,
2022-07-04,SBIN.NS,upper,False,
2022-07-04,SBIN.NS,lower,False,
2022-07-04,TATAMOTORS.NS,upper,False,
2022-07-04,TATAMOTORS.NS,lower,False,
2022-07-05,HINDUNILVR.NS,upper,False,
2022-07-05,HINDUNILVR.NS,lower,False,
2022-07-05,INFY.NS,upper,False,
2022-07-05,INFY.NS,lower,False,
2022-07-05,SBIN.NS,upper,False,
2022-07-05,SBIN.NS,lower,False,
2022-07-05,TATAMOTORS.NS,upper,False,
2022-07-05,TATAMOTORS.NS,lower,False,
2022-07-06,HINDUNILVR.NS,upper,False,
2022-07-06,HINDUNILVR.NS,lower,False,
2022-07-06,INFY.NS,upper,False,
2022-07-06,INFY.NS,lower,False,
2022-07-06,SBIN.NS,upper,False,
2022-07-06,SBIN.NS,lower,False,
2022-07-06,TATAMOTORS.NS,upper,False,
2022-07-06,TATAMOTORS.NS,lower,False,
2022-07-07,HINDUNILVR.NS,upper,False,
2022-07-07,HINDUNILVR.NS,lower,False,
2022-07-07,INFY.NS,upper,False,
2022-07-07,INFY.NS,lower,False,
2022-07-07,SBIN.NS,upper,False,
2022-07-07,SBIN.NS,lower,False,
2022-07-07,TATAMOTORS.NS,upper,False,
2022-07-07,TATAMOTORS.NS,lower,False,
2022-07-08,HINDUNILVR.NS,upper,False,
2022-07-08,HINDUNILVR.NS,lower,False,
2022-07-08,INFY.NS,upper,False,
2022-07-08,INFY.NS,lower,False,
2022-07-08,SBIN.NS,upper,False,
2022-07-08,SBIN.NS,lower,False,
2022-07-08,TATAMOTORS.NS,upper,False,
2022-07-08,TATAMOTORS.NS,lower,False,
2022-07-11,HINDUNILVR.NS,upper,False,
2022-07-11,HINDUNILVR.NS,lower,False,
2022-07-11,INFY.NS,upper,False,
2022-07-11,INFY.NS,lower,False,
2022-07-11,SBIN.NS,upper,False,
2022-07-11,SBIN.NS,lower,False,
2022-07-11,TATAMOTORS.NS,upper,False,
2022-07-11,TATAMOTORS.NS,lower,False,
2022-07-12,HINDUNILVR.NS,upper,False,
2022-07-12,HINDUNILVR.NS,lower,False,
2022-07-12,INFY.NS,upper,False,
2022-07-12,INFY.NS,lower,False,
2022-07-12,SBIN.NS,upper,False,
2022-07-12,SBIN.NS,lower,False,
2022-07-12,TATAMOTORS.NS,upper,False,
2022-07-12,TATAMOTORS.NS,lower,False,
2022-07-13,HINDUNILVR.NS,upper,False,
2022-07-13,HINDUNILVR.NS,lower,False,
2022-07-13,INFY.NS,upper,False,
2022-07-13,INFY.NS,lower,False,
2022-07-13,SBIN.NS,upper,False,
2022-07-13,SBIN.NS,lower,False,
2022-07-13,TATAMOTORS.NS,upper,False,
2022-07-13,TATAMOTORS.NS,lower,False,
2022-07-14,HINDUNILVR.NS,upper,False,
2022-07-14,HINDUNILVR.NS,lower,True,sparse
2022-07-14,INFY.NS,upper,False,
2022-07-14,INFY.NS,lower,False,
2022-07-14,SBIN.NS,upper,False,
2022-07-14,SBIN.NS,lower,False,
2022-07-14,TATAMOTORS.NS,upper,False,
2022-07-14,TATAMOTORS.NS,lower,False,
2022-07-15,HINDUNILVR.NS,upper,False,
2022-07-15,HINDUNILVR.NS,lower,False,
2022-07-15,INFY.NS,upper,False,
2022-07-15,INFY.NS,lower,False,
2022-07-15,SBIN.NS,upper,False,
2022-07-15,SBIN.NS,lower,False,
2022-07-15,TATAMOTORS.NS,upper,False,
2022-07-15,TATAMOTORS.NS,lower,False,
2022-07-18,HINDUNILVR.NS,upper,False,
2022-07-18,HINDUNILVR.NS,lower,True,sparse
2022-07-18,INFY.NS,upper,False,
2022-07-18,INFY.NS,lower,False,
2022-07-18,SBIN.NS,upper,False,
2022-07-18,SBIN.NS,lower,False,
2022-07-18,TATAMOTORS.NS,upper,False,
2022-07-18,TATAMOTORS.NS,lower,False,
2022-07-19,HINDUNILVR.NS,upper,False,
2022-07-19,HINDUNILVR.NS,lower,True,sparse
2022-07-19,INFY.NS,upper,False,
2022-07-19,INFY.NS,lower,False,
2022-07-19,SBIN.NS,upper,False,
2022-07-19,SBIN.NS,lower,False,
2022-07-19,TATAMOTORS.NS,upper,False,
2022-07-19,TATAMOTORS.NS,lower,False,
2022-07-20,HINDUNILVR.NS,upper,False,
2022-07-20,HINDUNILVR.NS,lower,False,
2022-07-20,INFY.NS,upper,False,
2022-07-20,INFY.NS,lower,False,
2022-07-20,SBIN.NS,upper,False,
2022-07-20,SBIN.NS,lower,False,
2022-07-20,TATAMOTORS.NS,upper,False,
2022-07-20,TATAMOTORS.NS,lower,False,
2022-07-21,HINDUNILVR.NS,upper,False,
2022-07-21,HINDUNILVR.NS,lower,False,
2022-07-21,INFY.NS,upper,False,
2022-07-21,INFY.NS,lower,False,
2022-07-21,SBIN.NS,upper,False,
2022-07-21,SBIN.NS,lower,False,
2022-07-21,TATAMOTORS.NS,upper,False,
2022-07-21,TATAMOTORS.NS,lower,False,
2022-07-22,HINDUNILVR.NS,upper,False,
2022-07-22,HINDUNILVR.NS,lower,False,
2022-07-22,INFY.NS,upper,False,
2022-07-22,INFY.NS,lower,False,
2022-07-22,SBIN.NS,upper,False,
2022-07-22,SBIN.NS,lower,False,
2022-07-22,TATAMOTORS.NS,upper,False,
2022-07-22,TATAMOTORS.NS,lower,False,
2022-07-25,HINDUNILVR.NS,upper,False,
2022-07-25,HINDUNILVR.NS,lower,False,
2022-07-25,INFY.NS,upper,False,
2022-07-25,INFY.NS,lower,False,
2022-07-25,SBIN.NS,upper,False,
2022-07-25,SBIN.NS,lower,False,
2022-07-25,TATAMOTORS.NS,upper,False,
2022-07-25,TATAMOTORS.NS,lower,False,
2022-07-26,HINDUNILVR.NS,upper,False,
2022-07-26,HINDUNILVR.NS,lower,False,
2022-07-26,INFY.NS,upper,False,
2022-07-26,INFY.NS,lower,False,
2022-07-26,SBIN.NS,upper,False,
2022-07-26,SBIN.NS,lower,False,
2022-07-26,TATAMOTORS.NS,upper,False,
2022-07-26,TATAMOTORS.NS,lower,False,
2022-07-27,HINDUNILVR.NS,upper,False,
2022-07-27,HINDUNILVR.NS,lower,False,
2022-07-27,INFY.NS,upper,False,
2022-07-27,INFY.NS,lower,False,
2022-07-27,SBIN.NS,upper,False,
2022-07-27,SBIN.NS,lower,False,
2022-07-27,TATAMOTORS.NS,upper,False,
2022-07-27,TATAMOTORS.NS,lower,False,
2022-07-28,HINDUNILVR.NS,upper,False,
2022-07-28,HINDUNILVR.NS,lower,False,
2022-07-28,INFY.NS,upper,False,
2022-07-28,INFY.NS,lower,False,
2022-07-28,SBIN.NS,upper,False,
2022-07-28,SBIN.NS,lower,False,
2022-07-28,TATAMOTORS.NS,upper,False,
2022-07-28,TATAMOTORS.NS,lower,False,
2022-07-29,HINDUNILVR.NS,upper,False,
2022-07-29,HINDUNILVR.NS,lower,False,
2022-07-29,INFY.NS,upper,False,
2022-07-29,INFY.NS,lower,False,
2022-07-29,SBIN.NS,upper,False,
2022-07-29,SBIN.NS,lower,False,
2022-07-29,TATAMOTORS.NS,upper,False,
2022-07-29,TATAMOTORS.NS,lower,False,
2022-08-01,HINDUNILVR.NS,upper,False,
2022-08-01,HINDUNILVR.NS,lower,False,
2022-08-01,INFY.NS,upper,False,
2022-08-01,INFY.NS,lower,False,
2022-08-01,SBIN.NS,upper,False,
2022-08-01,SBIN.NS,lower,False,
2022-08-01,TATAMOTORS.NS,upper,False,
2022-08-01,TATAMOTORS.NS,lower,False,
2022-08-02,HINDUNILVR.NS,upper,False,
2022-08-02,HINDUNILVR.NS,lower,False,
2022-08-02,INFY.NS,upper,False,
2022-08-02,INFY.NS,lower,False,
2022-08-02,SBIN.NS,upper,False,
2022-08-02,SBIN.NS,lower,False,
2022-08-02,TATAMOTORS.NS,upper,False,
2022-08-02,TATAMOTORS.NS,lower,False,
2022-08-03,HINDUNILVR.NS,upper,False,
2022-08-03,HINDUNILVR.NS,lower,False,
2022-08-03,INFY.NS,upper,False,
2022-08-03,INFY.NS,lower,False,
2022-08-03,SBIN.NS,upper,False,
2022-08-03,SBIN.NS,lower,False,
2022-08-03,TATAMOTORS.NS,upper,False,
2022-08-03,TATAMOTORS.NS,lower,False,
2022-08-04,HINDUNILVR.NS,upper,False,
2022-08-04,HINDUNILVR.NS,lower,False,
2022-08-04,INFY.NS,upper,False,
2022-08-04,INFY.NS,lower,False,
2022-08-04,SBIN.NS,upper,False,
2022-08-04,SBIN.NS,lower,False,
2022-08-04,TATAMOTORS.NS,upper,False,
2022-08-04,TATAMOTORS.NS,lower,False,
2022-08-05,HINDUNILVR.NS,upper,False,
2022-08-05,HINDUNILVR.NS,lower,False,
2022-08-05,INFY.NS,upper,False,
2022-08-05,INFY.NS,lower,False,
2022-08-05,SBIN.NS,upper,False,
2022-08-05,SBIN.NS,lower,False,
2022-08-05,TATAMOTORS.NS,upper,False,
2022-08-05,TATAMOTORS.NS,lower,False,
2022-08-08,HINDUNILVR.NS,upper,False,
2022-08-08,HINDUNILVR.NS,lower,False,
2022-08-08,INFY.NS,upper,False,
2022-08-08,INFY.NS,lower,False,
2022-08-08,SBIN.NS,upper,False,
2022-08-08,SBIN.NS,lower,False,
2022-08-08,TATAMOTORS.NS,upper,False,
2022-08-08,TATAMOTORS.NS,lower,False,
2022-08-10,HINDUNILVR.NS,upper,False,
2022-08-10,HINDUNILVR.NS,lower,False,
2022-08-10,INFY.NS,upper,False,
2022-08-10,INFY.NS,lower,False,
2022-08-10,SBIN.NS,upper,False,
2022-08-10,SBIN.NS,lower,False,
2022-08-10,TATAMOTORS.NS,upper,False,
2022-08-10,TATAMOTORS.NS,lower,False,
2022-08-11,HINDUNILVR.NS,upper,False,
2022-08-11,HINDUNILVR.NS,lower,False,
2022-08-11,INFY.NS,upper,False,
2022-08-11,INFY.NS,lower,False,
2022-08-11,SBIN.NS,upper,False,
2022-08-11,SBIN.NS,lower,False,
2022-08-11,TATAMOTORS.NS,upper,False,
2022-08-11,TATAMOTORS.NS,lower,False,
2022-08-12,HINDUNILVR.NS,upper,False,
2022-08-12,HINDUNILVR.NS,lower,False,
2022-08-12,INFY.NS,upper,False,
2022-08-12,INFY.NS,lower,False,
2022-08-12,SBIN.NS,upper,False,
2022-08-12,SBIN.NS,lower,False,
2022-08-12,TATAMOTORS.NS,upper,False,
2022-08-12,TATAMOTORS.NS,lower,False,
2022-08-16,HINDUNILVR.NS,upper,False,
2022-08-16,HINDUNILVR.NS,lower,False,
2022-08-16,INFY.NS,upper,False,
2022-08-16,INFY.NS,lower,False,
2022-08-16,SBIN.NS,upper,False,
2022-08-16,SBIN.NS,lower,False,
2022-08-16,TATAMOTORS.NS,upper,False,
2022-08-16,TATAMOTORS.NS,lower,False,
2022-08-17,HINDUNILVR.NS,upper,False,
2022-08-17,HINDUNILVR.NS,lower,False,
2022-08-17,INFY.NS,upper,False,
2022-08-17,INFY.NS,lower,False,
2022-08-17,SBIN.NS,upper,False,
2022-08-17,SBIN.NS,lower,False,
2022-08-17,TATAMOTORS.NS,upper,False,
2022-08-17,TATAMOTORS.NS,lower,False,
2022-08-18,HINDUNILVR.NS,upper,False,
2022-08-18,HINDUNILVR.NS,lower,False,
2022-08-18,INFY.NS,upper,False,
2022-08-18,INFY.NS,lower,False,
2022-08-18,SBIN.NS,upper,False,
2022-08-18,SBIN.NS,lower,False,
2022-08-18,TATAMOTORS.NS,upper,False,
2022-08-18,TATAMOTORS.NS,lower,False,
2022-08-19,HINDUNILVR.NS,upper,False,
2022-08-19,HINDUNILVR.NS,lower,False,
2022-08-19,INFY.NS,upper,False,
2022-08-19,INFY.NS,lower,False,
2022-08-19,SBIN.NS,upper,False,
2022-08-19,SBIN.NS,lower,False,
2022-08-19,TATAMOTORS.NS,upper,False,
2022-08-19,TATAMOTORS.NS,lower,False,
2022-08-22,HINDUNILVR.NS,upper,False,
2022-08-22,HINDUNILVR.NS,lower,False,
2022-08-22,INFY.NS,upper,False,
2022-08-22,INFY.NS,lower,False,
2022-08-22,SBIN.NS,upper,False,
2022-08-22,SBIN.NS,lower,False,
2022-08-22,TATAMOTORS.NS,upper,False,
2022-08-22,TATAMOTORS.NS,lower,False,
2022-08-23,HINDUNILVR.NS,upper,False,
2022-08-23,HINDUNILVR.NS,lower,False,
2022-08-23,INFY.NS,upper,False,
2022-08-23,INFY.NS,lower,False,
2022-08-23,SBIN.NS,upper,False,
2022-08-23,SBIN.NS,lower,False,
2022-08-23,TATAMOTORS.NS,upper,False,
2022-08-23,TATAMOTORS.NS,lower,False,
2022-08-24,HINDUNILVR.NS,upper,False,
2022-08-24,HINDUNILVR.NS,lower,False,
2022-08-24,INFY.NS,upper,False,
2022-08-24,INFY.NS,lower,False,
2022-08-24,SBIN.NS,upper,False,
2022-08-24,SBIN.NS,lower,False,
2022-08-24,TATAMOTORS.NS,upper,False,
2022-08-24,TATAMOTORS.NS,lower,False,
2022-08-25,HINDUNILVR.NS,upper,False,
2022-08-25,HINDUNILVR.NS,lower,False,
2022-08-25,INFY.NS,upper,False,
2022-08-25,INFY.NS,lower,False,
2022-08-25,SBIN.NS,upper,False,
2022-08-25,SBIN.NS,lower,False,
2022-08-25,TATAMOTORS.NS,upper,False,
2022-08-25,TATAMOTORS.NS,lower,False,
2022-08-26,HINDUNILVR.NS,upper,False,
2022-08-26,HINDUNILVR.NS,lower,False,
2022-08-26,INFY.NS,upper,False,
2022-08-26,INFY.NS,lower,False,
2022-08-26,SBIN.NS,upper,False,
2022-08-26,SBIN.NS,lower,False,
2022-08-26,TATAMOTORS.NS,upper,False,
2022-08-26,TATAMOTORS.NS,lower,False,
2022-08-29,HINDUNILVR.NS,upper,False,
2022-08-29,HINDUNILVR.NS,lower,False,
2022-08-29,INFY.NS,upper,False,
2022-08-29,INFY.NS,lower,False,
2022-08-29,SBIN.NS,upper,False,
2022-08-29,SBIN.NS,lower,False,
2022-08-29,TATAMOTORS.NS,upper,False,
2022-08-29,TATAMOTORS.NS,lower,False,
2022-08-30,HINDUNILVR.NS,upper,False,
2022-08-30,HINDUNILVR.NS,lower,False,
2022-08-30,INFY.NS,upper,False,
2022-08-30,INFY.NS,lower,False,
2022-08-30,SBIN.NS,upper,False,
2022-08-30,SBIN.NS,lower,False,
2022-08-30,TATAMOTORS.NS,upper,False,
2022-08-30,TATAMOTORS.NS,lower,False,
2022-09-01,HINDUNILVR.NS,upper,False,
2022-09-01,HINDUNILVR.NS,lower,False,
2022-09-01,INFY.NS,upper,False,
2022-09-01,INFY.NS,lower,False,
2022-09-01,SBIN.NS,upper,False,
2022-09-01,SBIN.NS,lower,False,
2022-09-01,TATAMOTORS.NS,upper,False,
2022-09-01,TATAMOTORS.NS,lower,False,
2022-09-02,HINDUNILVR.NS,upper,False,
2022-09-02,HINDUNILVR.NS,lower,False,
2022-09-02,INFY.NS,upper,False,
2022-09-02,INFY.NS,lower,False,
2022-09-02,SBIN.NS,upper,False,
2022-09-02,SBIN.NS,lower,False,
2022-09-02,TATAMOTORS.NS,upper,False,
2022-09-02,TATAMOTORS.NS,lower,False,
2022-09-05,HINDUNILVR.NS,upper,False,
2022-09-05,HINDUNILVR.NS,lower,False,
2022-09-05,INFY.NS,upper,False,
2022-09-05,INFY.NS,lower,False,
2022-09-05,SBIN.NS,upper,False,
2022-09-05,SBIN.NS,lower,False,
2022-09-05,TATAMOTORS.NS,upper,False,
2022-09-05,TATAMOTORS.NS,lower,False,
2022-09-06,HINDUNILVR.NS,upper,False,
2022-09-06,HINDUNILVR.NS,lower,False,
2022-09-06,INFY.NS,upper,False,
2022-09-06,INFY.NS,lower,False,
2022-09-06,SBIN.NS,upper,False,
2022-09-06,SBIN.NS,lower,False,
2022-09-06,TATAMOTORS.NS,upper,False,
2022-09-06,TATAMOTORS.NS,lower,False,
2022-09-07,HINDUNILVR.NS,upper,False,
2022-09-07,HINDUNILVR.NS,lower,False,
2022-09-07,INFY.NS,upper,False,
2022-09-07,INFY.NS,lower,False,
2022-09-07,SBIN.NS,upper,False,
2022-09-07,SBIN.NS,lower,False,
2022-09-07,TATAMOTORS.NS,upper,False,
2022-09-07,TATAMOTORS.NS,lower,False,
2022-09-08,HINDUNILVR.NS,upper,False,
2022-09-08,HINDUNILVR.NS,lower,False,
2022-09-08,INFY.NS,upper,False,
2022-09-08,INFY.NS,lower,False,
2022-09-08,SBIN.NS,upper,False,
2022-09-08,SBIN.NS,lower,False,
2022-09-08,TATAMOTORS.NS,upper,False,
2022-09-08,TATAMOTORS.NS,lower,False,
2022-09-09,HINDUNILVR.NS,upper,False,
2022-09-09,HINDUNILVR.NS,lower,False,
2022-09-09,INFY.NS,upper,False,
2022-09-09,INFY.NS,lower,False,
2022-09-09,SBIN.NS,upper,False,
2022-09-09,SBIN.NS,lower,False,
2022-09-09,TATAMOTORS.NS,upper,False,
2022-09-09,TATAMOTORS.NS,lower,False,
2022-09-12,HINDUNILVR.NS,upper,False,
2022-09-12,HINDUNILVR.NS,lower,False,
2022-09-12,INFY.NS,upper,False,
2022-09-12,INFY.NS,lower,False,
2022-09-12,SBIN.NS,upper,False,
2022-09-12,SBIN.NS,lower,False,
2022-09-12,TATAMOTORS.NS,upper,False,
2022-09-12,TATAMOTORS.NS,lower,False,
2022-09-13,HINDUNILVR.NS,upper,False,
2022-09-13,HINDUNILVR.NS,lower,False,
2022-09-13,INFY.NS,upper,False,
2022-09-13,INFY.NS,lower,False,
2022-09-13,SBIN.NS,upper,False,
2022-09-13,SBIN.NS,lower,False,
2022-09-13,TATAMOTORS.NS,upper,False,
2022-09-13,TATAMOTORS.NS,lower,False,
2022-09-14,HINDUNILVR.NS,upper,False,
2022-09-14,HINDUNILVR.NS,lower,False,
2022-09-14,INFY.NS,upper,False,
2022-09-14,INFY.NS,lower,False,
2022-09-14,SBIN.NS,upper,False,
2022-09-14,SBIN.NS,lower,False,
2022-09-14,TATAMOTORS.NS,upper,False,
2022-09-14,TATAMOTORS.NS,lower,False,
2022-09-15,HINDUNILVR.NS,upper,False,
2022-09-15,HINDUNILVR.NS,lower,False,
2022-09-15,INFY.NS,upper,False,
2022-09-15,INFY.NS,lower,False,
2022-09-15,SBIN.NS,upper,False,
2022-09-15,SBIN.NS,lower,False,
2022-09-15,TATAMOTORS.NS,upper,False,
2022-09-15,TATAMOTORS.NS,lower,False,
2022-09-16,HINDUNILVR.NS,upper,False,
2022-09-16,HINDUNILVR.NS,lower,False,
2022-09-16,INFY.NS,upper,False,
2022-09-16,INFY.NS,lower,False,
2022-09-16,SBIN.NS,upper,False,
2022-09-16,SBIN.NS,lower,False,
2022-09-16,TATAMOTORS.NS,upper,False,
2022-09-16,TATAMOTORS.NS,lower,False,
2022-09-19,HINDUNILVR.NS,upper,False,
2022-09-19,HINDUNILVR.NS,lower,False,
2022-09-19,INFY.NS,upper,False,
2022-09-19,INFY.NS,lower,False,
2022-09-19,SBIN.NS,upper,False,
2022-09-19,SBIN.NS,lower,False,
2022-09-19,TATAMOTORS.NS,upper,False,
2022-09-19,TATAMOTORS.NS,lower,False,
2022-09-20,HINDUNILVR.NS,upper,False,
2022-09-20,HINDUNILVR.NS,lower,False,
2022-09-20,INFY.NS,upper,False,
2022-09-20,INFY.NS,lower,False,
2022-09-20,SBIN.NS,upper,False,
2022-09-20,SBIN.NS,lower,False,
2022-09-20,TATAMOTORS.NS,upper,False,
2022-09-20,TATAMOTORS.NS,lower,False,
2022-09-21,HINDUNILVR.NS,upper,False,
2022-09-21,HINDUNILVR.NS,lower,False,
2022-09-21,INFY.NS,upper,False,
2022-09-21,INFY.NS,lower,False,
2022-09-21,SBIN.NS,upper,False,
2022-09-21,SBIN.NS,lower,False,
2022-09-21,TATAMOTORS.NS,upper,False,
2022-09-21,TATAMOTORS.NS,lower,False,
2022-09-22,HINDUNILVR.NS,upper,False,
2022-09-22,HINDUNILVR.NS,lower,False,
2022-09-22,INFY.NS,upper,False,
2022-09-22,INFY.NS,lower,False,
2022-09-22,SBIN.NS,upper,False,
2022-09-22,SBIN.NS,lower,False,
2022-09-22,TATAMOTORS.NS,upper,False,
2022-09-22,TATAMOTORS.NS,lower,False,
2022-09-23,HINDUNILVR.NS,upper,False,
2022-09-23,HINDUNILVR.NS,lower,False,
2022-09-23,INFY.NS,upper,False,
2022-09-23,INFY.NS,lower,False,
2022-09-23,SBIN.NS,upper,False,
2022-09-23,SBIN.NS,lower,False,
2022-09-23,TATAMOTORS.NS,upper,False,
2022-09-23,TATAMOTORS.NS,lower,False,
2022-09-26,HINDUNILVR.NS,upper,False,
2022-09-26,HINDUNILVR.NS,lower,False,
2022-09-26,INFY.NS,upper,False,
2022-09-26,INFY.NS,lower,False,
2022-09-26,SBIN.NS,upper,False,
2022-09-26,SBIN.NS,lower,False,
2022-09-26,TATAMOTORS.NS,upper,False,
2022-09-26,TATAMOTORS.NS,lower,False,
2022-09-27,HINDUNILVR.NS,upper,False,
2022-09-27,HINDUNILVR.NS,lower,False,
2022-09-27,INFY.NS,upper,False,
2022-09-27,INFY.NS,lower,False,
2022-09-27,SBIN.NS,upper,False,
2022-09-27,SBIN.NS,lower,False,
2022-09-27,TATAMOTORS.NS,upper,False,
2022-09-27,TATAMOTORS.NS,lower,False,
2022-09-28,HINDUNILVR.NS,upper,False,
2022-09-28,HINDUNILVR.NS,lower,False,
2022-09-28,INFY.NS,upper,False,
2022-09-28,INFY.NS,lower,False,
2022-09-28,SBIN.NS,upper,False,
2022-09-28,SBIN.NS,lower,False,
2022-09-28,TATAMOTORS.NS,upper,False,
2022-09-28,TATAMOTORS.NS,lower,False,
2022-09-29,HINDUNILVR.NS,upper,False,
2022-09-29,HINDUNILVR.NS,lower,False,
2022-09-29,INFY.NS,upper,False,
2022-09-29,INFY.NS,lower,False,
2022-09-29,SBIN.NS,upper,False,
2022-09-29,SBIN.NS,lower,False,
2022-09-29,TATAMOTORS.NS,upper,False,
2022-09-29,TATAMOTORS.NS,lower,False,
2022-09-30,HINDUNILVR.NS,upper,False,
2022-09-30,HINDUNILVR.NS,lower,False,
2022-09-30,INFY.NS,upper,False,
2022-09-30,INFY.NS,lower,False,
2022-09-30,SBIN.NS,upper,False,
2022-09-30,SBIN.NS,lower,False,
2022-09-30,TATAMOTORS.NS,upper,False,
2022-09-30,TATAMOTORS.NS,lower,False,
2022-10-03,HINDUNILVR.NS,upper,False,
2022-10-03,HINDUNILVR.NS,lower,False,
2022-10-03,INFY.NS,upper,False,
2022-10-03,INFY.NS,lower,False,
2022-10-03,SBIN.NS,upper,False,
2022-10-03,SBIN.NS,lower,False,
2022-10-03,TATAMOTORS.NS,upper,False,
2022-10-03,TATAMOTORS.NS,lower,False,
2022-10-04,HINDUNILVR.NS,upper,False,
2022-10-04,HINDUNILVR.NS,lower,False,
2022-10-04,INFY.NS,upper,False,
2022-10-04,INFY.NS,lower,False,
2022-10-04,SBIN.NS,upper,False,
2022-10-04,SBIN.NS,lower,False,
2022-10-04,TATAMOTORS.NS,upper,False,
2022-10-04,TATAMOTORS.NS,lower,False,
2022-10-06,HINDUNILVR.NS,upper,False,
2022-10-06,HINDUNILVR.NS,lower,False,
2022-10-06,INFY.NS,upper,False,
2022-10-06,INFY.NS,lower,False,
2022-10-06,SBIN.NS,upper,False,
2022-10-06,SBIN.NS,lower,False,
2022-10-06,TATAMOTORS.NS,upper,False,
2022-10-06,TATAMOTORS.NS,lower,False,
2022-10-07,HINDUNILVR.NS,upper,False,
2022-10-07,HINDUNILVR.NS,lower,False,
2022-10-07,INFY.NS,upper,False,
2022-10-07,INFY.NS,lower,False,
2022-10-07,SBIN.NS,upper,False,
2022-10-07,SBIN.NS,lower,False,
2022-10-07,TATAMOTORS.NS,upper,False,
2022-10-07,TATAMOTORS.NS,lower,False,
2022-10-10,HINDUNILVR.NS,upper,False,
2022-10-10,HINDUNILVR.NS,lower,False,
2022-10-10,INFY.NS,upper,False,
2022-10-10,INFY.NS,lower,False,
2022-10-10,SBIN.NS,upper,False,
2022-10-10,SBIN.NS,lower,False,
2022-10-10,TATAMOTORS.NS,upper,False,
2022-10-10,TATAMOTORS.NS,lower,False,
2022-10-11,HINDUNILVR.NS,upper,False,
2022-10-11,HINDUNILVR.NS,lower,False,
2022-10-11,INFY.NS,upper,False,
2022-10-11,INFY.NS,lower,False,
2022-10-11,SBIN.NS,upper,False,
2022-10-11,SBIN.NS,lower,False,
2022-10-11,TATAMOTORS.NS,upper,False,
2022-10-11,TATAMOTORS.NS,lower,False,
2022-10-12,HINDUNILVR.NS,upper,False,
2022-10-12,HINDUNILVR.NS,lower,False,
2022-10-12,INFY.NS,upper,False,
2022-10-12,INFY.NS,lower,False,
2022-10-12,SBIN.NS,upper,False,
2022-10-12,SBIN.NS,lower,False,
2022-10-12,TATAMOTORS.NS,upper,False,
2022-10-12,TATAMOTORS.NS,lower,False,
2022-10-13,HINDUNILVR.NS,upper,False,
2022-10-13,HINDUNILVR.NS,lower,False,
2022-10-13,INFY.NS,upper,False,
2022-10-13,INFY.NS,lower,False,
2022-10-13,SBIN.NS,upper,False,
2022-10-13,SBIN.NS,lower,False,
2022-10-13,TATAMOTORS.NS,upper,False,
2022-10-13,TATAMOTORS.NS,lower,False,
2022-10-14,HINDUNILVR.NS,upper,False,
2022-10-14,HINDUNILVR.NS,lower,False,
2022-10-14,INFY.NS,upper,False,
2022-10-14,INFY.NS,lower,False,
2022-10-14,SBIN.NS,upper,False,
2022-10-14,SBIN.NS,lower,False,
2022-10-14,TATAMOTORS.NS,upper,False,
2022-10-14,TATAMOTORS.NS,lower,False,
2022-10-17,HINDUNILVR.NS,upper,False,
2022-10-17,HINDUNILVR.NS,lower,False,
2022-10-17,INFY.NS,upper,False,
2022-10-17,INFY.NS,lower,False,
2022-10-17,SBIN.NS,upper,False,
2022-10-17,SBIN.NS,lower,False,
2022-10-17,TATAMOTORS.NS,upper,False,
2022-10-17,TATAMOTORS.NS,lower,False,
2022-10-18,HINDUNILVR.NS,upper,False,
2022-10-18,HINDUNILVR.NS,lower,False,
2022-10-18,INFY.NS,upper,False,
2022-10-18,INFY.NS,lower,False,
2022-10-18,SBIN.NS,upper,False,
2022-10-18,SBIN.NS,lower,False,
2022-10-18,TATAMOTORS.NS,upper,False,
2022-10-18,TATAMOTORS.NS,lower,False,
2022-10-19,HINDUNILVR.NS,upper,False,
2022-10-19,HINDUNILVR.NS,lower,False,
2022-10-19,INFY.NS,upper,False,
2022-10-19,INFY.NS,lower,False,
2022-10-19,SBIN.NS,upper,False,
2022-10-19,SBIN.NS,lower,False,
2022-10-19,TATAMOTORS.NS,upper,False,
2022-10-19,TATAMOTORS.NS,lower,False,
2022-10-20,HINDUNILVR.NS,upper,False,
2022-10-20,HINDUNILVR.NS,lower,False,
2022-10-20,INFY.NS,upper,False,
2022-10-20,INFY.NS,lower,False,
2022-10-20,SBIN.NS,upper,False,
2022-10-20,SBIN.NS,lower,False,
2022-10-20,TATAMOTORS.NS,upper,False,
2022-10-20,TATAMOTORS.NS,lower,False,
2022-10-21,HINDUNILVR.NS,upper,False,
2022-10-21,HINDUNILVR.NS,lower,False,
2022-10-21,INFY.NS,upper,False,
2022-10-21,INFY.NS,lower,False,
2022-10-21,SBIN.NS,upper,False,
2022-10-21,SBIN.NS,lower,False,
2022-10-21,TATAMOTORS.NS,upper,False,
2022-10-21,TATAMOTORS.NS,lower,False,
2022-10-24,HINDUNILVR.NS,upper,False,
2022-10-24,HINDUNILVR.NS,lower,False,
2022-10-24,INFY.NS,upper,False,
2022-10-24,INFY.NS,lower,False,
2022-10-24,SBIN.NS,upper,False,
2022-10-24,SBIN.NS,lower,False,
2022-10-24,TATAMOTORS.NS,upper,False,
2022-10-24,TATAMOTORS.NS,lower,False,
2022-10-25,HINDUNILVR.NS,upper,False,
2022-10-25,HINDUNILVR.NS,lower,False,
2022-10-25,INFY.NS,upper,False,
2022-10-25,INFY.NS,lower,False,
2022-10-25,SBIN.NS,upper,False,
2022-10-25,SBIN.NS,lower,False,
2022-10-25,TATAMOTORS.NS,upper,False,
2022-10-25,TATAMOTORS.NS,lower,False,
2022-10-27,HINDUNILVR.NS,upper,False,
2022-10-27,HINDUNILVR.NS,lower,False,
2022-10-27,INFY.NS,upper,False,
2022-10-27,INFY.NS,lower,False,
2022-10-27,SBIN.NS,upper,False,
2022-10-27,SBIN.NS,lower,False,
2022-10-27,TATAMOTORS.NS,upper,False,
2022-10-27,TATAMOTORS.NS,lower,False,
2022-10-28,HINDUNILVR.NS,upper,False,
2022-10-28,HINDUNILVR.NS,lower,False,
2022-10-28,INFY.NS,upper,False,
2022-10-28,INFY.NS,lower,False,
2022-10-28,SBIN.NS,upper,False,
2022-10-28,SBIN.NS,lower,False,
2022-10-28,TATAMOTORS.NS,upper,False,
2022-10-28,TATAMOTORS.NS,lower,False,
2022-10-31,HINDUNILVR.NS,upper,False,
2022-10-31,HINDUNILVR.NS,lower,False,
2022-10-31,INFY.NS,upper,False,
2022-10-31,INFY.NS,lower,False,
2022-10-31,SBIN.NS,upper,False,
2022-10-31,SBIN.NS,lower,False,
2022-10-31,TATAMOTORS.NS,upper,False,
2022-10-31,TATAMOTORS.NS,lower,False,
2022-11-01,HINDUNILVR.NS,upper,False,
2022-11-01,HINDUNILVR.NS,lower,False,
2022-11-01,INFY.NS,upper,False,
2022-11-01,INFY.NS,lower,False,
2022-11-01,SBIN.NS,upper,False,
2022-11-01,SBIN.NS,lower,False,
2022-11-01,TATAMOTORS.NS,upper,False,
2022-11-01,TATAMOTORS.NS,lower,False,
2022-11-02,HINDUNILVR.NS,upper,False,
2022-11-02,HINDUNILVR.NS,lower,False,
2022-11-02,INFY.NS,upper,False,
2022-11-02,INFY.NS,lower,False,
2022-11-02,SBIN.NS,upper,False,
2022-11-02,SBIN.NS,lower,False,
2022-11-02,TATAMOTORS.NS,upper,False,
2022-11-02,TATAMOTORS.NS,lower,False,
2022-11-03,HINDUNILVR.NS,upper,False,
2022-11-03,HINDUNILVR.NS,lower,False,
2022-11-03,INFY.NS,upper,False,
2022-11-03,INFY.NS,lower,False,
2022-11-03,SBIN.NS,upper,False,
2022-11-03,SBIN.NS,lower,False,
2022-11-03,TATAMOTORS.NS,upper,False,
2022-11-03,TATAMOTORS.NS,lower,False,
2022-11-04,HINDUNILVR.NS,upper,False,
2022-11-04,HINDUNILVR.NS,lower,False,
2022-11-04,INFY.NS,upper,False,
2022-11-04,INFY.NS,lower,False,
2022-11-04,SBIN.NS,upper,False,
2022-11-04,SBIN.NS,lower,False,
2022-11-04,TATAMOTORS.NS,upper,False,
2022-11-04,TATAMOTORS.NS,lower,False,
2022-11-07,HINDUNILVR.NS,upper,False,
2022-11-07,HINDUNILVR.NS,lower,False,
2022-11-07,INFY.NS,upper,False,
2022-11-07,INFY.NS,lower,False,
2022-11-07,SBIN.NS,upper,False,
2022-11-07,SBIN.NS,lower,False,
2022-11-07,TATAMOTORS.NS,upper,False,
2022-11-07,TATAMOTORS.NS,lower,False,
2022-11-09,HINDUNILVR.NS,upper,False,
2022-11-09,HINDUNILVR.NS,lower,False,
2022-11-09,INFY.NS,upper,False,
2022-11-09,INFY.NS,lower,False,
2022-11-09,SBIN.NS,upper,False,
2022-11-09,SBIN.NS,lower,False,
2022-11-09,TATAMOTORS.NS,upper,False,
2022-11-09,TATAMOTORS.NS,lower,False,
2022-11-10,HINDUNILVR.NS,upper,False,
2022-11-10,HINDUNILVR.NS,lower,False,
2022-11-10,INFY.NS,upper,False,
2022-11-10,INFY.NS,lower,False,
2022-11-10,SBIN.NS,upper,False,
2022-11-10,SBIN.NS,lower,False,
2022-11-10,TATAMOTORS.NS,upper,False,
2022-11-10,TATAMOTORS.NS,lower,False,
2022-11-11,HINDUNILVR.NS,upper,False,
2022-11-11,HINDUNILVR.NS,lower,False,
2022-11-11,INFY.NS,upper,False,
2022-11-11,INFY.NS,lower,False,
2022-11-11,SBIN.NS,upper,False,
2022-11-11,SBIN.NS,lower,False,
2022-11-11,TATAMOTORS.NS,upper,False,
2022-11-11,TATAMOTORS.NS,lower,False,
2022-11-14,HINDUNILVR.NS,upper,False,
2022-11-14,HINDUNILVR.NS,lower,False,
2022-11-14,INFY.NS,upper,False,
2022-11-14,INFY.NS,lower,False,
2022-11-14,SBIN.NS,upper,False,
2022-11-14,SBIN.NS,lower,False,
2022-11-14,TATAMOTORS.NS,upper,False,
2022-11-14,TATAMOTORS.NS,lower,False,
2022-11-15,HINDUNILVR.NS,upper,False,
2022-11-15,HINDUNILVR.NS,lower,False,
2022-11-15,INFY.NS,upper,True,sparse
2022-11-15,INFY.NS,lower,False,
2022-11-15,SBIN.NS,upper,False,
2022-11-15,SBIN.NS,lower,False,
2022-11-15,TATAMOTORS.NS,upper,False,
2022-11-15,TATAMOTORS.NS,lower,False,
2022-11-16,HINDUNILVR.NS,upper,False,
2022-11-16,HINDUNILVR.NS,lower,False,
2022-11-16,INFY.NS,upper,False,
2022-11-16,INFY.NS,lower,False,
2022-11-16,SBIN.NS,upper,False,
2022-11-16,SBIN.NS,lower,False,
2022-11-16,TATAMOTORS.NS,upper,False,
2022-11-16,TATAMOTORS.NS,lower,False,
2022-11-17,HINDUNILVR.NS,upper,False,
2022-11-17,HINDUNILVR.NS,lower,False,
2022-11-17,INFY.NS,upper,False,
2022-11-17,INFY.NS,lower,False,
2022-11-17,SBIN.NS,upper,False,
2022-11-17,SBIN.NS,lower,False,
2022-11-17,TATAMOTORS.NS,upper,False,
2022-11-17,TATAMOTORS.NS,lower,False,
2022-11-18,HINDUNILVR.NS,upper,False,
2022-11-18,HINDUNILVR.NS,lower,False,
2022-11-18,INFY.NS,upper,False,
2022-11-18,INFY.NS,lower,False,
2022-11-18,SBIN.NS,upper,False,
2022-11-18,SBIN.NS,lower,False,
2022-11-18,TATAMOTORS.NS,upper,False,
2022-11-18,TATAMOTORS.NS,lower,False,
2022-11-21,HINDUNILVR.NS,upper,False,
2022-11-21,HINDUNILVR.NS,lower,False,
2022-11-21,INFY.NS,upper,False,
2022-11-21,INFY.NS,lower,False,
2022-11-21,SBIN.NS,upper,False,
2022-11-21,SBIN.NS,lower,False,
2022-11-21,TATAMOTORS.NS,upper,False,
2022-11-21,TATAMOTORS.NS,lower,False,
2022-11-22,HINDUNILVR.NS,upper,False,
2022-11-22,HINDUNILVR.NS,lower,False,
2022-11-22,INFY.NS,upper,False,
2022-11-22,INFY.NS,lower,False,
2022-11-22,SBIN.NS,upper,False,
2022-11-22,SBIN.NS,lower,False,
2022-11-22,TATAMOTORS.NS,upper,False,
2022-11-22,TATAMOTORS.NS,lower,False,
2022-11-23,HINDUNILVR.NS,upper,False,
2022-11-23,HINDUNILVR.NS,lower,False,
2022-11-23,INFY.NS,upper,False,
2022-11-23,INFY.NS,lower,False,
2022-11-23,SBIN.NS,upper,False,
2022-11-23,SBIN.NS,lower,False,
2022-11-23,TATAMOTORS.NS,upper,False,
2022-11-23,TATAMOTORS.NS,lower,False,
2022-11-24,HINDUNILVR.NS,upper,False,
2022-11-24,HINDUNILVR.NS,lower,False,
2022-11-24,INFY.NS,upper,False,
2022-11-24,INFY.NS,lower,False,
2022-11-24,SBIN.NS,upper,False,
2022-11-24,SBIN.NS,lower,False,
2022-11-24,TATAMOTORS.NS,upper,False,
2022-11-24,TATAMOTORS.NS,lower,False,
2022-11-25,HINDUNILVR.NS,upper,False,
2022-11-25,HINDUNILVR.NS,lower,False,
2022-11-25,INFY.NS,upper,False,
2022-11-25,INFY.NS,lower,False,
2022-11-25,SBIN.NS,upper,False,
2022-11-25,SBIN.NS,lower,False,
2022-11-25,TATAMOTORS.NS,upper,False,
2022-11-25,TATAMOTORS.NS,lower,False,
2022-11-28,HINDUNILVR.NS,upper,False,
2022-11-28,HINDUNILVR.NS,lower,False,
2022-11-28,INFY.NS,upper,False,
2022-11-28,INFY.NS,lower,False,
2022-11-28,SBIN.NS,upper,False,
2022-11-28,SBIN.NS,lower,False,
2022-11-28,TATAMOTORS.NS,upper,False,
2022-11-28,TATAMOTORS.NS,lower,False,
2022-11-29,HINDUNILVR.NS,upper,False,
2022-11-29,HINDUNILVR.NS,lower,False,
2022-11-29,INFY.NS,upper,False,
2022-11-29,INFY.NS,lower,False,
2022-11-29,SBIN.NS,upper,False,
2022-11-29,SBIN.NS,lower,False,
2022-11-29,TATAMOTORS.NS,upper,False,
2022-11-29,TATAMOTORS.NS,lower,False,
2022-11-30,HINDUNILVR.NS,upper,False,
2022-11-30,HINDUNILVR.NS,lower,False,
2022-11-30,INFY.NS,upper,False,
2022-11-30,INFY.NS,lower,False,
2022-11-30,SBIN.NS,upper,False,
2022-11-30,SBIN.NS,lower,False,
2022-11-30,TATAMOTORS.NS,upper,False,
2022-11-30,TATAMOTORS.NS,lower,False,
2022-12-01,HINDUNILVR.NS,upper,False,
2022-12-01,HINDUNILVR.NS,lower,False,
2022-12-01,INFY.NS,upper,False,
2022-12-01,INFY.NS,lower,False,
2022-12-01,SBIN.NS,upper,False,
2022-12-01,SBIN.NS,lower,False,
2022-12-01,TATAMOTORS.NS,upper,False,
2022-12-01,TATAMOTORS.NS,lower,False,
2022-12-02,HINDUNILVR.NS,upper,False,
2022-12-02,HINDUNILVR.NS,lower,False,
2022-12-02,INFY.NS,upper,False,
2022-12-02,INFY.NS,lower,False,
2022-12-02,SBIN.NS,upper,False,
2022-12-02,SBIN.NS,lower,False,
2022-12-02,TATAMOTORS.NS,upper,False,
2022-12-02,TATAMOTORS.NS,lower,False,
2022-12-05,HINDUNILVR.NS,upper,False,
2022-12-05,HINDUNILVR.NS,lower,False,
2022-12-05,INFY.NS,upper,False,
2022-12-05,INFY.NS,lower,False,
2022-12-05,SBIN.NS,upper,False,
2022-12-05,SBIN.NS,lower,False,
2022-12-05,TATAMOTORS.NS,upper,False,
2022-12-05,TATAMOTORS.NS,lower,False,
2022-12-06,HINDUNILVR.NS,upper,False,
2022-12-06,HINDUNILVR.NS,lower,False,
2022-12-06,INFY.NS,upper,False,
2022-12-06,INFY.NS,lower,False,
2022-12-06,SBIN.NS,upper,False,
2022-12-06,SBIN.NS,lower,False,
2022-12-06,TATAMOTORS.NS,upper,False,
2022-12-06,TATAMOTORS.NS,lower,False,
2022-12-07,HINDUNILVR.NS,upper,False,
2022-12-07,HINDUNILVR.NS,lower,False,
2022-12-07,INFY.NS,upper,False,
2022-12-07,INFY.NS,lower,False,
2022-12-07,SBIN.NS,upper,False,
2022-12-07,SBIN.NS,lower,False,
2022-12-07,TATAMOTORS.NS,upper,False,
2022-12-07,TATAMOTORS.NS,lower,False,
2022-12-08,HINDUNILVR.NS,upper,False,
2022-12-08,HINDUNILVR.NS,lower,False,
2022-12-08,INFY.NS,upper,False,
2022-12-08,INFY.NS,lower,False,
2022-12-08,SBIN.NS,upper,False,
2022-12-08,SBIN.NS,lower,False,
2022-12-08,TATAMOTORS.NS,upper,False,
2022-12-08,TATAMOTORS.NS,lower,False,
2022-12-09,HINDUNILVR.NS,upper,False,
2022-12-09,HINDUNILVR.NS,lower,False,
2022-12-09,INFY.NS,upper,False,
2022-12-09,INFY.NS,lower,False,
2022-12-09,SBIN.NS,upper,False,
2022-12-09,SBIN.NS,lower,False,
2022-12-09,TATAMOTORS.NS,upper,False,
2022-12-09,TATAMOTORS.NS,lower,False,
2022-12-12,HINDUNILVR.NS,upper,False,
2022-12-12,HINDUNILVR.NS,lower,False,
2022-12-12,INFY.NS,upper,False,
2022-12-12,INFY.NS,lower,False,
2022-12-12,SBIN.NS,upper,False,
2022-12-12,SBIN.NS,lower,False,
2022-12-12,TATAMOTORS.NS,upper,False,
2022-12-12,TATAMOTORS.NS,lower,False,
2022-12-13,HINDUNILVR.NS,upper,False,
2022-12-13,HINDUNILVR.NS,lower,False,
2022-12-13,INFY.NS,upper,False,
2022-12-13,INFY.NS,lower,False,
2022-12-13,SBIN.NS,upper,False,
2022-12-13,SBIN.NS,lower,False,
2022-12-13,TATAMOTORS.NS,upper,False,
2022-12-13,TATAMOTORS.NS,lower,False,
2022-12-14,HINDUNILVR.NS,upper,False,
2022-12-14,HINDUNILVR.NS,lower,False,
2022-12-14,INFY.NS,upper,False,
2022-12-14,INFY.NS,lower,False,
2022-12-14,SBIN.NS,upper,False,
2022-12-14,SBIN.NS,lower,False,
2022-12-14,TATAMOTORS.NS,upper,False,
2022-12-14,TATAMOTORS.NS,lower,False,
2022-12-15,HINDUNILVR.NS,upper,False,
2022-12-15,HINDUNILVR.NS,lower,False,
2022-12-15,INFY.NS,upper,False,
2022-12-15,INFY.NS,lower,False,
2022-12-15,SBIN.NS,upper,False,
2022-12-15,SBIN.NS,lower,False,
2022-12-15,TATAMOTORS.NS,upper,False,
2022-12-15,TATAMOTORS.NS,lower,False,
2022-12-16,HINDUNILVR.NS,upper,False,
2022-12-16,HINDUNILVR.NS,lower,False,
2022-12-16,INFY.NS,upper,False,
2022-12-16,INFY.NS,lower,False,
2022-12-16,SBIN.NS,upper,False,
2022-12-16,SBIN.NS,lower,False,
2022-12-16,TATAMOTORS.NS,upper,False,
2022-12-16,TATAMOTORS.NS,lower,False,
2022-12-19,HINDUNILVR.NS,upper,False,
2022-12-19,HINDUNILVR.NS,lower,False,
2022-12-19,INFY.NS,upper,False,
2022-12-19,INFY.NS,lower,False,
2022-12-19,SBIN.NS,upper,False,
2022-12-19,SBIN.NS,lower,False,
2022-12-19,TATAMOTORS.NS,upper,False,
2022-12-19,TATAMOTORS.NS,lower,False,
2022-12-20,HINDUNILVR.NS,upper,False,
2022-12-20,HINDUNILVR.NS,lower,False,
2022-12-20,INFY.NS,upper,False,
2022-12-20,INFY.NS,lower,False,
2022-12-20,SBIN.NS,upper,False,
2022-12-20,SBIN.NS,lower,False,
2022-12-20,TATAMOTORS.NS,upper,False,
2022-12-20,TATAMOTORS.NS,lower,False,
2022-12-21,HINDUNILVR.NS,upper,False,
2022-12-21,HINDUNILVR.NS,lower,False,
2022-12-21,INFY.NS,upper,False,
2022-12-21,INFY.NS,lower,False,
2022-12-21,SBIN.NS,upper,False,
2022-12-21,SBIN.NS,lower,False,
2022-12-21,TATAMOTORS.NS,upper,False,
2022-12-21,TATAMOTORS.NS,lower,False,
2022-12-22,HINDUNILVR.NS,upper,False,
2022-12-22,HINDUNILVR.NS,lower,False,
2022-12-22,INFY.NS,upper,False,
2022-12-22,INFY.NS,lower,False,
2022-12-22,SBIN.NS,upper,False,
2022-12-22,SBIN.NS,lower,False,
2022-12-22,TATAMOTORS.NS,upper,False,
2022-12-22,TATAMOTORS.NS,lower,False,
2022-12-23,HINDUNILVR.NS,upper,False,
2022-12-23,HINDUNILVR.NS,lower,False,
2022-12-23,INFY.NS,upper,False,
2022-12-23,INFY.NS,lower,False,
2022-12-23,SBIN.NS,upper,False,
2022-12-23,SBIN.NS,lower,False,
2022-12-23,TATAMOTORS.NS,upper,False,
2022-12-23,TATAMOTORS.NS,lower,False,
2022-12-26,HINDUNILVR.NS,upper,False,
2022-12-26,HINDUNILVR.NS,lower,False,
2022-12-26,INFY.NS,upper,False,
2022-12-26,INFY.NS,lower,False,
2022-12-26,SBIN.NS,upper,False,
2022-12-26,SBIN.NS,lower,False,
2022-12-26,TATAMOTORS.NS,upper,False,
2022-12-26,TATAMOTORS.NS,lower,False,
2022-12-27,HINDUNILVR.NS,upper,False,
2022-12-27,HINDUNILVR.NS,lower,False,
2022-12-27,INFY.NS,upper,False,
2022-12-27,INFY.NS,lower,False,
2022-12-27,SBIN.NS,upper,False,
2022-12-27,SBIN.NS,lower,False,
2022-12-27,TATAMOTORS.NS,upper,False,
2022-12-27,TATAMOTORS.NS,lower,False,
2022-12-28,HINDUNILVR.NS,upper,False,
2022-12-28,HINDUNILVR.NS,lower,False,
2022-12-28,INFY.NS,upper,False,
2022-12-28,INFY.NS,lower,False,
2022-12-28,SBIN.NS,upper,False,
2022-12-28,SBIN.NS,lower,False,
2022-12-28,TATAMOTORS.NS,upper,False,
2022-12-28,TATAMOTORS.NS,lower,False,
2022-12-29,HINDUNILVR.NS,upper,False,
2022-12-29,HINDUNILVR.NS,lower,False,
2022-12-29,INFY.NS,upper,False,
2022-12-29,INFY.NS,lower,False,
2022-12-29,SBIN.NS,upper,False,
2022-12-29,SBIN.NS,lower,False,
2022-12-29,TATAMOTORS.NS,upper,False,
2022-12-29,TATAMOTORS.NS,lower,False,
2022-12-30,HINDUNILVR.NS,upper,False,
2022-12-30,HINDUNILVR.NS,lower,False,
2022-12-30,INFY.NS,upper,False,
2022-12-30,INFY.NS,lower,False,
2022-12-30,SBIN.NS,upper,False,
2022-12-30,SBIN.NS,lower,False,
2022-12-30,TATAMOTORS.NS,upper,False,
2022-12-30,TATAMOTORS.NS,lower,False,
2023-01-02,HINDUNILVR.NS,upper,False,
2023-01-02,HINDUNILVR.NS,lower,False,
2023-01-02,INFY.NS,upper,False,
2023-01-02,INFY.NS,lower,False,
2023-01-02,SBIN.NS,upper,False,
2023-01-02,SBIN.NS,lower,False,
2023-01-02,TATAMOTORS.NS,upper,False,
2023-01-02,TATAMOTORS.NS,lower,False,
2023-01-03,HINDUNILVR.NS,upper,False,
2023-01-03,HINDUNILVR.NS,lower,False,
2023-01-03,INFY.NS,upper,False,
2023-01-03,INFY.NS,lower,False,
2023-01-03,SBIN.NS,upper,False,
2023-01-03,SBIN.NS,lower,False,
2023-01-03,TATAMOTORS.NS,upper,False,
2023-01-03,TATAMOTORS.NS,lower,False,
2023-01-04,HINDUNILVR.NS,upper,False,
2023-01-04,HINDUNILVR.NS,lower,False,
2023-01-04,INFY.NS,upper,False,
2023-01-04,INFY.NS,lower,False,
2023-01-04,SBIN.NS,upper,False,
2023-01-04,SBIN.NS,lower,False,
2023-01-04,TATAMOTORS.NS,upper,False,
2023-01-04,TATAMOTORS.NS,lower,False,
2023-01-05,HINDUNILVR.NS,upper,False,
2023-01-05,HINDUNILVR.NS,lower,False,
2023-01-05,INFY.NS,upper,False,
2023-01-05,INFY.NS,lower,False,
2023-01-05,SBIN.NS,upper,False,
2023-01-05,SBIN.NS,lower,False,
2023-01-05,TATAMOTORS.NS,upper,False,
2023-01-05,TATAMOTORS.NS,lower,False,
2023-01-06,HINDUNILVR.NS,upper,False,
2023-01-06,HINDUNILVR.NS,lower,False,
2023-01-06,INFY.NS,upper,False,
2023-01-06,INFY.NS,lower,False,
2023-01-06,SBIN.NS,upper,False,
2023-01-06,SBIN.NS,lower,False,
2023-01-06,TATAMOTORS.NS,upper,False,
2023-01-06,TATAMOTORS.NS,lower,False,
2023-01-09,HINDUNILVR.NS,upper,False,
2023-01-09,HINDUNILVR.NS,lower,False,
2023-01-09,INFY.NS,upper,False,
2023-01-09,INFY.NS,lower,False,
2023-01-09,SBIN.NS,upper,False,
2023-01-09,SBIN.NS,lower,False,
2023-01-09,TATAMOTORS.NS,upper,False,
2023-01-09,TATAMOTORS.NS,lower,False,
2023-01-10,HINDUNILVR.NS,upper,False,
2023-01-10,HINDUNILVR.NS,lower,False,
2023-01-10,INFY.NS,upper,False,
2023-01-10,INFY.NS,lower,False,
2023-01-10,SBIN.NS,upper,False,
2023-01-10,SBIN.NS,lower,False,
2023-01-10,TATAMOTORS.NS,upper,False,
2023-01-10,TATAMOTORS.NS,lower,False,
2023-01-11,HINDUNILVR.NS,upper,False,
2023-01-11,HINDUNILVR.NS,lower,False,
2023-01-11,INFY.NS,upper,False,
2023-01-11,INFY.NS,lower,False,
2023-01-11,SBIN.NS,upper,False,
2023-01-11,SBIN.NS,lower,False,
2023-01-11,TATAMOTORS.NS,upper,False,
2023-01-11,TATAMOTORS.NS,lower,False,
2023-01-12,HINDUNILVR.NS,upper,False,
2023-01-12,HINDUNILVR.NS,lower,False,
2023-01-12,INFY.NS,upper,False,
2023-01-12,INFY.NS,lower,False,
2023-01-12,SBIN.NS,upper,False,
2023-01-12,SBIN.NS,lower,False,
2023-01-12,TATAMOTORS.NS,upper,False,
2023-01-12,TATAMOTORS.NS,lower,False,
2023-01-13,HINDUNILVR.NS,upper,False,
2023-01-13,HINDUNILVR.NS,lower,False,
2023-01-13,INFY.NS,upper,False,
2023-01-13,INFY.NS,lower,False,
2023-01-13,SBIN.NS,upper,False,
2023-01-13,SBIN.NS,lower,False,
2023-01-13,TATAMOTORS.NS,upper,False,
2023-01-13,TATAMOTORS.NS,lower,False,
2023-01-16,HINDUNILVR.NS,upper,False,
2023-01-16,HINDUNILVR.NS,lower,False,
2023-01-16,INFY.NS,upper,False,
2023-01-16,INFY.NS,lower,False,
2023-01-16,SBIN.NS,upper,False,
2023-01-16,SBIN.NS,lower,False,
2023-01-16,TATAMOTORS.NS,upper,False,
2023-01-16,TATAMOTORS.NS,lower,False,
2023-01-17,HINDUNILVR.NS,upper,False,
2023-01-17,HINDUNILVR.NS,lower,False,
2023-01-17,INFY.NS,upper,False,
2023-01-17,INFY.NS,lower,False,
2023-01-17,SBIN.NS,upper,False,
2023-01-17,SBIN.NS,lower,False,
2023-01-17,TATAMOTORS.NS,upper,False,
2023-01-17,TATAMOTORS.NS,lower,False,
2023-01-18,HINDUNILVR.NS,upper,False,
2023-01-18,HINDUNILVR.NS,lower,False,
2023-01-18,INFY.NS,upper,False,
2023-01-18,INFY.NS,lower,False,
2023-01-18,SBIN.NS,upper,False,
2023-01-18,SBIN.NS,lower,False,
2023-01-18,TATAMOTORS.NS,upper,False,
2023-01-18,TATAMOTORS.NS,lower,False,
2023-01-19,HINDUNILVR.NS,upper,False,
2023-01-19,HINDUNILVR.NS,lower,False,
2023-01-19,INFY.NS,upper,False,
2023-01-19,INFY.NS,lower,False,
2023-01-19,SBIN.NS,upper,False,
2023-01-19,SBIN.NS,lower,False,
2023-01-19,TATAMOTORS.NS,upper,False,
2023-01-19,TATAMOTORS.NS,lower,False,
2023-01-20,HINDUNILVR.NS,upper,False,
2023-01-20,HINDUNILVR.NS,lower,False,
2023-01-20,INFY.NS,upper,False,
2023-01-20,INFY.NS,lower,False,
2023-01-20,SBIN.NS,upper,False,
2023-01-20,SBIN.NS,lower,False,
2023-01-20,TATAMOTORS.NS,upper,False,
2023-01-20,TATAMOTORS.NS,lower,False,
2023-01-23,HINDUNILVR.NS,upper,False,
2023-01-23,HINDUNILVR.NS,lower,False,
2023-01-23,INFY.NS,upper,False,
2023-01-23,INFY.NS,lower,False,
2023-01-23,SBIN.NS,upper,False,
2023-01-23,SBIN.NS,lower,False,
2023-01-23,TATAMOTORS.NS,upper,False,
2023-01-23,TATAMOTORS.NS,lower,False,
2023-01-24,HINDUNILVR.NS,upper,False,
2023-01-24,HINDUNILVR.NS,lower,False,
2023-01-24,INFY.NS,upper,False,
2023-01-24,INFY.NS,lower,False,
2023-01-24,SBIN.NS,upper,False,
2023-01-24,SBIN.NS,lower,False,
2023-01-24,TATAMOTORS.NS,upper,False,
2023-01-24,TATAMOTORS.NS,lower,False,
2023-01-25,HINDUNILVR.NS,upper,False,
2023-01-25,HINDUNILVR.NS,lower,False,
2023-01-25,INFY.NS,upper,False,
2023-01-25,INFY.NS,lower,False,
2023-01-25,SBIN.NS,upper,False,
2023-01-25,SBIN.NS,lower,False,
2023-01-25,TATAMOTORS.NS,upper,False,
2023-01-25,TATAMOTORS.NS,lower,False,
2023-01-27,HINDUNILVR.NS,upper,False,
2023-01-27,HINDUNILVR.NS,lower,False,
2023-01-27,INFY.NS,upper,False,
2023-01-27,INFY.NS,lower,False,
2023-01-27,SBIN.NS,upper,False,
2023-01-27,SBIN.NS,lower,False,
2023-01-27,TATAMOTORS.NS,upper,False,
2023-01-27,TATAMOTORS.NS,lower,False,
2023-01-30,HINDUNILVR.NS,upper,False,
2023-01-30,HINDUNILVR.NS,lower,False,
2023-01-30,INFY.NS,upper,False,
2023-01-30,INFY.NS,lower,False,
2023-01-30,SBIN.NS,upper,False,
2023-01-30,SBIN.NS,lower,False,
2023-01-30,TATAMOTORS.NS,upper,False,
2023-01-30,TATAMOTORS.NS,lower,False,
2023-01-31,HINDUNILVR.NS,upper,False,
2023-01-31,HINDUNILVR.NS,lower,False,
2023-01-31,INFY.NS,upper,False,
2023-01-31,INFY.NS,lower,False,
2023-01-31,SBIN.NS,upper,False,
2023-01-31,SBIN.NS,lower,False,
2023-01-31,TATAMOTORS.NS,upper,False,
2023-01-31,TATAMOTORS.NS,lower,False,
2023-02-01,HINDUNILVR.NS,upper,False,
2023-02-01,HINDUNILVR.NS,lower,False,
2023-02-01,INFY.NS,upper,False,
2023-02-01,INFY.NS,lower,False,
2023-02-01,SBIN.NS,upper,False,
2023-02-01,SBIN.NS,lower,False,
2023-02-01,TATAMOTORS.NS,upper,False,
2023-02-01,TATAMOTORS.NS,lower,False,
2023-02-02,HINDUNILVR.NS,upper,False,
2023-02-02,HINDUNILVR.NS,lower,False,
2023-02-02,INFY.NS,upper,False,
2023-02-02,INFY.NS,lower,False,
2023-02-02,SBIN.NS,upper,False,
2023-02-02,SBIN.NS,lower,False,
2023-02-02,TATAMOTORS.NS,upper,False,
2023-02-02,TATAMOTORS.NS,lower,False,
2023-02-03,HINDUNILVR.NS,upper,False,
2023-02-03,HINDUNILVR.NS,lower,False,
2023-02-03,INFY.NS,upper,False,
2023-02-03,INFY.NS,lower,False,
2023-02-03,SBIN.NS,upper,False,
2023-02-03,SBIN.NS,lower,False,
2023-02-03,TATAMOTORS.NS,upper,False,
2023-02-03,TATAMOTORS.NS,lower,False,
2023-02-06,HINDUNILVR.NS,upper,False,
2023-02-06,HINDUNILVR.NS,lower,False,
2023-02-06,INFY.NS,upper,False,
2023-02-06,INFY.NS,lower,False,
2023-02-06,SBIN.NS,upper,False,
2023-02-06,SBIN.NS,lower,False,
2023-02-06,TATAMOTORS.NS,upper,False,
2023-02-06,TATAMOTORS.NS,lower,False,
2023-02-07,HINDUNILVR.NS,upper,False,
2023-02-07,HINDUNILVR.NS,lower,False,
2023-02-07,INFY.NS,upper,False,
2023-02-07,INFY.NS,lower,False,
2023-02-07,SBIN.NS,upper,False,
2023-02-07,SBIN.NS,lower,False,
2023-02-07,TATAMOTORS.NS,upper,False,
2023-02-07,TATAMOTORS.NS,lower,False,
2023-02-08,HINDUNILVR.NS,upper,False,
2023-02-08,HINDUNILVR.NS,lower,False,
2023-02-08,INFY.NS,upper,False,
2023-02-08,INFY.NS,lower,False,
2023-02-08,SBIN.NS,upper,False,
2023-02-08,SBIN.NS,lower,False,
2023-02-08,TATAMOTORS.NS,upper,False,
2023-02-08,TATAMOTORS.NS,lower,False,
2023-02-09,HINDUNILVR.NS,upper,False,
2023-02-09,HINDUNILVR.NS,lower,False,
2023-02-09,INFY.NS,upper,False,
2023-02-09,INFY.NS,lower,False,
2023-02-09,SBIN.NS,upper,False,
2023-02-09,SBIN.NS,lower,False,
2023-02-09,TATAMOTORS.NS,upper,False,
2023-02-09,TATAMOTORS.NS,lower,False,
2023-02-10,HINDUNILVR.NS,upper,False,
2023-02-10,HINDUNILVR.NS,lower,False,
2023-02-10,INFY.NS,upper,False,
2023-02-10,INFY.NS,lower,False,
2023-02-10,SBIN.NS,upper,False,
2023-02-10,SBIN.NS,lower,False,
2023-02-10,TATAMOTORS.NS,upper,False,
2023-02-10,TATAMOTORS.NS,lower,False,
2023-02-13,HINDUNILVR.NS,upper,False,
2023-02-13,HINDUNILVR.NS,lower,False,
2023-02-13,INFY.NS,upper,False,
2023-02-13,INFY.NS,lower,False,
2023-02-13,SBIN.NS,upper,False,
2023-02-13,SBIN.NS,lower,False,
2023-02-13,TATAMOTORS.NS,upper,False,
2023-02-13,TATAMOTORS.NS,lower,False,
2023-02-14,HINDUNILVR.NS,upper,False,
2023-02-14,HINDUNILVR.NS,lower,False,
2023-02-14,INFY.NS,upper,False,
2023-02-14,INFY.NS,lower,False,
2023-02-14,SBIN.NS,upper,False,
2023-02-14,SBIN.NS,lower,False,
2023-02-14,TATAMOTORS.NS,upper,False,
2023-02-14,TATAMOTORS.NS,lower,False,
2023-02-15,HINDUNILVR.NS,upper,False,
2023-02-15,HINDUNILVR.NS,lower,False,
2023-02-15,INFY.NS,upper,False,
2023-02-15,INFY.NS,lower,False,
2023-02-15,SBIN.NS,upper,False,
2023-02-15,SBIN.NS,lower,False,
2023-02-15,TATAMOTORS.NS,upper,False,
2023-02-15,TATAMOTORS.NS,lower,False,
2023-02-16,HINDUNILVR.NS,upper,False,
2023-02-16,HINDUNILVR.NS,lower,False,
2023-02-16,INFY.NS,upper,False,
2023-02-16,INFY.NS,lower,False,
2023-02-16,SBIN.NS,upper,False,
2023-02-16,SBIN.NS,lower,False,
2023-02-16,TATAMOTORS.NS,upper,False,
2023-02-16,TATAMOTORS.NS,lower,False,
2023-02-17,HINDUNILVR.NS,upper,False,
2023-02-17,HINDUNILVR.NS,lower,False,
2023-02-17,INFY.NS,upper,False,
2023-02-17,INFY.NS,lower,False,
2023-02-17,SBIN.NS,upper,False,
2023-02-17,SBIN.NS,lower,False,
2023-02-17,TATAMOTORS.NS,upper,False,
2023-02-17,TATAMOTORS.NS,lower,False,
2023-02-20,HINDUNILVR.NS,upper,False,
2023-02-20,HINDUNILVR.NS,lower,False,
2023-02-20,INFY.NS,upper,False,
2023-02-20,INFY.NS,lower,False,
2023-02-20,SBIN.NS,upper,False,
2023-02-20,SBIN.NS,lower,False,
2023-02-20,TATAMOTORS.NS,upper,False,
2023-02-20,TATAMOTORS.NS,lower,False,
2023-02-21,HINDUNILVR.NS,upper,False,
2023-02-21,HINDUNILVR.NS,lower,False,
2023-02-21,INFY.NS,upper,False,
2023-02-21,INFY.NS,lower,False,
2023-02-21,SBIN.NS,upper,False,
2023-02-21,SBIN.NS,lower,False,
2023-02-21,TATAMOTORS.NS,upper,False,
2023-02-21,TATAMOTORS.NS,lower,False,
2023-02-22,HINDUNILVR.NS,upper,False,
2023-02-22,HINDUNILVR.NS,lower,False,
2023-02-22,INFY.NS,upper,False,
2023-02-22,INFY.NS,lower,False,
2023-02-22,SBIN.NS,upper,False,
2023-02-22,SBIN.NS,lower,False,
2023-02-22,TATAMOTORS.NS,upper,False,
2023-02-22,TATAMOTORS.NS,lower,False,
2023-02-23,HINDUNILVR.NS,upper,False,
2023-02-23,HINDUNILVR.NS,lower,False,
2023-02-23,INFY.NS,upper,False,
2023-02-23,INFY.NS,lower,False,
2023-02-23,SBIN.NS,upper,False,
2023-02-23,SBIN.NS,lower,False,
2023-02-23,TATAMOTORS.NS,upper,False,
2023-02-23,TATAMOTORS.NS,lower,False,
2023-02-24,HINDUNILVR.NS,upper,False,
2023-02-24,HINDUNILVR.NS,lower,False,
2023-02-24,INFY.NS,upper,False,
2023-02-24,INFY.NS,lower,False,
2023-02-24,SBIN.NS,upper,False,
2023-02-24,SBIN.NS,lower,False,
2023-02-24,TATAMOTORS.NS,upper,False,
2023-02-24,TATAMOTORS.NS,lower,False,
2023-02-27,HINDUNILVR.NS,upper,False,
2023-02-27,HINDUNILVR.NS,lower,False,
2023-02-27,INFY.NS,upper,False,
2023-02-27,INFY.NS,lower,False,
2023-02-27,SBIN.NS,upper,False,
2023-02-27,SBIN.NS,lower,False,
2023-02-27,TATAMOTORS.NS,upper,False,
2023-02-27,TATAMOTORS.NS,lower,False,
2023-02-28,HINDUNILVR.NS,upper,False,
2023-02-28,HINDUNILVR.NS,lower,False,
2023-02-28,INFY.NS,upper,False,
2023-02-28,INFY.NS,lower,False,
2023-02-28,SBIN.NS,upper,False,
2023-02-28,SBIN.NS,lower,False,
2023-02-28,TATAMOTORS.NS,upper,False,
2023-02-28,TATAMOTORS.NS,lower,False,
2023-03-01,HINDUNILVR.NS,upper,False,
2023-03-01,HINDUNILVR.NS,lower,False,
2023-03-01,INFY.NS,upper,False,
2023-03-01,INFY.NS,lower,False,
2023-03-01,SBIN.NS,upper,False,
2023-03-01,SBIN.NS,lower,False,
2023-03-01,TATAMOTORS.NS,upper,False,
2023-03-01,TATAMOTORS.NS,lower,False,
2023-03-02,HINDUNILVR.NS,upper,False,
2023-03-02,HINDUNILVR.NS,lower,False,
2023-03-02,INFY.NS,upper,False,
2023-03-02,INFY.NS,lower,False,
2023-03-02,SBIN.NS,upper,False,
2023-03-02,SBIN.NS,lower,False,
2023-03-02,TATAMOTORS.NS,upper,False,
2023-03-02,TATAMOTORS.NS,lower,False,
2023-03-03,HINDUNILVR.NS,upper,False,
2023-03-03,HINDUNILVR.NS,lower,False,
2023-03-03,INFY.NS,upper,False,
2023-03-03,INFY.NS,lower,False,
2023-03-03,SBIN.NS,upper,False,
2023-03-03,SBIN.NS,lower,False,
2023-03-03,TATAMOTORS.NS,upper,False,
2023-03-03,TATAMOTORS.NS,lower,False,
2023-03-06,HINDUNILVR.NS,upper,False,
2023-03-06,HINDUNILVR.NS,lower,False,
2023-03-06,INFY.NS,upper,False,
2023-03-06,INFY.NS,lower,False,
2023-03-06,SBIN.NS,upper,False,
2023-03-06,SBIN.NS,lower,False,
2023-03-06,TATAMOTORS.NS,upper,False,
2023-03-06,TATAMOTORS.NS,lower,False,
2023-03-08,HINDUNILVR.NS,upper,False,
2023-03-08,HINDUNILVR.NS,lower,False,
2023-03-08,INFY.NS,upper,False,
2023-03-08,INFY.NS,lower,False,
2023-03-08,SBIN.NS,upper,False,
2023-03-08,SBIN.NS,lower,False,
2023-03-08,TATAMOTORS.NS,upper,False,
2023-03-08,TATAMOTORS.NS,lower,False,
2023-03-09,HINDUNILVR.NS,upper,False,
2023-03-09,HINDUNILVR.NS,lower,False,
2023-03-09,INFY.NS,upper,False,
2023-03-09,INFY.NS,lower,False,
2023-03-09,SBIN.NS,upper,False,
2023-03-09,SBIN.NS,lower,False,
2023-03-09,TATAMOTORS.NS,upper,False,
2023-03-09,TATAMOTORS.NS,lower,False,
2023-03-10,HINDUNILVR.NS,upper,False,
2023-03-10,HINDUNILVR.NS,lower,False,
2023-03-10,INFY.NS,upper,False,
2023-03-10,INFY.NS,lower,False,
2023-03-10,SBIN.NS,upper,False,
2023-03-10,SBIN.NS,lower,False,
2023-03-10,TATAMOTORS.NS,upper,False,
2023-03-10,TATAMOTORS.NS,lower,False,
2023-03-13,HINDUNILVR.NS,upper,False,
2023-03-13,HINDUNILVR.NS,lower,False,
2023-03-13,INFY.NS,upper,False,
2023-03-13,INFY.NS,lower,False,
2023-03-13,SBIN.NS,upper,False,
2023-03-13,SBIN.NS,lower,False,
2023-03-13,TATAMOTORS.NS,upper,False,
2023-03-13,TATAMOTORS.NS,lower,False,
2023-03-14,HINDUNILVR.NS,upper,False,
2023-03-14,HINDUNILVR.NS,lower,False,
2023-03-14,INFY.NS,upper,False,
2023-03-14,INFY.NS,lower,False,
2023-03-14,SBIN.NS,upper,False,
2023-03-14,SBIN.NS,lower,False,
2023-03-14,TATAMOTORS.NS,upper,False,
2023-03-14,TATAMOTORS.NS,lower,False,
2023-03-15,HINDUNILVR.NS,upper,False,
2023-03-15,HINDUNILVR.NS,lower,False,
2023-03-15,INFY.NS,upper,False,
2023-03-15,INFY.NS,lower,False,
2023-03-15,SBIN.NS,upper,False,
2023-03-15,SBIN.NS,lower,False,
2023-03-15,TATAMOTORS.NS,upper,False,
2023-03-15,TATAMOTORS.NS,lower,False,
2023-03-16,HINDUNILVR.NS,upper,False,
2023-03-16,HINDUNILVR.NS,lower,False,
2023-03-16,INFY.NS,upper,False,
2023-03-16,INFY.NS,lower,False,
2023-03-16,SBIN.NS,upper,False,
2023-03-16,SBIN.NS,lower,False,
2023-03-16,TATAMOTORS.NS,upper,False,
2023-03-16,TATAMOTORS.NS,lower,False,
2023-03-17,HINDUNILVR.NS,upper,False,
2023-03-17,HINDUNILVR.NS,lower,False,
2023-03-17,INFY.NS,upper,False,
2023-03-17,INFY.NS,lower,False,
2023-03-17,SBIN.NS,upper,False,
2023-03-17,SBIN.NS,lower,False,
2023-03-17,TATAMOTORS.NS,upper,False,
2023-03-17,TATAMOTORS.NS,lower,False,
2023-03-20,HINDUNILVR.NS,upper,False,
2023-03-20,HINDUNILVR.NS,lower,False,
2023-03-20,INFY.NS,upper,False,
2023-03-20,INFY.NS,lower,False,
2023-03-20,SBIN.NS,upper,False,
2023-03-20,SBIN.NS,lower,False,
2023-03-20,TATAMOTORS.NS,upper,False,
2023-03-20,TATAMOTORS.NS,lower,False,
2023-03-21,HINDUNILVR.NS,upper,False,
2023-03-21,HINDUNILVR.NS,lower,False,
2023-03-21,INFY.NS,upper,False,
2023-03-21,INFY.NS,lower,False,
2023-03-21,SBIN.NS,upper,False,
2023-03-21,SBIN.NS,lower,False,
2023-03-21,TATAMOTORS.NS,upper,False,
2023-03-21,TATAMOTORS.NS,lower,False,
2023-03-22,HINDUNILVR.NS,upper,False,
2023-03-22,HINDUNILVR.NS,lower,False,
2023-03-22,INFY.NS,upper,False,
2023-03-22,INFY.NS,lower,False,
2023-03-22,SBIN.NS,upper,False,
2023-03-22,SBIN.NS,lower,False,
2023-03-22,TATAMOTORS.NS,upper,False,
2023-03-22,TATAMOTORS.NS,lower,False,
2023-03-23,HINDUNILVR.NS,upper,False,
2023-03-23,HINDUNILVR.NS,lower,False,
2023-03-23,INFY.NS,upper,False,
2023-03-23,INFY.NS,lower,False,
2023-03-23,SBIN.NS,upper,False,
2023-03-23,SBIN.NS,lower,False,
2023-03-23,TATAMOTORS.NS,upper,False,
2023-03-23,TATAMOTORS.NS,lower,False,
2023-03-24,HINDUNILVR.NS,upper,False,
2023-03-24,HINDUNILVR.NS,lower,False,
2023-03-24,INFY.NS,upper,False,
2023-03-24,INFY.NS,lower,False,
2023-03-24,SBIN.NS,upper,False,
2023-03-24,SBIN.NS,lower,False,
2023-03-24,TATAMOTORS.NS,upper,False,
2023-03-24,TATAMOTORS.NS,lower,False,
2023-03-27,HINDUNILVR.NS,upper,False,
2023-03-27,HINDUNILVR.NS,lower,False,
2023-03-27,INFY.NS,upper,False,
2023-03-27,INFY.NS,lower,False,
2023-03-27,SBIN.NS,upper,False,
2023-03-27,SBIN.NS,lower,False,
2023-03-27,TATAMOTORS.NS,upper,False,
2023-03-27,TATAMOTORS.NS,lower,False,
2023-03-28,HINDUNILVR.NS,upper,False,
2023-03-28,HINDUNILVR.NS,lower,False,
2023-03-28,INFY.NS,upper,False,
2023-03-28,INFY.NS,lower,False,
2023-03-28,SBIN.NS,upper,False,
2023-03-28,SBIN.NS,lower,False,
2023-03-28,TATAMOTORS.NS,upper,False,
2023-03-28,TATAMOTORS.NS,lower,False,
2023-03-29,HINDUNILVR.NS,upper,False,
2023-03-29,HINDUNILVR.NS,lower,False,
2023-03-29,INFY.NS,upper,False,
2023-03-29,INFY.NS,lower,False,
2023-03-29,SBIN.NS,upper,False,
2023-03-29,SBIN.NS,lower,False,
2023-03-29,TATAMOTORS.NS,upper,False,
2023-03-29,TATAMOTORS.NS,lower,False,
2023-03-31,HINDUNILVR.NS,upper,False,
2023-03-31,HINDUNILVR.NS,lower,False,
2023-03-31,INFY.NS,upper,False,
2023-03-31,INFY.NS,lower,False,
2023-03-31,SBIN.NS,upper,False,
2023-03-31,SBIN.NS,lower,False,
2023-03-31,TATAMOTORS.NS,upper,False,
2023-03-31,TATAMOTORS.NS,lower,False,
2023-04-03,HINDUNILVR.NS,upper,False,
2023-04-03,HINDUNILVR.NS,lower,False,
2023-04-03,INFY.NS,upper,False,
2023-04-03,INFY.NS,lower,False,
2023-04-03,SBIN.NS,upper,False,
2023-04-03,SBIN.NS,lower,False,
2023-04-03,TATAMOTORS.NS,upper,False,
2023-04-03,TATAMOTORS.NS,lower,False,
2023-04-05,HINDUNILVR.NS,upper,False,
2023-04-05,HINDUNILVR.NS,lower,False,
2023-04-05,INFY.NS,upper,False,
2023-04-05,INFY.NS,lower,False,
2023-04-05,SBIN.NS,upper,False,
2023-04-05,SBIN.NS,lower,False,
2023-04-05,TATAMOTORS.NS,upper,False,
2023-04-05,TATAMOTORS.NS,lower,False,
2023-04-06,HINDUNILVR.NS,upper,False,
2023-04-06,HINDUNILVR.NS,lower,False,
2023-04-06,INFY.NS,upper,False,
2023-04-06,INFY.NS,lower,False,
2023-04-06,SBIN.NS,upper,False,
2023-04-06,SBIN.NS,lower,False,
2023-04-06,TATAMOTORS.NS,upper,False,
2023-04-06,TATAMOTORS.NS,lower,False,
2023-04-10,HINDUNILVR.NS,upper,False,
2023-04-10,HINDUNILVR.NS,lower,False,
2023-04-10,INFY.NS,upper,False,
2023-04-10,INFY.NS,lower,False,
2023-04-10,SBIN.NS,upper,False,
2023-04-10,SBIN.NS,lower,False,
2023-04-10,TATAMOTORS.NS,upper,False,
2023-04-10,TATAMOTORS.NS,lower,False,
2023-04-11,HINDUNILVR.NS,upper,False,
2023-04-11,HINDUNILVR.NS,lower,False,
2023-04-11,INFY.NS,upper,False,
2023-04-11,INFY.NS,lower,False,
2023-04-11,SBIN.NS,upper,False,
2023-04-11,SBIN.NS,lower,False,
2023-04-11,TATAMOTORS.NS,upper,False,
2023-04-11,TATAMOTORS.NS,lower,False,
2023-04-12,HINDUNILVR.NS,upper,False,
2023-04-12,HINDUNILVR.NS,lower,False,
2023-04-12,INFY.NS,upper,False,
2023-04-12,INFY.NS,lower,False,
2023-04-12,SBIN.NS,upper,False,
2023-04-12,SBIN.NS,lower,False,
2023-04-12,TATAMOTORS.NS,upper,False,
2023-04-12,TATAMOTORS.NS,lower,False,
2023-04-13,HINDUNILVR.NS,upper,False,
2023-04-13,HINDUNILVR.NS,lower,False,
2023-04-13,INFY.NS,upper,False,
2023-04-13,INFY.NS,lower,False,
2023-04-13,SBIN.NS,upper,False,
2023-04-13,SBIN.NS,lower,False,
2023-04-13,TATAMOTORS.NS,upper,False,
2023-04-13,TATAMOTORS.NS,lower,False,
2023-04-17,HINDUNILVR.NS,upper,False,
2023-04-17,HINDUNILVR.NS,lower,False,
2023-04-17,INFY.NS,upper,False,
2023-04-17,INFY.NS,lower,False,
2023-04-17,SBIN.NS,upper,False,
2023-04-17,SBIN.NS,lower,False,
2023-04-17,TATAMOTORS.NS,upper,False,
2023-04-17,TATAMOTORS.NS,lower,False,
2023-04-18,HINDUNILVR.NS,upper,False,
2023-04-18,HINDUNILVR.NS,lower,False,
2023-04-18,INFY.NS,upper,False,
2023-04-18,INFY.NS,lower,False,
2023-04-18,SBIN.NS,upper,False,
2023-04-18,SBIN.NS,lower,False,
2023-04-18,TATAMOTORS.NS,upper,False,
2023-04-18,TATAMOTORS.NS,lower,False,
2023-04-19,HINDUNILVR.NS,upper,False,
2023-04-19,HINDUNILVR.NS,lower,False,
2023-04-19,INFY.NS,upper,False,
2023-04-19,INFY.NS,lower,False,
2023-04-19,SBIN.NS,upper,False,
2023-04-19,SBIN.NS,lower,False,
2023-04-19,TATAMOTORS.NS,upper,False,
2023-04-19,TATAMOTORS.NS,lower,False,
2023-04-20,HINDUNILVR.NS,upper,False,
2023-04-20,HINDUNILVR.NS,lower,False,
2023-04-20,INFY.NS,upper,False,
2023-04-20,INFY.NS,lower,False,
2023-04-20,SBIN.NS,upper,False,
2023-04-20,SBIN.NS,lower,False,
2023-04-20,TATAMOTORS.NS,upper,False,
2023-04-20,TATAMOTORS.NS,lower,False,
2023-04-21,HINDUNILVR.NS,upper,False,
2023-04-21,HINDUNILVR.NS,lower,False,
2023-04-21,INFY.NS,upper,False,
2023-04-21,INFY.NS,lower,False,
2023-04-21,SBIN.NS,upper,False,
2023-04-21,SBIN.NS,lower,False,
2023-04-21,TATAMOTORS.NS,upper,False,
2023-04-21,TATAMOTORS.NS,lower,False,
2023-04-24,HINDUNILVR.NS,upper,False,
2023-04-24,HINDUNILVR.NS,lower,False,
2023-04-24,INFY.NS,upper,False,
2023-04-24,INFY.NS,lower,False,
2023-04-24,SBIN.NS,upper,False,
2023-04-24,SBIN.NS,lower,False,
2023-04-24,TATAMOTORS.NS,upper,False,
2023-04-24,TATAMOTORS.NS,lower,False,
2023-04-25,HINDUNILVR.NS,upper,False,
2023-04-25,HINDUNILVR.NS,lower,False,
2023-04-25,INFY.NS,upper,False,
2023-04-25,INFY.NS,lower,False,
2023-04-25,SBIN.NS,upper,False,
2023-04-25,SBIN.NS,lower,False,
2023-04-25,TATAMOTORS.NS,upper,False,
2023-04-25,TATAMOTORS.NS,lower,False,
2023-04-26,HINDUNILVR.NS,upper,False,
2023-04-26,HINDUNILVR.NS,lower,False,
2023-04-26,INFY.NS,upper,False,
2023-04-26,INFY.NS,lower,False,
2023-04-26,SBIN.NS,upper,False,
2023-04-26,SBIN.NS,lower,False,
2023-04-26,TATAMOTORS.NS,upper,False,
2023-04-26,TATAMOTORS.NS,lower,False,
2023-04-27,HINDUNILVR.NS,upper,False,
2023-04-27,HINDUNILVR.NS,lower,False,
2023-04-27,INFY.NS,upper,False,
2023-04-27,INFY.NS,lower,False,
2023-04-27,SBIN.NS,upper,False,
2023-04-27,SBIN.NS,lower,False,
2023-04-27,TATAMOTORS.NS,upper,False,
2023-04-27,TATAMOTORS.NS,lower,False,
2023-04-28,HINDUNILVR.NS,upper,False,
2023-04-28,HINDUNILVR.NS,lower,False,
2023-04-28,INFY.NS,upper,False,
2023-04-28,INFY.NS,lower,False,
2023-04-28,SBIN.NS,upper,False,
2023-04-28,SBIN.NS,lower,False,
2023-04-28,TATAMOTORS.NS,upper,False,
2023-04-28,TATAMOTORS.NS,lower,False,
2023-05-02,HINDUNILVR.NS,upper,False,
2023-05-02,HINDUNILVR.NS,lower,False,
2023-05-02,INFY.NS,upper,False,
2023-05-02,INFY.NS,lower,False,
2023-05-02,SBIN.NS,upper,False,
2023-05-02,SBIN.NS,lower,False,
2023-05-02,TATAMOTORS.NS,upper,False,
2023-05-02,TATAMOTORS.NS,lower,False,
2023-05-03,HINDUNILVR.NS,upper,False,
2023-05-03,HINDUNILVR.NS,lower,False,
2023-05-03,INFY.NS,upper,False,
2023-05-03,INFY.NS,lower,False,
2023-05-03,SBIN.NS,upper,False,
2023-05-03,SBIN.NS,lower,False,
2023-05-03,TATAMOTORS.NS,upper,False,
2023-05-03,TATAMOTORS.NS,lower,False,
2023-05-04,HINDUNILVR.NS,upper,False,
2023-05-04,HINDUNILVR.NS,lower,False,
2023-05-04,INFY.NS,upper,False,
2023-05-04,INFY.NS,lower,False,
2023-05-04,SBIN.NS,upper,False,
2023-05-04,SBIN.NS,lower,False,
2023-05-04,TATAMOTORS.NS,upper,False,
2023-05-04,TATAMOTORS.NS,lower,False,
2023-05-05,HINDUNILVR.NS,upper,False,
2023-05-05,HINDUNILVR.NS,lower,False,
2023-05-05,INFY.NS,upper,False,
2023-05-05,INFY.NS,lower,False,
2023-05-05,SBIN.NS,upper,False,
2023-05-05,SBIN.NS,lower,False,
2023-05-05,TATAMOTORS.NS,upper,False,
2023-05-05,TATAMOTORS.NS,lower,False,
2023-05-08,HINDUNILVR.NS,upper,False,
2023-05-08,HINDUNILVR.NS,lower,False,
2023-05-08,INFY.NS,upper,False,
2023-05-08,INFY.NS,lower,False,
2023-05-08,SBIN.NS,upper,False,
2023-05-08,SBIN.NS,lower,False,
2023-05-08,TATAMOTORS.NS,upper,False,
2023-05-08,TATAMOTORS.NS,lower,False,
2023-05-09,HINDUNILVR.NS,upper,False,
2023-05-09,HINDUNILVR.NS,lower,False,
2023-05-09,INFY.NS,upper,False,
2023-05-09,INFY.NS,lower,False,
2023-05-09,SBIN.NS,upper,False,
2023-05-09,SBIN.NS,lower,False,
2023-05-09,TATAMOTORS.NS,upper,False,
2023-05-09,TATAMOTORS.NS,lower,False,
2023-05-10,HINDUNILVR.NS,upper,False,
2023-05-10,HINDUNILVR.NS,lower,False,
2023-05-10,INFY.NS,upper,False,
2023-05-10,INFY.NS,lower,False,
2023-05-10,SBIN.NS,upper,False,
2023-05-10,SBIN.NS,lower,False,
2023-05-10,TATAMOTORS.NS,upper,False,
2023-05-10,TATAMOTORS.NS,lower,False,
2023-05-11,HINDUNILVR.NS,upper,False,
2023-05-11,HINDUNILVR.NS,lower,False,
2023-05-11,INFY.NS,upper,False,
2023-05-11,INFY.NS,lower,False,
2023-05-11,SBIN.NS,upper,False,
2023-05-11,SBIN.NS,lower,False,
2023-05-11,TATAMOTORS.NS,upper,False,
2023-05-11,TATAMOTORS.NS,lower,False,
2023-05-12,HINDUNILVR.NS,upper,False,
2023-05-12,HINDUNILVR.NS,lower,False,
2023-05-12,INFY.NS,upper,False,
2023-05-12,INFY.NS,lower,False,
2023-05-12,SBIN.NS,upper,False,
2023-05-12,SBIN.NS,lower,False,
2023-05-12,TATAMOTORS.NS,upper,False,
2023-05-12,TATAMOTORS.NS,lower,False,
2023-05-15,HINDUNILVR.NS,upper,False,
2023-05-15,HINDUNILVR.NS,lower,False,
2023-05-15,INFY.NS,upper,False,
2023-05-15,INFY.NS,lower,False,
2023-05-15,SBIN.NS,upper,False,
2023-05-15,SBIN.NS,lower,False,
2023-05-15,TATAMOTORS.NS,upper,False,
2023-05-15,TATAMOTORS.NS,lower,False,
2023-05-16,HINDUNILVR.NS,upper,False,
2023-05-16,HINDUNILVR.NS,lower,False,
2023-05-16,INFY.NS,upper,False,
2023-05-16,INFY.NS,lower,False,
2023-05-16,SBIN.NS,upper,False,
2023-05-16,SBIN.NS,lower,False,
2023-05-16,TATAMOTORS.NS,upper,False,
2023-05-16,TATAMOTORS.NS,lower,False,
2023-05-17,HINDUNILVR.NS,upper,False,
2023-05-17,HINDUNILVR.NS,lower,False,
2023-05-17,INFY.NS,upper,False,
2023-05-17,INFY.NS,lower,False,
2023-05-17,SBIN.NS,upper,False,
2023-05-17,SBIN.NS,lower,False,
2023-05-17,TATAMOTORS.NS,upper,False,
2023-05-17,TATAMOTORS.NS,lower,False,
2023-05-18,HINDUNILVR.NS,upper,False,
2023-05-18,HINDUNILVR.NS,lower,False,
2023-05-18,INFY.NS,upper,False,
2023-05-18,INFY.NS,lower,False,
2023-05-18,SBIN.NS,upper,False,
2023-05-18,SBIN.NS,lower,False,
2023-05-18,TATAMOTORS.NS,upper,False,
2023-05-18,TATAMOTORS.NS,lower,False,
2023-05-19,HINDUNILVR.NS,upper,False,
2023-05-19,HINDUNILVR.NS,lower,False,
2023-05-19,INFY.NS,upper,False,
2023-05-19,INFY.NS,lower,False,
2023-05-19,SBIN.NS,upper,False,
2023-05-19,SBIN.NS,lower,False,
2023-05-19,TATAMOTORS.NS,upper,False,
2023-05-19,TATAMOTORS.NS,lower,False,
2023-05-22,HINDUNILVR.NS,upper,False,
2023-05-22,HINDUNILVR.NS,lower,False,
2023-05-22,INFY.NS,upper,False,
2023-05-22,INFY.NS,lower,False,
2023-05-22,SBIN.NS,upper,False,
2023-05-22,SBIN.NS,lower,False,
2023-05-22,TATAMOTORS.NS,upper,False,
2023-05-22,TATAMOTORS.NS,lower,False,
2023-05-23,HINDUNILVR.NS,upper,False,
2023-05-23,HINDUNILVR.NS,lower,False,
2023-05-23,INFY.NS,upper,False,
2023-05-23,INFY.NS,lower,False,
2023-05-23,SBIN.NS,upper,False,
2023-05-23,SBIN.NS,lower,False,
2023-05-23,TATAMOTORS.NS,upper,False,
2023-05-23,TATAMOTORS.NS,lower,False,
2023-05-24,HINDUNILVR.NS,upper,False,
2023-05-24,HINDUNILVR.NS,lower,False,
2023-05-24,INFY.NS,upper,False,
2023-05-24,INFY.NS,lower,False,
2023-05-24,SBIN.NS,upper,False,
2023-05-24,SBIN.NS,lower,False,
2023-05-24,TATAMOTORS.NS,upper,False,
2023-05-24,TATAMOTORS.NS,lower,False,
2023-05-25,HINDUNILVR.NS,upper,False,
2023-05-25,HINDUNILVR.NS,lower,False,
2023-05-25,INFY.NS,upper,False,
2023-05-25,INFY.NS,lower,False,
2023-05-25,SBIN.NS,upper,False,
2023-05-25,SBIN.NS,lower,False,
2023-05-25,TATAMOTORS.NS,upper,False,
2023-05-25,TATAMOTORS.NS,lower,False,
2023-05-26,HINDUNILVR.NS,upper,False,
2023-05-26,HINDUNILVR.NS,lower,False,
2023-05-26,INFY.NS,upper,False,
2023-05-26,INFY.NS,lower,False,
2023-05-26,SBIN.NS,upper,True,sparse
2023-05-26,SBIN.NS,lower,False,
2023-05-26,TATAMOTORS.NS,upper,False,
2023-05-26,TATAMOTORS.NS,lower,False,
2023-05-29,HINDUNILVR.NS,upper,False,
2023-05-29,HINDUNILVR.NS,lower,False,
2023-05-29,INFY.NS,upper,False,
2023-05-29,INFY.NS,lower,False,
2023-05-29,SBIN.NS,upper,True,invalid
2023-05-29,SBIN.NS,lower,False,
2023-05-29,TATAMOTORS.NS,upper,False,
2023-05-29,TATAMOTORS.NS,lower,False,
2023-05-30,HINDUNILVR.NS,upper,False,
2023-05-30,HINDUNILVR.NS,lower,False,
2023-05-30,INFY.NS,upper,False,
2023-05-30,INFY.NS,lower,False,
2023-05-30,SBIN.NS,upper,False,
2023-05-30,SBIN.NS,lower,False,
2023-05-30,TATAMOTORS.NS,upper,False,
2023-05-30,TATAMOTORS.NS,lower,False,
2023-05-31,HINDUNILVR.NS,upper,False,
2023-05-31,HINDUNILVR.NS,lower,False,
2023-05-31,INFY.NS,upper,False,
2023-05-31,INFY.NS,lower,False,
2023-05-31,SBIN.NS,upper,False,
2023-05-31,SBIN.NS,lower,False,
2023-05-31,TATAMOTORS.NS,upper,False,
2023-05-31,TATAMOTORS.NS,lower,False,
2023-06-01,HINDUNILVR.NS,upper,False,
2023-06-01,HINDUNILVR.NS,lower,False,
2023-06-01,INFY.NS,upper,False,
2023-06-01,INFY.NS,lower,False,
2023-06-01,SBIN.NS,upper,False,
2023-06-01,SBIN.NS,lower,False,
2023-06-01,TATAMOTORS.NS,upper,False,
2023-06-01,TATAMOTORS.NS,lower,False,
2023-06-02,HINDUNILVR.NS,upper,False,
2023-06-02,HINDUNILVR.NS,lower,False,
2023-06-02,INFY.NS,upper,False,
2023-06-02,INFY.NS,lower,False,
2023-06-02,SBIN.NS,upper,False,
2023-06-02,SBIN.NS,lower,False,
2023-06-02,TATAMOTORS.NS,upper,False,
2023-06-02,TATAMOTORS.NS,lower,False,
2023-06-05,HINDUNILVR.NS,upper,False,
2023-06-05,HINDUNILVR.NS,lower,False,
2023-06-05,INFY.NS,upper,False,
2023-06-05,INFY.NS,lower,False,
2023-06-05,SBIN.NS,upper,False,
2023-06-05,SBIN.NS,lower,False,
2023-06-05,TATAMOTORS.NS,upper,False,
2023-06-05,TATAMOTORS.NS,lower,False,
2023-06-06,HINDUNILVR.NS,upper,False,
2023-06-06,HINDUNILVR.NS,lower,False,
2023-06-06,INFY.NS,upper,False,
2023-06-06,INFY.NS,lower,False,
2023-06-06,SBIN.NS,upper,False,
2023-06-06,SBIN.NS,lower,False,
2023-06-06,TATAMOTORS.NS,upper,False,
2023-06-06,TATAMOTORS.NS,lower,False,
2023-06-07,HINDUNILVR.NS,upper,False,
2023-06-07,HINDUNILVR.NS,lower,False,
2023-06-07,INFY.NS,upper,False,
2023-06-07,INFY.NS,lower,False,
2023-06-07,SBIN.NS,upper,False,
2023-06-07,SBIN.NS,lower,False,
2023-06-07,TATAMOTORS.NS,upper,False,
2023-06-07,TATAMOTORS.NS,lower,False,
2023-06-08,HINDUNILVR.NS,upper,False,
2023-06-08,HINDUNILVR.NS,lower,False,
2023-06-08,INFY.NS,upper,False,
2023-06-08,INFY.NS,lower,False,
2023-06-08,SBIN.NS,upper,False,
2023-06-08,SBIN.NS,lower,False,
2023-06-08,TATAMOTORS.NS,upper,False,
2023-06-08,TATAMOTORS.NS,lower,False,
2023-06-09,HINDUNILVR.NS,upper,False,
2023-06-09,HINDUNILVR.NS,lower,False,
2023-06-09,INFY.NS,upper,False,
2023-06-09,INFY.NS,lower,False,
2023-06-09,SBIN.NS,upper,False,
2023-06-09,SBIN.NS,lower,False,
2023-06-09,TATAMOTORS.NS,upper,False,
2023-06-09,TATAMOTORS.NS,lower,False,
2023-06-12,HINDUNILVR.NS,upper,False,
2023-06-12,HINDUNILVR.NS,lower,False,
2023-06-12,INFY.NS,upper,False,
2023-06-12,INFY.NS,lower,False,
2023-06-12,SBIN.NS,upper,False,
2023-06-12,SBIN.NS,lower,False,
2023-06-12,TATAMOTORS.NS,upper,False,
2023-06-12,TATAMOTORS.NS,lower,False,
2023-06-13,HINDUNILVR.NS,upper,False,
2023-06-13,HINDUNILVR.NS,lower,False,
2023-06-13,INFY.NS,upper,False,
2023-06-13,INFY.NS,lower,False,
2023-06-13,SBIN.NS,upper,False,
2023-06-13,SBIN.NS,lower,False,
2023-06-13,TATAMOTORS.NS,upper,False,
2023-06-13,TATAMOTORS.NS,lower,False,
2023-06-14,HINDUNILVR.NS,upper,False,
2023-06-14,HINDUNILVR.NS,lower,False,
2023-06-14,INFY.NS,upper,False,
2023-06-14,INFY.NS,lower,False,
2023-06-14,SBIN.NS,upper,False,
2023-06-14,SBIN.NS,lower,False,
2023-06-14,TATAMOTORS.NS,upper,False,
2023-06-14,TATAMOTORS.NS,lower,False,
2023-06-15,HINDUNILVR.NS,upper,False,
2023-06-15,HINDUNILVR.NS,lower,False,
2023-06-15,INFY.NS,upper,False,
2023-06-15,INFY.NS,lower,False,
2023-06-15,SBIN.NS,upper,False,
2023-06-15,SBIN.NS,lower,False,
2023-06-15,TATAMOTORS.NS,upper,False,
2023-06-15,TATAMOTORS.NS,lower,False,
2023-06-16,HINDUNILVR.NS,upper,False,
2023-06-16,HINDUNILVR.NS,lower,False,
2023-06-16,INFY.NS,upper,False,
2023-06-16,INFY.NS,lower,False,
2023-06-16,SBIN.NS,upper,False,
2023-06-16,SBIN.NS,lower,False,
2023-06-16,TATAMOTORS.NS,upper,False,
2023-06-16,TATAMOTORS.NS,lower,False,
2023-06-19,HINDUNILVR.NS,upper,False,
2023-06-19,HINDUNILVR.NS,lower,False,
2023-06-19,INFY.NS,upper,False,
2023-06-19,INFY.NS,lower,False,
2023-06-19,SBIN.NS,upper,False,
2023-06-19,SBIN.NS,lower,False,
2023-06-19,TATAMOTORS.NS,upper,False,
2023-06-19,TATAMOTORS.NS,lower,False,
2023-06-20,HINDUNILVR.NS,upper,False,
2023-06-20,HINDUNILVR.NS,lower,False,
2023-06-20,INFY.NS,upper,False,
2023-06-20,INFY.NS,lower,False,
2023-06-20,SBIN.NS,upper,False,
2023-06-20,SBIN.NS,lower,False,
2023-06-20,TATAMOTORS.NS,upper,False,
2023-06-20,TATAMOTORS.NS,lower,False,
2023-06-21,HINDUNILVR.NS,upper,False,
2023-06-21,HINDUNILVR.NS,lower,False,
2023-06-21,INFY.NS,upper,False,
2023-06-21,INFY.NS,lower,False,
2023-06-21,SBIN.NS,upper,False,
2023-06-21,SBIN.NS,lower,False,
2023-06-21,TATAMOTORS.NS,upper,False,
2023-06-21,TATAMOTORS.NS,lower,False,
2023-06-22,HINDUNILVR.NS,upper,False,
2023-06-22,HINDUNILVR.NS,lower,False,
2023-06-22,INFY.NS,upper,False,
2023-06-22,INFY.NS,lower,False,
2023-06-22,SBIN.NS,upper,False,
2023-06-22,SBIN.NS,lower,False,
2023-06-22,TATAMOTORS.NS,upper,False,
2023-06-22,TATAMOTORS.NS,lower,False,
2023-06-23,HINDUNILVR.NS,upper,False,
2023-06-23,HINDUNILVR.NS,lower,False,
2023-06-23,INFY.NS,upper,False,
2023-06-23,INFY.NS,lower,False,
2023-06-23,SBIN.NS,upper,False,
2023-06-23,SBIN.NS,lower,False,
2023-06-23,TATAMOTORS.NS,upper,False,
2023-06-23,TATAMOTORS.NS,lower,False,
2023-06-26,HINDUNILVR.NS,upper,False,
2023-06-26,HINDUNILVR.NS,lower,False,
2023-06-26,INFY.NS,upper,False,
2023-06-26,INFY.NS,lower,False,
2023-06-26,SBIN.NS,upper,False,
2023-06-26,SBIN.NS,lower,False,
2023-06-26,TATAMOTORS.NS,upper,False,
2023-06-26,TATAMOTORS.NS,lower,False,
2023-06-27,HINDUNILVR.NS,upper,False,
2023-06-27,HINDUNILVR.NS,lower,False,
2023-06-27,INFY.NS,upper,False,
2023-06-27,INFY.NS,lower,False,
2023-06-27,SBIN.NS,upper,False,
2023-06-27,SBIN.NS,lower,False,
2023-06-27,TATAMOTORS.NS,upper,False,
2023-06-27,TATAMOTORS.NS,lower,False,
2023-06-28,HINDUNILVR.NS,upper,False,
2023-06-28,HINDUNILVR.NS,lower,False,
2023-06-28,INFY.NS,upper,False,
2023-06-28,INFY.NS,lower,False,
2023-06-28,SBIN.NS,upper,False,
2023-06-28,SBIN.NS,lower,False,
2023-06-28,TATAMOTORS.NS,upper,False,
2023-06-28,TATAMOTORS.NS,lower,False,
2023-06-30,HINDUNILVR.NS,upper,False,
2023-06-30,HINDUNILVR.NS,lower,False,
2023-06-30,INFY.NS,upper,False,
2023-06-30,INFY.NS,lower,False,
2023-06-30,SBIN.NS,upper,False,
2023-06-30,SBIN.NS,lower,False,
2023-06-30,TATAMOTORS.NS,upper,False,
2023-06-30,TATAMOTORS.NS,lower,False,
2023-07-03,HINDUNILVR.NS,upper,False,
2023-07-03,HINDUNILVR.NS,lower,False,
2023-07-03,INFY.NS,upper,False,
2023-07-03,INFY.NS,lower,False,
2023-07-03,SBIN.NS,upper,False,
2023-07-03,SBIN.NS,lower,False,
2023-07-03,TATAMOTORS.NS,upper,False,
2023-07-03,TATAMOTORS.NS,lower,False,
2023-07-04,HINDUNILVR.NS,upper,False,
2023-07-04,HINDUNILVR.NS,lower,False,
2023-07-04,INFY.NS,upper,False,
2023-07-04,INFY.NS,lower,False,
2023-07-04,SBIN.NS,upper,False,
2023-07-04,SBIN.NS,lower,False,
2023-07-04,TATAMOTORS.NS,upper,False,
2023-07-04,TATAMOTORS.NS,lower,False,
2023-07-05,HINDUNILVR.NS,upper,False,
2023-07-05,HINDUNILVR.NS,lower,False,
2023-07-05,INFY.NS,upper,False,
2023-07-05,INFY.NS,lower,False,
2023-07-05,SBIN.NS,upper,False,
2023-07-05,SBIN.NS,lower,False,
2023-07-05,TATAMOTORS.NS,upper,False,
2023-07-05,TATAMOTORS.NS,lower,False,
2023-07-06,HINDUNILVR.NS,upper,False,
2023-07-06,HINDUNILVR.NS,lower,False,
2023-07-06,INFY.NS,upper,False,
2023-07-06,INFY.NS,lower,False,
2023-07-06,SBIN.NS,upper,False,
2023-07-06,SBIN.NS,lower,False,
2023-07-06,TATAMOTORS.NS,upper,False,
2023-07-06,TATAMOTORS.NS,lower,False,
2023-07-07,HINDUNILVR.NS,upper,False,
2023-07-07,HINDUNILVR.NS,lower,False,
2023-07-07,INFY.NS,upper,False,
2023-07-07,INFY.NS,lower,False,
2023-07-07,SBIN.NS,upper,False,
2023-07-07,SBIN.NS,lower,False,
2023-07-07,TATAMOTORS.NS,upper,False,
2023-07-07,TATAMOTORS.NS,lower,False,
2023-07-10,HINDUNILVR.NS,upper,False,
2023-07-10,HINDUNILVR.NS,lower,False,
2023-07-10,INFY.NS,upper,False,
2023-07-10,INFY.NS,lower,False,
2023-07-10,SBIN.NS,upper,False,
2023-07-10,SBIN.NS,lower,False,
2023-07-10,TATAMOTORS.NS,upper,False,
2023-07-10,TATAMOTORS.NS,lower,False,
2023-07-11,HINDUNILVR.NS,upper,False,
2023-07-11,HINDUNILVR.NS,lower,False,
2023-07-11,INFY.NS,upper,False,
2023-07-11,INFY.NS,lower,False,
2023-07-11,SBIN.NS,upper,False,
2023-07-11,SBIN.NS,lower,False,
2023-07-11,TATAMOTORS.NS,upper,False,
2023-07-11,TATAMOTORS.NS,lower,False,
2023-07-12,HINDUNILVR.NS,upper,False,
2023-07-12,HINDUNILVR.NS,lower,False,
2023-07-12,INFY.NS,upper,False,
2023-07-12,INFY.NS,lower,False,
2023-07-12,SBIN.NS,upper,False,
2023-07-12,SBIN.NS,lower,False,
2023-07-12,TATAMOTORS.NS,upper,False,
2023-07-12,TATAMOTORS.NS,lower,False,
2023-07-13,HINDUNILVR.NS,upper,False,
2023-07-13,HINDUNILVR.NS,lower,False,
2023-07-13,INFY.NS,upper,False,
2023-07-13,INFY.NS,lower,False,
2023-07-13,SBIN.NS,upper,False,
2023-07-13,SBIN.NS,lower,False,
2023-07-13,TATAMOTORS.NS,upper,False,
2023-07-13,TATAMOTORS.NS,lower,False,
2023-07-14,HINDUNILVR.NS,upper,False,
2023-07-14,HINDUNILVR.NS,lower,False,
2023-07-14,INFY.NS,upper,False,
2023-07-14,INFY.NS,lower,False,
2023-07-14,SBIN.NS,upper,False,
2023-07-14,SBIN.NS,lower,False,
2023-07-14,TATAMOTORS.NS,upper,False,
2023-07-14,TATAMOTORS.NS,lower,False,
2023-07-17,HINDUNILVR.NS,upper,False,
2023-07-17,HINDUNILVR.NS,lower,False,
2023-07-17,INFY.NS,upper,True,invalid
2023-07-17,INFY.NS,lower,False,
2023-07-17,SBIN.NS,upper,False,
2023-07-17,SBIN.NS,lower,False,
2023-07-17,TATAMOTORS.NS,upper,False,
2023-07-17,TATAMOTORS.NS,lower,False,
2023-07-18,HINDUNILVR.NS,upper,False,
2023-07-18,HINDUNILVR.NS,lower,False,
2023-07-18,INFY.NS,upper,True,invalid
2023-07-18,INFY.NS,lower,False,
2023-07-18,SBIN.NS,upper,False,
2023-07-18,SBIN.NS,lower,False,
2023-07-18,TATAMOTORS.NS,upper,False,
2023-07-18,TATAMOTORS.NS,lower,False,
2023-07-19,HINDUNILVR.NS,upper,False,
2023-07-19,HINDUNILVR.NS,lower,False,
2023-07-19,INFY.NS,upper,True,invalid
2023-07-19,INFY.NS,lower,False,
2023-07-19,SBIN.NS,upper,False,
2023-07-19,SBIN.NS,lower,False,
2023-07-19,TATAMOTORS.NS,upper,False,
2023-07-19,TATAMOTORS.NS,lower,False,
2023-07-20,HINDUNILVR.NS,upper,False,
2023-07-20,HINDUNILVR.NS,lower,False,
2023-07-20,INFY.NS,upper,False,
2023-07-20,INFY.NS,lower,False,
2023-07-20,SBIN.NS,upper,False,
2023-07-20,SBIN.NS,lower,False,
2023-07-20,TATAMOTORS.NS,upper,False,
2023-07-20,TATAMOTORS.NS,lower,False,
2023-07-21,HINDUNILVR.NS,upper,False,
2023-07-21,HINDUNILVR.NS,lower,False,
2023-07-21,INFY.NS,upper,False,
2023-07-21,INFY.NS,lower,False,
2023-07-21,SBIN.NS,upper,False,
2023-07-21,SBIN.NS,lower,False,
2023-07-21,TATAMOTORS.NS,upper,False,
2023-07-21,TATAMOTORS.NS,lower,False,
2023-07-24,HINDUNILVR.NS,upper,False,
2023-07-24,HINDUNILVR.NS,lower,False,
2023-07-24,INFY.NS,upper,False,
2023-07-24,INFY.NS,lower,False,
2023-07-24,SBIN.NS,upper,False,
2023-07-24,SBIN.NS,lower,False,
2023-07-24,TATAMOTORS.NS,upper,False,
2023-07-24,TATAMOTORS.NS,lower,False,
2023-07-25,HINDUNILVR.NS,upper,False,
2023-07-25,HINDUNILVR.NS,lower,False,
2023-07-25,INFY.NS,upper,False,
2023-07-25,INFY.NS,lower,False,
2023-07-25,SBIN.NS,upper,False,
2023-07-25,SBIN.NS,lower,False,
2023-07-25,TATAMOTORS.NS,upper,False,
2023-07-25,TATAMOTORS.NS,lower,False,
2023-07-26,HINDUNILVR.NS,upper,False,
2023-07-26,HINDUNILVR.NS,lower,False,
2023-07-26,INFY.NS,upper,False,
2023-07-26,INFY.NS,lower,False,
2023-07-26,SBIN.NS,upper,False,
2023-07-26,SBIN.NS,lower,False,
2023-07-26,TATAMOTORS.NS,upper,False,
2023-07-26,TATAMOTORS.NS,lower,False,
2023-07-27,HINDUNILVR.NS,upper,False,
2023-07-27,HINDUNILVR.NS,lower,False,
2023-07-27,INFY.NS,upper,False,
2023-07-27,INFY.NS,lower,False,
2023-07-27,SBIN.NS,upper,False,
2023-07-27,SBIN.NS,lower,False,
2023-07-27,TATAMOTORS.NS,upper,False,
2023-07-27,TATAMOTORS.NS,lower,False,
2023-07-28,HINDUNILVR.NS,upper,False,
2023-07-28,HINDUNILVR.NS,lower,False,
2023-07-28,INFY.NS,upper,False,
2023-07-28,INFY.NS,lower,False,
2023-07-28,SBIN.NS,upper,False,
2023-07-28,SBIN.NS,lower,False,
2023-07-28,TATAMOTORS.NS,upper,False,
2023-07-28,TATAMOTORS.NS,lower,False,
2023-07-31,HINDUNILVR.NS,upper,False,
2023-07-31,HINDUNILVR.NS,lower,False,
2023-07-31,INFY.NS,upper,False,
2023-07-31,INFY.NS,lower,False,
2023-07-31,SBIN.NS,upper,False,
2023-07-31,SBIN.NS,lower,False,
2023-07-31,TATAMOTORS.NS,upper,False,
2023-07-31,TATAMOTORS.NS,lower,False,
2023-08-01,HINDUNILVR.NS,upper,False,
2023-08-01,HINDUNILVR.NS,lower,False,
2023-08-01,INFY.NS,upper,False,
2023-08-01,INFY.NS,lower,False,
2023-08-01,SBIN.NS,upper,False,
2023-08-01,SBIN.NS,lower,False,
2023-08-01,TATAMOTORS.NS,upper,False,
2023-08-01,TATAMOTORS.NS,lower,False,
2023-08-02,HINDUNILVR.NS,upper,False,
2023-08-02,HINDUNILVR.NS,lower,False,
2023-08-02,INFY.NS,upper,False,
2023-08-02,INFY.NS,lower,False,
2023-08-02,SBIN.NS,upper,False,
2023-08-02,SBIN.NS,lower,False,
2023-08-02,TATAMOTORS.NS,upper,False,
2023-08-02,TATAMOTORS.NS,lower,False,
2023-08-03,HINDUNILVR.NS,upper,False,
2023-08-03,HINDUNILVR.NS,lower,False,
2023-08-03,INFY.NS,upper,False,
2023-08-03,INFY.NS,lower,False,
2023-08-03,SBIN.NS,upper,False,
2023-08-03,SBIN.NS,lower,False,
2023-08-03,TATAMOTORS.NS,upper,False,
2023-08-03,TATAMOTORS.NS,lower,False,
2023-08-04,HINDUNILVR.NS,upper,False,
2023-08-04,HINDUNILVR.NS,lower,False,
2023-08-04,INFY.NS,upper,False,
2023-08-04,INFY.NS,lower,False,
2023-08-04,SBIN.NS,upper,False,
2023-08-04,SBIN.NS,lower,False,
2023-08-04,TATAMOTORS.NS,upper,False,
2023-08-04,TATAMOTORS.NS,lower,False,
2023-08-07,HINDUNILVR.NS,upper,False,
2023-08-07,HINDUNILVR.NS,lower,False,
2023-08-07,INFY.NS,upper,False,
2023-08-07,INFY.NS,lower,False,
2023-08-07,SBIN.NS,upper,False,
2023-08-07,SBIN.NS,lower,False,
2023-08-07,TATAMOTORS.NS,upper,False,
2023-08-07,TATAMOTORS.NS,lower,False,
2023-08-08,HINDUNILVR.NS,upper,False,
2023-08-08,HINDUNILVR.NS,lower,False,
2023-08-08,INFY.NS,upper,False,
2023-08-08,INFY.NS,lower,False,
2023-08-08,SBIN.NS,upper,False,
2023-08-08,SBIN.NS,lower,False,
2023-08-08,TATAMOTORS.NS,upper,False,
2023-08-08,TATAMOTORS.NS,lower,False,
2023-08-09,HINDUNILVR.NS,upper,False,
2023-08-09,HINDUNILVR.NS,lower,False,
2023-08-09,INFY.NS,upper,False,
2023-08-09,INFY.NS,lower,False,
2023-08-09,SBIN.NS,upper,False,
2023-08-09,SBIN.NS,lower,False,
2023-08-09,TATAMOTORS.NS,upper,False,
2023-08-09,TATAMOTORS.NS,lower,False,
2023-08-10,HINDUNILVR.NS,upper,False,
2023-08-10,HINDUNILVR.NS,lower,False,
2023-08-10,INFY.NS,upper,False,
2023-08-10,INFY.NS,lower,False,
2023-08-10,SBIN.NS,upper,False,
2023-08-10,SBIN.NS,lower,False,
2023-08-10,TATAMOTORS.NS,upper,False,
2023-08-10,TATAMOTORS.NS,lower,False,
2023-08-11,HINDUNILVR.NS,upper,False,
2023-08-11,HINDUNILVR.NS,lower,False,
2023-08-11,INFY.NS,upper,False,
2023-08-11,INFY.NS,lower,False,
2023-08-11,SBIN.NS,upper,False,
2023-08-11,SBIN.NS,lower,False,
2023-08-11,TATAMOTORS.NS,upper,False,
2023-08-11,TATAMOTORS.NS,lower,False,
2023-08-14,HINDUNILVR.NS,upper,False,
2023-08-14,HINDUNILVR.NS,lower,False,
2023-08-14,INFY.NS,upper,False,
2023-08-14,INFY.NS,lower,False,
2023-08-14,SBIN.NS,upper,False,
2023-08-14,SBIN.NS,lower,False,
2023-08-14,TATAMOTORS.NS,upper,False,
2023-08-14,TATAMOTORS.NS,lower,False,
2023-08-16,HINDUNILVR.NS,upper,False,
2023-08-16,HINDUNILVR.NS,lower,False,
2023-08-16,INFY.NS,upper,False,
2023-08-16,INFY.NS,lower,False,
2023-08-16,SBIN.NS,upper,False,
2023-08-16,SBIN.NS,lower,False,
2023-08-16,TATAMOTORS.NS,upper,False,
2023-08-16,TATAMOTORS.NS,lower,False,
2023-08-17,HINDUNILVR.NS,upper,False,
2023-08-17,HINDUNILVR.NS,lower,False,
2023-08-17,INFY.NS,upper,False,
2023-08-17,INFY.NS,lower,False,
2023-08-17,SBIN.NS,upper,False,
2023-08-17,SBIN.NS,lower,False,
2023-08-17,TATAMOTORS.NS,upper,False,
2023-08-17,TATAMOTORS.NS,lower,False,
2023-08-18,HINDUNILVR.NS,upper,False,
2023-08-18,HINDUNILVR.NS,lower,False,
2023-08-18,INFY.NS,upper,False,
2023-08-18,INFY.NS,lower,False,
2023-08-18,SBIN.NS,upper,False,
2023-08-18,SBIN.NS,lower,False,
2023-08-18,TATAMOTORS.NS,upper,False,
2023-08-18,TATAMOTORS.NS,lower,False,
2023-08-21,HINDUNILVR.NS,upper,False,
2023-08-21,HINDUNILVR.NS,lower,False,
2023-08-21,INFY.NS,upper,False,
2023-08-21,INFY.NS,lower,False,
2023-08-21,SBIN.NS,upper,False,
2023-08-21,SBIN.NS,lower,False,
2023-08-21,TATAMOTORS.NS,upper,False,
2023-08-21,TATAMOTORS.NS,lower,False,
2023-08-22,HINDUNILVR.NS,upper,False,
2023-08-22,HINDUNILVR.NS,lower,False,
2023-08-22,INFY.NS,upper,False,
2023-08-22,INFY.NS,lower,False,
2023-08-22,SBIN.NS,upper,False,
2023-08-22,SBIN.NS,lower,False,
2023-08-22,TATAMOTORS.NS,upper,False,
2023-08-22,TATAMOTORS.NS,lower,False,
2023-08-23,HINDUNILVR.NS,upper,False,
2023-08-23,HINDUNILVR.NS,lower,False,
2023-08-23,INFY.NS,upper,False,
2023-08-23,INFY.NS,lower,False,
2023-08-23,SBIN.NS,upper,False,
2023-08-23,SBIN.NS,lower,False,
2023-08-23,TATAMOTORS.NS,upper,False,
2023-08-23,TATAMOTORS.NS,lower,False,
2023-08-24,HINDUNILVR.NS,upper,False,
2023-08-24,HINDUNILVR.NS,lower,False,
2023-08-24,INFY.NS,upper,False,
2023-08-24,INFY.NS,lower,False,
2023-08-24,SBIN.NS,upper,False,
2023-08-24,SBIN.NS,lower,False,
2023-08-24,TATAMOTORS.NS,upper,False,
2023-08-24,TATAMOTORS.NS,lower,False,
2023-08-25,HINDUNILVR.NS,upper,False,
2023-08-25,HINDUNILVR.NS,lower,False,
2023-08-25,INFY.NS,upper,False,
2023-08-25,INFY.NS,lower,False,
2023-08-25,SBIN.NS,upper,False,
2023-08-25,SBIN.NS,lower,False,
2023-08-25,TATAMOTORS.NS,upper,False,
2023-08-25,TATAMOTORS.NS,lower,False,
2023-08-28,HINDUNILVR.NS,upper,False,
2023-08-28,HINDUNILVR.NS,lower,False,
2023-08-28,INFY.NS,upper,False,
2023-08-28,INFY.NS,lower,False,
2023-08-28,SBIN.NS,upper,False,
2023-08-28,SBIN.NS,lower,False,
2023-08-28,TATAMOTORS.NS,upper,False,
2023-08-28,TATAMOTORS.NS,lower,False,
2023-08-29,HINDUNILVR.NS,upper,False,
2023-08-29,HINDUNILVR.NS,lower,False,
2023-08-29,INFY.NS,upper,False,
2023-08-29,INFY.NS,lower,False,
2023-08-29,SBIN.NS,upper,False,
2023-08-29,SBIN.NS,lower,False,
2023-08-29,TATAMOTORS.NS,upper,False,
2023-08-29,TATAMOTORS.NS,lower,False,
2023-08-30,HINDUNILVR.NS,upper,False,
2023-08-30,HINDUNILVR.NS,lower,False,
2023-08-30,INFY.NS,upper,False,
2023-08-30,INFY.NS,lower,False,
2023-08-30,SBIN.NS,upper,False,
2023-08-30,SBIN.NS,lower,False,
2023-08-30,TATAMOTORS.NS,upper,False,
2023-08-30,TATAMOTORS.NS,lower,False,
2023-08-31,HINDUNILVR.NS,upper,False,
2023-08-31,HINDUNILVR.NS,lower,False,
2023-08-31,INFY.NS,upper,False,
2023-08-31,INFY.NS,lower,False,
2023-08-31,SBIN.NS,upper,False,
2023-08-31,SBIN.NS,lower,False,
2023-08-31,TATAMOTORS.NS,upper,False,
2023-08-31,TATAMOTORS.NS,lower,False,
2023-09-01,HINDUNILVR.NS,upper,False,
2023-09-01,HINDUNILVR.NS,lower,False,
2023-09-01,INFY.NS,upper,False,
2023-09-01,INFY.NS,lower,False,
2023-09-01,SBIN.NS,upper,False,
2023-09-01,SBIN.NS,lower,False,
2023-09-01,TATAMOTORS.NS,upper,False,
2023-09-01,TATAMOTORS.NS,lower,False,
2023-09-04,HINDUNILVR.NS,upper,False,
2023-09-04,HINDUNILVR.NS,lower,False,
2023-09-04,INFY.NS,upper,False,
2023-09-04,INFY.NS,lower,False,
2023-09-04,SBIN.NS,upper,True,invalid
2023-09-04,SBIN.NS,lower,False,
2023-09-04,TATAMOTORS.NS,upper,False,
2023-09-04,TATAMOTORS.NS,lower,False,
2023-09-05,HINDUNILVR.NS,upper,False,
2023-09-05,HINDUNILVR.NS,lower,False,
2023-09-05,INFY.NS,upper,False,
2023-09-05,INFY.NS,lower,False,
2023-09-05,SBIN.NS,upper,True,invalid
2023-09-05,SBIN.NS,lower,False,
2023-09-05,TATAMOTORS.NS,upper,False,
2023-09-05,TATAMOTORS.NS,lower,False,
2023-09-06,HINDUNILVR.NS,upper,False,
2023-09-06,HINDUNILVR.NS,lower,False,
2023-09-06,INFY.NS,upper,False,
2023-09-06,INFY.NS,lower,False,
2023-09-06,SBIN.NS,upper,False,
2023-09-06,SBIN.NS,lower,False,
2023-09-06,TATAMOTORS.NS,upper,False,
2023-09-06,TATAMOTORS.NS,lower,False,
2023-09-07,HINDUNILVR.NS,upper,False,
2023-09-07,HINDUNILVR.NS,lower,False,
2023-09-07,INFY.NS,upper,False,
2023-09-07,INFY.NS,lower,False,
2023-09-07,SBIN.NS,upper,False,
2023-09-07,SBIN.NS,lower,False,
2023-09-07,TATAMOTORS.NS,upper,False,
2023-09-07,TATAMOTORS.NS,lower,False,
2023-09-08,HINDUNILVR.NS,upper,False,
2023-09-08,HINDUNILVR.NS,lower,False,
2023-09-08,INFY.NS,upper,False,
2023-09-08,INFY.NS,lower,False,
2023-09-08,SBIN.NS,upper,False,
2023-09-08,SBIN.NS,lower,False,
2023-09-08,TATAMOTORS.NS,upper,False,
2023-09-08,TATAMOTORS.NS,lower,False,
2023-09-11,HINDUNILVR.NS,upper,False,
2023-09-11,HINDUNILVR.NS,lower,False,
2023-09-11,INFY.NS,upper,False,
2023-09-11,INFY.NS,lower,False,
2023-09-11,SBIN.NS,upper,True,invalid
2023-09-11,SBIN.NS,lower,False,
2023-09-11,TATAMOTORS.NS,upper,False,
2023-09-11,TATAMOTORS.NS,lower,False,
2023-09-12,HINDUNILVR.NS,upper,False,
2023-09-12,HINDUNILVR.NS,lower,False,
2023-09-12,INFY.NS,upper,False,
2023-09-12,INFY.NS,lower,False,
2023-09-12,SBIN.NS,upper,False,
2023-09-12,SBIN.NS,lower,False,
2023-09-12,TATAMOTORS.NS,upper,False,
2023-09-12,TATAMOTORS.NS,lower,False,
2023-09-13,HINDUNILVR.NS,upper,False,
2023-09-13,HINDUNILVR.NS,lower,False,
2023-09-13,INFY.NS,upper,False,
2023-09-13,INFY.NS,lower,False,
2023-09-13,SBIN.NS,upper,True,sparse
2023-09-13,SBIN.NS,lower,False,
2023-09-13,TATAMOTORS.NS,upper,False,
2023-09-13,TATAMOTORS.NS,lower,False,
2023-09-14,HINDUNILVR.NS,upper,False,
2023-09-14,HINDUNILVR.NS,lower,False,
2023-09-14,INFY.NS,upper,False,
2023-09-14,INFY.NS,lower,False,
2023-09-14,SBIN.NS,upper,False,
2023-09-14,SBIN.NS,lower,False,
2023-09-14,TATAMOTORS.NS,upper,False,
2023-09-14,TATAMOTORS.NS,lower,False,
2023-09-15,HINDUNILVR.NS,upper,False,
2023-09-15,HINDUNILVR.NS,lower,False,
2023-09-15,INFY.NS,upper,False,
2023-09-15,INFY.NS,lower,False,
2023-09-15,SBIN.NS,upper,False,
2023-09-15,SBIN.NS,lower,False,
2023-09-15,TATAMOTORS.NS,upper,False,
2023-09-15,TATAMOTORS.NS,lower,False,
2023-09-18,HINDUNILVR.NS,upper,False,
2023-09-18,HINDUNILVR.NS,lower,False,
2023-09-18,INFY.NS,upper,False,
2023-09-18,INFY.NS,lower,False,
2023-09-18,SBIN.NS,upper,False,
2023-09-18,SBIN.NS,lower,False,
2023-09-18,TATAMOTORS.NS,upper,False,
2023-09-18,TATAMOTORS.NS,lower,False,
2023-09-20,HINDUNILVR.NS,upper,False,
2023-09-20,HINDUNILVR.NS,lower,False,
2023-09-20,INFY.NS,upper,False,
2023-09-20,INFY.NS,lower,False,
2023-09-20,SBIN.NS,upper,False,
2023-09-20,SBIN.NS,lower,False,
2023-09-20,TATAMOTORS.NS,upper,False,
2023-09-20,TATAMOTORS.NS,lower,False,
2023-09-21,HINDUNILVR.NS,upper,False,
2023-09-21,HINDUNILVR.NS,lower,False,
2023-09-21,INFY.NS,upper,False,
2023-09-21,INFY.NS,lower,False,
2023-09-21,SBIN.NS,upper,False,
2023-09-21,SBIN.NS,lower,False,
2023-09-21,TATAMOTORS.NS,upper,False,
2023-09-21,TATAMOTORS.NS,lower,False,
2023-09-22,HINDUNILVR.NS,upper,False,
2023-09-22,HINDUNILVR.NS,lower,False,
2023-09-22,INFY.NS,upper,False,
2023-09-22,INFY.NS,lower,False,
2023-09-22,SBIN.NS,upper,False,
2023-09-22,SBIN.NS,lower,False,
2023-09-22,TATAMOTORS.NS,upper,False,
2023-09-22,TATAMOTORS.NS,lower,False,
2023-09-25,HINDUNILVR.NS,upper,False,
2023-09-25,HINDUNILVR.NS,lower,False,
2023-09-25,INFY.NS,upper,False,
2023-09-25,INFY.NS,lower,False,
2023-09-25,SBIN.NS,upper,False,
2023-09-25,SBIN.NS,lower,False,
2023-09-25,TATAMOTORS.NS,upper,False,
2023-09-25,TATAMOTORS.NS,lower,False,
2023-09-26,HINDUNILVR.NS,upper,False,
2023-09-26,HINDUNILVR.NS,lower,False,
2023-09-26,INFY.NS,upper,False,
2023-09-26,INFY.NS,lower,False,
2023-09-26,SBIN.NS,upper,False,
2023-09-26,SBIN.NS,lower,False,
2023-09-26,TATAMOTORS.NS,upper,False,
2023-09-26,TATAMOTORS.NS,lower,False,
2023-09-27,HINDUNILVR.NS,upper,False,
2023-09-27,HINDUNILVR.NS,lower,False,
2023-09-27,INFY.NS,upper,False,
2023-09-27,INFY.NS,lower,False,
2023-09-27,SBIN.NS,upper,False,
2023-09-27,SBIN.NS,lower,False,
2023-09-27,TATAMOTORS.NS,upper,False,
2023-09-27,TATAMOTORS.NS,lower,False,
2023-09-28,HINDUNILVR.NS,upper,False,
2023-09-28,HINDUNILVR.NS,lower,False,
2023-09-28,INFY.NS,upper,False,
2023-09-28,INFY.NS,lower,False,
2023-09-28,SBIN.NS,upper,False,
2023-09-28,SBIN.NS,lower,False,
2023-09-28,TATAMOTORS.NS,upper,False,
2023-09-28,TATAMOTORS.NS,lower,False,
2023-09-29,HINDUNILVR.NS,upper,False,
2023-09-29,HINDUNILVR.NS,lower,False,
2023-09-29,INFY.NS,upper,False,
2023-09-29,INFY.NS,lower,False,
2023-09-29,SBIN.NS,upper,False,
2023-09-29,SBIN.NS,lower,False,
2023-09-29,TATAMOTORS.NS,upper,False,
2023-09-29,TATAMOTORS.NS,lower,False,
2023-10-03,HINDUNILVR.NS,upper,False,
2023-10-03,HINDUNILVR.NS,lower,False,
2023-10-03,INFY.NS,upper,False,
2023-10-03,INFY.NS,lower,False,
2023-10-03,SBIN.NS,upper,False,
2023-10-03,SBIN.NS,lower,False,
2023-10-03,TATAMOTORS.NS,upper,False,
2023-10-03,TATAMOTORS.NS,lower,False,
2023-10-04,HINDUNILVR.NS,upper,False,
2023-10-04,HINDUNILVR.NS,lower,False,
2023-10-04,INFY.NS,upper,False,
2023-10-04,INFY.NS,lower,False,
2023-10-04,SBIN.NS,upper,False,
2023-10-04,SBIN.NS,lower,False,
2023-10-04,TATAMOTORS.NS,upper,False,
2023-10-04,TATAMOTORS.NS,lower,False,
2023-10-05,HINDUNILVR.NS,upper,False,
2023-10-05,HINDUNILVR.NS,lower,False,
2023-10-05,INFY.NS,upper,False,
2023-10-05,INFY.NS,lower,False,
2023-10-05,SBIN.NS,upper,False,
2023-10-05,SBIN.NS,lower,False,
2023-10-05,TATAMOTORS.NS,upper,False,
2023-10-05,TATAMOTORS.NS,lower,False,
2023-10-06,HINDUNILVR.NS,upper,False,
2023-10-06,HINDUNILVR.NS,lower,False,
2023-10-06,INFY.NS,upper,False,
2023-10-06,INFY.NS,lower,False,
2023-10-06,SBIN.NS,upper,False,
2023-10-06,SBIN.NS,lower,False,
2023-10-06,TATAMOTORS.NS,upper,False,
2023-10-06,TATAMOTORS.NS,lower,False,
2023-10-09,HINDUNILVR.NS,upper,False,
2023-10-09,HINDUNILVR.NS,lower,False,
2023-10-09,INFY.NS,upper,False,
2023-10-09,INFY.NS,lower,False,
2023-10-09,SBIN.NS,upper,False,
2023-10-09,SBIN.NS,lower,False,
2023-10-09,TATAMOTORS.NS,upper,False,
2023-10-09,TATAMOTORS.NS,lower,False,
2023-10-10,HINDUNILVR.NS,upper,False,
2023-10-10,HINDUNILVR.NS,lower,False,
2023-10-10,INFY.NS,upper,False,
2023-10-10,INFY.NS,lower,False,
2023-10-10,SBIN.NS,upper,False,
2023-10-10,SBIN.NS,lower,False,
2023-10-10,TATAMOTORS.NS,upper,False,
2023-10-10,TATAMOTORS.NS,lower,False,
2023-10-11,HINDUNILVR.NS,upper,False,
2023-10-11,HINDUNILVR.NS,lower,False,
2023-10-11,INFY.NS,upper,False,
2023-10-11,INFY.NS,lower,False,
2023-10-11,SBIN.NS,upper,False,
2023-10-11,SBIN.NS,lower,False,
2023-10-11,TATAMOTORS.NS,upper,False,
2023-10-11,TATAMOTORS.NS,lower,False,
2023-10-12,HINDUNILVR.NS,upper,False,
2023-10-12,HINDUNILVR.NS,lower,False,
2023-10-12,INFY.NS,upper,False,
2023-10-12,INFY.NS,lower,False,
2023-10-12,SBIN.NS,upper,False,
2023-10-12,SBIN.NS,lower,False,
2023-10-12,TATAMOTORS.NS,upper,False,
2023-10-12,TATAMOTORS.NS,lower,False,
2023-10-13,HINDUNILVR.NS,upper,False,
2023-10-13,HINDUNILVR.NS,lower,False,
2023-10-13,INFY.NS,upper,False,
2023-10-13,INFY.NS,lower,False,
2023-10-13,SBIN.NS,upper,False,
2023-10-13,SBIN.NS,lower,False,
2023-10-13,TATAMOTORS.NS,upper,False,
2023-10-13,TATAMOTORS.NS,lower,False,
2023-10-16,HINDUNILVR.NS,upper,False,
2023-10-16,HINDUNILVR.NS,lower,False,
2023-10-16,INFY.NS,upper,False,
2023-10-16,INFY.NS,lower,False,
2023-10-16,SBIN.NS,upper,False,
2023-10-16,SBIN.NS,lower,False,
2023-10-16,TATAMOTORS.NS,upper,False,
2023-10-16,TATAMOTORS.NS,lower,False,
2023-10-17,HINDUNILVR.NS,upper,False,
2023-10-17,HINDUNILVR.NS,lower,False,
2023-10-17,INFY.NS,upper,False,
2023-10-17,INFY.NS,lower,False,
2023-10-17,SBIN.NS,upper,False,
2023-10-17,SBIN.NS,lower,False,
2023-10-17,TATAMOTORS.NS,upper,False,
2023-10-17,TATAMOTORS.NS,lower,False,
2023-10-18,HINDUNILVR.NS,upper,False,
2023-10-18,HINDUNILVR.NS,lower,False,
2023-10-18,INFY.NS,upper,False,
2023-10-18,INFY.NS,lower,False,
2023-10-18,SBIN.NS,upper,False,
2023-10-18,SBIN.NS,lower,False,
2023-10-18,TATAMOTORS.NS,upper,False,
2023-10-18,TATAMOTORS.NS,lower,False,
2023-10-19,HINDUNILVR.NS,upper,False,
2023-10-19,HINDUNILVR.NS,lower,False,
2023-10-19,INFY.NS,upper,False,
2023-10-19,INFY.NS,lower,False,
2023-10-19,SBIN.NS,upper,False,
2023-10-19,SBIN.NS,lower,False,
2023-10-19,TATAMOTORS.NS,upper,False,
2023-10-19,TATAMOTORS.NS,lower,False,
2023-10-20,HINDUNILVR.NS,upper,False,
2023-10-20,HINDUNILVR.NS,lower,False,
2023-10-20,INFY.NS,upper,False,
2023-10-20,INFY.NS,lower,False,
2023-10-20,SBIN.NS,upper,False,
2023-10-20,SBIN.NS,lower,False,
2023-10-20,TATAMOTORS.NS,upper,False,
2023-10-20,TATAMOTORS.NS,lower,False,
2023-10-23,HINDUNILVR.NS,upper,False,
2023-10-23,HINDUNILVR.NS,lower,False,
2023-10-23,INFY.NS,upper,False,
2023-10-23,INFY.NS,lower,False,
2023-10-23,SBIN.NS,upper,False,
2023-10-23,SBIN.NS,lower,False,
2023-10-23,TATAMOTORS.NS,upper,False,
2023-10-23,TATAMOTORS.NS,lower,False,
2023-10-25,HINDUNILVR.NS,upper,False,
2023-10-25,HINDUNILVR.NS,lower,False,
2023-10-25,INFY.NS,upper,False,
2023-10-25,INFY.NS,lower,False,
2023-10-25,SBIN.NS,upper,False,
2023-10-25,SBIN.NS,lower,False,
2023-10-25,TATAMOTORS.NS,upper,False,
2023-10-25,TATAMOTORS.NS,lower,False,
2023-10-26,HINDUNILVR.NS,upper,False,
2023-10-26,HINDUNILVR.NS,lower,False,
2023-10-26,INFY.NS,upper,False,
2023-10-26,INFY.NS,lower,False,
2023-10-26,SBIN.NS,upper,False,
2023-10-26,SBIN.NS,lower,False,
2023-10-26,TATAMOTORS.NS,upper,False,
2023-10-26,TATAMOTORS.NS,lower,False,
2023-10-27,HINDUNILVR.NS,upper,False,
2023-10-27,HINDUNILVR.NS,lower,False,
2023-10-27,INFY.NS,upper,False,
2023-10-27,INFY.NS,lower,False,
2023-10-27,SBIN.NS,upper,False,
2023-10-27,SBIN.NS,lower,False,
2023-10-27,TATAMOTORS.NS,upper,False,
2023-10-27,TATAMOTORS.NS,lower,False,
2023-10-30,HINDUNILVR.NS,upper,False,
2023-10-30,HINDUNILVR.NS,lower,False,
2023-10-30,INFY.NS,upper,False,
2023-10-30,INFY.NS,lower,False,
2023-10-30,SBIN.NS,upper,False,
2023-10-30,SBIN.NS,lower,False,
2023-10-30,TATAMOTORS.NS,upper,False,
2023-10-30,TATAMOTORS.NS,lower,False,
2023-10-31,HINDUNILVR.NS,upper,False,
2023-10-31,HINDUNILVR.NS,lower,False,
2023-10-31,INFY.NS,upper,False,
2023-10-31,INFY.NS,lower,False,
2023-10-31,SBIN.NS,upper,False,
2023-10-31,SBIN.NS,lower,False,
2023-10-31,TATAMOTORS.NS,upper,False,
2023-10-31,TATAMOTORS.NS,lower,False,
2023-11-01,HINDUNILVR.NS,upper,False,
2023-11-01,HINDUNILVR.NS,lower,False,
2023-11-01,INFY.NS,upper,False,
2023-11-01,INFY.NS,lower,False,
2023-11-01,SBIN.NS,upper,False,
2023-11-01,SBIN.NS,lower,False,
2023-11-01,TATAMOTORS.NS,upper,False,
2023-11-01,TATAMOTORS.NS,lower,False,
2023-11-02,HINDUNILVR.NS,upper,False,
2023-11-02,HINDUNILVR.NS,lower,False,
2023-11-02,INFY.NS,upper,False,
2023-11-02,INFY.NS,lower,False,
2023-11-02,SBIN.NS,upper,False,
2023-11-02,SBIN.NS,lower,False,
2023-11-02,TATAMOTORS.NS,upper,False,
2023-11-02,TATAMOTORS.NS,lower,False,
2023-11-03,HINDUNILVR.NS,upper,False,
2023-11-03,HINDUNILVR.NS,lower,False,
2023-11-03,INFY.NS,upper,False,
2023-11-03,INFY.NS,lower,False,
2023-11-03,SBIN.NS,upper,False,
2023-11-03,SBIN.NS,lower,False,
2023-11-03,TATAMOTORS.NS,upper,False,
2023-11-03,TATAMOTORS.NS,lower,False,
2023-11-06,HINDUNILVR.NS,upper,False,
2023-11-06,HINDUNILVR.NS,lower,False,
2023-11-06,INFY.NS,upper,False,
2023-11-06,INFY.NS,lower,False,
2023-11-06,SBIN.NS,upper,False,
2023-11-06,SBIN.NS,lower,False,
2023-11-06,TATAMOTORS.NS,upper,False,
2023-11-06,TATAMOTORS.NS,lower,False,
2023-11-07,HINDUNILVR.NS,upper,False,
2023-11-07,HINDUNILVR.NS,lower,False,
2023-11-07,INFY.NS,upper,False,
2023-11-07,INFY.NS,lower,False,
2023-11-07,SBIN.NS,upper,False,
2023-11-07,SBIN.NS,lower,False,
2023-11-07,TATAMOTORS.NS,upper,False,
2023-11-07,TATAMOTORS.NS,lower,False,
2023-11-08,HINDUNILVR.NS,upper,False,
2023-11-08,HINDUNILVR.NS,lower,False,
2023-11-08,INFY.NS,upper,False,
2023-11-08,INFY.NS,lower,False,
2023-11-08,SBIN.NS,upper,False,
2023-11-08,SBIN.NS,lower,False,
2023-11-08,TATAMOTORS.NS,upper,False,
2023-11-08,TATAMOTORS.NS,lower,False,
2023-11-09,HINDUNILVR.NS,upper,False,
2023-11-09,HINDUNILVR.NS,lower,False,
2023-11-09,INFY.NS,upper,False,
2023-11-09,INFY.NS,lower,False,
2023-11-09,SBIN.NS,upper,False,
2023-11-09,SBIN.NS,lower,False,
2023-11-09,TATAMOTORS.NS,upper,False,
2023-11-09,TATAMOTORS.NS,lower,False,
2023-11-10,HINDUNILVR.NS,upper,False,
2023-11-10,HINDUNILVR.NS,lower,False,
2023-11-10,INFY.NS,upper,False,
2023-11-10,INFY.NS,lower,False,
2023-11-10,SBIN.NS,upper,False,
2023-11-10,SBIN.NS,lower,False,
2023-11-10,TATAMOTORS.NS,upper,False,
2023-11-10,TATAMOTORS.NS,lower,False,
2023-11-13,HINDUNILVR.NS,upper,False,
2023-11-13,HINDUNILVR.NS,lower,False,
2023-11-13,INFY.NS,upper,False,
2023-11-13,INFY.NS,lower,False,
2023-11-13,SBIN.NS,upper,False,
2023-11-13,SBIN.NS,lower,False,
2023-11-13,TATAMOTORS.NS,upper,False,
2023-11-13,TATAMOTORS.NS,lower,False,
2023-11-15,HINDUNILVR.NS,upper,False,
2023-11-15,HINDUNILVR.NS,lower,False,
2023-11-15,INFY.NS,upper,False,
2023-11-15,INFY.NS,lower,False,
2023-11-15,SBIN.NS,upper,False,
2023-11-15,SBIN.NS,lower,False,
2023-11-15,TATAMOTORS.NS,upper,False,
2023-11-15,TATAMOTORS.NS,lower,False,
2023-11-16,HINDUNILVR.NS,upper,False,
2023-11-16,HINDUNILVR.NS,lower,False,
2023-11-16,INFY.NS,upper,False,
2023-11-16,INFY.NS,lower,False,
2023-11-16,SBIN.NS,upper,False,
2023-11-16,SBIN.NS,lower,False,
2023-11-16,TATAMOTORS.NS,upper,False,
2023-11-16,TATAMOTORS.NS,lower,False,
2023-11-17,HINDUNILVR.NS,upper,False,
2023-11-17,HINDUNILVR.NS,lower,False,
2023-11-17,INFY.NS,upper,False,
2023-11-17,INFY.NS,lower,False,
2023-11-17,SBIN.NS,upper,False,
2023-11-17,SBIN.NS,lower,False,
2023-11-17,TATAMOTORS.NS,upper,False,
2023-11-17,TATAMOTORS.NS,lower,False,
2023-11-20,HINDUNILVR.NS,upper,False,
2023-11-20,HINDUNILVR.NS,lower,False,
2023-11-20,INFY.NS,upper,False,
2023-11-20,INFY.NS,lower,False,
2023-11-20,SBIN.NS,upper,False,
2023-11-20,SBIN.NS,lower,False,
2023-11-20,TATAMOTORS.NS,upper,False,
2023-11-20,TATAMOTORS.NS,lower,False,
2023-11-21,HINDUNILVR.NS,upper,False,
2023-11-21,HINDUNILVR.NS,lower,False,
2023-11-21,INFY.NS,upper,False,
2023-11-21,INFY.NS,lower,False,
2023-11-21,SBIN.NS,upper,False,
2023-11-21,SBIN.NS,lower,False,
2023-11-21,TATAMOTORS.NS,upper,False,
2023-11-21,TATAMOTORS.NS,lower,False,
2023-11-22,HINDUNILVR.NS,upper,False,
2023-11-22,HINDUNILVR.NS,lower,False,
2023-11-22,INFY.NS,upper,False,
2023-11-22,INFY.NS,lower,False,
2023-11-22,SBIN.NS,upper,False,
2023-11-22,SBIN.NS,lower,False,
2023-11-22,TATAMOTORS.NS,upper,False,
2023-11-22,TATAMOTORS.NS,lower,False,
2023-11-23,HINDUNILVR.NS,upper,False,
2023-11-23,HINDUNILVR.NS,lower,False,
2023-11-23,INFY.NS,upper,True,invalid
2023-11-23,INFY.NS,lower,False,
2023-11-23,SBIN.NS,upper,False,
2023-11-23,SBIN.NS,lower,False,
2023-11-23,TATAMOTORS.NS,upper,False,
2023-11-23,TATAMOTORS.NS,lower,False,
2023-11-24,HINDUNILVR.NS,upper,False,
2023-11-24,HINDUNILVR.NS,lower,False,
2023-11-24,INFY.NS,upper,True,invalid
2023-11-24,INFY.NS,lower,False,
2023-11-24,SBIN.NS,upper,False,
2023-11-24,SBIN.NS,lower,False,
2023-11-24,TATAMOTORS.NS,upper,False,
2023-11-24,TATAMOTORS.NS,lower,False,
2023-11-28,HINDUNILVR.NS,upper,False,
2023-11-28,HINDUNILVR.NS,lower,False,
2023-11-28,INFY.NS,upper,True,invalid
2023-11-28,INFY.NS,lower,False,
2023-11-28,SBIN.NS,upper,False,
2023-11-28,SBIN.NS,lower,False,
2023-11-28,TATAMOTORS.NS,upper,False,
2023-11-28,TATAMOTORS.NS,lower,False,
2023-11-29,HINDUNILVR.NS,upper,False,
2023-11-29,HINDUNILVR.NS,lower,False,
2023-11-29,INFY.NS,upper,False,
2023-11-29,INFY.NS,lower,False,
2023-11-29,SBIN.NS,upper,False,
2023-11-29,SBIN.NS,lower,False,
2023-11-29,TATAMOTORS.NS,upper,False,
2023-11-29,TATAMOTORS.NS,lower,False,
2023-11-30,HINDUNILVR.NS,upper,False,
2023-11-30,HINDUNILVR.NS,lower,False,
2023-11-30,INFY.NS,upper,True,invalid
2023-11-30,INFY.NS,lower,False,
2023-11-30,SBIN.NS,upper,False,
2023-11-30,SBIN.NS,lower,False,
2023-11-30,TATAMOTORS.NS,upper,False,
2023-11-30,TATAMOTORS.NS,lower,False,
2023-12-01,HINDUNILVR.NS,upper,False,
2023-12-01,HINDUNILVR.NS,lower,False,
2023-12-01,INFY.NS,upper,False,
2023-12-01,INFY.NS,lower,False,
2023-12-01,SBIN.NS,upper,False,
2023-12-01,SBIN.NS,lower,False,
2023-12-01,TATAMOTORS.NS,upper,False,
2023-12-01,TATAMOTORS.NS,lower,False,
2023-12-04,HINDUNILVR.NS,upper,False,
2023-12-04,HINDUNILVR.NS,lower,False,
2023-12-04,INFY.NS,upper,False,
2023-12-04,INFY.NS,lower,False,
2023-12-04,SBIN.NS,upper,False,
2023-12-04,SBIN.NS,lower,False,
2023-12-04,TATAMOTORS.NS,upper,False,
2023-12-04,TATAMOTORS.NS,lower,False,
2023-12-05,HINDUNILVR.NS,upper,False,
2023-12-05,HINDUNILVR.NS,lower,False,
2023-12-05,INFY.NS,upper,False,
2023-12-05,INFY.NS,lower,False,
2023-12-05,SBIN.NS,upper,False,
2023-12-05,SBIN.NS,lower,False,
2023-12-05,TATAMOTORS.NS,upper,False,
2023-12-05,TATAMOTORS.NS,lower,False,
2023-12-06,HINDUNILVR.NS,upper,False,
2023-12-06,HINDUNILVR.NS,lower,False,
2023-12-06,INFY.NS,upper,False,
2023-12-06,INFY.NS,lower,False,
2023-12-06,SBIN.NS,upper,False,
2023-12-06,SBIN.NS,lower,False,
2023-12-06,TATAMOTORS.NS,upper,False,
2023-12-06,TATAMOTORS.NS,lower,False,
2023-12-07,HINDUNILVR.NS,upper,False,
2023-12-07,HINDUNILVR.NS,lower,False,
2023-12-07,INFY.NS,upper,False,
2023-12-07,INFY.NS,lower,False,
2023-12-07,SBIN.NS,upper,False,
2023-12-07,SBIN.NS,lower,False,
2023-12-07,TATAMOTORS.NS,upper,False,
2023-12-07,TATAMOTORS.NS,lower,False,
2023-12-08,HINDUNILVR.NS,upper,False,
2023-12-08,HINDUNILVR.NS,lower,False,
2023-12-08,INFY.NS,upper,False,
2023-12-08,INFY.NS,lower,False,
2023-12-08,SBIN.NS,upper,False,
2023-12-08,SBIN.NS,lower,False,
2023-12-08,TATAMOTORS.NS,upper,False,
2023-12-08,TATAMOTORS.NS,lower,False,
2023-12-11,HINDUNILVR.NS,upper,False,
2023-12-11,HINDUNILVR.NS,lower,False,
2023-12-11,INFY.NS,upper,True,invalid
2023-12-11,INFY.NS,lower,False,
2023-12-11,SBIN.NS,upper,False,
2023-12-11,SBIN.NS,lower,False,
2023-12-11,TATAMOTORS.NS,upper,False,
2023-12-11,TATAMOTORS.NS,lower,False,
2023-12-12,HINDUNILVR.NS,upper,False,
2023-12-12,HINDUNILVR.NS,lower,False,
2023-12-12,INFY.NS,upper,True,invalid
2023-12-12,INFY.NS,lower,False,
2023-12-12,SBIN.NS,upper,False,
2023-12-12,SBIN.NS,lower,False,
2023-12-12,TATAMOTORS.NS,upper,False,
2023-12-12,TATAMOTORS.NS,lower,False,
2023-12-13,HINDUNILVR.NS,upper,False,
2023-12-13,HINDUNILVR.NS,lower,False,
2023-12-13,INFY.NS,upper,True,invalid
2023-12-13,INFY.NS,lower,False,
2023-12-13,SBIN.NS,upper,False,
2023-12-13,SBIN.NS,lower,False,
2023-12-13,TATAMOTORS.NS,upper,False,
2023-12-13,TATAMOTORS.NS,lower,False,
2023-12-14,HINDUNILVR.NS,upper,False,
2023-12-14,HINDUNILVR.NS,lower,False,
2023-12-14,INFY.NS,upper,False,
2023-12-14,INFY.NS,lower,False,
2023-12-14,SBIN.NS,upper,False,
2023-12-14,SBIN.NS,lower,False,
2023-12-14,TATAMOTORS.NS,upper,False,
2023-12-14,TATAMOTORS.NS,lower,False,
2023-12-15,HINDUNILVR.NS,upper,False,
2023-12-15,HINDUNILVR.NS,lower,False,
2023-12-15,INFY.NS,upper,False,
2023-12-15,INFY.NS,lower,False,
2023-12-15,SBIN.NS,upper,False,
2023-12-15,SBIN.NS,lower,False,
2023-12-15,TATAMOTORS.NS,upper,False,
2023-12-15,TATAMOTORS.NS,lower,False,
2023-12-18,HINDUNILVR.NS,upper,False,
2023-12-18,HINDUNILVR.NS,lower,False,
2023-12-18,INFY.NS,upper,False,
2023-12-18,INFY.NS,lower,False,
2023-12-18,SBIN.NS,upper,False,
2023-12-18,SBIN.NS,lower,False,
2023-12-18,TATAMOTORS.NS,upper,False,
2023-12-18,TATAMOTORS.NS,lower,False,
2023-12-19,HINDUNILVR.NS,upper,False,
2023-12-19,HINDUNILVR.NS,lower,False,
2023-12-19,INFY.NS,upper,False,
2023-12-19,INFY.NS,lower,False,
2023-12-19,SBIN.NS,upper,False,
2023-12-19,SBIN.NS,lower,False,
2023-12-19,TATAMOTORS.NS,upper,False,
2023-12-19,TATAMOTORS.NS,lower,False,
2023-12-20,HINDUNILVR.NS,upper,False,
2023-12-20,HINDUNILVR.NS,lower,False,
2023-12-20,INFY.NS,upper,False,
2023-12-20,INFY.NS,lower,False,
2023-12-20,SBIN.NS,upper,False,
2023-12-20,SBIN.NS,lower,False,
2023-12-20,TATAMOTORS.NS,upper,False,
2023-12-20,TATAMOTORS.NS,lower,False,
2023-12-21,HINDUNILVR.NS,upper,False,
2023-12-21,HINDUNILVR.NS,lower,False,
2023-12-21,INFY.NS,upper,False,
2023-12-21,INFY.NS,lower,False,
2023-12-21,SBIN.NS,upper,False,
2023-12-21,SBIN.NS,lower,False,
2023-12-21,TATAMOTORS.NS,upper,False,
2023-12-21,TATAMOTORS.NS,lower,False,
2023-12-22,HINDUNILVR.NS,upper,False,
2023-12-22,HINDUNILVR.NS,lower,False,
2023-12-22,INFY.NS,upper,False,
2023-12-22,INFY.NS,lower,False,
2023-12-22,SBIN.NS,upper,False,
2023-12-22,SBIN.NS,lower,False,
2023-12-22,TATAMOTORS.NS,upper,False,
2023-12-22,TATAMOTORS.NS,lower,False,
2023-12-26,HINDUNILVR.NS,upper,False,
2023-12-26,HINDUNILVR.NS,lower,False,
2023-12-26,INFY.NS,upper,False,
2023-12-26,INFY.NS,lower,False,
2023-12-26,SBIN.NS,upper,False,
2023-12-26,SBIN.NS,lower,False,
2023-12-26,TATAMOTORS.NS,upper,False,
2023-12-26,TATAMOTORS.NS,lower,False,
2023-12-27,HINDUNILVR.NS,upper,False,
2023-12-27,HINDUNILVR.NS,lower,False,
2023-12-27,INFY.NS,upper,False,
2023-12-27,INFY.NS,lower,False,
2023-12-27,SBIN.NS,upper,False,
2023-12-27,SBIN.NS,lower,False,
2023-12-27,TATAMOTORS.NS,upper,False,
2023-12-27,TATAMOTORS.NS,lower,False,
2023-12-28,HINDUNILVR.NS,upper,False,
2023-12-28,HINDUNILVR.NS,lower,False,
2023-12-28,INFY.NS,upper,True,sparse
2023-12-28,INFY.NS,lower,False,
2023-12-28,SBIN.NS,upper,False,
2023-12-28,SBIN.NS,lower,False,
2023-12-28,TATAMOTORS.NS,upper,False,
2023-12-28,TATAMOTORS.NS,lower,False,
2023-12-29,HINDUNILVR.NS,upper,False,
2023-12-29,HINDUNILVR.NS,lower,False,
2023-12-29,INFY.NS,upper,False,
2023-12-29,INFY.NS,lower,False,
2023-12-29,SBIN.NS,upper,False,
2023-12-29,SBIN.NS,lower,False,
2023-12-29,TATAMOTORS.NS,upper,False,
2023-12-29,TATAMOTORS.NS,lower,False,
2024-01-01,HINDUNILVR.NS,upper,False,
2024-01-01,HINDUNILVR.NS,lower,False,
2024-01-01,INFY.NS,upper,False,
2024-01-01,INFY.NS,lower,False,
2024-01-01,SBIN.NS,upper,False,
2024-01-01,SBIN.NS,lower,False,
2024-01-01,TATAMOTORS.NS,upper,False,
2024-01-01,TATAMOTORS.NS,lower,False,
2024-01-02,HINDUNILVR.NS,upper,False,
2024-01-02,HINDUNILVR.NS,lower,False,
2024-01-02,INFY.NS,upper,False,
2024-01-02,INFY.NS,lower,False,
2024-01-02,SBIN.NS,upper,False,
2024-01-02,SBIN.NS,lower,False,
2024-01-02,TATAMOTORS.NS,upper,False,
2024-01-02,TATAMOTORS.NS,lower,False,
2024-01-03,HINDUNILVR.NS,upper,False,
2024-01-03,HINDUNILVR.NS,lower,False,
2024-01-03,INFY.NS,upper,False,
2024-01-03,INFY.NS,lower,False,
2024-01-03,SBIN.NS,upper,False,
2024-01-03,SBIN.NS,lower,False,
2024-01-03,TATAMOTORS.NS,upper,False,
2024-01-03,TATAMOTORS.NS,lower,False,
2024-01-04,HINDUNILVR.NS,upper,False,
2024-01-04,HINDUNILVR.NS,lower,False,
2024-01-04,INFY.NS,upper,False,
2024-01-04,INFY.NS,lower,False,
2024-01-04,SBIN.NS,upper,False,
2024-01-04,SBIN.NS,lower,False,
2024-01-04,TATAMOTORS.NS,upper,False,
2024-01-04,TATAMOTORS.NS,lower,False,
2024-01-05,HINDUNILVR.NS,upper,False,
2024-01-05,HINDUNILVR.NS,lower,False,
2024-01-05,INFY.NS,upper,False,
2024-01-05,INFY.NS,lower,False,
2024-01-05,SBIN.NS,upper,False,
2024-01-05,SBIN.NS,lower,False,
2024-01-05,TATAMOTORS.NS,upper,False,
2024-01-05,TATAMOTORS.NS,lower,False,
2024-01-08,HINDUNILVR.NS,upper,False,
2024-01-08,HINDUNILVR.NS,lower,False,
2024-01-08,INFY.NS,upper,True,sparse
2024-01-08,INFY.NS,lower,False,
2024-01-08,SBIN.NS,upper,False,
2024-01-08,SBIN.NS,lower,False,
2024-01-08,TATAMOTORS.NS,upper,False,
2024-01-08,TATAMOTORS.NS,lower,False,
2024-01-09,HINDUNILVR.NS,upper,False,
2024-01-09,HINDUNILVR.NS,lower,False,
2024-01-09,INFY.NS,upper,False,
2024-01-09,INFY.NS,lower,False,
2024-01-09,SBIN.NS,upper,False,
2024-01-09,SBIN.NS,lower,False,
2024-01-09,TATAMOTORS.NS,upper,False,
2024-01-09,TATAMOTORS.NS,lower,False,
2024-01-10,HINDUNILVR.NS,upper,False,
2024-01-10,HINDUNILVR.NS,lower,False,
2024-01-10,INFY.NS,upper,False,
2024-01-10,INFY.NS,lower,False,
2024-01-10,SBIN.NS,upper,False,
2024-01-10,SBIN.NS,lower,False,
2024-01-10,TATAMOTORS.NS,upper,False,
2024-01-10,TATAMOTORS.NS,lower,False,
2024-01-11,HINDUNILVR.NS,upper,False,
2024-01-11,HINDUNILVR.NS,lower,False,
2024-01-11,INFY.NS,upper,False,
2024-01-11,INFY.NS,lower,False,
2024-01-11,SBIN.NS,upper,False,
2024-01-11,SBIN.NS,lower,False,
2024-01-11,TATAMOTORS.NS,upper,False,
2024-01-11,TATAMOTORS.NS,lower,False,
2024-01-12,HINDUNILVR.NS,upper,False,
2024-01-12,HINDUNILVR.NS,lower,False,
2024-01-12,INFY.NS,upper,False,
2024-01-12,INFY.NS,lower,False,
2024-01-12,SBIN.NS,upper,False,
2024-01-12,SBIN.NS,lower,False,
2024-01-12,TATAMOTORS.NS,upper,False,
2024-01-12,TATAMOTORS.NS,lower,False,
2024-01-15,HINDUNILVR.NS,upper,False,
2024-01-15,HINDUNILVR.NS,lower,False,
2024-01-15,INFY.NS,upper,True,invalid
2024-01-15,INFY.NS,lower,False,
2024-01-15,SBIN.NS,upper,False,
2024-01-15,SBIN.NS,lower,False,
2024-01-15,TATAMOTORS.NS,upper,False,
2024-01-15,TATAMOTORS.NS,lower,False,
2024-01-16,HINDUNILVR.NS,upper,False,
2024-01-16,HINDUNILVR.NS,lower,False,
2024-01-16,INFY.NS,upper,True,invalid
2024-01-16,INFY.NS,lower,False,
2024-01-16,SBIN.NS,upper,False,
2024-01-16,SBIN.NS,lower,False,
2024-01-16,TATAMOTORS.NS,upper,False,
2024-01-16,TATAMOTORS.NS,lower,False,
2024-01-17,HINDUNILVR.NS,upper,False,
2024-01-17,HINDUNILVR.NS,lower,False,
2024-01-17,INFY.NS,upper,True,invalid
2024-01-17,INFY.NS,lower,False,
2024-01-17,SBIN.NS,upper,False,
2024-01-17,SBIN.NS,lower,False,
2024-01-17,TATAMOTORS.NS,upper,False,
2024-01-17,TATAMOTORS.NS,lower,False,
2024-01-18,HINDUNILVR.NS,upper,False,
2024-01-18,HINDUNILVR.NS,lower,False,
2024-01-18,INFY.NS,upper,True,invalid
2024-01-18,INFY.NS,lower,False,
2024-01-18,SBIN.NS,upper,False,
2024-01-18,SBIN.NS,lower,False,
2024-01-18,TATAMOTORS.NS,upper,False,
2024-01-18,TATAMOTORS.NS,lower,False,
2024-01-19,HINDUNILVR.NS,upper,False,
2024-01-19,HINDUNILVR.NS,lower,False,
2024-01-19,INFY.NS,upper,True,invalid
2024-01-19,INFY.NS,lower,False,
2024-01-19,SBIN.NS,upper,False,
2024-01-19,SBIN.NS,lower,False,
2024-01-19,TATAMOTORS.NS,upper,False,
2024-01-19,TATAMOTORS.NS,lower,False,
2024-01-23,HINDUNILVR.NS,upper,False,
2024-01-23,HINDUNILVR.NS,lower,False,
2024-01-23,INFY.NS,upper,True,invalid
2024-01-23,INFY.NS,lower,False,
2024-01-23,SBIN.NS,upper,False,
2024-01-23,SBIN.NS,lower,False,
2024-01-23,TATAMOTORS.NS,upper,False,
2024-01-23,TATAMOTORS.NS,lower,False,
2024-01-24,HINDUNILVR.NS,upper,False,
2024-01-24,HINDUNILVR.NS,lower,False,
2024-01-24,INFY.NS,upper,True,invalid
2024-01-24,INFY.NS,lower,False,
2024-01-24,SBIN.NS,upper,False,
2024-01-24,SBIN.NS,lower,False,
2024-01-24,TATAMOTORS.NS,upper,False,
2024-01-24,TATAMOTORS.NS,lower,False,
2024-01-25,HINDUNILVR.NS,upper,False,
2024-01-25,HINDUNILVR.NS,lower,False,
2024-01-25,INFY.NS,upper,True,invalid
2024-01-25,INFY.NS,lower,False,
2024-01-25,SBIN.NS,upper,False,
2024-01-25,SBIN.NS,lower,False,
2024-01-25,TATAMOTORS.NS,upper,False,
2024-01-25,TATAMOTORS.NS,lower,False,
2024-01-29,HINDUNILVR.NS,upper,False,
2024-01-29,HINDUNILVR.NS,lower,False,
2024-01-29,INFY.NS,upper,True,invalid
2024-01-29,INFY.NS,lower,False,
2024-01-29,SBIN.NS,upper,False,
2024-01-29,SBIN.NS,lower,False,
2024-01-29,TATAMOTORS.NS,upper,False,
2024-01-29,TATAMOTORS.NS,lower,False,
2024-01-30,HINDUNILVR.NS,upper,False,
2024-01-30,HINDUNILVR.NS,lower,False,
2024-01-30,INFY.NS,upper,True,invalid
2024-01-30,INFY.NS,lower,False,
2024-01-30,SBIN.NS,upper,False,
2024-01-30,SBIN.NS,lower,False,
2024-01-30,TATAMOTORS.NS,upper,False,
2024-01-30,TATAMOTORS.NS,lower,False,
2024-01-31,HINDUNILVR.NS,upper,False,
2024-01-31,HINDUNILVR.NS,lower,False,
2024-01-31,INFY.NS,upper,True,invalid
2024-01-31,INFY.NS,lower,False,
2024-01-31,SBIN.NS,upper,False,
2024-01-31,SBIN.NS,lower,False,
2024-01-31,TATAMOTORS.NS,upper,False,
2024-01-31,TATAMOTORS.NS,lower,False,
2024-02-01,HINDUNILVR.NS,upper,False,
2024-02-01,HINDUNILVR.NS,lower,False,
2024-02-01,INFY.NS,upper,True,invalid
2024-02-01,INFY.NS,lower,False,
2024-02-01,SBIN.NS,upper,False,
2024-02-01,SBIN.NS,lower,False,
2024-02-01,TATAMOTORS.NS,upper,False,
2024-02-01,TATAMOTORS.NS,lower,False,
2024-02-02,HINDUNILVR.NS,upper,True,sparse
2024-02-02,HINDUNILVR.NS,lower,False,
2024-02-02,INFY.NS,upper,True,invalid
2024-02-02,INFY.NS,lower,False,
2024-02-02,SBIN.NS,upper,False,
2024-02-02,SBIN.NS,lower,False,
2024-02-02,TATAMOTORS.NS,upper,False,
2024-02-02,TATAMOTORS.NS,lower,False,
2024-02-05,HINDUNILVR.NS,upper,True,sparse
2024-02-05,HINDUNILVR.NS,lower,False,
2024-02-05,INFY.NS,upper,True,invalid
2024-02-05,INFY.NS,lower,False,
2024-02-05,SBIN.NS,upper,False,
2024-02-05,SBIN.NS,lower,False,
2024-02-05,TATAMOTORS.NS,upper,False,
2024-02-05,TATAMOTORS.NS,lower,False,
2024-02-06,HINDUNILVR.NS,upper,True,invalid
2024-02-06,HINDUNILVR.NS,lower,False,
2024-02-06,INFY.NS,upper,True,invalid
2024-02-06,INFY.NS,lower,False,
2024-02-06,SBIN.NS,upper,False,
2024-02-06,SBIN.NS,lower,False,
2024-02-06,TATAMOTORS.NS,upper,False,
2024-02-06,TATAMOTORS.NS,lower,False,
2024-02-07,HINDUNILVR.NS,upper,True,invalid
2024-02-07,HINDUNILVR.NS,lower,False,
2024-02-07,INFY.NS,upper,True,invalid
2024-02-07,INFY.NS,lower,False,
2024-02-07,SBIN.NS,upper,False,
2024-02-07,SBIN.NS,lower,False,
2024-02-07,TATAMOTORS.NS,upper,False,
2024-02-07,TATAMOTORS.NS,lower,False,
2024-02-08,HINDUNILVR.NS,upper,True,invalid
2024-02-08,HINDUNILVR.NS,lower,False,
2024-02-08,INFY.NS,upper,True,invalid
2024-02-08,INFY.NS,lower,False,
2024-02-08,SBIN.NS,upper,False,
2024-02-08,SBIN.NS,lower,False,
2024-02-08,TATAMOTORS.NS,upper,False,
2024-02-08,TATAMOTORS.NS,lower,False,
2024-02-09,HINDUNILVR.NS,upper,True,invalid
2024-02-09,HINDUNILVR.NS,lower,False,
2024-02-09,INFY.NS,upper,True,invalid
2024-02-09,INFY.NS,lower,False,
2024-02-09,SBIN.NS,upper,False,
2024-02-09,SBIN.NS,lower,False,
2024-02-09,TATAMOTORS.NS,upper,False,
2024-02-09,TATAMOTORS.NS,lower,False,
2024-02-12,HINDUNILVR.NS,upper,True,invalid
2024-02-12,HINDUNILVR.NS,lower,False,
2024-02-12,INFY.NS,upper,True,invalid
2024-02-12,INFY.NS,lower,False,
2024-02-12,SBIN.NS,upper,False,
2024-02-12,SBIN.NS,lower,False,
2024-02-12,TATAMOTORS.NS,upper,False,
2024-02-12,TATAMOTORS.NS,lower,False,
2024-02-13,HINDUNILVR.NS,upper,True,invalid
2024-02-13,HINDUNILVR.NS,lower,False,
2024-02-13,INFY.NS,upper,True,invalid
2024-02-13,INFY.NS,lower,False,
2024-02-13,SBIN.NS,upper,False,
2024-02-13,SBIN.NS,lower,False,
2024-02-13,TATAMOTORS.NS,upper,False,
2024-02-13,TATAMOTORS.NS,lower,False,
2024-02-14,HINDUNILVR.NS,upper,False,
2024-02-14,HINDUNILVR.NS,lower,False,
2024-02-14,INFY.NS,upper,True,sparse
2024-02-14,INFY.NS,lower,False,
2024-02-14,SBIN.NS,upper,False,
2024-02-14,SBIN.NS,lower,False,
2024-02-14,TATAMOTORS.NS,upper,False,
2024-02-14,TATAMOTORS.NS,lower,False,
2024-02-15,HINDUNILVR.NS,upper,True,invalid
2024-02-15,HINDUNILVR.NS,lower,False,
2024-02-15,INFY.NS,upper,False,
2024-02-15,INFY.NS,lower,False,
2024-02-15,SBIN.NS,upper,False,
2024-02-15,SBIN.NS,lower,False,
2024-02-15,TATAMOTORS.NS,upper,False,
2024-02-15,TATAMOTORS.NS,lower,False,
2024-02-16,HINDUNILVR.NS,upper,True,sparse
2024-02-16,HINDUNILVR.NS,lower,False,
2024-02-16,INFY.NS,upper,True,sparse
2024-02-16,INFY.NS,lower,False,
2024-02-16,SBIN.NS,upper,False,
2024-02-16,SBIN.NS,lower,False,
2024-02-16,TATAMOTORS.NS,upper,False,
2024-02-16,TATAMOTORS.NS,lower,False,
2024-02-19,HINDUNILVR.NS,upper,True,invalid
2024-02-19,HINDUNILVR.NS,lower,False,
2024-02-19,INFY.NS,upper,True,sparse
2024-02-19,INFY.NS,lower,False,
2024-02-19,SBIN.NS,upper,False,
2024-02-19,SBIN.NS,lower,False,
2024-02-19,TATAMOTORS.NS,upper,False,
2024-02-19,TATAMOTORS.NS,lower,False,
2024-02-20,HINDUNILVR.NS,upper,True,invalid
2024-02-20,HINDUNILVR.NS,lower,False,
2024-02-20,INFY.NS,upper,False,
2024-02-20,INFY.NS,lower,False,
2024-02-20,SBIN.NS,upper,False,
2024-02-20,SBIN.NS,lower,False,
2024-02-20,TATAMOTORS.NS,upper,False,
2024-02-20,TATAMOTORS.NS,lower,False,
2024-02-21,HINDUNILVR.NS,upper,True,invalid
2024-02-21,HINDUNILVR.NS,lower,False,
2024-02-21,INFY.NS,upper,False,
2024-02-21,INFY.NS,lower,False,
2024-02-21,SBIN.NS,upper,False,
2024-02-21,SBIN.NS,lower,False,
2024-02-21,TATAMOTORS.NS,upper,False,
2024-02-21,TATAMOTORS.NS,lower,False,
2024-02-22,HINDUNILVR.NS,upper,True,invalid
2024-02-22,HINDUNILVR.NS,lower,False,
2024-02-22,INFY.NS,upper,True,sparse
2024-02-22,INFY.NS,lower,False,
2024-02-22,SBIN.NS,upper,False,
2024-02-22,SBIN.NS,lower,False,
2024-02-22,TATAMOTORS.NS,upper,False,
2024-02-22,TATAMOTORS.NS,lower,False,
2024-02-23,HINDUNILVR.NS,upper,True,invalid
2024-02-23,HINDUNILVR.NS,lower,False,
2024-02-23,INFY.NS,upper,True,invalid
2024-02-23,INFY.NS,lower,False,
2024-02-23,SBIN.NS,upper,False,
2024-02-23,SBIN.NS,lower,False,
2024-02-23,TATAMOTORS.NS,upper,False,
2024-02-23,TATAMOTORS.NS,lower,False,
2024-02-26,HINDUNILVR.NS,upper,True,invalid
2024-02-26,HINDUNILVR.NS,lower,False,
2024-02-26,INFY.NS,upper,True,invalid
2024-02-26,INFY.NS,lower,False,
2024-02-26,SBIN.NS,upper,False,
2024-02-26,SBIN.NS,lower,False,
2024-02-26,TATAMOTORS.NS,upper,False,
2024-02-26,TATAMOTORS.NS,lower,False,
2024-02-27,HINDUNILVR.NS,upper,True,invalid
2024-02-27,HINDUNILVR.NS,lower,False,
2024-02-27,INFY.NS,upper,False,
2024-02-27,INFY.NS,lower,False,
2024-02-27,SBIN.NS,upper,False,
2024-02-27,SBIN.NS,lower,False,
2024-02-27,TATAMOTORS.NS,upper,False,
2024-02-27,TATAMOTORS.NS,lower,False,
2024-02-28,HINDUNILVR.NS,upper,True,invalid
2024-02-28,HINDUNILVR.NS,lower,False,
2024-02-28,INFY.NS,upper,False,
2024-02-28,INFY.NS,lower,False,
2024-02-28,SBIN.NS,upper,False,
2024-02-28,SBIN.NS,lower,False,
2024-02-28,TATAMOTORS.NS,upper,False,
2024-02-28,TATAMOTORS.NS,lower,False,
2024-02-29,HINDUNILVR.NS,upper,True,invalid
2024-02-29,HINDUNILVR.NS,lower,False,
2024-02-29,INFY.NS,upper,False,
2024-02-29,INFY.NS,lower,False,
2024-02-29,SBIN.NS,upper,False,
2024-02-29,SBIN.NS,lower,False,
2024-02-29,TATAMOTORS.NS,upper,False,
2024-02-29,TATAMOTORS.NS,lower,False,
2024-03-01,HINDUNILVR.NS,upper,True,invalid
2024-03-01,HINDUNILVR.NS,lower,False,
2024-03-01,INFY.NS,upper,False,
2024-03-01,INFY.NS,lower,False,
2024-03-01,SBIN.NS,upper,False,
2024-03-01,SBIN.NS,lower,False,
2024-03-01,TATAMOTORS.NS,upper,False,
2024-03-01,TATAMOTORS.NS,lower,False,
2024-03-04,HINDUNILVR.NS,upper,True,invalid
2024-03-04,HINDUNILVR.NS,lower,False,
2024-03-04,INFY.NS,upper,False,
2024-03-04,INFY.NS,lower,False,
2024-03-04,SBIN.NS,upper,False,
2024-03-04,SBIN.NS,lower,False,
2024-03-04,TATAMOTORS.NS,upper,False,
2024-03-04,TATAMOTORS.NS,lower,False,
2024-03-05,HINDUNILVR.NS,upper,True,invalid
2024-03-05,HINDUNILVR.NS,lower,False,
2024-03-05,INFY.NS,upper,False,
2024-03-05,INFY.NS,lower,False,
2024-03-05,SBIN.NS,upper,False,
2024-03-05,SBIN.NS,lower,False,
2024-03-05,TATAMOTORS.NS,upper,False,
2024-03-05,TATAMOTORS.NS,lower,False,
2024-03-06,HINDUNILVR.NS,upper,True,sparse
2024-03-06,HINDUNILVR.NS,lower,False,
2024-03-06,INFY.NS,upper,False,
2024-03-06,INFY.NS,lower,False,
2024-03-06,SBIN.NS,upper,False,
2024-03-06,SBIN.NS,lower,False,
2024-03-06,TATAMOTORS.NS,upper,False,
2024-03-06,TATAMOTORS.NS,lower,False,
2024-03-07,HINDUNILVR.NS,upper,False,
2024-03-07,HINDUNILVR.NS,lower,False,
2024-03-07,INFY.NS,upper,False,
2024-03-07,INFY.NS,lower,False,
2024-03-07,SBIN.NS,upper,False,
2024-03-07,SBIN.NS,lower,False,
2024-03-07,TATAMOTORS.NS,upper,False,
2024-03-07,TATAMOTORS.NS,lower,False,
2024-03-11,HINDUNILVR.NS,upper,True,invalid
2024-03-11,HINDUNILVR.NS,lower,False,
2024-03-11,INFY.NS,upper,False,
2024-03-11,INFY.NS,lower,False,
2024-03-11,SBIN.NS,upper,False,
2024-03-11,SBIN.NS,lower,False,
2024-03-11,TATAMOTORS.NS,upper,False,
2024-03-11,TATAMOTORS.NS,lower,False,
2024-03-12,HINDUNILVR.NS,upper,True,sparse
2024-03-12,HINDUNILVR.NS,lower,False,
2024-03-12,INFY.NS,upper,False,
2024-03-12,INFY.NS,lower,False,
2024-03-12,SBIN.NS,upper,False,
2024-03-12,SBIN.NS,lower,False,
2024-03-12,TATAMOTORS.NS,upper,False,
2024-03-12,TATAMOTORS.NS,lower,False,
2024-03-13,HINDUNILVR.NS,upper,True,sparse
2024-03-13,HINDUNILVR.NS,lower,False,
2024-03-13,INFY.NS,upper,False,
2024-03-13,INFY.NS,lower,False,
2024-03-13,SBIN.NS,upper,False,
2024-03-13,SBIN.NS,lower,False,
2024-03-13,TATAMOTORS.NS,upper,False,
2024-03-13,TATAMOTORS.NS,lower,False,
2024-03-14,HINDUNILVR.NS,upper,False,
2024-03-14,HINDUNILVR.NS,lower,False,
2024-03-14,INFY.NS,upper,False,
2024-03-14,INFY.NS,lower,False,
2024-03-14,SBIN.NS,upper,False,
2024-03-14,SBIN.NS,lower,False,
2024-03-14,TATAMOTORS.NS,upper,False,
2024-03-14,TATAMOTORS.NS,lower,False,
2024-03-15,HINDUNILVR.NS,upper,False,
2024-03-15,HINDUNILVR.NS,lower,False,
2024-03-15,INFY.NS,upper,False,
2024-03-15,INFY.NS,lower,False,
2024-03-15,SBIN.NS,upper,False,
2024-03-15,SBIN.NS,lower,False,
2024-03-15,TATAMOTORS.NS,upper,False,
2024-03-15,TATAMOTORS.NS,lower,False,
2024-03-18,HINDUNILVR.NS,upper,False,
2024-03-18,HINDUNILVR.NS,lower,False,
2024-03-18,INFY.NS,upper,False,
2024-03-18,INFY.NS,lower,False,
2024-03-18,SBIN.NS,upper,False,
2024-03-18,SBIN.NS,lower,False,
2024-03-18,TATAMOTORS.NS,upper,False,
2024-03-18,TATAMOTORS.NS,lower,False,
2024-03-19,HINDUNILVR.NS,upper,False,
2024-03-19,HINDUNILVR.NS,lower,False,
2024-03-19,INFY.NS,upper,False,
2024-03-19,INFY.NS,lower,False,
2024-03-19,SBIN.NS,upper,False,
2024-03-19,SBIN.NS,lower,False,
2024-03-19,TATAMOTORS.NS,upper,False,
2024-03-19,TATAMOTORS.NS,lower,False,
2024-03-20,HINDUNILVR.NS,upper,False,
2024-03-20,HINDUNILVR.NS,lower,False,
2024-03-20,INFY.NS,upper,False,
2024-03-20,INFY.NS,lower,False,
2024-03-20,SBIN.NS,upper,False,
2024-03-20,SBIN.NS,lower,False,
2024-03-20,TATAMOTORS.NS,upper,False,
2024-03-20,TATAMOTORS.NS,lower,False,
2024-03-21,HINDUNILVR.NS,upper,False,
2024-03-21,HINDUNILVR.NS,lower,False,
2024-03-21,INFY.NS,upper,False,
2024-03-21,INFY.NS,lower,False,
2024-03-21,SBIN.NS,upper,False,
2024-03-21,SBIN.NS,lower,False,
2024-03-21,TATAMOTORS.NS,upper,False,
2024-03-21,TATAMOTORS.NS,lower,False,
2024-03-22,HINDUNILVR.NS,upper,False,
2024-03-22,HINDUNILVR.NS,lower,False,
2024-03-22,INFY.NS,upper,False,
2024-03-22,INFY.NS,lower,False,
2024-03-22,SBIN.NS,upper,False,
2024-03-22,SBIN.NS,lower,False,
2024-03-22,TATAMOTORS.NS,upper,False,
2024-03-22,TATAMOTORS.NS,lower,False,
2024-03-26,HINDUNILVR.NS,upper,False,
2024-03-26,HINDUNILVR.NS,lower,False,
2024-03-26,INFY.NS,upper,False,
2024-03-26,INFY.NS,lower,False,
2024-03-26,SBIN.NS,upper,False,
2024-03-26,SBIN.NS,lower,False,
2024-03-26,TATAMOTORS.NS,upper,False,
2024-03-26,TATAMOTORS.NS,lower,False,
2024-03-27,HINDUNILVR.NS,upper,False,
2024-03-27,HINDUNILVR.NS,lower,False,
2024-03-27,INFY.NS,upper,False,
2024-03-27,INFY.NS,lower,False,
2024-03-27,SBIN.NS,upper,False,
2024-03-27,SBIN.NS,lower,False,
2024-03-27,TATAMOTORS.NS,upper,False,
2024-03-27,TATAMOTORS.NS,lower,False,
2024-03-28,HINDUNILVR.NS,upper,False,
2024-03-28,HINDUNILVR.NS,lower,False,
2024-03-28,INFY.NS,upper,False,
2024-03-28,INFY.NS,lower,False,
2024-03-28,SBIN.NS,upper,False,
2024-03-28,SBIN.NS,lower,False,
2024-03-28,TATAMOTORS.NS,upper,False,
2024-03-28,TATAMOTORS.NS,lower,False,
2024-04-01,HINDUNILVR.NS,upper,False,
2024-04-01,HINDUNILVR.NS,lower,False,
2024-04-01,INFY.NS,upper,False,
2024-04-01,INFY.NS,lower,False,
2024-04-01,SBIN.NS,upper,False,
2024-04-01,SBIN.NS,lower,False,
2024-04-01,TATAMOTORS.NS,upper,False,
2024-04-01,TATAMOTORS.NS,lower,False,
2024-04-02,HINDUNILVR.NS,upper,False,
2024-04-02,HINDUNILVR.NS,lower,False,
2024-04-02,INFY.NS,upper,False,
2024-04-02,INFY.NS,lower,False,
2024-04-02,SBIN.NS,upper,False,
2024-04-02,SBIN.NS,lower,False,
2024-04-02,TATAMOTORS.NS,upper,False,
2024-04-02,TATAMOTORS.NS,lower,False,
2024-04-03,HINDUNILVR.NS,upper,False,
2024-04-03,HINDUNILVR.NS,lower,False,
2024-04-03,INFY.NS,upper,False,
2024-04-03,INFY.NS,lower,False,
2024-04-03,SBIN.NS,upper,False,
2024-04-03,SBIN.NS,lower,False,
2024-04-03,TATAMOTORS.NS,upper,False,
2024-04-03,TATAMOTORS.NS,lower,False,
2024-04-04,HINDUNILVR.NS,upper,False,
2024-04-04,HINDUNILVR.NS,lower,False,
2024-04-04,INFY.NS,upper,False,
2024-04-04,INFY.NS,lower,False,
2024-04-04,SBIN.NS,upper,False,
2024-04-04,SBIN.NS,lower,False,
2024-04-04,TATAMOTORS.NS,upper,False,
2024-04-04,TATAMOTORS.NS,lower,False,
2024-04-05,HINDUNILVR.NS,upper,False,
2024-04-05,HINDUNILVR.NS,lower,False,
2024-04-05,INFY.NS,upper,False,
2024-04-05,INFY.NS,lower,False,
2024-04-05,SBIN.NS,upper,False,
2024-04-05,SBIN.NS,lower,False,
2024-04-05,TATAMOTORS.NS,upper,False,
2024-04-05,TATAMOTORS.NS,lower,False,
2024-04-08,HINDUNILVR.NS,upper,False,
2024-04-08,HINDUNILVR.NS,lower,False,
2024-04-08,INFY.NS,upper,False,
2024-04-08,INFY.NS,lower,False,
2024-04-08,SBIN.NS,upper,False,
2024-04-08,SBIN.NS,lower,False,
2024-04-08,TATAMOTORS.NS,upper,False,
2024-04-08,TATAMOTORS.NS,lower,False,
2024-04-09,HINDUNILVR.NS,upper,True,invalid
2024-04-09,HINDUNILVR.NS,lower,False,
2024-04-09,INFY.NS,upper,False,
2024-04-09,INFY.NS,lower,False,
2024-04-09,SBIN.NS,upper,False,
2024-04-09,SBIN.NS,lower,False,
2024-04-09,TATAMOTORS.NS,upper,False,
2024-04-09,TATAMOTORS.NS,lower,False,
2024-04-10,HINDUNILVR.NS,upper,True,sparse
2024-04-10,HINDUNILVR.NS,lower,False,
2024-04-10,INFY.NS,upper,False,
2024-04-10,INFY.NS,lower,False,
2024-04-10,SBIN.NS,upper,False,
2024-04-10,SBIN.NS,lower,False,
2024-04-10,TATAMOTORS.NS,upper,False,
2024-04-10,TATAMOTORS.NS,lower,False,
2024-04-12,HINDUNILVR.NS,upper,False,
2024-04-12,HINDUNILVR.NS,lower,False,
2024-04-12,INFY.NS,upper,False,
2024-04-12,INFY.NS,lower,False,
2024-04-12,SBIN.NS,upper,False,
2024-04-12,SBIN.NS,lower,False,
2024-04-12,TATAMOTORS.NS,upper,False,
2024-04-12,TATAMOTORS.NS,lower,False,
2024-04-15,HINDUNILVR.NS,upper,False,
2024-04-15,HINDUNILVR.NS,lower,False,
2024-04-15,INFY.NS,upper,False,
2024-04-15,INFY.NS,lower,False,
2024-04-15,SBIN.NS,upper,False,
2024-04-15,SBIN.NS,lower,False,
2024-04-15,TATAMOTORS.NS,upper,False,
2024-04-15,TATAMOTORS.NS,lower,False,
2024-04-16,HINDUNILVR.NS,upper,False,
2024-04-16,HINDUNILVR.NS,lower,False,
2024-04-16,INFY.NS,upper,False,
2024-04-16,INFY.NS,lower,False,
2024-04-16,SBIN.NS,upper,False,
2024-04-16,SBIN.NS,lower,False,
2024-04-16,TATAMOTORS.NS,upper,False,
2024-04-16,TATAMOTORS.NS,lower,False,
2024-04-18,HINDUNILVR.NS,upper,False,
2024-04-18,HINDUNILVR.NS,lower,False,
2024-04-18,INFY.NS,upper,True,sparse
2024-04-18,INFY.NS,lower,False,
2024-04-18,SBIN.NS,upper,False,
2024-04-18,SBIN.NS,lower,False,
2024-04-18,TATAMOTORS.NS,upper,False,
2024-04-18,TATAMOTORS.NS,lower,False,
2024-04-19,HINDUNILVR.NS,upper,False,
2024-04-19,HINDUNILVR.NS,lower,False,
2024-04-19,INFY.NS,upper,True,sparse
2024-04-19,INFY.NS,lower,False,
2024-04-19,SBIN.NS,upper,False,
2024-04-19,SBIN.NS,lower,False,
2024-04-19,TATAMOTORS.NS,upper,False,
2024-04-19,TATAMOTORS.NS,lower,False,
2024-04-22,HINDUNILVR.NS,upper,False,
2024-04-22,HINDUNILVR.NS,lower,False,
2024-04-22,INFY.NS,upper,False,
2024-04-22,INFY.NS,lower,False,
2024-04-22,SBIN.NS,upper,False,
2024-04-22,SBIN.NS,lower,False,
2024-04-22,TATAMOTORS.NS,upper,False,
2024-04-22,TATAMOTORS.NS,lower,False,
2024-04-23,HINDUNILVR.NS,upper,False,
2024-04-23,HINDUNILVR.NS,lower,False,
2024-04-23,INFY.NS,upper,True,sparse
2024-04-23,INFY.NS,lower,False,
2024-04-23,SBIN.NS,upper,False,
2024-04-23,SBIN.NS,lower,False,
2024-04-23,TATAMOTORS.NS,upper,False,
2024-04-23,TATAMOTORS.NS,lower,False,
2024-04-24,HINDUNILVR.NS,upper,False,
2024-04-24,HINDUNILVR.NS,lower,False,
2024-04-24,INFY.NS,upper,True,sparse
2024-04-24,INFY.NS,lower,False,
2024-04-24,SBIN.NS,upper,False,
2024-04-24,SBIN.NS,lower,False,
2024-04-24,TATAMOTORS.NS,upper,False,
2024-04-24,TATAMOTORS.NS,lower,False,
2024-04-25,HINDUNILVR.NS,upper,False,
2024-04-25,HINDUNILVR.NS,lower,False,
2024-04-25,INFY.NS,upper,True,sparse
2024-04-25,INFY.NS,lower,False,
2024-04-25,SBIN.NS,upper,False,
2024-04-25,SBIN.NS,lower,False,
2024-04-25,TATAMOTORS.NS,upper,False,
2024-04-25,TATAMOTORS.NS,lower,False,
2024-04-26,HINDUNILVR.NS,upper,False,
2024-04-26,HINDUNILVR.NS,lower,False,
2024-04-26,INFY.NS,upper,True,sparse
2024-04-26,INFY.NS,lower,False,
2024-04-26,SBIN.NS,upper,False,
2024-04-26,SBIN.NS,lower,False,
2024-04-26,TATAMOTORS.NS,upper,False,
2024-04-26,TATAMOTORS.NS,lower,False,
2024-04-29,HINDUNILVR.NS,upper,True,sparse
2024-04-29,HINDUNILVR.NS,lower,False,
2024-04-29,INFY.NS,upper,True,sparse
2024-04-29,INFY.NS,lower,False,
2024-04-29,SBIN.NS,upper,False,
2024-04-29,SBIN.NS,lower,False,
2024-04-29,TATAMOTORS.NS,upper,False,
2024-04-29,TATAMOTORS.NS,lower,False,
2024-04-30,HINDUNILVR.NS,upper,False,
2024-04-30,HINDUNILVR.NS,lower,False,
2024-04-30,INFY.NS,upper,False,
2024-04-30,INFY.NS,lower,False,
2024-04-30,SBIN.NS,upper,False,
2024-04-30,SBIN.NS,lower,False,
2024-04-30,TATAMOTORS.NS,upper,False,
2024-04-30,TATAMOTORS.NS,lower,False,
2024-05-02,HINDUNILVR.NS,upper,False,
2024-05-02,HINDUNILVR.NS,lower,False,
2024-05-02,INFY.NS,upper,True,sparse
2024-05-02,INFY.NS,lower,False,
2024-05-02,SBIN.NS,upper,False,
2024-05-02,SBIN.NS,lower,False,
2024-05-02,TATAMOTORS.NS,upper,False,
2024-05-02,TATAMOTORS.NS,lower,False,
2024-05-03,HINDUNILVR.NS,upper,True,sparse
2024-05-03,HINDUNILVR.NS,lower,False,
2024-05-03,INFY.NS,upper,True,sparse
2024-05-03,INFY.NS,lower,False,
2024-05-03,SBIN.NS,upper,False,
2024-05-03,SBIN.NS,lower,False,
2024-05-03,TATAMOTORS.NS,upper,False,
2024-05-03,TATAMOTORS.NS,lower,False,
2024-05-06,HINDUNILVR.NS,upper,False,
2024-05-06,HINDUNILVR.NS,lower,False,
2024-05-06,INFY.NS,upper,True,sparse
2024-05-06,INFY.NS,lower,False,
2024-05-06,SBIN.NS,upper,False,
2024-05-06,SBIN.NS,lower,False,
2024-05-06,TATAMOTORS.NS,upper,False,
2024-05-06,TATAMOTORS.NS,lower,False,
2024-05-07,HINDUNILVR.NS,upper,False,
2024-05-07,HINDUNILVR.NS,lower,False,
2024-05-07,INFY.NS,upper,False,
2024-05-07,INFY.NS,lower,False,
2024-05-07,SBIN.NS,upper,False,
2024-05-07,SBIN.NS,lower,False,
2024-05-07,TATAMOTORS.NS,upper,False,
2024-05-07,TATAMOTORS.NS,lower,False,
2024-05-08,HINDUNILVR.NS,upper,False,
2024-05-08,HINDUNILVR.NS,lower,False,
2024-05-08,INFY.NS,upper,False,
2024-05-08,INFY.NS,lower,False,
2024-05-08,SBIN.NS,upper,False,
2024-05-08,SBIN.NS,lower,False,
2024-05-08,TATAMOTORS.NS,upper,False,
2024-05-08,TATAMOTORS.NS,lower,False,
2024-05-09,HINDUNILVR.NS,upper,False,
2024-05-09,HINDUNILVR.NS,lower,False,
2024-05-09,INFY.NS,upper,True,sparse
2024-05-09,INFY.NS,lower,False,
2024-05-09,SBIN.NS,upper,False,
2024-05-09,SBIN.NS,lower,False,
2024-05-09,TATAMOTORS.NS,upper,False,
2024-05-09,TATAMOTORS.NS,lower,False,
2024-05-10,HINDUNILVR.NS,upper,False,
2024-05-10,HINDUNILVR.NS,lower,False,
2024-05-10,INFY.NS,upper,True,sparse
2024-05-10,INFY.NS,lower,False,
2024-05-10,SBIN.NS,upper,False,
2024-05-10,SBIN.NS,lower,False,
2024-05-10,TATAMOTORS.NS,upper,False,
2024-05-10,TATAMOTORS.NS,lower,False,
2024-05-13,HINDUNILVR.NS,upper,False,
2024-05-13,HINDUNILVR.NS,lower,False,
2024-05-13,INFY.NS,upper,False,
2024-05-13,INFY.NS,lower,False,
2024-05-13,SBIN.NS,upper,False,
2024-05-13,SBIN.NS,lower,False,
2024-05-13,TATAMOTORS.NS,upper,False,
2024-05-13,TATAMOTORS.NS,lower,False,
2024-05-14,HINDUNILVR.NS,upper,False,
2024-05-14,HINDUNILVR.NS,lower,False,
2024-05-14,INFY.NS,upper,True,sparse
2024-05-14,INFY.NS,lower,False,
2024-05-14,SBIN.NS,upper,False,
2024-05-14,SBIN.NS,lower,False,
2024-05-14,TATAMOTORS.NS,upper,False,
2024-05-14,TATAMOTORS.NS,lower,False,
2024-05-15,HINDUNILVR.NS,upper,False,
2024-05-15,HINDUNILVR.NS,lower,False,
2024-05-15,INFY.NS,upper,True,sparse
2024-05-15,INFY.NS,lower,False,
2024-05-15,SBIN.NS,upper,False,
2024-05-15,SBIN.NS,lower,False,
2024-05-15,TATAMOTORS.NS,upper,False,
2024-05-15,TATAMOTORS.NS,lower,False,
2024-05-16,HINDUNILVR.NS,upper,False,
2024-05-16,HINDUNILVR.NS,lower,False,
2024-05-16,INFY.NS,upper,False,
2024-05-16,INFY.NS,lower,False,
2024-05-16,SBIN.NS,upper,False,
2024-05-16,SBIN.NS,lower,False,
2024-05-16,TATAMOTORS.NS,upper,False,
2024-05-16,TATAMOTORS.NS,lower,False,
2024-05-17,HINDUNILVR.NS,upper,False,
2024-05-17,HINDUNILVR.NS,lower,False,
2024-05-17,INFY.NS,upper,True,sparse
2024-05-17,INFY.NS,lower,False,
2024-05-17,SBIN.NS,upper,False,
2024-05-17,SBIN.NS,lower,False,
2024-05-17,TATAMOTORS.NS,upper,False,
2024-05-17,TATAMOTORS.NS,lower,False,
2024-05-21,HINDUNILVR.NS,upper,False,
2024-05-21,HINDUNILVR.NS,lower,False,
2024-05-21,INFY.NS,upper,False,
2024-05-21,INFY.NS,lower,False,
2024-05-21,SBIN.NS,upper,False,
2024-05-21,SBIN.NS,lower,False,
2024-05-21,TATAMOTORS.NS,upper,False,
2024-05-21,TATAMOTORS.NS,lower,False,
2024-05-22,HINDUNILVR.NS,upper,False,
2024-05-22,HINDUNILVR.NS,lower,False,
2024-05-22,INFY.NS,upper,False,
2024-05-22,INFY.NS,lower,False,
2024-05-22,SBIN.NS,upper,False,
2024-05-22,SBIN.NS,lower,False,
2024-05-22,TATAMOTORS.NS,upper,False,
2024-05-22,TATAMOTORS.NS,lower,False,
2024-05-23,HINDUNILVR.NS,upper,False,
2024-05-23,HINDUNILVR.NS,lower,False,
2024-05-23,INFY.NS,upper,True,sparse
2024-05-23,INFY.NS,lower,False,
2024-05-23,SBIN.NS,upper,False,
2024-05-23,SBIN.NS,lower,False,
2024-05-23,TATAMOTORS.NS,upper,False,
2024-05-23,TATAMOTORS.NS,lower,False,
2024-05-24,HINDUNILVR.NS,upper,False,
2024-05-24,HINDUNILVR.NS,lower,False,
2024-05-24,INFY.NS,upper,False,
2024-05-24,INFY.NS,lower,False,
2024-05-24,SBIN.NS,upper,False,
2024-05-24,SBIN.NS,lower,False,
2024-05-24,TATAMOTORS.NS,upper,False,
2024-05-24,TATAMOTORS.NS,lower,False,
2024-05-27,HINDUNILVR.NS,upper,False,
2024-05-27,HINDUNILVR.NS,lower,False,
2024-05-27,INFY.NS,upper,False,
2024-05-27,INFY.NS,lower,False,
2024-05-27,SBIN.NS,upper,False,
2024-05-27,SBIN.NS,lower,False,
2024-05-27,TATAMOTORS.NS,upper,False,
2024-05-27,TATAMOTORS.NS,lower,False,
2024-05-28,HINDUNILVR.NS,upper,False,
2024-05-28,HINDUNILVR.NS,lower,False,
2024-05-28,INFY.NS,upper,False,
2024-05-28,INFY.NS,lower,False,
2024-05-28,SBIN.NS,upper,False,
2024-05-28,SBIN.NS,lower,False,
2024-05-28,TATAMOTORS.NS,upper,False,
2024-05-28,TATAMOTORS.NS,lower,False,
2024-05-29,HINDUNILVR.NS,upper,False,
2024-05-29,HINDUNILVR.NS,lower,False,
2024-05-29,INFY.NS,upper,False,
2024-05-29,INFY.NS,lower,False,
2024-05-29,SBIN.NS,upper,False,
2024-05-29,SBIN.NS,lower,False,
2024-05-29,TATAMOTORS.NS,upper,False,
2024-05-29,TATAMOTORS.NS,lower,False,
2024-05-30,HINDUNILVR.NS,upper,False,
2024-05-30,HINDUNILVR.NS,lower,False,
2024-05-30,INFY.NS,upper,False,
2024-05-30,INFY.NS,lower,False,
2024-05-30,SBIN.NS,upper,False,
2024-05-30,SBIN.NS,lower,False,
2024-05-30,TATAMOTORS.NS,upper,False,
2024-05-30,TATAMOTORS.NS,lower,False,
2024-05-31,HINDUNILVR.NS,upper,False,
2024-05-31,HINDUNILVR.NS,lower,False,
2024-05-31,INFY.NS,upper,False,
2024-05-31,INFY.NS,lower,False,
2024-05-31,SBIN.NS,upper,False,
2024-05-31,SBIN.NS,lower,False,
2024-05-31,TATAMOTORS.NS,upper,False,
2024-05-31,TATAMOTORS.NS,lower,False,
2024-06-03,HINDUNILVR.NS,upper,False,
2024-06-03,HINDUNILVR.NS,lower,False,
2024-06-03,INFY.NS,upper,False,
2024-06-03,INFY.NS,lower,False,
2024-06-03,SBIN.NS,upper,False,
2024-06-03,SBIN.NS,lower,False,
2024-06-03,TATAMOTORS.NS,upper,False,
2024-06-03,TATAMOTORS.NS,lower,False,
2024-06-04,HINDUNILVR.NS,upper,False,
2024-06-04,HINDUNILVR.NS,lower,False,
2024-06-04,INFY.NS,upper,False,
2024-06-04,INFY.NS,lower,False,
2024-06-04,SBIN.NS,upper,False,
2024-06-04,SBIN.NS,lower,False,
2024-06-04,TATAMOTORS.NS,upper,False,
2024-06-04,TATAMOTORS.NS,lower,False,
2024-06-05,HINDUNILVR.NS,upper,False,
2024-06-05,HINDUNILVR.NS,lower,False,
2024-06-05,INFY.NS,upper,False,
2024-06-05,INFY.NS,lower,False,
2024-06-05,SBIN.NS,upper,False,
2024-06-05,SBIN.NS,lower,False,
2024-06-05,TATAMOTORS.NS,upper,False,
2024-06-05,TATAMOTORS.NS,lower,False,
2024-06-06,HINDUNILVR.NS,upper,False,
2024-06-06,HINDUNILVR.NS,lower,False,
2024-06-06,INFY.NS,upper,False,
2024-06-06,INFY.NS,lower,False,
2024-06-06,SBIN.NS,upper,False,
2024-06-06,SBIN.NS,lower,False,
2024-06-06,TATAMOTORS.NS,upper,False,
2024-06-06,TATAMOTORS.NS,lower,False,
2024-06-07,HINDUNILVR.NS,upper,False,
2024-06-07,HINDUNILVR.NS,lower,False,
2024-06-07,INFY.NS,upper,False,
2024-06-07,INFY.NS,lower,False,
2024-06-07,SBIN.NS,upper,False,
2024-06-07,SBIN.NS,lower,False,
2024-06-07,TATAMOTORS.NS,upper,False,
2024-06-07,TATAMOTORS.NS,lower,False,
2024-06-10,HINDUNILVR.NS,upper,False,
2024-06-10,HINDUNILVR.NS,lower,False,
2024-06-10,INFY.NS,upper,False,
2024-06-10,INFY.NS,lower,False,
2024-06-10,SBIN.NS,upper,False,
2024-06-10,SBIN.NS,lower,False,
2024-06-10,TATAMOTORS.NS,upper,False,
2024-06-10,TATAMOTORS.NS,lower,False,
2024-06-11,HINDUNILVR.NS,upper,False,
2024-06-11,HINDUNILVR.NS,lower,False,
2024-06-11,INFY.NS,upper,False,
2024-06-11,INFY.NS,lower,False,
2024-06-11,SBIN.NS,upper,False,
2024-06-11,SBIN.NS,lower,False,
2024-06-11,TATAMOTORS.NS,upper,False,
2024-06-11,TATAMOTORS.NS,lower,False,
2024-06-12,HINDUNILVR.NS,upper,False,
2024-06-12,HINDUNILVR.NS,lower,False,
2024-06-12,INFY.NS,upper,False,
2024-06-12,INFY.NS,lower,False,
2024-06-12,SBIN.NS,upper,False,
2024-06-12,SBIN.NS,lower,False,
2024-06-12,TATAMOTORS.NS,upper,False,
2024-06-12,TATAMOTORS.NS,lower,False,
2024-06-13,HINDUNILVR.NS,upper,False,
2024-06-13,HINDUNILVR.NS,lower,False,
2024-06-13,INFY.NS,upper,False,
2024-06-13,INFY.NS,lower,False,
2024-06-13,SBIN.NS,upper,False,
2024-06-13,SBIN.NS,lower,False,
2024-06-13,TATAMOTORS.NS,upper,False,
2024-06-13,TATAMOTORS.NS,lower,False,
2024-06-14,HINDUNILVR.NS,upper,False,
2024-06-14,HINDUNILVR.NS,lower,False,
2024-06-14,INFY.NS,upper,False,
2024-06-14,INFY.NS,lower,False,
2024-06-14,SBIN.NS,upper,False,
2024-06-14,SBIN.NS,lower,False,
2024-06-14,TATAMOTORS.NS,upper,False,
2024-06-14,TATAMOTORS.NS,lower,False,
2024-06-18,HINDUNILVR.NS,upper,False,
2024-06-18,HINDUNILVR.NS,lower,False,
2024-06-18,INFY.NS,upper,False,
2024-06-18,INFY.NS,lower,False,
2024-06-18,SBIN.NS,upper,False,
2024-06-18,SBIN.NS,lower,False,
2024-06-18,TATAMOTORS.NS,upper,False,
2024-06-18,TATAMOTORS.NS,lower,False,
2024-06-19,HINDUNILVR.NS,upper,False,
2024-06-19,HINDUNILVR.NS,lower,False,
2024-06-19,INFY.NS,upper,False,
2024-06-19,INFY.NS,lower,False,
2024-06-19,SBIN.NS,upper,False,
2024-06-19,SBIN.NS,lower,False,
2024-06-19,TATAMOTORS.NS,upper,False,
2024-06-19,TATAMOTORS.NS,lower,False,
2024-06-20,HINDUNILVR.NS,upper,False,
2024-06-20,HINDUNILVR.NS,lower,False,
2024-06-20,INFY.NS,upper,False,
2024-06-20,INFY.NS,lower,False,
2024-06-20,SBIN.NS,upper,False,
2024-06-20,SBIN.NS,lower,False,
2024-06-20,TATAMOTORS.NS,upper,False,
2024-06-20,TATAMOTORS.NS,lower,False,
2024-06-21,HINDUNILVR.NS,upper,False,
2024-06-21,HINDUNILVR.NS,lower,False,
2024-06-21,INFY.NS,upper,False,
2024-06-21,INFY.NS,lower,False,
2024-06-21,SBIN.NS,upper,False,
2024-06-21,SBIN.NS,lower,False,
2024-06-21,TATAMOTORS.NS,upper,False,
2024-06-21,TATAMOTORS.NS,lower,False,
2024-06-24,HINDUNILVR.NS,upper,False,
2024-06-24,HINDUNILVR.NS,lower,False,
2024-06-24,INFY.NS,upper,False,
2024-06-24,INFY.NS,lower,False,
2024-06-24,SBIN.NS,upper,False,
2024-06-24,SBIN.NS,lower,False,
2024-06-24,TATAMOTORS.NS,upper,False,
2024-06-24,TATAMOTORS.NS,lower,False,
2024-06-25,HINDUNILVR.NS,upper,False,
2024-06-25,HINDUNILVR.NS,lower,False,
2024-06-25,INFY.NS,upper,False,
2024-06-25,INFY.NS,lower,False,
2024-06-25,SBIN.NS,upper,False,
2024-06-25,SBIN.NS,lower,False,
2024-06-25,TATAMOTORS.NS,upper,False,
2024-06-25,TATAMOTORS.NS,lower,False,
2024-06-26,HINDUNILVR.NS,upper,False,
2024-06-26,HINDUNILVR.NS,lower,False,
2024-06-26,INFY.NS,upper,False,
2024-06-26,INFY.NS,lower,False,
2024-06-26,SBIN.NS,upper,False,
2024-06-26,SBIN.NS,lower,False,
2024-06-26,TATAMOTORS.NS,upper,False,
2024-06-26,TATAMOTORS.NS,lower,False,
2024-06-27,HINDUNILVR.NS,upper,False,
2024-06-27,HINDUNILVR.NS,lower,False,
2024-06-27,INFY.NS,upper,False,
2024-06-27,INFY.NS,lower,False,
2024-06-27,SBIN.NS,upper,False,
2024-06-27,SBIN.NS,lower,False,
2024-06-27,TATAMOTORS.NS,upper,False,
2024-06-27,TATAMOTORS.NS,lower,False,
2024-06-28,HINDUNILVR.NS,upper,False,
2024-06-28,HINDUNILVR.NS,lower,False,
2024-06-28,INFY.NS,upper,False,
2024-06-28,INFY.NS,lower,False,
2024-06-28,SBIN.NS,upper,False,
2024-06-28,SBIN.NS,lower,True,invalid
2024-06-28,TATAMOTORS.NS,upper,False,
2024-06-28,TATAMOTORS.NS,lower,False,
2024-07-01,HINDUNILVR.NS,upper,False,
2024-07-01,HINDUNILVR.NS,lower,False,
2024-07-01,INFY.NS,upper,False,
2024-07-01,INFY.NS,lower,False,
2024-07-01,SBIN.NS,upper,False,
2024-07-01,SBIN.NS,lower,True,invalid
2024-07-01,TATAMOTORS.NS,upper,False,
2024-07-01,TATAMOTORS.NS,lower,False,
2024-07-02,HINDUNILVR.NS,upper,False,
2024-07-02,HINDUNILVR.NS,lower,False,
2024-07-02,INFY.NS,upper,False,
2024-07-02,INFY.NS,lower,False,
2024-07-02,SBIN.NS,upper,False,
2024-07-02,SBIN.NS,lower,True,sparse
2024-07-02,TATAMOTORS.NS,upper,False,
2024-07-02,TATAMOTORS.NS,lower,False,
2024-07-03,HINDUNILVR.NS,upper,False,
2024-07-03,HINDUNILVR.NS,lower,False,
2024-07-03,INFY.NS,upper,False,
2024-07-03,INFY.NS,lower,False,
2024-07-03,SBIN.NS,upper,False,
2024-07-03,SBIN.NS,lower,True,invalid
2024-07-03,TATAMOTORS.NS,upper,False,
2024-07-03,TATAMOTORS.NS,lower,False,
2024-07-04,HINDUNILVR.NS,upper,False,
2024-07-04,HINDUNILVR.NS,lower,False,
2024-07-04,INFY.NS,upper,False,
2024-07-04,INFY.NS,lower,False,
2024-07-04,SBIN.NS,upper,False,
2024-07-04,SBIN.NS,lower,True,sparse
2024-07-04,TATAMOTORS.NS,upper,False,
2024-07-04,TATAMOTORS.NS,lower,False,
2024-07-05,HINDUNILVR.NS,upper,False,
2024-07-05,HINDUNILVR.NS,lower,False,
2024-07-05,INFY.NS,upper,False,
2024-07-05,INFY.NS,lower,False,
2024-07-05,SBIN.NS,upper,False,
2024-07-05,SBIN.NS,lower,True,sparse
2024-07-05,TATAMOTORS.NS,upper,False,
2024-07-05,TATAMOTORS.NS,lower,False,
2024-07-08,HINDUNILVR.NS,upper,False,
2024-07-08,HINDUNILVR.NS,lower,False,
2024-07-08,INFY.NS,upper,False,
2024-07-08,INFY.NS,lower,False,
2024-07-08,SBIN.NS,upper,False,
2024-07-08,SBIN.NS,lower,True,sparse
2024-07-08,TATAMOTORS.NS,upper,False,
2024-07-08,TATAMOTORS.NS,lower,False,
2024-07-09,HINDUNILVR.NS,upper,False,
2024-07-09,HINDUNILVR.NS,lower,False,
2024-07-09,INFY.NS,upper,False,
2024-07-09,INFY.NS,lower,False,
2024-07-09,SBIN.NS,upper,False,
2024-07-09,SBIN.NS,lower,True,sparse
2024-07-09,TATAMOTORS.NS,upper,False,
2024-07-09,TATAMOTORS.NS,lower,False,
2024-07-10,HINDUNILVR.NS,upper,False,
2024-07-10,HINDUNILVR.NS,lower,False,
2024-07-10,INFY.NS,upper,False,
2024-07-10,INFY.NS,lower,False,
2024-07-10,SBIN.NS,upper,False,
2024-07-10,SBIN.NS,lower,True,invalid
2024-07-10,TATAMOTORS.NS,upper,False,
2024-07-10,TATAMOTORS.NS,lower,False,
2024-07-11,HINDUNILVR.NS,upper,False,
2024-07-11,HINDUNILVR.NS,lower,False,
2024-07-11,INFY.NS,upper,False,
2024-07-11,INFY.NS,lower,False,
2024-07-11,SBIN.NS,upper,False,
2024-07-11,SBIN.NS,lower,True,invalid
2024-07-11,TATAMOTORS.NS,upper,False,
2024-07-11,TATAMOTORS.NS,lower,False,
2024-07-12,HINDUNILVR.NS,upper,False,
2024-07-12,HINDUNILVR.NS,lower,False,
2024-07-12,INFY.NS,upper,False,
2024-07-12,INFY.NS,lower,False,
2024-07-12,SBIN.NS,upper,False,
2024-07-12,SBIN.NS,lower,True,invalid
2024-07-12,TATAMOTORS.NS,upper,False,
2024-07-12,TATAMOTORS.NS,lower,False,
2024-07-15,HINDUNILVR.NS,upper,False,
2024-07-15,HINDUNILVR.NS,lower,False,
2024-07-15,INFY.NS,upper,False,
2024-07-15,INFY.NS,lower,False,
2024-07-15,SBIN.NS,upper,False,
2024-07-15,SBIN.NS,lower,True,sparse
2024-07-15,TATAMOTORS.NS,upper,False,
2024-07-15,TATAMOTORS.NS,lower,False,
2024-07-16,HINDUNILVR.NS,upper,False,
2024-07-16,HINDUNILVR.NS,lower,False,
2024-07-16,INFY.NS,upper,False,
2024-07-16,INFY.NS,lower,False,
2024-07-16,SBIN.NS,upper,False,
2024-07-16,SBIN.NS,lower,True,invalid
2024-07-16,TATAMOTORS.NS,upper,False,
2024-07-16,TATAMOTORS.NS,lower,False,
2024-07-18,HINDUNILVR.NS,upper,False,
2024-07-18,HINDUNILVR.NS,lower,False,
2024-07-18,INFY.NS,upper,False,
2024-07-18,INFY.NS,lower,False,
2024-07-18,SBIN.NS,upper,False,
2024-07-18,SBIN.NS,lower,True,invalid
2024-07-18,TATAMOTORS.NS,upper,False,
2024-07-18,TATAMOTORS.NS,lower,False,
2024-07-19,HINDUNILVR.NS,upper,False,
2024-07-19,HINDUNILVR.NS,lower,False,
2024-07-19,INFY.NS,upper,False,
2024-07-19,INFY.NS,lower,False,
2024-07-19,SBIN.NS,upper,False,
2024-07-19,SBIN.NS,lower,True,invalid
2024-07-19,TATAMOTORS.NS,upper,False,
2024-07-19,TATAMOTORS.NS,lower,False,
2024-07-22,HINDUNILVR.NS,upper,False,
2024-07-22,HINDUNILVR.NS,lower,False,
2024-07-22,INFY.NS,upper,False,
2024-07-22,INFY.NS,lower,False,
2024-07-22,SBIN.NS,upper,False,
2024-07-22,SBIN.NS,lower,True,invalid
2024-07-22,TATAMOTORS.NS,upper,False,
2024-07-22,TATAMOTORS.NS,lower,False,
2024-07-23,HINDUNILVR.NS,upper,False,
2024-07-23,HINDUNILVR.NS,lower,False,
2024-07-23,INFY.NS,upper,False,
2024-07-23,INFY.NS,lower,False,
2024-07-23,SBIN.NS,upper,False,
2024-07-23,SBIN.NS,lower,True,invalid
2024-07-23,TATAMOTORS.NS,upper,False,
2024-07-23,TATAMOTORS.NS,lower,False,
2024-07-24,HINDUNILVR.NS,upper,False,
2024-07-24,HINDUNILVR.NS,lower,False,
2024-07-24,INFY.NS,upper,False,
2024-07-24,INFY.NS,lower,False,
2024-07-24,SBIN.NS,upper,False,
2024-07-24,SBIN.NS,lower,True,invalid
2024-07-24,TATAMOTORS.NS,upper,False,
2024-07-24,TATAMOTORS.NS,lower,False,
2024-07-25,HINDUNILVR.NS,upper,False,
2024-07-25,HINDUNILVR.NS,lower,False,
2024-07-25,INFY.NS,upper,False,
2024-07-25,INFY.NS,lower,False,
2024-07-25,SBIN.NS,upper,False,
2024-07-25,SBIN.NS,lower,True,invalid
2024-07-25,TATAMOTORS.NS,upper,False,
2024-07-25,TATAMOTORS.NS,lower,False,
2024-07-26,HINDUNILVR.NS,upper,False,
2024-07-26,HINDUNILVR.NS,lower,False,
2024-07-26,INFY.NS,upper,False,
2024-07-26,INFY.NS,lower,False,
2024-07-26,SBIN.NS,upper,False,
2024-07-26,SBIN.NS,lower,True,invalid
2024-07-26,TATAMOTORS.NS,upper,False,
2024-07-26,TATAMOTORS.NS,lower,False,
2024-07-29,HINDUNILVR.NS,upper,False,
2024-07-29,HINDUNILVR.NS,lower,False,
2024-07-29,INFY.NS,upper,False,
2024-07-29,INFY.NS,lower,False,
2024-07-29,SBIN.NS,upper,False,
2024-07-29,SBIN.NS,lower,True,invalid
2024-07-29,TATAMOTORS.NS,upper,False,
2024-07-29,TATAMOTORS.NS,lower,False,
2024-07-30,HINDUNILVR.NS,upper,False,
2024-07-30,HINDUNILVR.NS,lower,False,
2024-07-30,INFY.NS,upper,True,sparse
2024-07-30,INFY.NS,lower,False,
2024-07-30,SBIN.NS,upper,False,
2024-07-30,SBIN.NS,lower,True,invalid
2024-07-30,TATAMOTORS.NS,upper,False,
2024-07-30,TATAMOTORS.NS,lower,False,
2024-07-31,HINDUNILVR.NS,upper,False,
2024-07-31,HINDUNILVR.NS,lower,False,
2024-07-31,INFY.NS,upper,False,
2024-07-31,INFY.NS,lower,False,
2024-07-31,SBIN.NS,upper,False,
2024-07-31,SBIN.NS,lower,True,invalid
2024-07-31,TATAMOTORS.NS,upper,False,
2024-07-31,TATAMOTORS.NS,lower,False,
2024-08-01,HINDUNILVR.NS,upper,False,
2024-08-01,HINDUNILVR.NS,lower,False,
2024-08-01,INFY.NS,upper,False,
2024-08-01,INFY.NS,lower,False,
2024-08-01,SBIN.NS,upper,False,
2024-08-01,SBIN.NS,lower,True,invalid
2024-08-01,TATAMOTORS.NS,upper,False,
2024-08-01,TATAMOTORS.NS,lower,False,
2024-08-02,HINDUNILVR.NS,upper,False,
2024-08-02,HINDUNILVR.NS,lower,False,
2024-08-02,INFY.NS,upper,False,
2024-08-02,INFY.NS,lower,False,
2024-08-02,SBIN.NS,upper,False,
2024-08-02,SBIN.NS,lower,True,invalid
2024-08-02,TATAMOTORS.NS,upper,False,
2024-08-02,TATAMOTORS.NS,lower,False,
2024-08-05,HINDUNILVR.NS,upper,False,
2024-08-05,HINDUNILVR.NS,lower,False,
2024-08-05,INFY.NS,upper,False,
2024-08-05,INFY.NS,lower,False,
2024-08-05,SBIN.NS,upper,False,
2024-08-05,SBIN.NS,lower,True,sparse
2024-08-05,TATAMOTORS.NS,upper,False,
2024-08-05,TATAMOTORS.NS,lower,False,
2024-08-06,HINDUNILVR.NS,upper,False,
2024-08-06,HINDUNILVR.NS,lower,False,
2024-08-06,INFY.NS,upper,False,
2024-08-06,INFY.NS,lower,False,
2024-08-06,SBIN.NS,upper,False,
2024-08-06,SBIN.NS,lower,True,sparse
2024-08-06,TATAMOTORS.NS,upper,False,
2024-08-06,TATAMOTORS.NS,lower,False,
2024-08-07,HINDUNILVR.NS,upper,False,
2024-08-07,HINDUNILVR.NS,lower,False,
2024-08-07,INFY.NS,upper,False,
2024-08-07,INFY.NS,lower,False,
2024-08-07,SBIN.NS,upper,False,
2024-08-07,SBIN.NS,lower,True,sparse
2024-08-07,TATAMOTORS.NS,upper,False,
2024-08-07,TATAMOTORS.NS,lower,False,
2024-08-08,HINDUNILVR.NS,upper,False,
2024-08-08,HINDUNILVR.NS,lower,False,
2024-08-08,INFY.NS,upper,False,
2024-08-08,INFY.NS,lower,False,
2024-08-08,SBIN.NS,upper,False,
2024-08-08,SBIN.NS,lower,True,sparse
2024-08-08,TATAMOTORS.NS,upper,False,
2024-08-08,TATAMOTORS.NS,lower,False,
2024-08-09,HINDUNILVR.NS,upper,False,
2024-08-09,HINDUNILVR.NS,lower,False,
2024-08-09,INFY.NS,upper,False,
2024-08-09,INFY.NS,lower,False,
2024-08-09,SBIN.NS,upper,False,
2024-08-09,SBIN.NS,lower,True,sparse
2024-08-09,TATAMOTORS.NS,upper,False,
2024-08-09,TATAMOTORS.NS,lower,False,
2024-08-12,HINDUNILVR.NS,upper,False,
2024-08-12,HINDUNILVR.NS,lower,False,
2024-08-12,INFY.NS,upper,False,
2024-08-12,INFY.NS,lower,False,
2024-08-12,SBIN.NS,upper,False,
2024-08-12,SBIN.NS,lower,True,sparse
2024-08-12,TATAMOTORS.NS,upper,False,
2024-08-12,TATAMOTORS.NS,lower,False,
2024-08-13,HINDUNILVR.NS,upper,False,
2024-08-13,HINDUNILVR.NS,lower,False,
2024-08-13,INFY.NS,upper,False,
2024-08-13,INFY.NS,lower,False,
2024-08-13,SBIN.NS,upper,False,
2024-08-13,SBIN.NS,lower,True,sparse
2024-08-13,TATAMOTORS.NS,upper,False,
2024-08-13,TATAMOTORS.NS,lower,False,
2024-08-14,HINDUNILVR.NS,upper,False,
2024-08-14,HINDUNILVR.NS,lower,False,
2024-08-14,INFY.NS,upper,False,
2024-08-14,INFY.NS,lower,False,
2024-08-14,SBIN.NS,upper,False,
2024-08-14,SBIN.NS,lower,True,sparse
2024-08-14,TATAMOTORS.NS,upper,False,
2024-08-14,TATAMOTORS.NS,lower,False,
2024-08-16,HINDUNILVR.NS,upper,False,
2024-08-16,HINDUNILVR.NS,lower,False,
2024-08-16,INFY.NS,upper,False,
2024-08-16,INFY.NS,lower,False,
2024-08-16,SBIN.NS,upper,False,
2024-08-16,SBIN.NS,lower,True,sparse
2024-08-16,TATAMOTORS.NS,upper,False,
2024-08-16,TATAMOTORS.NS,lower,False,
2024-08-19,HINDUNILVR.NS,upper,False,
2024-08-19,HINDUNILVR.NS,lower,False,
2024-08-19,INFY.NS,upper,False,
2024-08-19,INFY.NS,lower,False,
2024-08-19,SBIN.NS,upper,False,
2024-08-19,SBIN.NS,lower,True,sparse
2024-08-19,TATAMOTORS.NS,upper,False,
2024-08-19,TATAMOTORS.NS,lower,False,
2024-08-20,HINDUNILVR.NS,upper,False,
2024-08-20,HINDUNILVR.NS,lower,False,
2024-08-20,INFY.NS,upper,False,
2024-08-20,INFY.NS,lower,False,
2024-08-20,SBIN.NS,upper,False,
2024-08-20,SBIN.NS,lower,True,sparse
2024-08-20,TATAMOTORS.NS,upper,False,
2024-08-20,TATAMOTORS.NS,lower,False,
2024-08-21,HINDUNILVR.NS,upper,False,
2024-08-21,HINDUNILVR.NS,lower,False,
2024-08-21,INFY.NS,upper,False,
2024-08-21,INFY.NS,lower,False,
2024-08-21,SBIN.NS,upper,False,
2024-08-21,SBIN.NS,lower,False,
2024-08-21,TATAMOTORS.NS,upper,False,
2024-08-21,TATAMOTORS.NS,lower,False,
2024-08-22,HINDUNILVR.NS,upper,False,
2024-08-22,HINDUNILVR.NS,lower,False,
2024-08-22,INFY.NS,upper,False,
2024-08-22,INFY.NS,lower,False,
2024-08-22,SBIN.NS,upper,False,
2024-08-22,SBIN.NS,lower,False,
2024-08-22,TATAMOTORS.NS,upper,False,
2024-08-22,TATAMOTORS.NS,lower,False,
2024-08-23,HINDUNILVR.NS,upper,False,
2024-08-23,HINDUNILVR.NS,lower,False,
2024-08-23,INFY.NS,upper,False,
2024-08-23,INFY.NS,lower,False,
2024-08-23,SBIN.NS,upper,False,
2024-08-23,SBIN.NS,lower,False,
2024-08-23,TATAMOTORS.NS,upper,False,
2024-08-23,TATAMOTORS.NS,lower,False,
2024-08-26,HINDUNILVR.NS,upper,False,
2024-08-26,HINDUNILVR.NS,lower,False,
2024-08-26,INFY.NS,upper,False,
2024-08-26,INFY.NS,lower,False,
2024-08-26,SBIN.NS,upper,False,
2024-08-26,SBIN.NS,lower,False,
2024-08-26,TATAMOTORS.NS,upper,False,
2024-08-26,TATAMOTORS.NS,lower,False,
2024-08-27,HINDUNILVR.NS,upper,False,
2024-08-27,HINDUNILVR.NS,lower,False,
2024-08-27,INFY.NS,upper,False,
2024-08-27,INFY.NS,lower,False,
2024-08-27,SBIN.NS,upper,False,
2024-08-27,SBIN.NS,lower,True,invalid
2024-08-27,TATAMOTORS.NS,upper,False,
2024-08-27,TATAMOTORS.NS,lower,False,
2024-08-28,HINDUNILVR.NS,upper,False,
2024-08-28,HINDUNILVR.NS,lower,False,
2024-08-28,INFY.NS,upper,False,
2024-08-28,INFY.NS,lower,False,
2024-08-28,SBIN.NS,upper,False,
2024-08-28,SBIN.NS,lower,False,
2024-08-28,TATAMOTORS.NS,upper,False,
2024-08-28,TATAMOTORS.NS,lower,False,
2024-08-29,HINDUNILVR.NS,upper,False,
2024-08-29,HINDUNILVR.NS,lower,False,
2024-08-29,INFY.NS,upper,False,
2024-08-29,INFY.NS,lower,False,
2024-08-29,SBIN.NS,upper,False,
2024-08-29,SBIN.NS,lower,True,invalid
2024-08-29,TATAMOTORS.NS,upper,False,
2024-08-29,TATAMOTORS.NS,lower,False,
2024-08-30,HINDUNILVR.NS,upper,False,
2024-08-30,HINDUNILVR.NS,lower,False,
2024-08-30,INFY.NS,upper,False,
2024-08-30,INFY.NS,lower,False,
2024-08-30,SBIN.NS,upper,False,
2024-08-30,SBIN.NS,lower,True,invalid
2024-08-30,TATAMOTORS.NS,upper,False,
2024-08-30,TATAMOTORS.NS,lower,False,
2024-09-02,HINDUNILVR.NS,upper,False,
2024-09-02,HINDUNILVR.NS,lower,False,
2024-09-02,INFY.NS,upper,False,
2024-09-02,INFY.NS,lower,False,
2024-09-02,SBIN.NS,upper,False,
2024-09-02,SBIN.NS,lower,False,
2024-09-02,TATAMOTORS.NS,upper,False,
2024-09-02,TATAMOTORS.NS,lower,False,
2024-09-03,HINDUNILVR.NS,upper,False,
2024-09-03,HINDUNILVR.NS,lower,False,
2024-09-03,INFY.NS,upper,False,
2024-09-03,INFY.NS,lower,False,
2024-09-03,SBIN.NS,upper,False,
2024-09-03,SBIN.NS,lower,False,
2024-09-03,TATAMOTORS.NS,upper,False,
2024-09-03,TATAMOTORS.NS,lower,False,
2024-09-04,HINDUNILVR.NS,upper,False,
2024-09-04,HINDUNILVR.NS,lower,False,
2024-09-04,INFY.NS,upper,False,
2024-09-04,INFY.NS,lower,False,
2024-09-04,SBIN.NS,upper,False,
2024-09-04,SBIN.NS,lower,False,
2024-09-04,TATAMOTORS.NS,upper,False,
2024-09-04,TATAMOTORS.NS,lower,False,
2024-09-05,HINDUNILVR.NS,upper,False,
2024-09-05,HINDUNILVR.NS,lower,False,
2024-09-05,INFY.NS,upper,False,
2024-09-05,INFY.NS,lower,False,
2024-09-05,SBIN.NS,upper,False,
2024-09-05,SBIN.NS,lower,False,
2024-09-05,TATAMOTORS.NS,upper,False,
2024-09-05,TATAMOTORS.NS,lower,False,
2024-09-06,HINDUNILVR.NS,upper,False,
2024-09-06,HINDUNILVR.NS,lower,False,
2024-09-06,INFY.NS,upper,False,
2024-09-06,INFY.NS,lower,False,
2024-09-06,SBIN.NS,upper,False,
2024-09-06,SBIN.NS,lower,False,
2024-09-06,TATAMOTORS.NS,upper,False,
2024-09-06,TATAMOTORS.NS,lower,False,
2024-09-09,HINDUNILVR.NS,upper,False,
2024-09-09,HINDUNILVR.NS,lower,False,
2024-09-09,INFY.NS,upper,False,
2024-09-09,INFY.NS,lower,False,
2024-09-09,SBIN.NS,upper,False,
2024-09-09,SBIN.NS,lower,False,
2024-09-09,TATAMOTORS.NS,upper,False,
2024-09-09,TATAMOTORS.NS,lower,False,
2024-09-10,HINDUNILVR.NS,upper,False,
2024-09-10,HINDUNILVR.NS,lower,False,
2024-09-10,INFY.NS,upper,False,
2024-09-10,INFY.NS,lower,False,
2024-09-10,SBIN.NS,upper,False,
2024-09-10,SBIN.NS,lower,False,
2024-09-10,TATAMOTORS.NS,upper,False,
2024-09-10,TATAMOTORS.NS,lower,False,
2024-09-11,HINDUNILVR.NS,upper,False,
2024-09-11,HINDUNILVR.NS,lower,False,
2024-09-11,INFY.NS,upper,False,
2024-09-11,INFY.NS,lower,False,
2024-09-11,SBIN.NS,upper,False,
2024-09-11,SBIN.NS,lower,False,
2024-09-11,TATAMOTORS.NS,upper,False,
2024-09-11,TATAMOTORS.NS,lower,False,
2024-09-12,HINDUNILVR.NS,upper,False,
2024-09-12,HINDUNILVR.NS,lower,False,
2024-09-12,INFY.NS,upper,False,
2024-09-12,INFY.NS,lower,False,
2024-09-12,SBIN.NS,upper,False,
2024-09-12,SBIN.NS,lower,False,
2024-09-12,TATAMOTORS.NS,upper,False,
2024-09-12,TATAMOTORS.NS,lower,False,
2024-09-13,HINDUNILVR.NS,upper,False,
2024-09-13,HINDUNILVR.NS,lower,False,
2024-09-13,INFY.NS,upper,False,
2024-09-13,INFY.NS,lower,False,
2024-09-13,SBIN.NS,upper,False,
2024-09-13,SBIN.NS,lower,False,
2024-09-13,TATAMOTORS.NS,upper,False,
2024-09-13,TATAMOTORS.NS,lower,False,
2024-09-16,HINDUNILVR.NS,upper,False,
2024-09-16,HINDUNILVR.NS,lower,False,
2024-09-16,INFY.NS,upper,False,
2024-09-16,INFY.NS,lower,False,
2024-09-16,SBIN.NS,upper,False,
2024-09-16,SBIN.NS,lower,False,
2024-09-16,TATAMOTORS.NS,upper,False,
2024-09-16,TATAMOTORS.NS,lower,False,
2024-09-17,HINDUNILVR.NS,upper,False,
2024-09-17,HINDUNILVR.NS,lower,False,
2024-09-17,INFY.NS,upper,False,
2024-09-17,INFY.NS,lower,False,
2024-09-17,SBIN.NS,upper,False,
2024-09-17,SBIN.NS,lower,False,
2024-09-17,TATAMOTORS.NS,upper,False,
2024-09-17,TATAMOTORS.NS,lower,False,
2024-09-18,HINDUNILVR.NS,upper,False,
2024-09-18,HINDUNILVR.NS,lower,False,
2024-09-18,INFY.NS,upper,False,
2024-09-18,INFY.NS,lower,False,
2024-09-18,SBIN.NS,upper,False,
2024-09-18,SBIN.NS,lower,False,
2024-09-18,TATAMOTORS.NS,upper,False,
2024-09-18,TATAMOTORS.NS,lower,False,
2024-09-19,HINDUNILVR.NS,upper,False,
2024-09-19,HINDUNILVR.NS,lower,False,
2024-09-19,INFY.NS,upper,False,
2024-09-19,INFY.NS,lower,False,
2024-09-19,SBIN.NS,upper,False,
2024-09-19,SBIN.NS,lower,False,
2024-09-19,TATAMOTORS.NS,upper,False,
2024-09-19,TATAMOTORS.NS,lower,False,
2024-09-20,HINDUNILVR.NS,upper,False,
2024-09-20,HINDUNILVR.NS,lower,False,
2024-09-20,INFY.NS,upper,False,
2024-09-20,INFY.NS,lower,False,
2024-09-20,SBIN.NS,upper,False,
2024-09-20,SBIN.NS,lower,False,
2024-09-20,TATAMOTORS.NS,upper,False,
2024-09-20,TATAMOTORS.NS,lower,False,
2024-09-23,HINDUNILVR.NS,upper,False,
2024-09-23,HINDUNILVR.NS,lower,False,
2024-09-23,INFY.NS,upper,False,
2024-09-23,INFY.NS,lower,False,
2024-09-23,SBIN.NS,upper,False,
2024-09-23,SBIN.NS,lower,False,
2024-09-23,TATAMOTORS.NS,upper,False,
2024-09-23,TATAMOTORS.NS,lower,False,
2024-09-24,HINDUNILVR.NS,upper,False,
2024-09-24,HINDUNILVR.NS,lower,False,
2024-09-24,INFY.NS,upper,False,
2024-09-24,INFY.NS,lower,False,
2024-09-24,SBIN.NS,upper,False,
2024-09-24,SBIN.NS,lower,True,sparse
2024-09-24,TATAMOTORS.NS,upper,False,
2024-09-24,TATAMOTORS.NS,lower,False,
2024-09-25,HINDUNILVR.NS,upper,False,
2024-09-25,HINDUNILVR.NS,lower,False,
2024-09-25,INFY.NS,upper,False,
2024-09-25,INFY.NS,lower,False,
2024-09-25,SBIN.NS,upper,False,
2024-09-25,SBIN.NS,lower,False,
2024-09-25,TATAMOTORS.NS,upper,False,
2024-09-25,TATAMOTORS.NS,lower,False,
2024-09-26,HINDUNILVR.NS,upper,False,
2024-09-26,HINDUNILVR.NS,lower,False,
2024-09-26,INFY.NS,upper,False,
2024-09-26,INFY.NS,lower,False,
2024-09-26,SBIN.NS,upper,False,
2024-09-26,SBIN.NS,lower,False,
2024-09-26,TATAMOTORS.NS,upper,False,
2024-09-26,TATAMOTORS.NS,lower,False,
2024-09-27,HINDUNILVR.NS,upper,False,
2024-09-27,HINDUNILVR.NS,lower,False,
2024-09-27,INFY.NS,upper,False,
2024-09-27,INFY.NS,lower,False,
2024-09-27,SBIN.NS,upper,False,
2024-09-27,SBIN.NS,lower,False,
2024-09-27,TATAMOTORS.NS,upper,False,
2024-09-27,TATAMOTORS.NS,lower,False,
2024-09-30,HINDUNILVR.NS,upper,False,
2024-09-30,HINDUNILVR.NS,lower,False,
2024-09-30,INFY.NS,upper,False,
2024-09-30,INFY.NS,lower,False,
2024-09-30,SBIN.NS,upper,False,
2024-09-30,SBIN.NS,lower,False,
2024-09-30,TATAMOTORS.NS,upper,False,
2024-09-30,TATAMOTORS.NS,lower,False,
2024-10-01,HINDUNILVR.NS,upper,False,
2024-10-01,HINDUNILVR.NS,lower,False,
2024-10-01,INFY.NS,upper,False,
2024-10-01,INFY.NS,lower,False,
2024-10-01,SBIN.NS,upper,False,
2024-10-01,SBIN.NS,lower,False,
2024-10-01,TATAMOTORS.NS,upper,False,
2024-10-01,TATAMOTORS.NS,lower,False,
2024-10-03,HINDUNILVR.NS,upper,False,
2024-10-03,HINDUNILVR.NS,lower,False,
2024-10-03,INFY.NS,upper,False,
2024-10-03,INFY.NS,lower,False,
2024-10-03,SBIN.NS,upper,False,
2024-10-03,SBIN.NS,lower,False,
2024-10-03,TATAMOTORS.NS,upper,False,
2024-10-03,TATAMOTORS.NS,lower,False,
2024-10-04,HINDUNILVR.NS,upper,False,
2024-10-04,HINDUNILVR.NS,lower,False,
2024-10-04,INFY.NS,upper,False,
2024-10-04,INFY.NS,lower,False,
2024-10-04,SBIN.NS,upper,False,
2024-10-04,SBIN.NS,lower,False,
2024-10-04,TATAMOTORS.NS,upper,False,
2024-10-04,TATAMOTORS.NS,lower,False,
2024-10-07,HINDUNILVR.NS,upper,False,
2024-10-07,HINDUNILVR.NS,lower,False,
2024-10-07,INFY.NS,upper,False,
2024-10-07,INFY.NS,lower,False,
2024-10-07,SBIN.NS,upper,False,
2024-10-07,SBIN.NS,lower,False,
2024-10-07,TATAMOTORS.NS,upper,False,
2024-10-07,TATAMOTORS.NS,lower,False,
2024-10-08,HINDUNILVR.NS,upper,False,
2024-10-08,HINDUNILVR.NS,lower,False,
2024-10-08,INFY.NS,upper,False,
2024-10-08,INFY.NS,lower,False,
2024-10-08,SBIN.NS,upper,False,
2024-10-08,SBIN.NS,lower,False,
2024-10-08,TATAMOTORS.NS,upper,False,
2024-10-08,TATAMOTORS.NS,lower,False,
2024-10-09,HINDUNILVR.NS,upper,False,
2024-10-09,HINDUNILVR.NS,lower,False,
2024-10-09,INFY.NS,upper,False,
2024-10-09,INFY.NS,lower,False,
2024-10-09,SBIN.NS,upper,False,
2024-10-09,SBIN.NS,lower,False,
2024-10-09,TATAMOTORS.NS,upper,False,
2024-10-09,TATAMOTORS.NS,lower,False,
2024-10-10,HINDUNILVR.NS,upper,False,
2024-10-10,HINDUNILVR.NS,lower,False,
2024-10-10,INFY.NS,upper,False,
2024-10-10,INFY.NS,lower,False,
2024-10-10,SBIN.NS,upper,False,
2024-10-10,SBIN.NS,lower,False,
2024-10-10,TATAMOTORS.NS,upper,False,
2024-10-10,TATAMOTORS.NS,lower,False,
2024-10-11,HINDUNILVR.NS,upper,False,
2024-10-11,HINDUNILVR.NS,lower,False,
2024-10-11,INFY.NS,upper,False,
2024-10-11,INFY.NS,lower,False,
2024-10-11,SBIN.NS,upper,False,
2024-10-11,SBIN.NS,lower,False,
2024-10-11,TATAMOTORS.NS,upper,False,
2024-10-11,TATAMOTORS.NS,lower,False,
2024-10-14,HINDUNILVR.NS,upper,False,
2024-10-14,HINDUNILVR.NS,lower,False,
2024-10-14,INFY.NS,upper,False,
2024-10-14,INFY.NS,lower,False,
2024-10-14,SBIN.NS,upper,False,
2024-10-14,SBIN.NS,lower,False,
2024-10-14,TATAMOTORS.NS,upper,False,
2024-10-14,TATAMOTORS.NS,lower,False,
2024-10-15,HINDUNILVR.NS,upper,False,
2024-10-15,HINDUNILVR.NS,lower,False,
2024-10-15,INFY.NS,upper,False,
2024-10-15,INFY.NS,lower,False,
2024-10-15,SBIN.NS,upper,False,
2024-10-15,SBIN.NS,lower,False,
2024-10-15,TATAMOTORS.NS,upper,False,
2024-10-15,TATAMOTORS.NS,lower,False,
2024-10-16,HINDUNILVR.NS,upper,False,
2024-10-16,HINDUNILVR.NS,lower,False,
2024-10-16,INFY.NS,upper,False,
2024-10-16,INFY.NS,lower,False,
2024-10-16,SBIN.NS,upper,False,
2024-10-16,SBIN.NS,lower,False,
2024-10-16,TATAMOTORS.NS,upper,False,
2024-10-16,TATAMOTORS.NS,lower,False,
2024-10-17,HINDUNILVR.NS,upper,False,
2024-10-17,HINDUNILVR.NS,lower,False,
2024-10-17,INFY.NS,upper,False,
2024-10-17,INFY.NS,lower,False,
2024-10-17,SBIN.NS,upper,False,
2024-10-17,SBIN.NS,lower,False,
2024-10-17,TATAMOTORS.NS,upper,False,
2024-10-17,TATAMOTORS.NS,lower,False,
2024-10-18,HINDUNILVR.NS,upper,False,
2024-10-18,HINDUNILVR.NS,lower,False,
2024-10-18,INFY.NS,upper,False,
2024-10-18,INFY.NS,lower,False,
2024-10-18,SBIN.NS,upper,False,
2024-10-18,SBIN.NS,lower,False,
2024-10-18,TATAMOTORS.NS,upper,False,
2024-10-18,TATAMOTORS.NS,lower,False,
2024-10-21,HINDUNILVR.NS,upper,False,
2024-10-21,HINDUNILVR.NS,lower,False,
2024-10-21,INFY.NS,upper,False,
2024-10-21,INFY.NS,lower,False,
2024-10-21,SBIN.NS,upper,False,
2024-10-21,SBIN.NS,lower,False,
2024-10-21,TATAMOTORS.NS,upper,False,
2024-10-21,TATAMOTORS.NS,lower,False,
2024-10-22,HINDUNILVR.NS,upper,False,
2024-10-22,HINDUNILVR.NS,lower,False,
2024-10-22,INFY.NS,upper,False,
2024-10-22,INFY.NS,lower,False,
2024-10-22,SBIN.NS,upper,False,
2024-10-22,SBIN.NS,lower,False,
2024-10-22,TATAMOTORS.NS,upper,False,
2024-10-22,TATAMOTORS.NS,lower,False,
2024-10-23,HINDUNILVR.NS,upper,False,
2024-10-23,HINDUNILVR.NS,lower,False,
2024-10-23,INFY.NS,upper,False,
2024-10-23,INFY.NS,lower,False,
2024-10-23,SBIN.NS,upper,False,
2024-10-23,SBIN.NS,lower,False,
2024-10-23,TATAMOTORS.NS,upper,False,
2024-10-23,TATAMOTORS.NS,lower,False,
2024-10-24,HINDUNILVR.NS,upper,False,
2024-10-24,HINDUNILVR.NS,lower,False,
2024-10-24,INFY.NS,upper,False,
2024-10-24,INFY.NS,lower,False,
2024-10-24,SBIN.NS,upper,False,
2024-10-24,SBIN.NS,lower,False,
2024-10-24,TATAMOTORS.NS,upper,False,
2024-10-24,TATAMOTORS.NS,lower,False,
2024-10-25,HINDUNILVR.NS,upper,False,
2024-10-25,HINDUNILVR.NS,lower,False,
2024-10-25,INFY.NS,upper,False,
2024-10-25,INFY.NS,lower,False,
2024-10-25,SBIN.NS,upper,False,
2024-10-25,SBIN.NS,lower,False,
2024-10-25,TATAMOTORS.NS,upper,False,
2024-10-25,TATAMOTORS.NS,lower,False,
2024-10-28,HINDUNILVR.NS,upper,False,
2024-10-28,HINDUNILVR.NS,lower,False,
2024-10-28,INFY.NS,upper,False,
2024-10-28,INFY.NS,lower,False,
2024-10-28,SBIN.NS,upper,False,
2024-10-28,SBIN.NS,lower,False,
2024-10-28,TATAMOTORS.NS,upper,False,
2024-10-28,TATAMOTORS.NS,lower,False,
2024-10-29,HINDUNILVR.NS,upper,False,
2024-10-29,HINDUNILVR.NS,lower,False,
2024-10-29,INFY.NS,upper,False,
2024-10-29,INFY.NS,lower,False,
2024-10-29,SBIN.NS,upper,False,
2024-10-29,SBIN.NS,lower,False,
2024-10-29,TATAMOTORS.NS,upper,False,
2024-10-29,TATAMOTORS.NS,lower,False,
2024-10-30,HINDUNILVR.NS,upper,False,
2024-10-30,HINDUNILVR.NS,lower,False,
2024-10-30,INFY.NS,upper,False,
2024-10-30,INFY.NS,lower,False,
2024-10-30,SBIN.NS,upper,False,
2024-10-30,SBIN.NS,lower,False,
2024-10-30,TATAMOTORS.NS,upper,False,
2024-10-30,TATAMOTORS.NS,lower,False,
2024-10-31,HINDUNILVR.NS,upper,False,
2024-10-31,HINDUNILVR.NS,lower,False,
2024-10-31,INFY.NS,upper,False,
2024-10-31,INFY.NS,lower,False,
2024-10-31,SBIN.NS,upper,False,
2024-10-31,SBIN.NS,lower,False,
2024-10-31,TATAMOTORS.NS,upper,False,
2024-10-31,TATAMOTORS.NS,lower,False,
2024-11-01,HINDUNILVR.NS,upper,False,
2024-11-01,HINDUNILVR.NS,lower,False,
2024-11-01,INFY.NS,upper,False,
2024-11-01,INFY.NS,lower,False,
2024-11-01,SBIN.NS,upper,False,
2024-11-01,SBIN.NS,lower,False,
2024-11-01,TATAMOTORS.NS,upper,False,
2024-11-01,TATAMOTORS.NS,lower,False,
2024-11-04,HINDUNILVR.NS,upper,False,
2024-11-04,HINDUNILVR.NS,lower,False,
2024-11-04,INFY.NS,upper,False,
2024-11-04,INFY.NS,lower,False,
2024-11-04,SBIN.NS,upper,False,
2024-11-04,SBIN.NS,lower,False,
2024-11-04,TATAMOTORS.NS,upper,False,
2024-11-04,TATAMOTORS.NS,lower,False,
2024-11-05,HINDUNILVR.NS,upper,False,
2024-11-05,HINDUNILVR.NS,lower,False,
2024-11-05,INFY.NS,upper,False,
2024-11-05,INFY.NS,lower,False,
2024-11-05,SBIN.NS,upper,False,
2024-11-05,SBIN.NS,lower,False,
2024-11-05,TATAMOTORS.NS,upper,False,
2024-11-05,TATAMOTORS.NS,lower,False,
2024-11-06,HINDUNILVR.NS,upper,False,
2024-11-06,HINDUNILVR.NS,lower,False,
2024-11-06,INFY.NS,upper,False,
2024-11-06,INFY.NS,lower,False,
2024-11-06,SBIN.NS,upper,False,
2024-11-06,SBIN.NS,lower,False,
2024-11-06,TATAMOTORS.NS,upper,False,
2024-11-06,TATAMOTORS.NS,lower,False,
2024-11-07,HINDUNILVR.NS,upper,False,
2024-11-07,HINDUNILVR.NS,lower,False,
2024-11-07,INFY.NS,upper,False,
2024-11-07,INFY.NS,lower,False,
2024-11-07,SBIN.NS,upper,False,
2024-11-07,SBIN.NS,lower,False,
2024-11-07,TATAMOTORS.NS,upper,False,
2024-11-07,TATAMOTORS.NS,lower,False,
2024-11-08,HINDUNILVR.NS,upper,False,
2024-11-08,HINDUNILVR.NS,lower,False,
2024-11-08,INFY.NS,upper,False,
2024-11-08,INFY.NS,lower,False,
2024-11-08,SBIN.NS,upper,False,
2024-11-08,SBIN.NS,lower,False,
2024-11-08,TATAMOTORS.NS,upper,False,
2024-11-08,TATAMOTORS.NS,lower,False,
2024-11-11,HINDUNILVR.NS,upper,False,
2024-11-11,HINDUNILVR.NS,lower,False,
2024-11-11,INFY.NS,upper,False,
2024-11-11,INFY.NS,lower,False,
2024-11-11,SBIN.NS,upper,False,
2024-11-11,SBIN.NS,lower,False,
2024-11-11,TATAMOTORS.NS,upper,False,
2024-11-11,TATAMOTORS.NS,lower,False,
2024-11-12,HINDUNILVR.NS,upper,False,
2024-11-12,HINDUNILVR.NS,lower,False,
2024-11-12,INFY.NS,upper,False,
2024-11-12,INFY.NS,lower,False,
2024-11-12,SBIN.NS,upper,False,
2024-11-12,SBIN.NS,lower,False,
2024-11-12,TATAMOTORS.NS,upper,False,
2024-11-12,TATAMOTORS.NS,lower,False,
2024-11-13,HINDUNILVR.NS,upper,False,
2024-11-13,HINDUNILVR.NS,lower,False,
2024-11-13,INFY.NS,upper,False,
2024-11-13,INFY.NS,lower,False,
2024-11-13,SBIN.NS,upper,False,
2024-11-13,SBIN.NS,lower,False,
2024-11-13,TATAMOTORS.NS,upper,False,
2024-11-13,TATAMOTORS.NS,lower,False,
2024-11-14,HINDUNILVR.NS,upper,False,
2024-11-14,HINDUNILVR.NS,lower,False,
2024-11-14,INFY.NS,upper,False,
2024-11-14,INFY.NS,lower,False,
2024-11-14,SBIN.NS,upper,False,
2024-11-14,SBIN.NS,lower,False,
2024-11-14,TATAMOTORS.NS,upper,False,
2024-11-14,TATAMOTORS.NS,lower,False,
2024-11-18,HINDUNILVR.NS,upper,False,
2024-11-18,HINDUNILVR.NS,lower,False,
2024-11-18,INFY.NS,upper,False,
2024-11-18,INFY.NS,lower,False,
2024-11-18,SBIN.NS,upper,False,
2024-11-18,SBIN.NS,lower,False,
2024-11-18,TATAMOTORS.NS,upper,False,
2024-11-18,TATAMOTORS.NS,lower,False,
2024-11-19,HINDUNILVR.NS,upper,False,
2024-11-19,HINDUNILVR.NS,lower,False,
2024-11-19,INFY.NS,upper,False,
2024-11-19,INFY.NS,lower,False,
2024-11-19,SBIN.NS,upper,False,
2024-11-19,SBIN.NS,lower,False,
2024-11-19,TATAMOTORS.NS,upper,False,
2024-11-19,TATAMOTORS.NS,lower,False,
2024-11-21,HINDUNILVR.NS,upper,False,
2024-11-21,HINDUNILVR.NS,lower,False,
2024-11-21,INFY.NS,upper,False,
2024-11-21,INFY.NS,lower,False,
2024-11-21,SBIN.NS,upper,False,
2024-11-21,SBIN.NS,lower,False,
2024-11-21,TATAMOTORS.NS,upper,False,
2024-11-21,TATAMOTORS.NS,lower,False,
2024-11-22,HINDUNILVR.NS,upper,False,
2024-11-22,HINDUNILVR.NS,lower,False,
2024-11-22,INFY.NS,upper,False,
2024-11-22,INFY.NS,lower,False,
2024-11-22,SBIN.NS,upper,False,
2024-11-22,SBIN.NS,lower,False,
2024-11-22,TATAMOTORS.NS,upper,False,
2024-11-22,TATAMOTORS.NS,lower,False,
2024-11-25,HINDUNILVR.NS,upper,False,
2024-11-25,HINDUNILVR.NS,lower,False,
2024-11-25,INFY.NS,upper,False,
2024-11-25,INFY.NS,lower,False,
2024-11-25,SBIN.NS,upper,False,
2024-11-25,SBIN.NS,lower,False,
2024-11-25,TATAMOTORS.NS,upper,False,
2024-11-25,TATAMOTORS.NS,lower,False,
2024-11-26,HINDUNILVR.NS,upper,False,
2024-11-26,HINDUNILVR.NS,lower,False,
2024-11-26,INFY.NS,upper,False,
2024-11-26,INFY.NS,lower,False,
2024-11-26,SBIN.NS,upper,False,
2024-11-26,SBIN.NS,lower,False,
2024-11-26,TATAMOTORS.NS,upper,False,
2024-11-26,TATAMOTORS.NS,lower,False,
2024-11-27,HINDUNILVR.NS,upper,False,
2024-11-27,HINDUNILVR.NS,lower,False,
2024-11-27,INFY.NS,upper,True,sparse
2024-11-27,INFY.NS,lower,False,
2024-11-27,SBIN.NS,upper,False,
2024-11-27,SBIN.NS,lower,False,
2024-11-27,TATAMOTORS.NS,upper,False,
2024-11-27,TATAMOTORS.NS,lower,False,
2024-11-28,HINDUNILVR.NS,upper,False,
2024-11-28,HINDUNILVR.NS,lower,False,
2024-11-28,INFY.NS,upper,False,
2024-11-28,INFY.NS,lower,False,
2024-11-28,SBIN.NS,upper,False,
2024-11-28,SBIN.NS,lower,False,
2024-11-28,TATAMOTORS.NS,upper,False,
2024-11-28,TATAMOTORS.NS,lower,False,
2024-11-29,HINDUNILVR.NS,upper,False,
2024-11-29,HINDUNILVR.NS,lower,False,
2024-11-29,INFY.NS,upper,True,sparse
2024-11-29,INFY.NS,lower,False,
2024-11-29,SBIN.NS,upper,False,
2024-11-29,SBIN.NS,lower,False,
2024-11-29,TATAMOTORS.NS,upper,False,
2024-11-29,TATAMOTORS.NS,lower,False,
2024-12-02,HINDUNILVR.NS,upper,False,
2024-12-02,HINDUNILVR.NS,lower,False,
2024-12-02,INFY.NS,upper,True,sparse
2024-12-02,INFY.NS,lower,False,
2024-12-02,SBIN.NS,upper,False,
2024-12-02,SBIN.NS,lower,False,
2024-12-02,TATAMOTORS.NS,upper,False,
2024-12-02,TATAMOTORS.NS,lower,False,
2024-12-03,HINDUNILVR.NS,upper,False,
2024-12-03,HINDUNILVR.NS,lower,False,
2024-12-03,INFY.NS,upper,True,sparse
2024-12-03,INFY.NS,lower,False,
2024-12-03,SBIN.NS,upper,False,
2024-12-03,SBIN.NS,lower,False,
2024-12-03,TATAMOTORS.NS,upper,False,
2024-12-03,TATAMOTORS.NS,lower,False,
2024-12-04,HINDUNILVR.NS,upper,False,
2024-12-04,HINDUNILVR.NS,lower,False,
2024-12-04,INFY.NS,upper,True,sparse
2024-12-04,INFY.NS,lower,False,
2024-12-04,SBIN.NS,upper,False,
2024-12-04,SBIN.NS,lower,False,
2024-12-04,TATAMOTORS.NS,upper,False,
2024-12-04,TATAMOTORS.NS,lower,False,
2024-12-05,HINDUNILVR.NS,upper,False,
2024-12-05,HINDUNILVR.NS,lower,False,
2024-12-05,INFY.NS,upper,False,
2024-12-05,INFY.NS,lower,False,
2024-12-05,SBIN.NS,upper,False,
2024-12-05,SBIN.NS,lower,False,
2024-12-05,TATAMOTORS.NS,upper,False,
2024-12-05,TATAMOTORS.NS,lower,False,
2024-12-06,HINDUNILVR.NS,upper,False,
2024-12-06,HINDUNILVR.NS,lower,False,
2024-12-06,INFY.NS,upper,True,sparse
2024-12-06,INFY.NS,lower,False,
2024-12-06,SBIN.NS,upper,False,
2024-12-06,SBIN.NS,lower,False,
2024-12-06,TATAMOTORS.NS,upper,False,
2024-12-06,TATAMOTORS.NS,lower,False,
2024-12-09,HINDUNILVR.NS,upper,False,
2024-12-09,HINDUNILVR.NS,lower,False,
2024-12-09,INFY.NS,upper,True,sparse
2024-12-09,INFY.NS,lower,False,
2024-12-09,SBIN.NS,upper,False,
2024-12-09,SBIN.NS,lower,False,
2024-12-09,TATAMOTORS.NS,upper,False,
2024-12-09,TATAMOTORS.NS,lower,False,
2024-12-10,HINDUNILVR.NS,upper,False,
2024-12-10,HINDUNILVR.NS,lower,False,
2024-12-10,INFY.NS,upper,True,sparse
2024-12-10,INFY.NS,lower,False,
2024-12-10,SBIN.NS,upper,False,
2024-12-10,SBIN.NS,lower,False,
2024-12-10,TATAMOTORS.NS,upper,False,
2024-12-10,TATAMOTORS.NS,lower,False,
2024-12-11,HINDUNILVR.NS,upper,False,
2024-12-11,HINDUNILVR.NS,lower,False,
2024-12-11,INFY.NS,upper,True,sparse
2024-12-11,INFY.NS,lower,False,
2024-12-11,SBIN.NS,upper,False,
2024-12-11,SBIN.NS,lower,False,
2024-12-11,TATAMOTORS.NS,upper,False,
2024-12-11,TATAMOTORS.NS,lower,False,
2024-12-12,HINDUNILVR.NS,upper,False,
2024-12-12,HINDUNILVR.NS,lower,False,
2024-12-12,INFY.NS,upper,True,sparse
2024-12-12,INFY.NS,lower,False,
2024-12-12,SBIN.NS,upper,False,
2024-12-12,SBIN.NS,lower,False,
2024-12-12,TATAMOTORS.NS,upper,False,
2024-12-12,TATAMOTORS.NS,lower,False,
2024-12-13,HINDUNILVR.NS,upper,False,
2024-12-13,HINDUNILVR.NS,lower,False,
2024-12-13,INFY.NS,upper,True,sparse
2024-12-13,INFY.NS,lower,False,
2024-12-13,SBIN.NS,upper,False,
2024-12-13,SBIN.NS,lower,False,
2024-12-13,TATAMOTORS.NS,upper,False,
2024-12-13,TATAMOTORS.NS,lower,False,
2024-12-16,HINDUNILVR.NS,upper,False,
2024-12-16,HINDUNILVR.NS,lower,False,
2024-12-16,INFY.NS,upper,True,sparse
2024-12-16,INFY.NS,lower,False,
2024-12-16,SBIN.NS,upper,False,
2024-12-16,SBIN.NS,lower,False,
2024-12-16,TATAMOTORS.NS,upper,False,
2024-12-16,TATAMOTORS.NS,lower,False,
2024-12-17,HINDUNILVR.NS,upper,False,
2024-12-17,HINDUNILVR.NS,lower,False,
2024-12-17,INFY.NS,upper,True,sparse
2024-12-17,INFY.NS,lower,False,
2024-12-17,SBIN.NS,upper,False,
2024-12-17,SBIN.NS,lower,False,
2024-12-17,TATAMOTORS.NS,upper,False,
2024-12-17,TATAMOTORS.NS,lower,False,
2024-12-18,HINDUNILVR.NS,upper,False,
2024-12-18,HINDUNILVR.NS,lower,False,
2024-12-18,INFY.NS,upper,False,
2024-12-18,INFY.NS,lower,False,
2024-12-18,SBIN.NS,upper,False,
2024-12-18,SBIN.NS,lower,False,
2024-12-18,TATAMOTORS.NS,upper,False,
2024-12-18,TATAMOTORS.NS,lower,False,
2024-12-19,HINDUNILVR.NS,upper,False,
2024-12-19,HINDUNILVR.NS,lower,False,
2024-12-19,INFY.NS,upper,False,
2024-12-19,INFY.NS,lower,False,
2024-12-19,SBIN.NS,upper,False,
2024-12-19,SBIN.NS,lower,False,
2024-12-19,TATAMOTORS.NS,upper,False,
2024-12-19,TATAMOTORS.NS,lower,False,
2024-12-20,HINDUNILVR.NS,upper,False,
2024-12-20,HINDUNILVR.NS,lower,False,
2024-12-20,INFY.NS,upper,False,
2024-12-20,INFY.NS,lower,False,
2024-12-20,SBIN.NS,upper,False,
2024-12-20,SBIN.NS,lower,False,
2024-12-20,TATAMOTORS.NS,upper,False,
2024-12-20,TATAMOTORS.NS,lower,False,
2024-12-23,HINDUNILVR.NS,upper,False,
2024-12-23,HINDUNILVR.NS,lower,False,
2024-12-23,INFY.NS,upper,False,
2024-12-23,INFY.NS,lower,False,
2024-12-23,SBIN.NS,upper,False,
2024-12-23,SBIN.NS,lower,False,
2024-12-23,TATAMOTORS.NS,upper,False,
2024-12-23,TATAMOTORS.NS,lower,False,
2024-12-24,HINDUNILVR.NS,upper,False,
2024-12-24,HINDUNILVR.NS,lower,False,
2024-12-24,INFY.NS,upper,False,
2024-12-24,INFY.NS,lower,False,
2024-12-24,SBIN.NS,upper,False,
2024-12-24,SBIN.NS,lower,False,
2024-12-24,TATAMOTORS.NS,upper,False,
2024-12-24,TATAMOTORS.NS,lower,False,
2024-12-26,HINDUNILVR.NS,upper,False,
2024-12-26,HINDUNILVR.NS,lower,False,
2024-12-26,INFY.NS,upper,True,sparse
2024-12-26,INFY.NS,lower,False,
2024-12-26,SBIN.NS,upper,False,
2024-12-26,SBIN.NS,lower,False,
2024-12-26,TATAMOTORS.NS,upper,False,
2024-12-26,TATAMOTORS.NS,lower,False,
2024-12-27,HINDUNILVR.NS,upper,False,
2024-12-27,HINDUNILVR.NS,lower,False,
2024-12-27,INFY.NS,upper,False,
2024-12-27,INFY.NS,lower,False,
2024-12-27,SBIN.NS,upper,False,
2024-12-27,SBIN.NS,lower,False,
2024-12-27,TATAMOTORS.NS,upper,False,
2024-12-27,TATAMOTORS.NS,lower,False,
2024-12-30,HINDUNILVR.NS,upper,False,
2024-12-30,HINDUNILVR.NS,lower,False,
2024-12-30,INFY.NS,upper,True,sparse
2024-12-30,INFY.NS,lower,False,
2024-12-30,SBIN.NS,upper,False,
2024-12-30,SBIN.NS,lower,False,
2024-12-30,TATAMOTORS.NS,upper,False,
2024-12-30,TATAMOTORS.NS,lower,False,
2024-12-31,HINDUNILVR.NS,upper,False,
2024-12-31,HINDUNILVR.NS,lower,False,
2024-12-31,INFY.NS,upper,True,sparse
2024-12-31,INFY.NS,lower,False,
2024-12-31,SBIN.NS,upper,False,
2024-12-31,SBIN.NS,lower,False,
2024-12-31,TATAMOTORS.NS,upper,False,
2024-12-31,TATAMOTORS.NS,lower,False,
2025-01-01,HINDUNILVR.NS,upper,False,
2025-01-01,HINDUNILVR.NS,lower,False,
2025-01-01,INFY.NS,upper,True,sparse
2025-01-01,INFY.NS,lower,False,
2025-01-01,SBIN.NS,upper,False,
2025-01-01,SBIN.NS,lower,False,
2025-01-01,TATAMOTORS.NS,upper,False,
2025-01-01,TATAMOTORS.NS,lower,False,
2025-01-02,HINDUNILVR.NS,upper,False,
2025-01-02,HINDUNILVR.NS,lower,False,
2025-01-02,INFY.NS,upper,True,invalid
2025-01-02,INFY.NS,lower,False,
2025-01-02,SBIN.NS,upper,False,
2025-01-02,SBIN.NS,lower,False,
2025-01-02,TATAMOTORS.NS,upper,False,
2025-01-02,TATAMOTORS.NS,lower,False,
2025-01-03,HINDUNILVR.NS,upper,False,
2025-01-03,HINDUNILVR.NS,lower,False,
2025-01-03,INFY.NS,upper,True,invalid
2025-01-03,INFY.NS,lower,False,
2025-01-03,SBIN.NS,upper,False,
2025-01-03,SBIN.NS,lower,False,
2025-01-03,TATAMOTORS.NS,upper,False,
2025-01-03,TATAMOTORS.NS,lower,False,
2025-01-06,HINDUNILVR.NS,upper,False,
2025-01-06,HINDUNILVR.NS,lower,False,
2025-01-06,INFY.NS,upper,True,invalid
2025-01-06,INFY.NS,lower,False,
2025-01-06,SBIN.NS,upper,False,
2025-01-06,SBIN.NS,lower,True,sparse
2025-01-06,TATAMOTORS.NS,upper,False,
2025-01-06,TATAMOTORS.NS,lower,False,
2025-01-07,HINDUNILVR.NS,upper,False,
2025-01-07,HINDUNILVR.NS,lower,False,
2025-01-07,INFY.NS,upper,True,sparse
2025-01-07,INFY.NS,lower,False,
2025-01-07,SBIN.NS,upper,False,
2025-01-07,SBIN.NS,lower,False,
2025-01-07,TATAMOTORS.NS,upper,False,
2025-01-07,TATAMOTORS.NS,lower,False,
2025-01-08,HINDUNILVR.NS,upper,False,
2025-01-08,HINDUNILVR.NS,lower,False,
2025-01-08,INFY.NS,upper,True,sparse
2025-01-08,INFY.NS,lower,False,
2025-01-08,SBIN.NS,upper,False,
2025-01-08,SBIN.NS,lower,False,
2025-01-08,TATAMOTORS.NS,upper,False,
2025-01-08,TATAMOTORS.NS,lower,False,
2025-01-09,HINDUNILVR.NS,upper,False,
2025-01-09,HINDUNILVR.NS,lower,False,
2025-01-09,INFY.NS,upper,True,invalid
2025-01-09,INFY.NS,lower,False,
2025-01-09,SBIN.NS,upper,False,
2025-01-09,SBIN.NS,lower,False,
2025-01-09,TATAMOTORS.NS,upper,False,
2025-01-09,TATAMOTORS.NS,lower,False,
2025-01-10,HINDUNILVR.NS,upper,False,
2025-01-10,HINDUNILVR.NS,lower,False,
2025-01-10,INFY.NS,upper,True,sparse
2025-01-10,INFY.NS,lower,False,
2025-01-10,SBIN.NS,upper,False,
2025-01-10,SBIN.NS,lower,False,
2025-01-10,TATAMOTORS.NS,upper,False,
2025-01-10,TATAMOTORS.NS,lower,False,
2025-01-13,HINDUNILVR.NS,upper,False,
2025-01-13,HINDUNILVR.NS,lower,False,
2025-01-13,INFY.NS,upper,True,invalid
2025-01-13,INFY.NS,lower,False,
2025-01-13,SBIN.NS,upper,False,
2025-01-13,SBIN.NS,lower,False,
2025-01-13,TATAMOTORS.NS,upper,False,
2025-01-13,TATAMOTORS.NS,lower,False,
2025-01-14,HINDUNILVR.NS,upper,False,
2025-01-14,HINDUNILVR.NS,lower,False,
2025-01-14,INFY.NS,upper,True,invalid
2025-01-14,INFY.NS,lower,False,
2025-01-14,SBIN.NS,upper,False,
2025-01-14,SBIN.NS,lower,False,
2025-01-14,TATAMOTORS.NS,upper,False,
2025-01-14,TATAMOTORS.NS,lower,False,
2025-01-15,HINDUNILVR.NS,upper,False,
2025-01-15,HINDUNILVR.NS,lower,False,
2025-01-15,INFY.NS,upper,True,invalid
2025-01-15,INFY.NS,lower,False,
2025-01-15,SBIN.NS,upper,False,
2025-01-15,SBIN.NS,lower,False,
2025-01-15,TATAMOTORS.NS,upper,False,
2025-01-15,TATAMOTORS.NS,lower,False,
2025-01-16,HINDUNILVR.NS,upper,False,
2025-01-16,HINDUNILVR.NS,lower,False,
2025-01-16,INFY.NS,upper,True,invalid
2025-01-16,INFY.NS,lower,False,
2025-01-16,SBIN.NS,upper,False,
2025-01-16,SBIN.NS,lower,False,
2025-01-16,TATAMOTORS.NS,upper,False,
2025-01-16,TATAMOTORS.NS,lower,False,
2025-01-17,HINDUNILVR.NS,upper,False,
2025-01-17,HINDUNILVR.NS,lower,False,
2025-01-17,INFY.NS,upper,True,invalid
2025-01-17,INFY.NS,lower,False,
2025-01-17,SBIN.NS,upper,False,
2025-01-17,SBIN.NS,lower,False,
2025-01-17,TATAMOTORS.NS,upper,False,
2025-01-17,TATAMOTORS.NS,lower,False,
2025-01-20,HINDUNILVR.NS,upper,False,
2025-01-20,HINDUNILVR.NS,lower,False,
2025-01-20,INFY.NS,upper,True,sparse
2025-01-20,INFY.NS,lower,False,
2025-01-20,SBIN.NS,upper,False,
2025-01-20,SBIN.NS,lower,False,
2025-01-20,TATAMOTORS.NS,upper,False,
2025-01-20,TATAMOTORS.NS,lower,False,
2025-01-21,HINDUNILVR.NS,upper,False,
2025-01-21,HINDUNILVR.NS,lower,False,
2025-01-21,INFY.NS,upper,True,sparse
2025-01-21,INFY.NS,lower,False,
2025-01-21,SBIN.NS,upper,False,
2025-01-21,SBIN.NS,lower,False,
2025-01-21,TATAMOTORS.NS,upper,False,
2025-01-21,TATAMOTORS.NS,lower,False,
2025-01-22,HINDUNILVR.NS,upper,False,
2025-01-22,HINDUNILVR.NS,lower,False,
2025-01-22,INFY.NS,upper,True,invalid
2025-01-22,INFY.NS,lower,False,
2025-01-22,SBIN.NS,upper,False,
2025-01-22,SBIN.NS,lower,False,
2025-01-22,TATAMOTORS.NS,upper,False,
2025-01-22,TATAMOTORS.NS,lower,False,
2025-01-23,HINDUNILVR.NS,upper,False,
2025-01-23,HINDUNILVR.NS,lower,False,
2025-01-23,INFY.NS,upper,True,sparse
2025-01-23,INFY.NS,lower,False,
2025-01-23,SBIN.NS,upper,False,
2025-01-23,SBIN.NS,lower,False,
2025-01-23,TATAMOTORS.NS,upper,False,
2025-01-23,TATAMOTORS.NS,lower,False,
2025-01-24,HINDUNILVR.NS,upper,False,
2025-01-24,HINDUNILVR.NS,lower,False,
2025-01-24,INFY.NS,upper,True,sparse
2025-01-24,INFY.NS,lower,False,
2025-01-24,SBIN.NS,upper,False,
2025-01-24,SBIN.NS,lower,False,
2025-01-24,TATAMOTORS.NS,upper,False,
2025-01-24,TATAMOTORS.NS,lower,False,
2025-01-27,HINDUNILVR.NS,upper,False,
2025-01-27,HINDUNILVR.NS,lower,False,
2025-01-27,INFY.NS,upper,True,invalid
2025-01-27,INFY.NS,lower,False,
2025-01-27,SBIN.NS,upper,False,
2025-01-27,SBIN.NS,lower,False,
2025-01-27,TATAMOTORS.NS,upper,False,
2025-01-27,TATAMOTORS.NS,lower,False,
2025-01-28,HINDUNILVR.NS,upper,False,
2025-01-28,HINDUNILVR.NS,lower,False,
2025-01-28,INFY.NS,upper,True,invalid
2025-01-28,INFY.NS,lower,False,
2025-01-28,SBIN.NS,upper,False,
2025-01-28,SBIN.NS,lower,False,
2025-01-28,TATAMOTORS.NS,upper,False,
2025-01-28,TATAMOTORS.NS,lower,False,
2025-01-29,HINDUNILVR.NS,upper,False,
2025-01-29,HINDUNILVR.NS,lower,False,
2025-01-29,INFY.NS,upper,True,invalid
2025-01-29,INFY.NS,lower,False,
2025-01-29,SBIN.NS,upper,False,
2025-01-29,SBIN.NS,lower,False,
2025-01-29,TATAMOTORS.NS,upper,False,
2025-01-29,TATAMOTORS.NS,lower,False,
2025-01-30,HINDUNILVR.NS,upper,False,
2025-01-30,HINDUNILVR.NS,lower,False,
2025-01-30,INFY.NS,upper,True,invalid
2025-01-30,INFY.NS,lower,False,
2025-01-30,SBIN.NS,upper,False,
2025-01-30,SBIN.NS,lower,False,
2025-01-30,TATAMOTORS.NS,upper,False,
2025-01-30,TATAMOTORS.NS,lower,False,
2025-01-31,HINDUNILVR.NS,upper,False,
2025-01-31,HINDUNILVR.NS,lower,False,
2025-01-31,INFY.NS,upper,True,invalid
2025-01-31,INFY.NS,lower,False,
2025-01-31,SBIN.NS,upper,False,
2025-01-31,SBIN.NS,lower,False,
2025-01-31,TATAMOTORS.NS,upper,False,
2025-01-31,TATAMOTORS.NS,lower,False,
2025-02-01,HINDUNILVR.NS,upper,False,
2025-02-01,HINDUNILVR.NS,lower,False,
2025-02-01,INFY.NS,upper,True,invalid
2025-02-01,INFY.NS,lower,False,
2025-02-01,SBIN.NS,upper,False,
2025-02-01,SBIN.NS,lower,False,
2025-02-01,TATAMOTORS.NS,upper,False,
2025-02-01,TATAMOTORS.NS,lower,False,
2025-02-03,HINDUNILVR.NS,upper,False,
2025-02-03,HINDUNILVR.NS,lower,False,
2025-02-03,INFY.NS,upper,True,invalid
2025-02-03,INFY.NS,lower,False,
2025-02-03,SBIN.NS,upper,False,
2025-02-03,SBIN.NS,lower,False,
2025-02-03,TATAMOTORS.NS,upper,False,
2025-02-03,TATAMOTORS.NS,lower,False,
2025-02-04,HINDUNILVR.NS,upper,False,
2025-02-04,HINDUNILVR.NS,lower,False,
2025-02-04,INFY.NS,upper,True,invalid
2025-02-04,INFY.NS,lower,False,
2025-02-04,SBIN.NS,upper,False,
2025-02-04,SBIN.NS,lower,False,
2025-02-04,TATAMOTORS.NS,upper,False,
2025-02-04,TATAMOTORS.NS,lower,False,
2025-02-05,HINDUNILVR.NS,upper,False,
2025-02-05,HINDUNILVR.NS,lower,False,
2025-02-05,INFY.NS,upper,True,invalid
2025-02-05,INFY.NS,lower,False,
2025-02-05,SBIN.NS,upper,False,
2025-02-05,SBIN.NS,lower,False,
2025-02-05,TATAMOTORS.NS,upper,False,
2025-02-05,TATAMOTORS.NS,lower,False,
2025-02-06,HINDUNILVR.NS,upper,False,
2025-02-06,HINDUNILVR.NS,lower,False,
2025-02-06,INFY.NS,upper,True,invalid
2025-02-06,INFY.NS,lower,False,
2025-02-06,SBIN.NS,upper,False,
2025-02-06,SBIN.NS,lower,False,
2025-02-06,TATAMOTORS.NS,upper,False,
2025-02-06,TATAMOTORS.NS,lower,False,
2025-02-07,HINDUNILVR.NS,upper,False,
2025-02-07,HINDUNILVR.NS,lower,False,
2025-02-07,INFY.NS,upper,True,invalid
2025-02-07,INFY.NS,lower,False,
2025-02-07,SBIN.NS,upper,False,
2025-02-07,SBIN.NS,lower,False,
2025-02-07,TATAMOTORS.NS,upper,False,
2025-02-07,TATAMOTORS.NS,lower,False,
2025-02-10,HINDUNILVR.NS,upper,False,
2025-02-10,HINDUNILVR.NS,lower,False,
2025-02-10,INFY.NS,upper,True,invalid
2025-02-10,INFY.NS,lower,False,
2025-02-10,SBIN.NS,upper,False,
2025-02-10,SBIN.NS,lower,False,
2025-02-10,TATAMOTORS.NS,upper,False,
2025-02-10,TATAMOTORS.NS,lower,False,
2025-02-11,HINDUNILVR.NS,upper,False,
2025-02-11,HINDUNILVR.NS,lower,False,
2025-02-11,INFY.NS,upper,True,invalid
2025-02-11,INFY.NS,lower,False,
2025-02-11,SBIN.NS,upper,False,
2025-02-11,SBIN.NS,lower,False,
2025-02-11,TATAMOTORS.NS,upper,False,
2025-02-11,TATAMOTORS.NS,lower,False,
2025-02-12,HINDUNILVR.NS,upper,False,
2025-02-12,HINDUNILVR.NS,lower,False,
2025-02-12,INFY.NS,upper,True,invalid
2025-02-12,INFY.NS,lower,False,
2025-02-12,SBIN.NS,upper,False,
2025-02-12,SBIN.NS,lower,False,
2025-02-12,TATAMOTORS.NS,upper,False,
2025-02-12,TATAMOTORS.NS,lower,False,
2025-02-13,HINDUNILVR.NS,upper,False,
2025-02-13,HINDUNILVR.NS,lower,False,
2025-02-13,INFY.NS,upper,True,invalid
2025-02-13,INFY.NS,lower,False,
2025-02-13,SBIN.NS,upper,False,
2025-02-13,SBIN.NS,lower,False,
2025-02-13,TATAMOTORS.NS,upper,False,
2025-02-13,TATAMOTORS.NS,lower,False,
2025-02-14,HINDUNILVR.NS,upper,False,
2025-02-14,HINDUNILVR.NS,lower,False,
2025-02-14,INFY.NS,upper,True,invalid
2025-02-14,INFY.NS,lower,False,
2025-02-14,SBIN.NS,upper,False,
2025-02-14,SBIN.NS,lower,False,
2025-02-14,TATAMOTORS.NS,upper,False,
2025-02-14,TATAMOTORS.NS,lower,False,
2025-02-17,HINDUNILVR.NS,upper,False,
2025-02-17,HINDUNILVR.NS,lower,False,
2025-02-17,INFY.NS,upper,True,invalid
2025-02-17,INFY.NS,lower,False,
2025-02-17,SBIN.NS,upper,False,
2025-02-17,SBIN.NS,lower,False,
2025-02-17,TATAMOTORS.NS,upper,False,
2025-02-17,TATAMOTORS.NS,lower,False,
2025-02-18,HINDUNILVR.NS,upper,False,
2025-02-18,HINDUNILVR.NS,lower,False,
2025-02-18,INFY.NS,upper,True,invalid
2025-02-18,INFY.NS,lower,False,
2025-02-18,SBIN.NS,upper,False,
2025-02-18,SBIN.NS,lower,False,
2025-02-18,TATAMOTORS.NS,upper,False,
2025-02-18,TATAMOTORS.NS,lower,False,
2025-02-19,HINDUNILVR.NS,upper,False,
2025-02-19,HINDUNILVR.NS,lower,False,
2025-02-19,INFY.NS,upper,True,invalid
2025-02-19,INFY.NS,lower,False,
2025-02-19,SBIN.NS,upper,False,
2025-02-19,SBIN.NS,lower,False,
2025-02-19,TATAMOTORS.NS,upper,False,
2025-02-19,TATAMOTORS.NS,lower,False,
2025-02-20,HINDUNILVR.NS,upper,False,
2025-02-20,HINDUNILVR.NS,lower,False,
2025-02-20,INFY.NS,upper,True,invalid
2025-02-20,INFY.NS,lower,False,
2025-02-20,SBIN.NS,upper,False,
2025-02-20,SBIN.NS,lower,False,
2025-02-20,TATAMOTORS.NS,upper,False,
2025-02-20,TATAMOTORS.NS,lower,False,
2025-02-21,HINDUNILVR.NS,upper,False,
2025-02-21,HINDUNILVR.NS,lower,False,
2025-02-21,INFY.NS,upper,True,invalid
2025-02-21,INFY.NS,lower,False,
2025-02-21,SBIN.NS,upper,False,
2025-02-21,SBIN.NS,lower,False,
2025-02-21,TATAMOTORS.NS,upper,False,
2025-02-21,TATAMOTORS.NS,lower,False,
2025-02-24,HINDUNILVR.NS,upper,False,
2025-02-24,HINDUNILVR.NS,lower,False,
2025-02-24,INFY.NS,upper,True,invalid
2025-02-24,INFY.NS,lower,False,
2025-02-24,SBIN.NS,upper,False,
2025-02-24,SBIN.NS,lower,False,
2025-02-24,TATAMOTORS.NS,upper,False,
2025-02-24,TATAMOTORS.NS,lower,False,
2025-02-25,HINDUNILVR.NS,upper,False,
2025-02-25,HINDUNILVR.NS,lower,False,
2025-02-25,INFY.NS,upper,True,invalid
2025-02-25,INFY.NS,lower,False,
2025-02-25,SBIN.NS,upper,False,
2025-02-25,SBIN.NS,lower,False,
2025-02-25,TATAMOTORS.NS,upper,False,
2025-02-25,TATAMOTORS.NS,lower,False,
2025-02-27,HINDUNILVR.NS,upper,False,
2025-02-27,HINDUNILVR.NS,lower,False,
2025-02-27,INFY.NS,upper,False,
2025-02-27,INFY.NS,lower,False,
2025-02-27,SBIN.NS,upper,False,
2025-02-27,SBIN.NS,lower,False,
2025-02-27,TATAMOTORS.NS,upper,False,
2025-02-27,TATAMOTORS.NS,lower,False,
2025-02-28,HINDUNILVR.NS,upper,False,
2025-02-28,HINDUNILVR.NS,lower,False,
2025-02-28,INFY.NS,upper,False,
2025-02-28,INFY.NS,lower,False,
2025-02-28,SBIN.NS,upper,False,
2025-02-28,SBIN.NS,lower,False,
2025-02-28,TATAMOTORS.NS,upper,False,
2025-02-28,TATAMOTORS.NS,lower,False,
2025-03-03,HINDUNILVR.NS,upper,False,
2025-03-03,HINDUNILVR.NS,lower,False,
2025-03-03,INFY.NS,upper,True,invalid
2025-03-03,INFY.NS,lower,False,
2025-03-03,SBIN.NS,upper,False,
2025-03-03,SBIN.NS,lower,False,
2025-03-03,TATAMOTORS.NS,upper,False,
2025-03-03,TATAMOTORS.NS,lower,False,
2025-03-04,HINDUNILVR.NS,upper,False,
2025-03-04,HINDUNILVR.NS,lower,False,
2025-03-04,INFY.NS,upper,False,
2025-03-04,INFY.NS,lower,False,
2025-03-04,SBIN.NS,upper,False,
2025-03-04,SBIN.NS,lower,False,
2025-03-04,TATAMOTORS.NS,upper,False,
2025-03-04,TATAMOTORS.NS,lower,False,
2025-03-05,HINDUNILVR.NS,upper,False,
2025-03-05,HINDUNILVR.NS,lower,False,
2025-03-05,INFY.NS,upper,True,invalid
2025-03-05,INFY.NS,lower,False,
2025-03-05,SBIN.NS,upper,False,
2025-03-05,SBIN.NS,lower,False,
2025-03-05,TATAMOTORS.NS,upper,False,
2025-03-05,TATAMOTORS.NS,lower,False,
2025-03-06,HINDUNILVR.NS,upper,False,
2025-03-06,HINDUNILVR.NS,lower,False,
2025-03-06,INFY.NS,upper,True,invalid
2025-03-06,INFY.NS,lower,False,
2025-03-06,SBIN.NS,upper,False,
2025-03-06,SBIN.NS,lower,False,
2025-03-06,TATAMOTORS.NS,upper,False,
2025-03-06,TATAMOTORS.NS,lower,False,
2025-03-07,HINDUNILVR.NS,upper,False,
2025-03-07,HINDUNILVR.NS,lower,False,
2025-03-07,INFY.NS,upper,False,
2025-03-07,INFY.NS,lower,False,
2025-03-07,SBIN.NS,upper,False,
2025-03-07,SBIN.NS,lower,False,
2025-03-07,TATAMOTORS.NS,upper,False,
2025-03-07,TATAMOTORS.NS,lower,False,
2025-03-10,HINDUNILVR.NS,upper,False,
2025-03-10,HINDUNILVR.NS,lower,False,
2025-03-10,INFY.NS,upper,True,invalid
2025-03-10,INFY.NS,lower,False,
2025-03-10,SBIN.NS,upper,False,
2025-03-10,SBIN.NS,lower,False,
2025-03-10,TATAMOTORS.NS,upper,False,
2025-03-10,TATAMOTORS.NS,lower,False,
2025-03-11,HINDUNILVR.NS,upper,False,
2025-03-11,HINDUNILVR.NS,lower,False,
2025-03-11,INFY.NS,upper,True,invalid
2025-03-11,INFY.NS,lower,False,
2025-03-11,SBIN.NS,upper,False,
2025-03-11,SBIN.NS,lower,False,
2025-03-11,TATAMOTORS.NS,upper,False,
2025-03-11,TATAMOTORS.NS,lower,False,
2025-03-12,HINDUNILVR.NS,upper,False,
2025-03-12,HINDUNILVR.NS,lower,False,
2025-03-12,INFY.NS,upper,False,
2025-03-12,INFY.NS,lower,False,
2025-03-12,SBIN.NS,upper,False,
2025-03-12,SBIN.NS,lower,False,
2025-03-12,TATAMOTORS.NS,upper,False,
2025-03-12,TATAMOTORS.NS,lower,False,
2025-03-13,HINDUNILVR.NS,upper,False,
2025-03-13,HINDUNILVR.NS,lower,False,
2025-03-13,INFY.NS,upper,True,invalid
2025-03-13,INFY.NS,lower,False,
2025-03-13,SBIN.NS,upper,False,
2025-03-13,SBIN.NS,lower,False,
2025-03-13,TATAMOTORS.NS,upper,False,
2025-03-13,TATAMOTORS.NS,lower,False,
2025-03-17,HINDUNILVR.NS,upper,False,
2025-03-17,HINDUNILVR.NS,lower,False,
2025-03-17,INFY.NS,upper,False,
2025-03-17,INFY.NS,lower,False,
2025-03-17,SBIN.NS,upper,False,
2025-03-17,SBIN.NS,lower,False,
2025-03-17,TATAMOTORS.NS,upper,False,
2025-03-17,TATAMOTORS.NS,lower,False,
2025-03-18,HINDUNILVR.NS,upper,False,
2025-03-18,HINDUNILVR.NS,lower,False,
2025-03-18,INFY.NS,upper,False,
2025-03-18,INFY.NS,lower,False,
2025-03-18,SBIN.NS,upper,False,
2025-03-18,SBIN.NS,lower,False,
2025-03-18,TATAMOTORS.NS,upper,False,
2025-03-18,TATAMOTORS.NS,lower,False,
2025-03-19,HINDUNILVR.NS,upper,False,
2025-03-19,HINDUNILVR.NS,lower,False,
2025-03-19,INFY.NS,upper,False,
2025-03-19,INFY.NS,lower,False,
2025-03-19,SBIN.NS,upper,False,
2025-03-19,SBIN.NS,lower,False,
2025-03-19,TATAMOTORS.NS,upper,False,
2025-03-19,TATAMOTORS.NS,lower,False,
2025-03-20,HINDUNILVR.NS,upper,False,
2025-03-20,HINDUNILVR.NS,lower,False,
2025-03-20,INFY.NS,upper,False,
2025-03-20,INFY.NS,lower,False,
2025-03-20,SBIN.NS,upper,False,
2025-03-20,SBIN.NS,lower,False,
2025-03-20,TATAMOTORS.NS,upper,False,
2025-03-20,TATAMOTORS.NS,lower,False,
2025-03-21,HINDUNILVR.NS,upper,False,
2025-03-21,HINDUNILVR.NS,lower,False,
2025-03-21,INFY.NS,upper,False,
2025-03-21,INFY.NS,lower,False,
2025-03-21,SBIN.NS,upper,False,
2025-03-21,SBIN.NS,lower,False,
2025-03-21,TATAMOTORS.NS,upper,False,
2025-03-21,TATAMOTORS.NS,lower,False,
2025-03-24,HINDUNILVR.NS,upper,False,
2025-03-24,HINDUNILVR.NS,lower,False,
2025-03-24,INFY.NS,upper,False,
2025-03-24,INFY.NS,lower,False,
2025-03-24,SBIN.NS,upper,False,
2025-03-24,SBIN.NS,lower,False,
2025-03-24,TATAMOTORS.NS,upper,False,
2025-03-24,TATAMOTORS.NS,lower,False,
2025-03-25,HINDUNILVR.NS,upper,False,
2025-03-25,HINDUNILVR.NS,lower,False,
2025-03-25,INFY.NS,upper,False,
2025-03-25,INFY.NS,lower,False,
2025-03-25,SBIN.NS,upper,False,
2025-03-25,SBIN.NS,lower,False,
2025-03-25,TATAMOTORS.NS,upper,False,
2025-03-25,TATAMOTORS.NS,lower,False,
2025-03-26,HINDUNILVR.NS,upper,False,
2025-03-26,HINDUNILVR.NS,lower,False,
2025-03-26,INFY.NS,upper,False,
2025-03-26,INFY.NS,lower,False,
2025-03-26,SBIN.NS,upper,False,
2025-03-26,SBIN.NS,lower,False,
2025-03-26,TATAMOTORS.NS,upper,False,
2025-03-26,TATAMOTORS.NS,lower,False,
2025-03-27,HINDUNILVR.NS,upper,False,
2025-03-27,HINDUNILVR.NS,lower,False,
2025-03-27,INFY.NS,upper,True,invalid
2025-03-27,INFY.NS,lower,False,
2025-03-27,SBIN.NS,upper,False,
2025-03-27,SBIN.NS,lower,False,
2025-03-27,TATAMOTORS.NS,upper,False,
2025-03-27,TATAMOTORS.NS,lower,False,
2025-03-28,HINDUNILVR.NS,upper,False,
2025-03-28,HINDUNILVR.NS,lower,False,
2025-03-28,INFY.NS,upper,True,invalid
2025-03-28,INFY.NS,lower,False,
2025-03-28,SBIN.NS,upper,False,
2025-03-28,SBIN.NS,lower,False,
2025-03-28,TATAMOTORS.NS,upper,False,
2025-03-28,TATAMOTORS.NS,lower,False,
2025-04-01,HINDUNILVR.NS,upper,False,
2025-04-01,HINDUNILVR.NS,lower,False,
2025-04-01,INFY.NS,upper,False,
2025-04-01,INFY.NS,lower,False,
2025-04-01,SBIN.NS,upper,False,
2025-04-01,SBIN.NS,lower,False,
2025-04-01,TATAMOTORS.NS,upper,False,
2025-04-01,TATAMOTORS.NS,lower,False,
2025-04-02,HINDUNILVR.NS,upper,False,
2025-04-02,HINDUNILVR.NS,lower,False,
2025-04-02,INFY.NS,upper,True,invalid
2025-04-02,INFY.NS,lower,False,
2025-04-02,SBIN.NS,upper,False,
2025-04-02,SBIN.NS,lower,False,
2025-04-02,TATAMOTORS.NS,upper,False,
2025-04-02,TATAMOTORS.NS,lower,False,
2025-04-03,HINDUNILVR.NS,upper,False,
2025-04-03,HINDUNILVR.NS,lower,False,
2025-04-03,INFY.NS,upper,True,invalid
2025-04-03,INFY.NS,lower,False,
2025-04-03,SBIN.NS,upper,False,
2025-04-03,SBIN.NS,lower,False,
2025-04-03,TATAMOTORS.NS,upper,False,
2025-04-03,TATAMOTORS.NS,lower,False,
2025-04-04,HINDUNILVR.NS,upper,False,
2025-04-04,HINDUNILVR.NS,lower,False,
2025-04-04,INFY.NS,upper,True,invalid
2025-04-04,INFY.NS,lower,False,
2025-04-04,SBIN.NS,upper,False,
2025-04-04,SBIN.NS,lower,False,
2025-04-04,TATAMOTORS.NS,upper,False,
2025-04-04,TATAMOTORS.NS,lower,False,
2025-04-07,HINDUNILVR.NS,upper,False,
2025-04-07,HINDUNILVR.NS,lower,False,
2025-04-07,INFY.NS,upper,True,invalid
2025-04-07,INFY.NS,lower,False,
2025-04-07,SBIN.NS,upper,False,
2025-04-07,SBIN.NS,lower,False,
2025-04-07,TATAMOTORS.NS,upper,False,
2025-04-07,TATAMOTORS.NS,lower,False,
2025-04-08,HINDUNILVR.NS,upper,False,
2025-04-08,HINDUNILVR.NS,lower,False,
2025-04-08,INFY.NS,upper,True,invalid
2025-04-08,INFY.NS,lower,False,
2025-04-08,SBIN.NS,upper,False,
2025-04-08,SBIN.NS,lower,False,
2025-04-08,TATAMOTORS.NS,upper,False,
2025-04-08,TATAMOTORS.NS,lower,False,
2025-04-09,HINDUNILVR.NS,upper,False,
2025-04-09,HINDUNILVR.NS,lower,False,
2025-04-09,INFY.NS,upper,True,invalid
2025-04-09,INFY.NS,lower,False,
2025-04-09,SBIN.NS,upper,False,
2025-04-09,SBIN.NS,lower,False,
2025-04-09,TATAMOTORS.NS,upper,False,
2025-04-09,TATAMOTORS.NS,lower,False,
2025-04-11,HINDUNILVR.NS,upper,False,
2025-04-11,HINDUNILVR.NS,lower,False,
2025-04-11,INFY.NS,upper,True,invalid
2025-04-11,INFY.NS,lower,False,
2025-04-11,SBIN.NS,upper,False,
2025-04-11,SBIN.NS,lower,False,
2025-04-11,TATAMOTORS.NS,upper,False,
2025-04-11,TATAMOTORS.NS,lower,False,
2025-04-15,HINDUNILVR.NS,upper,False,
2025-04-15,HINDUNILVR.NS,lower,False,
2025-04-15,INFY.NS,upper,False,
2025-04-15,INFY.NS,lower,False,
2025-04-15,SBIN.NS,upper,False,
2025-04-15,SBIN.NS,lower,False,
2025-04-15,TATAMOTORS.NS,upper,False,
2025-04-15,TATAMOTORS.NS,lower,False,
2025-04-16,HINDUNILVR.NS,upper,False,
2025-04-16,HINDUNILVR.NS,lower,False,
2025-04-16,INFY.NS,upper,True,invalid
2025-04-16,INFY.NS,lower,False,
2025-04-16,SBIN.NS,upper,False,
2025-04-16,SBIN.NS,lower,False,
2025-04-16,TATAMOTORS.NS,upper,False,
2025-04-16,TATAMOTORS.NS,lower,False,
2025-04-17,HINDUNILVR.NS,upper,False,
2025-04-17,HINDUNILVR.NS,lower,False,
2025-04-17,INFY.NS,upper,True,invalid
2025-04-17,INFY.NS,lower,False,
2025-04-17,SBIN.NS,upper,False,
2025-04-17,SBIN.NS,lower,False,
2025-04-17,TATAMOTORS.NS,upper,False,
2025-04-17,TATAMOTORS.NS,lower,False,
2025-04-21,HINDUNILVR.NS,upper,False,
2025-04-21,HINDUNILVR.NS,lower,False,
2025-04-21,INFY.NS,upper,True,invalid
2025-04-21,INFY.NS,lower,False,
2025-04-21,SBIN.NS,upper,False,
2025-04-21,SBIN.NS,lower,False,
2025-04-21,TATAMOTORS.NS,upper,False,
2025-04-21,TATAMOTORS.NS,lower,False,
2025-04-22,HINDUNILVR.NS,upper,False,
2025-04-22,HINDUNILVR.NS,lower,False,
2025-04-22,INFY.NS,upper,True,invalid
2025-04-22,INFY.NS,lower,False,
2025-04-22,SBIN.NS,upper,False,
2025-04-22,SBIN.NS,lower,False,
2025-04-22,TATAMOTORS.NS,upper,False,
2025-04-22,TATAMOTORS.NS,lower,False,
2025-04-23,HINDUNILVR.NS,upper,False,
2025-04-23,HINDUNILVR.NS,lower,False,
2025-04-23,INFY.NS,upper,True,invalid
2025-04-23,INFY.NS,lower,False,
2025-04-23,SBIN.NS,upper,False,
2025-04-23,SBIN.NS,lower,False,
2025-04-23,TATAMOTORS.NS,upper,False,
2025-04-23,TATAMOTORS.NS,lower,False,
2025-04-24,HINDUNILVR.NS,upper,False,
2025-04-24,HINDUNILVR.NS,lower,False,
2025-04-24,INFY.NS,upper,True,invalid
2025-04-24,INFY.NS,lower,False,
2025-04-24,SBIN.NS,upper,False,
2025-04-24,SBIN.NS,lower,False,
2025-04-24,TATAMOTORS.NS,upper,False,
2025-04-24,TATAMOTORS.NS,lower,False,
2025-04-25,HINDUNILVR.NS,upper,False,
2025-04-25,HINDUNILVR.NS,lower,False,
2025-04-25,INFY.NS,upper,True,invalid
2025-04-25,INFY.NS,lower,False,
2025-04-25,SBIN.NS,upper,False,
2025-04-25,SBIN.NS,lower,False,
2025-04-25,TATAMOTORS.NS,upper,False,
2025-04-25,TATAMOTORS.NS,lower,False,
2025-04-28,HINDUNILVR.NS,upper,False,
2025-04-28,HINDUNILVR.NS,lower,False,
2025-04-28,INFY.NS,upper,True,invalid
2025-04-28,INFY.NS,lower,False,
2025-04-28,SBIN.NS,upper,False,
2025-04-28,SBIN.NS,lower,False,
2025-04-28,TATAMOTORS.NS,upper,False,
2025-04-28,TATAMOTORS.NS,lower,False,
2025-04-29,HINDUNILVR.NS,upper,False,
2025-04-29,HINDUNILVR.NS,lower,False,
2025-04-29,INFY.NS,upper,True,invalid
2025-04-29,INFY.NS,lower,False,
2025-04-29,SBIN.NS,upper,False,
2025-04-29,SBIN.NS,lower,False,
2025-04-29,TATAMOTORS.NS,upper,False,
2025-04-29,TATAMOTORS.NS,lower,False,
2025-04-30,HINDUNILVR.NS,upper,False,
2025-04-30,HINDUNILVR.NS,lower,False,
2025-04-30,INFY.NS,upper,True,invalid
2025-04-30,INFY.NS,lower,False,
2025-04-30,SBIN.NS,upper,False,
2025-04-30,SBIN.NS,lower,False,
2025-04-30,TATAMOTORS.NS,upper,False,
2025-04-30,TATAMOTORS.NS,lower,False,
2025-05-02,HINDUNILVR.NS,upper,False,
2025-05-02,HINDUNILVR.NS,lower,False,
2025-05-02,INFY.NS,upper,True,invalid
2025-05-02,INFY.NS,lower,False,
2025-05-02,SBIN.NS,upper,False,
2025-05-02,SBIN.NS,lower,False,
2025-05-02,TATAMOTORS.NS,upper,False,
2025-05-02,TATAMOTORS.NS,lower,False,
2025-05-05,HINDUNILVR.NS,upper,False,
2025-05-05,HINDUNILVR.NS,lower,False,
2025-05-05,INFY.NS,upper,True,invalid
2025-05-05,INFY.NS,lower,False,
2025-05-05,SBIN.NS,upper,False,
2025-05-05,SBIN.NS,lower,False,
2025-05-05,TATAMOTORS.NS,upper,False,
2025-05-05,TATAMOTORS.NS,lower,False,
2025-05-06,HINDUNILVR.NS,upper,False,
2025-05-06,HINDUNILVR.NS,lower,False,
2025-05-06,INFY.NS,upper,True,invalid
2025-05-06,INFY.NS,lower,False,
2025-05-06,SBIN.NS,upper,False,
2025-05-06,SBIN.NS,lower,False,
2025-05-06,TATAMOTORS.NS,upper,False,
2025-05-06,TATAMOTORS.NS,lower,False,
2025-05-07,HINDUNILVR.NS,upper,False,
2025-05-07,HINDUNILVR.NS,lower,False,
2025-05-07,INFY.NS,upper,True,invalid
2025-05-07,INFY.NS,lower,False,
2025-05-07,SBIN.NS,upper,False,
2025-05-07,SBIN.NS,lower,False,
2025-05-07,TATAMOTORS.NS,upper,False,
2025-05-07,TATAMOTORS.NS,lower,False,
2025-05-08,HINDUNILVR.NS,upper,False,
2025-05-08,HINDUNILVR.NS,lower,False,
2025-05-08,INFY.NS,upper,True,invalid
2025-05-08,INFY.NS,lower,False,
2025-05-08,SBIN.NS,upper,False,
2025-05-08,SBIN.NS,lower,False,
2025-05-08,TATAMOTORS.NS,upper,False,
2025-05-08,TATAMOTORS.NS,lower,False,
2025-05-09,HINDUNILVR.NS,upper,False,
2025-05-09,HINDUNILVR.NS,lower,False,
2025-05-09,INFY.NS,upper,True,invalid
2025-05-09,INFY.NS,lower,False,
2025-05-09,SBIN.NS,upper,False,
2025-05-09,SBIN.NS,lower,False,
2025-05-09,TATAMOTORS.NS,upper,False,
2025-05-09,TATAMOTORS.NS,lower,False,
2025-05-12,HINDUNILVR.NS,upper,False,
2025-05-12,HINDUNILVR.NS,lower,False,
2025-05-12,INFY.NS,upper,True,invalid
2025-05-12,INFY.NS,lower,False,
2025-05-12,SBIN.NS,upper,False,
2025-05-12,SBIN.NS,lower,False,
2025-05-12,TATAMOTORS.NS,upper,False,
2025-05-12,TATAMOTORS.NS,lower,False,
2025-05-13,HINDUNILVR.NS,upper,False,
2025-05-13,HINDUNILVR.NS,lower,False,
2025-05-13,INFY.NS,upper,False,
2025-05-13,INFY.NS,lower,False,
2025-05-13,SBIN.NS,upper,False,
2025-05-13,SBIN.NS,lower,False,
2025-05-13,TATAMOTORS.NS,upper,False,
2025-05-13,TATAMOTORS.NS,lower,False,
2025-05-14,HINDUNILVR.NS,upper,False,
2025-05-14,HINDUNILVR.NS,lower,False,
2025-05-14,INFY.NS,upper,False,
2025-05-14,INFY.NS,lower,False,
2025-05-14,SBIN.NS,upper,False,
2025-05-14,SBIN.NS,lower,False,
2025-05-14,TATAMOTORS.NS,upper,False,
2025-05-14,TATAMOTORS.NS,lower,False,
2025-05-15,HINDUNILVR.NS,upper,False,
2025-05-15,HINDUNILVR.NS,lower,False,
2025-05-15,INFY.NS,upper,False,
2025-05-15,INFY.NS,lower,False,
2025-05-15,SBIN.NS,upper,False,
2025-05-15,SBIN.NS,lower,False,
2025-05-15,TATAMOTORS.NS,upper,False,
2025-05-15,TATAMOTORS.NS,lower,False,
2025-05-16,HINDUNILVR.NS,upper,False,
2025-05-16,HINDUNILVR.NS,lower,False,
2025-05-16,INFY.NS,upper,False,
2025-05-16,INFY.NS,lower,False,
2025-05-16,SBIN.NS,upper,False,
2025-05-16,SBIN.NS,lower,False,
2025-05-16,TATAMOTORS.NS,upper,False,
2025-05-16,TATAMOTORS.NS,lower,False,
2025-05-19,HINDUNILVR.NS,upper,False,
2025-05-19,HINDUNILVR.NS,lower,False,
2025-05-19,INFY.NS,upper,False,
2025-05-19,INFY.NS,lower,False,
2025-05-19,SBIN.NS,upper,False,
2025-05-19,SBIN.NS,lower,False,
2025-05-19,TATAMOTORS.NS,upper,False,
2025-05-19,TATAMOTORS.NS,lower,False,
2025-05-20,HINDUNILVR.NS,upper,False,
2025-05-20,HINDUNILVR.NS,lower,False,
2025-05-20,INFY.NS,upper,False,
2025-05-20,INFY.NS,lower,False,
2025-05-20,SBIN.NS,upper,False,
2025-05-20,SBIN.NS,lower,False,
2025-05-20,TATAMOTORS.NS,upper,False,
2025-05-20,TATAMOTORS.NS,lower,False,
2025-05-21,HINDUNILVR.NS,upper,False,
2025-05-21,HINDUNILVR.NS,lower,False,
2025-05-21,INFY.NS,upper,False,
2025-05-21,INFY.NS,lower,False,
2025-05-21,SBIN.NS,upper,False,
2025-05-21,SBIN.NS,lower,False,
2025-05-21,TATAMOTORS.NS,upper,False,
2025-05-21,TATAMOTORS.NS,lower,False,
2025-05-22,HINDUNILVR.NS,upper,False,
2025-05-22,HINDUNILVR.NS,lower,False,
2025-05-22,INFY.NS,upper,False,
2025-05-22,INFY.NS,lower,False,
2025-05-22,SBIN.NS,upper,False,
2025-05-22,SBIN.NS,lower,False,
2025-05-22,TATAMOTORS.NS,upper,False,
2025-05-22,TATAMOTORS.NS,lower,False,
2025-05-23,HINDUNILVR.NS,upper,False,
2025-05-23,HINDUNILVR.NS,lower,False,
2025-05-23,INFY.NS,upper,False,
2025-05-23,INFY.NS,lower,False,
2025-05-23,SBIN.NS,upper,False,
2025-05-23,SBIN.NS,lower,False,
2025-05-23,TATAMOTORS.NS,upper,False,
2025-05-23,TATAMOTORS.NS,lower,False,
2025-05-26,HINDUNILVR.NS,upper,False,
2025-05-26,HINDUNILVR.NS,lower,False,
2025-05-26,INFY.NS,upper,False,
2025-05-26,INFY.NS,lower,False,
2025-05-26,SBIN.NS,upper,False,
2025-05-26,SBIN.NS,lower,False,
2025-05-26,TATAMOTORS.NS,upper,False,
2025-05-26,TATAMOTORS.NS,lower,False,
