Threshold (u),Shape,Scale,Loc,KS_p,AD_p,Num_Exceedances,xi_std,sigma_std,xi_mean,sigma_mean,xi_rel,sigma_rel,stable,Fallback,FallbackReason,Stock,Tail
0.64676984278038,0.20461301961064782,0.4686170424259819,0,0.6865816832996767,0.75,188,0.006237967932320867,0.004422164050746972,0.20834952460138348,0.4642103660321936,0.02993991776490124,0.009526206821452627,True,False,,INFY.NS,upper
-0.666331221891072,0.3425630241309412,0.4545530763543367,0,0.7596422374401723,0.9033333333333333,188,0.016383060925949065,0.012558772507016171,0.33743681930976527,0.45774938860606135,0.04855149024325824,0.027435912630928955,True,False,,INFY.NS,lower
0.7453931485905018,-0.0014926417384347555,0.6361367437647318,0,0.5686858876696832,0.76,200,,,,,,,False,True,invalid,SBIN.NS,upper
-0.9368870914818405,0.09306694279519241,0.4999166319879266,0,0.9350104009522294,0.9333333333333333,156,0.008533160017320645,0.007102404527692369,0.08485380240846169,0.507163335655584,0.10056307165368697,0.014004175555138856,True,False,,SBIN.NS,lower
0.6425148834362723,0.19941145808600202,0.47220779020540843,0,0.6232418671237799,0.6633333333333333,188,0.007497565046603319,0.006127218552582136,0.2048296733652097,0.46616486574487587,0.03660389902197534,0.013143887219712921,True,False,,INFY.NS,upper
-0.6679612511270874,0.32815489489745775,0.4638710824653563,0,0.7809821951581468,0.7466666666666667,188,0.015935727167941324,0.011253726839363565,0.3258744796869975,0.46472015597003696,0.04890142577054004,0.02421613621150487,True,False,,INFY.NS,lower
1.0600859508458442,0.07057480113527308,0.5665846834202246,0,0.8779564013861639,0.88,125,0.0112719914009312,0.012262935018170829,0.07213254272682866,0.5646635014632394,0.15626774562684714,0.021717243578203416,True,False,,SBIN.NS,upper
-0.917541836123581,0.07209927148083319,0.5158026151353416,0,0.9204918484664969,0.9633333333333334,160,0.01300783079836234,0.011219868851738703,0.07256848015896733,0.5152229656415283,0.1792490207508466,0.021776724606988495,True,False,,SBIN.NS,lower
0.6462994413616505,0.1974763383361957,0.4721247439113659,0,0.6815063002038164,0.8,188,0.006103384858010903,0.0032301113266465656,0.19721352867682085,0.4715067732212362,0.03094810274670181,0.006850614755908956,True,False,,INFY.NS,upper
-0.6694428069741344,0.3238797422075844,0.4687487385872451,0,0.6180357879835523,0.63,188,0.015255774892260425,0.010453430300608623,0.32023242559146015,0.4709018168251984,0.04763969291269151,0.02219874654359538,True,False,,INFY.NS,lower
0.9806707711626748,0.08032704391003663,0.5591977571989561,0,0.9458974682500004,0.9566666666666667,144,0.005399032344028311,0.0045798755594279525,0.08554367789390138,0.5534565215780561,0.06311432762548949,0.008275041124493504,True,False,,SBIN.NS,upper
-0.9782446291045399,0.09401218717297272,0.47963162233942624,0,0.8193194645665228,0.8833333333333333,148,0.0164661010169757,0.013285553502669634,0.10083910504406966,0.4734724567259836,0.16329081239734727,0.028059822769712365,True,False,,SBIN.NS,lower
0.6592333762681464,0.20964210815531736,0.46236360088524653,0,0.6085230372421828,0.63,188,0.008055684306160651,0.005873813117606483,0.20484385219212187,0.46607308895680205,0.03932597354860099,0.012602772249146474,True,False,,INFY.NS,upper
-0.6755588317302562,0.33525567905052356,0.45690389685508986,0,0.716119722556605,0.7533333333333333,188,0.01107009487024302,0.009160100117389096,0.3230375838813207,0.46658201338438304,0.03426875100583498,0.01963234685071172,True,False,,INFY.NS,lower
0.9775575446995598,0.08400077333966131,0.555908729381567,0,0.8452484961969123,0.8733333333333333,144,0.010623378752569287,0.009348834402693205,0.09485088869793908,0.545023079032401,0.11200082338070787,0.017153097897724894,True,False,,SBIN.NS,upper
-0.960890348712711,0.10399858526882359,0.46774996609712455,0,0.9356325428045263,0.88,156,0.013168929680224086,0.010830914653182557,0.09053599548365902,0.47893849727195176,0.14545516570864137,0.022614416023626446,True,False,,SBIN.NS,lower
0.6578056186855291,0.20486063163775012,0.4664392845795627,0,0.6045736995094324,0.74,188,0.006254741111302452,0.006625561194370025,0.1995488594848955,0.4706928340903383,0.031344407650357016,0.014076188490127981,True,False,,INFY.NS,upper
-0.6674976424200955,0.307862346087165,0.48298668284371493,0,0.7652091493869476,0.7133333333333334,188,0.007663928353474326,0.005044838600705137,0.30677513846187204,0.4825676148436872,0.024982233378095315,0.010454158839062724,True,False,,INFY.NS,lower
0.971819305085975,0.07337973618636628,0.5620339498088367,0,0.8552882589925367,0.91,144,0.011728518531082791,0.009890574297722301,0.08607671703482296,0.5493152836421413,0.13625655778405624,0.018005277501277152,True,False,,SBIN.NS,upper
-0.9559561511729983,0.09661122835523955,0.47421742357538205,0,0.9750418001108564,0.9833333333333333,160,0.013432282102715045,0.010738918033123754,0.08210334850653783,0.48684436148700955,0.1636021028499759,0.0220582154422839,True,False,,SBIN.NS,lower
0.6507941845202756,0.24379616593785317,0.4554719727443505,0,0.9264476030505078,0.8,188,0.005356885500096001,0.005644318235293204,0.23928419294602296,0.45852959853221065,0.02238712557763118,0.012309604724024498,True,False,,INFY.NS,upper
-0.6624487434395756,0.3243877714825141,0.4577868006053816,0,0.9244006413182917,0.8066666666666666,188,0.01895676692037227,0.011779984890190423,0.32060594062793685,0.46026457669012605,0.05912793222722056,0.025593941465067178,True,False,,INFY.NS,lower
0.9750649365898054,0.09439741050033681,0.5299775531644317,0,0.9498170872638627,0.9633333333333334,148,0.017774048593902886,0.015697219777465896,0.09465241892948305,0.5293540485321248,0.18778227664019823,0.02965353627587854,True,False,,SBIN.NS,upper
-0.946955534001707,0.06115704189888525,0.5035471030028147,0,0.9933205408993621,0.9866666666666667,160,0.01108075753326709,0.009461649544647378,0.05754174074352005,0.5069946912915716,0.19256900233462096,0.018662225700867834,True,False,,SBIN.NS,lower
0.6470330507142232,0.22251494338237665,0.4769344937976052,0,0.8848176032895043,0.76,188,0.0034470444327098187,0.005620050869671701,0.21869139145446384,0.47968639337272617,0.015762139753938,0.01171609374407222,True,False,,INFY.NS,upper
-0.654602199371101,0.30143680743958046,0.47506881633518583,0,0.7560379582499529,0.5333333333333333,188,0.015733722165497843,0.009966588475490793,0.3121398676258969,0.46380373137187636,0.05040599837856951,0.02148880568753242,True,False,,INFY.NS,lower
0.9670693762275248,0.07043313049547167,0.5518022118887904,0,0.8969245602318606,0.9533333333333334,148,0.014014659792597204,0.011764413437342712,0.08237733727394846,0.5401778056933187,0.17012759279551712,0.021778779312221615,True,False,,SBIN.NS,upper
-0.9834047232181693,0.04024369175604075,0.5236614442364816,0,0.9985451515153647,0.9966666666666667,148,0.007584902867095437,0.007264757746894623,0.04146845571105281,0.5222183638141383,0.18290772848810255,0.013911340755467572,True,False,,SBIN.NS,lower
0.697215556025318,0.22769342991037722,0.4845643248607072,0,0.8231791975342746,0.7066666666666667,188,0.014827527028185883,0.01882427895710419,0.23647911423488,0.4752288549501022,0.0627012091496864,0.0396109755645434,True,False,,INFY.NS,upper
-0.7353004870360549,0.3612579220650539,0.4370058376194204,0,0.6498182410865487,0.56,188,0.03260165647056285,0.026324664799549428,0.3351965722783552,0.46126553935254505,0.09726130334911846,0.05707052008653154,True,False,,INFY.NS,lower
0.7382974482765569,-0.024643910391832127,0.6459519486538233,0,0.4471440340233216,0.6666666666666666,200,,,,,,,False,True,invalid,SBIN.NS,upper
-0.9881594513082852,0.09178876147576921,0.49632100916427446,0,0.9297497201969929,0.9766666666666667,148,0.010476798442942211,0.008925206138952072,0.09162324683748653,0.4959505864131746,0.11434649678001578,0.01799615970522297,True,False,,SBIN.NS,lower
0.6996250318027845,0.22757706429242214,0.4821515477021797,0,0.7805894257668281,0.49333333333333335,188,0.010751055287726534,0.015140204673738887,0.22548998586290528,0.48344925136429834,0.04767863534958342,0.0313170499651051,True,False,,INFY.NS,upper
-0.7089777927104436,0.3363716457362603,0.4550493737748282,0,0.32254474646001163,0.18333333333333332,188,0.03505829361266885,0.027425939339333447,0.33798011765156216,0.45390383042628435,0.10372886079506992,0.06042235578702384,True,False,,INFY.NS,lower
1.2141876062814876,0.08651668801579995,0.5447432354743308,0,0.7813754552585002,0.78,97,0.01484782907632354,0.011021242270949845,0.08577387483166736,0.5449939112332371,0.17310430914330913,0.020222688440286588,True,True,sparse,SBIN.NS,upper
-0.9672990679253125,0.08331968551024889,0.4958496390742039,0,0.9965099320909506,0.9966666666666667,156,0.013748139160278164,0.012476428202199673,0.07488260480543231,0.5037193705718118,0.1835958746365894,0.02476860864086009,True,False,,SBIN.NS,lower
0.6576977240338236,0.234126736957322,0.47081995388396947,0,0.7113908141737922,0.5066666666666667,188,0.005801794141372444,0.008430562648337222,0.22624160726030437,0.477565591876022,0.025644239161785768,0.017653203277663683,True,False,,INFY.NS,upper
-0.6650792426866866,0.3169910587264009,0.45674858228856197,0,0.4992246498919739,0.4166666666666667,188,0.013818995861080733,0.008012217263154578,0.31066089821190385,0.4616059261251853,0.044482570853925096,0.017357266525666392,True,False,,INFY.NS,lower
0.955368719968617,0.08403351123313553,0.5351616313189886,0,0.7765295680263631,0.9133333333333333,152,0.013452198865661751,0.012709577403613297,0.07264416984267018,0.5456184580078547,0.18517930679093603,0.02329389151730533,True,False,,SBIN.NS,upper
-0.9559815953065961,0.0804765389071095,0.4976265234559384,0,0.9916996395014006,0.9766666666666667,160,0.014471642234717806,0.012787488424656344,0.07297769060258394,0.5049252226671156,0.19830225007398228,0.025325508802779145,True,False,,SBIN.NS,lower
0.656211691120572,0.21857940034281004,0.4808509884810742,0,0.6304955019830281,0.44333333333333336,188,0.0037779450357570336,0.007126418693207817,0.2190000052635094,0.4794181945327624,0.01725088937190832,0.014864722753182005,True,False,,INFY.NS,upper
-0.6677361170577105,0.3061379433679853,0.46677854441543676,0,0.44774453473494225,0.32666666666666666,188,0.015847145100385523,0.010432093716571035,0.302164302581315,0.46959342698102224,0.05244545580186913,0.022215160807267903,True,False,,INFY.NS,lower
0.9599938363823888,0.07975013884314833,0.5437932664812166,0,0.8822271364181251,0.91,148,0.01325442284117845,0.014096586056694503,0.0863578718562608,0.5369953820637725,0.1534824911898592,0.026250851059482497,True,False,,SBIN.NS,upper
-1.0172920658663132,0.11200449096776469,0.47757189115539567,0,0.9930694665527403,0.95,144,0.012175865027347696,0.009341346878634051,0.11973928619632497,0.4701199596527917,0.101686458949818,0.01987013418199003,True,False,,SBIN.NS,lower
0.6565601743662761,0.2285080911939701,0.47032360483171887,0,0.6109526066287565,0.4633333333333333,188,0.004115899264679679,0.006160524842061065,0.22855472451808104,0.46932226199796795,0.018008374551322495,0.013126427637526946,True,False,,INFY.NS,upper
-0.6717797634146939,0.30836153008555733,0.467298204585301,0,0.3544960275965847,0.30333333333333334,188,0.012390538743795332,0.007330623178182482,0.3054419888557706,0.468893645442618,0.040565929997223894,0.015633871546550677,True,False,,INFY.NS,lower
0.9603236995436565,0.0736228572065939,0.5479121574897519,0,0.9709158526442202,0.9366666666666666,148,0.013311702217142195,0.014602358901355035,0.07143113761300796,0.5494832179720122,0.18635710977598896,0.02657471267184665,True,False,,SBIN.NS,upper
-1.0189419235753674,0.1133076813764586,0.47560677889849967,0,0.8984954195599923,0.8366666666666667,144,0.018647013649017604,0.014050069743879984,0.11937553569458416,0.4698156473394302,0.1562046358868589,0.029905494898670767,True,False,,SBIN.NS,lower
0.6677163628086887,0.23000613385989546,0.45835018095480834,0,0.6836470413629544,0.5766666666666667,188,0.00235133090231322,0.00533464751249504,0.23128356495522198,0.4560875053994919,0.010166441359999097,0.011696543607036395,True,False,,INFY.NS,upper
-0.6754119732286673,0.3126757836015691,0.47220884852514255,0,0.5253695075913807,0.38666666666666666,188,0.00997962137763072,0.004916057292520618,0.3067529257987908,0.47676283869006525,0.03253309166102546,0.010311326283135908,True,False,,INFY.NS,lower
0.9606582760912663,0.07228937138227709,0.5471560416638663,0,0.9572253879462177,0.9766666666666667,148,0.014515204828805382,0.014919877233171628,0.07486929423685264,0.5441815345369173,0.19387391103416476,0.027417095237707866,True,False,,SBIN.NS,upper
-0.8399854499484473,0.03194999393555259,0.5478202717698373,0,0.3189605436043753,0.39666666666666667,188,0.004496611449503608,0.005753299766089748,0.027097041068620292,0.5532568583545633,0.16594467929799578,0.01039896672805995,True,False,,SBIN.NS,lower
0.6665781708368941,0.23205462797146348,0.452980312544451,0,0.6918877709877,0.5733333333333334,188,0.0028962564469970885,0.005085818165489167,0.2294445186846954,0.4544560300657982,0.012622904819740323,0.011191001366717052,True,False,,INFY.NS,upper
-0.675600217430734,0.3053212737521064,0.48103887773544285,0,0.48573909586902664,0.4033333333333333,188,0.015877322218684098,0.010784772327997091,0.30559088341335827,0.47960332541682343,0.051956136654921846,0.022486858475711063,True,False,,INFY.NS,lower
0.9651883251048388,0.06812297830808556,0.55250428268356,0,0.8989504771240276,0.9733333333333334,148,0.013063906151277529,0.01342374417011809,0.07101170136803146,0.5491760121391381,0.18396833282289726,0.024443427296461744,True,False,,SBIN.NS,upper
-0.835631400868844,0.01335877216639254,0.5624952831024344,0,0.2588895507556841,0.4033333333333333,188,0.0020128459340458776,0.002608819819081329,0.013737035555416622,0.5619952486681129,0.14652684421303364,0.004642067310788419,True,False,,SBIN.NS,lower
0.6676333261576423,0.22148905850272826,0.462063439525473,0,0.682247602930101,0.5766666666666667,188,0.005147648089086408,0.006283865690002122,0.2234633861866785,0.45916662172812867,0.02303575519270336,0.013685370965115736,True,False,,INFY.NS,upper
-0.678021499834645,0.3100015033710336,0.4750166198308348,0,0.4067719698214701,0.3333333333333333,188,0.0163096941581951,0.010869035659371135,0.30938865631046103,0.4744864107367739,0.05271587467211509,0.022906947774172112,True,False,,INFY.NS,lower
1.016215056444064,0.07055327537098965,0.5546383969835484,0,0.8661515588766103,0.86,137,0.011346182482656599,0.012342067235295321,0.05732614884001943,0.5676790785296499,0.19792329910539586,0.02174127510538147,True,False,,SBIN.NS,upper
-1.0861052378261087,0.1572578833586147,0.4337936095760094,0,0.8954833470748266,0.8766666666666667,129,0.02758722670169821,0.022198349295813036,0.1509128795207824,0.43833251873142737,0.1828023225140033,0.05064271492708287,True,False,,SBIN.NS,lower
0.6689942479375491,0.22496748288604246,0.45972725655983954,0,0.6786719338827498,0.5533333333333333,188,0.003420732722021682,0.0058042948426391995,0.2211477317776099,0.46253416980314405,0.015468087960227203,0.012548899294554891,True,False,,INFY.NS,upper
-0.6779721647167319,0.31300616991005203,0.47218045599334446,0,0.39516103562027105,0.3333333333333333,188,0.013354077698244829,0.008427697538829944,0.30806848173642615,0.4758701695430845,0.04334775563373798,0.01771007703597219,True,False,,INFY.NS,lower
1.0105448153515477,0.07743030341662897,0.5539921563547674,0,0.9920973457025345,0.97,137,0.012362188622192578,0.013971432011905703,0.07959507705543949,0.5514880333961617,0.15531346317370168,0.025334061507239818,True,False,,SBIN.NS,upper
-1.0474524349098415,0.14732935283094362,0.43625997603907507,0,0.982900902420243,0.97,141,0.023529479522490904,0.015518117198622363,0.14509494965163164,0.4381086699266941,0.1621660709578364,0.035420702464098425,True,False,,SBIN.NS,lower
0.6714344271308673,0.22712304047653722,0.4566503941465974,0,0.6779344321300025,0.5733333333333334,188,0.004736581216540246,0.00571206642697696,0.22631432572632817,0.4564830575527952,0.020929214233551614,0.012513205489963377,True,False,,INFY.NS,upper
-0.6778627207166662,0.3042052244350801,0.4803928171681072,0,0.3307724582289896,0.2966666666666667,188,0.013477084320007137,0.008437392166382693,0.3027400681904903,0.48071584275919815,0.04451701406883788,0.01755172440840885,True,False,,INFY.NS,lower
0.9904336483621228,0.09187473403292462,0.5377496106721958,0,0.9302885261277627,0.8666666666666667,144,0.009138563728886433,0.008776615606229053,0.08841079469840186,0.5403065978401732,0.10336478397703831,0.016243768776607746,True,False,,SBIN.NS,upper
-1.0566193934954993,0.16031256933548085,0.4294260394789957,0,0.9862078969001025,0.97,137,0.02005646520297482,0.013403046647231612,0.14335464286467192,0.4423323479312801,0.13990801695085756,0.030300850496028788,True,False,,SBIN.NS,lower
0.668034784390605,0.23183197852488246,0.4543286650871311,0,0.7026564892429743,0.6433333333333333,188,0.0037178866781044768,0.004941709986122229,0.22828604667129385,0.4567105306596327,0.016286087430463676,0.010820223196479888,True,False,,INFY.NS,upper
-0.6720941549116585,0.3004893042717025,0.48158770833705905,0,0.3264634468462876,0.23333333333333334,188,0.014860762034382097,0.010445383912861308,0.2987394837364959,0.48218047252607926,0.04974488591551969,0.021662809448734496,True,False,,INFY.NS,lower
0.8869785812798062,0.043309366193030475,0.5782496711933451,0,0.8919171383457953,0.99,164,0.0070647031689026535,0.0071183376093364005,0.03716385554064692,0.584988792241543,0.19009602650660318,0.012168331397217454,True,False,,SBIN.NS,upper
-1.0260723813685746,0.1474299647233926,0.44696078268479716,0,0.9566623156006809,0.98,144,0.0255216022320144,0.018464286367096204,0.1369326180780204,0.45514542135789715,0.18638072306238732,0.040567882472222545,True,False,,SBIN.NS,lower
0.6758182663240868,0.22702072945886723,0.46566807757731093,0,0.6598346934689723,0.5266666666666666,188,0.005255908585908009,0.007489267087755533,0.22510695005287062,0.4665386597977936,0.02334849435429966,0.016052832428663455,True,False,,INFY.NS,upper
-0.6796373241311484,0.2715224656932971,0.4956689356341822,0,0.3924792141420693,0.20333333333333334,188,0.01747722858812385,0.014016878397222656,0.27227919710364873,0.4939889040030017,0.0641886274535491,0.02837488453665477,True,False,,INFY.NS,lower
0.8737540955167725,0.03833577530580731,0.5788603432055779,0,0.5811086591712682,0.9666666666666667,168,0.005938388189712852,0.006216244453890411,0.03139722914355559,0.5865714397258569,0.18913727294814486,0.010597591234274471,True,False,,SBIN.NS,upper
-1.0209231430528931,0.10980884177656536,0.4750556290331609,0,0.9196314272263735,0.98,144,0.011041277837714166,0.008951573011950199,0.11231716920932953,0.47212485910182256,0.09830444385659065,0.018960181082982995,True,False,,SBIN.NS,lower
0.6716374183450304,0.22218805459198604,0.46981909246761666,0,0.6730361947778495,0.6066666666666667,188,0.003025191862102128,0.005614684493567338,0.22188918014521564,0.4690805269468314,0.013633795590142484,0.011969553309784291,True,False,,INFY.NS,upper
-0.6808909631583826,0.2746168256042652,0.4925342240299771,0,0.4387028414608932,0.2966666666666667,188,0.017298773903679805,0.01310015479362239,0.27677237763788226,0.48933391633089274,0.06250180536908478,0.02677140105908767,True,False,,INFY.NS,lower
0.851230599019481,0.05589461938987842,0.5696639437542592,0,0.7661068982244672,0.97,172,0.00780535999387036,0.007705784252768499,0.052212245410688335,0.5733670439853267,0.14949287159643615,0.01343953092387778,True,False,,SBIN.NS,upper
-1.0104626087193775,0.12054684627907558,0.46540737074866256,0,0.8892333232904258,0.8766666666666667,148,0.015047948092256111,0.01265294126149875,0.09749539826782488,0.48475784231812286,0.15434519799043897,0.02610157050781561,True,False,,SBIN.NS,lower
0.6676719836175316,0.22007613192120062,0.4719551184714186,0,0.7233564780569213,0.5666666666666667,188,0.0034497155461575557,0.005481052595796301,0.21645562023349227,0.4746302607962661,0.01593728720494044,0.011548046833593196,True,False,,INFY.NS,upper
-0.6777104645245046,0.269882259747087,0.4974341495063188,0,0.41092603403846306,0.27666666666666667,188,0.020034629598522067,0.016065659195984624,0.27278666306810234,0.4935813845358994,0.07344431226491896,0.03254915880913767,True,False,,INFY.NS,lower
0.7964972166047417,0.08844024132149322,0.5616284276229189,0,0.9005820520308524,0.9666666666666667,188,0.013629983182488963,0.013590853483903837,0.07637005029779492,0.5746462879246881,0.178472861345672,0.02365081535021918,True,False,,SBIN.NS,upper
-0.8196864210486347,-0.012944667552095297,0.5838960955744434,0,0.16309474190152395,0.35,188,0.002567776949267983,0.0032584505162704222,-0.013233369956856054,0.5843689653346394,0.1940378767661431,0.005576015589130938,True,False,,SBIN.NS,lower
0.6654191482965528,0.21007903051147292,0.48097298070645556,0,0.7439387091130192,0.5533333333333333,188,0.0007259377047086434,0.004132543091245819,0.2092523154994735,0.4808609694027401,0.0034691977877706784,0.008594049565799039,True,False,,INFY.NS,upper
-0.6779028559658088,0.27624210872938676,0.49105166026636043,0,0.4297228084189961,0.31,188,0.02067736159117762,0.01605835446456652,0.28043328925467853,0.48594543624868697,0.07373361739184636,0.03304559099901209,True,False,,INFY.NS,lower
0.785497670158774,0.07567455894064726,0.5787291127642622,0,0.724600747364343,0.84,188,0.005536012091269689,0.0046092931436587286,0.07956268756150663,0.5740619856707941,0.06958049765708393,0.008029260216525478,True,False,,SBIN.NS,upper
-1.013521669225354,0.06122025922494455,0.49586474075534015,0,0.9908846440146332,0.99,144,0.002896277697501594,0.004080413820079521,0.06302550188015735,0.49364234330288803,0.045954052749446125,0.008265931382868743,True,False,,SBIN.NS,lower
0.6656399242313843,0.20529493445603544,0.4875816706699324,0,0.6615409281685982,0.5533333333333333,188,0.0028670083171286544,0.0064497974533197664,0.2038318004014714,0.48823452006822826,0.014065558812835617,0.013210449192150421,True,False,,INFY.NS,upper
-0.6838957075304588,0.2769763291987772,0.4861614715773753,0,0.3972123465727877,0.28,188,0.018698956997236935,0.01437696583749183,0.27708068167040173,0.48530757596872215,0.06748560097966001,0.029624440773564208,True,False,,INFY.NS,lower
0.778980943751747,0.06886531258687424,0.5854210445782442,0,0.6595150415221152,0.5966666666666667,188,0.012440745618219486,0.012559082416558582,0.08428123854952461,0.5681282376500741,0.14760988751737777,0.022106069304784974,True,False,,SBIN.NS,upper
-0.8133236117433504,-0.02665468374462738,0.5985210608047651,0,0.2969694963504752,0.5933333333333334,188,0.003399254737568721,0.004214136584937968,-0.026604527084488183,0.5985456318221488,0.12776973817562348,0.007040626963900193,True,False,,SBIN.NS,lower
0.6562141232213331,0.22076619238003745,0.48024377661446205,0,0.7717658306783162,0.5833333333333334,188,0.003512389654091269,0.006650462288918461,0.21700775286097126,0.4830264303991574,0.016185548423636464,0.013768319356229724,True,False,,INFY.NS,upper
-0.6751489657693921,0.2774732450416777,0.48256661652992044,0,0.4854788536010799,0.31,188,0.019973495517794017,0.01572428910263093,0.27837819655552476,0.48105798204963696,0.07174949420406639,0.0326868888211059,True,False,,INFY.NS,lower
0.7986808535369387,0.09086655042567406,0.5570222101780542,0,0.6254613406815754,0.89,188,0.013487540600488498,0.013921691877413765,0.07395703977858836,0.5753815142775397,0.1823699111966651,0.024195583782246247,True,False,,SBIN.NS,upper
-1.0189482783465669,0.07968447040071458,0.49010797932756417,0,0.9849272518469038,0.7966666666666666,141,0.013170069349230923,0.012945678117596573,0.0686919479754009,0.49950640273500796,0.1917265097312734,0.025916940779025305,True,False,,SBIN.NS,lower
0.6709709739351915,0.21947335016752278,0.49344969840883257,0,0.7568469532058963,0.5866666666666667,188,0.004353904517986752,0.006829916140524588,0.21305420404887468,0.49921351063855385,0.020435664872547256,0.013681352483779502,True,False,,INFY.NS,upper
-0.6859905311702186,0.2298448514920862,0.5048441350152082,0,0.5872689498480035,0.38333333333333336,188,0.02322456002152368,0.02124083654965929,0.2298024371882544,0.5047807930517554,0.10106315361601914,0.04207932714802836,True,False,,INFY.NS,lower
0.7898289186602524,0.07602334440861254,0.5737067854578383,0,0.4762447866789248,0.65,188,0.011260417254195033,0.010881829625177511,0.07576307442432938,0.5739312216020335,0.14862670045385637,0.018960162866207324,True,False,,SBIN.NS,upper
-1.016257864857502,0.0920794861504184,0.47938075031053007,0,0.9898189558760605,0.7933333333333333,141,0.013263491918341893,0.013041815643756074,0.07991557893139593,0.48938993141067977,0.1659687689935943,0.02664912892603123,True,False,,SBIN.NS,lower
0.6678210471851361,0.20608692349541452,0.5112273904478868,0,0.6854677745647311,0.6466666666666666,188,0.007657572738051455,0.011205564522253316,0.21196531626069745,0.5039390029476895,0.03612653481179917,0.022235953626032305,True,False,,INFY.NS,upper
-0.6889007896062241,0.2346144941210349,0.49531393455890116,0,0.5452990564222773,0.4166666666666667,188,0.024153694637982955,0.02203695865373441,0.2310722647487442,0.4992215926730861,0.1045287439362702,0.044142638330828106,True,False,,INFY.NS,lower
0.7981802294017566,0.07782621098443006,0.5706066365384245,0,0.6378461601291197,0.7666666666666667,188,0.012225901950412585,0.012902262336961887,0.06269390316972005,0.5873448761234167,0.19500939297433198,0.021967097427406185,True,False,,SBIN.NS,upper
-1.0168770468046837,0.1063379387675369,0.46739829687510415,0,0.9696659824790181,0.8133333333333334,144,0.007128087998534053,0.006387113288820491,0.10032494559310058,0.4714652694816224,0.07104999903956356,0.013547367254367369,True,False,,SBIN.NS,lower
0.6598085980203878,0.20519095429159928,0.5095353136788212,0,0.7244214626662215,0.5933333333333334,188,0.007478840885771129,0.010869435009994176,0.2137912456577313,0.4992509300376254,0.034981977456292064,0.021771486317431903,True,False,,INFY.NS,upper
-0.6795413791049566,0.22184520923196502,0.5142175110738296,0,0.5438725305383321,0.30666666666666664,188,0.021945483675056134,0.01998319681559639,0.22502075137777044,0.5103936547545528,0.0975264839594668,0.03915251735188811,True,False,,INFY.NS,lower
0.7959833233791883,0.06800822455236094,0.5830342779881887,0,0.5163310659894544,0.77,188,0.00838620708034989,0.008412340083370011,0.06108658447373568,0.5905730512525847,0.13728391887937963,0.0142443681151452,True,False,,SBIN.NS,upper
-1.0149572680524186,0.1185840207398596,0.4591497130391692,0,0.9281624567829302,0.77,144,0.01846774746861016,0.014812166206539601,0.09670970049372753,0.4763181495567758,0.1909606323328613,0.031097210780967572,True,False,,SBIN.NS,lower
0.6668771526812631,0.20980191001894127,0.5045151525046014,0,0.7415096447294205,0.6866666666666666,188,0.005703029981525583,0.008939810246024853,0.21465430690021814,0.4983620413179943,0.02656843833323246,0.017938384799529104,True,False,,INFY.NS,upper
-0.6734402585111868,0.22300555175213643,0.5145130934477107,0,0.583294317559967,0.37,188,0.024740476830944515,0.02272233389057326,0.22660432221533885,0.5104140048468263,0.10917918730447745,0.044517456867621784,True,False,,INFY.NS,lower
0.9568174063682525,0.16989478610020547,0.495160318494443,0,0.9984793410932898,0.9933333333333333,152,0.028789530497441894,0.022364780782299604,0.15469354514044317,0.5080927230260556,0.18610685151882675,0.04401712390000412,True,False,,SBIN.NS,upper
-1.0181936786383672,0.129584470764895,0.45417076619490204,0,0.9144137677729554,0.57,141,0.014863405613405538,0.01226794638449996,0.12045483432389616,0.4606333921188501,0.1233940045901242,0.02663277636417398,True,False,,SBIN.NS,lower
0.667078857522282,0.20511304148583998,0.5098923156470219,0,0.7505812421757387,0.5666666666666667,188,0.0049936260020565885,0.007910328317165663,0.21171070982790594,0.5016941050581852,0.023587024814406072,0.01576723361853316,True,False,,INFY.NS,upper
-0.6725927601227035,0.221650226742421,0.5154231023102971,0,0.529099580263261,0.3466666666666667,188,0.021748351914711073,0.01979604621230265,0.22526588893733634,0.5110297857916511,0.09654524727136331,0.03873755772231639,True,False,,INFY.NS,lower
0.8173377503755541,0.061756512210098514,0.5933183710169048,0,0.4092280158530027,0.5666666666666667,180,0.012095282567519893,0.013264130345438404,0.06607186073648628,0.588210708307782,0.1830625110610138,0.022549963699399864,True,False,,SBIN.NS,upper
-1.023412769050324,0.1309458695590332,0.4516244617971361,0,0.7194933730617503,0.5133333333333333,141,0.019007005743067348,0.016100468454957773,0.10815068842640879,0.4690446499772913,0.1757455663219843,0.03432608838513858,True,False,,SBIN.NS,lower
0.6617949353236373,0.21279214745649488,0.4906681451322278,0,0.7850226553655907,0.6666666666666666,188,0.0011407952000000354,0.0038451876540266266,0.21132888568977237,0.4912497328114751,0.005398197895638018,0.007827358101034729,True,False,,INFY.NS,upper
-0.6626025878549873,0.24645996741068382,0.5079752879839777,0,0.5290099383473496,0.32666666666666666,188,0.019590059950362906,0.01648839208646762,0.24603592494861126,0.5078785579648953,0.07962275898622134,0.032465225206367236,True,False,,INFY.NS,lower
0.8180613142404256,0.05780686810869498,0.5954597545900926,0,0.47746243013103995,0.46,180,0.01075582349604486,0.011524340674716844,0.05792106204665809,0.5952283309741397,0.18569793541425736,0.019361209608830653,True,False,,SBIN.NS,upper
-1.0196043239246737,0.13457010336575295,0.44482904545370583,0,0.9363999049784063,0.6266666666666667,141,0.013713112778823993,0.010578369875038993,0.11867489423024082,0.4566149500188474,0.11555191780242961,0.023166936700020423,True,False,,SBIN.NS,lower
0.6572547346832642,0.2044135153228755,0.5016921893550886,0,0.7171397837075768,0.61,188,0.0035229199957467917,0.005534159087498158,0.20942275018476386,0.49519909615989643,0.016822049297023328,0.011175624145232637,True,False,,INFY.NS,upper
-0.665732390853914,0.2462735993371287,0.5050663978211325,0,0.7013050888967525,0.4633333333333333,188,0.020974670098807404,0.01815561237841394,0.2404301436289538,0.5110578123062337,0.08723810130395196,0.035525554224928424,True,False,,INFY.NS,lower
0.9734904947346135,0.16169434626300688,0.5046229146947403,0,0.9949050401704576,0.99,148,0.019086896614828177,0.014780342888388812,0.15355260801937648,0.5109475638944545,0.12430199407228369,0.02892731787672987,True,False,,SBIN.NS,upper
-1.006526239052999,0.1387275444469057,0.44081192265674773,0,0.9403962313183785,0.8133333333333334,144,0.023976612220101064,0.0163787287451748,0.12269641168095886,0.45279617516605725,0.19541411144365892,0.03617240887126315,True,False,,SBIN.NS,lower
0.6709064465818076,0.21269187683729202,0.501354574309105,0,0.7742713971321193,0.6566666666666666,188,0.002770680028349149,0.005398805705370669,0.21545135062293552,0.4973216417510957,0.012859886427907762,0.010855762435359871,True,False,,INFY.NS,upper
-0.6623234401241244,0.21077226788862352,0.5306684191509403,0,0.38211702485463206,0.20333333333333334,188,0.020150765195049693,0.019005264834159957,0.21876540362134614,0.5207647536055192,0.09211129337806565,0.036494913178412546,True,False,,INFY.NS,lower
0.8022488603114105,0.05902029484410825,0.6087942128202501,0,0.3094543704713716,0.5733333333333334,184,0.010997143547414644,0.01186202715656479,0.05601790339407762,0.6122177712792504,0.19631476577949963,0.019375502507912576,True,False,,SBIN.NS,upper
-1.020200029963474,0.15664747203203244,0.42601107537484234,0,0.9673006221695148,0.7933333333333333,141,0.02264713795041846,0.015853307733840784,0.13470270237667017,0.441907832648379,0.16812681460407497,0.03587469196932782,True,False,,SBIN.NS,lower
0.6736381154106837,0.20985659991472416,0.5034167277569364,0,0.7611185644479044,0.6633333333333333,188,0.0032737957740744247,0.006755108151819182,0.2111858060451438,0.5009583554446061,0.01550196805534803,0.013484370394381873,True,False,,INFY.NS,upper
-0.6741839312426591,0.22551407067468648,0.5123058643314965,0,0.45618411699386563,0.35333333333333333,188,0.017665103886732744,0.0160217789890332,0.2218197027141906,0.5161820644514101,0.07963721380116387,0.03103900693580048,True,False,,INFY.NS,lower
0.7967134073915029,0.058384704182945425,0.6103147806266769,0,0.2544781182004613,0.5566666666666666,184,0.009005561411601208,0.009618968284867526,0.05563322210918855,0.6133493630245903,0.16187377706056058,0.01568269033590727,True,False,,SBIN.NS,upper
-1.0269127182197142,0.14476927747382942,0.4383371607450248,0,0.9617112264954949,0.8733333333333333,137,0.02334571227133048,0.017504969617400667,0.1322108859937862,0.4474502145449874,0.17657933633872136,0.03912160204009617,True,False,,SBIN.NS,lower
0.6719028460106197,0.2100863096718628,0.5048484611766496,0,0.7998081870856062,0.6433333333333333,188,0.0013783486756690376,0.0035031563377188467,0.21006337423377439,0.5037996112504539,0.0065615846412105175,0.00695347155883891,True,False,,INFY.NS,upper
-0.6778540250866066,0.23516216952895597,0.5013960488678684,0,0.555428363077012,0.39,188,0.015838271873878443,0.013895656321080058,0.22374405635284775,0.5136552590494915,0.0707874498396809,0.027052494461496875,True,False,,INFY.NS,lower
0.9485964631084959,0.19023609220817753,0.4884408686999399,0,0.9986000961574987,0.9833333333333333,156,0.02858624087024409,0.022813378271851568,0.16182561869829037,0.5121494769726541,0.17664841533562411,0.044544373961404884,True,False,,SBIN.NS,upper
-1.0277558701267806,0.1790667730301141,0.41498221999156293,0,0.9381302539071055,0.6533333333333333,137,0.029964325060851994,0.020618532991351666,0.15027598157427044,0.43511501553222315,0.19939529093736053,0.047386396197491756,True,False,,SBIN.NS,lower
0.670037017750627,0.21912066926982182,0.49488216371092963,0,0.7816654558917079,0.7133333333333334,188,0.002536277565799489,0.004207980266388839,0.2174937449014057,0.4956273998450163,0.011661381113904787,0.008490208940834574,True,False,,INFY.NS,upper
-0.6727147514240284,0.22783463141131685,0.51356528984382,0,0.4657121481067734,0.4166666666666667,188,0.015239884239452469,0.013512757313263362,0.2203886733974799,0.5215536253729952,0.06915003077524957,0.025908662881046842,True,False,,INFY.NS,lower
0.8212222351649802,0.08048779111975927,0.5775093705910814,0,0.4578426532279065,0.72,184,0.013696326429653757,0.014249810860438007,0.06881080720822126,0.5904354521901358,0.19904321711815642,0.02413440887778043,True,False,,SBIN.NS,upper
-1.0413245211648634,0.18224094509464434,0.4176361377113799,0,0.9343392715053135,0.5233333333333333,133,0.023487112241050895,0.017724760075245153,0.1574721470156368,0.43417752725473174,0.14915088918683353,0.04082376114461685,True,False,,SBIN.NS,lower
0.6799393026940084,0.2199208823267046,0.4911321997321635,0,0.8071006752245025,0.6933333333333334,188,0.00352441854602881,0.0023640526629337055,0.21573134954953413,0.4945820704199427,0.016337071037739265,0.0047798995485773,True,False,,INFY.NS,upper
-0.6779665933045018,0.23111093560321216,0.5094076332503568,0,0.30989883171405663,0.3566666666666667,188,0.013767606238021833,0.01187319898059215,0.2230610010394319,0.5178894451282919,0.061721258116184397,0.022926126151093216,True,False,,INFY.NS,lower
0.824714776716648,0.10463118218773335,0.5462623056721517,0,0.745286712343496,0.77,184,0.0157130634625845,0.015439293386370245,0.08713795838874781,0.5648114405847269,0.18032395926978648,0.027335305207404268,True,False,,SBIN.NS,upper
-0.8580157927201079,0.014520825637693097,0.5537852960370511,0,0.23900925115665173,0.34,172,0.00331826735320567,0.003643327707545054,0.01670335992294408,0.5512990024490653,0.19865855623826137,0.006608623678392063,True,False,,SBIN.NS,lower
0.6782616610877397,0.22303466465373198,0.4895442387606197,0,0.7921608045443927,0.7266666666666667,188,0.004076865006398276,0.005952480694284812,0.22488280137258188,0.4865395051979365,0.018128842224601142,0.012234321177105613,True,False,,INFY.NS,upper
-0.6710297016555617,0.23024811110671958,0.5136749794725629,0,0.3994329714401599,0.3933333333333333,188,0.015307244738902171,0.012957765361876303,0.22948034965759156,0.5139646282655296,0.06670394260206915,0.025211394709186062,True,False,,INFY.NS,lower
0.9383764677788412,0.17980894827118774,0.48855609270154654,0,0.9849820731940981,1.0,160,0.026339265375505554,0.02003521366782916,0.15745775080736654,0.5076905202386562,0.16727829254303286,0.03946343781202884,True,False,,SBIN.NS,upper
-1.0288317636468247,0.18203684571375503,0.41730478512315994,0,0.9095398336769138,0.6933333333333334,137,0.02194858320520496,0.015586458997928125,0.1631512771363194,0.4297719829055848,0.1345290226663431,0.03626680950648234,True,False,,SBIN.NS,lower
0.6841798916821553,0.2145617990549295,0.5011115353647487,0,0.7261837391884256,0.63,188,0.0034315676007965518,0.006441514934398025,0.2183694058829823,0.49581652499588724,0.015714506479402902,0.012991730770841389,True,False,,INFY.NS,upper
-0.680662209573809,0.22371644548636815,0.5110307507909768,0,0.3337202197175655,0.4166666666666667,188,0.014914965309586232,0.013146037906209445,0.22021273296807264,0.5144249844821819,0.06772980123020704,0.02555481955040344,True,False,,INFY.NS,lower
0.7939614276724142,0.08674676269691098,0.5783605498726343,0,0.5096836693975018,0.5666666666666667,188,0.01619883776287777,0.016111474525092633,0.08437533802280096,0.5809981007072128,0.19198543345267527,0.027730683160881776,True,False,,SBIN.NS,upper
-1.010638726076886,0.1832087017864016,0.42028819290200436,0,0.8509802213299412,0.74,141,0.02915066813399094,0.018780950861172447,0.16659455584751015,0.431820201570362,0.17497970588472597,0.043492523874400044,True,False,,SBIN.NS,lower
0.6812854067724836,0.2182708609975897,0.5027637741375006,0,0.7771980018421406,0.7433333333333333,188,0.0038347740066610797,0.00577492727755065,0.21952224757618619,0.5003295428532742,0.01746872526276842,0.011542246994241003,True,False,,INFY.NS,upper
-0.6746006726988204,0.2240459079389993,0.5080261466373029,0,0.3147145489828115,0.3933333333333333,188,0.011589807538441452,0.009671661711116535,0.22225276727318963,0.5092056478472609,0.05214696383386671,0.01899362578178109,True,False,,INFY.NS,lower
0.7860964780041799,0.06974957674458726,0.6000799924979637,0,0.2562332306175956,0.36,188,0.012525552445320536,0.012720987065944987,0.07258563838187353,0.5966666189982704,0.17256238284768818,0.021320091400623412,True,False,,SBIN.NS,upper
-1.0286346541834301,0.21577403026376235,0.400090047620995,0,0.7766781627298296,0.6366666666666667,137,0.022598997541869458,0.014687848743220523,0.20294057291223633,0.4076031111260842,0.11135770488864033,0.03603468173315856,True,False,,SBIN.NS,lower
0.6804230974533375,0.22063932609966694,0.501484469935795,0,0.749953335439276,0.74,188,0.0028274893520125015,0.0041745714723738754,0.22204780364265417,0.4988989074361445,0.012733695980284836,0.008367569714977766,True,False,,INFY.NS,upper
-0.6755271903052907,0.23144684222504014,0.5004250913612239,0,0.3623986501787001,0.43333333333333335,188,0.012861619583128038,0.010764059995649737,0.22233391818824555,0.510008665068048,0.057848209168680595,0.021105640985839193,True,False,,INFY.NS,lower
0.8515770130587025,0.1185135023221382,0.5474589725942558,0,0.5558089515249038,0.62,176,0.020227590363438522,0.01852776480155266,0.11060537444386465,0.5555137557326463,0.18288070210274976,0.033352485472825474,True,False,,SBIN.NS,upper
-0.8013355177785602,0.016561755936503997,0.5491091287650987,0,0.10768533572609873,0.33,188,0.0026249452013902513,0.0028638831464515772,0.01578612870207526,0.5499499818141482,0.16628165068923242,0.0052075337559408606,True,False,,SBIN.NS,lower
0.6840030364103005,0.2261807183617482,0.4957013817540395,0,0.6939869236085341,0.7666666666666667,188,0.0049748027246511485,0.0020352845734470204,0.22171140019228155,0.4994501600013579,0.02243818989891724,0.004075050316714252,True,False,,INFY.NS,upper
-0.6779503989427051,0.23953999134541473,0.4937201435697478,0,0.450472025223862,0.5,188,0.015492214709246183,0.013595738441099795,0.2287495158237984,0.5051163085075399,0.0677256691722262,0.02691605466493526,True,False,,INFY.NS,lower
0.9665232702543983,0.20564063717839948,0.4840445150649706,0,0.9902035726941091,0.9766666666666667,152,0.030864135314193575,0.02353457183508828,0.18079741844537392,0.5046011974173289,0.17071114107974636,0.04663994356165716,True,False,,SBIN.NS,upper
-1.0114639779086334,0.20445548820977738,0.39580045483729054,0,0.9269729764372276,0.8533333333333334,141,0.027205437833409347,0.015091141260840019,0.19805280903003653,0.3997678758017995,0.13736455742790207,0.037749758789584316,True,False,,SBIN.NS,lower
0.6851800502802524,0.22119455517465322,0.500090977920717,0,0.7509627548902378,0.6966666666666667,188,0.007275662414504347,0.004350446426100992,0.21954115484881817,0.50081907681026,0.03314031069988428,0.008686662590695548,True,False,,INFY.NS,upper
-0.6776117529252859,0.22610575074979494,0.5036433903688821,0,0.3553041347431134,0.38333333333333336,188,0.015320978137254611,0.013716122515725357,0.22261446493722903,0.5070261370106767,0.06882291972062775,0.027052100954936608,True,False,,INFY.NS,lower
0.9606302829882288,0.20284586860447393,0.48481127852161454,0,0.994997404234289,0.9833333333333333,152,0.03270804046990042,0.025103635039606578,0.18448618560953656,0.5001480634560928,0.17729261727054477,0.050192405753234165,True,False,,SBIN.NS,upper
-1.0152996722110152,0.21189603487598896,0.39182133273117303,0,0.851698828280787,0.8133333333333334,141,0.036285185528976256,0.022433791474436977,0.18785650193714407,0.4078190221733682,0.19315372757009944,0.05500918227107198,True,False,,SBIN.NS,lower
0.6846800775040501,0.22214898551142653,0.500322717124704,0,0.7841492045973109,0.74,188,0.006411557748083955,0.0042201905407106746,0.21521246364445742,0.5067847949643365,0.029791757138929564,0.008327381759221566,True,False,,INFY.NS,upper
-0.6734957876880969,0.2193849876785684,0.511097186509414,0,0.32091241286785577,0.36333333333333334,188,0.012377374739489045,0.010609430011623608,0.21878457798882603,0.5109194037557004,0.056573339343817,0.020765368717612632,True,False,,INFY.NS,lower
0.9721282180708724,0.21098470765343064,0.47850246203383706,0,0.8844046746492429,0.8033333333333333,152,0.034279415358929144,0.02779202645812956,0.17729854516501897,0.5063393241255462,0.19334289175128302,0.054888144343213444,True,False,,SBIN.NS,upper
-1.0015855402846154,0.16731308469346412,0.41985146399227846,0,0.8447528219078682,0.8866666666666667,141,0.030244636768067646,0.0201578054489585,0.15753358577282925,0.4269873331829661,0.1919884874060884,0.04720937463553992,True,False,,SBIN.NS,lower
0.7015925393682543,0.13634177239182946,0.5379921266136105,0,0.8093827806157086,0.7833333333333333,188,0.005272615354041079,0.005185260169630929,0.13401051295573416,0.5400831440882087,0.03934478604924711,0.009600855220868544,True,False,,INFY.NS,upper
-0.6982603174953415,0.22126470443462148,0.5207265759067201,0,0.4006324997205023,0.37,188,0.014676793014342562,0.013608192929415104,0.21679545297709155,0.5254054624452321,0.06769880150071884,0.02590036389625464,True,False,,INFY.NS,lower
0.7917039640967903,0.06170269586018725,0.6110049537719369,0,0.2921376885988406,0.4666666666666667,188,0.008258811026628307,0.009124376318364998,0.056515635710031854,0.6170348235489153,0.14613317998704772,0.014787457404771727,True,False,,SBIN.NS,upper
-1.0189548918665188,0.21859958675354202,0.3914475030625909,0,0.8808184881889455,0.6566666666666666,137,0.01588666716331036,0.008703679077068394,0.19383889618394698,0.40651039915451387,0.08195809332639556,0.021410716382812577,True,False,,SBIN.NS,lower
0.7087194531349165,0.14377540436486785,0.5275382053115012,0,0.8437537606733142,0.8633333333333333,188,0.008446077728228507,0.008142628182195273,0.13548061007811477,0.5364562504933518,0.06234159338330979,0.01517855001767881,True,False,,INFY.NS,upper
-0.7027738173215503,0.21999181115709443,0.5218495473122066,0,0.36537899125896767,0.35,188,0.009299262081589038,0.00873374169368398,0.21759319706483649,0.5237547138095576,0.04273691356007326,0.01667525140424252,True,False,,INFY.NS,lower
0.9617795401084785,0.19340952291218222,0.49442499567792364,0,0.9874973107937376,0.95,152,0.02687585120000833,0.021675270125892942,0.16528907766617026,0.5181834601865088,0.16259906554925593,0.041829335308768915,True,False,,SBIN.NS,upper
-1.0045097578204703,0.19762395077555453,0.4034672303046425,0,0.9719407790613843,0.87,141,0.02893506822262703,0.018295592794917038,0.18914649204916442,0.4089429995143632,0.15297701997738242,0.044738734662915045,True,False,,SBIN.NS,lower
0.707418989573638,0.14217143403305096,0.5288935689612488,0,0.7979697958411148,0.8533333333333334,188,0.008304621534845269,0.007834391908025293,0.1347265201114998,0.536900694022877,0.061640580574385435,0.0145918823524051,True,False,,INFY.NS,upper
-0.7125095664676939,0.22373155362611685,0.5158696097008417,0,0.32501987340091576,0.3433333333333333,188,0.006890879759554948,0.006033096594093671,0.2163574138056733,0.5235636624628356,0.031849518441965555,0.01152313827602682,True,False,,INFY.NS,lower
0.9439744897589867,0.18652511429156354,0.49845500321366476,0,0.9841920726973991,0.9866666666666667,156,0.02952207300199756,0.024284435911804663,0.1554145778585402,0.5257900961419079,0.18995689792562345,0.04618655929073421,True,False,,SBIN.NS,upper
-1.0223279137568244,0.1809422832624343,0.4148610964034375,0,0.938784440139866,0.8533333333333334,137,0.01749620062771824,0.011242386157215506,0.1672628118181648,0.42360990389050884,0.10460304589826157,0.026539478394080607,True,False,,SBIN.NS,lower
0.6991429517718739,0.133928461280146,0.5409993695095645,0,0.7493186584747202,0.81,188,0.00929428839147013,0.008188761433404187,0.13548357614775472,0.5386229305277465,0.06860084424790787,0.015203142713120947,True,False,,INFY.NS,upper
-0.7113172341296568,0.22758713174816964,0.5124168854904534,0,0.45520657471083326,0.31,188,0.008395140664217817,0.010582617806500452,0.21518932534494054,0.5261609985685469,0.03901281004823365,0.0201128887054765,True,False,,INFY.NS,lower
0.9288856002792716,0.14962497045824083,0.5275619398966165,0,0.855709894795701,0.99,160,0.02320045503155717,0.01910380114494703,0.1349513025558806,0.5412760643251872,0.17191722401329246,0.035294006240279285,True,False,,SBIN.NS,upper
-1.0227007308687999,0.13681196565735224,0.43023831857765704,0,0.8556482092840909,0.83,137,0.015192517997981889,0.009453325298032219,0.14740505116838226,0.4221890208978673,0.10306646106694617,0.022391214849727097,True,False,,SBIN.NS,lower
0.7035818811233134,0.1625241787002223,0.5062528131802053,0,0.9648547679422828,0.9033333333333333,188,0.01004430795956616,0.008835739268882646,0.162500858772421,0.5057687578114528,0.061810795446472354,0.017469918728110448,True,False,,INFY.NS,upper
-0.7005822165347131,0.19881651894314836,0.5350327147723589,0,0.45239708702953674,0.19,188,0.01620463990071448,0.015472479348434619,0.2090958168310373,0.5218051333742858,0.07749862896024633,0.02965183372548008,True,False,,INFY.NS,lower
0.9217501305480849,0.1397955873274518,0.5380041970356179,0,0.9377385731827386,0.9833333333333333,160,0.012624157613077962,0.008849733357535045,0.13444325400529436,0.5426006650286298,0.09389951743942207,0.016309845831039737,True,False,,SBIN.NS,upper
-1.0235371811834175,0.14497343902449367,0.4243195994175476,0,0.7820143911484513,0.8466666666666667,137,0.00875816922405189,0.006922698031916147,0.14927754331203744,0.4206457231270552,0.05867036958828323,0.016457311905800694,True,False,,SBIN.NS,lower
0.710378456270342,0.16021401554237508,0.5184436238156025,0,0.9182049557173508,0.9066666666666666,188,0.010442477531463443,0.009275477677185512,0.1657892276892851,0.5120301487466755,0.06298646207080266,0.01811510028997044,True,False,,INFY.NS,upper
-0.7169509476675996,0.18183739045550076,0.5417435532445867,0,0.5526156966411688,0.44,188,0.012804943543288748,0.011486543480130538,0.18433444556921566,0.5381016346295612,0.06946581692363328,0.021346419574759114,True,False,,INFY.NS,lower
0.9108570776141507,0.15087692913585776,0.5293345180976359,0,0.9653422522323265,0.99,164,0.022074051966304475,0.018817615403252944,0.12986435003335947,0.5490320187596155,0.16997775186844263,0.03427416692932485,True,False,,SBIN.NS,upper
-1.021481856561112,0.11903728834622479,0.44352590568376443,0,0.6857955661530062,0.6833333333333333,137,0.025932193483796762,0.0167801219196064,0.1395158864071836,0.4282092961246589,0.18587267939785482,0.039186728731956666,True,False,,SBIN.NS,lower
0.7243168815788269,0.15113679498703228,0.5351479261064578,0,0.8970022663639019,0.9033333333333333,188,0.01238399768414623,0.011273226161227053,0.1524988165814441,0.5331651186588638,0.08120716704356008,0.021143967516375258,True,False,,INFY.NS,upper
-0.7356737401236614,0.14033191767771475,0.5454258813129542,0,0.6985906045367041,0.77,188,0.013420060726726322,0.013534060983456398,0.13067457769515525,0.5563559400342519,0.10269832079388967,0.02432626267881772,True,False,,INFY.NS,lower
0.9099441510679033,0.12880324781777303,0.5573433340399678,0,0.9303834597246328,0.9933333333333333,160,0.014464695756406049,0.013289303308390413,0.12116306297782242,0.5642116744909099,0.11938204768918047,0.0235537541559094,True,False,,SBIN.NS,upper
-1.05787213668047,0.182143922230186,0.403806628457948,0,0.7787490473069113,0.8666666666666667,129,0.029409213122645085,0.018847306739617,0.15733970777282136,0.42041637310627444,0.1869153799113093,0.0448300958215815,True,False,,SBIN.NS,lower
0.7179333222446705,0.1408470183695978,0.5488648414254251,0,0.8533476743057459,0.8066666666666666,188,0.010158730771562137,0.009293758566457708,0.15147601768086325,0.5361350797718933,0.06706494042057284,0.0173347328756487,True,False,,INFY.NS,upper
-0.7318962930253048,0.13868654979589629,0.5468580131112655,0,0.7919123106486422,0.7066666666666667,188,0.008470406159066487,0.00893340592650635,0.13120569884658329,0.5549626298439416,0.06455821346135782,0.016097310494664053,True,False,,INFY.NS,lower
0.7768429887097473,0.0482112338811668,0.6333004370614541,0,0.4538955960449489,0.5,188,0.006112517170055482,0.006715653466062209,0.044252824381456723,0.6380141495259373,0.13812713367387858,0.01052586900430569,True,False,,SBIN.NS,upper
-1.0467104967034977,0.1641243308472442,0.4200044340510459,0,0.7891794776199641,0.8433333333333334,129,0.02329620617061502,0.015347498984470853,0.15603833964768074,0.42522275421689754,0.14929795286361053,0.036092844212457086,True,False,,SBIN.NS,lower
0.7355977847976106,0.15527656431403475,0.5296623311638613,0,0.8542802849577757,0.8133333333333334,188,0.009146161016175176,0.00824121504463005,0.15064311932784638,0.5343550478255868,0.06071409334753183,0.015422732364816458,True,False,,INFY.NS,upper
-0.7239445310247855,0.13040211053100517,0.5564445098949958,0,0.7015741024393143,0.6,188,0.00824878812214823,0.010146014894858056,0.12699800682186121,0.5598536967382977,0.06495210184044621,0.01812261805672171,True,False,,INFY.NS,lower
0.9199040233114947,0.1366773843241377,0.5484060464111874,0,0.9714198999509119,0.95,160,0.024748347751702995,0.02338484018202077,0.12552149525953418,0.5591497963278701,0.1971642046558647,0.04182213767647903,True,False,,SBIN.NS,upper
-0.7901537244376059,-0.0677024331452585,0.6084275980125385,0,0.35245377602598804,0.32666666666666666,184,0.00991794154716348,0.011309182967141767,-0.06209989714436604,0.6023327947682295,0.15970944246513705,0.018775638447076453,True,False,,SBIN.NS,lower
0.7353407272567836,0.1564096201816773,0.5250855215490529,0,0.8062359328097536,0.8466666666666667,188,0.010765670533464269,0.009382768071883641,0.15977699819283644,0.5209176737994077,0.067379347349345,0.018011997602862546,True,False,,INFY.NS,upper
-0.7281237091546032,0.12815140905052438,0.5605492465449006,0,0.7137919094541592,0.62,188,0.0061437333178301105,0.006405099962916874,0.12971407163675894,0.5579474635912549,0.04736365736323475,0.011479754396395326,True,False,,INFY.NS,lower
0.8841553153923187,0.11851535880441602,0.5634578108880934,0,0.9230290602180125,0.9566666666666667,168,0.02066738969423447,0.01934233459729227,0.11034019007736558,0.5717331143507606,0.18730607412115827,0.03383105468877061,True,False,,SBIN.NS,upper
-0.7753567154392649,-0.11163930269346145,0.6318541430286235,0,0.39521536417161807,0.32,188,0.00674718457599002,0.008647487422066594,-0.10369987837365922,0.6228520286886557,0.06506453075125847,0.013883694497127915,True,False,,SBIN.NS,lower
0.7564095442794126,0.16589820015947354,0.5083836480620418,0,0.9297510030187086,0.89,188,0.011769043778471043,0.010506348154975684,0.15423315264828016,0.520336276399339,0.07630683036247962,0.02019145777373759,True,False,,INFY.NS,upper
-0.7345540855591833,0.13795698377417165,0.5531579440699121,0,0.6765835050876708,0.6,188,0.014815702543512485,0.01521587625321374,0.13549080434817917,0.5556221840421568,0.10934839099453379,0.02738529240979035,True,False,,INFY.NS,lower
0.8878552730830267,0.11735410490863668,0.5646184816506106,0,0.9215851462412217,0.92,168,0.015382277884726896,0.013388608704003761,0.11518049034929838,0.5664318975145668,0.1335493233496845,0.02363674878901388,True,False,,SBIN.NS,upper
-0.7868539343345301,-0.09979565006739372,0.6187811339606166,0,0.4808914478612394,0.3933333333333333,188,0.011276385215143458,0.013968092203815218,-0.09841256001477379,0.6180292494893919,0.11458277345516571,0.022601020889133117,True,False,,SBIN.NS,lower
0.7482505266329067,0.16483026690715247,0.5070791713540388,0,0.8805475998934686,0.8533333333333334,188,0.01207627859508456,0.010349790776204773,0.1609587286701457,0.5106587784703124,0.07502716966385152,0.020267526986479087,True,False,,INFY.NS,upper
-0.7309342859684786,0.14313960989687302,0.5499871609492419,0,0.7429490314225549,0.67,188,0.010246528712361975,0.011776723113773433,0.12970494037170982,0.5651357934452433,0.07899874818191105,0.020838748920133657,True,False,,INFY.NS,lower
0.8753682505128808,0.11760062824485164,0.5673829078620977,0,0.8261799532799441,0.9133333333333333,168,0.014639430158847106,0.014348978870317207,0.10744923801610563,0.5773118725596437,0.13624506852437715,0.024854812976822408,True,False,,SBIN.NS,upper
-0.7789570884323331,-0.10237042381679329,0.6266198907997055,0,0.4854594230414587,0.34,188,0.007613684728568173,0.010651123000740469,-0.0950995877954207,0.6186124710202592,0.08006011492232402,0.017217762860480743,True,False,,SBIN.NS,lower
0.7541870254833858,0.10376311905933125,0.5393187616765688,0,0.856673905841798,0.8333333333333334,188,0.012417853011743382,0.012350185653420026,0.10542275446405665,0.5372848386625335,0.11779100154385712,0.02298629057596435,True,False,,INFY.NS,upper
-0.7493151128426175,0.16235407745596567,0.5365137016798848,0,0.8694024377481423,0.79,188,0.013563729069706574,0.013180272417599262,0.1477026453089122,0.5522495225151861,0.09183131502503297,0.023866516206126117,True,False,,INFY.NS,lower
0.8285310582821467,0.0980809090309718,0.5903484348332266,0,0.7621901486910501,0.9,180,0.019844001308627353,0.018763100750276224,0.09975342730883958,0.5885870208731413,0.19893050148427208,0.03187820962083048,True,False,,SBIN.NS,upper
-0.783577254337344,-0.10513741471458446,0.6173882841548558,0,0.4495437052655751,0.37333333333333335,188,0.00958117113083862,0.012507555225542744,-0.09807410189764694,0.6096098310620564,0.0976931724942645,0.020517311865819295,True,False,,SBIN.NS,lower
0.7443709101337644,0.09307268376279285,0.5526254541342172,0,0.7947158206191692,0.8033333333333333,188,0.00936659905503528,0.010258589782126497,0.0892740889186071,0.5572265257518793,0.10491955862332465,0.018410088400194966,True,False,,INFY.NS,upper
-0.7396268939753821,0.1895827411967555,0.5205619649820348,0,0.6448644873334526,0.52,188,0.012383636295178689,0.013365533719867958,0.17019895174705227,0.5402143460495381,0.07275976403183415,0.024741167224075634,True,False,,INFY.NS,lower
0.8526868985302145,0.12473108806403374,0.5615742212532754,0,0.8536194569277664,0.9666666666666667,176,0.01963142206881583,0.01830471376086008,0.10618659540847337,0.580323660752419,0.1848766329171052,0.03154224906443518,True,False,,SBIN.NS,upper
-0.7741886753164043,-0.10405511013428016,0.6328606979559386,0,0.3755848355447384,0.12666666666666668,188,0.01231082107890512,0.0153662510253614,-0.08593089326925091,0.6114395072660842,0.14326418797590323,0.025131269064957024,True,False,,SBIN.NS,lower
0.746531988998831,0.09585320346831185,0.552669674202868,0,0.7762347613283878,0.7933333333333333,188,0.01030916633972661,0.01248253325247905,0.0858553672229672,0.5654777941296621,0.1200759541589761,0.022074311602187743,True,False,,INFY.NS,upper
-0.7324504177810048,0.17329359526805524,0.5339825133049689,0,0.5874263966781368,0.7533333333333333,188,0.008875382586329555,0.011292005464676359,0.17279664407793757,0.5336550625608217,0.0513631622885848,0.02115974539601024,True,False,,INFY.NS,lower
0.8381187953060519,0.09817360343733336,0.588674289893495,0,0.7260815303452381,0.79,176,0.018273506676874333,0.017157888597785713,0.10573874638490015,0.5804600604837632,0.17281749191712503,0.02955911951615569,True,False,,SBIN.NS,upper
-0.7640579420037522,-0.09568234827749268,0.630985624996697,0,0.3966250593108396,0.30333333333333334,188,0.016792143706874138,0.018702036831990277,-0.08564329608192069,0.6195331813279622,0.1960707085596613,0.030187304076320233,True,False,,SBIN.NS,lower
0.7364102897569572,0.08582785483251758,0.5676829968323809,0,0.7067169622762695,0.71,188,0.006760544922726499,0.0070391320491898805,0.0879804216254124,0.5645141879459448,0.0768414611957163,0.01246936228495694,True,False,,INFY.NS,upper
-0.7351187583070273,0.1841270152670813,0.5229494918230247,0,0.6951277738697048,0.7666666666666667,188,0.010460798101675958,0.013167030350435422,0.17861196685374647,0.5278947079953212,0.05856717049966707,0.02494253096609336,True,False,,INFY.NS,lower
0.8645726863119402,0.08339847203193314,0.5912039380182047,0,0.8160773442637719,0.8966666666666666,172,0.014683532059165224,0.014258682926036652,0.08188423173233764,0.5926171360835922,0.17932060856303222,0.024060530513279103,True,False,,SBIN.NS,upper
-0.7672087247358615,-0.09268952897809286,0.6341005033622368,0,0.43010153619457425,0.3233333333333333,188,0.012292157300242619,0.013246044375952342,-0.09080757043095121,0.6324228332226185,0.13536488079416895,0.02094491765739337,True,False,,SBIN.NS,lower
0.7404278665906824,0.09601382235953672,0.5502231645142432,0,0.7535414189984321,0.7433333333333333,188,0.008221804651828422,0.008416522491022555,0.09596406462120556,0.5500145992565241,0.08567586030795339,0.015302361699809195,True,False,,INFY.NS,upper
-0.7399126671399877,0.1932515526936493,0.5195576351170871,0,0.8762197707802915,0.8333333333333334,188,0.014619041454762656,0.01359209498992034,0.17989959380968049,0.5328935026709949,0.08126222151232997,0.02550621215445723,True,False,,INFY.NS,lower
0.885716535279702,0.08172834850654959,0.5806140655862112,0,0.8564371407645865,0.87,168,0.00837423434034463,0.00816271263616922,0.0716232840137632,0.590749277133923,0.11692054178261378,0.01381755816544681,True,False,,SBIN.NS,upper
-0.7688767214851541,-0.10518344910970909,0.6550835750426367,0,0.47999507018730503,0.41333333333333333,188,0.01056149659966193,0.010971116833338884,-0.09826660390141236,0.6470367822818509,0.10747797426151195,0.01695593969957714,True,False,,SBIN.NS,lower
0.7479529985820569,0.10351023899027835,0.5399538854747428,0,0.8725015778780334,0.8166666666666667,188,0.011169287714667268,0.01179018339292042,0.09950186986032561,0.5447635689664335,0.1122520271008548,0.02164275265114023,True,False,,INFY.NS,upper
-0.7481821065508492,0.20669454958372893,0.5058480463645632,0,0.8760954401783481,0.62,188,0.015950277904996518,0.015579575870317948,0.18267308764437254,0.5296870447981376,0.08731596557282054,0.029412793326156112,True,False,,INFY.NS,lower
0.777197324107389,0.17959949114449483,0.5521274628409976,0,0.7142347962697879,0.56,188,0.018702398205050586,0.019285106241162305,0.17701236935560327,0.5553418946898449,0.10565587713771708,0.03472654607603026,True,False,,SBIN.NS,upper
-0.7447562456068061,-0.1146731234816095,0.6463801696478639,0,0.4455565687046278,0.37666666666666665,188,0.01082614565806844,0.01129794701615733,-0.10394087214027999,0.6338513932997444,0.1041567613738099,0.01782428335307258,True,False,,SBIN.NS,lower
0.7569515121770112,0.10506108772093958,0.5310622873418189,0,0.8460209100482006,0.7433333333333333,188,0.011731441091046867,0.013258690970500824,0.09783551527265522,0.5399119224796329,0.11990982885156314,0.024557136401131455,True,False,,INFY.NS,upper
-0.7415703885053682,0.19234932422943823,0.5228030965830803,0,0.7911596774782876,0.78,188,0.009463401219246777,0.010837223233465183,0.18250997615510475,0.5322904773531402,0.051851416016241304,0.020359603432618528,True,False,,INFY.NS,lower
0.7825159230717716,0.19044961662339435,0.5453276765467545,0,0.5474391295856238,0.5366666666666666,188,0.015543879077084556,0.015363371798225733,0.1843725785599518,0.5524372401957235,0.08430688747438293,0.027810166299941992,True,False,,SBIN.NS,upper
-0.744418016504753,-0.10502250803361965,0.6368477364120113,0,0.5157600975640444,0.2733333333333333,188,0.007218402075228922,0.008829233018334767,-0.09338344149723221,0.6232760910057421,0.0772985144529903,0.0141658456085314,True,False,,SBIN.NS,lower
0.7533227690581612,0.10089126035301937,0.5403876690460558,0,0.8428956022249219,0.8066666666666666,188,0.011385426122194401,0.01268441341135338,0.09546040986609773,0.5470983654939978,0.11926855274850803,0.023184885898994118,True,False,,INFY.NS,upper
-0.73994097770764,0.1998629798355794,0.5136738624772889,0,0.8492154884420046,0.8166666666666667,188,0.010028384458024456,0.011933719708433554,0.1904751951828356,0.5223048318931275,0.05264929074835904,0.02284818893345698,True,False,,INFY.NS,lower
0.7842743444511086,0.19283244634467878,0.5474791304328933,0,0.671221986194491,0.56,188,0.01576946980111542,0.015345764715617976,0.1896651615319136,0.5508954047151698,0.08314372994127708,0.02785604001360624,True,False,,SBIN.NS,upper
-0.7491944406253539,-0.09238058314240703,0.6285788855150373,0,0.49354338945364973,0.34,188,0.006295948202060673,0.006964019785446737,-0.08303983318890491,0.6178093896986018,0.07581840186930754,0.011272116916388991,True,False,,SBIN.NS,lower
0.7549859537575472,0.09206241465687137,0.5490776339096081,0,0.8693671663646485,0.7966666666666666,188,0.011431707914189819,0.01347119589657334,0.08533518754158538,0.5577717684543059,0.13396240055129588,0.02415180619913156,True,False,,INFY.NS,upper
-0.7411699796536545,0.19480740393636098,0.5150516122916158,0,0.873159342648578,0.7733333333333333,188,0.011827022868486635,0.01579213282544067,0.18924915129708428,0.5199762076625926,0.06249445327749968,0.030370875222774187,True,False,,INFY.NS,lower
0.7880253866978768,0.20742006615053155,0.5321366210573668,0,0.7547744530100181,0.7833333333333333,188,0.01574178991734584,0.014758336814532277,0.2008084509569369,0.5392879415313635,0.07839206496743006,0.027366338841104208,True,False,,SBIN.NS,upper
-0.7506946161179624,-0.08676257352982637,0.621363323959096,0,0.401922397052043,0.3,188,0.007680119158618073,0.009604097377222535,-0.08298875631543554,0.6174632217760109,0.09254408156191142,0.015554120282754729,True,False,,SBIN.NS,lower
0.7557711602171483,0.09933572170978461,0.541278003342448,0,0.8809834173334619,0.8066666666666666,188,0.010692827317190857,0.01271532855311952,0.08618074686995497,0.5578669368267378,0.12407441876295099,0.02279276201152789,True,False,,INFY.NS,upper
-0.7404746129460057,0.1941670098313638,0.5170146798117201,0,0.8945380995921394,0.83,188,0.011264138027500935,0.014728365096329363,0.1887691503798317,0.5217013909421483,0.05967149509398575,0.028231407984972225,True,False,,INFY.NS,lower
0.7783618665949016,0.21574003563195565,0.5218482079838915,0,0.8906335027486729,0.8,188,0.017251143249218816,0.015154435470517761,0.20989491381431633,0.5279028764616766,0.08218942571703187,0.02870686230206454,True,False,,SBIN.NS,upper
-0.7503782815762564,-0.08566792159741782,0.6202736205187341,0,0.4387210581167287,0.3233333333333333,188,0.004931861960291571,0.007044913404118152,-0.08596655983979806,0.6212739025336637,0.05736953294149437,0.011339464384377195,True,False,,SBIN.NS,lower
0.7579392345121236,0.09617120037753427,0.5435508787166864,0,0.8240544678703292,0.82,188,0.01134463322149993,0.013344417855390618,0.08724612778821073,0.5548388205056071,0.13003020545206176,0.024050980431975663,True,False,,INFY.NS,upper
-0.7411936860963085,0.19784115803926777,0.5133072068771392,0,0.9106978950253718,0.8266666666666667,188,0.009930325732781627,0.013105975516190357,0.18934075160471733,0.5210738515961072,0.05244684582769851,0.02515185750451058,True,False,,INFY.NS,lower
0.7765516923920855,0.21806854660369646,0.5239819705896239,0,0.8616829958472572,0.87,188,0.018148292848298688,0.015810081720968844,0.2136360564848078,0.5284239920301225,0.08494957404389984,0.029919310364837665,True,False,,SBIN.NS,upper
-0.7371430546962003,-0.09764761128692864,0.6372990630863988,0,0.3135734332454032,0.23666666666666666,188,0.006803634338694091,0.008501436912316408,-0.088125477271728,0.6262216395642498,0.07720393440453409,0.013575763339118103,True,False,,SBIN.NS,lower
0.7555662865214179,0.08637352596726426,0.5576369995938888,0,0.6973148575448214,0.8066666666666666,188,0.012740791240636694,0.01526833299957333,0.08398409742558588,0.5607944058293214,0.15170478833659895,0.02722625719622049,True,False,,INFY.NS,upper
-0.7460694266262828,0.22670891514902536,0.4846322712139165,0,0.8378549393108442,0.5666666666666667,188,0.013981167336980642,0.013146795202247753,0.20310762626600107,0.5062653910801892,0.06883624660310717,0.025968188175998587,True,False,,INFY.NS,lower
0.7780008366270785,0.21867863310185345,0.5237427989670622,0,0.8832192874833651,0.8933333333333333,188,0.019942660570176077,0.017518351465755946,0.21521050194231325,0.5272426764457339,0.09266582933235933,0.03322635271406275,True,False,,SBIN.NS,upper
-0.7317153630085399,-0.10015642165005846,0.6384635915476444,0,0.35500257997425744,0.19333333333333333,188,0.006430753810689582,0.0075600506830689794,-0.09023456116277197,0.6267904072691804,0.0712670734489257,0.012061528821718171,True,False,,SBIN.NS,lower
0.7577491421221675,0.09885086744214126,0.5433967810064093,0,0.8034242838669701,0.8,188,0.01269196714575004,0.015177761216770893,0.0881165046436675,0.5570031127689999,0.14403619113936605,0.02724896970293182,True,False,,INFY.NS,upper
-0.7421549076149249,0.2194095637074881,0.4941279286252728,0,0.9302326378190191,0.71,188,0.011409859849789237,0.01176226706353988,0.203304067130564,0.5087927366166669,0.056122139854882035,0.023117992820761987,True,False,,INFY.NS,lower
0.7789758389247198,0.2240314775914392,0.5140967957181029,0,0.9625132667584131,0.98,188,0.017823848637695438,0.0162466031759296,0.21224545409217985,0.5261033089360994,0.08397752439107205,0.03088101251439342,True,False,,SBIN.NS,upper
-0.7286724813794717,-0.10826153177467256,0.6523705989864408,0,0.32475953359282195,0.29333333333333333,188,0.005820945187679231,0.006663922892155562,-0.09990937887771079,0.6425112922121983,0.0582622439499062,0.010371681975416377,True,False,,SBIN.NS,lower
0.7608670417392643,0.09365087181292553,0.5450292222256098,0,0.7530366311226516,0.82,188,0.012971321530986834,0.015019425102756234,0.08948742985610403,0.5502345680791104,0.1449513088299849,0.027296403572435613,True,False,,INFY.NS,upper
-0.7387000323198136,0.20246462322227826,0.5095034360735271,0,0.9575303748999274,0.6966666666666667,188,0.011117520970558086,0.014581644796324697,0.19086851523966156,0.5203464880174286,0.05824701037847134,0.028022951729054005,True,False,,INFY.NS,lower
0.7825104294567358,0.21960507436878982,0.5172954748215559,0,0.9346918643178456,0.9666666666666667,188,0.01796099884544851,0.01696753292698081,0.2049836168971506,0.5328014250962357,0.0876216267480736,0.03184588443144132,True,False,,SBIN.NS,upper
-0.7338626823179587,-0.11177857401171867,0.6545664625768648,0,0.26043307495856627,0.23,188,0.010075670631886118,0.010972865681393846,-0.09992160249124761,0.6405532783269338,0.10083574895039521,0.017130293265770223,True,False,,SBIN.NS,lower
0.7617019696816839,0.09379248681470259,0.5437696711919134,0,0.709312013990158,0.81,188,0.011755397768495941,0.01348328017112687,0.09067796955859819,0.5475546237098073,0.12963894680625668,0.024624538522803788,True,False,,INFY.NS,upper
-0.7387234939228903,0.21127853797176815,0.5038526680308124,0,0.9791729633290496,0.8366666666666667,188,0.011652516665597417,0.012881908158966964,0.19825308436888492,0.5158059918501415,0.058775963637247707,0.024974327775871007,True,False,,INFY.NS,lower
0.7762292637451363,0.20810585033626172,0.5293811232097867,0,0.9649331975313329,0.9166666666666666,188,0.018865805165624045,0.018373371557675884,0.19669932473449495,0.5422534032590905,0.09591189106505692,0.0338833672751766,True,False,,SBIN.NS,upper
-0.7362894028637621,-0.11264015009904929,0.6519139688548932,0,0.26144346273683106,0.18666666666666668,188,0.008475538708394705,0.008756295030526636,-0.10355657408386876,0.6410610087943507,0.08184451798381556,0.013659066413045484,True,False,,SBIN.NS,lower
0.7644966606705426,0.09531000676256546,0.5417127131785228,0,0.703413636438638,0.83,188,0.009504747586907935,0.010150136921403851,0.09310648554190841,0.5441803872509787,0.10208468841607005,0.018652154639672836,True,False,,INFY.NS,upper
-0.7356435793460596,0.2023007002467475,0.5114710875905963,0,0.9724337888716406,0.83,188,0.011424398340300719,0.013034706056758546,0.18907048700574436,0.5240787745986774,0.06042401390605972,0.024871653728055606,True,False,,INFY.NS,lower
0.7709088414061469,0.1969533396808365,0.5427738546675425,0,0.8677826819526557,0.86,188,0.019824243454436254,0.020156449460098376,0.18913808714976277,0.5519982237847872,0.10481359257167043,0.03651542383006421,True,False,,SBIN.NS,upper
-0.7266467593072466,-0.11947176680530816,0.6619979245894123,0,0.29309341184088267,0.24666666666666667,188,0.009177641891872394,0.010258285799401155,-0.10561930777964479,0.645052264581067,0.08689359186185855,0.01590303019404661,True,False,,SBIN.NS,lower
0.7708569467372837,0.09676865222686047,0.5383476868002905,0,0.5968373429860555,0.8233333333333334,188,0.010961707040178842,0.0127789523423805,0.09208879057564696,0.543932466261101,0.11903409504366684,0.02349363735407166,True,False,,INFY.NS,upper
-0.7331336594926671,0.203610348904808,0.5102448658313028,0,0.9745241628944978,0.8533333333333334,188,0.010660458033053896,0.013541958992680844,0.19485011899836704,0.518183155583762,0.054711064795565194,0.026133537119881298,True,False,,INFY.NS,lower
0.7764790679550957,0.20111838549156688,0.5403308056550066,0,0.8785176389789976,0.9566666666666667,188,0.015135591875543458,0.014604162785362236,0.19017560108038598,0.5525500995266364,0.079587449671166,0.02643047668178631,True,False,,SBIN.NS,upper
-0.7441454654069032,-0.09689743352267705,0.628896250328093,0,0.35863852961531495,0.3466666666666667,188,0.010813342337292526,0.013050001658969287,-0.10985275494107131,0.6457681645795915,0.09843486727979185,0.02020849303616597,True,False,,SBIN.NS,lower
0.7773076055019182,0.0916329279163071,0.5533021810734694,0,0.7076202933410685,0.7766666666666666,188,0.009497403436221793,0.011134345461789817,0.0882595470762602,0.5573751070789857,0.10760764897126793,0.019976394927963687,True,False,,INFY.NS,upper
-0.7499917916195041,0.17005150664024088,0.5140605463836834,0,0.9616305837332753,0.7233333333333334,188,0.011508785111977933,0.013737852219520532,0.15594162668723574,0.5276195845358236,0.0738018745760667,0.02603741855267238,True,False,,INFY.NS,lower
0.7777275828761505,0.19467876249747396,0.549870907484725,0,0.9261307803162815,0.8333333333333334,188,0.019634175512694745,0.020504561820032817,0.18496204299799823,0.561680433969557,0.1061524523244086,0.0365057427941076,True,False,,SBIN.NS,upper
-0.7307436842997862,-0.11168200142798433,0.6526473093121519,0,0.41063643433217334,0.26,188,0.0075048923735190195,0.008971970278113974,-0.11262100010917536,0.6547323663434329,0.06663847506112527,0.013703263504732843,True,False,,SBIN.NS,lower
0.774204312830714,0.09101973430575536,0.5547673922576661,0,0.6630328880696559,0.8533333333333334,188,0.005949397994820543,0.007425648076781079,0.09546286984828546,0.5487933224781455,0.062321585146767354,0.0135308642385461,True,False,,INFY.NS,upper
-0.745996718122946,0.16458654862618421,0.520198189261769,0,0.9694760076756512,0.7633333333333333,188,0.011055525098212685,0.013524688358345095,0.15204516871344884,0.5323729965258668,0.0727121056501793,0.025404534400802606,True,False,,INFY.NS,lower
0.762430112645367,0.19320718670911224,0.5569424018558975,0,0.9635441470623818,0.83,188,0.014249231738928773,0.013117175491844133,0.18954718686956004,0.5609070428658133,0.07517511192072449,0.023385649056871773,True,False,,SBIN.NS,upper
-0.7336830464990856,-0.09819714342355156,0.6319612995588499,0,0.2908645098977365,0.2733333333333333,188,0.00664272367967794,0.009211599510321022,-0.10724985217020559,0.6440208009604446,0.061936897122869344,0.014303263735504959,True,False,,SBIN.NS,lower
0.7775917980662068,0.0929515885399157,0.5537290438572484,0,0.7470097249611969,0.8733333333333333,188,0.005134221865629494,0.006508028743485121,0.09349910874775928,0.5526244744803873,0.05491198135760543,0.011776584147559771,True,False,,INFY.NS,upper
-0.7480324148496481,0.16773802489006964,0.514521349524785,0,0.8789440483247017,0.87,188,0.011131820113063289,0.01186977349273008,0.15321640931332073,0.5286468248020858,0.07265422441637416,0.022453125056870665,True,False,,INFY.NS,lower
0.7650117079555258,0.19825055534905134,0.5496181722291065,0,0.9536037537425219,0.8366666666666667,188,0.015922303645875966,0.014494006677307079,0.20131873914140883,0.5455685260278654,0.07909001875772603,0.02656679357433982,True,False,,SBIN.NS,upper
-0.7402692678687017,-0.09182373797626331,0.6244229668195673,0,0.3694021575876141,0.22666666666666666,188,0.01017062312451689,0.013286392371317696,-0.10889828996871875,0.6464469353244143,0.09339560973347079,0.02055295096900802,True,False,,SBIN.NS,lower
0.778984709885512,0.09616580447206123,0.553868806732933,0,0.8101048552953356,0.8833333333333333,188,0.0069540863393492474,0.007869196451638538,0.09503581619775099,0.5548244167977622,0.07317331387090961,0.014183219179906295,True,False,,INFY.NS,upper
-0.746023737838749,0.1748970582891486,0.5069407498492948,0,0.9069247962375492,0.8166666666666667,188,0.01344404249692813,0.013748727395287404,0.1576216466628986,0.5237804207462657,0.08529311759284805,0.02624902838714049,True,False,,INFY.NS,lower
0.7826932882207882,0.19247947892437275,0.5452677289496161,0,0.6549130021996514,0.84,188,0.016717680213571492,0.016239840733933954,0.19047406613472403,0.5474604338914436,0.08776879538056888,0.029663952738755613,True,False,,SBIN.NS,upper
-0.7505879702313606,-0.091077552110885,0.631265004085854,0,0.45597585169088306,0.23,188,0.008879082863966587,0.012007038731044995,-0.10540189909811502,0.6499608634487867,0.08424024706897248,0.018473479283966594,True,False,,SBIN.NS,lower
0.78590665619476,0.10029031456369905,0.5522417460007166,0,0.8799986426547766,0.9166666666666666,188,0.003471428150241896,0.005870974281741248,0.09954625206629993,0.5526410236497096,0.03487251131468755,0.010623485995906979,True,False,,INFY.NS,upper
-0.7432430969316002,0.16495450373837806,0.5103579168891221,0,0.9176651707309593,0.89,188,0.011771216305977227,0.011749868100978052,0.1581727792368869,0.5166411511227739,0.07441998312584668,0.022742802906843555,True,False,,INFY.NS,lower
0.7854436044267482,0.18688657815519158,0.5359322720484123,0,0.6974719086170238,0.73,188,0.01502523480502952,0.01457957316128806,0.18522719242167704,0.5375832911363281,0.08111786286564962,0.027120584159645914,True,False,,SBIN.NS,upper
-0.7552595211864783,-0.09859287470370415,0.6416076721409423,0,0.28369445281487826,0.22333333333333333,188,0.005423816701790543,0.00891489097897539,-0.10809032957808663,0.6545111076911062,0.05017855178327263,0.013620686857733004,True,False,,SBIN.NS,lower
0.7976977839637603,0.11525222396399071,0.542201539730895,0,0.817121234498559,0.9333333333333333,188,0.006520738112665546,0.0076127643439007795,0.10851807522469269,0.5494182290819015,0.06008895290737943,0.013856045908890818,True,False,,INFY.NS,upper
-0.746528096175004,0.13045307461447717,0.5268762017176561,0,0.8387862950604114,0.88,188,0.0127728970529461,0.012420309847951387,0.12617401493474314,0.5313615746541274,0.10123238170100549,0.023374497153451513,True,False,,INFY.NS,lower
0.7843158174253897,0.18273069957845472,0.5405849534702815,0,0.6372667869308352,0.5733333333333334,188,0.018444280129324742,0.0186155662516055,0.18568892084675004,0.5368763173510719,0.0993289155428812,0.034673844427922575,True,False,,SBIN.NS,upper
-0.7578292596270486,-0.09576401875313575,0.6377283507806626,0,0.2136829226570287,0.17333333333333334,188,0.007427460173758176,0.0109702193436364,-0.09619858188626808,0.6389561447337228,0.07720965586002941,0.017168970456522336,True,False,,SBIN.NS,lower
0.7968100537929989,0.12244845630966213,0.5281032848285933,0,0.9045879824758486,0.9333333333333333,188,0.003929430566495898,0.005077365725458355,0.11828993054318897,0.5321303221546975,0.033218636753488094,0.009541582989451344,True,False,,INFY.NS,upper
-0.750615769815924,0.13898073453530535,0.5266128280263913,0,0.8928831329656467,0.8366666666666667,188,0.011346558173027764,0.011640288906100985,0.13229848604268077,0.5334014790167069,0.08576483113887595,0.02182275292774144,True,False,,INFY.NS,lower
0.7859580007981577,0.1913891376768196,0.5311564733431109,0,0.8237245430735347,0.6633333333333333,188,0.020655442896066058,0.020347985116092017,0.193323146360285,0.5289789798192844,0.10684412196111533,0.038466527986382816,True,False,,SBIN.NS,upper
-0.7578639874198285,-0.09572218750421099,0.6352120215879449,0,0.18747249102013253,0.08666666666666667,188,0.00760479003900254,0.011151432593351038,-0.09253434143996013,0.6318671052610964,0.08218342616187052,0.017648382585542702,True,False,,SBIN.NS,lower
0.7963313163198876,0.11777628264928519,0.5312653653756433,0,0.8071916589418995,0.98,188,0.0035958773586955263,0.004129258490134007,0.11475264488167146,0.5341043545018428,0.03133589686795009,0.007731182826010702,True,False,,INFY.NS,upper
-0.7498609643517684,0.13554648795851565,0.5308203705883203,0,0.8888988946152234,0.9266666666666666,188,0.01466505706073196,0.01496141793439683,0.1277335830401057,0.5392085462667128,0.114809712243258,0.027746996520204233,True,False,,INFY.NS,lower
0.8008838604658274,0.21354997314226282,0.5141477218546289,0,0.7872948994382678,0.98,188,0.01805236967383241,0.017294380497188254,0.19860077623859937,0.5305615904289717,0.09089777546068854,0.032596366723873976,True,False,,SBIN.NS,upper
-0.7603034350081956,-0.09176723625709954,0.6243615679747256,0,0.1385978449955415,0.07333333333333333,188,0.006847399035390841,0.009669473611680626,-0.08908095196575931,0.6215915403361585,0.07686714292581197,0.015555992687563636,True,False,,SBIN.NS,lower
0.799933598522439,0.12363053780864727,0.526024598621743,0,0.8096479452678642,0.9366666666666666,188,0.0035021610371972663,0.005022052534256583,0.11844526050125277,0.5311672718879034,0.02956775751683749,0.00945474750705076,True,False,,INFY.NS,upper
-0.7523738644893343,0.13890608244027144,0.5255523314059309,0,0.8556663066108487,0.83,188,0.015110263714081204,0.014958211073650847,0.12921635467738804,0.5360676107478523,0.1169376940127259,0.027903589947818677,True,False,,INFY.NS,lower
0.8050971402882144,0.21673954671023993,0.5076121289699707,0,0.9821063672324407,0.9666666666666667,188,0.018295364584124757,0.0186898685247753,0.2005524183809345,0.52491748630079,0.09122484694812105,0.03560534494751451,True,False,,SBIN.NS,upper
-0.7599111774422451,-0.10503956327257591,0.6316712407180639,0,0.22978210301580748,0.12333333333333334,188,0.0066237461692657,0.01039047416834558,-0.10112561210068198,0.6273818605734361,0.06550017722186187,0.01656164236758792,True,False,,SBIN.NS,lower
0.8028675541298406,0.1272790872097527,0.5135273896582034,0,0.7892363916350013,0.8733333333333333,188,0.0061082018899279045,0.0071074539667343815,0.12478126376032579,0.5156846626136719,0.048951270538079794,0.013782558110000238,True,False,,INFY.NS,upper
-0.7567105333179267,0.1368729131931833,0.5329501842608417,0,0.8256559311440224,0.8133333333333334,188,0.011325581461947285,0.012255104201851942,0.12955936006008378,0.5406413476870932,0.08741615104098602,0.022667714978891466,True,False,,INFY.NS,lower
0.8065304237822901,0.20901285870774886,0.5123483794195721,0,0.9323385351248289,0.8733333333333333,188,0.013220067374479854,0.013878822850410784,0.19992946766020323,0.5216548919687013,0.06612365284597231,0.026605372245200327,True,False,,SBIN.NS,upper
-0.761306531664375,-0.09899010518593972,0.6250561127427285,0,0.24926217362774117,0.14,188,0.008828966716253944,0.013285164695013231,-0.10188750196560176,0.6295434540389662,0.08665406138521364,0.021102855408551956,True,False,,SBIN.NS,lower
0.8010631467473115,0.12306715672573569,0.5179165044857141,0,0.8075707606990965,0.9433333333333334,188,0.0053557304849287755,0.006786269211040536,0.12353644195308966,0.5167817002264755,0.04335344264996781,0.013131790612455124,True,False,,INFY.NS,upper
-0.7571950286778136,0.1465415843752081,0.5250051075662217,0,0.8921033700650141,0.84,188,0.01431001154044382,0.014792909929939693,0.13554517324299772,0.5364388677306535,0.10557373709687377,0.027576133170137653,True,False,,INFY.NS,lower
0.8085170056796522,0.2143980150678389,0.5091907266852809,0,0.9712793205684298,0.97,188,0.013916792637836552,0.013453434750628128,0.20103763438736222,0.5230370762221396,0.06922480951389122,0.025721760664815085,True,False,,SBIN.NS,upper
-0.759161113935893,-0.10430134235595104,0.6311644689516864,0,0.1804082816897452,0.09333333333333334,188,0.01248050905798551,0.01758863842989454,-0.09939051645370951,0.6258124885591599,0.12557040900470756,0.028105284682536317,True,False,,SBIN.NS,lower
0.8058364243150815,0.12818909059616101,0.5099347871401676,0,0.6957484819517412,0.8533333333333334,188,0.005842779465919432,0.006514089246912136,0.12599549846985433,0.511749244472517,0.0463729186609646,0.012729064458777768,True,False,,INFY.NS,upper
-0.7620068069554617,0.14696394635511678,0.5227128809601262,0,0.9126845330028283,0.7566666666666667,188,0.01526728112035131,0.01764973595840905,0.14139166955494936,0.5281675102920368,0.10797863897230213,0.03341692792591653,True,False,,INFY.NS,lower
0.8116038164986381,0.22388628217623002,0.49907050638747125,0,0.9961519331611088,0.9633333333333334,188,0.017532077693756178,0.016909858833426498,0.20748823818040232,0.5158630670371461,0.08449672618813944,0.03277974250560455,True,False,,SBIN.NS,upper
-1.0648000032242024,0.13629599557432995,0.4134980559181729,0,0.5482934113064558,0.7633333333333333,125,0.014787417300885383,0.007656791970236526,0.13330107053855242,0.4148571783836574,0.11093246387157882,0.018456452448295465,True,False,,SBIN.NS,lower
0.8038138710451708,0.12929474213016479,0.5042449606671906,0,0.5857800346847899,0.72,188,0.007469265436374347,0.006796365913108781,0.12278168874948897,0.5108963875521569,0.0608337033323986,0.01330282606350722,True,False,,INFY.NS,upper
-0.7581820000032163,0.12051966404247735,0.5515535145806874,0,0.9355401157009011,0.88,188,0.011086479418371757,0.014661546138796194,0.12126295646486812,0.5501841701800079,0.09142510480793568,0.02664843277391085,True,False,,INFY.NS,lower
0.8086419844928975,0.22943730756634492,0.49671069514255883,0,0.9985625018459163,0.93,188,0.0184248379460159,0.01768609376316831,0.20955851232366587,0.5167172118836525,0.08792216008069811,0.03422780006963001,True,False,,SBIN.NS,upper
-0.7634585746561241,-0.10118376936910481,0.6302237613981131,0,0.38654959727446425,0.15666666666666668,188,0.018466494963477423,0.023616834869677975,-0.09595646329992875,0.6252636069012406,0.19244657841641555,0.03777100447123603,True,False,,SBIN.NS,lower
0.8076100129577054,0.13253088848249917,0.5015565392991531,0,0.5668417114610139,0.8,188,0.008569087155158335,0.007869035343762924,0.1244532490046012,0.5098493669591494,0.06885385906078623,0.015434039344512944,True,False,,INFY.NS,upper
-0.7564801773308817,0.0982454476887783,0.5686317837407134,0,0.9485410802629843,0.8433333333333334,188,0.012897524824494277,0.017621168552478764,0.1016367073745953,0.5643018117119842,0.12689828201513806,0.031226495953919648,True,False,,INFY.NS,lower
0.8032092230003804,0.22661120289484696,0.5087859336870936,0,0.9998324139093269,0.9933333333333333,188,0.01461354086242228,0.0133850948682884,0.2132580246873845,0.5217478619922502,0.0685251595975941,0.025654335334763405,True,False,,SBIN.NS,upper
-1.5212756767885822,-0.4618334728854331,0.9331360316022093,0,0.6929157315401915,0.8666666666666667,41,0.07415407990620757,0.07348954335428455,-0.4092469466229504,0.8627820780446981,0.1811964113749723,0.08517740965257183,True,True,sparse,SBIN.NS,lower
0.8143482898093822,0.11099248852766741,0.5046492565014483,0,0.7849880161481239,0.8166666666666667,188,0.008026972087581125,0.007450636257005539,0.10294832734410082,0.5134865230817923,0.07797087640911851,0.014509896125783576,True,False,,INFY.NS,upper
-0.7673038136944295,0.08346634699389072,0.5824447024464423,0,0.8689422901877009,0.8766666666666667,188,0.008925341748367321,0.012764216948493633,0.08572079160616652,0.5792401480881975,0.10412107191173603,0.0220361395360128,True,False,,INFY.NS,lower
0.8045850598464759,0.23165564770516667,0.5037736466759579,0,0.9957694265496881,0.9566666666666667,188,0.019045490453944068,0.018382673202729446,0.21121490599439954,0.5243507634780575,0.09017114328444999,0.0350579690782104,True,False,,SBIN.NS,upper
-1.0893325012937445,0.16107005182079007,0.41058519644451197,0,0.46290177880337424,0.54,113,0.031151694035767532,0.01980503235020034,0.15969154159738222,0.41065241449582196,0.1950741521649677,0.048228212397664394,True,False,,SBIN.NS,lower
0.8141008058772745,0.11311712611862337,0.5053503318666119,0,0.7863793528929609,0.81,188,0.009948031237336456,0.009911580285715649,0.10179923461739043,0.5179002009950998,0.09772205358424661,0.01913801167732953,True,False,,INFY.NS,upper
-0.7671230294446597,0.08075782731287265,0.582743729321961,0,0.8451521193405287,0.8433333333333334,188,0.006869681267986484,0.010172831273899941,0.079167267609608,0.5844139847739325,0.0867742516278311,0.0174068919719061,True,False,,INFY.NS,lower
0.8072253211811636,0.2394887705556503,0.4961243354684167,0,0.9992431005489272,1.0,188,0.01987242878306359,0.017417354435035056,0.2164686608193934,0.5188052810559124,0.09180279394630636,0.03357204472526854,True,False,,SBIN.NS,upper
-1.516138859582914,-0.4803950634160138,0.9594520633354275,0,0.6322003723540348,0.9466666666666667,41,0.07586024835287326,0.07464365558180013,-0.42157035769224915,0.8775833476755693,0.17994682303726825,0.0850559151207091,True,True,sparse,SBIN.NS,lower
0.8121018860033837,0.10872721050136089,0.5082738628990138,0,0.8240099308956577,0.85,188,0.009224494353358932,0.009296318507299894,0.09954173175934705,0.5185641617167038,0.09266960965642079,0.01792703587007271,True,False,,INFY.NS,upper
-0.7688099711320081,0.07789674733862831,0.5859501974377899,0,0.7801675355830883,0.8866666666666667,188,0.005114340267066091,0.006573103877506736,0.07849539977319313,0.5848106117384834,0.06515464129486821,0.011239713563968247,True,False,,INFY.NS,lower
0.8028334158924973,0.2351370377461366,0.49712337494056613,0,0.9996201846973568,1.0,188,0.023628213550714667,0.020652443385746375,0.21900455686496345,0.5134450834295566,0.10788913623560939,0.040223275380427484,True,False,,SBIN.NS,upper
-1.5187734624019817,-0.48152361505883645,0.9584058317186228,0,0.6489883265094005,0.9166666666666666,41,0.07475433674680027,0.0668604344272219,-0.4268638736778538,0.8823731762632515,0.17512452939967152,0.07577342043944933,True,True,sparse,SBIN.NS,lower
0.8125019632397722,0.10179343755105974,0.5168604293915362,0,0.8563816981231167,0.79,188,0.006545531461266876,0.006381133488653967,0.0933061412297393,0.526525492550531,0.07015112481866716,0.012119324624815422,True,False,,INFY.NS,upper
-0.7751725324044975,0.06744109308485763,0.5870332776158321,0,0.7846455515565447,0.86,188,0.00511796761607758,0.006571703852901116,0.06530612052572683,0.5895056133289627,0.07836886942890296,0.011147822162900552,True,False,,INFY.NS,lower
0.8073908130659591,0.23953893679880062,0.488593611161908,0,0.9992555855007058,0.9933333333333333,188,0.023349240831055957,0.02058601249599433,0.21859237318731897,0.5094436357598616,0.10681635146933381,0.04040881198015381,True,False,,SBIN.NS,upper
-1.5314876789601402,-0.47637903795970094,0.9494098997278919,0,0.7469629479963946,0.96,41,0.06826371165025853,0.0593137783539595,-0.4256371214023597,0.8777720228409036,0.16038006699591267,0.06757310114106829,True,True,sparse,SBIN.NS,lower
0.8094362841497489,0.10242110537475996,0.5180830835331843,0,0.840618026437845,0.7266666666666667,188,0.0064140792637898455,0.006888455497755653,0.0929013691272675,0.5290496614849628,0.06904180889503338,0.013020432426355722,True,False,,INFY.NS,upper
-0.7765641530381764,0.07276948785853866,0.5819963138050617,0,0.7499582962110221,0.8566666666666667,188,0.0065557710740966465,0.008720968894255698,0.07108973365691934,0.5838743795600732,0.09221824045019689,0.01493637852625564,True,False,,INFY.NS,lower
0.8100589735633709,0.2452802128704844,0.4822522611581532,0,0.9863811585370077,0.9466666666666667,188,0.02372591341382111,0.02135791954641949,0.21552817324244708,0.5114843893941105,0.1100826493170589,0.041756737002574186,True,False,,SBIN.NS,upper
-1.5158328555287552,-0.4522938276582691,0.9202981417203528,0,0.7492794695387027,0.9466666666666667,41,0.07817179778136417,0.06738493996828092,-0.39459369643955594,0.8432797179575536,0.19810705671591486,0.07990817012936985,True,True,sparse,SBIN.NS,lower
0.808437935617628,0.09158692368813184,0.5299981235490748,0,0.8336137835659031,0.7133333333333334,188,0.006953125910678551,0.007450524497371515,0.08328216842562611,0.540016288675082,0.08348876124665658,0.013796851161069046,True,False,,INFY.NS,upper
-0.77593175327058,0.07787007547410751,0.5751147718931302,0,0.7583487896007545,0.85,188,0.005621240292287912,0.008552164209920773,0.07378220342684283,0.5799211666592744,0.07618692949434938,0.014747114873760665,True,False,,INFY.NS,lower
0.8225145392872348,0.245507090554545,0.48503671144475713,0,0.9805623856975823,0.97,188,0.025966195952299518,0.024066815858450056,0.21396029116485818,0.5165739615495404,0.12135987756108246,0.046589292500080995,True,False,,SBIN.NS,upper
-1.1109777578616746,0.18193739860725672,0.38360307857806963,0,0.6383693835280244,0.54,113,0.028178378575697865,0.01773215582351615,0.15367958325770645,0.3994602399979285,0.18335797211829769,0.04439028870484136,True,False,,SBIN.NS,lower
0.8045560142013373,0.07911446492859923,0.5388257070186515,0,0.8416521024441389,0.7666666666666667,188,0.005625890602593588,0.006482597537977024,0.07538119755003847,0.5434963609648825,0.07463253489086243,0.011927582012126977,True,False,,INFY.NS,upper
-0.7729798678006594,0.06984587778130838,0.5882107307173332,0,0.7134894670279519,0.85,188,0.004325953623238121,0.00729866278732838,0.069111021898898,0.5888034620053885,0.06259425600194374,0.012395753650144212,True,False,,INFY.NS,lower
0.8233281293498952,0.22922013913366485,0.49436601646607264,0,0.9954144650744009,0.9933333333333333,188,0.024380894905039793,0.02361408604200958,0.20378359680124036,0.5213935422859318,0.1196411001245042,0.045290329998288185,True,False,,SBIN.NS,upper
-1.1222507270441382,0.1251752634505428,0.4173419998539468,0,0.4844560921143184,0.4866666666666667,109,0.027478922046949756,0.019884992663846753,0.1377349606993505,0.4088754604418953,0.19950577480377926,0.04863337153083772,True,False,,SBIN.NS,lower
0.8124323896729733,0.08258144743186566,0.5357124244577613,0,0.739122766616117,0.7133333333333334,188,0.004813005038799548,0.006175259094857562,0.07669560471927528,0.5431607651695368,0.06275463149250873,0.011369118274290107,True,False,,INFY.NS,upper
-0.7765363603990093,0.06925031566982096,0.5821109612712241,0,0.6063892871349379,0.74,188,0.006807350104777973,0.009288623054036924,0.0698129253807486,0.5811075404647744,0.09750843547333704,0.015984344114282817,True,False,,INFY.NS,lower
0.8290665138412384,0.23031650188334987,0.4948639050856726,0,0.9955600061873722,0.9866666666666667,188,0.021850115157827518,0.020827121860025347,0.20556745991163206,0.5207224101865959,0.10629169667370181,0.03999659137504036,True,False,,SBIN.NS,upper
-1.1006254607909547,0.11981985826840086,0.40628039256262627,0,0.6103915946422345,0.6933333333333334,117,0.019680958092349293,0.010872065808343625,0.10750655072799746,0.4136806254320073,0.18306750731375476,0.02628130223448799,True,False,,SBIN.NS,lower
0.8064806541666721,0.06586220780423784,0.5590688877729937,0,0.6220949444722631,0.6933333333333334,188,0.007233200833299094,0.009440375392765548,0.06564888901368318,0.5592532427494775,0.1101800782948619,0.016880322727411023,True,False,,INFY.NS,upper
-0.7741784216226316,0.07266755695846772,0.5752947110811011,0,0.852757659326034,0.7266666666666667,188,0.008978446569065629,0.010007106172845105,0.07912036209235467,0.5667606337908101,0.11347831578174807,0.01765667091121927,True,False,,INFY.NS,lower
0.8231420048913761,0.21077103681306514,0.5040809492347887,0,0.9450867498494123,0.9733333333333334,188,0.011860253522098524,0.008913438064018338,0.20429474111255588,0.5102694393120537,0.05805461695667421,0.017468100581046843,True,False,,SBIN.NS,upper
-0.7901699382786518,-0.11452130121600369,0.6124404668119875,0,0.27370033084118794,0.17666666666666667,188,0.019225321974060374,0.026506727903396695,-0.11624230049991731,0.6163175993487476,0.1653900536850913,0.0430082274160654,True,False,,SBIN.NS,lower
0.8140032663015694,0.07127908630794758,0.5515975414724563,0,0.5879648267518658,0.78,188,0.00895100804703513,0.012219397761612492,0.06792811641136623,0.5561233688693956,0.13177174934619398,0.021972458317531352,True,False,,INFY.NS,upper
-0.7754046507521172,0.08461777602123526,0.5623218771204004,0,0.8234152967184454,0.8333333333333334,188,0.0054423825242448185,0.007657830475334959,0.08558070022923175,0.5606622512143457,0.0635935657657801,0.013658544555413385,True,False,,INFY.NS,lower
0.8241285278456563,0.20622081952773536,0.50453320729369,0,0.877666444644357,0.9366666666666666,188,0.009154353655529798,0.006591508635730427,0.2046842060497928,0.505291285853049,0.04472427738787074,0.01304496770442568,True,False,,SBIN.NS,upper
-0.7862901288885178,-0.11746585056949872,0.6174907038499166,0,0.28448593298655,0.22,188,0.02057649554604304,0.028088898396730407,-0.11496325969880301,0.6161021707117953,0.17898321437753334,0.04559129845032967,True,False,,SBIN.NS,lower
0.8089551263024142,0.06544486732110874,0.5595541064119163,0,0.6006159394796372,0.6833333333333333,188,0.007671377210450585,0.010022568650135885,0.06294579676443955,0.5631345045458663,0.12187272837981059,0.017797823417409382,True,False,,INFY.NS,upper
-0.7752343722033106,0.08264873429457266,0.5642490995203902,0,0.8016921420131261,0.78,188,0.005492129495402187,0.007301101107060855,0.08919794995405432,0.5556926577537205,0.06157236665761383,0.013138739326135318,True,False,,INFY.NS,lower
0.8221893513852108,0.19647085309990814,0.5140389992468145,0,0.7502037421063465,0.8433333333333334,188,0.006878877840253956,0.005719189681030348,0.19758761154782975,0.5119830111411885,0.034814315726700504,0.01117066278542307,True,False,,SBIN.NS,upper
-0.7851794509377816,-0.12308666026178768,0.6258051711864947,0,0.30163836808584965,0.22333333333333333,188,0.01271026456959387,0.01860646666507018,-0.12220035201413089,0.6258690843560145,0.10401167688950129,0.029729006964651656,True,False,,SBIN.NS,lower
0.8003822715339203,0.061269263867605915,0.5688244923166513,0,0.5906034517502604,0.5766666666666667,188,0.013182903288998415,0.017038774314168795,0.06651020926944005,0.5616589634053986,0.198208687834768,0.030336512227091963,True,False,,INFY.NS,upper
-0.7776763639252582,0.08557142118625216,0.5598168683475159,0,0.7607296806884861,0.8133333333333334,188,0.007587272798694243,0.010052633482875927,0.09347029097554939,0.5498122906635882,0.08117308620498584,0.018283755148335246,True,False,,INFY.NS,lower
0.8257180993528933,0.20355087745659683,0.5068392433075253,0,0.8207424683503188,0.8766666666666667,188,0.007315608653684298,0.004433418203989944,0.19942647515892464,0.5105398473320302,0.03668323516735718,0.008683784704210986,True,False,,SBIN.NS,upper
-0.7894254799496012,-0.11140801249354051,0.611392248845243,0,0.33576246717471614,0.18666666666666668,188,0.021230614454173756,0.029056953111690785,-0.11117774861922386,0.6128809187327101,0.19096098642253748,0.04741043773669634,True,False,,SBIN.NS,lower
0.8074619172537142,0.06573800639675136,0.5624186925758312,0,0.5926751913140897,0.6133333333333333,188,0.010894606289361662,0.014039180059744982,0.06664888822467188,0.5613959304619659,0.16346266149271066,0.025007626610538562,True,False,,INFY.NS,upper
-0.7812302892752423,0.08007795406476276,0.559443393319292,0,0.8680014794108956,0.8966666666666666,188,0.007960624039249792,0.01110772261001517,0.07885528527866127,0.5606636588529699,0.10095230778248049,0.01981173959914298,True,False,,INFY.NS,lower
0.8290723214733989,0.2016192442495743,0.5103992273922205,0,0.8894913559124519,0.91,188,0.008273274098091445,0.006401746932412749,0.19428886123382128,0.5177656948450939,0.0425823365257745,0.012364177218589699,True,False,,SBIN.NS,upper
-0.7826423837267992,-0.11344757080409154,0.6159603050754046,0,0.3703171162289649,0.26,188,0.01842566913727096,0.025951215828123108,-0.1132659520918154,0.6172830542137687,0.16267613674031026,0.042041030011372625,True,False,,SBIN.NS,lower
0.8210740200596466,0.07373343426066215,0.5552241405072929,0,0.6597754704813412,0.8,188,0.010136891540619426,0.013172521481663974,0.06738324474972583,0.5642255830520917,0.15043635957137663,0.023346196351018464,True,False,,INFY.NS,upper
-0.7782167367541942,0.057254543510535404,0.5712478240902121,0,0.8202577967208751,0.8533333333333334,188,0.009246363441048025,0.012982344993972807,0.06437375889907554,0.5617769209470794,0.1436355770243058,0.02310943059211481,True,False,,INFY.NS,lower
0.814841552893573,0.2091297491323355,0.5210363217547903,0,0.9193173725078787,0.9066666666666666,188,0.0030953732759691223,0.004844665497039499,0.20928098261521008,0.5198905235740175,0.01479051316265669,0.009318626103334803,True,False,,SBIN.NS,upper
-0.7709492870240071,-0.11405773772784061,0.6184496457179611,0,0.33861517358859516,0.20333333333333334,188,0.011920081771200283,0.017902313751636215,-0.11499768965507656,0.6208122027207618,0.10365495837702239,0.02883692263909857,True,False,,SBIN.NS,lower
0.8046877875548015,0.058233407013184114,0.5812277066497893,0,0.5112476355204665,0.58,188,0.008823994833430047,0.012207039740196641,0.057799853870049184,0.5819026161647874,0.15266463002869593,0.020977804861701657,True,False,,INFY.NS,upper
-0.7764674234597687,0.06170223816799844,0.5679278353865054,0,0.7282487712768895,0.8033333333333333,188,0.010974323347735643,0.015369608842599422,0.06891890111660554,0.5585731552739663,0.15923529797457084,0.027515838207266916,True,False,,INFY.NS,lower
0.8067820802177131,0.2138878321601624,0.5136046257979586,0,0.9054502753549749,0.9166666666666666,188,0.007542521388688103,0.005879702694446526,0.20649122258993124,0.5206349568296592,0.036527078143151565,0.01129333039278985,True,False,,SBIN.NS,upper
-0.7638753471987353,-0.11538499340587163,0.6271525331808303,0,0.3852871918303612,0.21,188,0.01003725796189018,0.014897014905572306,-0.11034520402138175,0.6218545078425647,0.0909623317232884,0.02395578785413567,True,False,,SBIN.NS,lower
0.8010862465642985,0.05698303931766108,0.585884156769155,0,0.44467921638018626,0.5366666666666666,188,0.011095550212042421,0.015343121810456542,0.05898848246856078,0.5830382203908541,0.18809686004361,0.026315807456006615,True,False,,INFY.NS,upper
-0.7775424915596423,0.0732687171983298,0.5571067286935625,0,0.8110047402960596,0.9533333333333334,188,0.009402951229227583,0.013071842536288496,0.07603347820357483,0.5534193494740492,0.12366854989017181,0.023620139614760723,True,False,,INFY.NS,lower
0.809807071514295,0.2159689155037827,0.5121368262570603,0,0.9210362598451953,0.9133333333333333,188,0.0093926525665176,0.0077049148263581895,0.20362798933298829,0.5247758904604535,0.04612652777262721,0.014682295470500217,True,False,,SBIN.NS,upper
-0.7723150704323839,-0.11484095960551753,0.6180600666672752,0,0.46478210941954523,0.3,188,0.01476576429137694,0.02117499881190362,-0.11612664492700919,0.6210730335100965,0.1271522399457548,0.0340942165066924,True,False,,SBIN.NS,lower
0.7929032272106209,0.05241514281630784,0.5950702249202039,0,0.48922982124884273,0.47,188,0.008347164244772961,0.011435990065547585,0.05844158776057112,0.5856004255001678,0.14282915876068936,0.01952865703690944,True,False,,INFY.NS,upper
-0.7752753555628774,0.06605632116973886,0.5651055672524661,0,0.8569938365037888,0.9433333333333334,188,0.008397493722582422,0.011896277601282385,0.07207097550593507,0.5572721871777767,0.11651698202310395,0.021347337372166306,True,False,,INFY.NS,lower
0.8033302425838841,0.21361518991284653,0.513891745902842,0,0.9069960327069942,0.91,188,0.009145158582799486,0.00831470288822055,0.2016691401504245,0.5263142894490872,0.04534733535584464,0.015797980212439333,True,False,,SBIN.NS,upper
-0.7617517761209895,-0.11634443331307867,0.6341929293338572,0,0.38045779567790516,0.17333333333333334,188,0.011624356217155341,0.016604002995052044,-0.11244163130322975,0.6303834888261554,0.10338123921374533,0.02633952669441785,True,False,,SBIN.NS,lower
0.782553851488039,0.08162808571933844,0.584746352044605,0,0.6136385051899463,0.6433333333333333,188,0.006215599461537799,0.0070896033218453575,0.0833776181817776,0.5819353592544526,0.07454756865938572,0.012182801899338432,True,False,,INFY.NS,upper
-0.7725647353533216,0.08088678215208227,0.5466188357002287,0,0.8753418247734921,0.9466666666666667,188,0.009164394677023163,0.0118088752245623,0.07652229774245183,0.5516161609591494,0.11976108598119403,0.02140777563505624,True,False,,INFY.NS,lower
0.8043716990419231,0.20797753014954254,0.5186680054162307,0,0.91260423599525,0.9366666666666666,188,0.007703493961035528,0.005808824449325124,0.20156636553015986,0.5249159285628198,0.03821814993087909,0.011066199409431625,True,False,,SBIN.NS,upper
-0.7639808219925857,-0.10329218895600929,0.615770200147606,0,0.38547805863497786,0.25666666666666665,188,0.011090567925980153,0.01605591355358377,-0.10838370702188554,0.6231198279048823,0.10232688295549666,0.025766975430550593,True,False,,SBIN.NS,lower
0.824204517042959,0.047060282959131436,0.5904673282706216,0,0.9421343216236531,0.9833333333333333,176,0.006206129166151275,0.007894730147439426,0.0572874134296002,0.5783873827735074,0.1083331871920878,0.01364955434035705,True,False,,INFY.NS,upper
-0.7741677676479358,0.11535925389739929,0.5383265713758961,0,0.8223062508818308,0.8033333333333333,188,0.008989970023315648,0.011732789344407394,0.11331490945935303,0.5403913805214048,0.07933615508185947,0.02171165112953934,True,False,,INFY.NS,lower
0.8007028801459783,0.20547700852112777,0.5208415803169169,0,0.8916102767785878,0.9233333333333333,188,0.011957872766830187,0.010947214879262486,0.19807433046012388,0.5285142926380656,0.060370630234346453,0.020713185668996548,True,False,,SBIN.NS,upper
-0.7691944459362022,-0.09506809074459288,0.6129210299407334,0,0.33031986679835423,0.38333333333333336,188,0.01947783161017483,0.025402030800682995,-0.09900850238553192,0.619121202560953,0.19672885836653695,0.04102917213191454,True,False,,SBIN.NS,lower
0.7420771802480768,-0.02325510034970814,0.6344257868430512,0,0.7084291881609208,0.93,200,,,,,,,False,True,invalid,INFY.NS,upper
-0.780463624408779,0.07554683688249472,0.5712938957177542,0,0.9288681135139015,0.9933333333333333,188,0.008490667333388371,0.011054737104753756,0.0764417961958958,0.5698393688607347,0.11107360953284538,0.019399742304323033,True,False,,INFY.NS,lower
0.817361940552015,0.23320226626465565,0.4918193427374433,0,0.9033633183355846,0.9,188,0.020805282454703276,0.01971442647130528,0.214757961082193,0.5106847952040018,0.09687781249684371,0.038603902584158564,True,False,,SBIN.NS,upper
-1.3207483370556632,-0.24092039786883687,0.7188977916484403,0,0.48314133640006907,0.6466666666666666,65,0.03518594781913593,0.02644282482798089,-0.21793949366503496,0.6957359967457739,0.16144823323639135,0.03800698048051903,True,True,sparse,SBIN.NS,lower
0.7421056665938142,-0.012532715164158766,0.6212770479504951,0,0.692216394775691,0.9233333333333333,200,,,,,,,False,True,invalid,INFY.NS,upper
-0.7873426667668812,0.07927732930565867,0.5679405642073568,0,0.922155274783089,0.9766666666666667,188,0.010996089262126816,0.014153402381945254,0.07848990642914656,0.5686472232037758,0.14009556593238404,0.024889600362960625,True,False,,INFY.NS,lower
0.8158213704047762,0.2318432341371689,0.49500390472306377,0,0.9085575654246515,0.9466666666666667,188,0.023155507019320367,0.022222645367834006,0.21666070736054352,0.5107422345494547,0.10687450545447727,0.04351049008573288,True,False,,SBIN.NS,upper
-1.3473647939512707,-0.23892175529879872,0.7244135937483199,0,0.5224748929103253,0.6733333333333333,61,0.031523324319755894,0.019715329607313602,-0.2198434062960508,0.7052232376941667,0.14338989472991634,0.0279561538445816,True,True,sparse,SBIN.NS,lower
1.0634191055903974,0.05549933789782191,0.5517085424232832,0,0.7785359286953313,0.91,125,0.009701579882714266,0.011292331589535501,0.06169115673028819,0.5448776741504578,0.15726043770786932,0.020724525738546,True,False,,INFY.NS,upper
-0.791131960260643,0.08296215246327887,0.5549199717852398,0,0.9707229458524071,0.9866666666666667,188,0.010284732991226704,0.012630472657970997,0.07936516742950649,0.5588858966654583,0.1295874755696449,0.022599375842789735,True,False,,INFY.NS,lower
0.8174073117984876,0.23890996478138793,0.49499158409408894,0,0.8916598815220944,0.9,188,0.013684156248828273,0.01287594838516473,0.23109708102025897,0.501933468139361,0.059213883603704304,0.025652698905231707,True,False,,SBIN.NS,upper
-0.7668358622468238,-0.14874382533524594,0.6428088612973617,0,0.4908409329338087,0.37,188,0.01723804743968481,0.02495220942124026,-0.14738043466690673,0.6428514671236859,0.11696292190354271,0.03881489007831805,True,False,,SBIN.NS,lower
1.0651401715821425,0.05453556741256449,0.5543651049735421,0,0.7906870259464757,0.9,125,0.009876484317025924,0.011423303272787198,0.061604096358049094,0.546619284000306,0.16032185029392085,0.020898097447655774,True,False,,INFY.NS,upper
-0.7889731981768215,0.09142516168977627,0.5467236005300747,0,0.9790851374679429,0.9966666666666667,188,0.010341712998442151,0.012310599981880792,0.08702414982626067,0.5514656576423154,0.11883726334260347,0.02232342048510903,True,False,,INFY.NS,lower
0.8123479709951488,0.22284474391921627,0.5084818457090337,0,0.8695623159652107,0.8666666666666667,188,0.009775552520793613,0.00871197252518497,0.2173698056308342,0.513351375168498,0.04497198699103528,0.016970778256155724,True,False,,SBIN.NS,upper
-0.7669230736940895,-0.1503234547880365,0.6451617002577549,0,0.4305969806470007,0.3466666666666667,188,0.016555557560570738,0.023922265700671824,-0.14984534521545947,0.6462579187915249,0.1104842891977923,0.037016591417927285,True,False,,SBIN.NS,lower
0.7259927614629094,-0.00693083322163328,0.6135326084193949,0,0.7886145007886155,0.92,200,,,,,,,False,True,invalid,INFY.NS,upper
-0.7643145686766062,0.20018400047101742,0.5035119004161277,0,0.6973628131261426,0.7833333333333333,188,0.007382441942967354,0.01010797415431286,0.1997121699867113,0.5031274065553463,0.03696540663397985,0.02009028691681511,True,False,,INFY.NS,lower
0.8103640621244551,0.23000232229893178,0.5052169821303163,0,0.8414854123502479,0.8766666666666667,188,0.013963132792850587,0.011913826771401017,0.22296547445575274,0.5116469050162357,0.06262463818978024,0.02328525086684626,True,False,,SBIN.NS,upper
-0.7671042740404526,-0.13488038250872025,0.6264192959250916,0,0.4812663618730151,0.45666666666666667,188,0.019159730806093074,0.026714402134469035,-0.14501016286907334,0.6402533454963022,0.13212680480970115,0.0417247358489218,True,False,,SBIN.NS,lower
0.7346939052325319,0.01994667387092183,0.5754559100059723,0,0.9952139027262744,0.9966666666666667,200,,,,,,,False,True,invalid,INFY.NS,upper
-0.7636663947047635,0.2330663984410646,0.4836731295888198,0,0.8400271955059535,0.7033333333333334,188,0.01420661619067334,0.01593007428633105,0.2247654065395972,0.4914547818142279,0.06320641497874982,0.032414119368995166,True,False,,INFY.NS,lower
0.8082992360843941,0.23096313938127805,0.5106318538525123,0,0.9142139963753028,0.9466666666666667,188,0.01789618577952734,0.017847424919795626,0.2231613133145585,0.5180847893593076,0.08019394003279706,0.03444884880210101,True,False,,SBIN.NS,upper
-0.7589902325186592,-0.13401390179981332,0.62993347546456,0,0.5160503694790973,0.41333333333333333,188,0.018778717162319054,0.0250523463914781,-0.13650440084078588,0.6346516988855774,0.1375685741336367,0.039474165184978385,True,False,,SBIN.NS,lower
1.0343754790261452,0.02774933945968361,0.5711303221067803,0,0.960644563934528,1.0,121,0.004180698520356506,0.005427690652622188,0.021909015643621035,0.5777456131820341,0.1908208328549629,0.009394602805865047,True,False,,INFY.NS,upper
-0.7572830567595107,0.21918068857291886,0.49784938905057774,0,0.7466382447785931,0.7666666666666667,188,0.008654328385284344,0.011485738883620193,0.21904044990396956,0.4969501945960076,0.039510181767690424,0.02311245428092227,True,False,,INFY.NS,lower
0.8017326466044847,0.23858580642537436,0.5048296030671232,0,0.8800947129664386,0.91,188,0.020819129533454227,0.019868337082695427,0.23235660240114472,0.5105593201645421,0.08959990128239476,0.03891484477679077,True,False,,SBIN.NS,upper
-0.7502002448101416,-0.14231605203887643,0.6404777490907807,0,0.5896233199015677,0.47,188,0.014403069154246372,0.02010049555822588,-0.139611425130337,0.638704206256143,0.10316539716678726,0.03147074192816174,True,False,,SBIN.NS,lower
0.9834871420745604,0.029858516970834487,0.5730373776308252,0,0.9964863797834218,1.0,133,0.00504291366586642,0.006347666429537231,0.03589622981312368,0.5659000861123905,0.14048584732328226,0.011216938242534868,True,False,,INFY.NS,upper
-0.7663104130323515,0.23031157739458918,0.4881698273474441,0,0.8569617238457548,0.7966666666666666,188,0.0070016213342977245,0.01080373014506544,0.22585970590808294,0.491781401569692,0.030999867799121564,0.02196856141955745,True,False,,INFY.NS,lower
0.8090085137538363,0.25811336525866113,0.48190858543305054,0,0.9315553991068383,0.8766666666666667,188,0.02462519635947222,0.022952956191198522,0.24015597806743247,0.49871012751112964,0.10253834000823585,0.04602464330432081,True,False,,SBIN.NS,upper
-0.751233420825615,-0.13342644598965814,0.6384194030522855,0,0.49338261578602005,0.5066666666666667,188,0.0123790625250959,0.017242940913703732,-0.13354344916461414,0.6398382154625748,0.0926968838648749,0.02694890712607526,True,False,,SBIN.NS,lower
1.6690089745787782,0.07062973729539879,0.5579418157906559,0,0.9884257284132867,0.99,41,0.015867619418641534,0.019190164776130687,0.08526201001363765,0.5429130522617699,0.18610419288803517,0.035346662495436505,True,True,sparse,INFY.NS,upper
-0.7617668896229002,0.225037040362685,0.4902824621820229,0,0.8650811993119895,0.81,188,0.005497494541466724,0.009213016172218019,0.21996856080439467,0.4946196767511986,0.024992181934733432,0.01862646477484894,True,False,,INFY.NS,lower
0.80917420304562,0.24185121249357933,0.49400678015907884,0,0.8414356729858347,0.94,188,0.011483436946274525,0.009967807329191971,0.23664804824779703,0.4980794192242077,0.0485253799726938,0.020012485447787925,True,False,,SBIN.NS,upper
-0.7527358155739543,-0.12341790173614416,0.627803231973094,0,0.44190959635112037,0.37333333333333335,188,0.015307211817505292,0.019802141065813246,-0.12253163833837054,0.6281417680651591,0.1249245564316127,0.03152495464767368,True,False,,SBIN.NS,lower
1.5421411438911292,0.08939859576644524,0.5325110226562605,0,0.9972899119109461,1.0,53,0.00905243156161451,0.008693816416016624,0.0775231773771136,0.5430841787036872,0.11677063170247008,0.01600822965729917,True,True,sparse,INFY.NS,upper
-0.7601630898061896,0.22679226496202168,0.49104030275720995,0,0.8874094178182822,0.83,188,0.005445065359674909,0.008717184096119667,0.2224244880947962,0.49452689173810355,0.02448051094333255,0.01762732030448002,True,False,,INFY.NS,lower
0.7996096595928599,0.2436852716345702,0.4911879718713465,0,0.8736913420224114,0.8733333333333333,188,0.006556189601622283,0.005529068821732858,0.24735851482298224,0.4865161486052036,0.02650480555021948,0.01136461497514118,True,False,,SBIN.NS,upper
-0.7527366167316161,-0.11782678268414278,0.6288953414246237,0,0.4522075519396809,0.44,188,0.012887713855012542,0.016350157587068453,-0.1114896084738814,0.6229448162639306,0.11559564048586048,0.02624655811836084,True,False,,SBIN.NS,lower
0.7208620217130287,0.0265118798108693,0.5882677351767258,0,0.9615148128773242,0.9933333333333333,200,,,,,,,False,True,invalid,INFY.NS,upper
-0.7560091001904369,0.2502681693301577,0.4697973913102196,0,0.9443779631009179,0.8133333333333334,188,0.007493049297416239,0.008170602265753935,0.23985843234400928,0.4788863603808335,0.03123946451161212,0.01706167218594315,True,False,,INFY.NS,lower
0.8027138130280267,0.23872401094399287,0.5020673160783731,0,0.6472910141211464,0.8466666666666667,188,0.015485419942007684,0.012938288778332124,0.22804500376895342,0.5122615702197579,0.06790510209399678,0.025257191399717414,True,False,,SBIN.NS,upper
-0.7629545396565008,-0.07918817767006359,0.5911091779918676,0,0.6136943557518189,0.6166666666666667,188,0.012826062160065354,0.014793105093170425,-0.07823222036324298,0.5908686951944647,0.1639485682628782,0.025036196642537985,True,False,,SBIN.NS,lower
0.726224898088604,0.021495603110799247,0.5884231015568095,0,0.9587916125636354,0.9966666666666667,200,,,,,,,False,True,invalid,INFY.NS,upper
-0.7639299268817848,0.26945192071494634,0.4547677240450425,0,0.9368772317169771,0.7266666666666667,188,0.011593948116424549,0.009377383882624404,0.25310385487781334,0.4686951209906331,0.04580707656132222,0.02000742756342355,True,False,,INFY.NS,lower
0.777076060163649,0.19877555595009272,0.5463170588667048,0,0.7699178407124325,0.6866666666666666,188,0.010925280090943281,0.011514806101718645,0.20429318020990503,0.5387240389040084,0.05347843498707857,0.021374219556644276,True,False,,SBIN.NS,upper
-0.7395167660969982,0.005837981863998693,0.5432204696849412,0,0.9018469433939227,0.9766666666666667,200,,,,,,,False,True,invalid,SBIN.NS,lower
0.7299187290257801,0.026288701714705286,0.5807976636945218,0,0.9425378307444491,0.9933333333333333,200,,,,,,,False,True,invalid,INFY.NS,upper
-0.7643833467078905,0.25680884352673283,0.46803434347283435,0,0.9674716481999794,0.9533333333333334,188,0.005459433958039731,0.005067187999927486,0.2507810686093307,0.4726868711310665,0.021769720380477718,0.010719967492650716,True,False,,INFY.NS,lower
0.8061369562831004,0.23630275045541865,0.5017134518451674,0,0.8432114929086072,0.9133333333333333,188,0.004534346040395006,0.006396520780872416,0.22994899753410883,0.5070761700563827,0.01971891981191707,0.012614516383240827,True,False,,SBIN.NS,upper
-0.7588005176525509,-0.045841894909077786,0.5827624510047963,0,0.5832108328305046,0.5066666666666667,188,0.0066536403176097976,0.006990826978297339,-0.037422160626300834,0.5740629747674455,0.1777994222743863,0.01217780481200916,True,False,,SBIN.NS,lower
0.7510098015273109,0.024554582668127923,0.581136020261413,0,0.9476714458920147,0.9933333333333333,188,0.004477029604034078,0.005490377895373256,0.026808994230450935,0.5783825655333259,0.16699723591183802,0.009492640559426578,True,False,,INFY.NS,upper
-0.7518100052220318,0.26919862085240187,0.46532972166303577,0,0.9765022742103048,0.9633333333333334,188,0.007579873345990065,0.003021731408063953,0.2668727123528366,0.4663295813591191,0.028402578124745906,0.00647981913233751,True,False,,INFY.NS,lower
0.7999732759360273,0.22942489901079766,0.5033606125753384,0,0.8028730032839262,0.7933333333333333,188,0.007009283773963499,0.0043481024943845285,0.22863498406997626,0.5031407869653921,0.030657090803073786,0.008641919956817986,True,False,,SBIN.NS,upper
-1.3344892445741472,-0.26246263539797976,0.790185934867172,0,0.5971976331860982,0.6433333333333333,61,0.0437289496719981,0.03934986501795603,-0.2535987641060609,0.7834722852315993,0.17243360038368968,0.05022496041972226,True,True,sparse,SBIN.NS,lower
0.7724104418571814,0.046585703537286687,0.5553207946072817,0,0.9928536004785053,0.9166666666666666,180,0.006440079240289683,0.007894459865942581,0.04022427588247219,0.5621736886122667,0.16010425291592212,0.014042741390125792,True,False,,INFY.NS,upper
-0.7578176650309109,0.26608133684870555,0.48192740507234166,0,0.8737607379348251,0.9566666666666667,188,0.02210369753755997,0.018690027274117588,0.2504697592830583,0.4968657234119514,0.08824896354090687,0.03761585075665036,True,False,,INFY.NS,lower
0.7902586438500097,0.21064812738726058,0.5108491918531014,0,0.704994535114807,0.8633333333333333,188,0.005466910372696477,0.007703300126866219,0.2176630290653899,0.5022470083488605,0.025116392733329974,0.015337672192043777,True,False,,SBIN.NS,upper
-1.3139939376815972,-0.2457647156989099,0.7951761137632267,0,0.6009228585332149,0.64,65,0.037356943408455634,0.02914615901483912,-0.23048186845743782,0.7790529606334547,0.16208191142174413,0.03741229430283813,True,True,sparse,SBIN.NS,lower
0.7744080775250433,0.03401034961346426,0.5783555727297733,0,0.877244695117302,1.0,176,0.006212318408937504,0.008151166152870247,0.0342959998788793,0.5778408214972673,0.1811382266006189,0.014106248137137388,True,False,,INFY.NS,upper
-0.7593131818838358,0.2647526275540546,0.4690136541595086,0,0.7620557847215096,0.93,188,0.024334909104550703,0.020484712130360683,0.2431322112037336,0.4898366915308348,0.10008919831386384,0.04181947180834343,True,False,,INFY.NS,lower
0.7939972206531231,0.1982506187408738,0.5062004781686691,0,0.6743813718903388,0.7833333333333333,188,0.01262500759499709,0.013789628259534318,0.1939649055576206,0.5103807123840638,0.06508912995271361,0.027018317218410845,True,False,,SBIN.NS,upper
-1.2953365794850278,-0.253394985454927,0.807239134040109,0,0.30522903420748326,0.5266666666666666,69,0.04801888686454909,0.04361200164859866,-0.24110106659362807,0.7962190733432079,0.19916496244222145,0.05477387136399472,True,True,sparse,SBIN.NS,lower
0.7454100073026885,0.048447600138330715,0.5648525643842124,0,0.9971765745518743,0.9766666666666667,188,0.004670491609458235,0.005790191828055994,0.04419452965891988,0.5692399172260519,0.10568028642234267,0.010171794969253165,True,False,,INFY.NS,upper
-0.7595252815639865,0.255561878400106,0.47554048890080935,0,0.5067315698340356,0.9166666666666666,188,0.025667338999534054,0.022858339044681073,0.23525389095438434,0.4959611141513159,0.10910483905009058,0.0460889733722498,True,False,,INFY.NS,lower
0.8039912673055513,0.21144282276614082,0.49436651655297825,0,0.7686252431795977,0.6566666666666666,188,0.01680623562318864,0.018115593522675368,0.19495554887813973,0.5120883786131197,0.08620547021023217,0.03537591151351336,True,False,,SBIN.NS,upper
-0.9128718931056353,0.05255955244936869,0.5249838367051689,0,0.7302939557589073,0.7533333333333333,152,0.006122515719435351,0.005618292153470051,0.0524364888386972,0.5246908451614035,0.11676057431426073,0.010707814131316948,True,False,,SBIN.NS,lower
1.0314258457511252,0.07995164681661068,0.5474801067636174,0,0.9168222676926894,0.9666666666666667,117,0.010022356944382513,0.010851197679554126,0.07378459895183509,0.553112876472804,0.13583262263983645,0.01961841415185988,True,False,,INFY.NS,upper
-0.7365446727855857,0.2331940954777375,0.5009005424381728,0,0.7032807293592662,0.87,188,0.01296295861049179,0.010526891817256013,0.22068787984812152,0.5132169800012262,0.05873887606344399,0.020511580914791737,True,False,,INFY.NS,lower
0.8005005540841615,0.21299972472762907,0.49339882611368746,0,0.8215273433982918,0.8566666666666667,188,0.017532100949645805,0.01785553809495548,0.19972402231028283,0.5074142200540178,0.0877816292152998,0.03518927345229288,True,False,,SBIN.NS,upper
-0.9172376040593271,0.041238613260080506,0.5317761613873746,0,0.6800740282195232,0.7866666666666666,152,0.008834662556683545,0.008115883623663354,0.04788438983107501,0.5257985109458315,0.18449980761688928,0.015435348903348214,True,False,,SBIN.NS,lower
1.0072267441833374,0.07863235577299055,0.5303483072430155,0,0.8695819038283158,0.9033333333333333,121,0.010801178578920613,0.011675668185731389,0.06478765324617815,0.5438312454693374,0.16671659445222822,0.02146928494511602,True,False,,INFY.NS,upper
-0.7291937598438919,0.22355161339817997,0.5211435007869132,0,0.8247711116027161,0.82,188,0.008941303744401196,0.007447997524426635,0.21801996870274562,0.5262270542664912,0.0410113962839709,0.01415358127733018,True,False,,INFY.NS,lower
0.7940392576948949,0.2223918999826296,0.48568391536837746,0,0.7494562601982007,0.84,188,0.024545076119341293,0.02548521478185396,0.20174815980338534,0.5079745490978319,0.12166195184452884,0.05017025818599255,True,False,,SBIN.NS,upper
-1.3378466043338826,-0.26202138837070577,0.8108430557268322,0,0.36461595575362515,0.47333333333333333,65,0.04774377446083056,0.0418417632254209,-0.24623365392744068,0.7949413080794415,0.19389621101889437,0.052635033899746914,True,True,sparse,SBIN.NS,lower
1.018391932793626,0.04693108890128116,0.5573776002254427,0,0.8376042530394727,0.9366666666666666,117,0.006382394940568237,0.007428962788792452,0.05027905438456043,0.5533023728665415,0.12693941342568274,0.013426587375793652,True,False,,INFY.NS,upper
-0.7279654441534739,0.23105234444841155,0.5100711410668547,0,0.8850536783122198,0.8366666666666667,188,0.010587086363897153,0.007322815727267544,0.22553233418051774,0.5149605667114284,0.04694265207221529,0.014220148218008296,True,False,,INFY.NS,lower
0.7841095358278445,0.21401248922219282,0.5082079609436766,0,0.6852059913993558,0.8033333333333333,188,0.014807274454787274,0.013335534148455305,0.20720292387704656,0.514952405715584,0.07146266791557042,0.02589663382765976,True,False,,SBIN.NS,upper
-1.340242039924974,-0.20505521949185748,0.7514187906081035,0,0.18781287672507851,0.31,65,0.03908689002491138,0.0357231104980346,-0.21527283942073297,0.7690197369888577,0.18156906516585047,0.04645278699007477,True,True,sparse,SBIN.NS,lower
0.7036023162521333,0.03689853372671693,0.5644483170146115,0,0.9403207252010719,0.8766666666666667,200,,,,,,,False,True,invalid,INFY.NS,upper
-0.7340165802313618,0.2315258703715729,0.5097719978501316,0,0.7200176179157286,0.8333333333333334,188,0.00695729092232905,0.004332048212797157,0.22627215019300706,0.5142299307845798,0.03074744553812796,0.008424340687334522,True,False,,INFY.NS,lower
0.7797263583775041,0.21617403769122184,0.503953229121449,0,0.6030374978651327,0.8133333333333334,188,0.013037048578747297,0.011336807573828465,0.21123070964818702,0.5084450179457533,0.06171947243498015,0.022297017279590752,True,False,,SBIN.NS,upper
-1.3350695907574244,-0.24589962768487036,0.8018373942701291,0,0.3731294038458435,0.32,65,0.03891292656304091,0.0354063771923124,-0.2507759861555496,0.8144357248949227,0.1551700607697089,0.04347350647240506,True,True,sparse,SBIN.NS,lower
0.988905142972818,0.07769614490023166,0.5491952642848972,0,0.8978610807293826,0.8133333333333334,125,0.011427428562569251,0.012243115465020823,0.06502321513784218,0.5620332235076332,0.17574379828660214,0.021783614802654803,True,False,,INFY.NS,upper
-0.7233479686507613,0.22780715835266582,0.5031581420842521,0,0.6153961413400155,0.77,188,0.0035135489418529064,0.003306084413191228,0.22252483086033004,0.5076229789507564,0.015789468394938527,0.006512873697908795,True,False,,INFY.NS,lower
0.785076763045931,0.21894725894157363,0.4955422055347397,0,0.5983649898516257,0.75,188,0.021470483014046558,0.021843536594778678,0.20599798743358896,0.5094768127918393,0.10422665890705253,0.04287444613295677,True,False,,SBIN.NS,upper
-0.7584047721957455,-0.031281202324369595,0.6090529269214197,0,0.36409477765429465,0.5233333333333333,188,0.007309062314667933,0.008706975063853093,-0.04042237696669621,0.619366648774337,0.18081718728510096,0.014057868534743704,True,False,,SBIN.NS,lower
0.7223493318629143,0.04976789332400014,0.6062388332919442,0,0.9765013828771385,0.9933333333333333,184,0.01037977133573972,0.013256563147309537,0.05461764905858681,0.6002925847194578,0.19004423687594582,0.022083502718378344,True,False,,INFY.NS,upper
-0.7201047058742459,0.23062157914277426,0.4876380437990035,0,0.7214681882746616,0.69,188,0.006407035355158382,0.007833179867648445,0.21988542643632578,0.49772091428531356,0.02913806143324879,0.01573809636172369,True,False,,INFY.NS,lower
0.777531718989204,0.22393902674123956,0.4920553580663511,0,0.7418337364118074,0.83,188,0.021869671577338087,0.02150786444706593,0.2167643666965594,0.49933322290573706,0.10089144678949091,0.04307316843685054,True,False,,SBIN.NS,upper
-0.7579984850911204,-0.025115752659302652,0.6020086380767908,0,0.3864051033637226,0.5866666666666667,188,0.00458778818823817,0.005091080773938762,-0.030693545186200776,0.6081980455598831,0.14947073287556958,0.00837076134558193,True,False,,SBIN.NS,lower
0.755627075544747,0.02942487692430716,0.6366077016284021,0,0.7613706899942032,0.8833333333333333,172,0.006505039346857059,0.008847995279445268,0.036772846174720174,0.6271002390063384,0.1768978541114521,0.014109379311306632,True,False,,INFY.NS,upper
-0.7220501759668045,0.22314129195290117,0.48948890258169175,0,0.9071349100837505,0.7966666666666666,188,0.007188677263886388,0.00625670341487908,0.21460821870646155,0.49717561628640433,0.03349674570828769,0.012584493454783373,True,False,,INFY.NS,lower
0.781305571117342,0.2296486264629835,0.48335856112467884,0,0.6903314146613997,0.7766666666666666,188,0.021575788020857956,0.019969505376983613,0.2197506401014182,0.4932357029969335,0.09818304524196132,0.04048673859329356,True,False,,SBIN.NS,upper
-0.7573489352254666,-0.04152912918521634,0.6150758396391834,0,0.341491992130298,0.49333333333333335,188,0.006443978068317838,0.007516751622771417,-0.03801098705690157,0.6114788291303459,0.16952930907524877,0.012292742024338651,True,False,,SBIN.NS,lower
0.7409976476715971,0.07112835005326772,0.5925943601297361,0,0.9634259457187713,0.82,188,0.009444982362135645,0.012533890220889372,0.06440828943026225,0.6000410930467022,0.14664231854719517,0.02088838607430171,True,False,,INFY.NS,upper
-0.7161046884752552,0.16812259624035944,0.5215416992882693,0,0.5068106936397507,0.44666666666666666,188,0.00472903114854736,0.006263574803538936,0.1764763054780668,0.5109532392532788,0.026796973496055924,0.012258606462905747,True,False,,INFY.NS,lower
0.7808938407478855,0.2379605469865893,0.4782412416557403,0,0.6896545473824243,0.8833333333333333,188,0.021150547625783857,0.0191972738492476,0.2236116110438978,0.4920881857452802,0.09458608424305344,0.03901185603562962,True,False,,SBIN.NS,upper
-1.278011672734583,-0.24833042588417825,0.8156130571686548,0,0.5441059670741019,0.7666666666666667,69,0.04110414256005053,0.04032567189780582,-0.22245464241208288,0.7841953189369839,0.18477537832702984,0.051422994258929454,True,True,sparse,SBIN.NS,lower
0.7429658396896919,0.06834267092563345,0.5963385149233444,0,0.9542230208131403,0.8733333333333333,188,0.012954944794204084,0.01659643133476085,0.06631293485482596,0.5985175014023331,0.19536072214204014,0.027729232676710208,True,False,,INFY.NS,upper
-0.7242973740252903,0.18141381415219257,0.5057675026074616,0,0.6895283232600973,0.66,188,0.003832435566655994,0.0036468242027903196,0.17800314466272993,0.5088366428659931,0.021530155316165443,0.007166984104328555,True,False,,INFY.NS,lower
0.7859864923209294,0.22285926698034697,0.4886953417768224,0,0.8126874684390282,0.9066666666666666,188,0.008375212536757885,0.00707207138459348,0.22022638073565404,0.4903203220771375,0.03803001315501268,0.01442336962579985,True,False,,SBIN.NS,upper
-1.296950552474885,-0.23023334063564682,0.7955955286255159,0,0.5049470145141203,0.7,69,0.04147777269735148,0.03934164837401419,-0.21002976198641923,0.7724804018203252,0.19748520557377686,0.050928991560196146,True,True,sparse,SBIN.NS,lower
0.744062095825531,0.07328603737353248,0.5932774969116793,0,0.899881381847307,0.9633333333333334,188,0.013285507035227287,0.01663802452259572,0.07587796987409957,0.5900523962299972,0.1750904156551248,0.028197536942354856,True,False,,INFY.NS,upper
-0.7275650450852416,0.1710275648060202,0.520528574284152,0,0.5576394782578316,0.51,188,0.00947945347088408,0.00840727388465067,0.17114478105254952,0.5197255423251971,0.05538850123678869,0.016176372023729478,True,False,,INFY.NS,lower
0.7873362308818959,0.21421222009707927,0.4818399671639961,0,0.6693389832967298,0.8466666666666667,188,0.01893672860011878,0.017530289052280074,0.20820201925046908,0.4876613174150108,0.0909536216735799,0.03594767119468836,True,False,,SBIN.NS,upper
-1.3062951435054284,-0.2697655186579756,0.8381975948605976,0,0.8139776186181641,0.8366666666666667,69,0.043404338593448805,0.0446518888331952,-0.2374254195958634,0.7951857567121855,0.18281250945751695,0.056152776750287056,True,True,sparse,SBIN.NS,lower
0.7351026411415716,0.06615520084495011,0.59832322011266,0,0.8928175848551698,0.9766666666666667,188,0.012128570516378735,0.015159750548027338,0.06975792555264608,0.5939063648434607,0.1738665346141923,0.025525488848344286,True,False,,INFY.NS,upper
-0.7197844580000854,0.18095966635068797,0.5159138461848447,0,0.5475877539398866,0.6633333333333333,188,0.013208000506904278,0.01177105068416366,0.1788603819266299,0.5175739368605805,0.07384530674808269,0.022742741893332665,True,False,,INFY.NS,lower
0.7954060854203421,0.2282984770135153,0.4695266580773596,0,0.6910407309637121,0.88,188,0.024746465771918334,0.022416208105395803,0.2153925044064746,0.48246614961109513,0.11489009188693732,0.04646172101161456,True,False,,SBIN.NS,upper
-0.9053632039628946,-0.05082725691046403,0.6195008629831569,0,0.5422893346938147,0.6766666666666666,152,0.008157473755059621,0.00899363297155198,-0.04321632887025347,0.6120043025164484,0.18875901958170144,0.014695375159321712,True,False,,SBIN.NS,lower
0.7249802736073422,0.048196773606359905,0.6151343228891899,0,0.9418400409890009,0.9766666666666667,188,0.010598157712840346,0.013460089076550542,0.057433497170325754,0.6038929005095567,0.18452917530197616,0.02228886751658187,True,False,,INFY.NS,upper
-0.7145571334989829,0.1759682864147469,0.5233399353028637,0,0.6524836152506039,0.54,188,0.010705453780239687,0.010385354999773411,0.1787068357729941,0.5194472412298414,0.059905112945916474,0.01999308875960953,True,False,,INFY.NS,lower
0.7988558968073749,0.22834073600966287,0.46910469694538914,0,0.8007739571851182,0.91,188,0.025115714716810705,0.023593072924304806,0.21286182676441923,0.4846426057209336,0.11799068869544259,0.04868138326880058,True,False,,SBIN.NS,upper
-1.3193509741369118,-0.2566211731807073,0.8092241858384195,0,0.7998197842515167,0.82,69,0.027766307434564312,0.026033790241219285,-0.2293725494196713,0.7746717760967451,0.12105330953630644,0.03360621970291822,True,True,sparse,SBIN.NS,lower
0.7561882083615902,0.04647230713525574,0.6172022830146123,0,0.9309427289540405,0.93,180,0.00815852621214098,0.011000225611248703,0.041080228001822594,0.6236549344901735,0.19859977957720237,0.01763832020964924,True,False,,INFY.NS,upper
-0.7208525748318805,0.17297751164260572,0.5280717217975799,0,0.6233234531798146,0.56,188,0.010850084264510059,0.010576708681250907,0.17283395768145596,0.5275737821214964,0.06277749918064404,0.020047828074854723,True,False,,INFY.NS,lower
0.7905503617387055,0.21662446931321355,0.48077071542265626,0,0.8222535740032122,0.9133333333333333,188,0.02634891772381901,0.02652499614811556,0.2018470955852434,0.4967823725384077,0.1305389921119846,0.05339359260805678,True,False,,SBIN.NS,upper
-0.7637633860722155,-0.07346281139968847,0.645682441385208,0,0.5262212893696403,0.59,188,0.011611094775727063,0.014687464212971034,-0.07658235579832182,0.650017597592567,0.15161577544241267,0.022595486708995704,True,False,,SBIN.NS,lower
1.21149312843669,0.07669519693311422,0.5985302833598193,0,0.9029494365878425,0.97,89,0.014856004284070287,0.018215922482606846,0.08113034468525131,0.5926880106644924,0.18311277377875143,0.030734419876048878,True,True,sparse,INFY.NS,upper
-0.7197221549218622,0.17600004961256083,0.5212549956334052,0,0.4520083706313439,0.4166666666666667,188,0.01139942038502273,0.010823393883733316,0.17633109903740082,0.5201374871866574,0.06464781198991296,0.020808716814833317,True,False,,INFY.NS,lower
0.7827856693192579,0.19513623573110644,0.5093424456683273,0,0.8467601963984339,0.8266666666666667,188,0.017959888964120752,0.017603398108943596,0.1883788298761521,0.5168154144830216,0.09533920569809387,0.03406128624460569,True,False,,SBIN.NS,upper
-0.7589532414454561,-0.06620892773197788,0.6360338778177079,0,0.6365554753337457,0.6633333333333333,188,0.010361406211795769,0.013115601419037564,-0.06783253102716193,0.6384680962320716,0.15274978726872093,0.020542296930757386,True,False,,SBIN.NS,lower
0.6951552484164031,0.05203770502951033,0.6042167416791697,0,0.7823952042254878,0.7766666666666666,200,,,,,,,False,True,invalid,INFY.NS,upper
-0.724137165103763,0.1777584742467253,0.5242552232181574,0,0.526813513302518,0.5133333333333333,188,0.015218490115088596,0.015259780070028069,0.170483269288208,0.5322333327124524,0.08926676081447965,0.028671221521482933,True,False,,INFY.NS,lower
0.7847894301414484,0.17622516009920164,0.5268099678586526,0,0.8689631543877938,0.8,188,0.018692654288961802,0.02050302443016457,0.16892018296397185,0.5357899907534677,0.1106596787569895,0.038266903826744976,True,False,,SBIN.NS,upper
-0.7628932201629292,-0.08222521872084224,0.6517816251993966,0,0.6170804266306309,0.6766666666666666,188,0.012854169239089929,0.017401816308783527,-0.0809600861326585,0.6511288099568309,0.15877166472267423,0.026725612160643186,True,False,,SBIN.NS,lower
0.687826702822755,0.04670432667307693,0.6102987184500546,0,0.7572998456103257,0.8,200,,,,,,,False,True,invalid,INFY.NS,upper
-0.728741434947083,0.19485584008497125,0.5050624761816223,0,0.6469854574895042,0.77,188,0.02286208498672883,0.023685443260921337,0.17792137285478424,0.52386788248661,0.12849543219540055,0.045212626314041056,True,False,,INFY.NS,lower
0.7914652130449495,0.1735560939450737,0.5219193328170393,0,0.7964800402857263,0.7966666666666666,188,0.013825760534580326,0.015360501068489277,0.16745291062355963,0.5291904307627869,0.08256506057401738,0.029026414472544716,True,False,,SBIN.NS,upper
-0.7721958637738047,-0.07689310567454495,0.6407479262849982,0,0.7783290528931863,0.9166666666666666,188,0.01253153325852734,0.017423028465151185,-0.08636469264859514,0.6532232205612257,0.14510017257300412,0.02667239566814234,True,False,,SBIN.NS,lower
0.6923087259881455,0.02278754057372131,0.6271036892789676,0,0.9600437373913351,0.89,200,,,,,,,False,True,invalid,INFY.NS,upper
-0.7218806316057937,0.17791341131091776,0.524483692086831,0,0.6444267654487192,0.6333333333333333,188,0.027936779276700276,0.030203060896208486,0.17069620907998964,0.5337072552332321,0.1636637262809487,0.05659106192419852,True,False,,INFY.NS,lower
0.7823866676467089,0.17170903073298877,0.5234987488089577,0,0.8633181931618552,0.8066666666666666,188,0.01784815227387366,0.019480102817363478,0.16755659665420844,0.5286453547032881,0.10652013448032774,0.036849094152744614,True,False,,SBIN.NS,upper
-1.3172610747411757,-0.1921365716169908,0.7746742704369356,0,0.9774020557161346,0.99,69,0.029020562023808802,0.027647468698068268,-0.1699212427867932,0.7469111592202552,0.17078830074435733,0.03701573873494367,True,True,sparse,SBIN.NS,lower
0.6883098232405466,0.012681077341824746,0.6383198894649891,0,0.8368245540916058,0.7366666666666667,200,,,,,,,False,True,invalid,INFY.NS,upper
-0.7167306510599127,0.18029907068002926,0.5223750951438989,0,0.6860413980462396,0.6933333333333334,188,0.020123567317268755,0.020910042021095348,0.16766357489999875,0.5369932736728534,0.12002348231592003,0.038939112754032404,True,False,,INFY.NS,lower
0.778082069783482,0.17628091023221512,0.5180154800953314,0,0.8379969763379774,0.7733333333333333,188,0.012189073158889039,0.011659037909228672,0.1707844174499186,0.5242076661304039,0.07137110415095313,0.022241257501785083,True,False,,SBIN.NS,upper
-0.7631937127668894,-0.052915010730945386,0.6422304354125667,0,0.8255574704492985,0.8533333333333334,188,0.01079405856950992,0.014654682464143406,-0.06196963655789261,0.654128605102648,0.17418299391825662,0.022403365524444677,True,False,,SBIN.NS,lower
0.6835297533065313,0.007685956509315087,0.6486199035187583,0,0.790396880668645,0.7266666666666667,200,,,,,,,False,True,invalid,INFY.NS,upper
-0.7204866980444293,0.18025649387362522,0.5152041874932216,0,0.770837376586923,0.71,188,0.016810969262542035,0.017156189445079253,0.17115805055302277,0.5252804952698663,0.09821897495347111,0.03266100544939346,True,False,,INFY.NS,lower
0.7693696723397307,0.1722038945438939,0.5259259860178378,0,0.7880239864272645,0.74,188,0.008681999492244928,0.009301896586130086,0.16389405152526507,0.5356915910183894,0.05297324022265783,0.017364275580290023,True,False,,SBIN.NS,upper
-0.7881970972626272,-0.03791229819233105,0.6228020942717997,0,0.8002155723920313,0.8733333333333333,180,0.00860268205778478,0.010893172793050443,-0.04365736181828191,0.6298434545597152,0.1970499299314745,0.017295047747562464,True,False,,SBIN.NS,lower
0.6848226826311808,0.02122097443083742,0.6327012993772461,0,0.6937741468959611,0.5466666666666666,200,,,,,,,False,True,invalid,INFY.NS,upper
-0.7285444019674324,0.18402662007555642,0.509136558490147,0,0.6052507242254942,0.5766666666666667,188,0.02302413675646542,0.021813149770888947,0.18328861015122244,0.5099774772269446,0.12561683719081596,0.04277277000892766,True,False,,INFY.NS,lower
0.7756274186245409,0.1767313013212633,0.533055063427708,0,0.772365610773873,0.7266666666666667,188,0.012333803288635935,0.012885495639833966,0.16476673789237836,0.5472349701318852,0.07485614328378974,0.02354654966816727,True,False,,SBIN.NS,upper
-1.426957944653577,-0.20014041365454488,0.7570993776483215,0,0.925722152483434,0.8533333333333334,57,0.03535576353975523,0.030777897191746593,-0.20259342304124636,0.7642917025715096,0.17451584194516853,0.04026982981169891,True,True,sparse,SBIN.NS,lower
0.683749421655461,0.017905403924942095,0.6358504661331514,0,0.7734946349681805,0.5266666666666666,200,,,,,,,False,True,invalid,INFY.NS,upper
-0.7227149386420839,0.18373790120029485,0.5099671597359374,0,0.7343179882168303,0.5566666666666666,188,0.01963997565447664,0.019983256125431996,0.1718458712359848,0.5233162990052932,0.11428831178971544,0.038185808050614126,True,False,,INFY.NS,lower
0.7726955336601854,0.18020959404444825,0.5335491382878373,0,0.8568342603015751,0.7533333333333333,188,0.012556404054572841,0.01267766535665104,0.1702461873342153,0.5451457324376657,0.07375438777010096,0.0232555523591944,True,False,,SBIN.NS,upper
-0.7761902775659192,-0.03600765483530706,0.6097894365450364,0,0.7982245261548777,0.9233333333333333,180,0.00695066661679465,0.008680265798158178,-0.04306639370930221,0.6182440855553463,0.16139417314042703,0.014040191989801389,True,False,,SBIN.NS,lower
0.6884703582708867,0.02244185394510837,0.6316885345934902,0,0.7747616576642817,0.48,200,,,,,,,False,True,invalid,INFY.NS,upper
-0.7261681848786327,0.1776341251408533,0.5152821307225085,0,0.6410855951965233,0.5,188,0.022488400639681293,0.02232272395569273,0.17534029420510597,0.5179901832283895,0.1282557409811225,0.043094877562383324,True,False,,INFY.NS,lower
0.7787254420863363,0.19354369165570115,0.5152260540022616,0,0.8541604341671452,0.6133333333333333,188,0.014925231494177694,0.016103482899668436,0.1750708209787261,0.5361048685805867,0.08525253127970443,0.03003793388768384,True,False,,SBIN.NS,upper
-1.4114591971333719,-0.20855733038018284,0.7634207156728704,0,0.9484940107695711,0.91,57,0.03933528912197523,0.0369315027305076,-0.20557447571407758,0.7628326059285729,0.19134324468983255,0.04841363879748639,True,True,sparse,SBIN.NS,lower
0.7653585781328929,-0.030598586161840115,0.7007267083267242,0,0.9558392044979743,0.93,168,0.004333813588387582,0.0061859098835354035,-0.024790595140234423,0.691968837422776,0.17481677288118835,0.008939578575790946,True,False,,INFY.NS,upper
-0.7215692218008565,0.18040087812599115,0.5177107794521283,0,0.7431800761700291,0.48,188,0.017126426491153045,0.016687364739808593,0.178751070299323,0.5192150011143052,0.09581159712419322,0.03213960379149144,True,False,,INFY.NS,lower
0.7778742914607681,0.18468826462574467,0.5243812816574842,0,0.8094142693347816,0.7833333333333333,188,0.012520860985367973,0.013551179944220289,0.1724698708690158,0.5382679149438373,0.07259737713205172,0.025175529353034017,True,False,,SBIN.NS,upper
-1.4387740141648673,-0.2592807806675329,0.8280589669455779,0,0.8434286041235299,0.8266666666666667,53,0.038134197296609836,0.05247421491272704,-0.20620640499128515,0.7557691398547984,0.1849321578973258,0.06943153861573816,True,True,sparse,SBIN.NS,lower
0.6774239579721819,0.0015076123018782875,0.6540002804860443,0,0.9344808622585725,0.8933333333333333,200,,,,,,,False,True,invalid,INFY.NS,upper
-0.7122805109466928,0.18401823238755033,0.5139406006973606,0,0.5513133955797845,0.4666666666666667,188,0.017298381096433953,0.015623020958361277,0.18591810327402566,0.5114698799316652,0.09304301120428099,0.030545338573984455,True,False,,INFY.NS,lower
0.7795870301626763,0.19048254206251858,0.5167774395228285,0,0.9375921209559337,0.73,188,0.012328626130317695,0.012735336846916504,0.17567743638038205,0.5332037827710098,0.07017762600910868,0.023884557873701834,True,False,,SBIN.NS,upper
-1.3784926177058208,-0.22289445768109334,0.7819801228817677,0,0.9282401597161304,0.93,61,0.033539521375973054,0.031402341815793613,-0.2050270586933248,0.7596657098093894,0.1635858210807314,0.0413370525968618,True,True,sparse,SBIN.NS,lower
0.6745597648214082,-0.004755583243333299,0.6625080452484262,0,0.9551995101464051,0.91,200,,,,,,,False,True,invalid,INFY.NS,upper
-0.7268422698728148,0.1959178722959677,0.50272916355803,0,0.826694921908729,0.7866666666666666,188,0.018500076796899956,0.01652022943286086,0.18848239823090449,0.5103356376000319,0.09815280359871058,0.03237130212351606,True,False,,INFY.NS,lower
0.77827718712432,0.18971056445624643,0.5133573884286149,0,0.9486743229610324,0.8933333333333333,188,0.012005457997251995,0.012200263824090824,0.1831287069290334,0.520100346875196,0.06555748436715356,0.023457518655420603,True,False,,SBIN.NS,upper
-1.378168144860296,-0.24265186244478307,0.8158061344038685,0,0.8877086154136753,0.97,61,0.04183370771203045,0.04021474226217385,-0.22657701768382285,0.7967828490905132,0.18463349148708644,0.05047139481398598,True,True,sparse,SBIN.NS,lower
1.456910944205663,0.11201016938155633,0.5352725603840098,0,0.6963291885403861,0.9333333333333333,65,0.01934753076606171,0.01653943572817025,0.10406857931948182,0.542272784878531,0.18591133878702262,0.030500212963615627,True,True,sparse,INFY.NS,upper
-0.7160375846009857,0.17866430667912397,0.5165217853245165,0,0.480379750967481,0.43666666666666665,188,0.020410658089068976,0.018799310111324543,0.18577182217957047,0.5085079007604286,0.10986949878030841,0.03696955290864961,True,False,,INFY.NS,lower
0.7766307221916839,0.18937489628387583,0.5106849334455186,0,0.9636530368451612,0.93,188,0.010630346314168964,0.010314550659875984,0.1791489871384527,0.5215867737807977,0.059338017426653275,0.019775329783299843,True,False,,SBIN.NS,upper
-1.374787474135796,-0.2523501935731245,0.8288759206694177,0,0.8234600429753957,0.9533333333333334,61,0.039613839536162515,0.03764305912779576,-0.22603678712934352,0.7944551835177062,0.17525394112488044,0.04738223053350434,True,True,sparse,SBIN.NS,lower
0.7355393243793408,-0.024509975895037648,0.6910641845578502,0,0.8541209948860694,0.9466666666666667,180,0.0027380217647973507,0.0038516662339247976,-0.022107651687696833,0.6875716514114463,0.12384945108514533,0.005601839706450527,True,False,,INFY.NS,upper
-0.7171222033932833,0.19126482020909347,0.50347175382051,0,0.6564512624791228,0.4533333333333333,188,0.021255866889934694,0.018325275421523842,0.1955667477819449,0.4988755151719768,0.10868854774201854,0.036733161874811536,True,False,,INFY.NS,lower
0.7684345729091278,0.19478948789515624,0.5143714800134771,0,0.9429334238611227,0.9266666666666666,188,0.0077346653289761666,0.007820132983895866,0.18682017558407896,0.5223253078927969,0.04140165745363291,0.014971767050167931,True,False,,SBIN.NS,upper
-1.363172052407955,-0.2597423506736042,0.8368743514698281,0,0.8344254022511166,0.9533333333333334,61,0.03994885589293784,0.03888635629018705,-0.22774864008516968,0.79369729605693,0.17540765171604059,0.04899393760497132,True,True,sparse,SBIN.NS,lower
0.7309592639777174,-0.025987741552028373,0.6945187300365753,0,0.8832290967395092,0.96,180,0.003876979358317281,0.0058140148146844555,-0.022295755694540922,0.689144893815418,0.1738885944278896,0.008436563605847535,True,False,,INFY.NS,upper
-0.713212145912247,0.18895558549139294,0.5060900177002061,0,0.5716916341654238,0.52,188,0.02201731241068339,0.019102181722591344,0.19641053041108023,0.498212841991051,0.11209842590220435,0.038341406983484365,True,False,,INFY.NS,lower
0.7712694921208844,0.19444700686915603,0.5150991828748097,0,0.8801922370606007,0.9366666666666666,188,0.010253993763844761,0.010540009953069612,0.18579358025932338,0.523964447042489,0.055190244989252,0.020115887273275308,True,False,,SBIN.NS,upper
-1.3660031731315638,-0.2667648448912949,0.8490030963996458,0,0.7481993136730078,0.8466666666666667,61,0.035877032876399845,0.036673106454533526,-0.2303313497174713,0.7983509187067152,0.15576269301934081,0.045936072892082624,True,True,sparse,SBIN.NS,lower
1.4854190748608243,0.10316977562555851,0.5501647552226336,0,0.9139641158248165,0.94,61,0.010691114760753944,0.016489375759045695,0.10259348724137413,0.5490339079079769,0.10420850295804526,0.03003343731818307,True,True,sparse,INFY.NS,upper
-0.7187007504047089,0.182848957003182,0.5159079778076446,0,0.5060402475503125,0.43666666666666665,188,0.016489707919280137,0.014110882427807886,0.19140187020331142,0.506161571277318,0.08615227761485099,0.027878217055112196,True,False,,INFY.NS,lower
0.7666325245322183,0.1934370970281651,0.5202927570468647,0,0.8005288364426767,0.9533333333333334,188,0.007512449943902811,0.006466710560301532,0.1847869879250481,0.5293486882856591,0.040654645771938745,0.012216353003690244,True,False,,SBIN.NS,upper
-0.7329490697212308,-0.04912661314932605,0.6276244659083778,0,0.7204098982442921,0.9333333333333333,188,0.004173655098713429,0.004350920186680834,-0.04465248597792134,0.6227358925780226,0.09346969317856531,0.006986782307987625,True,False,,SBIN.NS,lower
0.7198949409652604,-0.021710282296199146,0.6937922916319212,0,0.9833196048734746,0.98,180,0.003505784979266607,0.004933840768438112,-0.021620079944688942,0.6938770583170969,0.16215404229286365,0.007110540171625014,True,False,,INFY.NS,upper
-0.7169405492528187,0.18585506132639656,0.5113644639640362,0,0.4828549947109678,0.49666666666666665,188,0.012489011319738074,0.0101232424778292,0.19427178551781962,0.5016268135223707,0.0642862814257179,0.020180823678336932,True,False,,INFY.NS,lower
0.7697766027893178,0.1887163373182653,0.5237681845467297,0,0.9530800165262213,0.93,188,0.0063283231626560105,0.005764563992674951,0.17866141665549326,0.5346443644353517,0.035420758028864845,0.010782053021249908,True,False,,SBIN.NS,upper
-0.7321043071545966,-0.0595696956101463,0.6420852286607337,0,0.6892667245896876,0.8466666666666667,188,0.008166335600738756,0.010434390755005124,-0.0516674096027377,0.6332258269948102,0.15805580506106884,0.016478150677687275,True,False,,SBIN.NS,lower
0.7199548147902146,-0.023512991669632798,0.6971976229163178,0,0.9529429388008495,0.9966666666666667,180,0.003950046337267914,0.005538500331307528,-0.024593741650917666,0.6990994591247975,0.16061178438062845,0.007922335198224618,True,False,,INFY.NS,upper
-0.71838236367865,0.19394909350973133,0.5038367491682288,0,0.7335777541020312,0.5766666666666667,188,0.015561856148811334,0.012622311588773182,0.20081459804535107,0.4961010112774143,0.07749364600655403,0.025443026817949087,True,False,,INFY.NS,lower
0.7699539390186279,0.18716260335868484,0.5269696162212262,0,0.738112457779092,0.8633333333333333,188,0.006457138777335035,0.0072695334795376265,0.17486115678629813,0.5407750311104702,0.03692723144885825,0.013442805098049258,True,False,,SBIN.NS,upper
-0.8104753714890643,-0.0334143789790077,0.6084503739999041,0,0.705373422142028,0.8733333333333333,168,0.006192552634034566,0.007236277432148906,-0.03839867763853968,0.6143441976669379,0.16126990308437716,0.011778864912928419,True,False,,SBIN.NS,lower
0.706734075415423,-0.027798812982159634,0.7032098746642045,0,0.9861706116193849,0.99,180,0.0054955152738482786,0.007894459709641598,-0.028810195291601698,0.7051071038807198,0.1907489106108607,0.011196114114056539,True,False,,INFY.NS,upper
-0.7131976467428087,0.19662762549282836,0.4997341872202652,0,0.8602642453521958,0.7766666666666666,188,0.005399069181190777,0.004357790149434197,0.19707261446575838,0.4983801098312965,0.027396342824514787,0.008743908466712767,True,False,,INFY.NS,lower
0.7678874967574038,0.17699641522032972,0.5374141160950152,0,0.9557272529657348,0.92,188,0.0063772665407025066,0.004620422812264452,0.1743555036459273,0.5396839601105445,0.03657622525005518,0.008561348989702327,True,False,,SBIN.NS,upper
-1.3418220773056575,-0.23819395012674305,0.8039851608755948,0,0.8029346604718871,0.9566666666666667,61,0.0362147493355407,0.033670695241459804,-0.21988328978426572,0.7815694909435101,0.16469986293216496,0.04308087150382987,True,True,sparse,SBIN.NS,lower
0.7180946567747989,-0.03099336327400615,0.708308754097775,0,0.953732697908551,0.9933333333333333,176,0.0022321645383669613,0.0037489467078665813,-0.03207659178714288,0.7102556683279208,0.06958856032130155,0.005278305858380924,True,False,,INFY.NS,upper
-0.7084878506445286,0.18869010912995948,0.5084670874314658,0,0.694216347105822,0.66,188,0.0029284134332135613,0.0026705250676275485,0.19103956063595293,0.5050073225947278,0.015328831736090832,0.005288091667711813,True,False,,INFY.NS,lower
0.7835342922495419,0.16868279515362072,0.5422966783929987,0,0.8471636238373712,0.8533333333333334,188,0.007701705824618207,0.006424192721457102,0.1642602077576854,0.5470775132725935,0.04688722521955782,0.011742746591064217,True,False,,SBIN.NS,upper
-1.2705421835407282,-0.1537646475005382,0.7191472457909809,0,0.8057270660944871,0.83,73,0.029219824545786668,0.026971468941359877,-0.15374986435169627,0.7215996973665163,0.19004779463394922,0.03737732799226383,True,True,sparse,SBIN.NS,lower
0.7478236637913203,-0.036357906786538,0.7197616330983584,0,0.8746477246467641,0.8733333333333333,172,0.005624232364810291,0.009547318094080166,-0.03730076098564588,0.7218517431170545,0.15078059289912837,0.013226147963004234,True,False,,INFY.NS,upper
-0.7249720410522968,0.1732963629059986,0.5156898009394524,0,0.6242613078159358,0.7033333333333334,188,0.0052560863571022316,0.004335404487130061,0.17196063880515722,0.5164138169185598,0.030565634600842457,0.008395213801689646,True,False,,INFY.NS,lower
0.7812266608756658,0.17451462668650108,0.5370235942835178,0,0.7189743962722526,0.5833333333333334,188,0.00638671980107251,0.009374422221753557,0.16486753608462615,0.5485144114308573,0.038738490095523236,0.017090566547547453,True,False,,SBIN.NS,upper
-0.7377210401341734,-0.036980154919749965,0.6049106092107845,0,0.712701542444907,0.96,188,0.004201978464148091,0.004773228609045092,-0.034587632483103925,0.6025278797104199,0.1214878541143924,0.007922004425951382,True,False,,SBIN.NS,lower
0.7975008385350032,-0.017251894783031962,0.7032992776324282,0,0.7751054445886956,0.8033333333333333,164,0.003766402724206484,0.00614911102179133,-0.02053805863545734,0.7087913234621195,0.18338641237687214,0.008675488442777301,True,False,,INFY.NS,upper
-0.739106759347711,0.16078148049911584,0.5076463578911539,0,0.615155539895794,0.8166666666666667,188,0.006836349575920588,0.005367394534509233,0.15778031770790285,0.5101900757041863,0.04332827593422581,0.010520381882962159,True,False,,INFY.NS,lower
0.7694379702345431,0.16734970483636316,0.5399658453769622,0,0.8149511191865025,0.7033333333333334,188,0.006540048880733358,0.006032671176552166,0.16069748451228513,0.5476642164681204,0.0406978895382428,0.011015273382847707,True,False,,SBIN.NS,upper
-0.7983954235302586,-0.05871148369930982,0.6247674445163676,0,0.6949233421311751,0.8,168,0.006355494873567417,0.007036474905775371,-0.04922777278440082,0.6142068697270376,0.12910382134011794,0.011456196825575254,True,False,,SBIN.NS,lower
1.6364108776342698,0.18063009525803103,0.5111573905898822,0,0.9635295782026073,0.9933333333333333,49,0.03087668217059043,0.03146302876729435,0.17403334294851439,0.5152306869569777,0.17741818822352354,0.061065904949218396,True,True,sparse,INFY.NS,upper
-0.7445045795489039,0.16493115473094588,0.5026671317497426,0,0.6470223088304619,0.89,188,0.0069804416950291345,0.005210435255268065,0.15732163951182665,0.510244232039699,0.04437050918732186,0.010211649296500383,True,False,,INFY.NS,lower
0.767364497064223,0.15238192263662464,0.5560242513750455,0,0.6751165562854227,0.5766666666666667,188,0.010400733676136812,0.011449685481870777,0.1538761709357819,0.5535615310576978,0.06759157663574596,0.02068367224354803,True,False,,SBIN.NS,upper
-1.410918560656792,-0.20663728921303068,0.744488072050396,0,0.6872448901981083,0.8633333333333333,57,0.027699055699151435,0.04153172685179165,-0.1868498449559923,0.7241478382715535,0.14824231844159172,0.057352551624536986,True,True,sparse,SBIN.NS,lower
1.3333243463806375,0.05849154039213424,0.6077249482151201,0,0.6101851612887939,0.86,77,0.01124836618777541,0.012933939176558086,0.059778950981687784,0.6057392836964763,0.18816597015162487,0.021352319902560292,True,True,sparse,INFY.NS,upper
-0.7479655045578638,0.1738218343869603,0.4939006384562247,0,0.6859871366213677,0.97,188,0.008822378767559409,0.007664171744374738,0.16576104691276336,0.5016028917181828,0.05322347077095705,0.015279360861195183,True,False,,INFY.NS,lower
0.7712171227932767,0.14661781067801405,0.5570787250529399,0,0.6025694416092902,0.56,188,0.009253552040283327,0.00951299995770414,0.14746578054256157,0.5554747127192186,0.06275049966665026,0.017125891725792843,True,False,,SBIN.NS,upper
-1.4032558997761755,-0.22635952915783306,0.7738724836265192,0,0.7473744336814669,0.85,57,0.03655521014013962,0.04404746773001135,-0.19226500038137684,0.7331084395315194,0.19012929116758537,0.060083153806451337,True,True,sparse,SBIN.NS,lower
0.7524243416081562,-0.015714041029505944,0.6967377148158278,0,0.9290879695613323,0.9566666666666667,176,0.003031422979151136,0.00481984162064649,-0.018310149046764992,0.700908984655687,0.16555962028558796,0.006876558379756816,True,False,,INFY.NS,upper
-0.7536916481620844,0.17722311288410655,0.4868638622276388,0,0.7523805708099243,0.9033333333333333,188,0.00926195153463097,0.007226879765925879,0.16557045563966555,0.4982406655156919,0.0559396357245739,0.014504796820223225,True,False,,INFY.NS,lower
0.7795721323126318,0.10998586711868759,0.5709579536825373,0,0.8914302531133605,0.7833333333333333,188,0.010667112645535536,0.012125156048828824,0.10497076644130181,0.5771599775307124,0.10161983179671379,0.021008310192645863,True,False,,SBIN.NS,upper
-1.3350957558443777,-0.21560388045332757,0.7844016333936247,0,0.9305623540007859,0.92,65,0.034431504575027416,0.03559705041731613,-0.20463132952522192,0.7721571615316735,0.1682611502955223,0.04610078327279508,True,True,sparse,SBIN.NS,lower
0.7314532612860961,-0.02542099037300937,0.708032781199295,0,0.9134407831956618,0.9166666666666666,180,0.004268007226906295,0.006480036859507154,-0.025114858401812084,0.7078025902056934,0.1699394620996043,0.009155147010796514,True,False,,INFY.NS,upper
-0.7435685508597721,0.1622546575905689,0.5015506634399087,0,0.7561470138058761,0.8833333333333333,188,0.007361785462127751,0.0050813733139385316,0.15868189837009955,0.5048155933510076,0.046393350935492864,0.010065800819562543,True,False,,INFY.NS,lower
0.7498993998141383,-0.01810785516330736,0.650215910688217,0,0.7418611583708896,0.9233333333333333,200,,,,,,,False,True,invalid,SBIN.NS,upper
-1.3164613076064466,-0.14233572811462658,0.7214374699285493,0,0.981772932178443,0.9833333333333333,73,0.02119020747681312,0.023781823889759576,-0.11906576753699603,0.6938903202903757,0.17797059671683507,0.034273173802274313,True,True,sparse,SBIN.NS,lower
0.6735155895638614,-0.00976062771949609,0.6869167871041159,0,0.972173083343099,0.9966666666666667,200,,,,,,,False,True,invalid,INFY.NS,upper
-0.7546832657923868,0.16027690844070225,0.5047263453814286,0,0.626599768373105,0.9033333333333333,188,0.008814504093300073,0.006737893628069608,0.1584151741781862,0.5061664826948875,0.055641787995432776,0.013311615299140607,True,False,,INFY.NS,lower
1.1338716815848258,0.08441467450062783,0.5497837714015534,0,0.9825127391317835,1.0,113,0.016726064669073476,0.015543488931404182,0.08590570633627588,0.547920727635972,0.19470258071767535,0.02836813404520377,True,False,,SBIN.NS,upper
-0.7881525647246783,-0.046273632256429185,0.6294238805814222,0,0.6560432486686294,0.9333333333333333,188,0.005339824581308001,0.005614405764872703,-0.047165408839937945,0.6308019439898108,0.11321482375528982,0.008900425449480123,True,False,,SBIN.NS,lower
1.2564361658664764,0.07937796382726608,0.5760244910291163,0,0.9426101834068478,0.9566666666666667,89,0.015195431629779621,0.01919179665939092,0.08233258710191362,0.5717571949942221,0.18456154870191072,0.033566339858515405,True,True,sparse,INFY.NS,upper
-0.7563525637128221,0.1501052507007225,0.5187815300861931,0,0.7159410263385915,0.8466666666666667,188,0.008593891392532917,0.007412387957944104,0.14740836464098428,0.5213257938770821,0.058299885698241315,0.014218340820305514,True,False,,INFY.NS,lower
0.9347113011096375,0.040401535430127394,0.5734160254615106,0,0.9575496715106302,0.9866666666666667,156,0.006719483544306826,0.007978021780198429,0.03847139923788532,0.5753016186906025,0.17466174692893002,0.01386754596602926,True,False,,SBIN.NS,upper
-0.7912260098737082,-0.04593192231016399,0.6301651236139167,0,0.7857897888828844,0.9466666666666667,188,0.006606168585461395,0.007200285562177252,-0.04670181479105287,0.6313497225880206,0.1414541854631557,0.011404591133129865,True,False,,SBIN.NS,lower
0.9846962641512992,0.02238025263550708,0.6335248569947091,0,0.794141012167184,0.8533333333333334,129,0.0037654070356045437,0.005578200146932038,0.026373379125859468,0.6280004620840066,0.1427729677682005,0.00888247763321084,True,False,,INFY.NS,upper
-0.75873304392214,0.16726132245974112,0.5002105786165855,0,0.7657327393645512,0.96,188,0.00895477162538893,0.00727833590004681,0.15811294328976042,0.5093403353334428,0.0566352815444429,0.01428972977839013,True,False,,INFY.NS,lower
1.1428607702323053,0.0957229102503963,0.5240325739424438,0,0.9920750165660805,0.9933333333333333,113,0.011216358402932326,0.007939249337672647,0.09530076558551466,0.5238489043078015,0.11769430347256447,0.01515560903311852,True,False,,SBIN.NS,upper
-0.7871199378105461,-0.04988567835351657,0.6352832441338074,0,0.8531223264587176,0.9233333333333333,188,0.004282463976001433,0.004663756635728025,-0.047922393651817975,0.6331882272315675,0.0893624620149656,0.007365513699557894,True,False,,SBIN.NS,lower
0.7289022727888732,-0.012360143657725543,0.6797278010680551,0,0.8577432304234945,0.9366666666666666,184,0.0020449981059710064,0.0034250701371728778,-0.013726605537057757,0.6820277711305766,0.14898050436760052,0.005021892409566138,True,False,,INFY.NS,upper
-0.7546126489138456,0.16121977663693665,0.5096319891037018,0,0.8472051111918827,0.9766666666666667,188,0.00655921090896559,0.004699636498333006,0.15859968794452214,0.5117676340883967,0.04135702018335488,0.009183145031969325,True,False,,INFY.NS,lower
1.1390253482436181,0.10532026470775503,0.5133878355296528,0,0.9592129024949931,0.9833333333333333,113,0.012678308295403297,0.012741703658486878,0.10386291869948462,0.513981383795647,0.12206769493364197,0.024790204105234265,True,False,,SBIN.NS,upper
-0.7878657870486296,-0.053009573301939665,0.6413468907640456,0,0.8068026254773306,0.9766666666666667,188,0.00888734501680736,0.009858841863768286,-0.047557076217468325,0.635121069074769,0.18687740826188223,0.015522775402338148,True,False,,SBIN.NS,lower
0.9779686163598059,0.04015693210402804,0.6072966170203178,0,0.7722252156897162,0.94,133,0.005775703788392769,0.0073025369909146065,0.031577130330649066,0.6182032100587351,0.18290775313769678,0.011812518527840725,True,False,,INFY.NS,upper
-0.7755980318488981,0.15836953479995172,0.5115093026031684,0,0.8733089947862378,0.9533333333333334,188,0.007597160977537263,0.008622455019610306,0.15051432186416172,0.5193888495213738,0.050474668315264856,0.01660115511055831,True,False,,INFY.NS,lower
0.9974342412770069,0.030350204988697754,0.5839063144002694,0,0.5593398093541927,0.73,137,0.00539940398186224,0.005650714753816713,0.030872589389165206,0.5832061394853385,0.17489307958166844,0.009689052076702714,True,False,,SBIN.NS,upper
-0.7996493330139166,-0.039232695043947975,0.624638386089697,0,0.6270267112040735,0.9533333333333334,188,0.006223479722484303,0.006664050394762701,-0.03646760777583471,0.6217009982451414,0.1706576985845315,0.010719059976391443,True,False,,SBIN.NS,lower
0.9803502847488599,0.06334970627978873,0.5812619470324835,0,0.8131873996791394,0.8666666666666667,133,0.009161487599930912,0.011049220331077645,0.04754106540085198,0.6002839384919127,0.19270678087704196,0.018406656314626582,True,False,,INFY.NS,upper
-0.7730777930755711,0.14446309305128774,0.5253112883960108,0,0.8052338903863913,0.9533333333333334,188,0.006793090340454568,0.008788845264457617,0.14844516828906776,0.5200620113632478,0.04576160990036579,0.01689960986079941,True,False,,INFY.NS,lower
0.920753490234127,0.04308172468886949,0.5679463102432227,0,0.6505566651779092,0.8166666666666667,160,0.007858936690402458,0.009054553448740113,0.045570252906397435,0.5649491135004168,0.1724575674830959,0.016027201516197118,True,False,,SBIN.NS,upper
-0.8207803240109811,-0.03150790636098634,0.6165206947334466,0,0.7346930838038154,0.9766666666666667,184,0.0043743756151819,0.005357592792211138,-0.033449816451209764,0.6190428621995377,0.1307742394885787,0.008654639335681117,True,False,,SBIN.NS,lower
0.7828622427909497,0.00996450299235541,0.6470448736790847,0,0.787315088606083,0.8733333333333333,172,0.002028904205600166,0.0030330834304599526,0.010523231942904212,0.6460970490893736,0.1928022007484347,0.004694470262308361,True,False,,INFY.NS,upper
-0.7738423416363457,0.13496877784111375,0.5364701590589731,0,0.65551992112165,0.9033333333333333,188,0.006464788765904336,0.008464076746079897,0.13952380080720117,0.5303779881782731,0.04633466308369118,0.01595857440382531,True,False,,INFY.NS,lower
0.914992783807354,0.0437263287041436,0.5674895966479474,0,0.7710136014740671,0.8233333333333334,160,0.0066458754018210555,0.007572196103984228,0.044806391345231185,0.5660526922906751,0.1483242394454958,0.013377192747850906,True,False,,SBIN.NS,upper
-0.8137460969997737,-0.037119699422399705,0.6264087798344904,0,0.6013247261575354,0.95,184,0.005159501988583949,0.0056390531469369285,-0.03614291456250179,0.6255119273390407,0.14275275316090277,0.009015100768381407,True,False,,SBIN.NS,lower
0.9744239862407383,0.06462640432143169,0.5777010817399894,0,0.8231655140073858,0.8766666666666667,133,0.011073664214952905,0.013165475822974521,0.05826014972964758,0.5849813219459709,0.19007267172523232,0.02250580506420415,True,False,,INFY.NS,upper
-0.7724680642257393,0.13859265289827835,0.5340317606527408,0,0.7307604407544903,0.9,188,0.007800702468981426,0.009702950040577573,0.14645576367523785,0.5243416664562973,0.05326319525155284,0.018505013956078866,True,False,,INFY.NS,lower
0.909009919274684,0.0519142711417048,0.5587176920528155,0,0.852961862668467,0.84,160,0.008173730057687815,0.008710298904504055,0.05378900232073038,0.5564211841263819,0.15195910289168194,0.01565414652865587,True,False,,SBIN.NS,upper
-0.793341679532826,-0.04681513710735488,0.6399036156538223,0,0.6601971559679398,0.9533333333333334,188,0.007840571615380735,0.008459893660446735,-0.04911713460713016,0.6430335116878625,0.15963003708978937,0.013156224948025782,True,False,,SBIN.NS,lower
0.9591093695427646,0.06787008774306705,0.5719072624736594,0,0.9508803568216466,0.8133333333333334,137,0.010731370419656347,0.012992391722829453,0.055561224818819976,0.5860340374932266,0.1931449229782302,0.022170028820688303,True,False,,INFY.NS,upper
-0.7711222901535163,0.13617377334539635,0.5344526289906624,0,0.6427830381972461,0.8666666666666667,188,0.00551549933839821,0.0048134422844454865,0.13719484893968673,0.5325908487039417,0.040201938913927676,0.009037786146309353,True,False,,INFY.NS,lower
0.8980074769675715,0.04891451143537709,0.5608177186347019,0,0.8223220989733075,0.7933333333333333,164,0.008364209472365765,0.008834773513648142,0.05011675327184174,0.5592324207445899,0.16689444661453673,0.015798034999302678,True,False,,SBIN.NS,upper
-0.8378070607871512,-0.054826878278540936,0.6529218614279853,0,0.42117865525778464,0.9166666666666666,172,0.009138521948806419,0.009361364206000634,-0.04722698981436373,0.6443799266764455,0.1935020641736172,0.014527709000817539,True,False,,SBIN.NS,lower
0.9829151642108035,0.043883064861076584,0.6051227454958483,0,0.8488349618848043,0.9633333333333334,129,0.009873386335384446,0.013278671022809148,0.055603612469524076,0.59035614458547,0.17756732199949696,0.02249264434641665,True,False,,INFY.NS,upper
-0.7699400191237818,0.13839537309282102,0.5301336065067523,0,0.7299971271008104,0.8533333333333334,188,0.009427150330882126,0.00936682706637327,0.1446999487371006,0.5222862825045901,0.06514964076810781,0.017934277044598004,True,False,,INFY.NS,lower
0.9261306445687484,0.051330731131624605,0.5567938982906968,0,0.692876211988545,0.78,156,0.009775658792221293,0.01194754960475173,0.05081106682122644,0.5570458500311793,0.19239227750704724,0.021448053853381107,True,False,,SBIN.NS,upper
-0.8236435599650409,-0.035587137368196076,0.6373737878522763,0,0.2857119873145011,0.8633333333333333,180,0.005074908834457192,0.005079787852957504,-0.034816128358947145,0.6367188094324226,0.14576311657932703,0.007978070849995727,True,False,,SBIN.NS,lower
1.3850498504936308,0.07094774968945793,0.5984414867534013,0,0.845962605983483,0.9233333333333333,65,0.013708583597704556,0.017740538469570556,0.09315190583916448,0.5715959875478122,0.14716373221323448,0.031036848658280915,True,True,sparse,INFY.NS,upper
-0.7649369381145623,0.1545242624263649,0.532665866728872,0,0.8748833254457937,0.89,188,0.013463941325277338,0.013249858862133786,0.1639216152082827,0.521722916629871,0.08213645581032848,0.025396351561014895,True,False,,INFY.NS,lower
0.9684019537824331,0.049387134728336335,0.5621989693018128,0,0.5407307873129292,0.6133333333333333,141,0.00958403681540966,0.011273402182820207,0.051603553631710895,0.5596313647355755,0.18572432097538658,0.020144335524695807,True,False,,SBIN.NS,upper
-0.8079989762127693,-0.0408734200825192,0.6426061418057907,0,0.4443246844208242,0.9466666666666667,184,0.006783897605153217,0.007048511458484379,-0.04373157296781712,0.6462360887005596,0.15512581856791263,0.01090702217449227,True,False,,SBIN.NS,lower
0.9681159916755996,0.08094454255450809,0.5581027825361561,0,0.8682504830611707,0.83,133,0.00896575731672326,0.010226419802640607,0.06962044827214971,0.5704292256042013,0.1287804984229734,0.017927587094670447,True,False,,INFY.NS,upper
-0.7645143306835327,0.15312091862772004,0.5364280515263665,0,0.7380743205828617,0.82,188,0.009240256388319252,0.009194473553480943,0.161508931574182,0.5263320838210077,0.0572120422451976,0.017468958593674037,True,False,,INFY.NS,lower
0.9135297665745931,0.07760354489564256,0.5274614416535576,0,0.8236828188809165,0.8233333333333334,160,0.010999740766648811,0.010672612390685933,0.0704506530129862,0.5344592282525185,0.15613395667576935,0.019968992257634797,True,False,,SBIN.NS,upper
-0.8198576684107601,-0.023864708060828188,0.6237029656724465,0,0.3419755099367069,0.8866666666666667,184,0.006074487730833088,0.006517364189265481,-0.03186303213424852,0.6327914972170392,0.1906436838403394,0.010299386314345889,True,False,,SBIN.NS,lower
0.9303080445228729,0.07901769132210176,0.55655579242467,0,0.9406673122852961,0.9866666666666667,141,0.013068655249143125,0.013521121447463487,0.07098405704418946,0.5656007301942455,0.1841068819148886,0.02390577042530018,True,False,,INFY.NS,upper
-0.7610224045350629,0.16365267130600855,0.5277022646567746,0,0.8340177539192277,0.9333333333333333,188,0.007398637037275499,0.007266716583057362,0.16611867493158897,0.5243428370430626,0.04453825913877423,0.01385871214614008,True,False,,INFY.NS,lower
0.9085099121841287,0.09402738412549977,0.505610785235023,0,0.7845878475885942,0.8133333333333334,164,0.014857736094885415,0.013514777950423091,0.07604810111105183,0.5232181899356926,0.19537284855358084,0.025830099090750583,True,False,,SBIN.NS,upper
-0.8189021312957288,-0.044192825316987316,0.6433104107144827,0,0.3665692086984066,0.8966666666666666,184,0.008588220265931546,0.009478439834584155,-0.04843841518864878,0.6485527526465039,0.1773018060038859,0.014614755160252726,True,False,,SBIN.NS,lower
0.9592608929530613,0.08833180230559382,0.5471710351554648,0,0.9181447042875746,0.79,137,0.010438229255699793,0.012766623907812013,0.07188784108030512,0.5652229114610242,0.14520157577167475,0.022586882844050325,True,False,,INFY.NS,upper
-0.7685658634535845,0.17030647422867243,0.5201090893532533,0,0.8551318730282795,0.8633333333333333,188,0.015217602928965014,0.013091660025191229,0.18120902618484572,0.5083488591329569,0.08397816824897192,0.025753298217266515,True,False,,INFY.NS,lower
1.1268734979715471,0.14304609163794768,0.4793470593200948,0,0.9596416617859641,0.99,113,0.008596580829371796,0.007965444460736536,0.15229652649640615,0.47057751011698046,0.05644633178886938,0.016926954901620488,True,False,,SBIN.NS,upper
-0.8279274674050793,-0.04495946642145186,0.6495668143597895,0,0.3421766832397939,0.82,180,0.010289895036202123,0.01122074061681254,-0.05178827991463405,0.6578486785184002,0.19869153921018853,0.017056719596239937,True,False,,SBIN.NS,lower
0.948288464272736,0.07405908371387002,0.5611712561771327,0,0.8030838485672623,0.9566666666666667,137,0.007965911565677485,0.009272237826619952,0.06808029118637056,0.5679080686477399,0.11700758408619134,0.01632700462493562,True,False,,INFY.NS,upper
-0.7819532630829378,0.18494462480195092,0.5044042202629838,0,0.921483379728819,0.9666666666666667,188,0.016080731217572905,0.014059317423834958,0.1782234898705282,0.5109301035995856,0.09022789491427828,0.027517104687341257,True,False,,INFY.NS,lower
0.9185842675393464,0.08702821777034453,0.5155664658315745,0,0.829627349876081,0.77,160,0.008698000200660097,0.00934291171916288,0.08329062856483639,0.5187224280805868,0.10442950553067576,0.018011389200232358,True,False,,SBIN.NS,upper
-0.8114988049864638,-0.04759731632246367,0.649064452120337,0,0.34472100099669634,0.6933333333333334,184,0.010111963923003935,0.011304534553923502,-0.058416157971686526,0.6621491936253942,0.1731021440486315,0.01707248833348889,True,False,,SBIN.NS,lower
0.9508808850542071,0.07668721448358772,0.5559727837407773,0,0.7412621583288916,0.94,137,0.004573734064107595,0.005632311108314752,0.07418174041460596,0.5584768310474391,0.061655785129694836,0.010085129219953318,True,False,,INFY.NS,upper
-0.7640586780802795,0.1589193353943617,0.5356315660953055,0,0.9033467876478626,0.8666666666666667,188,0.013412449333510459,0.01263684929440686,0.17457602400274433,0.5183475009562122,0.07682869765101673,0.0243791067330395,True,False,,INFY.NS,lower
0.909127773028476,0.08723027034762898,0.5186804411488503,0,0.8695662892583453,0.8633333333333333,160,0.014616917157149826,0.014824651267471244,0.08503067673768365,0.5205124100280965,0.17190167124302366,0.02848087902815274,True,False,,SBIN.NS,upper
-0.7833881446921366,-0.07349387258224074,0.6824376276824693,0,0.330295787617246,0.8666666666666667,188,0.012138350502389466,0.013118990715268612,-0.06133964163493899,0.6680573322613991,0.19788750308903738,0.01963752193915022,True,False,,SBIN.NS,lower
0.9631716451781337,0.07396607071517206,0.5674194246835766,0,0.874002426679804,0.9466666666666667,133,0.009814165173670833,0.010560445904954087,0.06481597710847407,0.5779719811481558,0.15141580976381866,0.018271553062589582,True,False,,INFY.NS,upper
-0.7644374900135977,0.15601250627390909,0.5350144730656412,0,0.9668648917781723,0.9033333333333333,188,0.01586602137216833,0.015091312218906633,0.16740521079620588,0.5225310549219531,0.09477614435623337,0.028881177085922576,True,False,,INFY.NS,lower
0.8924371282035037,0.095044454489222,0.5079142565727262,0,0.8306018461771949,0.8333333333333334,164,0.013783749878597358,0.01323229918635997,0.08587763455445639,0.5164715219124157,0.16050451721293849,0.025620578035274805,True,False,,SBIN.NS,upper
-0.8116026048458501,-0.0745484645207037,0.6841779232360341,0,0.29278753281270375,0.83,180,0.014110907171144636,0.015171167075013333,-0.0724279628789892,0.6823169975419262,0.19482675836752714,0.022234777833939765,True,False,,SBIN.NS,lower
0.955565132873061,0.0675264641275305,0.5685189036409324,0,0.8640154782584378,0.9133333333333333,137,0.01235553166437075,0.013189988313787248,0.06324809249064169,0.5735679785311523,0.19535023467619286,0.02299638155812257,True,False,,INFY.NS,upper
-0.7637503434200356,0.1491119926658495,0.5335300285629663,0,0.9434130040628194,0.9533333333333334,188,0.011400053923780327,0.011271084977600944,0.15677287272984267,0.524670409342595,0.07271700134152255,0.02148221924103032,True,False,,INFY.NS,lower
0.896059900704772,0.07067684847825505,0.5319626887389695,0,0.6402541617623623,0.6166666666666667,160,0.014573614310416884,0.016236248409063788,0.07957624894217452,0.5227032225710747,0.18314022931144647,0.03106207767111151,True,False,,SBIN.NS,upper
-0.8255278032122082,-0.07803524047980437,0.6937953498881653,0,0.2670857471026671,0.78,176,0.01373920499166966,0.015000457860017236,-0.07689347107076956,0.6930428220276216,0.17867841070980603,0.021644344572658944,True,False,,SBIN.NS,lower
0.9534205523811017,0.07710454867071362,0.5581745446837638,0,0.891990104630686,0.97,137,0.011392941862848865,0.012136882651641255,0.06765167164983944,0.5691593775019803,0.16840589302447748,0.021324224669138088,True,False,,INFY.NS,upper
-0.7711308303404096,0.15705648843748385,0.5240855623005937,0,0.9152103861703595,0.9833333333333333,188,0.011614029946680022,0.010631206822513638,0.15978109002597687,0.5207839961158633,0.07268713223774174,0.020413850459432926,True,False,,INFY.NS,lower
0.9062883980013287,0.0811026921338821,0.5167649413975107,0,0.6235462246442781,0.72,160,0.010973794834835878,0.011898281150650138,0.08121792747810339,0.5161762575068232,0.13511540893037882,0.02305081015855278,True,False,,SBIN.NS,upper
-0.7937506343216227,-0.05760687851633095,0.6730899382199478,0,0.46255103143519605,0.77,188,0.011064684272305138,0.012022627501256175,-0.05768238115055301,0.6735729724513178,0.19182083217434476,0.017849034647296154,True,False,,SBIN.NS,lower
0.946133110719851,0.06440585686673814,0.577555784901082,0,0.8901867708336608,0.96,137,0.011032296114788741,0.012367395780051691,0.062059721721546314,0.5802741274847909,0.1777689946242303,0.02131302255457808,True,False,,INFY.NS,upper
-0.789884302799142,0.18443362384873757,0.4957196424832231,0,0.9708565095018403,0.7033333333333334,188,0.01631812951535713,0.0156888827787744,0.1627289950711295,0.5171258118491,0.10027794066721178,0.03033861802273818,True,False,,INFY.NS,lower
0.9077581815010176,0.08473634480915129,0.5154598723355344,0,0.7913454025981811,0.66,160,0.015353027412195002,0.01615629169773915,0.08129065852906824,0.5184978882598456,0.18886580329579905,0.03115980171175624,True,False,,SBIN.NS,upper
-0.7952123148075595,-0.05095648166208287,0.6613489938719126,0,0.4945594982396815,0.82,188,0.008510589747541554,0.00882426671014536,-0.04897398595505662,0.6593715228736935,0.17377772798755714,0.013382844527253347,True,False,,SBIN.NS,lower
0.9577134872083104,0.061473183473647275,0.5790577725132982,0,0.8726829564116568,0.89,133,0.007894274086677101,0.008873378546199174,0.06864551536006294,0.570256977013006,0.11500056333271048,0.015560315346029764,True,False,,INFY.NS,upper
-0.7851116499984788,0.16631992561024966,0.5142980503535071,0,0.989884764947563,0.9866666666666667,188,0.01489297910342824,0.014037250732989573,0.1574651701224705,0.5232223178059728,0.09457950698589392,0.02682846275282622,True,False,,INFY.NS,lower
0.9058012802853338,0.0842616261437043,0.5160429753950917,0,0.7051707588857256,0.6633333333333333,160,0.009313881067928973,0.010350301698816665,0.08126807472794749,0.5185410654211232,0.11460687303149891,0.019960427802967903,True,False,,SBIN.NS,upper
-0.7990580731338792,-0.049380033692509456,0.6584067816782095,0,0.5010345541998361,0.8266666666666667,188,0.008034557927128785,0.008807049410025115,-0.049068411442431764,0.6583371895285927,0.16374192792313724,0.013377718008843294,True,False,,SBIN.NS,lower
0.9501848271340331,0.05714906333791667,0.5855062845832898,0,0.8984738259710947,0.9233333333333333,133,0.011086233478028175,0.013002777783281167,0.06417033551473066,0.5766792312022085,0.1727625648436515,0.02254767790179885,True,False,,INFY.NS,upper
-0.7782496429945273,0.15855854978517298,0.5273524826220365,0,0.9885138948713742,0.99,188,0.010727904852207325,0.009046579844110926,0.15585315122816945,0.5297117628850285,0.06883341196077276,0.017078306179301103,True,False,,INFY.NS,lower
0.9099159105568188,0.08557711837564409,0.5159028852634273,0,0.7869775700382995,0.7233333333333334,160,0.011223993174190499,0.011958258910784992,0.08550703845811354,0.5155604980138274,0.13126395281540656,0.023194675939888453,True,False,,SBIN.NS,upper
-0.8331889903346105,-0.06854403502530929,0.6813287200009818,0,0.5101974192287148,0.8833333333333333,176,0.012738555382462257,0.013838092508528129,-0.06553782702935618,0.6781919669245448,0.19436948120146708,0.02040438840235314,True,False,,SBIN.NS,lower
0.9468411592345747,0.07130677331073576,0.5717163824115578,0,0.9909080273891254,0.9833333333333333,137,0.006158067959935495,0.005447190555133208,0.06827538143722774,0.5748180868811227,0.09019454638494767,0.009476372759815412,True,False,,INFY.NS,upper
-0.7878695402164284,0.1654472942943926,0.5187881161824242,0,0.9077665531608528,0.9866666666666667,188,0.010836830305050449,0.008670993220379898,0.16387212272464832,0.5198725151142168,0.0661297935461632,0.016679075737797196,True,False,,INFY.NS,lower
0.9113882116140326,0.07847922870643267,0.5213048911411546,0,0.6402873292533803,0.7466666666666667,160,0.01389715571241435,0.014465345455620974,0.07821318293511141,0.5212709367203366,0.1776830121734571,0.027750147109928364,True,False,,SBIN.NS,upper
-0.802350066587136,-0.04677538569664902,0.6580281654063944,0,0.6577093714053728,0.8533333333333334,188,0.007573211339471676,0.007963093546528173,-0.05126276894081629,0.6636005786466298,0.14773314080797437,0.01199982893741608,True,False,,SBIN.NS,lower
0.9368202132474545,0.057900138142393164,0.5848438036981747,0,0.960098693330295,0.9466666666666667,137,0.010003128272205774,0.011263703150487171,0.0523333846767775,0.5914779892992167,0.19114235439889354,0.019043317188183514,True,False,,INFY.NS,upper
-0.786804107104081,0.18601767531231256,0.5025708819541563,0,0.9945079198257328,0.9866666666666667,188,0.012922134064354864,0.010353602213098584,0.1744638651157294,0.513495846346428,0.07406767765408774,0.02016297129789021,True,False,,INFY.NS,lower
0.907907682438248,0.07799587256047089,0.5263445205338535,0,0.3934373985851676,0.65,160,0.01360570946319709,0.013950835359846024,0.07344185229901827,0.5308235377186287,0.18525823062331256,0.026281493011762323,True,False,,SBIN.NS,upper
-0.8847996953945708,-0.055687459052437535,0.6624538240916507,0,0.6836306281950479,0.98,164,0.008770672783816314,0.009363835185372597,-0.05179026074827761,0.6582526356879602,0.16934981526637413,0.01422529061859852,True,False,,SBIN.NS,lower
0.9343987412558564,0.05027185283178122,0.6027595061826538,0,0.9620515712483136,0.9833333333333333,137,0.007244667202120978,0.007949227065492422,0.04598573140357995,0.6078749820900055,0.15754159835198364,0.0130770753344553,True,False,,INFY.NS,upper
-0.781825981735802,0.19907058859364296,0.48871677761867666,0,0.9994203481877477,1.0,188,0.012172822309277694,0.008546071697626027,0.19149921947396117,0.4951318900153521,0.06356590751156456,0.017260192076820433,True,False,,INFY.NS,lower
0.913758891894577,0.053271844368132384,0.5356767215840914,0,0.6542423676935802,0.8,160,0.007360400213454997,0.008991666133070501,0.05513202298486087,0.5332739418780984,0.13350496644076496,0.01686125133508474,True,False,,SBIN.NS,upper
-1.1679080677068008,-0.08878197679827433,0.6872828117280265,0,0.49826298199486496,0.7066666666666667,105,0.016255772963877008,0.019406642240592287,-0.10516137961016202,0.7094011881613077,0.15457929021419256,0.027356370824989068,True,False,,SBIN.NS,lower
0.9321951019598922,0.05231421242784196,0.5998493856319467,0,0.9646623843913901,0.9666666666666667,137,0.007535565068156375,0.008394826819129364,0.0446988493666173,0.6090544814286848,0.16858517588447017,0.013783375604762825,True,False,,INFY.NS,upper
-0.7752247880116443,0.20278097054329053,0.48563955126011915,0,0.9981107956978397,0.9966666666666667,188,0.009591529344718958,0.006143614334947633,0.1958930532305888,0.49128876143997663,0.04896308826121432,0.012505098207192044,True,False,,INFY.NS,lower
0.9192775958968494,0.04960395406767257,0.542816951350859,0,0.5516178134095218,0.62,156,0.007176570648585364,0.009349495697139222,0.04970623161770605,0.5424218598996106,0.14437966772424352,0.017236575838783182,True,False,,SBIN.NS,upper
-0.9101310771987444,-0.047851376675723735,0.6531757661107325,0,0.7309099651056192,0.91,160,0.007029598522479068,0.008980803983687134,-0.05122754295000246,0.657659379906313,0.13722300046890548,0.013655707075005036,True,False,,SBIN.NS,lower
0.9075104286398297,0.04917768766471203,0.6042265994580589,0,0.805727485686223,0.9533333333333334,141,0.009444879630032571,0.010713517782053525,0.048634600608972615,0.6047777328362579,0.19420078647221825,0.017714801691956748,True,False,,INFY.NS,upper
-0.7825992152937524,0.20698924304932648,0.48421942593282596,0,0.9937027320072027,0.9966666666666667,188,0.012478681235475289,0.008248899789326065,0.20199995330740403,0.4880537279956752,0.061775660901904235,0.01690162198778029,True,False,,INFY.NS,lower
0.9043076757492391,0.054806967967659936,0.5371273617749364,0,0.6949950628219778,0.78,160,0.0106228632661042,0.01227185282585801,0.05594323333496957,0.5355636017758229,0.18988643905570546,0.022913903327313398,True,False,,SBIN.NS,upper
-0.859000373962559,-0.051747814487043416,0.661227842919997,0,0.9319184069140565,0.9633333333333334,172,0.009457302994358869,0.010328520640658681,-0.05209200579048325,0.6619929541143098,0.18154995253776748,0.015602160748758654,True,False,,SBIN.NS,lower
0.9000959040288495,0.05149865282248354,0.607425714099607,0,0.9724503592294015,0.99,141,0.007917854114301976,0.008554859661386182,0.0510359723558092,0.6078510751120617,0.15514258271940015,0.014073939935155386,True,False,,INFY.NS,upper
-0.77918427950988,0.211381484191418,0.4823183279847727,0,0.9982153291286,1.0,188,0.013338715268613776,0.008599345256002191,0.20851025723830272,0.4841528132469726,0.06397150339541406,0.017761634019462392,True,False,,INFY.NS,lower
0.9058750422449746,0.06173424370998304,0.5310257334582387,0,0.7685585667369239,0.7833333333333333,160,0.01167567548103424,0.013195868568349726,0.05884721779622514,0.5338116224128575,0.19840655062740606,0.024720084327693802,True,False,,SBIN.NS,upper
-0.8054384052024895,-0.050740794897590626,0.6585678196989839,0,0.9466969375352964,0.97,188,0.008391010532575132,0.011178512825555199,-0.06358552965083798,0.6748818344181157,0.1319641317609632,0.016563659132352762,True,False,,SBIN.NS,lower
0.9438099667037623,0.0623854527653391,0.5941513830251923,0,0.9395082850573919,0.99,133,0.00975883672998979,0.010787203265364287,0.05245121109187916,0.605962174769389,0.18605547262465386,0.017801776309638154,True,False,,INFY.NS,upper
-0.7737516088096644,0.2128506284930582,0.476338108269395,0,0.9990692968209326,1.0,188,0.010692786816373095,0.006036083296675698,0.2054193985329548,0.48220988646597496,0.052053439802683905,0.012517543378750644,True,False,,INFY.NS,lower
0.9074645088534294,0.06671862198468995,0.5277624424829086,0,0.7616697305489317,0.8166666666666667,160,0.011682121587049196,0.013231878537351624,0.06607735046763326,0.5281216020274283,0.1767946162554641,0.02505460529546444,True,False,,SBIN.NS,upper
-0.8040439894463703,-0.050939351138486716,0.6596845903546749,0,0.9622280046371942,0.99,188,0.008278335550815533,0.01098938940254659,-0.06316180501543456,0.6752513718634422,0.13106551084373677,0.01627451597687956,True,False,,SBIN.NS,lower
0.931500354038983,0.06135948050620508,0.5965585606465409,0,0.9259723103246745,0.98,137,0.006131489769204512,0.0070474025854897855,0.057713317168171664,0.6006903325549308,0.1062404486114252,0.011732172279505772,True,False,,INFY.NS,upper
-0.7783876946329261,0.2150504912721135,0.4795386563570263,0,0.9946654094631561,0.9866666666666667,188,0.012163806471434842,0.007969385295248837,0.2072672281770209,0.4857911769804814,0.05868658538811662,0.01640496062677448,True,False,,INFY.NS,lower
0.9463850966898705,0.05190703216642051,0.5462871325518657,0,0.606589381806926,0.6966666666666667,144,0.010173872086990823,0.012305132300771387,0.05393954068390613,0.5436362589711368,0.18861618159578752,0.02263486268872304,True,False,,SBIN.NS,upper
-0.7994229987806706,-0.052755091992632876,0.6674346370409794,0,0.8903694044550756,0.95,188,0.009349996964055246,0.012822234072833373,-0.06236949088892391,0.6798221076327481,0.14991296756898845,0.01886116050104767,True,False,,SBIN.NS,lower
0.8895822816782267,0.06303011069218892,0.59084578594163,0,0.9555070563085883,0.9966666666666667,144,0.010780443754031813,0.011523767552247398,0.06192324643354305,0.5918345742372331,0.1740936180512655,0.019471264199775403,True,False,,INFY.NS,upper
-0.7773054614064052,0.20991001639654733,0.4815797947427741,0,0.9910024398105083,1.0,188,0.00983436229399193,0.005536167702801267,0.2041522559926954,0.48598393184265826,0.048171702852143734,0.0113916679670738,True,False,,INFY.NS,lower
0.7746585038669072,0.016063929742964906,0.5772159844691465,0,0.4046807652034152,0.5066666666666667,188,0.003185756581635344,0.004244112162562373,0.016987739337008343,0.5759791462447071,0.1875325870682041,0.007368516927302216,True,False,,SBIN.NS,upper
-0.8028608421069929,-0.06960523365611124,0.6907494764840989,0,0.7528045123800744,0.9166666666666666,188,0.00771769252074194,0.010699748415838624,-0.07542948746574783,0.6987540127514679,0.10231663712523748,0.01531261082935375,True,False,,SBIN.NS,lower
0.8984026543951064,0.07081555474304932,0.5797180460905444,0,0.9426465530324611,0.9933333333333333,144,0.009543225406887939,0.00963015054168293,0.07035761170438275,0.5797962455197101,0.13563882882490141,0.016609542490147306,True,False,,INFY.NS,upper
-0.7832008301937059,0.21733718407689898,0.47865690091138113,0,0.9851492095510782,0.9766666666666667,188,0.011870905764434184,0.008990961931273588,0.20961216281466424,0.4846315718670915,0.056632711760162185,0.018552158521396835,True,False,,INFY.NS,lower
0.7721805220277634,0.0161658747872558,0.5796184450198683,0,0.40129191112810525,0.5633333333333334,188,0.003721439359829125,0.0045886520358725865,0.01937586584026524,0.5755310945049599,0.19206560727931365,0.007972900161181544,True,False,,SBIN.NS,upper
-0.8019716338246697,-0.06548955860257666,0.6872853571884757,0,0.746624822324698,0.95,188,0.00736634513835983,0.0101880596688423,-0.0725808251849912,0.6966941655578275,0.10149160063513706,0.014623431666677775,True,False,,SBIN.NS,lower
0.9134796502297101,0.08305309069847329,0.5685390549105305,0,0.9974226115007303,0.9933333333333333,141,0.015359608741579161,0.015064570355080622,0.08174302469273041,0.569997386349581,0.1879011318739935,0.026429191521852986,True,False,,INFY.NS,upper
-0.7833698303627896,0.22024259751493874,0.4774288853198754,0,0.9927480316438192,0.99,188,0.009527202527919812,0.007275581207956067,0.2184808856135818,0.4780041428308061,0.04360657027317475,0.015220748951382698,True,False,,INFY.NS,lower
0.8916626985698366,0.08220654572686205,0.5157382751758826,0,0.8722141069611532,0.9033333333333333,160,0.014368647301646264,0.01456342689166612,0.07818195393113447,0.519422552757164,0.1837846810077922,0.028037724842682063,True,False,,SBIN.NS,upper
-0.7902957265137825,-0.07157689385244187,0.6917509125681858,0,0.7024259304971228,0.9133333333333333,188,0.007765084727427636,0.008487222420500621,-0.07315296178360516,0.6942777980294913,0.10614858888300045,0.0122245336410639,True,False,,SBIN.NS,lower
0.9072416643889436,0.07211977482155565,0.5785346208836828,0,0.9982106041886505,0.9933333333333333,141,0.010569024729472517,0.010285061183574353,0.07366549945153461,0.5764539567362,0.14347317772133242,0.017841947106040226,True,False,,INFY.NS,upper
-0.7807533126515414,0.2262015707736683,0.4752566704433393,0,0.9490694453600159,0.9566666666666667,188,0.013719172881637487,0.0102879084360421,0.21467190307359374,0.4844628494280639,0.06390762855378423,0.021235701015734344,True,False,,INFY.NS,lower
0.907130361513263,0.10286898692139024,0.49908850646009084,0,0.899809297692781,0.6933333333333334,160,0.01682840495027713,0.01638132193930506,0.08701591033711965,0.5137659534144512,0.19339455222768462,0.031884794061552826,True,False,,SBIN.NS,upper
-0.7931831633575845,-0.06372890417178179,0.6819008093888779,0,0.7268158578775274,0.9133333333333333,188,0.006275617098610127,0.0074457361760096995,-0.07155804811122178,0.692033878397638,0.08769965625472977,0.010759207462007163,True,False,,SBIN.NS,lower
0.9521013031077123,0.09825139867584892,0.5576749759022254,0,0.9918006944147707,0.9733333333333334,133,0.011981254088770068,0.011700732751242978,0.08459122474132762,0.572230710126139,0.1416370635256438,0.0204475788169215,True,False,,INFY.NS,upper
-0.7801083999516761,0.22135053493140602,0.479393190902668,0,0.9596908761202163,0.8033333333333333,188,0.011945643327617415,0.008831559474143403,0.2016544499060012,0.49627257703530075,0.05923818066402168,0.017795783415929838,True,False,,INFY.NS,lower
0.7647819489691833,0.01809560333016729,0.5893661353413246,0,0.22003487753194184,0.67,188,0.002462206320768904,0.003042986798513139,0.01848649386440721,0.5887891792096728,0.13318939799696178,0.005168211058015037,True,False,,SBIN.NS,upper
-0.7887266038487912,-0.06568837634418248,0.688215420859859,0,0.7067991385249519,0.92,188,0.008930543671088479,0.009790967526953537,-0.07271021860684167,0.6975100502385921,0.12282376004313869,0.01403702696933778,True,False,,SBIN.NS,lower
0.6915818058417562,0.009452465714640514,0.6478716070592312,0,0.6625779769031306,0.7933333333333333,180,0.002378970740030076,0.003371297979509356,0.013285919748524574,0.6423142162085258,0.17905940984628982,0.005248674000900724,True,False,,INFY.NS,upper
-0.7647548450648429,0.24771157208302857,0.4807520025873183,0,0.8421762470262137,0.8366666666666667,188,0.01100161176055204,0.011195155406517813,0.22996810306834367,0.49559575782475074,0.04783972705503957,0.022589287748874743,True,False,,INFY.NS,lower
0.9004566352238563,0.0957665123452282,0.5083244380425114,0,0.9798934396187784,0.8766666666666667,156,0.015647237380544732,0.0159321942438438,0.0869238712282005,0.5164893329084421,0.1800107997877612,0.030847091934417883,True,False,,SBIN.NS,upper
-0.7754761346621786,-0.08612486509623483,0.71283167001577,0,0.5467769639225653,0.89,188,0.012367203095695138,0.014244713078041036,-0.07768870361143591,0.7027744268914325,0.15918918618668781,0.02026925330558319,True,False,,SBIN.NS,lower
0.9283426376584699,0.08743085980635404,0.5583178927705419,0,0.8759554381915157,0.8533333333333334,133,0.013384275456339535,0.014318284754244041,0.0752257455495363,0.5709945936473565,0.17792144935687573,0.025076042160088335,True,False,,INFY.NS,upper
-0.7599550624426896,0.2564513709671197,0.4744568906350065,0,0.914251534464264,0.94,188,0.007905750191438002,0.006722887928961201,0.24111669101894176,0.4867063314320215,0.032788065521918944,0.013813027192496915,True,False,,INFY.NS,lower
0.9384785674833922,0.05282560453405162,0.5517637881189672,0,0.8426622064218251,0.87,141,0.00844118729155623,0.009765319442543715,0.052610702594639146,0.5517874934820269,0.16044616914039592,0.017697608918143603,True,False,,SBIN.NS,upper
-0.7753426930403446,-0.08941651977263548,0.7204011117946824,0,0.6700489629180437,0.94,188,0.009496214084982683,0.010348258985828737,-0.08143900023967833,0.710651045352102,0.11660522465873466,0.01456165991437464,True,False,,SBIN.NS,lower
0.9078047017066628,0.07701186753646175,0.5669239474794048,0,0.9620607643495147,0.9933333333333333,137,0.0071581071973380265,0.0071591703718443854,0.07479783525430862,0.5689631007340639,0.09569937707431077,0.01258283751051589,True,False,,INFY.NS,upper
-0.7691983624397206,0.25497369577488715,0.4727466129795124,0,0.9695375115767748,0.9933333333333333,188,0.00909245048321483,0.005293295178056794,0.24708446307641263,0.4784768994742868,0.03679895531275624,0.0110628017219737,True,False,,INFY.NS,lower
0.7175199253879326,-0.008909265430587836,0.6019734201389062,0,0.6859898941532705,0.84,200,,,,,,,False,True,invalid,SBIN.NS,upper
-0.7781708567846946,-0.09569399098946804,0.7335044913522633,0,0.7278761507198465,0.9666666666666667,188,0.011791174069639173,0.013421825287841636,-0.0836574394405365,0.718173545179824,0.14094589481861158,0.01868883251274956,True,False,,SBIN.NS,lower
0.9222841278782573,0.10587569248948653,0.538921069265504,0,0.918675560304792,0.9166666666666666,133,0.011461414495289562,0.011409171552532935,0.09328173300536817,0.5511606165432125,0.12286878574545913,0.020700265953483208,True,False,,INFY.NS,upper
-0.7663830255663021,0.2532127840972722,0.4737796210128568,0,0.9513382906515456,0.98,188,0.00867011821275761,0.005481589544893994,0.23972711147121736,0.4845009596111434,0.03616661377131073,0.01131388766733217,True,False,,INFY.NS,lower
1.0915908474515514,0.04910073036247488,0.5260519639217927,0,0.967692701188382,0.9966666666666667,109,0.007896786119432056,0.0068552560934464985,0.057967349041615816,0.5171523567166547,0.1362281506349601,0.013255776313989992,True,False,,SBIN.NS,upper
-0.7833902196351864,-0.08231649930369822,0.7283262073039776,0,0.7760334439531791,0.9666666666666667,188,0.009617471386376706,0.010719590741568771,-0.0715657673356198,0.7149886124888539,0.13438645878565603,0.014992673176048868,True,False,,SBIN.NS,lower
0.9066129856924672,0.10095891992424595,0.5410320597836886,0,0.9253486722536794,0.9866666666666667,137,0.012041438947578316,0.010497173786306217,0.09187699967471309,0.5498953778756275,0.13106041424520185,0.019089401398435464,True,False,,INFY.NS,upper
-0.764057001217163,0.2604307862351223,0.4663226555935632,0,0.9792348530911339,0.9766666666666667,188,0.008890908270927441,0.006091637894817832,0.247446987778389,0.4762584686745292,0.035930556243361854,0.012790613012856835,True,False,,INFY.NS,lower
1.1145537107417496,0.07475727074861893,0.5018541880113185,0,0.982118880191518,1.0,109,0.009353561202843247,0.010210978925209993,0.07180001619260183,0.5040395036980443,0.13027239262772058,0.02025829056593983,True,False,,SBIN.NS,upper
-0.7818960460183486,-0.08356041044337603,0.7222954400655776,0,0.8775201788297746,0.9966666666666667,188,0.0090299392237578,0.010003092784478277,-0.07557020334112838,0.7121943367637259,0.11949072027885015,0.01404545378650254,True,False,,SBIN.NS,lower
0.6594063241234968,0.007760078674273919,0.6433348034609659,0,0.8185928104223575,0.9366666666666666,188,0.0016502580356499935,0.0021230724694834393,0.00859037485666213,0.6421458520318917,0.1921052506012188,0.0033062152931509483,True,False,,INFY.NS,upper
-0.7619108397765665,0.25537500662461066,0.4708756022813666,0,0.9526874480709693,0.98,188,0.007637812911224991,0.005571085509631594,0.25170343773436765,0.4728669859820127,0.030344490629645525,0.011781506336812542,True,False,,INFY.NS,lower
0.7516986666484903,-0.04973884405359172,0.634428508058286,0,0.44225564618696045,0.5166666666666667,188,0.004723498376613608,0.0069103580864087084,-0.04296586307714359,0.6253562484536512,0.10993605013292168,0.011050274132534127,True,False,,SBIN.NS,upper
-0.7891948752547404,-0.08446511671605073,0.7150091671515232,0,0.9143153159777648,0.9766666666666667,188,0.011521933305042264,0.01323107630474953,-0.08524673261879179,0.716683948867819,0.13515980729687577,0.018461521485218273,True,False,,SBIN.NS,lower
0.6567204430136672,-0.05187326970829087,0.6827450425347761,0,0.6212940028474545,0.87,188,0.00792021303299708,0.00962936703971396,-0.05062495134109396,0.6814231134633127,0.15644877197304602,0.014131259577416433,True,False,,INFY.NS,upper
-0.7583525485358316,0.28978747940256866,0.45647606411430086,0,0.9722261800535592,0.9966666666666667,188,0.010751140075075936,0.004916149811903965,0.2786467547908145,0.4643073657740218,0.03858340176009947,0.01058813636916389,True,False,,INFY.NS,lower
0.7718632430567779,-0.033215113501754476,0.6164824986409462,0,0.6214884812875396,0.7833333333333333,188,0.0056286063504606965,0.008118746345779165,-0.03985188843657864,0.6257895541947666,0.1412380983409914,0.012973604563422123,True,False,,SBIN.NS,upper
-0.7925785295543162,-0.07777583271515187,0.7038942612746915,0,0.8971006714815049,0.9966666666666667,188,0.00801916936722287,0.01029183390091356,-0.08106669545178294,0.7088568137911707,0.09892062743307772,0.014518917721451651,True,False,,SBIN.NS,lower
0.6494803612905481,-0.08859041646927357,0.7027374796391135,0,0.45814864262227406,0.83,188,0.011741393381956716,0.014524532563383357,-0.08240276037397756,0.6945219804571615,0.14248784754043411,0.02091299161574818,True,False,,INFY.NS,upper
-0.7645755619601214,0.29564311871884086,0.4565733402602876,0,0.9460170455008174,0.9633333333333334,188,0.011176793359948532,0.010438727592025278,0.27842966043028267,0.46944493844535945,0.04014224972028311,0.022236318926414613,True,False,,INFY.NS,lower
0.761402343837428,-0.05047169724806453,0.6421596474026319,0,0.48857908056052146,0.51,188,0.0067198242770552825,0.00976554620766578,-0.04490943215589341,0.6348186490346818,0.1496305443681279,0.015383206004869908,True,False,,SBIN.NS,upper
-0.7935883737728949,-0.082442213711827,0.7071206271798756,0,0.9613347216250914,1.0,188,0.006338246568170258,0.008306729613721014,-0.07945171650764606,0.7037057500157244,0.07977481228882163,0.011804265483822952,True,False,,SBIN.NS,lower
0.6588915146781623,-0.09308241542397772,0.7085226467607172,0,0.5433954586423806,0.7733333333333333,188,0.015173444185506415,0.019287628329677068,-0.08575655534211746,0.6988096396945709,0.1769362395167465,0.0276006897416301,True,False,,INFY.NS,upper
-0.7715797978440456,0.2974675043725147,0.45099928767426256,0,0.9854903162394477,0.99,188,0.013162714481641198,0.012557198630243445,0.2916904755846014,0.45441456925776097,0.0451256216165594,0.027633793464008845,True,False,,INFY.NS,lower
0.7690663024462734,-0.04103354575917899,0.6296859458054425,0,0.5941474195970743,0.7166666666666667,188,0.005292808803499431,0.00821053460936232,-0.042830769096885914,0.6326340049169891,0.12357488971953473,0.012978332520485265,True,False,,SBIN.NS,upper
-0.7892136650522266,-0.07587991282882245,0.7031440080977941,0,0.992559748726192,0.99,188,0.005825086409081034,0.008802657048499326,-0.08273140653500288,0.7130057206831775,0.07040960560147662,0.012345843335739987,True,False,,SBIN.NS,lower
0.672425702100349,-0.10008116404583095,0.7148722836432406,0,0.557853060228368,0.6533333333333333,184,0.010647084584636786,0.013473410485041398,-0.08699014938650422,0.696920970580522,0.12239412664288774,0.019332766354398314,True,False,,INFY.NS,upper
-0.7808913438682906,0.3277970136160736,0.4263684164245577,0,0.947080645541196,0.91,188,0.010142333286391296,0.008996254806242004,0.3107175790553715,0.43789171406518795,0.032641645158310875,0.020544473238098358,True,False,,INFY.NS,lower
0.7640993916302219,-0.050272633730416724,0.6382885738166698,0,0.5889500395127353,0.61,188,0.009447176189057277,0.014015411612592477,-0.04836593984053892,0.6363324567781845,0.1953270062968748,0.022025297064526536,True,False,,SBIN.NS,upper
-0.7918301115298406,-0.05767436792345291,0.685931283339305,0,0.994575126404962,0.99,188,0.007327328190826766,0.010418748669236078,-0.06568773907543335,0.6967625180500622,0.111547865377642,0.014953084085037784,True,False,,SBIN.NS,lower
0.6625403491535176,-0.08253851997206713,0.6958898185219122,0,0.7192218862527439,0.8933333333333333,188,0.013007533782187044,0.016057733758699247,-0.07816641484089676,0.6905270123890751,0.16640819646879243,0.023254316251293015,True,False,,INFY.NS,upper
-0.765771911948653,0.2889490500193005,0.4544478641502986,0,0.9818470393834315,1.0,188,0.01711227784008191,0.009341827431789452,0.28405839830333984,0.4575025142042552,0.060242109861462285,0.02041918227235557,True,False,,INFY.NS,lower
0.7609649950412136,-0.07741755247260484,0.6598254716604803,0,0.2792123357872115,0.47,188,0.009925922195190898,0.01565926824721131,-0.07007998272854635,0.6499568286457335,0.1416370323216041,0.02409278172969048,True,False,,SBIN.NS,upper
-0.7874430425494806,-0.059023739485725896,0.6961250917830695,0,0.9893510957213294,0.9866666666666667,188,0.006971435179493207,0.01030506283598002,-0.06153204229530698,0.6999707470736323,0.11329762163686055,0.014722133363202765,True,False,,SBIN.NS,lower
0.6682288592813137,-0.07893869574375273,0.6942091509973588,0,0.6559181483829332,0.8633333333333333,188,0.008316253356657203,0.009622408065257309,-0.07506440551542837,0.6893335666806134,0.11078822501386056,0.013959000969592442,True,False,,INFY.NS,upper
-0.7767426144479255,0.29450832534888916,0.4454716806156931,0,0.9875247038854379,0.9933333333333333,188,0.01923080263940365,0.012300007727436597,0.2750176169239385,0.4607306897594062,0.06992570932452379,0.02669674005630549,True,False,,INFY.NS,lower
0.7634649814473712,-0.07241768395187387,0.6461300014341818,0,0.3778120502806981,0.5733333333333334,188,0.0037730309901339485,0.005764026851139352,-0.06684199345046442,0.6385873216683492,0.05644700630390416,0.009026215468572595,True,False,,SBIN.NS,upper
-0.7858743667232876,-0.06829055931256564,0.70872236820242,0,0.7939119850269813,0.94,188,0.010352774356587382,0.015907843859269116,-0.07763074204113997,0.7219844042939738,0.13335919187155354,0.02203350036970721,True,False,,SBIN.NS,lower
0.6758692125445043,-0.06871333860169129,0.6866601135476298,0,0.8336411537891113,0.8633333333333333,188,0.009463104568744019,0.01122105892850103,-0.063414037923139,0.6799498139461543,0.14922725923779184,0.016502774959744136,True,False,,INFY.NS,upper
-0.7936928129904945,0.2847830453720084,0.4456740186070157,0,0.9740761943991302,0.8733333333333333,188,0.02483944066328547,0.017779754304010225,0.2523463256195889,0.4713775157431954,0.09843392654106468,0.037718714476210655,True,False,,INFY.NS,lower
0.7573908794085035,-0.07905011299424154,0.6588921496794127,0,0.2308236598671678,0.45,188,0.009107888960991847,0.012677647753363193,-0.06755340312522518,0.6426398178143218,0.1348250005385866,0.019727454173640403,True,False,,SBIN.NS,upper
-0.8002293877016542,-0.055082537881371844,0.6941722914816708,0,0.9393029816024536,0.91,184,0.013304784208203439,0.018994219550697085,-0.06804853693979629,0.7117596448591373,0.19551900527684168,0.026686282962267906,True,False,,SBIN.NS,lower
0.7096333421924861,-0.06367158495317524,0.6887745187501941,0,0.8654896502832,0.8966666666666666,188,0.0064994469879935315,0.008298277745668022,-0.06324085842681679,0.688663688743219,0.1027728927460062,0.012049826004785808,True,False,,INFY.NS,upper
-0.7989328529794208,0.20331551240110945,0.4842451647010718,0,0.9777259415580306,0.99,188,0.008251750378248891,0.007115533518377657,0.2054374085317943,0.48160896269289416,0.04016673514115355,0.014774503636407525,True,False,,INFY.NS,lower
0.7614111786479502,-0.0728648444574381,0.6511804421128835,0,0.19399240999799483,0.52,188,0.012300783160888784,0.01976467183411861,-0.06746746296736993,0.6440936634671925,0.1823216821361896,0.030686020758012206,True,False,,SBIN.NS,upper
-0.8204846677962968,-0.05540639167749696,0.6914149073482505,0,0.9546508933284675,0.92,180,0.011151946940744761,0.013668558885230669,-0.06337985486161957,0.7021559580990946,0.17595409780524723,0.01946655658604562,True,False,,SBIN.NS,lower
0.708385312502204,-0.05722662847171436,0.6822163903270246,0,0.8697053198115254,0.9266666666666666,188,0.007827730619884577,0.010119994927419374,-0.05624866628672063,0.6813166921627228,0.13916293034139496,0.014853584089888282,True,False,,INFY.NS,upper
-0.7945743762364329,0.20880603539586337,0.48249345835127844,0,0.9590955197395682,0.9966666666666667,188,0.008551208651404355,0.005399566193724178,0.20812366878655553,0.482222611452421,0.041087149243475465,0.011197247813595015,True,False,,INFY.NS,lower
0.7615438011803995,-0.07465776425083294,0.6405622011567609,0,0.2579638325577649,0.6433333333333333,188,0.01138516497405257,0.01936837709546615,-0.07443538930015624,0.6411966110388323,0.1529536360534936,0.030206611295122775,True,False,,SBIN.NS,upper
-0.8422894090447527,-0.07314310807935348,0.7263429522326387,0,0.937382281378742,0.9866666666666667,172,0.01323785478664717,0.015912179597254116,-0.06763482637430722,0.7196479276915265,0.19572539088267685,0.022111061206257207,True,False,,SBIN.NS,lower
0.7080981957439655,-0.05302999804916024,0.6784277707804509,0,0.8098093800302818,0.88,188,0.008031639111048995,0.010713855372040735,-0.048501615684378496,0.6727525651786505,0.16559525578203127,0.015925402246428643,True,False,,INFY.NS,upper
-0.7869628919151108,0.20213434573853287,0.486228272394049,0,0.9270381135031386,0.9933333333333333,188,0.012955832025383106,0.007851813660550825,0.21149313197405098,0.47733706392481445,0.06125887536803777,0.016449201391358022,True,False,,INFY.NS,lower
0.7543803910746714,-0.07930768863807502,0.6522121083888986,0,0.26230667037956124,0.45666666666666667,188,0.010734895952601926,0.01805264212891114,-0.0747740577875761,0.6462552232520918,0.14356442373977085,0.02793422969755534,True,False,,SBIN.NS,upper
-0.8030445643790771,-0.04667101806016588,0.6968623165936969,0,0.9317930163072096,0.97,184,0.008674946293327525,0.011882781795669737,-0.052962939084026106,0.7053011800415545,0.16379273517350137,0.016847811918436765,True,False,,SBIN.NS,lower
0.7143814621916392,-0.06739468680616767,0.6976708103863082,0,0.9639878468277749,0.9633333333333334,188,0.006821536700085801,0.007823777041137122,-0.0636906209122207,0.6930789671574225,0.1071042412735295,0.01128843508314936,True,False,,INFY.NS,upper
-0.7876019215666947,0.21055058514313085,0.4725513405245444,0,0.9370881896597889,1.0,188,0.013468224129147563,0.008006187896758986,0.21074640856505492,0.47159341860357035,0.06390725033834956,0.016976886044544795,True,False,,INFY.NS,lower
0.7472261179786372,-0.07853175509447753,0.6578460425955632,0,0.4227322536553243,0.6166666666666667,188,0.01224680302638674,0.020513522622471574,-0.07672440511042475,0.6562495780285097,0.15962067627052834,0.031258720762168915,True,False,,SBIN.NS,upper
-0.8611406279637197,-0.07695709129752176,0.7281535659739058,0,0.9293831021954572,0.9833333333333333,164,0.010336697321261294,0.01240493146753819,-0.06451987811868679,0.7122604730875112,0.1602094737400435,0.017416284859389102,True,False,,SBIN.NS,lower
0.7175422739780557,-0.06188439539332245,0.6902583368146868,0,0.841775656586093,0.85,188,0.007349436140341343,0.010001393638960358,-0.05917531726060433,0.6871395580795078,0.12419764250689987,0.014555112387012346,True,False,,INFY.NS,upper
-0.7896348360849395,0.23537175951382622,0.451446656796288,0,0.9156101037166705,0.9966666666666667,188,0.004270462038844041,0.004559161367473393,0.23115136253440538,0.4537237903599575,0.018474742295585593,0.010048318743377414,True,False,,INFY.NS,lower
0.7407401312461502,-0.06708261465097398,0.6452826617138843,0,0.4465962621334879,0.6933333333333334,188,0.01322344981516217,0.02165918477080538,-0.07539393794648552,0.6585193159221682,0.17539139646259339,0.032890735196684756,True,False,,SBIN.NS,upper
-0.8125420544285437,-0.05638471816297103,0.6996469968264933,0,0.9968621144322956,0.9733333333333334,180,0.011070331300707855,0.015400604390496437,-0.06566045706772668,0.712381615446307,0.16859964290673052,0.021618475042569998,True,False,,SBIN.NS,lower
0.6723695679909807,-0.011878831126627203,0.6655767868115852,0,0.9211166707962993,0.9633333333333334,200,,,,,,,False,True,invalid,INFY.NS,upper
-0.7857796312696995,0.23593071647206448,0.4483989671437021,0,0.853272884577913,0.9466666666666667,188,0.011068577923730834,0.006318377659270936,0.22284063434430604,0.4578569688244812,0.04967037299815479,0.013799893747372751,True,False,,INFY.NS,lower
0.745000585863776,-0.064678005172393,0.644870696876986,0,0.5468112358007928,0.7266666666666667,188,0.013212556604903013,0.021252634425226766,-0.07291899817161378,0.6579269639033551,0.18119495775103608,0.032302421496931404,True,False,,SBIN.NS,upper
-0.762225229530895,-0.0970171358530724,0.7467250071823657,0,0.9590175208890217,0.94,188,0.015644829220034445,0.024398604902824132,-0.09236952505081251,0.7414489602785737,0.16937217678348407,0.03290665424170352,True,False,,SBIN.NS,lower
0.6759164230141345,-0.005594497361839197,0.6523194776925814,0,0.9961272286050493,1.0,200,,,,,,,False,True,invalid,INFY.NS,upper
-0.7775982197977189,0.2179132712221515,0.4636232507747289,0,0.9338648249685861,1.0,188,0.012978300898717777,0.007090955712736031,0.21488450655427102,0.46529806437964333,0.060396631208372756,0.015239598234293184,True,False,,INFY.NS,lower
0.7423861429928789,-0.0562991928583042,0.6399797711906163,0,0.8693715277215458,0.9533333333333334,188,0.009775030697098232,0.015604376105018233,-0.06344444109119039,0.650738891856972,0.1540722715537143,0.023979473273365127,True,False,,SBIN.NS,upper
-0.7639366723134626,-0.11829627835734527,0.7664720872057292,0,0.9739163734810398,0.97,188,0.015769902932940803,0.026735065843820672,-0.11880094527934963,0.7690372261893995,0.13274222329154942,0.034764332057955545,True,False,,SBIN.NS,lower
1.212824108190415,-0.06649920389989047,0.7078926324983943,0,0.9877721998574649,0.9966666666666667,85,0.012333916296010206,0.01563992451444871,-0.06209241069310346,0.702399280351102,0.19863803276363684,0.02226642983456165,True,True,sparse,INFY.NS,upper
-0.7934864959099752,0.26220279571116034,0.4285378436727889,0,0.8491529349255178,0.6766666666666666,188,0.02685038934458892,0.017911674512877812,0.24047033418015262,0.44416648643834505,0.11165779895284499,0.04032648715404436,True,False,,INFY.NS,lower
0.7386592563464254,-0.09218393956481859,0.6870720789606646,0,0.6625819797509886,0.7333333333333333,188,0.014611699498745414,0.02586737434873281,-0.09381962793244063,0.6913642557926621,0.15574244178246857,0.0374149715694018,True,False,,SBIN.NS,upper
-0.7725171021883044,-0.10618903392541579,0.7344277640114325,0,0.9925284754869391,0.9933333333333333,188,0.013029302340468925,0.022405002382234935,-0.12173548786288246,0.7584361561716503,0.10702960573705922,0.029541052209216778,True,False,,SBIN.NS,lower
0.8952039365853968,0.07065228182918235,0.5825223624544451,0,0.7412940890615316,0.97,152,0.01133784788893646,0.012885750711166684,0.05957776423804484,0.5939783811682049,0.1903033141794747,0.02169397220970224,True,False,,INFY.NS,upper
-0.7892021984296687,0.19407766588960773,0.4667956896333758,0,0.8015377685006292,0.9266666666666666,188,0.0099660333563198,0.006035514102789726,0.19237629910020618,0.4674901878804289,0.05180488908916861,0.012910461289144385,True,False,,INFY.NS,lower
0.7480274725869301,-0.0939037490905667,0.7016811966657281,0,0.7422914810787892,0.7633333333333333,188,0.008452632496291315,0.017408741694597742,-0.09869936661295342,0.711090324253803,0.08564018118815538,0.024481758302714037,True,False,,SBIN.NS,upper
-0.7675209583164384,-0.14372157672518354,0.7632743921459628,0,0.9258481797514779,0.91,188,0.009840162595148838,0.017596448622358155,-0.14793357684164027,0.770692352370864,0.06651743397314175,0.022832000784627715,True,False,,SBIN.NS,lower
0.9251292362905159,0.0872874749650209,0.5733444782119221,0,0.896472294406671,0.9533333333333334,152,0.016100545263265906,0.013598439167521301,0.1011309176252958,0.5590857060444944,0.15920495976187102,0.024322637436938344,True,False,,INFY.NS,upper
-0.7949366774230066,0.16896004345649251,0.48195747672744405,0,0.9420085087178547,0.8933333333333333,188,0.010242641755207331,0.012941971322089574,0.17279256203347315,0.4775386702243633,0.05927709527480811,0.027101409494219426,True,False,,INFY.NS,lower
0.7659726898478433,-0.08574057931050316,0.6918050123911779,0,0.8719390182456754,0.8966666666666666,188,0.01225095394894226,0.02429254692945387,-0.09409880261527474,0.7077389465877674,0.13019243929283764,0.03432416246602546,True,False,,SBIN.NS,upper
-0.7852404608744482,-0.11865896930412873,0.7224025095650345,0,0.9551518704818769,0.9866666666666667,188,0.022272094178237008,0.03401754203964329,-0.1253322463609962,0.7337285804675903,0.17770440607154148,0.046362568505017104,True,False,,SBIN.NS,lower
0.9644135858650384,0.10361139513650251,0.5598060735085274,0,0.7451439803994514,0.7333333333333333,144,0.017385830992085786,0.015909044631143753,0.09413024510104456,0.5688207252724234,0.1846997118346581,0.027968468173939696,True,False,,INFY.NS,upper
-0.7896182584517474,0.17099405642971713,0.4796310921841447,0,0.9771139490849475,0.96,188,0.00784805230157404,0.010377504800901447,0.1650584616748536,0.4846501456378774,0.047547103895605,0.021412362464307857,True,False,,INFY.NS,lower
0.7589413482866969,-0.09013211236824084,0.6958619732925294,0,0.6309368188019829,0.6933333333333334,188,0.003905079175161661,0.00885819585534466,-0.093860079740885,0.7030687000903044,0.041605321132147044,0.012599331655944245,True,False,,SBIN.NS,upper
-0.7611578791148459,-0.14041187081833467,0.7571485940916363,0,0.9279986277459434,0.9233333333333333,188,0.010146011954087578,0.017353352190855757,-0.15269366897342235,0.7763325747080551,0.06644683671452817,0.022352987022155713,True,False,,SBIN.NS,lower
0.7425287232675355,-0.033537378793341496,0.6935000284159117,0,0.9905298151734676,0.9966666666666667,184,0.005555387830134802,0.00691692207309615,-0.029743087277154658,0.6887156875227675,0.18677906266345146,0.010043218265498428,True,False,,INFY.NS,upper
-0.7851155515734385,0.17429881525039553,0.47069104994334454,0,0.2604120193212289,0.5033333333333333,188,0.008579206477477602,0.0051511912395810835,0.17182628783702825,0.47234568945556793,0.04992953107570708,0.010905553380751463,True,False,,INFY.NS,lower
0.7743575176109134,-0.09096680385837685,0.6951911650055915,0,0.7195087309027325,0.7133333333333334,188,0.00538662296077907,0.010126695564229187,-0.0932061156947726,0.6996026396129796,0.057792585204313185,0.014474924544427151,True,False,,SBIN.NS,upper
-0.7398734131554476,-0.1876538157928242,0.8167330987156067,0,0.683705834356779,0.79,188,0.009601847251845319,0.012969617859506585,-0.17732638398673695,0.8024972732692297,0.05414787407543789,0.016161572294264587,True,False,,SBIN.NS,lower
0.7363412999516555,-0.030253223826376532,0.6805870708344683,0,0.9800618576828616,1.0,188,0.005251816518497419,0.006289801885753244,-0.02748202139797894,0.6771224077784762,0.1911000115837013,0.00928901734842721,True,False,,INFY.NS,upper
-0.7882724393503867,0.18249924582998409,0.46939309817740493,0,0.33961991080072307,0.5466666666666666,188,0.013501278295801278,0.009528891316328746,0.18230218967330244,0.4690311402067157,0.07405987596417629,0.020316116130301976,True,False,,INFY.NS,lower
0.7645325339825557,-0.09340922473980424,0.7122278704872886,0,0.6587828419397459,0.65,188,0.007289664842706159,0.014875837550809179,-0.09616993692144056,0.7177577305964106,0.07579982183686709,0.020725429639321356,True,False,,SBIN.NS,upper
-0.7394026891727483,-0.18218765774725607,0.8003541801971545,0,0.747921586731374,0.6833333333333333,188,0.007703113697739233,0.010266135127885438,-0.17435797475354312,0.7899212150825323,0.044179873428955185,0.012996403694321309,True,False,,SBIN.NS,lower
0.7983504214316117,-0.037527122219246666,0.686801663809131,0,0.9966088315461791,0.9966666666666667,172,0.006567042675307837,0.009443748650132824,-0.03885588932585623,0.6890776217409685,0.16901018350482164,0.01370491250205438,True,False,,INFY.NS,upper
-0.7887479374129378,0.1925335992940861,0.4583468912605341,0,0.32307826673523365,0.7066666666666667,188,0.006140036477631721,0.00497121624683906,0.19023908882167273,0.4596565499819292,0.03227536566175231,0.010815066464045455,True,False,,INFY.NS,lower
0.7695457387462449,-0.08535023222355763,0.7029037216327887,0,0.791542779663313,0.8533333333333334,188,0.010070380292841057,0.019352639141421425,-0.09266635632349819,0.7159025165549604,0.10867352085097813,0.027032505716315148,True,False,,SBIN.NS,upper
-0.7393358389974705,-0.15832302947211657,0.7739819060653355,0,0.7927945411860939,0.7933333333333333,188,0.013826318986180149,0.015646142517658168,-0.1613491931593871,0.7796386192931997,0.08569189506639191,0.02006845470425517,True,False,,SBIN.NS,lower
0.8045847492502083,-0.04087530509252579,0.6973904174900498,0,0.9492132574929052,1.0,172,0.00457718808698437,0.005527140517043736,-0.03703309932978913,0.6924998374153645,0.12359718559474336,0.007981432108141003,True,False,,INFY.NS,upper
-0.7916833927037001,0.17883988560975606,0.45711283767069666,0,0.3064557404103285,0.7166666666666667,188,0.008178596804115645,0.005535902562435922,0.18150429188787634,0.4540020796860005,0.04506007140903991,0.012193561854009735,True,False,,INFY.NS,lower
0.8683983872531618,0.05400035960740835,0.5811511398726734,0,0.7133737752189144,0.9066666666666666,164,0.007282581859379705,0.008634046799680783,0.04588806285287487,0.5914837234156843,0.1587031532731594,0.014597268381027356,True,False,,SBIN.NS,upper
-0.7174220485804488,0.024784273665867815,0.656688889573782,0,0.5524201029948466,0.5933333333333334,188,0.002657711923249207,0.00444713722846629,0.029384004078211703,0.648854860802084,0.09044754457900647,0.006853824219534557,True,False,,SBIN.NS,lower
0.7477765414694866,-0.044890388856984015,0.6976807837317058,0,0.9733591594905081,1.0,188,0.002378052959554114,0.0027853308855575053,-0.043165359460719116,0.6955212065307707,0.05509168551697823,0.0040046670315114375,True,False,,INFY.NS,upper
-0.7956666944431493,0.18512836684307177,0.4519315073867298,0,0.3704746305519605,0.5833333333333334,188,0.009215827022937804,0.005722287161853417,0.18475823991636955,0.4515687855650146,0.04988046285948979,0.012672016352887144,True,False,,INFY.NS,lower
0.8993482155944967,0.11482433716147235,0.5528013072946665,0,0.9688611597174339,0.9766666666666667,160,0.0107495327686683,0.010843203648251075,0.10162719868264736,0.566751511817901,0.10577416134921122,0.01913220032205759,True,False,,SBIN.NS,upper
-0.7584151563918787,0.10863044412368199,0.5909536458235313,0,0.6831410107297307,0.7,188,0.0022067632480995848,0.004857219803137204,0.10748124089607908,0.5920483019838004,0.020531611138702218,0.008204093660637117,True,False,,SBIN.NS,lower
0.7530135283191226,-0.03260176000307516,0.679599254254087,0,0.9509617328110922,0.9966666666666667,188,0.0033966384464145195,0.0042614539022232095,-0.03730206126951039,0.6862377744021035,0.09105763650156422,0.006209879431130529,True,False,,INFY.NS,upper
-0.7979789179737622,0.18769532331097172,0.45315175926406054,0,0.4477518510837807,0.7,188,0.006505233869387069,0.004449773285659436,0.18781954787431857,0.4523127030040302,0.03463555096716879,0.00983782493334382,True,False,,INFY.NS,lower
0.8278243864739908,0.08449562472313013,0.5474973594834641,0,0.99391911561656,0.9633333333333334,176,0.013460377890391874,0.013759565767864341,0.08588263910336906,0.5458104691327116,0.156729887013509,0.02520942029132196,True,False,,SBIN.NS,upper
-1.4159986103477336,-0.07251051235149217,0.7219302546178301,0,0.8319178276941251,0.89,65,0.013665558899854609,0.017438883231269,-0.07284948674440421,0.7235856887372046,0.18758618124433787,0.02410064662928411,True,True,sparse,SBIN.NS,lower
0.7599957534032996,-0.04667016699792595,0.6757150116136325,0,0.9455860503401793,0.9866666666666667,188,0.0037150892035283157,0.0046735641060731276,-0.0490946496102646,0.6794735499967323,0.07567196173719011,0.0068782133422463166,True,False,,INFY.NS,upper
-0.7993874745725873,0.1772465887793856,0.469715811298011,0,0.48256677480748167,0.7133333333333334,188,0.00861751183577235,0.009014480584359226,0.190086411619754,0.45728288543580026,0.0453347049323212,0.019713137478645983,True,False,,INFY.NS,lower
0.8109325291423594,0.08072007958563668,0.5518150020967303,0,0.9884912122808646,0.98,180,0.012573999268272603,0.01464125172444344,0.07311802878570568,0.5608805161808844,0.17196849747467208,0.026104047191899873,True,False,,SBIN.NS,upper
-0.7135523638163145,-0.013262867746729487,0.6547411242019652,0,0.8438566456294494,0.9133333333333333,200,,,,,,,False,True,invalid,SBIN.NS,lower
0.763605049857232,-0.058825317139578275,0.6705053619392284,0,0.9413770230174425,0.9533333333333334,188,0.005090248975003882,0.007183318233914735,-0.06217856092617962,0.6759716964921041,0.08186500428012711,0.01062665517643029,True,False,,INFY.NS,upper
-0.8020571088429863,0.1824991838902873,0.4721087493130601,0,0.5033641372905477,0.8266666666666667,188,0.009779051796725025,0.010578986243845793,0.19053122628239902,0.46416337753755615,0.0513251894415404,0.02279151378131872,True,False,,INFY.NS,lower
0.8195290651171114,0.09367178409619857,0.539682845270604,0,0.977440991315649,0.9833333333333333,180,0.012719841416034203,0.014133086612203744,0.08112812653620356,0.554074707105984,0.15678705266893384,0.02550754650207284,True,False,,SBIN.NS,upper
-0.7091451348396115,-0.015769728991720133,0.6589541299897854,0,0.49541476471354606,0.64,200,,,,,,,False,True,invalid,SBIN.NS,lower
0.7665345417821496,-0.05230280545486865,0.6564995602470184,0,0.9774677234427285,0.9233333333333333,188,0.006556599839273702,0.008767873632833151,-0.05680301671443796,0.6634122305389586,0.11542694498015495,0.01321632779297243,True,False,,INFY.NS,upper
-0.807872499589034,0.1835026184285451,0.47366541617467006,0,0.5062121555995458,0.8433333333333334,188,0.012095401736768418,0.01009237837706868,0.18868516091961574,0.46839961013994974,0.06410361597478871,0.02154651272785672,True,False,,INFY.NS,lower
0.8037935655394314,0.08213478454665737,0.5496713357536518,0,0.9741644894969006,0.9666666666666667,180,0.011815872761166007,0.012244881274340367,0.08140102709976733,0.5505036305251257,0.1451562926241855,0.02224305231235159,True,False,,SBIN.NS,upper
-1.3772974742671191,-0.10332738762100102,0.777094068527614,0,0.7130847312371082,0.84,65,0.021266944096828447,0.025124596140131336,-0.10841050328896074,0.7872426405912155,0.19617049538491602,0.03191467855719311,True,True,sparse,SBIN.NS,lower
0.765893828694087,-0.04864456297797527,0.6516782584887771,0,0.9779947447480816,0.94,188,0.005950613931116411,0.00772118754825717,-0.05226444200908586,0.6571479970635847,0.11385585617700407,0.011749541146382991,True,False,,INFY.NS,upper
-0.813635558029566,0.19696838859626103,0.4630225547122795,0,0.6269904991567585,0.9033333333333333,188,0.009163518335434814,0.009957691781719466,0.19585828163540428,0.4633041693189335,0.04678647127430766,0.021492773487080293,True,False,,INFY.NS,lower
0.8408697084265869,0.10806244183498775,0.523982686182512,0,0.9650432717472388,0.9666666666666667,172,0.01788300241110692,0.0194575524981909,0.09125311234927336,0.5428558444852156,0.19597140295823887,0.03584294493174857,True,False,,SBIN.NS,upper
-0.9468403201757288,0.05141388129810974,0.5971671135453562,0,0.8395123401333139,0.8033333333333333,141,0.0085953023248021,0.009437918077917253,0.054826278093778595,0.5933119695898015,0.156773376853456,0.01590717599270851,True,False,,SBIN.NS,lower
0.7606168997186669,-0.05507328659723167,0.659323833618856,0,0.95014625733015,0.9333333333333333,188,0.007841752916964205,0.010248515127243934,-0.056491006071662124,0.6619207851849012,0.13881415952965842,0.015482993134217984,True,False,,INFY.NS,upper
-0.8153623465021145,0.18689219657444137,0.4706219336439206,0,0.5577203109102894,0.8766666666666667,188,0.008995797617841982,0.008788356156154812,0.1916407053984122,0.4657040605155665,0.046940951974324116,0.018871117330852394,True,False,,INFY.NS,lower
0.8339607722985054,0.1046024915749183,0.5291685546913927,0,0.9761211860453891,0.9966666666666667,172,0.01630546790265881,0.017498914544901236,0.08800190974009166,0.5479586056777305,0.18528536594219788,0.03193473748607473,True,False,,SBIN.NS,upper
-0.8161619157324342,0.044726967139618906,0.6096040611547333,0,0.7133484681687904,0.8,172,0.011520252486225799,0.012785892806152088,0.0592265114609525,0.593488785217773,0.19451171877147969,0.02154361280141855,True,False,,SBIN.NS,lower
0.7537477040675834,-0.05915378487297411,0.6645354346296486,0,0.9633641453277362,0.9633333333333334,188,0.0035685201500397154,0.004752231456234343,-0.06077192256844912,0.6673593805268684,0.05871987279687694,0.007120947908566238,True,False,,INFY.NS,upper
-0.807215785094601,0.1839946506845718,0.4811589276514512,0,0.7033858122563265,0.92,188,0.012348576881684241,0.012744686205861343,0.19439245474754616,0.4712397492189791,0.06352394830592382,0.02704501467996687,True,False,,INFY.NS,lower
0.8280085193448926,0.09302148433427507,0.5427921063343775,0,0.9328863097425049,0.98,172,0.012134353870880977,0.0135949471643201,0.08160458184382204,0.5560711261667232,0.14869694948176648,0.024448215848851422,True,False,,SBIN.NS,upper
-0.815713270865667,0.0665225100646009,0.5853765356461835,0,0.7865673606004466,0.81,172,0.008708539639287307,0.009206495184828545,0.057227671809665405,0.5948367063141374,0.1521735524470692,0.015477348543438818,True,False,,SBIN.NS,lower
0.7584316158111374,-0.047311065945399446,0.654617485460536,0,0.8754867061754845,0.9333333333333333,188,0.003636869664946728,0.00551359741416618,-0.04886880515571292,0.6572582569572113,0.07442107309862957,0.008388783665957487,True,False,,INFY.NS,upper
-0.8176477339384767,0.17707668691262762,0.4768901917116949,0,0.49014356306845186,0.8166666666666667,188,0.007640474903889611,0.008972521935397108,0.17750160976558296,0.47577962424293707,0.043044536235669194,0.01885856663384558,True,False,,INFY.NS,lower
0.8150300662977742,0.08092945708352417,0.5576753049032019,0,0.9303521264531706,0.9866666666666667,172,0.010502732156381027,0.012371248919973401,0.07977567403617933,0.5587679916962772,0.13165330116903667,0.022140224355040806,True,False,,SBIN.NS,upper
-0.7958455278687188,0.05190323672376562,0.599393020234618,0,0.6733713755036608,0.8333333333333334,176,0.007460131931866552,0.0074490538283254505,0.04603059648417444,0.6056563475265819,0.16206894719997625,0.012299142468753025,True,False,,SBIN.NS,lower
0.7578856868750339,-0.035173936090099,0.6398325442617734,0,0.9439650215947566,0.9733333333333334,188,0.0055435311860389585,0.006632863257469283,-0.03614646327992382,0.6414571041562429,0.15336298905591716,0.010340306641066705,True,False,,INFY.NS,upper
-0.8126307598100189,0.17312511352713805,0.4878504487661405,0,0.35811415039837124,0.7833333333333333,188,0.007367745125081934,0.007233637571902681,0.17374514067101396,0.4866243782272923,0.042405472018224796,0.014864930214973107,True,False,,INFY.NS,lower
0.8207544008492362,0.10082839982790365,0.537785050049521,0,0.8528367996608668,0.92,172,0.01694484997189021,0.01896339907867325,0.0861613202397326,0.5546890681541897,0.19666421032200163,0.0341874390997147,True,False,,SBIN.NS,upper
-0.9561405395740251,0.0962229835407365,0.5652353999518815,0,0.7279295700159675,0.7466666666666667,141,0.01617105125072364,0.01691299020726796,0.08752308345654952,0.5733523152987887,0.18476325061284188,0.0294984243736243,True,False,,SBIN.NS,lower
0.7605095144817822,-0.0324764087879532,0.6392851044503008,0,0.9879145487080663,0.9433333333333334,188,0.00443867923494738,0.005569053766134678,-0.03644111529416149,0.6447860539426357,0.12180412100661817,0.008637056657338266,True,False,,INFY.NS,upper
-0.8052875850197255,0.17454459722413507,0.48732574302034315,0,0.510745973592258,0.8533333333333334,188,0.008836114082885005,0.008226928298465618,0.1856033432875951,0.4766265695134125,0.04760751315302649,0.017260741746430674,True,False,,INFY.NS,lower
0.817267068187057,0.10002152265674542,0.5431729193980985,0,0.8697929806623566,0.9533333333333334,172,0.014767790242456332,0.016610938743533015,0.08134439042329189,0.5649357724074046,0.18154648833366743,0.029403233537000497,True,False,,SBIN.NS,upper
-0.8204229118805938,0.0740335959368375,0.580078230594025,0,0.7291058878016041,0.8366666666666667,172,0.008503471089019783,0.008560335595342203,0.05961993219300018,0.5951431605864318,0.14262796601668212,0.014383657611171389,True,False,,SBIN.NS,lower
1.0292673396196927,-0.04679699222134856,0.6583249943047498,0,0.9817361144219153,0.93,121,0.007661611640289604,0.00934285664218757,-0.04272688669225901,0.6532680730071473,0.17931589311230473,0.014301719133713366,True,False,,INFY.NS,upper
-0.7968436262492906,0.15270718372944558,0.5041056231742886,0,0.4281215166032295,0.8233333333333334,188,0.008796079514582366,0.008209695557757165,0.16463412803672206,0.49191830916913837,0.053428041228122315,0.016689143782292016,True,False,,INFY.NS,lower
0.8436117395039539,0.11042077593125632,0.5334738579517788,0,0.684798518943808,0.85,164,0.011076610543582999,0.01114249286474041,0.11003035988152034,0.5334283165994821,0.10066866589206407,0.020888453629322554,True,False,,SBIN.NS,upper
-0.9255944278876592,0.1079143750755215,0.5452148700315032,0,0.8128362408034406,0.71,152,0.01319104316850102,0.011295204839634,0.0934286732685573,0.558274622428141,0.14118836643115107,0.020232344770005066,True,False,,SBIN.NS,lower
1.2878812265237443,-0.059023434507607,0.6680605925277301,0,0.9264469238775564,0.9033333333333333,77,0.009688299072132112,0.01214496838630916,-0.04999149787467801,0.6558621371548322,0.19379889673300862,0.01851756262957808,True,True,sparse,INFY.NS,upper
-0.7974002080190518,0.14918329964866228,0.5148449898816403,0,0.469651529267744,0.8933333333333333,188,0.006929443426813526,0.008113097630303344,0.16009114493298088,0.5033358299162277,0.043284361523373394,0.016118656743484908,True,False,,INFY.NS,lower
0.8416475853959384,0.11454651143618524,0.5289314664992664,0,0.52554205420143,0.8066666666666666,164,0.013657579590853461,0.014677885596655898,0.10787641463202924,0.5360497282837877,0.12660393257785477,0.027381574037604217,True,False,,SBIN.NS,upper
-0.9280925134158364,0.10102779715128855,0.5566509066438821,0,0.7411820470187758,0.78,148,0.009480192866824291,0.007495581298865563,0.11078423956222244,0.5469869295219539,0.0855734718995384,0.013703400862580775,True,False,,SBIN.NS,lower
1.5692664799917804,-0.06313269946391753,0.666605245373653,0,0.8100049371641141,0.7433333333333333,49,0.008677200643760768,0.012734358424496925,-0.05334574658494112,0.6525219146444273,0.16265962279388196,0.0195156023783203,True,True,sparse,INFY.NS,upper
-0.7939137310709369,0.15262921537733964,0.514297549599601,0,0.42918067516663416,0.8033333333333333,188,0.010218014000673653,0.0125019545614027,0.16369629019833162,0.502739751815613,0.06242055555497396,0.024867646267430044,True,False,,INFY.NS,lower
0.857655225455719,0.12531029927790271,0.5199568734414071,0,0.6944930292557961,0.7233333333333334,160,0.01614700131331606,0.017524750993185012,0.1115029132228611,0.5347475808964854,0.14481235869523368,0.03277200550600964,True,False,,SBIN.NS,upper
-0.8981481569487042,0.10109352514136476,0.5542787885227325,0,0.7883639460389966,0.8966666666666666,156,0.02023515800061956,0.018130798301538593,0.10205419101224568,0.5532065933150299,0.19827854022581104,0.03277400919094561,True,False,,SBIN.NS,lower
1.3512668807191475,-0.051232758395098596,0.6717723108884817,0,0.7717956416411731,0.6833333333333333,69,0.008456038719383241,0.012005066729441401,-0.05452166881683742,0.6769684384550491,0.15509498061845892,0.017733569056045218,True,True,sparse,INFY.NS,upper
-0.7904638647415767,0.14708764638905764,0.5188209405209288,0,0.4698740703509733,0.8766666666666667,188,0.01065202933932508,0.012745338126537316,0.1566367021232367,0.5086329447725032,0.0680046790751354,0.025058026631872357,True,False,,INFY.NS,lower
0.8869397796546403,0.12581808262397573,0.5272870137246023,0,0.7242714291271721,0.77,156,0.00831918507859948,0.008740956440523294,0.11769202478607521,0.5354214468348925,0.07068605019635339,0.01632537569972422,True,False,,SBIN.NS,upper
-0.9152062682620485,0.08964977649237492,0.5431086656156214,0,0.8382679129900726,0.85,156,0.015636790208828112,0.014308481359337549,0.08014080469272884,0.551682426003727,0.19511643684659016,0.02593608283596124,True,False,,SBIN.NS,lower
1.266268921474294,-0.06406614814670109,0.6871318547909591,0,0.9165782220135164,0.8966666666666666,77,0.008944776512918215,0.011548010955659058,-0.05193658391388842,0.6692284377251655,0.17222493503807307,0.017255708413043316,True,True,sparse,INFY.NS,upper
-0.7875329221552805,0.17613341330382093,0.5072047537373575,0,0.3466611741661759,0.8433333333333334,188,0.006482915684268299,0.007536287119326229,0.17484043715992606,0.5076805823272319,0.03707903857245569,0.01484454445024091,True,False,,INFY.NS,lower
0.8882272962640324,0.13107166357248723,0.5132050881228594,0,0.843604073580577,0.9,160,0.01850457779268538,0.018677643476751073,0.1204897130210738,0.5244493223492187,0.1535780590137875,0.03561381877079798,True,False,,SBIN.NS,upper
-0.9148755893946868,0.07411393165957492,0.5597265909569716,0,0.8060800979352625,0.9466666666666667,156,0.012820397512379778,0.01298027249109577,0.06792814133575122,0.5657919146828866,0.18873467421499346,0.022941777577279693,True,False,,SBIN.NS,lower
0.711530382287639,-0.008731564606040746,0.6111991883258316,0,0.9001481698574145,0.9566666666666667,200,,,,,,,False,True,invalid,INFY.NS,upper
-0.7856589948611468,0.17542876432860927,0.5124618801160395,0,0.36262577384829786,0.7733333333333333,188,0.004583561979742868,0.006806931280776032,0.17633001973058393,0.5108009292413125,0.025994222236258507,0.013325996014976594,True,False,,INFY.NS,lower
0.8848659059701445,0.11603911814830789,0.5231122390981812,0,0.6479344131949781,0.88,160,0.01326207266142375,0.013539506505687948,0.11119255214023832,0.527878301430413,0.1192712210794941,0.025648916071204748,True,False,,SBIN.NS,upper
-0.9457285170703673,0.08657079451189495,0.5558792656913043,0,0.6434036610765435,0.8366666666666667,148,0.015656307729922426,0.016587408509276824,0.0977882610165849,0.5445630176930516,0.16010414712483376,0.030460034313285186,True,False,,SBIN.NS,lower
0.7082905680523924,-0.013547608247691061,0.619430432335882,0,0.8057863772674493,0.9266666666666666,200,,,,,,,False,True,invalid,INFY.NS,upper
-0.7825291834428896,0.18432284596625836,0.5080630935972982,0,0.5206543406381425,0.7933333333333333,188,0.005318218298989831,0.008017559488888285,0.18807576261086836,0.5036657787612341,0.02827699828192813,0.015918411906846938,True,False,,INFY.NS,lower
1.0154959505372647,0.037512123457807106,0.5736608787775452,0,0.4299481251467967,0.4866666666666667,125,0.00694893000080182,0.009656457941576022,0.035824060963186966,0.576010404243893,0.19397376718973627,0.016764380821571927,True,False,,SBIN.NS,upper
-0.9438289826494701,0.12016626664242835,0.5294622421939863,0,0.721074072776337,0.8833333333333333,156,0.018286505289420104,0.016100955999382337,0.09886387547138599,0.549015187027674,0.18496648399189952,0.029326976897090774,True,False,,SBIN.NS,lower
0.9060788197224525,0.04167658502302207,0.555219693832423,0,0.8387010726507235,0.81,148,0.006265431200506571,0.006575782058479032,0.040655393848485266,0.5559715013344654,0.1541106619886647,0.011827552175642188,True,False,,INFY.NS,upper
-0.7834154034512251,0.19588796987916435,0.5066499329927538,0,0.571778871522229,0.5866666666666667,188,0.009234611539240573,0.012026015766046968,0.1892165758593397,0.5119575085803848,0.04880445071609854,0.0234902610657894,True,False,,INFY.NS,lower
0.9145364233941101,0.04945962067296478,0.556722593251407,0,0.5066205878227446,0.56,152,0.008621538443825336,0.012264027996161577,0.05138024104827917,0.5541207567074926,0.16779868272196946,0.022132409996168705,True,False,,SBIN.NS,upper
-0.928105260778665,0.1043906885706202,0.5405048954786537,0,0.8941039788295282,0.95,160,0.016857969434836712,0.01421664639944116,0.09496274342206153,0.5495367171471679,0.17752191072126505,0.025870238870556672,True,False,,SBIN.NS,lower
0.9172363020395874,0.05302570679504445,0.5432358722745696,0,0.91347455070884,0.7633333333333333,144,0.011157405038318035,0.010384008997532466,0.05758756637071109,0.5384357140463624,0.19374673742985762,0.019285512706133785,True,False,,INFY.NS,upper
-0.7833954240936791,0.18909078362082693,0.5161071717210505,0,0.6337109649629828,0.5733333333333334,188,0.008628202103375927,0.011637358988645966,0.18340466671651334,0.5205316780328172,0.04704461335363028,0.022356677328570784,True,False,,INFY.NS,lower
0.899180814169304,0.047882317251270776,0.5635781632348784,0,0.4555329794368743,0.51,156,0.00637347305858211,0.009328928179296703,0.040232971715556856,0.5734348372740926,0.15841413653211,0.016268505870620075,True,False,,SBIN.NS,upper
-0.95771440029818,0.13847711453070238,0.511181550077864,0,0.8179604816894055,0.9166666666666666,152,0.02138673455689425,0.01824063981884804,0.10945757562949894,0.5375532248609324,0.195388327212751,0.033932713331298214,True,False,,SBIN.NS,lower
0.7105376953909459,0.010711921777679727,0.586313048120958,0,0.9337428018965619,0.9366666666666666,200,,,,,,,False,True,invalid,INFY.NS,upper
-0.7809827023157163,0.14602021916163369,0.5452365646892374,0,0.6304691062276376,0.77,188,0.008188479227430089,0.011448354260786546,0.144053958006877,0.5465130064172313,0.05684313553264412,0.020947999255055954,True,False,,INFY.NS,lower
0.8964115622966228,0.04229129688727483,0.5746996543796425,0,0.6901219590840563,0.6966666666666667,156,0.005751425877046248,0.00823199699150883,0.03663736734965582,0.582119363166533,0.1569824668986651,0.014141424200898079,True,False,,SBIN.NS,upper
-0.9556114579044843,0.134870095476754,0.512330221088792,0,0.8169525569703728,0.93,152,0.0209942413283064,0.017752074675357964,0.11138564588873823,0.5338670394723067,0.18848245010360484,0.03325186428513381,True,False,,SBIN.NS,lower
0.7054282479256424,-0.0017700619960391135,0.5986708090488864,0,0.8576651058173607,0.9633333333333334,200,,,,,,,False,True,invalid,INFY.NS,upper
-0.7796212687939948,0.1399609644667993,0.5514490906562064,0,0.5519313355747477,0.7366666666666667,188,0.008855698697882358,0.012266083668562832,0.13598430113852134,0.5550161028724845,0.06512294413773542,0.022100410031484937,True,False,,INFY.NS,lower
0.8972964395030184,0.031585388722275363,0.5928391027018693,0,0.5271498511059316,0.68,156,0.0044474647620011435,0.006827090860584151,0.02834501635361902,0.597279335259577,0.15690459082721236,0.011430314667280355,True,False,,SBIN.NS,upper
-0.9519017455676386,0.10439824943895815,0.525627080930023,0,0.9704336475664144,0.9466666666666667,152,0.019757110560063254,0.016965438509973084,0.10060867759650073,0.5294574144861971,0.19637579052119974,0.03204306470239208,True,False,,SBIN.NS,lower
0.6990050787608996,0.0008441240152821056,0.5976205605066065,0,0.9386755199619636,0.96,200,,,,,,,False,True,invalid,INFY.NS,upper
-0.7775554790327036,0.13917607299951146,0.5546521655811938,0,0.8245496797170874,0.9133333333333333,188,0.0031082226793475243,0.006149230300474405,0.14260905683135158,0.5503225520777505,0.021795407181391106,0.011173865518538618,True,False,,INFY.NS,lower
0.9157479464630489,0.024485681744074412,0.6106614645598349,0,0.3154768748004694,0.7066666666666667,152,0.005260090722298052,0.008575451843504098,0.02754059404413509,0.6059580879281142,0.19099402154972758,0.014151889169936328,True,False,,SBIN.NS,upper
-0.7679150950436685,-0.05646822517443241,0.6767361554063211,0,0.19669670544637197,0.27,188,0.005828810910823677,0.008933478182009513,-0.053141131584630324,0.6722088891338105,0.10968546660859667,0.013289735071227026,True,False,,SBIN.NS,lower
0.7175258127051167,0.04873305797433927,0.5914789403948578,0,0.8052502312890066,0.9433333333333334,188,0.007420635796302554,0.010018644462473799,0.05411187807858975,0.5846419418171324,0.13713503741590288,0.017136376257869856,True,False,,INFY.NS,upper
-0.7768808697679371,0.15145359897271593,0.5338557976902154,0,0.6493324474484132,0.68,188,0.008536074887655877,0.011465959132720476,0.14866593889606214,0.5360101490838057,0.057417821303678375,0.02139130935935817,True,False,,INFY.NS,lower
0.9085773080521246,0.024711124091096485,0.6139077045774621,0,0.4974737689160078,0.7966666666666666,152,0.004694344518934548,0.00768905815591094,0.02625222280351976,0.6114864024620456,0.17881696212541415,0.012574372871103153,True,False,,SBIN.NS,upper
-0.764500251081347,-0.04837630046115941,0.6711878511552045,0,0.2550956765807274,0.29,188,0.006132985954278212,0.009509383814540756,-0.044889319289681234,0.6663115631288808,0.13662458431269117,0.014271677392434259,True,False,,SBIN.NS,lower
