Threshold (u),Shape,Scale,Loc,KS_p,AD_p,Num_Exceedances,xi_std,sigma_std,xi_mean,sigma_mean,xi_rel,sigma_rel,stable,Fallback,FallbackReason,Stock,Tail
0.8163655463643903,0.12733380268357616,0.5866372599973502,0,0.5518941036038676,0.7666666666666667,188,0.019731585401114245,0.02552700700916382,0.11354710652839194,0.6047882479720481,0.17377442954423641,0.042208172319284046,True,False,,HINDUNILVR.NS,upper
-0.7080126022976041,-0.08848390454429461,0.6240230459001531,0,0.7168315216266976,0.86,188,0.002482153116794616,0.0027391311942334884,-0.08440624664376141,0.6199920621492684,0.029407217136409706,0.004418010031544434,True,False,,HINDUNILVR.NS,lower
0.6467772670447492,0.20464143924561282,0.46860198021838834,0,0.6866963092472544,0.75,188,0.006221334231032419,0.004421246350699066,0.20836848228660051,0.4642107632455236,0.029857365491109292,0.00952422176630667,True,False,,INFY.NS,upper
-0.6663319508828234,0.34256436115586236,0.45454867480268657,0,0.7596976322475639,0.9033333333333333,188,0.016398345170179063,0.012561442148728931,0.3374294641333951,0.45774229842560915,0.048597844667524065,0.027442169791849987,True,False,,INFY.NS,lower
0.7453978576626435,-0.0014766472234284842,0.6361474513474202,0,0.5692963076034239,0.76,200,,,,,,,False,True,invalid,SBIN.NS,upper
-0.9368811784756401,0.09306694279519241,0.4999166319879266,0,0.9349369037559815,0.9333333333333333,156,0.008540540567932997,0.0071100739946752456,0.08485724608327178,0.5071527031140429,0.10064596667551952,0.014019591753769066,True,False,,SBIN.NS,lower
0.9176464132608776,-0.06324634799751885,0.611575356763585,0,0.7674360272509552,0.6966666666666667,180,0.006207602166137469,0.009281652133381077,-0.06575318569012875,0.6155718330482779,0.09440761169071803,0.015078097281738628,True,False,,TATAMOTORS.NS,upper
-1.3856713600521249,0.14732950955987553,0.44288524664332424,0,0.7252558996950738,0.9633333333333334,73,0.024955473681800393,0.018767621786342777,0.12931786731810438,0.4569264272638744,0.19297775527519156,0.04107361766748572,True,True,sparse,TATAMOTORS.NS,lower
0.8128066572376574,0.12563222239104377,0.5901246733418399,0,0.6598987822080239,0.7933333333333333,188,0.019344671317687166,0.02511094915216634,0.11057465376297419,0.6101492220344786,0.17494668904582017,0.04115542204066456,True,False,,HINDUNILVR.NS,upper
-0.7048870261511045,-0.10216682373039712,0.6354614990350869,0,0.9175489596446487,0.99,188,0.007877458389066685,0.0070140941169858665,-0.0941345489238099,0.6268193421355189,0.08368295851306319,0.011189976973572144,True,False,,HINDUNILVR.NS,lower
0.6424950509417655,0.19933210589355732,0.4722765422959917,0,0.6241437212325469,0.6633333333333333,188,0.007515823715665866,0.00616794494758949,0.20482202541239003,0.4661610292510012,0.03669440985943459,0.01323136089944317,True,False,,INFY.NS,upper
-0.6679511369611751,0.32812568456988694,0.4638869568088899,0,0.7810808557058108,0.7466666666666667,188,0.01595371374188186,0.011262195256783665,0.32583864933265266,0.4647472532836121,0.048962004000865096,0.024232945832132653,True,False,,INFY.NS,lower
1.0600981490619408,0.07065226608953847,0.56651253213218,0,0.8783858930090555,0.88,125,0.011259052931119744,0.012229917663340788,0.07216340803325778,0.5646420806253108,0.15602161369256112,0.021659592627600272,True,False,,SBIN.NS,upper
-0.9175462898771221,0.07216076600017243,0.5157480841932112,0,0.9206475253593669,0.9633333333333334,160,0.013020231072961514,0.011228872590541833,0.07259738213730589,0.5151971167689806,0.17934846816998487,0.02179529350437734,True,False,,SBIN.NS,lower
0.9094145226694844,-0.05596303271531251,0.6006703114594392,0,0.8173473876089566,0.8366666666666667,184,0.009752557550454134,0.014393278107430688,-0.062374605815758856,0.6100035218872675,0.15635459109297092,0.0235954012641531,True,False,,TATAMOTORS.NS,upper
-1.383773029794066,0.14718932337876744,0.44655072284830843,0,0.9739936052984419,0.9966666666666667,73,0.023725608697656223,0.01790151070839992,0.126955395326698,0.46244198725746366,0.1868814379080783,0.038710823875352504,True,True,sparse,TATAMOTORS.NS,lower
0.8063621178339624,0.11116853719523562,0.6080926029722372,0,0.5335775304824414,0.71,188,0.018195505095367326,0.02500318206371924,0.10276369557688787,0.6198895331664568,0.1770615899185675,0.040334898917637044,True,False,,HINDUNILVR.NS,upper
-0.7089874219633531,-0.0976947665573374,0.6318894165774671,0,0.8865489144000243,0.9733333333333334,188,0.00700987851559542,0.006522076203717542,-0.08702206644750592,0.6203208516582992,0.0805528757961087,0.010514036536321094,True,False,,HINDUNILVR.NS,lower
0.6462977272855286,0.1974763383361957,0.4721247439113659,0,0.6816218179657116,0.8,188,0.006107403923170961,0.0032396648191429923,0.19720582754481394,0.47151452516700054,0.03096969136009012,0.006870763417707942,True,False,,INFY.NS,upper
-0.669432006881389,0.32390632698475397,0.4687568530594702,0,0.6183777111117859,0.63,188,0.015254277109360273,0.010453754594022951,0.3202487998478596,0.4708997152648346,0.04763258016979708,0.022199534281197014,True,False,,INFY.NS,lower
0.9806588768254201,0.08029851398697635,0.5592409414894826,0,0.9457713379717556,0.9566666666666667,144,0.0054076894940801095,0.00460736571127703,0.08553835928001553,0.5534633959874368,0.0632194597535251,0.00832460766409119,True,False,,SBIN.NS,upper
-0.9782570287934965,0.09403631296356395,0.4796166307238955,0,0.8188903834192078,0.8833333333333333,148,0.016429357971372287,0.01327201481534644,0.10084885435149764,0.47346486166117513,0.16291068895044336,0.02803167797598355,True,False,,SBIN.NS,lower
0.9108626598184489,-0.055455958922839554,0.5995071586837994,0,0.8303242636986284,0.8433333333333334,184,0.009829990641538697,0.014619120834596298,-0.06118297610798772,0.6079007711118474,0.1606654278721997,0.024048531090646075,True,False,,TATAMOTORS.NS,upper
-1.405417488103527,0.11737758543745043,0.4731685258290976,0,0.9456519265545426,0.9366666666666666,69,0.020447364440509628,0.02257093889446123,0.10554775959580136,0.4826669166188564,0.19372616322271405,0.046762969761722735,True,True,sparse,TATAMOTORS.NS,lower
0.8050396732648515,0.1181681698911928,0.5985260075334006,0,0.562173093523535,0.67,188,0.019757549663922153,0.02693272301983297,0.10673393125983255,0.6143792737534187,0.18511027917374923,0.0438372903059056,True,False,,HINDUNILVR.NS,upper
-0.7099137092575677,-0.08735960309183287,0.6228572230392273,0,0.8331968622144608,0.96,188,0.006672754954723989,0.006815962381254168,-0.08338942557282597,0.6189533872228804,0.08001918838863604,0.011012076857217397,True,False,,HINDUNILVR.NS,lower
0.6592444339033403,0.20964210815531736,0.46236360088524653,0,0.6088883331850663,0.63,188,0.00804963052340945,0.005859921625650167,0.20484391007548297,0.46606399952610206,0.0392964092878287,0.012573212060739438,True,False,,INFY.NS,upper
-0.6755590104695299,0.33525567905052356,0.45690389685508986,0,0.7158001008311652,0.7533333333333333,188,0.011072060205220915,0.009175331969490554,0.3230349523110534,0.4665906576877042,0.0342751141424733,0.01966462813103612,True,False,,INFY.NS,lower
0.9775503625282775,0.08401071072533725,0.5559053305505133,0,0.8454862164682924,0.8733333333333333,144,0.010633134086267568,0.009347131409260093,0.09484735247860875,0.5450355138145828,0.11210785211518873,0.017149582001264048,True,False,,SBIN.NS,upper
-0.9609059303335032,0.10409581273809813,0.46767893523226367,0,0.935409236695601,0.88,156,0.013184164110524615,0.010855428767078804,0.09056273196044574,0.4789072611089096,0.14558044318361013,0.02266707862242948,True,False,,SBIN.NS,lower
0.929866680295572,-0.046952712605248526,0.5868202629342039,0,0.8339984498385427,0.73,180,0.006748009478957967,0.009977348867327013,-0.050345414019002076,0.5916388949324304,0.13403421682199038,0.016863916122058436,True,False,,TATAMOTORS.NS,upper
-1.3434877206570912,0.11885127274651237,0.4612980943400925,0,0.9918462102815568,1.0,77,0.018913694053948507,0.012114797120335096,0.12015673136043374,0.45974014155659654,0.15740851357822003,0.0263514010671389,True,True,sparse,TATAMOTORS.NS,lower
0.8075653873985916,0.10814826112448438,0.6131668409461775,0,0.3783425769436205,0.5733333333333334,188,0.01768841252704629,0.025007212486092636,0.09909535047524314,0.6261494275796193,0.17849889684255565,0.03993808983165108,True,False,,HINDUNILVR.NS,upper
-0.7157696799995541,-0.11671631760413667,0.6350619101582241,0,0.6960295881803211,0.8833333333333333,188,0.00817895875540673,0.007172662258690686,-0.11504847493721587,0.6338736155051435,0.0710914077649101,0.011315602937375225,True,False,,HINDUNILVR.NS,lower
0.6577965741295257,0.20484240876285326,0.4664477648091955,0,0.6047130001795951,0.74,188,0.006246486149054954,0.006626453491565444,0.1995605544554667,0.4706742940762747,0.031301205055715806,0.014078638740583552,True,False,,INFY.NS,upper
-0.6674977895882067,0.307862346087165,0.48298668284371493,0,0.7650165666421546,0.7133333333333334,188,0.007646796627827399,0.005049158308435946,0.3067788331607108,0.4825595047402392,0.0249260886084687,0.01046328619414726,True,False,,INFY.NS,lower
0.9718146433173516,0.073407455731065,0.5620020342359335,0,0.8558107969964238,0.91,144,0.011722739913599655,0.009889499246399843,0.08607115121969705,0.5493133460914804,0.13619823117846994,0.01800338392783023,True,False,,SBIN.NS,upper
-0.9559528053324978,0.09661122835523955,0.47421742357538205,0,0.9750333238073443,0.9833333333333333,160,0.013432154145882731,0.0107405626479816,0.0821053683601433,0.48684173944128584,0.16359651966969255,0.022061712374314223,True,False,,SBIN.NS,lower
1.0335564383934095,-0.05382965866514515,0.5895556210764317,0,0.7274900945025868,0.7666666666666667,148,0.009462195957035516,0.011508155161888212,-0.054299912104825286,0.5908801679546439,0.1742580024105536,0.019476292472230435,True,False,,TATAMOTORS.NS,upper
-1.3502036579483319,0.12914289644493634,0.4561084318297568,0,0.9981074191058871,1.0,77,0.017045858478389506,0.011689395831635275,0.11709287085107256,0.46578781826723237,0.14557553247041294,0.025095966708964367,True,True,sparse,TATAMOTORS.NS,lower
0.8329636354034172,0.10913676043706418,0.6155434854621156,0,0.4547593344530094,0.6333333333333333,180,0.012234373009723609,0.014012660913803097,0.11252986474114772,0.6104678920230494,0.10872111106376255,0.022953968369780104,True,False,,HINDUNILVR.NS,upper
-0.7128190630417792,-0.13547764951404362,0.6511472382586742,0,0.7204057811411553,0.88,188,0.009499292539720271,0.008712431898511775,-0.12296320444616804,0.6372054615995123,0.07725312470486008,0.01367287678280891,True,False,,HINDUNILVR.NS,lower
0.650794064563404,0.24378838579384005,0.4554791834947629,0,0.926406714196857,0.8,188,0.005337267457643263,0.005636616489014464,0.23928016860374027,0.4585263283083989,0.02230551435053064,0.012292895779573187,True,False,,INFY.NS,upper
-0.6624425779124314,0.3243627618246274,0.45781479616182674,0,0.924054667602494,0.8066666666666666,188,0.018971548495304035,0.011786088180189147,0.32060928450574816,0.4602580227867052,0.059173420173456316,0.025607566496620184,True,False,,INFY.NS,lower
0.9750728754731204,0.09441935861161768,0.5299587693671659,0,0.949913887763297,0.9633333333333334,148,0.017770801706978253,0.01569801938502307,0.09465706592359104,0.5293516058238437,0.1877387562798071,0.029655183654425675,True,False,,SBIN.NS,upper
-0.9469527752468285,0.061140851114502306,0.5035943341905834,0,0.9933685915468204,0.9866666666666667,160,0.011113919807893386,0.009479009876566524,0.057544680528246885,0.5069944912422383,0.19313545187001938,0.01869647472179885,True,False,,SBIN.NS,lower
0.8804761217723261,-0.0834847420861986,0.640905803408605,0,0.4367053574706745,0.37,188,0.013675121125504935,0.026056884439873394,-0.09016034498358783,0.6536962117860358,0.15167554661906846,0.03986084601908895,True,False,,TATAMOTORS.NS,upper
-0.8854212807166091,0.07643337303065423,0.5059780547354096,0,0.746767952219112,1.0,168,0.013272550312200303,0.013272898772986973,0.07333834827052184,0.5088547139566773,0.18097692156186662,0.02608386666784093,True,False,,TATAMOTORS.NS,lower
0.8155526123055634,0.10754011712349858,0.6161269541158638,0,0.469523944878084,0.6666666666666666,184,0.018493702435557688,0.02546566016133109,0.09679464376065561,0.6316152297002939,0.1910611972566906,0.04031831178331721,True,False,,HINDUNILVR.NS,upper
-0.7174880050909737,-0.13871258208315962,0.6488807452007753,0,0.6095043948015656,0.8966666666666666,188,0.006068893225830384,0.005156442243771911,-0.13785844470982797,0.6487929363493963,0.04402264074847294,0.007947747078302848,True,False,,HINDUNILVR.NS,lower
0.6470383317401472,0.22248890510457148,0.476921910952384,0,0.8849451754509353,0.76,188,0.003452865317655875,0.005631881781720417,0.21869802529598367,0.47967652078273354,0.01578827771810022,0.011740999236569575,True,False,,INFY.NS,upper
-0.6546013883099708,0.30143728895987254,0.47512583510841533,0,0.7565202417789649,0.5333333333333333,188,0.01573021734600199,0.009976794474131115,0.3121171990215837,0.463809226326511,0.050398430113202136,0.021510555833579137,True,False,,INFY.NS,lower
0.9670648702944291,0.07036886151396567,0.5518833865208496,0,0.8962730368302141,0.9533333333333334,148,0.01403612590798102,0.011785962557783995,0.08236533403669644,0.5401937944601212,0.1704130064912674,0.021818026161116534,True,False,,SBIN.NS,upper
-0.9834157316698742,0.04027645315396185,0.5236273287881047,0,0.998548773856839,0.9966666666666667,148,0.00758282573899897,0.007262354691192816,0.0414872637108091,0.5222047011384457,0.1827747417643242,0.01390710297377504,True,False,,SBIN.NS,lower
0.8865534517199614,-0.082574399801802,0.6407733133310709,0,0.20363078473822593,0.18,188,0.006963449962120517,0.014303475394353093,-0.08390257195073499,0.6439320103790721,0.08299446572704093,0.02221271025772701,True,False,,TATAMOTORS.NS,upper
-0.8556919704485915,0.06772158900574948,0.5094759584526778,0,0.8919280466242827,0.95,180,0.011291916761398436,0.00996592168609913,0.06882280295489492,0.5082922012637824,0.16407229342396876,0.01960667794086507,True,False,,TATAMOTORS.NS,lower
0.83235140720396,0.11599949979700425,0.5997116237864566,0,0.5217921393494036,0.76,180,0.015332416407138354,0.018169197571660987,0.109157597865903,0.6087987329091965,0.1404612716135534,0.029844341472910953,True,False,,HINDUNILVR.NS,upper
-0.7073813183517821,-0.16470268431543506,0.6870078509910329,0,0.7358123894371369,0.9,188,0.014328654716605486,0.014373739495760117,-0.15143066043716255,0.6714805181913674,0.09462187993515676,0.02140604067027197,True,False,,HINDUNILVR.NS,lower
0.6972128331715659,0.22765374563470298,0.4846672452759989,0,0.8235341939839784,0.7066666666666667,188,0.01484720761338062,0.018831103929012737,0.23648715532891676,0.47526985217445983,0.06278229768930788,0.03962191888805334,True,False,,INFY.NS,upper
-0.735345864426054,0.36123875420735785,0.43708703156911743,0,0.6493921531817313,0.56,188,0.03265272975189011,0.026342492161673593,0.3351495516483171,0.46132152896275996,0.09742733838379189,0.0571022376733207,True,False,,INFY.NS,lower
0.738296116610495,-0.024643910391832127,0.6459519486538233,0,0.44708634960241445,0.6666666666666666,200,,,,,,,False,True,invalid,SBIN.NS,upper
-0.9881759942245423,0.09183461543325455,0.49627444241734353,0,0.929653764777862,0.9766666666666667,148,0.01047816786279501,0.008904670037176505,0.09161933520758096,0.49593425725068463,0.11436632557299706,0.017955343329150063,True,False,,SBIN.NS,lower
0.8775137266846066,-0.08514130366258975,0.6470566892508367,0,0.09887907611294866,0.13666666666666666,188,0.004345506579038909,0.008634970226398073,-0.08463490768280525,0.6466542245351851,0.05134413428893496,0.013353303458385124,True,False,,TATAMOTORS.NS,upper
-0.8325326837579731,0.0953831863678608,0.4885735923643587,0,0.9080510030914478,0.9166666666666666,188,0.016572753449924968,0.015517166846645695,0.08412242774489709,0.49920222581018353,0.19700752729232793,0.031083928984136075,True,False,,TATAMOTORS.NS,lower
0.824243645269858,0.11319397409285295,0.6036173765787245,0,0.5720521344632136,0.6766666666666666,180,0.016455698308080788,0.019788677481047425,0.10759674005615245,0.6112278156613237,0.15293861849445184,0.03237528896796686,True,False,,HINDUNILVR.NS,upper
-0.7140400211636762,-0.17080906677222008,0.6905267321069304,0,0.7013058783279589,0.89,188,0.011895665327797537,0.01093626474769744,-0.16862758165617786,0.6889813113552398,0.07054400297699873,0.015873093230140974,True,False,,HINDUNILVR.NS,lower
0.6996276943610946,0.22756106807599008,0.48215094324996344,0,0.7800732934522046,0.49333333333333335,188,0.010768077986917769,0.015144137811043533,0.22545814655375,0.4834595843464826,0.0477608712477458,0.031324516026028294,True,False,,INFY.NS,upper
-0.7089862192189038,0.3363430177583892,0.4550610886365126,0,0.32170276533592657,0.18333333333333332,188,0.035039660507944465,0.02744118831224464,0.33799363076426275,0.4539002992377892,0.10366958511028096,0.06045642127524694,True,False,,INFY.NS,lower
1.2141903896933777,0.08654221910608222,0.5447758772262428,0,0.7812684697749209,0.78,97,0.014848021753851326,0.011023960442996812,0.0857829982084261,0.544992063821255,0.1730881448896644,0.020227744535257993,True,True,sparse,SBIN.NS,upper
-0.9673070368134588,0.08339432929399765,0.4957793359100273,0,0.9965381252819292,0.9966666666666667,156,0.013753760544116315,0.012486725522428492,0.07488232081915536,0.5037114702846579,0.1836716404746047,0.024789440009133763,True,False,,SBIN.NS,lower
0.8893239089457755,-0.07773021440738287,0.6325703553862363,0,0.2026459541969191,0.17666666666666667,188,0.005460785427518156,0.01112103431305596,-0.0763333653475645,0.6308518319184113,0.07153863434773933,0.017628599259117726,True,False,,TATAMOTORS.NS,upper
-0.8430794116583679,0.07895661058798796,0.5032393108881699,0,0.9576030053384496,0.9566666666666667,184,0.012620359578749707,0.011449579809802572,0.07793689072461384,0.5041316709021639,0.1619304778790617,0.02271148639044681,True,False,,TATAMOTORS.NS,lower
0.8360416146469628,0.1330715400653335,0.5798645874769094,0,0.8840976476306291,0.8766666666666667,180,0.021610862477498834,0.025218903637434176,0.12047911573499555,0.596050959713232,0.1793743301643293,0.04230997837243235,True,False,,HINDUNILVR.NS,upper
-0.7176577404069835,-0.16637461565486092,0.6834890640200608,0,0.7380402566498496,0.8466666666666667,188,0.013237171994144195,0.012679848902941486,-0.16704242245717546,0.6855250554881024,0.0792443680292898,0.0184965503688961,True,False,,HINDUNILVR.NS,lower
0.6576939179346943,0.234175598387518,0.4707805028950244,0,0.7115972062931277,0.5066666666666667,188,0.005813671919658831,0.00842287391074637,0.22625474838354528,0.47754689890478064,0.025695247079858274,0.017637793803468697,True,False,,INFY.NS,upper
-0.6650624985177989,0.31702053532021063,0.45675026115400263,0,0.4992990688317809,0.4166666666666667,188,0.013824628044058979,0.008033052117892531,0.3106671611356889,0.46162368333637627,0.0444998034183047,0.01740173269667725,True,False,,INFY.NS,lower
0.9553615476568339,0.08398899090914531,0.5351886266794247,0,0.7767368036897774,0.9133333333333333,152,0.013444367465520251,0.012704506649811721,0.07266458012079023,0.5456017804791812,0.185019518353736,0.023285309673661148,True,False,,SBIN.NS,upper
-0.9559934634739892,0.08048393532239302,0.49759447542234453,0,0.9917892643917787,0.9766666666666667,160,0.014474079600694512,0.012789001532246894,0.07298548228561828,0.5049178782907445,0.19831447521176226,0.025328873919560284,True,False,,SBIN.NS,lower
0.8826225841384183,-0.08136723834554598,0.6378667167870218,0,0.1629639460234299,0.18333333333333332,188,0.005249724407582684,0.010418770531785896,-0.08125810182614314,0.6382873027431338,0.06460554262957525,0.016323010537385888,True,False,,TATAMOTORS.NS,upper
-0.8290273292216256,0.081333530089457,0.5036559311815074,0,0.9260321726166469,0.9833333333333333,188,0.005749157641991887,0.005225490512250533,0.07971726965969003,0.5048834966415393,0.07211934058129954,0.010349893477428571,True,False,,TATAMOTORS.NS,lower
0.8385296997680832,0.15048345828177592,0.569555261195573,0,0.9162557806233608,0.8566666666666667,180,0.024074151148401477,0.028580570291611405,0.12194282356345858,0.6045156326908449,0.19742161507074857,0.04727846274480573,True,False,,HINDUNILVR.NS,upper
-0.7127134782984573,-0.15514094556541644,0.6707969196533046,0,0.638447108331351,0.7733333333333333,188,0.01378402562908978,0.013842738584203871,-0.15787275428487305,0.6754178681632376,0.08731097913898078,0.02049507280122411,True,False,,HINDUNILVR.NS,lower
0.6562086388607749,0.21857940034281004,0.4808509884810742,0,0.6305617573044516,0.44333333333333336,188,0.003809324994630815,0.007147620527215713,0.2190375564294337,0.47939410178520664,0.017391194838069238,0.014909696117457148,True,False,,INFY.NS,upper
-0.6677431892602792,0.30611862015829455,0.4668110647251277,0,0.44807051101826434,0.33,188,0.015827592052884427,0.010437697517593707,0.30217260155398695,0.46958630517360533,0.05237930721612282,0.022227431209819022,True,False,,INFY.NS,lower
0.9599888644953809,0.07965318481239919,0.5438522464140496,0,0.8820095146549723,0.91,148,0.013236757738144861,0.01409606770099,0.08634188893541585,0.5370107993940674,0.15330630784534888,0.026249132148559923,True,False,,SBIN.NS,upper
-1.0173047669310042,0.11206644255604567,0.4775329260248696,0,0.9930937097593032,0.95,144,0.012202968300924481,0.009349839448551707,0.11975426397647392,0.4700967384023127,0.10190006498909418,0.019889181280935038,True,False,,SBIN.NS,lower
0.8788625777866247,-0.08530695770715105,0.6426982102731582,0,0.13016007714323807,0.09666666666666666,188,0.005091350731265964,0.010688160487897242,-0.0836393808363811,0.6405139545232471,0.060872642427846936,0.016686850060876886,True,False,,TATAMOTORS.NS,upper
-0.8219847056700859,0.08113642886624059,0.5060134235697743,0,0.9538036470372812,1.0,188,0.013145256397417678,0.013077793443378666,0.07213888693046507,0.51478157339632,0.18222147768752878,0.025404547997029518,True,False,,TATAMOTORS.NS,lower
0.8431087553797746,0.14472927400919763,0.577851274785204,0,0.9017242433388635,0.8833333333333333,176,0.0206420100957204,0.024165451970310548,0.13420021765896725,0.590575118692375,0.15381501548698082,0.04091850603972539,True,False,,HINDUNILVR.NS,upper
-0.7145460576588587,-0.1567989062309567,0.6771482020660002,0,0.5891412558868185,0.6466666666666666,188,0.013022026686348484,0.0127526678572498,-0.1616173445581465,0.6844708378016789,0.08057319538455529,0.0186314258645312,True,False,,HINDUNILVR.NS,lower
0.6565742318130668,0.22853159433595066,0.4702917172035422,0,0.6111084991015269,0.46,188,0.004124952023154618,0.006177637457745567,0.228563825701163,0.4693039444059659,0.018047264609908843,0.013163403802052078,True,False,,INFY.NS,upper
-0.6717703691162757,0.3082794026913469,0.4673271174034176,0,0.3543557680580749,0.30333333333333334,188,0.012363141957655477,0.0073150207190558385,0.3054346148474861,0.468881073026089,0.04047721165807189,0.015601014807093047,True,False,,INFY.NS,lower
0.9603214890521309,0.07360539534527974,0.5479329843206844,0,0.9708526891108369,0.9366666666666666,148,0.01327691694039336,0.014591337921399609,0.07144477868266388,0.5494826629394635,0.18583464497831192,0.026554682504078043,True,False,,SBIN.NS,upper
-1.0189545429450166,0.11327480024128236,0.4756410899553484,0,0.8980727587291083,0.8366666666666667,144,0.0186674088714624,0.014061336745281093,0.1193607669812654,0.46981494066546126,0.1563948337433527,0.029929521666699103,True,False,,SBIN.NS,lower
0.8755350792361496,-0.0824358446949807,0.6507493460577043,0,0.1283303715424785,0.14333333333333334,188,0.003573476426094809,0.007683146980500882,-0.08116618992490753,0.6491387716989322,0.044026656778324964,0.011835908124904317,True,False,,TATAMOTORS.NS,upper
-0.8140929811170167,0.0807733505964445,0.5061507218760347,0,0.9836997755115365,1.0,188,0.015617577554711042,0.014161698680252063,0.07811905131399961,0.5089011135154312,0.19992018966966565,0.02782799649256943,True,False,,TATAMOTORS.NS,lower
0.7682667332641593,0.10079098937729086,0.6298338381917832,0,0.6925877855085766,0.49,188,0.01568999134806637,0.019374763022063358,0.10092403502677051,0.6296974736675816,0.15546336201550917,0.030768366596000768,True,False,,HINDUNILVR.NS,upper
-0.7039256457301803,-0.15975735157902998,0.6827284520057261,0,0.5000148952717414,0.6633333333333333,188,0.01393583537364248,0.013490259202446035,-0.16139201495913877,0.6860151078972567,0.08634773234409046,0.019664667513153034,True,False,,HINDUNILVR.NS,lower
0.667710672654483,0.2299392971301637,0.45835494103661234,0,0.6839800199303884,0.5766666666666667,188,0.0023250465426978575,0.005302244183911878,0.23127369245477505,0.4560847661743097,0.01005322489335991,0.011625567133346781,True,False,,INFY.NS,upper
-0.6754041614683987,0.3126667112425991,0.47222691056144933,0,0.525238030455057,0.38666666666666666,188,0.009958791712198305,0.004883313755042389,0.30677931675787956,0.4767539274786861,0.032462395095019275,0.010242838854919166,True,False,,INFY.NS,lower
0.9606565466348357,0.07228459240870112,0.5472118335606903,0,0.9570685404162642,0.9766666666666667,148,0.014531523177254542,0.01493998662573656,0.07487232243801827,0.5441978589237751,0.19408401881007523,0.027453225157390643,True,False,,SBIN.NS,upper
-0.8399904431885888,0.03194999393555259,0.5478202717698373,0,0.31917012044333426,0.39666666666666667,188,0.004509018615483502,0.005752592871494403,0.027102919973261325,0.5532497875715635,0.1663664636971693,0.010397821918317642,True,False,,SBIN.NS,lower
0.8745934162513342,-0.08297185234136371,0.6559620610893624,0,0.16877469391221656,0.24666666666666667,188,0.00856451719211283,0.01674210875914311,-0.08261288922317181,0.6561980974614077,0.10367045912499095,0.025513802263027324,True,False,,TATAMOTORS.NS,upper
-0.8382920867285285,0.10358115458899522,0.48818946071291247,0,0.8774208704926938,0.9766666666666667,180,0.010155393510806743,0.00812478560735209,0.10067099988415658,0.490487270004228,0.10087704019749762,0.01656472234566828,True,False,,TATAMOTORS.NS,lower
0.7664653307928229,0.0984313408167864,0.6305311008572596,0,0.38626734504888627,0.38666666666666666,188,0.011654265605567487,0.013926444372825038,0.10687800656476572,0.6183198794142123,0.10904268230413183,0.022523041246528163,True,False,,HINDUNILVR.NS,upper
-0.7032878732732991,-0.16727262932662662,0.6953053889064973,0,0.37343732156065135,0.7366666666666667,188,0.013600061084855477,0.0131482037561081,-0.16501791712289057,0.6937129872712853,0.08241565823770995,0.018953376695876333,True,False,,HINDUNILVR.NS,lower
0.6665884677091533,0.23208301891646044,0.4529248301238191,0,0.6922464068701428,0.5733333333333334,188,0.0028708364922270403,0.005084619844816426,0.22944774201847137,0.4544264018612009,0.012511939938273736,0.011189094014124915,True,False,,INFY.NS,upper
-0.6755977808061213,0.30534654219694957,0.481025673637948,0,0.4854170005894165,0.4033333333333333,188,0.015879119155170495,0.010778811486715648,0.3055935877785185,0.4796058725861987,0.05196155701756232,0.022474310424619098,True,False,,INFY.NS,lower
0.9651860502162818,0.06812297830808556,0.55250428268356,0,0.8990875028859812,0.9733333333333334,148,0.013058937577253751,0.013447425928972448,0.07100433217903318,0.5491818546981574,0.1839174503486903,0.024486289139142373,True,False,,SBIN.NS,upper
-0.8356382627801605,0.013358185911661043,0.5625048093587716,0,0.2591532937503218,0.4033333333333333,188,0.002034520345078377,0.002614473071124615,0.013720164222401389,0.56200498930338,0.14828677188053105,0.004652045932625729,True,False,,SBIN.NS,lower
0.8572088286103984,-0.09483407261388468,0.6840281035248648,0,0.17258533302413737,0.17666666666666667,188,0.012841715786825931,0.024264727945961215,-0.08833025254169546,0.6738384704627741,0.14538296861468197,0.03600970952163025,True,False,,TATAMOTORS.NS,upper
-0.8492947726188292,0.10479334816439258,0.4867367679307302,0,0.8882680416049814,0.9466666666666667,176,0.013704255576328308,0.012887408089328133,0.08872445830663629,0.5012731812052357,0.15445858214631056,0.02570935034116288,True,False,,TATAMOTORS.NS,lower
0.7728031995194764,0.09196470007488033,0.6353671494309586,0,0.4071998424811901,0.2633333333333333,188,0.02081183570897825,0.025349242773182592,0.10861381739373976,0.6121965780134214,0.19161313258515916,0.04140703046947862,True,False,,HINDUNILVR.NS,upper
-0.7052745772265695,-0.16101886310425575,0.6897684520715197,0,0.3233747413103881,0.6866666666666666,188,0.01343686882246933,0.013171358983598376,-0.1576493133372373,0.6867874484484662,0.08523264507596841,0.01917821710570258,True,False,,HINDUNILVR.NS,lower
0.6676435687469002,0.22148905850272826,0.462063439525473,0,0.6822547610753721,0.5766666666666667,188,0.005138911894537209,0.00629359592482051,0.22344723954455825,0.4591656345494824,0.022998322445282302,0.013706591509030626,True,False,,INFY.NS,upper
-0.6780181703479142,0.3100015033710336,0.4750166198308348,0,0.4065748502660935,0.3333333333333333,188,0.016344338586006348,0.010874882218657496,0.309380855470321,0.4744767414868085,0.05282918373494001,0.02291973670908055,True,False,,INFY.NS,lower
1.01620714254264,0.07051732496583143,0.5546834968783484,0,0.8663681161000878,0.86,137,0.01131641826297468,0.012319253029529749,0.05732447531892412,0.5676933874775246,0.19740985374776443,0.02170053955932696,True,False,,SBIN.NS,upper
-1.0861016491645186,0.1572578833586147,0.4337936095760094,0,0.8955026749648417,0.8766666666666667,129,0.027578292332445166,0.02220208244100442,0.150944990326861,0.4383110729338499,0.18270424507420766,0.05065370990027,True,False,,SBIN.NS,lower
0.8696359219609802,-0.08089487985598823,0.6738252205367055,0,0.32845472950074917,0.30666666666666664,188,0.008926965403771853,0.01609736292440645,-0.07952851232911724,0.672527784920783,0.11224860141156531,0.023935609867697077,True,False,,TATAMOTORS.NS,upper
-0.8119794210515163,0.07233530925764768,0.5066060460143553,0,0.9832069166418023,0.9933333333333333,184,0.007147515643290548,0.006332720048997492,0.06964292272180826,0.50898860972563,0.10263088247362603,0.01244177139443931,True,False,,TATAMOTORS.NS,lower
0.7679092344041336,0.08706512764151922,0.6449207074936019,0,0.3976026060797724,0.27,188,0.0181197985717529,0.022908317730439946,0.10130869450355957,0.6242430924541668,0.17885727253689487,0.03669775066857374,True,False,,HINDUNILVR.NS,upper
-0.6974986342759727,-0.15643432214949227,0.6881776306937679,0,0.49080648817398154,0.7666666666666667,188,0.015164274717609536,0.014972582189762875,-0.14634573786557684,0.6767601133662366,0.1036195102268253,0.02212391314560401,True,False,,HINDUNILVR.NS,lower
0.6690319902478741,0.22511202987355378,0.459656675287477,0,0.6784795223527941,0.5533333333333333,188,0.0034330582870257358,0.005812962325883806,0.2211651939468343,0.4625292625298893,0.015522596799861002,0.012567771752236858,True,False,,INFY.NS,upper
-0.6779580367471294,0.3129956585880667,0.47216191886271464,0,0.3944694317752907,0.33,188,0.013383038724133713,0.008438657235710844,0.308077039092368,0.47585186184283074,0.04344055736563874,0.01773379014572428,True,False,,INFY.NS,lower
1.0105537283919674,0.07743030341662897,0.5539921563547674,0,0.9920890094218127,0.97,137,0.012353702448323617,0.013969752194624001,0.07960617704773609,0.5514818496632327,0.15518520490016288,0.0253312995701341,True,False,,SBIN.NS,upper
-1.0474529043318201,0.14732935283094362,0.43625997603907507,0,0.9828837543105717,0.97,141,0.02354270118247176,0.01552406502394696,0.14512856623564477,0.4380897386585744,0.162219611003732,0.03543580983458632,True,False,,SBIN.NS,lower
0.8571987168331094,-0.06981159242317123,0.666512096479257,0,0.25752609529662274,0.31666666666666665,188,0.008797887784735104,0.01579859049083042,-0.06943637948870023,0.666688511376266,0.12670428070236622,0.023697108896095727,True,False,,TATAMOTORS.NS,upper
-0.8828992183905681,0.06017389268013225,0.5208605206633456,0,0.9437649492185969,0.9,160,0.011047020999163047,0.012499289285956018,0.05821696659861625,0.5226057183044864,0.18975600665984468,0.023917245083608308,True,False,,TATAMOTORS.NS,lower
0.7711393507203453,0.09536433901605137,0.6322719231599783,0,0.5090210623178353,0.38666666666666666,188,0.008626080458747723,0.010792152251655312,0.09792234134303886,0.6281093381939112,0.08809102661892869,0.01718196406833852,True,False,,HINDUNILVR.NS,upper
-0.6991907647888135,-0.15984017065884126,0.6944431943292783,0,0.4367103894151573,0.7033333333333334,188,0.011769950651001431,0.011078488695954087,-0.14887491372814382,0.6819150722316726,0.07905932279430884,0.016246141175962875,True,False,,HINDUNILVR.NS,lower
0.6714483102044752,0.22719063326815825,0.45657990190265557,0,0.678215916633613,0.5733333333333334,188,0.004731507869591515,0.0057234910418744595,0.2263239339658222,0.45646065303136707,0.020905909408798714,0.012538848372748284,True,False,,INFY.NS,upper
-0.6778463416492592,0.3041975880564557,0.48041694669354484,0,0.3301078096903459,0.2966666666666667,188,0.01348478033271705,0.00843974805845716,0.30276072385790487,0.48070647859933646,0.04453939637709387,0.01755696721100762,True,False,,INFY.NS,lower
0.9904316844945911,0.09187473403292462,0.5377496106721958,0,0.930331958730669,0.8666666666666667,144,0.009116330685430267,0.008759535575226992,0.08839827219541997,0.5403179545452276,0.10312791673119862,0.016211816282287926,True,False,,SBIN.NS,upper
-1.056629074505252,0.16028566644199455,0.42940350228703267,0,0.986120572119893,0.97,137,0.02004926512651211,0.013402714173498084,0.1433504901323334,0.4423310678034183,0.1398618428816343,0.03030018654817319,True,False,,SBIN.NS,lower
0.8526468217908656,-0.06459867764524826,0.6552747753865524,0,0.19293509854322954,0.30333333333333334,188,0.006882744017046879,0.011676512266279394,-0.06322999049543043,0.6536454606043512,0.10885250613819446,0.017863678081458223,True,False,,TATAMOTORS.NS,upper
-0.8004952687277572,0.07287940816382803,0.5247668841106026,0,0.9807510668925444,0.8866666666666667,184,0.011278750782093642,0.01221732793868828,0.06382072800933422,0.5335938690603095,0.17672548350105335,0.022896304508222096,True,False,,TATAMOTORS.NS,lower
0.7669633062847144,0.09370925590984704,0.6349169985599136,0,0.45226373958430033,0.35,188,0.008823602015416373,0.011393672033245825,0.09893855417950924,0.6268277500329317,0.0891826366047446,0.01817671896446838,True,False,,HINDUNILVR.NS,upper
-0.6995448214207142,-0.17610146791351855,0.7099402794706589,0,0.46335833521923475,0.6666666666666666,188,0.011996908119660423,0.011376650640880918,-0.17532138371493788,0.7102768866799788,0.06842809006621679,0.016017204971833347,True,False,,HINDUNILVR.NS,lower
0.6680564117975413,0.2317929740658285,0.45433139659671784,0,0.7028446912184809,0.6433333333333333,188,0.0036731700538873914,0.0049195616994055875,0.22830697642146514,0.4567021151093121,0.016088732594045772,0.010771926445991653,True,False,,INFY.NS,upper
-0.6720885666221064,0.3004893042717025,0.48158770833705905,0,0.3261281528758976,0.23333333333333334,188,0.01485389778641982,0.010453563261386694,0.29875065229372216,0.48215614221138825,0.049720049731022654,0.02168086669316959,True,False,,INFY.NS,lower
0.8869763974163765,0.043309366193030475,0.5782496711933451,0,0.891743717676186,0.99,164,0.007060954391459671,0.00710948761961362,0.03717652288404364,0.5849763783184105,0.1899304169510188,0.012153460826086931,True,False,,SBIN.NS,upper
-1.0260785038016458,0.1474006572092485,0.4469869588412256,0,0.9564050736951721,0.98,144,0.025506395065749556,0.018458820132961507,0.13694828216995142,0.45515599898009995,0.1862483617838504,0.04055493010918055,True,False,,SBIN.NS,lower
0.853576277994706,-0.058972731552807765,0.6465472062886667,0,0.22902224343359112,0.25333333333333335,188,0.00897737971238211,0.01457040263368959,-0.05441099507384936,0.6400175333970243,0.1649919846214485,0.022765630073754213,True,False,,TATAMOTORS.NS,upper
-0.8175116439783734,0.04417741559561299,0.5520927083898632,0,0.9680895488003828,0.94,176,0.010753848358749036,0.01087655663273053,0.05427834249554195,0.5413041771622747,0.1981240745955265,0.02009324311668386,True,False,,TATAMOTORS.NS,lower
0.7717489405592709,0.09119312781494873,0.6344617686792935,0,0.5766874970803395,0.28,188,0.011789628966950304,0.015859790219938653,0.09350186850432991,0.6308335353154448,0.1260897551529336,0.025141006431432005,True,False,,HINDUNILVR.NS,upper
-0.7117953489608282,-0.15141875314608774,0.6790653162014706,0,0.405142993412539,0.44,188,0.012570292963737885,0.012598390871840094,-0.1606858287506538,0.6918011171022553,0.07822900301279188,0.018211000789505685,True,False,,HINDUNILVR.NS,lower
0.675828280945404,0.2270553067935394,0.46563947021340224,0,0.6599459118085841,0.5266666666666666,188,0.005233825475825411,0.007480610296782051,0.22511066516003,0.46653742386262964,0.023250010121042514,0.016034319550410805,True,False,,INFY.NS,upper
-0.6796365112348002,0.2715224656932971,0.4956689356341822,0,0.3922282790396483,0.20333333333333334,188,0.017503505327475872,0.01402183230274256,0.27226440058752516,0.494004307096564,0.06428862769726196,0.028384027866707254,True,False,,INFY.NS,lower
0.8737366257110285,0.0382650540009771,0.578922040594481,0,0.5808973720789535,0.9666666666666667,168,0.005910951380112323,0.006216323106473343,0.0313902969896153,0.5865838440668165,0.1883049879718543,0.010597501215512922,True,False,,SBIN.NS,upper
-1.020933973942956,0.10984825632814962,0.47505582279061564,0,0.9198374805146469,0.98,144,0.011045646091269646,0.008962376091707157,0.11231951965811364,0.47212630471592715,0.0983412780029545,0.018983004785699593,True,False,,SBIN.NS,lower
0.8723864645142094,-0.05759607273411091,0.640451125394321,0,0.4490157379291154,0.37,184,0.00803464795781873,0.013637449981073281,-0.05787712928933573,0.6414561864968821,0.13882247907334236,0.021260142244396523,True,False,,TATAMOTORS.NS,upper
-0.7874049931510516,0.038241673595533834,0.5544320889114118,0,0.940703630973552,0.99,188,0.006472860342791484,0.007303254059222306,0.03754288063097853,0.5550245504796624,0.17241241241691713,0.01315843402120926,True,False,,TATAMOTORS.NS,lower
0.763940084261366,0.08761294192828352,0.6432831767717253,0,0.48708993198924244,0.31666666666666665,188,0.01359280750493246,0.017648411335259538,0.09714136219008919,0.6290572962302986,0.139928098589483,0.028055331621565226,True,False,,HINDUNILVR.NS,upper
-0.7021926380066352,-0.17063677490073248,0.7012041414655237,0,0.47769253505174447,0.7033333333333334,188,0.011855437557025093,0.011113998669251996,-0.1706959786467147,0.7025646594020577,0.06945352173191369,0.01581918242303723,True,False,,HINDUNILVR.NS,lower
0.6716324709888164,0.22218805459198604,0.46981909246761666,0,0.6730734994605199,0.6066666666666667,188,0.003015096347812518,0.005634320936316953,0.22191434197876111,0.4690683523291008,0.013586756876820143,0.01201172662411174,True,False,,INFY.NS,upper
-0.6808990989363328,0.2746848512899229,0.49248430494342765,0,0.4382396640519187,0.2966666666666667,188,0.017289875536885282,0.01309330191489777,0.2768017544538674,0.48931793225337766,0.062463025013581024,0.026758270613583636,True,False,,INFY.NS,lower
0.8512250978949925,0.05589461938987842,0.5696639437542592,0,0.7663906553891082,0.97,172,0.007838048621254822,0.0077038864377858,0.05224380292876043,0.5733540833140199,0.15002826520228857,0.013436524701963647,True,False,,SBIN.NS,upper
-1.010471416006949,0.12061214993240224,0.46533724785944397,0,0.8896256095029205,0.8766666666666667,148,0.015066701469377494,0.012680958898370152,0.09750576256193962,0.48475434378920074,0.15452112293973688,0.026159556483085385,True,False,,SBIN.NS,lower
0.8613929880288923,-0.06047756769320489,0.6514980414671718,0,0.34053588288947445,0.4666666666666667,184,0.011650980186795033,0.019789939159256646,-0.06033828467010479,0.6521586417516082,0.19309429029268915,0.030345283476809818,True,False,,TATAMOTORS.NS,upper
-1.2625739868078143,0.062344632833124115,0.5298419833417571,0,0.7614441424544756,0.9766666666666667,85,0.010901950944645546,0.008985795217749025,0.05794570486737998,0.5340694229805424,0.1881407619113299,0.01682514419071125,True,True,sparse,TATAMOTORS.NS,lower
0.7639064627377183,0.09456859618797588,0.6359895328042985,0,0.45502531425638293,0.3333333333333333,188,0.013110241266232461,0.016126904854831838,0.102986394648985,0.6236684875474617,0.12730069867879082,0.025858136042224204,True,False,,HINDUNILVR.NS,upper
-0.6973090734502306,-0.1754392110745343,0.7045043828576428,0,0.528866456232137,0.6966666666666667,188,0.010951575147840778,0.010612640862373209,-0.17948591466228972,0.7112397452386411,0.06101634525630144,0.014921326858075259,True,False,,HINDUNILVR.NS,lower
0.6676823151415965,0.22016797556319073,0.47192922341897314,0,0.7231370440736311,0.5666666666666667,188,0.0034551114732765524,0.005474010742948366,0.21648918432173803,0.47461837013541386,0.01595974101202343,0.011533499274483576,True,False,,INFY.NS,upper
-0.677707421985241,0.269882259747087,0.4974341495063188,0,0.4106228398640711,0.27666666666666667,188,0.0200384477383982,0.016080246769511183,0.27279945885814993,0.49356597255965684,0.07345486346536026,0.0325797306494225,True,False,,INFY.NS,lower
0.7964924784489049,0.08844345031290739,0.5617079438196702,0,0.9011571396456954,0.9666666666666667,188,0.013636312721464825,0.013576904368811172,0.07635974646613254,0.5746665332647711,0.1785798351453998,0.02362570873132554,True,False,,SBIN.NS,upper
-0.819691248974803,-0.012945114576217727,0.5839333436526801,0,0.16322559181465546,0.35,188,0.002578170414523595,0.003276904978081301,-0.013232625277133384,0.5843750947281903,0.19483423826989282,0.005607536925457295,True,False,,SBIN.NS,lower
0.8482147706663798,-0.0712058902927768,0.6563214910029992,0,0.3598008097796599,0.48333333333333334,188,0.012303026551285123,0.022985331470832895,-0.07904564727931643,0.6706662469651458,0.15564456005231309,0.03427238396463329,True,False,,TATAMOTORS.NS,upper
-0.7574834428799111,0.02987538490393152,0.5578865680434377,0,0.9633512903372221,0.9933333333333333,200,,,,,,,False,True,invalid,TATAMOTORS.NS,lower
0.7669491595881591,0.1086113408710517,0.6199573118984217,0,0.637894007748818,0.4066666666666667,188,0.023348799890985584,0.027177372694429585,0.11729960596340444,0.6089092990722352,0.19905265417296872,0.04463287436981115,True,False,,HINDUNILVR.NS,upper
-0.6960460659709335,-0.17714567092722222,0.7044164035685395,0,0.5162273841071171,0.6566666666666666,188,0.011940747363686145,0.012257303161490133,-0.1842860646934982,0.7154951478165366,0.06479462641735581,0.017131217489850692,True,False,,HINDUNILVR.NS,lower
0.6654144923846614,0.21003093816074392,0.48101894768481246,0,0.7438378651187485,0.5633333333333334,188,0.0007450422530569997,0.004141395146954766,0.2092423795541937,0.48084789806517964,0.0035606659560922004,0.008612692449092227,True,False,,INFY.NS,upper
-0.6779012389720487,0.27624210872938676,0.49105166026636043,0,0.42941813060111444,0.31,188,0.02067132650912966,0.01605922707119627,0.2804462299980905,0.4859311267106598,0.07370869550353182,0.033048359855891454,True,False,,INFY.NS,lower
0.7854934402619768,0.07567455894064726,0.5787291127642622,0,0.7244448538110015,0.84,188,0.005532220042285979,0.004605546055328293,0.07956783965808774,0.5740515470569515,0.06952833419601723,0.008022878779285982,True,False,,SBIN.NS,upper
-1.0135104500163472,0.061169832536389454,0.49590713465947717,0,0.9908501791957558,0.99,144,0.0029126696857005407,0.004086916492610966,0.06302772953127649,0.4936507862123147,0.04621250432526104,0.008278962626960337,True,False,,SBIN.NS,lower
0.8406249550047061,-0.07417346860800693,0.6587229846259037,0,0.3478223417337346,0.3466666666666667,188,0.010979351029221098,0.020578519317420527,-0.07577566409233615,0.6624380187745026,0.14489281897832085,0.03106482179999597,True,False,,TATAMOTORS.NS,upper
-1.3340229493816218,0.08113851145625109,0.5158824877197014,0,0.9453333081507999,0.9933333333333333,77,0.015465532862985673,0.011648109931850923,0.09771905964292871,0.4997730773913662,0.15826524873289985,0.02330679707594865,True,True,sparse,TATAMOTORS.NS,lower
0.7620536663710332,0.101036040619356,0.6307743514105342,0,0.5430519588965149,0.38,188,0.018327777520373227,0.021740655051941934,0.1101832792303833,0.6182323510916403,0.1663389943102125,0.03516583152255811,True,False,,HINDUNILVR.NS,upper
-0.6973139955695391,-0.1829896084173147,0.7093923762910656,0,0.496295711295045,0.78,188,0.008290496870576746,0.006650305450427977,-0.18418254040041326,0.7123031705470367,0.0450123904384709,0.009336341086278253,True,False,,HINDUNILVR.NS,lower
0.6656353010207279,0.2053111607268402,0.48756506047630904,0,0.6616446825678856,0.5533333333333333,188,0.002861815866781618,0.006447163445570351,0.20384669597113136,0.4882283070627374,0.014039058679647767,0.013205222270509742,True,False,,INFY.NS,upper
-0.6838962084428636,0.2769763291987772,0.4861614715773753,0,0.39711316219313364,0.28,188,0.018693593695205218,0.014357890993987836,0.2771040872485255,0.48530274869723317,0.06746054598550216,0.029585430407465134,True,False,,INFY.NS,lower
0.7789811339393643,0.06886531258687424,0.5854210445782442,0,0.6593701693367147,0.5966666666666667,188,0.012456924865842631,0.012580628275016204,0.08429099064979034,0.5681140232117076,0.14778475483519624,0.022144547642828662,True,False,,SBIN.NS,upper
-0.8133162746394871,-0.026665926615980304,0.5984901462764308,0,0.29673448328115304,0.5933333333333334,188,0.003394863062136272,0.004212450080224392,-0.026610757843516564,0.5985443061003974,0.1275747878490246,0.0070378248809864425,True,False,,SBIN.NS,lower
0.8456957892376513,-0.07203203313189563,0.6506035702942529,0,0.29512013713324525,0.38333333333333336,188,0.01177319490533496,0.021802250117189014,-0.0743398409972873,0.6555203747198306,0.15836990184126912,0.03325945405421266,True,False,,TATAMOTORS.NS,upper
-1.375979151560773,0.09853331648816495,0.499242937023459,0,0.8262642491513763,0.9533333333333334,73,0.015130107301082786,0.01399826565313452,0.08318973487864013,0.5129419745770832,0.18187466884476053,0.027290153806918304,True,True,sparse,TATAMOTORS.NS,lower
0.7541540564290902,0.09998133392842136,0.6344436469003636,0,0.5018232054640352,0.4166666666666667,188,0.00922276000117156,0.010796843641919655,0.10869534585321104,0.6217938782296809,0.08484962332361787,0.017364023426893943,True,False,,HINDUNILVR.NS,upper
-0.6974391558815645,-0.19282850094893622,0.7193820126004078,0,0.49918019114681444,0.7966666666666666,188,0.010190003624610745,0.01023298244442263,-0.19537468288941853,0.7244447327236315,0.05215621058136867,0.014125276699435462,True,False,,HINDUNILVR.NS,lower
0.6562264447446223,0.22085032462225462,0.48022999761687674,0,0.7714783588561418,0.5833333333333334,188,0.0035317302342871794,0.006653654071526212,0.2170238543023424,0.48303982911501686,0.01627346488203261,0.013774545146662131,True,False,,INFY.NS,upper
-0.6751561779639382,0.27747393176404056,0.48258339157171337,0,0.4859629283998971,0.31,188,0.01995010311658514,0.015714951467679414,0.27835190533225024,0.481070631388602,0.07167223222722224,0.032666619235625104,True,False,,INFY.NS,lower
0.7986704612933745,0.09086655042567406,0.5570222101780542,0,0.6249782098365257,0.89,188,0.013477553573772783,0.01390410719405942,0.07397062358918018,0.5753656149444005,0.18220140777250515,0.02416568976536097,True,False,,SBIN.NS,upper
-1.0189351783897698,0.07968532507940077,0.49014355433305823,0,0.9848596897348585,0.7966666666666666,141,0.013198283427557026,0.012958098022071023,0.06867312387444731,0.4995228301589701,0.19218991012827502,0.02594095200521199,True,False,,SBIN.NS,lower
0.8562218913983853,-0.06221115506675397,0.6328266321596079,0,0.4531040132849715,0.47333333333333333,188,0.006302590880578391,0.011572861717430055,-0.06657929315756374,0.6403911602185185,0.09466291447453196,0.018071551038845658,True,False,,TATAMOTORS.NS,upper
-0.799059969793502,0.03354615059117153,0.5550916882507021,0,0.8728819227888046,0.98,188,0.005420454858889435,0.006293664588469908,0.030565198936214896,0.5582678503730261,0.17734067744150314,0.011273557077537254,True,False,,TATAMOTORS.NS,lower
0.7580374570660846,0.1052796841652624,0.627527119300332,0,0.616873735239198,0.49,188,0.007603696682036668,0.008527557775926436,0.1091284470580113,0.6217251311108993,0.06967657096072237,0.01371596098026434,True,False,,HINDUNILVR.NS,upper
-0.6941621846217443,-0.19269371147046058,0.7178284592223335,0,0.5963445291771841,0.8233333333333334,188,0.009960152340026594,0.011006921096677969,-0.19065417279411348,0.7163151679657968,0.05224198176015112,0.015366030813329403,True,False,,HINDUNILVR.NS,lower
0.6709815501373284,0.21949118299799553,0.49342999099493734,0,0.7568844926589218,0.5866666666666667,188,0.004366639552265141,0.006828307388734266,0.2130489043135145,0.4992113720995288,0.020495948389764446,0.013678188506072348,True,False,,INFY.NS,upper
-0.6859875625939916,0.229831388464088,0.5048772176275693,0,0.5874482476369125,0.38333333333333336,188,0.023212615998234754,0.021239245897866344,0.22980376953967552,0.5047899248189732,0.10101059279674339,0.04207541480691987,True,False,,INFY.NS,lower
0.7898238255409754,0.0760428132042987,0.5736788084851056,0,0.47588008883824495,0.65,188,0.011267081499853648,0.01087140315089742,0.07575694587732561,0.5739397839074946,0.14872669274222958,0.018941713514727346,True,False,,SBIN.NS,upper
-1.016244727654518,0.09205335022184119,0.4793774893658685,0,0.9898661648897743,0.7933333333333333,141,0.013240108417933969,0.013031769884026509,0.07990154292007991,0.4893939343819551,0.16570527022393608,0.02662838401174752,True,False,,SBIN.NS,lower
0.8548359816507334,-0.0505870774053135,0.6175911796616322,0,0.44864931359415394,0.6566666666666666,188,0.008200237382340193,0.013904058508483539,-0.05594627256008139,0.6262919679488718,0.14657340947602476,0.022200601313815033,True,False,,TATAMOTORS.NS,upper
-0.7981859069702607,0.0507794152947867,0.5495460728208126,0,0.7225329175900614,0.9233333333333333,188,0.0056081077574330635,0.0061476886814163375,0.044842194621227564,0.5555293056863023,0.1250631587988044,0.011066362310369646,True,False,,TATAMOTORS.NS,lower
0.7576386393095932,0.10065347473965042,0.6340052308061843,0,0.5384875168613561,0.46,188,0.009779748019535075,0.011960577967674031,0.11249420701775525,0.6171604810892566,0.08693556236754385,0.019380012396069332,True,False,,HINDUNILVR.NS,upper
-0.6944277991966845,-0.20113885164380313,0.728682789547357,0,0.4563158660096672,0.79,188,0.010205676774467718,0.009925352463686192,-0.1935209252871828,0.7192046134092859,0.05273680989254529,0.01380045697792721,True,False,,HINDUNILVR.NS,lower
0.6678252144835223,0.20608692349541452,0.5112273904478868,0,0.6854726424377998,0.6466666666666666,188,0.0076534592100355545,0.011209360571062237,0.21196476775285555,0.5039489869450722,0.036107221639244486,0.022243045703063475,True,False,,INFY.NS,upper
-0.6888979637464361,0.2346144941210349,0.49531393455890116,0,0.5450036009701038,0.4166666666666667,188,0.024188857493831012,0.02207321505820134,0.2310734011228712,0.4992138589633923,0.10468040167965845,0.044215949176323835,True,False,,INFY.NS,lower
0.7981834503268501,0.07780846075838567,0.5706165578168036,0,0.638406787431451,0.7666666666666667,188,0.012210601703689325,0.012896976419982715,0.06270006408202093,0.5873384505497432,0.19474620855656505,0.02195833797076947,True,False,,SBIN.NS,upper
-1.0168677345997867,0.1063379387675369,0.46739829687510415,0,0.969620827891766,0.8133333333333334,144,0.007134381860712071,0.0063902352222886495,0.10033202672344464,0.471460642361389,0.0711077148805151,0.013554122046626997,True,False,,SBIN.NS,lower
0.8563906198367796,-0.04611083710675475,0.6159904778542891,0,0.6912600968943001,0.7566666666666667,188,0.01000863495768912,0.016668315561313957,-0.054798570670856354,0.6295415557160676,0.18264405455690996,0.026476910293214233,True,False,,TATAMOTORS.NS,upper
-0.8024004980926392,0.05372106186479761,0.5432270633891755,0,0.6682686736928423,0.7666666666666667,188,0.006683659760009275,0.007438799943527873,0.04525536883149464,0.551706763459829,0.1476876325551363,0.01348324925735121,True,False,,TATAMOTORS.NS,lower
0.7810226612462201,0.12957909592548794,0.591018595115387,0,0.750482181299138,0.7233333333333334,188,0.014485278524618797,0.015741594401843303,0.12362149973197112,0.5984403018694235,0.1171744185621493,0.02630436835491462,True,False,,HINDUNILVR.NS,upper
-0.6923045674572255,-0.21129950189903052,0.7416447699706825,0,0.6763104178987915,0.89,188,0.011199917266407039,0.011637726835880822,-0.20469699554015952,0.7333517200835772,0.054714612150052806,0.01586922940040588,True,False,,HINDUNILVR.NS,lower
0.6598082324660343,0.20519095429159928,0.5095353136788212,0,0.7244964466111914,0.5966666666666667,188,0.007495152654916752,0.010886103512543372,0.2138252642907262,0.49923649032827955,0.035052697487603895,0.02180550401540166,True,False,,INFY.NS,upper
-0.6795511804173404,0.22181425581553385,0.5142599332382061,0,0.5442728980942142,0.30666666666666664,188,0.021931006192913164,0.019971054025992144,0.2249996421436269,0.5104178044225713,0.09747128932854379,0.039126875006478996,True,False,,INFY.NS,lower
0.7959788396276442,0.06800822455236094,0.5830342779881887,0,0.5164206209496086,0.77,188,0.008423076516993292,0.00845262400134335,0.06108707517921508,0.5905728389420234,0.13788637143648244,0.014312584834344702,True,False,,SBIN.NS,upper
-1.0149575698805815,0.11860821871600967,0.4591407681872711,0,0.9281260160862448,0.77,144,0.01848622137002224,0.014818703542266892,0.0967270058535406,0.4763132982284266,0.19111745779496792,0.031111252375842193,True,False,,SBIN.NS,lower
0.8569107517419914,-0.030343825183202236,0.6285113554452737,0,0.48325940586761396,0.6066666666666667,184,0.003329965268656169,0.005214658745723388,-0.02951487238646387,0.6274682568168518,0.11282326065386455,0.008310633416056824,True,False,,TATAMOTORS.NS,upper
-0.7955153863208907,0.04298472168641861,0.5437833478809467,0,0.8216820706077105,0.9366666666666666,188,0.005957314093905294,0.006751737804556587,0.04347039172942849,0.5431506655832934,0.13704299608237405,0.012430690245033474,True,False,,TATAMOTORS.NS,lower
0.7811651729457467,0.13573453556933918,0.5856487906601445,0,0.8200890467273731,0.8733333333333333,188,0.015240523522411328,0.016438199059494153,0.12786054104347752,0.5953660205004558,0.1191964479898805,0.02761024011678403,True,False,,HINDUNILVR.NS,upper
-0.6949673914351007,-0.20864880499790606,0.7402124796594233,0,0.6083255077917371,0.8866666666666667,188,0.011111446779789584,0.011409399787427063,-0.20095634651045616,0.7303724880317047,0.05529283558249343,0.015621343654333205,True,False,,HINDUNILVR.NS,lower
0.6668811606550853,0.2098611466239783,0.5044047685909199,0,0.7421296916814245,0.6866666666666666,188,0.005680186659264088,0.008946182437455057,0.21466952459123453,0.4983304804305581,0.026460143355134583,0.01795230797482519,True,False,,INFY.NS,upper
-0.6734271707704188,0.22307022918203154,0.5144958171702709,0,0.582558964781489,0.37,188,0.02474090934147289,0.022732535510403665,0.22662108856034904,0.5104143115452718,0.10917301830519723,0.044537417056757435,True,False,,INFY.NS,lower
0.9568167401251582,0.16991307281389717,0.4951342254955171,0,0.9984738147940259,0.9933333333333333,152,0.028796220274384592,0.02236637689683151,0.15471035765803576,0.5080928622679183,0.1861298677670675,0.04402025322063104,True,False,,SBIN.NS,upper
-1.0181802560853253,0.12954253133317134,0.4542030057914059,0,0.9144689265783695,0.57,141,0.014826616938151724,0.012241013274339237,0.12044106863480454,0.46062721376125904,0.12310265821438096,0.02657466307437291,True,False,,SBIN.NS,lower
0.8622038331128792,-0.04208849991362296,0.636911592860979,0,0.6928432049867125,0.7166666666666667,188,0.00951188071663497,0.01590930832224848,-0.05080880372675333,0.6506752861695954,0.18720926585275693,0.024450456957415812,True,False,,TATAMOTORS.NS,upper
-0.8162779106030273,-0.029851948380578537,0.564720061997918,0,0.670146107842871,0.93,188,0.006618595525798309,0.00700088388593581,-0.034997098935728964,0.5703314862153209,0.1891183508315827,0.012275113565344322,True,False,,TATAMOTORS.NS,lower
0.7772369366084886,0.13234209281731757,0.5926581632764213,0,0.628628854948495,0.7133333333333334,188,0.021770745348331323,0.02455000393370377,0.12967290458538472,0.5962701086709791,0.16788968936142876,0.0411726215434425,True,False,,HINDUNILVR.NS,upper
-0.6869420094812484,-0.2069051109989759,0.7372549296091151,0,0.5584950528314964,0.8633333333333333,188,0.010971878427913277,0.01075864390206688,-0.19625379469044987,0.7232486423676808,0.05590657692073366,0.01487544272201072,True,False,,HINDUNILVR.NS,lower
0.6670877397439183,0.20512116447634515,0.5098767219263636,0,0.7506656418958201,0.5666666666666667,188,0.004995796345726998,0.007897519947674635,0.2117228293766956,0.5016868147736122,0.02359592550541284,0.015741932133135877,True,False,,INFY.NS,upper
-0.672593968831328,0.22165063388230274,0.5153454887690423,0,0.5282150733740749,0.3433333333333333,188,0.021714051775106963,0.01976853532914303,0.22528138556139424,0.5110181684008497,0.0963863514827588,0.03868460294505671,True,False,,INFY.NS,lower
0.8173492887528625,0.061813189224940675,0.5932918741849689,0,0.4097046192283911,0.5666666666666667,180,0.01207441166174628,0.01325499612737182,0.06606987950464534,0.588213482508429,0.1827521092024429,0.022534328600396527,True,False,,SBIN.NS,upper
-1.0234288447788042,0.13099706518482246,0.45152904664905347,0,0.7185800073525801,0.5133333333333333,141,0.019031820461382513,0.016138964959231526,0.10815124403323373,0.46903009323049977,0.17597410803516192,0.03440923055486741,True,False,,SBIN.NS,lower
0.8284408524407083,-0.07169700272707469,0.6795887015009139,0,0.1074193887489383,0.25333333333333335,188,0.011629774738534045,0.019818848567094594,-0.06548014236857645,0.6703697772023215,0.17760763098216473,0.029564053967594976,True,False,,TATAMOTORS.NS,upper
-0.8050349303806031,-0.056683925470334795,0.6142845254363649,0,0.8894676461244836,0.8666666666666667,184,0.00869113494440044,0.011187487415309963,-0.06843856568434024,0.6286259411658223,0.12699175658603165,0.017796731736197235,True,False,,TATAMOTORS.NS,lower
0.767711862538326,0.12833914253665712,0.5976728830591795,0,0.7127096316556059,0.78,188,0.014691050309667981,0.01656495321419028,0.12132852605116369,0.6065044411243125,0.12108487242830354,0.027312170889237278,True,False,,HINDUNILVR.NS,upper
-0.6858679105806008,-0.21177666967257522,0.7415513529419258,0,0.39309776431579213,0.7533333333333333,188,0.012086116009479515,0.013507426217749176,-0.2028470210037198,0.7299519327876981,0.0595824151316165,0.018504541773207834,True,False,,HINDUNILVR.NS,lower
0.6618268549223687,0.2128054294514491,0.4906386432025865,0,0.7851025552247285,0.6666666666666666,188,0.0011398474292841788,0.003840197597245396,0.21132699598440827,0.49124028123765423,0.00539376131306321,0.007817350624009727,True,False,,INFY.NS,upper
-0.6625852883155321,0.24638579165967228,0.5080607944683204,0,0.5293510549494681,0.32666666666666666,188,0.01959002660664919,0.016489294588544007,0.24601386338675044,0.5078975873504107,0.07962976370788791,0.03246578576973982,True,False,,INFY.NS,lower
0.8180633224915378,0.05781110283006169,0.5954644301342786,0,0.47741594843444735,0.46,180,0.010739671905643658,0.011521647204252342,0.05792984040097444,0.5952277465137898,0.1853909829096159,0.019356703510827314,True,False,,SBIN.NS,upper
-1.0195998477985673,0.13460173041175624,0.4448195820755171,0,0.9363915525350056,0.6266666666666667,141,0.013657878869797717,0.010561925602184028,0.11873385620171902,0.45659211617476836,0.11502934509514001,0.023132080026586514,True,False,,SBIN.NS,lower
0.8869074867912436,-0.03349468079916382,0.6139114225288895,0,0.9400778244659129,0.7533333333333333,180,0.004472006198193841,0.006784490888166061,-0.03313304294123094,0.6137422971001413,0.13497114818021655,0.011054298864000375,True,False,,TATAMOTORS.NS,upper
-0.7610357398641864,0.0005460078000201192,0.5685165031479971,0,0.9942567819479062,0.9833333333333333,200,,,,,,,False,True,invalid,TATAMOTORS.NS,lower
0.7620372208441343,0.12220568375700999,0.6032165398750458,0,0.6949837618829777,0.7866666666666666,188,0.014193303065133243,0.016264756544726994,0.1158875388874957,0.611301772670436,0.12247478871877931,0.02660675464363176,True,False,,HINDUNILVR.NS,upper
-0.6880170872856579,-0.20805350275475298,0.736737351870706,0,0.4534344953461522,0.64,188,0.015327203050988189,0.01679368056814386,-0.20674916549237887,0.736576665709395,0.0741342886349415,0.02279963664606935,True,False,,HINDUNILVR.NS,lower
0.6572580895709803,0.2044135153228755,0.5016921893550886,0,0.7171966737520457,0.61,188,0.003531107693384575,0.005520697683005395,0.20943460298746366,0.49519019684324456,0.01686019155580525,0.011148640677284244,True,False,,INFY.NS,upper
-0.6657150958179808,0.24622951529830828,0.5051140153649991,0,0.7010473307302245,0.46,188,0.020981199684569418,0.01816546969885669,0.2404234175176422,0.5110714939213108,0.08726770057809705,0.03554389074616379,True,False,,INFY.NS,lower
0.97348370752288,0.16169434626300688,0.5046229146947403,0,0.9949419160371739,0.99,148,0.019115293112374462,0.014796343335673035,0.1535416163455154,0.510957888671617,0.12449583586772249,0.02895804796078192,True,False,,SBIN.NS,upper
-1.0065226363567992,0.13870891795487733,0.44081949813471144,0,0.9403116896358205,0.8133333333333334,144,0.02394937849804682,0.016365511526320205,0.12267131256160009,0.4527978988943633,0.1952320884615922,0.03614308106298751,True,False,,SBIN.NS,lower
0.8340537130511789,-0.06841753933109333,0.670179301500177,0,0.15934859993735673,0.31333333333333335,188,0.00784240849836969,0.01361640455419257,-0.06571763608758346,0.666592844010697,0.11933489656519235,0.020426868473411602,True,False,,TATAMOTORS.NS,upper
-0.817365919485328,-0.05467172399502839,0.6116014635124087,0,0.9230402302917765,0.81,180,0.0076374345631115195,0.009697576418801705,-0.06886875052180558,0.6285495804021076,0.11089838854720373,0.015428498509716292,True,False,,TATAMOTORS.NS,lower
0.767230952381774,0.08089940621753888,0.6285587577597123,0,0.5426141287414012,0.5433333333333333,188,0.012435373267533013,0.015077046317298306,0.0890537122965311,0.6172120276699257,0.13963900606114707,0.02442766083146494,True,False,,HINDUNILVR.NS,upper
-0.7015541056678993,-0.20748418281112713,0.7499136021658098,0,0.4694061131071945,0.7766666666666666,188,0.011948255105246875,0.013549914435268498,-0.19845459312748284,0.7380288912704286,0.060206490134026173,0.018359598671466575,True,False,,HINDUNILVR.NS,lower
0.6709074479367914,0.21267642073037937,0.5013695024398448,0,0.7742515930399353,0.6566666666666666,188,0.0027785946575643403,0.005397306751876041,0.2154370248940236,0.49733495796443594,0.012897479112313112,0.01085245779915077,True,False,,INFY.NS,upper
-0.6623272920792382,0.210754682943675,0.5307182820637921,0,0.38256267094294794,0.20333333333333334,188,0.02017249514181579,0.019028635259964368,0.21876830879825482,0.5207590624032921,0.09220939874945326,0.0365401896353867,True,False,,INFY.NS,lower
0.8022549873725449,0.059005840422918614,0.6088204613362245,0,0.3099685868970886,0.5733333333333334,184,0.011004215238128877,0.01186802807350362,0.05599383327283414,0.6122242536490871,0.1965254498518708,0.019385099183697335,True,False,,SBIN.NS,upper
-1.0202002073833645,0.15663048945810565,0.426007144862368,0,0.9673238292281223,0.7933333333333333,141,0.02266048435488088,0.015857735210601066,0.13469969257784395,0.44190929286921016,0.16822965397258557,0.03588459239857733,True,False,,SBIN.NS,lower
0.8446309174746939,-0.05822928363107993,0.6557051422487574,0,0.16900645597259079,0.4,188,0.009378810466689511,0.016783568167035096,-0.06567764574207571,0.6686406291602704,0.14280062771304236,0.025101029138930548,True,False,,TATAMOTORS.NS,upper
-0.8688058197350569,-0.08553884942556485,0.6471114487725226,0,0.940104271794768,0.98,160,0.013914683410044901,0.014754391986383498,-0.07563204430064181,0.6356505606039488,0.18397865215630962,0.0232114823280422,True,False,,TATAMOTORS.NS,lower
0.8245930853097991,0.11232261999005211,0.5911044852640246,0,0.6152436738959736,0.85,180,0.017906812476471884,0.021836916852886034,0.10381898656811127,0.6019477059400571,0.17248107830366075,0.0362770989483422,True,False,,HINDUNILVR.NS,upper
-0.7001776226483567,-0.20594467036282163,0.7486236040195323,0,0.4976852307734422,0.79,188,0.010559315284396666,0.011960642223898374,-0.19272795848196686,0.7305841083497673,0.0547887022707069,0.016371341675089923,True,False,,HINDUNILVR.NS,lower
0.6736416633224699,0.20978599877635146,0.5034752911160436,0,0.7610156007566893,0.6633333333333333,188,0.0032869907706989123,0.0067530187931303465,0.21117410400223816,0.5009731982721498,0.015565311052585143,0.01347980027998188,True,False,,INFY.NS,upper
-0.6741714417296135,0.22555670426664184,0.5122925832436862,0,0.45575794822157956,0.35,188,0.017699529087596363,0.01602407810697111,0.22184322212391275,0.516172949931898,0.0797839488639893,0.031044009180731334,True,False,,INFY.NS,lower
0.796725649850984,0.0583861974649066,0.6102821576318859,0,0.25471860126346524,0.5566666666666666,184,0.009023191847867307,0.00963766770199799,0.055654854470787885,0.6133332331414506,0.1621276403000388,0.015713590955276645,True,False,,SBIN.NS,upper
-1.0269012258688683,0.14471390126752465,0.4383489184908063,0,0.9618220115856793,0.8733333333333333,137,0.023338584242660047,0.01750454047841519,0.13219729578703662,0.44744992542860934,0.17654356950554925,0.039120668241124465,True,False,,SBIN.NS,lower
0.825723501013282,-0.060129716083593264,0.6760999569755923,0,0.21345586538348515,0.29333333333333333,188,0.010666098577586009,0.017513632361551318,-0.05666310153706796,0.67158146630294,0.18823707855521568,0.02607819449988997,True,False,,TATAMOTORS.NS,upper
-0.8011310803539161,-0.05992568183744089,0.6216342285641036,0,0.9426515318819206,0.9366666666666666,180,0.01026757776595885,0.012820759230324299,-0.056896963890280365,0.6188368278797102,0.18045911871796133,0.020717511378688165,True,False,,TATAMOTORS.NS,lower
0.8282768173193202,0.1302187363802984,0.5725713993405215,0,0.6892670520325268,0.5966666666666667,180,0.019923565678794216,0.02404364347324224,0.10319981432517651,0.6058632552138712,0.1930581356031794,0.03968493363722056,True,False,,HINDUNILVR.NS,upper
-0.7131576558735784,-0.18595596835486744,0.7145921463869661,0,0.3746344521514081,0.5366666666666666,188,0.008844416645729351,0.00855592354901847,-0.19001974788824158,0.721719551861345,0.046544721159633914,0.011854914292405188,True,False,,HINDUNILVR.NS,lower
0.6718963051943564,0.21005306340382518,0.5048926662701858,0,0.7996442127352643,0.6433333333333333,188,0.001376877370375979,0.003493429994651084,0.2100516579498292,0.5038152001562187,0.0065549461416552325,0.006933951028528636,True,False,,INFY.NS,upper
-0.6778366563164155,0.235165263805449,0.5014127891230977,0,0.5556997561847925,0.39,188,0.01583077244393434,0.01387630279331788,0.22375566123865773,0.5136404625142935,0.07075026235669908,0.02701559463449744,True,False,,INFY.NS,lower
0.9485885093575064,0.19024349818277403,0.4884302982478119,0,0.9986106733426637,0.9833333333333333,156,0.02856803691675515,0.022815371469378,0.1618121752746374,0.5121564289335306,0.17655059084869137,0.04454766109528314,True,False,,SBIN.NS,upper
-1.0277553421802175,0.1790667730301141,0.41498221999156293,0,0.9379238907366934,0.6533333333333333,137,0.029951916673156716,0.02060411662412141,0.15026907293836467,0.43512598055682,0.1993218837000688,0.04735207059857498,True,False,,SBIN.NS,lower
0.8180988367717034,-0.06573328413618663,0.6896352468794665,0,0.25553819007541323,0.24,188,0.009180575188857896,0.0157106105960821,-0.06175627431281122,0.6841177539463281,0.14865815343351874,0.022964775107513012,True,False,,TATAMOTORS.NS,upper
-0.8050852374102498,-0.045697448248107155,0.6056179638139395,0,0.8625748207865218,0.9033333333333333,180,0.007607259395666119,0.009024266082562227,-0.050884302151463674,0.611979519318571,0.14950107555786812,0.014746026051901763,True,False,,TATAMOTORS.NS,lower
0.7696390166081118,0.08177433144739252,0.6358359572118563,0,0.7368684169968769,0.6433333333333333,188,0.012794800390205268,0.015517070167608043,0.0923824026212241,0.6210062818847643,0.13849822739166878,0.024986977379107513,True,False,,HINDUNILVR.NS,upper
-0.7168135392499942,-0.17389890536870917,0.697259874281896,0,0.3143640606374235,0.5733333333333334,188,0.006024553979704169,0.00657691451836367,-0.17628841764187805,0.701698002580974,0.034174415531930305,0.00937285612962273,True,False,,HINDUNILVR.NS,lower
0.6700321683625654,0.21909678743021266,0.4949065442238497,0,0.7816059405483734,0.7133333333333334,188,0.0025177798445873605,0.004205164943688425,0.217498472192571,0.49562902801307884,0.011576080068265226,0.008484500747870745,True,False,,INFY.NS,upper
-0.6727083036122391,0.22776704497836459,0.5135391831252273,0,0.46475580212229783,0.4166666666666667,188,0.015218561677826849,0.013521038367645337,0.2203580060456175,0.5215616266412789,0.06906289115743523,0.025924142839027234,True,False,,INFY.NS,lower
0.8212262158109045,0.08055914141907264,0.5774776066490337,0,0.45778202872260143,0.72,184,0.013692775902589127,0.014236320964743195,0.06885221969697046,0.5904106029513795,0.19887193142260168,0.024112576319686788,True,False,,SBIN.NS,upper
-1.0413167943407786,0.18222396658529502,0.41761639664025146,0,0.9348018041637451,0.5233333333333333,133,0.023462968176464774,0.017720307490951513,0.1574831656397714,0.43416877085775424,0.14898714152255987,0.04081432906332613,True,False,,SBIN.NS,lower
0.8111166629277379,-0.06395742846331352,0.6882687778871599,0,0.248067519709689,0.31,188,0.009106896552847944,0.014917945687229263,-0.05953483269486076,0.6819501633013697,0.15296750844752094,0.021875418866763266,True,False,,TATAMOTORS.NS,upper
-0.8096038724507123,-0.053908310093143244,0.6145523470765597,0,0.8192095531149659,0.9066666666666666,180,0.006638294756607667,0.007784791371259176,-0.05885842616127027,0.6207573957691005,0.11278408312478684,0.012540795001251808,True,False,,TATAMOTORS.NS,lower
0.7739619279001376,0.08061506945619415,0.6380273237417846,0,0.7216478256469483,0.63,188,0.013372731791134355,0.016153914437137373,0.08973738974236707,0.6252818848631261,0.1490207185580037,0.025834610868868124,True,False,,HINDUNILVR.NS,upper
-0.7259755415151834,-0.16329347034602235,0.6826744320318928,0,0.33323989009828703,0.5066666666666667,188,0.005332414155682056,0.007186140158309217,-0.168929686327422,0.6911996798700025,0.03156587782734596,0.010396619477159705,True,False,,HINDUNILVR.NS,lower
0.6799468063051353,0.21989232175488355,0.49115814213137676,0,0.8070598289004227,0.6966666666666667,188,0.003499546228869285,0.0023358759246922167,0.2157443846913117,0.4945708397765795,0.016220797920967797,0.004723035993220061,True,False,,INFY.NS,upper
-0.6779497100214139,0.23100070521015237,0.5094777572941279,0,0.30999447642347333,0.3566666666666667,188,0.013759665821865056,0.01185554192539601,0.22308446669365956,0.517877038058286,0.061679172059828626,0.022892580333202357,True,False,,INFY.NS,lower
0.8247220338386569,0.10470257008993597,0.5462597593615008,0,0.7457613862322094,0.77,184,0.015725896923113936,0.015427901368553654,0.08715674109094333,0.564805197550963,0.18043234432528144,0.027315437538988296,True,False,,SBIN.NS,upper
-0.8580223125176475,0.01452408925974817,0.5537759382229928,0,0.23896177428236454,0.34,172,0.0033225819603152043,0.0036363545300835665,0.016709563470405003,0.5512812537601754,0.19884301452696937,0.006596187407641508,True,False,,SBIN.NS,lower
0.8131978300476004,-0.05765155496276442,0.6794661336133041,0,0.20353755966098408,0.32666666666666666,188,0.0038561370036055346,0.006225696153990271,-0.059583591452252255,0.6830358123371542,0.06471809205248658,0.009114743254149849,True,False,,TATAMOTORS.NS,upper
-0.7769371357064019,-0.06791451941636034,0.6329253708493554,0,0.9042620700096649,0.9733333333333334,188,0.013183524377570291,0.01781961707107922,-0.07353606499074503,0.6406414713004377,0.17927968523244572,0.027815272022203727,True,False,,TATAMOTORS.NS,lower
0.7682141412767712,0.09280157066566333,0.6279164990682675,0,0.8507445066840982,0.9433333333333334,188,0.004879036832896297,0.005370938468787956,0.09366246412590333,0.6261683731074268,0.05209169284101741,0.008577466722503787,True,False,,HINDUNILVR.NS,upper
-0.7234422461432619,-0.17039343612322508,0.6887808907727166,0,0.3284016570806283,0.6133333333333333,188,0.004017429491925202,0.006689377061324572,-0.17191934045358837,0.6919780802199504,0.023368105343148992,0.009667035930571591,True,False,,HINDUNILVR.NS,lower
0.6782565322745268,0.22302731075782922,0.4894936853671921,0,0.7913716543281419,0.7266666666666667,188,0.004093328960138444,0.0059283240237337845,0.22488762788692776,0.4865316445195826,0.01820166283304797,0.012184868073152624,True,False,,INFY.NS,upper
-0.6710169846250552,0.23017298595283955,0.5136959149844067,0,0.39916083368588506,0.3933333333333333,188,0.01529065254778323,0.012956632739182215,0.2294561047811202,0.5139668623085368,0.06663867974217681,0.025209081435513772,True,False,,INFY.NS,lower
0.9383640087208746,0.17975969260445263,0.4885618579287212,0,0.9851332084654937,1.0,160,0.02631697470558313,0.02002338310110021,0.15744822609165232,0.5076932389675087,0.167146837327944,0.03943992389463832,True,False,,SBIN.NS,upper
-1.0288264924340453,0.18207263802074033,0.41732987844247516,0,0.9091035859107173,0.6933333333333334,137,0.021954704155547896,0.015577475338677043,0.1631508977558151,0.4297808053809809,0.13456685260009152,0.036245162141237804,True,False,,SBIN.NS,lower
0.8042478993178346,-0.06222139272771664,0.6892582552997522,0,0.15843748817159253,0.2866666666666667,188,0.005582998294403098,0.007668908710978966,-0.0555205113201002,0.6789898477205468,0.10055738241747875,0.011294585071895541,True,False,,TATAMOTORS.NS,upper
-0.7724990478427002,-0.07689929833757062,0.6442975552167366,0,0.8253888260459209,0.9266666666666666,188,0.010891439220087383,0.015305872949083858,-0.08816685497455808,0.6591178040385088,0.12353211405702447,0.023221755842559606,True,False,,TATAMOTORS.NS,lower
0.7735298521791643,0.09355995293811628,0.6273205211046804,0,0.9311915612420729,0.8466666666666667,188,0.006347984725381524,0.008429374281950057,0.08603169742845483,0.6368248820911134,0.0737865714296162,0.013236565320603121,True,False,,HINDUNILVR.NS,upper
-0.7304847067775551,-0.1695584745645724,0.6809699277283164,0,0.27056801651530926,0.4533333333333333,188,0.006129453070794018,0.009857770648383038,-0.17183562636470837,0.6852290875654812,0.035670441827239545,0.01438609464105692,True,False,,HINDUNILVR.NS,lower
0.684174817252317,0.21449597027917877,0.5011229223553973,0,0.726108101470152,0.63,188,0.0034495330398265677,0.0064361946535562925,0.21836058036490755,0.49581973925008144,0.015797415797704027,0.012980916277116679,True,False,,INFY.NS,upper
-0.6806744277215014,0.22367923973947199,0.5109855565628498,0,0.3334420136924694,0.4166666666666667,188,0.014910387681602622,0.013132074019374098,0.22021746017440333,0.5144140802363723,0.0677075604846164,0.025528216020171482,True,False,,INFY.NS,lower
0.793961257275002,0.08675331345355752,0.5783887342842522,0,0.510126088157929,0.5666666666666667,188,0.016200588929980445,0.016102354384736874,0.08439188452108198,0.5809922209534271,0.19196854178849332,0.027715266275269098,True,False,,SBIN.NS,upper
-1.010644032568199,0.18318225700171642,0.42031977676438426,0,0.8506751237001162,0.74,141,0.029159891726515026,0.018789530268493934,0.16657804749180496,0.4318398294000913,0.17505241786091535,0.04351041417252334,True,False,,SBIN.NS,lower
1.2256267438773247,0.038837977566887213,0.5578672676131222,0,0.546411048545985,0.7966666666666666,101,0.007586382808831618,0.008393086005692878,0.04808720027577634,0.5473413465815923,0.1577630052840311,0.015334280709412678,True,False,,TATAMOTORS.NS,upper
-0.7297648137424712,-0.005228810920953838,0.6099997484999378,0,0.9802853608208408,0.9266666666666666,200,,,,,,,False,True,invalid,TATAMOTORS.NS,lower
0.7717154666246968,0.0911124478588117,0.6303095614150602,0,0.8782765767505636,0.9233333333333333,188,0.007534728877802701,0.009065692462609038,0.09774314990018496,0.6211030997166286,0.07708701954691403,0.01459611507458908,True,False,,HINDUNILVR.NS,upper
-0.7358571957342944,-0.16766994936375634,0.6758792543496228,0,0.3485666041439871,0.47,188,0.0056233851119782095,0.008376366624531811,-0.17253829675408308,0.6836536244989873,0.03259209631628736,0.012252354411412435,True,False,,HINDUNILVR.NS,lower
0.6812941937355771,0.21829157463438995,0.5027156240809427,0,0.7763599000881773,0.7433333333333333,188,0.003802835192695118,0.005725289988799394,0.2195304541428428,0.5003072003998856,0.017322585307434652,0.011443548823178627,True,False,,INFY.NS,upper
-0.6746072549419536,0.22403362956768047,0.5080353833988738,0,0.31481850744208895,0.3933333333333333,188,0.011589368884019418,0.009649396050227185,0.22225509370599617,0.5092019435010242,0.05214444433793559,0.01895003737492098,True,False,,INFY.NS,lower
0.7860887949583036,0.06965394978094122,0.6001025716336619,0,0.2563095341251228,0.36,188,0.012560251580179805,0.012754591906249875,0.07258451955229826,0.5966528249862021,0.17304309413660873,0.021376906566688534,True,False,,SBIN.NS,upper
-1.0286265553259315,0.215698970914883,0.40012296775126366,0,0.7765901397107369,0.6366666666666667,137,0.02257808903577001,0.014676205619631934,0.20292903849199853,0.4076025947796955,0.11126100084513166,0.03600616249144005,True,False,,SBIN.NS,lower
0.7951536380959584,-0.05082117677440538,0.6732207335942487,0,0.30955079810609853,0.4533333333333333,188,0.003505391741573587,0.004687075433495058,-0.054067811342663134,0.6785834662604784,0.0648332345288638,0.006907146427031323,True,False,,TATAMOTORS.NS,upper
-0.7669487743517847,-0.09051044059586844,0.6735000826111867,0,0.9268481065964294,0.9733333333333334,188,0.008618262287367008,0.011419597162583053,-0.08655726733603984,0.6692148110130764,0.09956716006568085,0.017064172525790358,True,False,,TATAMOTORS.NS,lower
0.7768085474982035,0.09123561370312566,0.6324619933259703,0,0.8946920258401438,0.94,188,0.007896380141818878,0.00921620545694923,0.09375859524091366,0.6285785829288083,0.08422032432680766,0.014661977930249113,True,False,,HINDUNILVR.NS,upper
-0.7346104019625919,-0.15801430019017687,0.663090338419908,0,0.3127464573394466,0.5233333333333333,188,0.004977949535075659,0.0049911922024032055,-0.15645079560696187,0.6620996036430402,0.03181798595260251,0.00753843092422362,True,False,,HINDUNILVR.NS,lower
0.6804168902727266,0.22062830277355105,0.501494312036549,0,0.7499612615250639,0.74,188,0.002838377962574546,0.004157894550925003,0.22205402331001237,0.49889105747731843,0.012782375173577018,0.00833427339549237,True,False,,INFY.NS,upper
-0.675540044868959,0.23146597787446765,0.5003882431939456,0,0.3622302184627325,0.43333333333333335,188,0.012855408426204001,0.010761239324020209,0.2223455392307837,0.5099966528290678,0.05781725098918316,0.021100607334026772,True,False,,INFY.NS,lower
0.8515816071318667,0.11854946691492904,0.5474314448357731,0,0.5557349959715161,0.62,176,0.020222346088644018,0.018518304267657857,0.11062616699968714,0.5555054834974246,0.18279892370050183,0.03333595164121218,True,False,,SBIN.NS,upper
-0.8013336673603491,0.016531756355440203,0.5491010520892585,0,0.10752209236902,0.33,188,0.0026560294575065533,0.0028864848941323597,0.015767867243585202,0.5499445923516546,0.1684455945766002,0.005248683016051562,True,False,,SBIN.NS,lower
0.8028180353259889,-0.044832885504404334,0.6630916102426434,0,0.34985739478171995,0.4633333333333333,188,0.003943315838688475,0.00632866328757937,-0.04997670450746991,0.6712523898405474,0.07890306270731494,0.009428142512537329,True,False,,TATAMOTORS.NS,upper
-0.7676579935119593,-0.08280597647754283,0.6664176517682108,0,0.9183375893510058,0.9733333333333334,188,0.011565735942794133,0.014981753911486175,-0.07708187455682577,0.6600082761926218,0.15004479988119288,0.022699342152067748,True,False,,TATAMOTORS.NS,lower
0.7730948499194418,0.09379528937966093,0.6335187822514492,0,0.919192384120166,0.9233333333333333,188,0.005117620362353793,0.006339984926961582,0.09705505663127097,0.6285190924070675,0.05272903867859388,0.010087179375584704,True,False,,HINDUNILVR.NS,upper
-0.7419501231157379,-0.14508004576995703,0.6509474530827299,0,0.18868021796373435,0.43,188,0.009056478840463813,0.011717228583091667,-0.1490567902133183,0.6570708490865154,0.060758575439046704,0.017832519006217074,True,False,,HINDUNILVR.NS,lower
0.6840071963643812,0.2261807183617482,0.4957013817540395,0,0.6944894911476834,0.7666666666666667,188,0.004988518948606564,0.002031429439576798,0.22172373810105603,0.49944417753746,0.02249880308866565,0.004067380280453127,True,False,,INFY.NS,upper
-0.6779336351677305,0.23962764961577454,0.4937386582933547,0,0.4498942032030774,0.5,188,0.015461774018667029,0.013572840750779042,0.2288081346151525,0.5050954154275501,0.06757527816447795,0.026871834642513314,True,False,,INFY.NS,lower
0.966517174559673,0.20564325766568092,0.48405836227154403,0,0.9901718629227939,0.9766666666666667,152,0.03084333892130341,0.0235181952231176,0.18080237487225134,0.5046013032051643,0.1705914385094878,0.04660747922698213,True,False,,SBIN.NS,upper
-1.0114567010600408,0.20442194145150175,0.39582735584680107,0,0.9267797872606374,0.8533333333333334,141,0.027169738656012545,0.015065646586999675,0.1980618918841298,0.39976315635982934,0.13717801554741907,0.037686430003506105,True,False,,SBIN.NS,lower
1.0587338139802083,0.04745831266599012,0.5529860801268074,0,0.8317861052777601,0.83,133,0.0070546433454904784,0.007988228649659366,0.040080603946823536,0.5611560845758493,0.17601135937813078,0.01423530587455756,True,False,,TATAMOTORS.NS,upper
-0.7400863887385366,0.0052911813731095474,0.5954171783743497,0,0.8621220383802213,0.9733333333333334,200,,,,,,,False,True,invalid,TATAMOTORS.NS,lower
0.7731977644345014,0.09323604921220988,0.631493601501738,0,0.9572587535017739,0.79,188,0.010421916723495026,0.011733072793966539,0.1028617475821851,0.6182967637553803,0.10131964462271667,0.01897644188356795,True,False,,HINDUNILVR.NS,upper
-0.74140518067008,-0.1346110770587295,0.6397358429713667,0,0.15007386233192055,0.3333333333333333,188,0.005756681193373096,0.008679375726890232,-0.14321001338634812,0.6512680029662498,0.04019747401229645,0.013326887785198221,True,False,,HINDUNILVR.NS,lower
0.6851787890483595,0.22119455517465322,0.500090977920717,0,0.7503107042055719,0.6966666666666667,188,0.007273943574559138,0.004355698214012976,0.2195293391831683,0.500837334578523,0.033134264742387544,0.008696831937878933,True,False,,INFY.NS,upper
-0.6776096021240153,0.22610575074979494,0.5036433903688821,0,0.3554251432100417,0.38333333333333336,188,0.015302776114533491,0.013699308473092527,0.2226075064670632,0.507026382743422,0.06874330371857716,0.02701892577813989,True,False,,INFY.NS,lower
0.9606259509090498,0.2028381807862673,0.48484036304999095,0,0.9950147997305557,0.9833333333333333,152,0.03271464247763262,0.025098085136854905,0.18446246543464637,0.5001587670291558,0.1773512059867329,0.050180235336331716,True,False,,SBIN.NS,upper
-1.015310506731682,0.21200858745124102,0.3917475386392984,0,0.8515852295513605,0.8133333333333334,141,0.03629778218593562,0.022460558763538703,0.1878778390563233,0.40780554623541687,0.19319883833167595,0.05507663743201364,True,False,,SBIN.NS,lower
1.0587027719745883,0.05576533032174185,0.5429448719093974,0,0.8762939649357192,0.7966666666666666,133,0.008870172498931338,0.009790996290650746,0.04773109420591321,0.5517037234458325,0.18583631463175848,0.017746837110378277,True,False,,TATAMOTORS.NS,upper
-0.7368206224522189,0.0053560586800699,0.5952454545137407,0,0.899994495424893,0.98,200,,,,,,,False,True,invalid,TATAMOTORS.NS,lower
0.7804504103690422,0.09383368658125163,0.6321346872405762,0,0.9490007526921822,0.9166666666666666,188,0.00704397065262652,0.007351715791420427,0.09816571262740359,0.625909021001947,0.07175590892721805,0.011745661793139324,True,False,,HINDUNILVR.NS,upper
-0.7403816416736851,-0.14404596833651864,0.6429212605100866,0,0.1488419561853056,0.37,188,0.00796402223251639,0.012722586795614702,-0.1544276205830086,0.6573260219263793,0.05157122596811154,0.019355063054979745,True,False,,HINDUNILVR.NS,lower
0.6847145239013028,0.2221382510197244,0.5003183431739033,0,0.784380925136748,0.74,188,0.006403348292390248,0.004225814185119263,0.2152249544396069,0.5067815036467861,0.029751884541196226,0.008338532624661894,True,False,,INFY.NS,upper
-0.6734951019484089,0.21943822718051867,0.5110627740814264,0,0.3205853072863173,0.36333333333333334,188,0.012391155950487731,0.010628826464344496,0.21879316257730572,0.5109404156352132,0.056634107017711405,0.02080247702289457,True,False,,INFY.NS,lower
0.9721303643221295,0.21098470765343064,0.47850246203383706,0,0.8842102707853505,0.7966666666666666,152,0.03428375847111498,0.027793888192355117,0.17728262816717577,0.5063467179071511,0.19338474892722285,0.05489101965215362,True,False,,SBIN.NS,upper
-1.00159559998361,0.1673505566841821,0.41982967488768286,0,0.8446921994879103,0.8866666666666667,141,0.03025224923381534,0.020158264109847453,0.1575215785016502,0.4269936927309499,0.19205144844954647,0.047209745672875274,True,False,,SBIN.NS,lower
0.8121415138709022,-0.030302930064314778,0.642910784290492,0,0.32199125511886784,0.4666666666666667,188,0.005181864393268751,0.007925599351548957,-0.031350022831675296,0.6447633768219089,0.16529055714522645,0.012292260251648096,True,False,,TATAMOTORS.NS,upper
-0.7811882563026743,-0.07688608454641924,0.6605399734662184,0,0.9560507824656214,0.93,184,0.007462126183811818,0.0084064007915317,-0.06616715243324471,0.6481151918978946,0.11277688069728352,0.012970534816827303,True,False,,TATAMOTORS.NS,lower
0.8019883121862814,0.1048246780659953,0.6183578205926266,0,0.9582088465054819,0.9466666666666667,188,0.01039273570871745,0.012185014756661658,0.0984111279749682,0.6266389044485892,0.1056052792658585,0.019445033616183667,True,False,,HINDUNILVR.NS,upper
-0.7470553600751628,-0.12136451717856742,0.6123350708837527,0,0.23009168168211092,0.4666666666666667,188,0.006285076936083115,0.009718341165486397,-0.127992647218429,0.62118459191947,0.04910498049397602,0.015644852006080918,True,False,,HINDUNILVR.NS,lower
0.7016043583916017,0.13636299624998077,0.5379206150799332,0,0.8087639822886128,0.7833333333333333,188,0.005307533497645904,0.005203904589805692,0.1340128326757912,0.5400835891591836,0.03960466319251271,0.009635368668678824,True,False,,INFY.NS,upper
-0.6982586332982541,0.22126470443462148,0.5207265759067201,0,0.40076341337320565,0.37,188,0.014675214317497513,0.013617612075925,0.21678909602086302,0.5254088799289651,0.06769350447012418,0.025918122698240013,True,False,,INFY.NS,lower
0.7917112067387921,0.061709922136046674,0.6110321093124716,0,0.2923734730660438,0.4666666666666667,188,0.0082714302127035,0.009129371351408242,0.05650127141675328,0.6170488269332296,0.14639367471497602,0.014795216853145327,True,False,,SBIN.NS,upper
-1.0189466317347478,0.21848112300617414,0.39146499068415314,0,0.8808718685708083,0.66,137,0.015859775654983786,0.008697918751665961,0.1938263700277294,0.4065002894330838,0.08182464973402917,0.0213970783386785,True,False,,SBIN.NS,lower
0.802644585831374,-0.04107328170439395,0.6551191119291455,0,0.3058353264477144,0.47,188,0.0031171321018326555,0.005408353523843307,-0.040048364346167785,0.6539244011482447,0.07783417311496771,0.008270609617320483,True,False,,TATAMOTORS.NS,upper
-0.759497638373825,-0.09551385442428958,0.6908209547348976,0,0.9706567865897668,0.9066666666666666,188,0.013775617353346384,0.016911490039417734,-0.0748184121537847,0.6658464760904751,0.18412066115256273,0.025398482071616435,True,False,,TATAMOTORS.NS,lower
0.788156353391932,0.10020620284580697,0.6264841950807885,0,0.9694291516416228,0.92,188,0.008601090715118833,0.009467877321249875,0.09911086110418398,0.6275966213083701,0.08678251557366987,0.015085927567061501,True,False,,HINDUNILVR.NS,upper
-0.7335050273589137,-0.13295343358813227,0.6310307435758638,0,0.2379372404842629,0.51,188,0.010196685016064442,0.015209734753907007,-0.13269026225227598,0.631918819199444,0.07684576150901327,0.02406912731683544,True,False,,HINDUNILVR.NS,lower
0.7087313160269367,0.14373397434396626,0.5275250740510362,0,0.8442536300841149,0.8633333333333333,188,0.008429249746200062,0.008151735914601228,0.13548551980717494,0.5364387496345114,0.06221512923333361,0.015196023345060301,True,False,,INFY.NS,upper
-0.7027717692034631,0.21999181115709443,0.5218495473122066,0,0.3654314972142799,0.35,188,0.009298781508324928,0.008749379863848581,0.2176028812250057,0.5237568060972916,0.04273280311661762,0.016705042483348455,True,False,,INFY.NS,lower
0.9617768945553153,0.19345182545244327,0.4943819939323685,0,0.9875823533938558,0.95,152,0.02685644918010576,0.021679405947753454,0.16530223166782584,0.518180145526012,0.16246875365473679,0.04183758431610794,True,False,,SBIN.NS,upper
-1.004515087165912,0.1976494563871778,0.4034223052533408,0,0.9719924338321392,0.87,141,0.02892000240637019,0.018292854587790723,0.18913610332153574,0.40894439781239705,0.15290576663804825,0.044731885895313565,True,False,,SBIN.NS,lower
0.7953627965427185,-0.056189945285292205,0.6775201617110391,0,0.2732143669082765,0.35,188,0.003484740723482632,0.006743631346729727,-0.05562034184185235,0.6770567595429591,0.06265225961516639,0.009960215524145713,True,False,,TATAMOTORS.NS,upper
-0.7661587913463193,-0.09266435394351674,0.6774720418187002,0,0.9841966999738354,0.9133333333333333,188,0.013038430978749955,0.017007200224928725,-0.0761131670646048,0.6576511480693961,0.17130320243606367,0.025860518933556117,True,False,,TATAMOTORS.NS,lower
0.7740172539475848,0.10066773187349598,0.6425627670970517,0,0.9950879568713281,0.9533333333333334,188,0.008507343263393747,0.008777365646073955,0.104246403465234,0.6373689863199009,0.08160801873755523,0.013771246635392538,True,False,,HINDUNILVR.NS,upper
-0.7259085939112676,-0.1274535639834647,0.6216626179267903,0,0.2513671390592538,0.5666666666666667,188,0.012235578882743665,0.017849812677715543,-0.12814007923497847,0.6238487086756297,0.09548595568953071,0.028612405769797785,True,False,,HINDUNILVR.NS,lower
0.7074310800690622,0.14219882267380063,0.5288801029866563,0,0.7985493163377164,0.8533333333333334,188,0.008306453282627514,0.007841225325061695,0.1347320220047669,0.5368955220707583,0.0616516589190433,0.014604750564451124,True,False,,INFY.NS,upper
-0.7125138334267671,0.22373155362611685,0.5158696097008417,0,0.3252000785337903,0.3433333333333333,188,0.006900742659131642,0.00603296821759658,0.2163712239980982,0.5235585363711277,0.031893068831840635,0.011523005897644297,True,False,,INFY.NS,lower
0.9439748114617722,0.18652511429156354,0.49845500321366476,0,0.9841789040981187,0.9866666666666667,156,0.02952527521130017,0.024283575773545982,0.1554190445841581,0.5258008083287583,0.1899720422975066,0.04618398246455868,True,False,,SBIN.NS,upper
-1.022321484350272,0.1808187895699766,0.41494256057395,0,0.9382312992959729,0.8533333333333334,137,0.017482985535011323,0.011234034766586702,0.16725084129627318,0.4236041056219024,0.10453151896991805,0.02652012658114469,True,False,,SBIN.NS,lower
0.7851598330455135,-0.06284068887090785,0.6927555171650581,0,0.12794521117776236,0.28,188,0.004419734139191951,0.006796785046027865,-0.05941671799623146,0.687641001682393,0.07438535052741839,0.009884205465579703,True,False,,TATAMOTORS.NS,upper
-0.7920874743141619,-0.0643808470061954,0.6442878376757835,0,0.8256190996403181,0.91,184,0.013195524896049889,0.017190065686335017,-0.06907525227198406,0.6508146517991616,0.19103112260497063,0.02641315061774037,True,False,,TATAMOTORS.NS,lower
0.7691935388487642,0.1050096344972947,0.6388544823484759,0,0.9902654890469791,0.99,188,0.006053347934271128,0.00554194541946545,0.1061475104672835,0.6368185954284448,0.05702769040315807,0.008702549473624263,True,False,,HINDUNILVR.NS,upper
-0.7069081891874855,-0.12731893625891266,0.6303156118064958,0,0.19978283140687803,0.5666666666666667,188,0.012153041450069048,0.015721357560103004,-0.11692247727262073,0.6189155336924733,0.10394101026719159,0.025401458600165048,True,False,,HINDUNILVR.NS,lower
0.699140179270964,0.133928461280146,0.5409993695095645,0,0.7496162666663937,0.81,188,0.009297636485869695,0.008205166962677993,0.13548248370204016,0.538634833325508,0.06862610977856312,0.015233264361472884,True,False,,INFY.NS,upper
-0.7113105165033744,0.2275620437110022,0.5124337677038582,0,0.45532342415009663,0.31,188,0.008378928131624544,0.010572147136252968,0.21519617503948807,0.5261525024890437,0.03893622988756528,0.020093313032451054,True,False,,INFY.NS,lower
0.9288949621852411,0.14964584315087442,0.5275156113808308,0,0.8557597139863595,0.99,160,0.023226612651550512,0.01911872808059549,0.13497260236461767,0.5412583746145636,0.17208389349985823,0.0353227379455935,True,False,,SBIN.NS,upper
-1.022696989908138,0.13681196565735224,0.43023831857765704,0,0.8555382149238258,0.83,137,0.015210933420957685,0.009461670674183409,0.14740338939532832,0.42219155349878507,0.103192555147,0.022410847331416742,True,False,,SBIN.NS,lower
0.7853322542357231,-0.054698312340876215,0.6864339547004966,0,0.11338026639493937,0.37666666666666665,188,0.0038657859632032533,0.006291047663176402,-0.05060133605919603,0.6803684715526245,0.07639689977181359,0.009246530128526843,True,False,,TATAMOTORS.NS,upper
-0.7579255308239381,-0.09104271409545658,0.6805498676648916,0,0.9271813302175341,0.94,188,0.008931170352258997,0.012075158758388374,-0.07965154350441594,0.6667858450427596,0.11212801206399378,0.018109500474652415,True,False,,TATAMOTORS.NS,lower
0.7671523017191528,0.10521295520788965,0.6399487575339333,0,0.978252610722053,0.97,188,0.004115485225755821,0.004315473386643307,0.11086694309152308,0.6320233480280114,0.037120937402856186,0.0068280283186180025,True,False,,HINDUNILVR.NS,upper
-0.7043255859788138,-0.11743681996369193,0.6207338348142037,0,0.18709637124394762,0.51,188,0.011104796979828767,0.014263473181397769,-0.10968990388417506,0.6126825836615651,0.10123808640742177,0.023280362995389183,True,False,,HINDUNILVR.NS,lower
0.7035880161094428,0.16251814226362227,0.5061968563434959,0,0.9646230603691418,0.9033333333333333,188,0.010039442807571335,0.008821084640532387,0.16250512983909204,0.5057623517989814,0.061779232444660555,0.01744116467891374,True,False,,INFY.NS,upper
-0.7005852514908402,0.19881004917128609,0.5350309993693103,0,0.45240464002986347,0.19,188,0.016230767616116325,0.015490700425725486,0.20909467289898687,0.5217998175281583,0.07762400932957902,0.029687055473182476,True,False,,INFY.NS,lower
0.9217460128196431,0.1397955873274518,0.5380041970356179,0,0.9377160719537049,0.9833333333333333,160,0.012621422263218099,0.008830732063101029,0.13443503386524858,0.5425956418292494,0.09388491200158512,0.01627497757000086,True,False,,SBIN.NS,upper
-1.0235329636107762,0.1448933726749137,0.4243581417337586,0,0.7816724522292771,0.8466666666666667,137,0.00876870009936273,0.006926224597633517,0.1492513136424856,0.4206695705870171,0.05875123841693455,0.016464762172649663,True,False,,SBIN.NS,lower
0.7825183774225515,-0.058268680348128044,0.693510312173068,0,0.13829221312217888,0.2966666666666667,188,0.003408262893426824,0.005027989319412208,-0.05296471723267235,0.6853040999485907,0.06434967329208426,0.0073368731435003234,True,False,,TATAMOTORS.NS,upper
-0.7630103641207195,-0.08664210652153687,0.6732518392769378,0,0.8732939304682401,0.94,188,0.00986314298046743,0.013996438013805318,-0.07843432555999581,0.6637117444262016,0.12575032235624584,0.02108812736924578,True,False,,TATAMOTORS.NS,lower
0.7730449804459046,0.11450577736353068,0.6266656162454183,0,0.9589909347660207,0.9966666666666667,188,0.005400130347987172,0.00807518221933594,0.10558224900854411,0.6374781947708775,0.05114619064506067,0.012667385581030683,True,False,,HINDUNILVR.NS,upper
-0.7003125225139859,-0.1204136634578479,0.6247697610512741,0,0.16861698270136483,0.5133333333333333,188,0.012587388812677765,0.015538216234838706,-0.11295145187166039,0.6170734527558079,0.11144068969182551,0.025180496606426878,True,False,,HINDUNILVR.NS,lower
0.7103690903692237,0.16026280599320392,0.5183975140298598,0,0.9180614418337328,0.9066666666666666,188,0.010415334522212676,0.00925895981490041,0.1658113198746963,0.5120133567864947,0.06281437179282953,0.018083433784183447,True,False,,INFY.NS,upper
-0.7169563391919608,0.18183739045550076,0.5417435532445867,0,0.552536151513584,0.44,188,0.012809953341616413,0.011488952155605955,0.18430916026122024,0.538117940805493,0.06950252840626946,0.021350248841185242,True,False,,INFY.NS,lower
0.9108491914518856,0.15086038269582502,0.5293554910063016,0,0.9652586576181763,0.99,164,0.022066202266151542,0.018806159656889445,0.1298787129080553,0.549026001207882,0.16989851587756072,0.034253677007970974,True,False,,SBIN.NS,upper
-1.0214779056180556,0.11903949882147877,0.44351427147132105,0,0.6859109854734564,0.6833333333333333,137,0.025960862107182698,0.016796468625360814,0.13953230614187184,0.4282019758578297,0.1860562687197606,0.03922557386489451,True,False,,SBIN.NS,lower
0.7824718013865993,-0.05245898539034638,0.6895187948355366,0,0.17077271408246375,0.38333333333333336,188,0.0030488678591381615,0.004352012145940475,-0.05162134699338943,0.688520801727929,0.05906214087957036,0.006320814232206803,True,False,,TATAMOTORS.NS,upper
-0.9067364838370346,-0.09078239780474855,0.6716979172154826,0,0.8348372575584235,0.88,148,0.013073939018949246,0.014493582304100496,-0.0909891135035338,0.6729518175842794,0.14368683327784212,0.021537325124933022,True,False,,TATAMOTORS.NS,lower
0.7728988548799738,0.10919339678779742,0.6408931385873365,0,0.9818060927174611,0.99,188,0.005374126692522934,0.0081236806559085,0.10213986652812496,0.6494767900986295,0.052615363119644355,0.012508038246593009,True,False,,HINDUNILVR.NS,upper
-0.7063253787009894,-0.1015150577339418,0.6035857424063449,0,0.1977001667986844,0.7,188,0.005025528345410196,0.006317549610880094,-0.09385674940834653,0.5951589360018581,0.053544660790443656,0.01061489481645189,True,False,,HINDUNILVR.NS,lower
0.7243253428281043,0.15113679498703228,0.5351479261064578,0,0.8965716911365864,0.9033333333333333,188,0.012383179807320958,0.011277739178875713,0.1525086338196127,0.5331600504508943,0.08119657677874174,0.021152633168617527,True,False,,INFY.NS,upper
-0.7356827180716027,0.14034195483284076,0.5454165050504085,0,0.6990250796295933,0.77,188,0.013395851934594824,0.013519286403823558,0.13068966780069213,0.556350171901931,0.10250122396830853,0.024299958629665063,True,False,,INFY.NS,lower
0.909943853263737,0.12880324781777303,0.5573433340399678,0,0.9303637118245501,0.9933333333333333,160,0.014461656578267494,0.013293219817280077,0.12116300893842764,0.5642201947687646,0.1193570175534879,0.023560339925664413,True,False,,SBIN.NS,upper
-1.05786621922242,0.18205032461412507,0.4038559199962619,0,0.7784909780841768,0.8666666666666667,129,0.02939044896024922,0.018835978351370554,0.15732712375882393,0.42042602001786716,0.18681106213568716,0.04480212214874057,True,False,,SBIN.NS,lower
0.7744716218908012,-0.052892251841872864,0.6936204854164241,0,0.17785255939017552,0.4,188,0.0071496838497092895,0.011191317935921336,-0.05395482746616887,0.6957968978214701,0.1325123786016839,0.01608417314035095,True,False,,TATAMOTORS.NS,upper
-0.7702535759281747,-0.07248644117604633,0.6568627655778277,0,0.8228970882969306,0.9066666666666666,188,0.014482133919832307,0.019103421683451957,-0.07725317731005006,0.6637433016943045,0.18746325458015492,0.02878133963367194,True,False,,TATAMOTORS.NS,lower
0.76285586538171,0.12170815014220782,0.6246525771395003,0,0.4799720381873719,0.7766666666666666,188,0.01998140311564409,0.02552521683424086,0.11615564569346615,0.6330948791612446,0.17202264492720745,0.04031815336253611,True,False,,HINDUNILVR.NS,upper
-0.7138109527419753,-0.04370064279901148,0.553212805306678,0,0.8663914340566734,0.9633333333333334,180,0.007421924789549272,0.007832146974735913,-0.03895731406409591,0.548060828525212,0.19051423494432237,0.014290652468093863,True,False,,HINDUNILVR.NS,lower
0.7179329151931757,0.1408470183695978,0.5488648414254251,0,0.8536407669539857,0.8066666666666666,188,0.010158882889813599,0.009294904049528768,0.1514853428781974,0.5361355118302182,0.06706181618748251,0.017336855461094123,True,False,,INFY.NS,upper
-0.7318866176777241,0.13868062709079096,0.5468774391706606,0,0.7917709366037919,0.7066666666666667,188,0.008464612990237434,0.00893581972295138,0.13119260343498307,0.5549848297995538,0.06452049981024548,0.01610101588753085,True,False,,INFY.NS,lower
0.7768533681711753,0.048235829632920155,0.6332594958135489,0,0.4535945462684514,0.5,188,0.006114071842884306,0.0067271122076697125,0.04425063420880162,0.6380129618732228,0.1381691035735971,0.010543848642949586,True,False,,SBIN.NS,upper
-1.046711753965103,0.1641243308472442,0.4200044340510459,0,0.7892570183423167,0.8433333333333334,129,0.02327673681691902,0.015339889073563703,0.1560082249336087,0.42523901941072273,0.14920197531126955,0.03607356807022403,True,False,,SBIN.NS,lower
0.7713546664119371,-0.05489672880095252,0.6990761239073068,0,0.1938844287991518,0.35333333333333333,188,0.005696266332333005,0.00895920158496193,-0.05548546308843915,0.700445657148076,0.10266230087384563,0.012790715975787357,True,False,,TATAMOTORS.NS,upper
-0.7707424764537806,-0.06635109921576074,0.6500301319483175,0,0.8353824044706922,0.9,188,0.01214358525930021,0.016001630377142244,-0.07045379355221208,0.6559364630772934,0.17236237998564283,0.02439509164976204,True,False,,TATAMOTORS.NS,lower
0.7721742310684062,0.1098572164597918,0.6240539769115054,0,0.8917237071141689,0.8233333333333334,188,0.013362499195133635,0.01677373386149742,0.09996966103028121,0.6378332761256648,0.13366553132985784,0.02629799075458205,True,False,,HINDUNILVR.NS,upper
-0.7240324447592527,-0.02996321864772917,0.5395452490490464,0,0.8320282399789983,0.8166666666666667,184,0.005270874517002304,0.005463244002816173,-0.03459466244404955,0.5446826792766367,0.15236087364396825,0.010030140686261957,True,False,,HINDUNILVR.NS,lower
0.7356020160043852,0.1552993785488709,0.5296694757977027,0,0.8545150599464946,0.8133333333333334,188,0.009148789011006894,0.008258419706069376,0.15063886614859026,0.5343519482112277,0.060733253227291235,0.015455019073411624,True,False,,INFY.NS,upper
-0.7239383059118542,0.1304644671875736,0.5564532829738976,0,0.7014882752299849,0.6,188,0.008260082172545693,0.010145967710272749,0.1269882900025364,0.5598800417779913,0.06504600953300982,0.018121681024449,True,False,,INFY.NS,lower
0.9199009694311867,0.1366773843241377,0.5484060464111874,0,0.9714809610143278,0.95,160,0.02474989446168266,0.023388065824236273,0.125522890514791,0.5591519306359533,0.19717433520241393,0.04182774685112561,True,False,,SBIN.NS,upper
-0.7901593791719111,-0.06768235037938125,0.6084157314463922,0,0.35236934923103247,0.32666666666666666,184,0.00990283021537769,0.01130021431318748,-0.06210080602511178,0.602325283570957,0.15946376954810496,0.018760982535189277,True,False,,SBIN.NS,lower
0.769766560970861,-0.04799248087621909,0.6930261796783107,0,0.21770974919636554,0.42,188,0.005712803225348766,0.009276151471898992,-0.053161508623173336,0.7016967403960814,0.10746124966525186,0.013219601582397171,True,False,,TATAMOTORS.NS,upper
-0.9082941985212398,-0.0912037226447626,0.6719249410646827,0,0.9473549139962597,0.95,148,0.011635067622377988,0.012589315015660065,-0.08907489113687461,0.6701021728185244,0.1306211679595273,0.018787157150731856,True,False,,TATAMOTORS.NS,lower
0.7723422872133326,0.08648266199587645,0.6462604950997217,0,0.931964346861792,0.87,188,0.005927388293965616,0.007444872667246346,0.08443297134062161,0.6487768917494771,0.07020228588225733,0.011475243103092404,True,False,,HINDUNILVR.NS,upper
-0.8331634625421703,-0.05886137407349719,0.5652752528649994,0,0.8827042595453483,0.9466666666666667,148,0.008987428066531633,0.009133381444691587,-0.05154979952652335,0.5572897814745754,0.1743445446080151,0.0163889265233531,True,False,,HINDUNILVR.NS,lower
0.7353419426435933,0.1564096201816773,0.5250855215490529,0,0.806609529252061,0.8466666666666667,188,0.010784239123108766,0.00939326911272948,0.15976215047015255,0.5209291555197885,0.06750183579999548,0.01803175889251042,True,False,,INFY.NS,upper
-0.7281279244818539,0.12815140905052438,0.5605492465449006,0,0.7137332153081288,0.62,188,0.006130757554205153,0.006398667971784355,0.12971992781796246,0.5579419747500195,0.04726149007879204,0.01146833926586689,True,False,,INFY.NS,lower
0.8841606841465284,0.11848059167044324,0.5634862200123741,0,0.9227732285579775,0.9566666666666667,168,0.020670836418303216,0.019352436922299442,0.11033589030856833,0.5717455265582486,0.1873446118669862,0.03384798950735288,True,False,,SBIN.NS,upper
-0.7753587908638345,-0.111548878965051,0.6317906577236505,0,0.39561908512305477,0.32,188,0.0067277389691877245,0.008646786826694841,-0.10367154851828304,0.6228469623511123,0.06489474129012203,0.013882682601883887,True,False,,SBIN.NS,lower
0.7745878719630572,-0.039264137982193456,0.682841565766648,0,0.2971107362743738,0.4633333333333333,188,0.008148176195133047,0.013217341709444169,-0.04769029092707089,0.6964395619281142,0.1708560448715437,0.018978447294216143,True,False,,TATAMOTORS.NS,upper
-0.9073917246435347,-0.08367707110149142,0.6641959998685559,0,0.9747182122524212,0.9866666666666667,148,0.00894920740504225,0.009677252730371939,-0.07582762127870864,0.655387076247887,0.11802040040191875,0.014765705540178605,True,False,,TATAMOTORS.NS,lower
0.7894283440005736,0.06856865394028139,0.6557104465390571,0,0.959469414509358,0.9166666666666666,188,0.007443391861609559,0.008518067120548032,0.06912283136068785,0.6546953325470661,0.10768353434387075,0.013010734256041644,True,False,,HINDUNILVR.NS,upper
-0.7201618521353192,-0.04240490532738184,0.564633110115649,0,0.8531902727020745,0.8866666666666667,188,0.002038565899042329,0.0021710518900437538,-0.04228200653416051,0.5648390648734284,0.048213544815094836,0.0038436644818353838,True,False,,HINDUNILVR.NS,lower
0.7564124179962903,0.16589820015947354,0.5083836480620418,0,0.929382461820061,0.89,188,0.011774873445360403,0.010507738894761491,0.15422505854120458,0.5203471649017407,0.076348634866805,0.020193707973423146,True,False,,INFY.NS,upper
-0.7345528094555436,0.13795698377417165,0.5531579440699121,0,0.676581798301322,0.6,188,0.014838893923247122,0.015229406660600235,0.13547970059099565,0.5556367031823956,0.1095285327855827,0.027408927990690505,True,False,,INFY.NS,lower
0.8878549854691833,0.11735410490863668,0.5646184816506106,0,0.9215466610210973,0.92,168,0.015383521579994458,0.013384844028742038,0.1151808923945614,0.5664364790511915,0.13355965494433247,0.02362991136245883,True,False,,SBIN.NS,upper
-0.7868575688776902,-0.09979565006739372,0.6187811339606166,0,0.48089605231229404,0.3933333333333333,188,0.011280820031489988,0.013970250857675361,-0.09841816046519154,0.6180327346522531,0.11462131411475263,0.02260438622153583,True,False,,SBIN.NS,lower
0.7680339243774242,-0.04039602720999817,0.6843487059464594,0,0.27725361536686866,0.5066666666666667,188,0.0038002690667695116,0.0059654896029872895,-0.042505037812361667,0.6879207593985729,0.0894074765789179,0.008671768419207238,True,False,,TATAMOTORS.NS,upper
-0.9203472812885644,-0.0919078514373057,0.6797887151442152,0,0.890306453841144,0.94,144,0.01202762693445821,0.015095352256951107,-0.08250400281758204,0.6690356946734705,0.1457823265039426,0.022562850011597725,True,False,,TATAMOTORS.NS,lower
0.798176277039306,0.03895443010457829,0.6724587609301793,0,0.8428016102713844,0.89,188,0.005553892193996962,0.007273813054379761,0.04487848773892339,0.6644059313181211,0.12375396846628486,0.010947844686561917,True,False,,HINDUNILVR.NS,upper
-0.8084667794252177,-0.03626442705482112,0.5674291887773667,0,0.9122144079881122,0.9066666666666666,164,0.005520177373210232,0.005548725938929186,-0.032013903123684094,0.5627942363609171,0.1724305726664314,0.009859244252775847,True,False,,HINDUNILVR.NS,lower
0.7482749455528483,0.16487845155492792,0.507019784679025,0,0.8807681199719181,0.8533333333333334,188,0.012068111258572245,0.010339126589266676,0.16097567215267505,0.5106531524337756,0.07496853622354226,0.020246866855754587,True,False,,INFY.NS,upper
-0.7309463426884157,0.14314624201413242,0.5499328603082136,0,0.7434833196785767,0.67,188,0.010248268053946536,0.011790705276071567,0.12970604572458638,0.5651267433384053,0.0790114848277198,0.02086382427733188,True,False,,INFY.NS,lower
0.8753810369643368,0.11759783153496423,0.5673214032709699,0,0.8265778786624054,0.9133333333333333,168,0.014636618349265957,0.014353087271350174,0.1074461135419717,0.5773073041883222,0.13622286097225697,0.024862126147717715,True,False,,SBIN.NS,upper
-0.7789476144747235,-0.10242417335108958,0.626689303048164,0,0.48484495183390375,0.34,188,0.007620678901433719,0.010663664012894779,-0.09510193197128698,0.6186174310317352,0.08013168546794283,0.017237897455832853,True,False,,SBIN.NS,lower
0.7741132045429394,-0.03814112636831579,0.685692838460461,0,0.2719285608977968,0.49333333333333335,184,0.006826163317685659,0.010020403242983918,-0.03627228732751397,0.6831736531578385,0.18819219681759017,0.014667431991840165,True,False,,TATAMOTORS.NS,upper
-0.924144459720949,-0.0866660727432862,0.6760759965837706,0,0.8398754897964366,0.91,144,0.010357584785674116,0.011631133634930305,-0.07131786623935522,0.6578508531920259,0.14523125661948003,0.017680502201507624,True,False,,TATAMOTORS.NS,lower
0.76908165043671,0.011198246505985717,0.6863752227583838,0,0.8746475027180172,0.9633333333333334,200,,,,,,,False,True,invalid,HINDUNILVR.NS,upper
-0.8901923993728369,-0.07361066754996552,0.6139206607795697,0,0.8612292569617575,0.9133333333333333,141,0.012188583107610352,0.01419092528228222,-0.067204145905452,0.6059124355944345,0.18136650841591098,0.02342075226456211,True,False,,HINDUNILVR.NS,lower
0.7541937961407276,0.10374150832177631,0.5393478767319255,0,0.8573861059977861,0.8333333333333334,188,0.012413774193855608,0.012360594606014543,0.10541903241838303,0.5372837944752472,0.11775646893649726,0.023005708534406415,True,False,,INFY.NS,upper
-0.749324577436147,0.16235407745596567,0.5365137016798848,0,0.8696226679226069,0.79,188,0.013564674649404857,0.01318317183459259,0.14769494189395893,0.5522631109746775,0.09184250697440177,0.023871179033874083,True,False,,INFY.NS,lower
0.8285253840159433,0.09806799324132034,0.5903958893774106,0,0.7617314621899043,0.9,180,0.019859081752876342,0.01876757159303793,0.09977346796951066,0.5885845531799514,0.19904169080830272,0.03188593919562245,True,False,,SBIN.NS,upper
-0.7835726366544324,-0.10514715273184329,0.6174039160897765,0,0.449728095133052,0.37333333333333335,188,0.009574553448944867,0.012501565476992122,-0.09805777632880326,0.6095950815524096,0.09764194978703554,0.02050798251205621,True,False,,SBIN.NS,lower
0.7536137886814697,-0.035838518579256386,0.6834813126789312,0,0.41403344318863755,0.6733333333333333,188,0.005608197172787903,0.009436767848880189,-0.04201516735315424,0.69342861052461,0.13348026894302456,0.013608852547419874,True,False,,TATAMOTORS.NS,upper
-0.916423373051568,-0.0885840512872117,0.6878673095291313,0,0.9583062126792131,0.9233333333333333,144,0.013023937910913084,0.015458197479804427,-0.06695869732755409,0.6622385120249255,0.1945070093304149,0.02334234111379979,True,False,,TATAMOTORS.NS,lower
0.7672480288252754,-0.003240246935325139,0.7049653255048334,0,0.9922790296527587,0.9633333333333334,200,,,,,,,False,True,invalid,HINDUNILVR.NS,upper
-0.8842155510020538,-0.06027556623052151,0.597384568564842,0,0.8561978852150546,0.8833333333333333,141,0.008683806387103574,0.009467937890549236,-0.05163117007425882,0.5869868962417255,0.168189190613386,0.01612972587611736,True,False,,HINDUNILVR.NS,lower
0.7443795392323187,0.09310915499209349,0.5525955335656239,0,0.7944869390592455,0.8033333333333333,188,0.009369854613134427,0.010243394656488661,0.08928091620723526,0.5572328021327925,0.10494799965880172,0.018382612138869502,True,False,,INFY.NS,upper
-0.7396291904527313,0.1895827411967555,0.5205619649820348,0,0.6448508562498009,0.52,188,0.012371336802634995,0.013350313263857348,0.1702068086511257,0.5402025244012192,0.07268414333031291,0.024713533191130503,True,False,,INFY.NS,lower
0.8526895074332944,0.12473108806403374,0.5615742212532754,0,0.8535978668399662,0.9666666666666667,176,0.019619114698345406,0.018287725031474335,0.10618123166237796,0.5803283351401861,0.1847700628772816,0.03151272065998549,True,False,,SBIN.NS,upper
-0.7741856109772518,-0.10405511013428016,0.6328606979559386,0,0.37562099238558533,0.12666666666666668,188,0.01231288968225954,0.015367874058275045,-0.08591780580879116,0.6114430001374248,0.1433100872776107,0.025133779932852676,True,False,,SBIN.NS,lower
0.7975903643590297,-0.04247924494020368,0.6914624450647797,0,0.4190146885661302,0.5866666666666667,176,0.007001141394286382,0.009701652585847084,-0.03784228000458899,0.6846927972607791,0.18500839651716058,0.014169350813922035,True,False,,TATAMOTORS.NS,upper
-0.9266138485056244,-0.0672892238089845,0.6690547556067535,0,0.9419602552867283,0.9566666666666667,141,0.00827999089574833,0.010450162664039048,-0.06302064958536242,0.6645326229584504,0.13138534173119784,0.015725582380380167,True,False,,TATAMOTORS.NS,lower
1.2506939867618656,-0.023923255156487723,0.740202437876963,0,0.7445142747471405,0.7233333333333334,97,0.005715340765744536,0.009986427837511145,-0.029924490554576133,0.7516301427178022,0.19099201857424253,0.013286358724967924,True,True,sparse,HINDUNILVR.NS,upper
-0.8756179227587104,-0.04881506970163218,0.5864092658626787,0,0.8503350522866217,0.92,144,0.006658182313177153,0.007102612065188873,-0.041526485148054064,0.5780294385772127,0.16033576369589564,0.012287630124505865,True,False,,HINDUNILVR.NS,lower
0.7465363727417956,0.09584867094300852,0.5526575139786709,0,0.776068691548364,0.7933333333333333,188,0.010295460391901984,0.012485874816162751,0.08586213829306082,0.5654762471382894,0.11990685763838546,0.02208028128245406,True,False,,INFY.NS,upper
-0.7324462548543992,0.17328092288173533,0.533988748001959,0,0.5876615366947853,0.7533333333333333,188,0.008886805583258495,0.011290496947777447,0.17280596294981768,0.533667673442711,0.05142649545938552,0.021156418681644747,True,False,,INFY.NS,lower
0.8381159542092149,0.09821697004053545,0.5886592605814853,0,0.726127300647861,0.79,176,0.018269924189567174,0.01715645059719608,0.10574597415210048,0.5804575555984283,0.17277180155880437,0.02955676971753908,True,False,,SBIN.NS,upper
-0.7640619241286908,-0.09568234827749268,0.630985624996697,0,0.39648161679759486,0.30333333333333334,188,0.016811274983047676,0.01872128405719729,-0.08562522735570967,0.6195110578379132,0.1963355139467729,0.030219450513667763,True,False,,SBIN.NS,lower
0.7705090399207295,-0.0481586400489354,0.6802390449844359,0,0.41117696099660084,0.7033333333333334,188,0.00948331003360291,0.016753438216583916,-0.05905300521118719,0.6984605354387154,0.16058976835794764,0.023986234191740615,True,False,,TATAMOTORS.NS,upper
-0.9265707973818209,-0.06975788456591911,0.6790542543998892,0,0.9633324769200455,0.9766666666666667,141,0.009349063111717341,0.011132974231211352,-0.064580197835389,0.6733259459478372,0.14476669284725024,0.01653430130365244,True,False,,TATAMOTORS.NS,lower
1.147710939512756,-0.027749764685699084,0.7377058578058253,0,0.5369457156960393,0.6666666666666666,113,0.004405232953088287,0.00653419055675011,-0.02898228905526283,0.7402663905763731,0.1519973603435836,0.008826809580527461,True,False,,HINDUNILVR.NS,upper
-0.7657530781980322,-0.028934890512914847,0.5617999593466656,0,0.94601886293169,0.92,180,0.008530245808888705,0.010247042833056023,-0.043596076471846996,0.5791889074558145,0.1956654025447278,0.017692056122323427,True,False,,HINDUNILVR.NS,lower
0.7364158360556,0.08581925926101674,0.5677164133352737,0,0.7075906791088931,0.71,188,0.006781884803093131,0.007050347102871838,0.08799569180592759,0.564503589905388,0.07707063713237285,0.01248946349333023,True,False,,INFY.NS,upper
-0.7351137953678035,0.18415455323460006,0.5229395877536949,0,0.6952404457576029,0.7666666666666667,188,0.010450306239045101,0.013145752191716882,0.1786048841276181,0.5279001623324957,0.058510749607891877,0.024901966092629128,True,False,,INFY.NS,lower
0.8645709908501987,0.08339847203193314,0.5912039380182047,0,0.8161505530166199,0.8966666666666666,172,0.014682935144860085,0.014261867707022367,0.08188335931830333,0.5926106060787547,0.1793152292962378,0.024066169791880747,True,False,,SBIN.NS,upper
-0.7672018856772073,-0.09272533346962286,0.6341137270927045,0,0.4301203710098157,0.3233333333333333,188,0.012292179281787127,0.01323712933652109,-0.09083159221945615,0.6324375778619252,0.13532932351108676,0.02093033303297438,True,False,,SBIN.NS,lower
0.7584840262601538,-0.06394380425869049,0.705886832121512,0,0.5808801187837414,0.7366666666666667,188,0.007571133769227854,0.014318564589642981,-0.07057489047189791,0.7178384538464463,0.10727799428130388,0.019946778155239507,True,False,,TATAMOTORS.NS,upper
-0.9488495994434987,-0.06850424881945374,0.6805957289117747,0,0.9297034901417165,0.9266666666666666,133,0.012006062202899797,0.012571109137944193,-0.06804407544048668,0.6806669989176374,0.17644534606024861,0.01846880923160084,True,False,,TATAMOTORS.NS,lower
1.2710120038315817,-0.03156398368831624,0.7457821889559344,0,0.5243842216879699,0.4666666666666667,93,0.003964198862230811,0.0065852359203652155,-0.03146248499727424,0.7458847545576632,0.12599760008143823,0.008828757783074574,True,True,sparse,HINDUNILVR.NS,upper
-0.7343027589230958,-0.04266324096371838,0.5786990558496408,0,0.9486753730213844,0.95,188,0.0068339676551530636,0.007291717221610875,-0.034574787459503056,0.5695803366159581,0.19765748919158782,0.012801911556346843,True,False,,HINDUNILVR.NS,lower
0.7404311031791332,0.09601382235953672,0.5502231645142432,0,0.7540284725262366,0.7433333333333333,188,0.00822010421322807,0.008417476551101092,0.09597756237801491,0.5499978425379686,0.08564609428599182,0.015304562576487513,True,False,,INFY.NS,upper
-0.739908798879535,0.1932515526936493,0.5195576351170871,0,0.8763277080562625,0.8333333333333334,188,0.01461491883233923,0.013588987851028321,0.17991253938261156,0.5328857075981147,0.08123345971413239,0.02550075448123888,True,False,,INFY.NS,lower
0.885717511762194,0.08175755835389541,0.5806219762664104,0,0.8563347145392601,0.87,168,0.008383100552359772,0.008156791213660308,0.07162251369892542,0.5907413297400657,0.11704559012188993,0.013807720342120307,True,False,,SBIN.NS,upper
-0.7688749060368849,-0.10518344910970909,0.6550835750426367,0,0.4799507132693527,0.41333333333333333,188,0.010551887768254088,0.010968276013750063,-0.09826108357905296,0.6470282584144713,0.1073862236202866,0.016951772510075305,True,False,,SBIN.NS,lower
0.7677182402387467,-0.14257442383252392,0.7415241870257836,0,0.6981760214048656,0.8066666666666666,188,0.009311205791904968,0.018182086746562888,-0.15545220932894202,0.7634900188185746,0.05989754171474484,0.023814439036876318,True,False,,TATAMOTORS.NS,upper
-0.9380359587074157,-0.07592169109799149,0.6996661069380549,0,0.9157249747942885,0.93,137,0.0109343075241357,0.012457939469953747,-0.06361726383301565,0.6851398819678951,0.17187639245335107,0.018183059570756263,True,False,,TATAMOTORS.NS,lower
0.7729833608093913,0.0026594756277210432,0.6850229599249328,0,0.8941043818230704,0.8966666666666666,200,,,,,,,False,True,invalid,HINDUNILVR.NS,upper
-0.7369683233918545,-0.06015035688993493,0.5977711733895925,0,0.9833638951850555,0.9566666666666667,188,0.006966215990101482,0.0087395426902989,-0.04812209984969673,0.5831589659042246,0.14476123370025895,0.01498655264072321,True,False,,HINDUNILVR.NS,lower
0.7479543313356156,0.10351012657230156,0.5399663154161531,0,0.8725785696120134,0.8166666666666667,188,0.011160754250611185,0.011772716865350318,0.09950500355345998,0.5447356518791824,0.11216273283169764,0.02161179759140022,True,False,,INFY.NS,upper
-0.7481817813886444,0.20669454958372893,0.5058480463645632,0,0.8757035028305322,0.62,188,0.015958474631481694,0.015589009846189225,0.18267003971540396,0.5296905894308964,0.08736229423676545,0.029430406850599528,True,False,,INFY.NS,lower
0.7771944193545558,0.17956574534229214,0.5521900398111633,0,0.7150406601401457,0.56,188,0.018697044937147408,0.019293241462146227,0.17700696325995444,0.5553632492118521,0.10562886078894032,0.034739859258112196,True,False,,SBIN.NS,upper
-0.7447481622411662,-0.11469031961189133,0.6463986334079455,0,0.4453374932762656,0.37666666666666665,188,0.010833000045914984,0.011304526902467221,-0.10393473679989736,0.633847620541944,0.10422885877397146,0.017834770310337478,True,False,,SBIN.NS,lower
0.7533401829817238,-0.15516398387601166,0.7662828103152817,0,0.49725760995509194,0.7533333333333333,188,0.008428584728297918,0.016465085212079372,-0.15260120297173776,0.7636974499642121,0.05523275054084216,0.0215596961823743,True,False,,TATAMOTORS.NS,upper
-0.9635163448018413,-0.05229162196657981,0.674263585930734,0,0.9100768901772981,0.9466666666666667,133,0.010561915958865093,0.011411022414896938,-0.05896572069488881,0.6827887608731126,0.17911956376011814,0.016712375630174983,True,False,,TATAMOTORS.NS,lower
2.0880424230538543,0.26575240631338526,0.45841313931077116,0,0.800765147150577,0.8966666666666666,29,0.0374655234858412,0.046047970220966926,0.3217704340939288,0.4110212075763608,0.1164355650853518,0.11203307335931385,True,True,sparse,HINDUNILVR.NS,upper
-0.7357356973610875,-0.0524380980927429,0.5901178269941235,0,0.9648825451674862,0.9566666666666667,188,0.0070377513255908365,0.008253999963313146,-0.04271499472890156,0.5787770645442126,0.16476063552508508,0.01426110384522949,True,False,,HINDUNILVR.NS,lower
0.7569612075994141,0.1050636857286033,0.531007435738684,0,0.8456200108846721,0.7433333333333333,188,0.011751067639002383,0.013275405410219699,0.09782980774329632,0.5398995421269668,0.12011744384352195,0.024588657941871667,True,False,,INFY.NS,upper
-0.7415599907922518,0.19236117554640714,0.5228603577992972,0,0.7912335218733859,0.78,188,0.009479782478407296,0.010830461900027191,0.18253313538801189,0.5322930663989651,0.051934581296213686,0.020346802128813575,True,False,,INFY.NS,lower
0.782519782068627,0.19045444016340682,0.5453192128491771,0,0.5472379496969264,0.5366666666666666,188,0.015528602561367868,0.015357031373222542,0.18438392922252875,0.5524268223784748,0.0842188458867166,0.027799213349400154,True,False,,SBIN.NS,upper
-0.7444270741913437,-0.10502250803361965,0.6368477364120113,0,0.5161084795353901,0.2733333333333333,188,0.007216235738513214,0.00883402450155998,-0.0933837774450818,0.6232762979067002,0.07727503816181176,0.01417352848085855,True,False,,SBIN.NS,lower
0.7636711354420082,-0.15069150923033692,0.7554494157410248,0,0.46763172017823884,0.7333333333333333,188,0.005458179147217078,0.012309419992461466,-0.14786429399264545,0.7521792426170683,0.036913433464567345,0.016365008672644347,True,False,,TATAMOTORS.NS,upper
-0.93738726301577,-0.07274758117199012,0.6966810460863085,0,0.7934553655169949,0.9633333333333334,137,0.010491044171756482,0.011938554678559197,-0.05555950031912219,0.6763052608287627,0.18882535341830986,0.01765261220562331,True,False,,TATAMOTORS.NS,lower
0.7668952908569667,-0.009002350389450148,0.7056284772253995,0,0.9382863103435404,0.94,200,,,,,,,False,True,invalid,HINDUNILVR.NS,upper
-0.738748296183683,-0.044971302087193514,0.5772648762037345,0,0.9159094365423486,0.9666666666666667,188,0.004876282971837829,0.005757084795651028,-0.04366444501254071,0.5760537613458053,0.11167625865105449,0.009994005910595882,True,False,,HINDUNILVR.NS,lower
0.7533324567199038,0.10090824597347485,0.5403777143134199,0,0.8434419293929205,0.8066666666666666,188,0.01138808793155366,0.012702076963498128,0.09546926274419205,0.5470943693923803,0.11928537428024415,0.02321734136184225,True,False,,INFY.NS,upper
-0.7399422982360333,0.19987032225842105,0.5136841048061419,0,0.8496926290160948,0.8166666666666667,188,0.010012251738486353,0.011917606603185067,0.19047527627834468,0.5222962351388486,0.052564571153106365,0.022817714494609967,True,False,,INFY.NS,lower
0.7842710366830743,0.19282768968905353,0.5474941198829362,0,0.6712938152092702,0.56,188,0.015785342426699964,0.015372433664864365,0.18964650508003325,0.5509261816639187,0.08323560504150761,0.02790289134454875,True,False,,SBIN.NS,upper
-0.7491915385431609,-0.09238589947077279,0.6285808303664073,0,0.49333943708455474,0.34,188,0.006297696661477714,0.006964191151094158,-0.0830459987546668,0.6178166828102482,0.07583382700645216,0.011272261225924968,True,False,,SBIN.NS,lower
0.783406629178584,-0.12094438766468202,0.7111213708229593,0,0.6818822781507994,0.6266666666666667,188,0.01032465394784612,0.018582489650983337,-0.13480582121759113,0.7338923994209221,0.07658907522465418,0.025320454895624078,True,False,,TATAMOTORS.NS,upper
-1.1262921777028447,-0.04951403012596215,0.662498345142986,0,0.9170416072139396,0.94,105,0.00666530917251109,0.008144265748344448,-0.044320504922115894,0.6574276315147904,0.15038880266224314,0.01238807928668637,True,False,,TATAMOTORS.NS,lower
0.7678405581667622,-0.005902671002394479,0.7011388331452302,0,0.9377456306326245,0.9166666666666666,200,,,,,,,False,True,invalid,HINDUNILVR.NS,upper
-0.7376150494131282,-0.038288391571887716,0.5725949963038226,0,0.83500898687457,0.98,188,0.003899225746054947,0.0046834217579637665,-0.035825308866207196,0.5700381905961351,0.10883994530842693,0.008215978776625728,True,False,,HINDUNILVR.NS,lower
0.7549804547498074,0.09206241465687137,0.5490776339096081,0,0.8694961941914073,0.7966666666666666,188,0.011431451258819275,0.01345501263120105,0.08534159518766148,0.5577786509904846,0.13394933495429512,0.02412249440899745,True,False,,INFY.NS,upper
-0.7411694179902678,0.19480740393636098,0.5150516122916158,0,0.873323662294789,0.7733333333333333,188,0.01183022118854394,0.015796240042286767,0.1892517073534501,0.5199732186442539,0.06251050904045216,0.03037894870755732,True,False,,INFY.NS,lower
0.7880226575183605,0.20738508211356535,0.5321257757932483,0,0.7545195011184742,0.7833333333333333,188,0.015733419959636986,0.014756150886339893,0.20080677820753245,0.5392834272243269,0.07835103633736029,0.02736251452907452,True,False,,SBIN.NS,upper
-0.7506897978033784,-0.086795349052213,0.6214205204186001,0,0.4021749624009918,0.3,188,0.0076881017934065194,0.009610530798270714,-0.08300039472040607,0.6174749439691403,0.09262728078621478,0.01556424392033077,True,False,,SBIN.NS,lower
0.7679767086446607,-0.14055144750016935,0.7434956179354817,0,0.7064117597631816,0.7966666666666666,188,0.008027768849993292,0.015501974874841316,-0.13795756083131724,0.7407188155132327,0.058190129049234735,0.02092828525601497,True,False,,TATAMOTORS.NS,upper
-0.9980631031098145,-0.04977353354435429,0.6750212409081167,0,0.7251872758509009,0.9366666666666666,125,0.006604930017734545,0.007271539732480269,-0.04724914983509041,0.6724902008934918,0.13978936431435293,0.010812855882049303,True,False,,TATAMOTORS.NS,lower
1.2209614972037566,-0.019316509433979855,0.7263947661386787,0,0.6775786493467144,0.53,101,0.004331711739790039,0.0072581077606206365,-0.023463318051586954,0.733902800037117,0.1846162543636712,0.009889739705797772,True,False,,HINDUNILVR.NS,upper
-0.8329754393167019,-0.05282010524632352,0.5870395566454117,0,0.8632365278892324,0.9366666666666666,156,0.008437129533168287,0.009339283031475886,-0.045527936376354765,0.57855171302829,0.18531759511889964,0.01614252046920136,True,False,,HINDUNILVR.NS,lower
0.7557619215616542,0.09936066077654565,0.5411962027418342,0,0.8805977016319044,0.8066666666666666,188,0.010716101489309056,0.0127485824592827,0.08616402603500828,0.5578636103463561,0.1243686111100358,0.022852507305222005,True,False,,INFY.NS,upper
-0.7404608373462817,0.19417244643172127,0.5169320958733917,0,0.8942571811338487,0.83,188,0.011262034448376777,0.014710982625962439,0.18876738519897984,0.5216854846672756,0.05966090932443847,0.028198948938277298,True,False,,INFY.NS,lower
0.7783658041048244,0.21574079872748464,0.5218016555992969,0,0.8903764626339158,0.8,188,0.01725992106104367,0.01517121808267502,0.2098866818055646,0.527913021138171,0.08223447095460899,0.028738101141330318,True,False,,SBIN.NS,upper
-0.7503888881913543,-0.08572132776029828,0.6202923472048966,0,0.4392048356695275,0.3233333333333333,188,0.004931263338742985,0.007044385745592471,-0.08597546086694481,0.621277023648024,0.05735663078105827,0.011338558105438308,True,False,,SBIN.NS,lower
0.766885781107408,-0.14055359751432422,0.7438618590018632,0,0.5669918210869389,0.7633333333333333,188,0.0078141791256083,0.01500378422270898,-0.1383817741004124,0.7417983041805204,0.056468264059510796,0.020226231222005356,True,False,,TATAMOTORS.NS,upper
-0.9950471817394342,-0.048391008093459434,0.6769792323754958,0,0.7793242815453862,0.9333333333333333,125,0.006335148797634887,0.006854133633707959,-0.04675475575994433,0.6754775638698681,0.13549739143517056,0.010147092810853879,True,False,,TATAMOTORS.NS,lower
0.7728403994285861,0.005859074257708699,0.6808916808002792,0,0.9298695652025634,0.8933333333333333,200,,,,,,,False,True,invalid,HINDUNILVR.NS,upper
-0.8353272895020327,-0.018213762675438505,0.5501130680975299,0,0.41666026675191614,0.49333333333333335,160,0.005324664450891413,0.005943821384598053,-0.027963172208046394,0.5610351519070389,0.19041697083242703,0.0105943830051474,True,False,,HINDUNILVR.NS,lower
0.7579447572953175,0.09624273487756738,0.5435049104851176,0,0.8235555692851504,0.82,188,0.011368034078891873,0.013353931609381328,0.08727751168675196,0.5548226581802912,0.13025156832125598,0.02406882842977484,True,False,,INFY.NS,upper
-0.7412011984277632,0.1978445282956455,0.5133116094965995,0,0.9110286235863314,0.8266666666666667,188,0.00993152818757625,0.013099749883392414,0.1893232437547359,0.5210826781717396,0.05245804723197039,0.025139483964347262,True,False,,INFY.NS,lower
0.7765540836018046,0.21806854660369646,0.5239819705896239,0,0.8618344896705069,0.87,188,0.0181522589212278,0.01580914457858478,0.2136315937985421,0.5284209742383502,0.08496991361982968,0.02991770775600745,True,False,,SBIN.NS,upper
-0.7371398819454121,-0.09764761128692864,0.6372990630863988,0,0.3134058631463329,0.23666666666666666,188,0.006799374334421797,0.008501198965737403,-0.08812425550478782,0.626225114476682,0.07715666389358315,0.013575308037731007,True,False,,SBIN.NS,lower
0.7639903002321983,-0.14392035166698755,0.7552798510049815,0,0.34699999585642016,0.6866666666666666,188,0.005946024620172225,0.012797957237749253,-0.1372074563027095,0.7452221046255394,0.04333601355959742,0.01717334602205142,True,False,,TATAMOTORS.NS,upper
-0.7015884201926498,-0.01461180855658049,0.647082446393406,0,0.6776918316558322,0.59,200,,,,,,,False,True,invalid,TATAMOTORS.NS,lower
0.7707345163018232,0.0054043426051548285,0.6823458006396421,0,0.9605519519961454,0.9133333333333333,200,,,,,,,False,True,invalid,HINDUNILVR.NS,upper
-0.8097331698446372,-0.02730801397490549,0.5621834420955344,0,0.699094088249221,0.79,168,0.005045853901676978,0.005551911822760967,-0.02578861365016283,0.5606860812051785,0.19566200857117544,0.009901996696274902,True,False,,HINDUNILVR.NS,lower
0.7555601764900844,0.0863840199522789,0.5576821034136493,0,0.6977579321118648,0.8066666666666666,188,0.012753727294422266,0.015278905325592389,0.08400128666880913,0.5607862068085697,0.15182774314432584,0.027245507945156937,True,False,,INFY.NS,upper
-0.7460653963967832,0.22670891514902536,0.4846322712139165,0,0.8377603364805071,0.5666666666666667,188,0.013960778515886042,0.013121807040422845,0.20311202543600337,0.506256131243148,0.06873437354865566,0.025919304422068464,True,False,,INFY.NS,lower
0.7780027894098597,0.21867863310185345,0.5237427989670622,0,0.8833642231948686,0.8933333333333333,188,0.019933722097302344,0.017504655047057067,0.2152254693012813,0.5272307561463316,0.09261785436378708,0.03320112590356438,True,False,,SBIN.NS,upper
-0.7317117094535223,-0.10015642165005846,0.6384635915476444,0,0.3547312622936236,0.19333333333333333,188,0.006428898533071876,0.007566225639339449,-0.09023063504826834,0.626780446692972,0.07124961291845776,0.012071572364046698,True,False,,SBIN.NS,lower
0.7821441698989285,-0.130725396099938,0.7281582463648695,0,0.5160717573302998,0.6766666666666666,188,0.008897340508644573,0.017196632197664027,-0.13918180808343217,0.7431919146508322,0.06392602590742913,0.023138884623569313,True,False,,TATAMOTORS.NS,upper
-0.6986626891667583,-0.026020996712351543,0.6577240305864158,0,0.679390451163377,0.48333333333333334,200,,,,,,,False,True,invalid,TATAMOTORS.NS,lower
1.2107176742916481,-0.022973641506127157,0.7305983393802284,0,0.613357292037535,0.6066666666666667,101,0.004092740898905045,0.006274722355822108,-0.023975630307206605,0.7326536249923318,0.17070413329794773,0.008564377566880946,True,False,,HINDUNILVR.NS,upper
-0.8096826028966431,-0.0384944135103877,0.5784784186678062,0,0.7411951352119572,0.9166666666666666,168,0.007867354615926817,0.008864462452409108,-0.040144260509725326,0.5808170389497326,0.1959770227739193,0.01526205621621877,True,False,,HINDUNILVR.NS,lower
0.7577483606671066,0.09883420940526141,0.5434344150789301,0,0.8038075664425224,0.8,188,0.012688646387963931,0.015171554255647344,0.08811071842185707,0.5570074527062937,0.14400796151875123,0.027237613984441716,True,False,,INFY.NS,upper
-0.7421749857805968,0.219392288651811,0.4941010770614209,0,0.9293520836606428,0.7,188,0.011357503107400605,0.011737608307528524,0.20329852068322282,0.5087975488250194,0.05586613473905388,0.0230693094020233,True,False,,INFY.NS,lower
0.7789820769124779,0.22409317157704817,0.5140153381093779,0,0.9626327641738944,0.98,188,0.01783327449217101,0.016262693487646737,0.2122587652560439,0.5260833657302414,0.08401666536829422,0.030912768275699557,True,False,,SBIN.NS,upper
-0.7286604178958187,-0.10828903668691507,0.6523689388512561,0,0.32497641088197826,0.29333333333333333,188,0.005828625635303824,0.006663856863561212,-0.09991237989339648,0.6425060623793989,0.058337365781389004,0.010371663630948868,True,False,,SBIN.NS,lower
0.7730604693997003,-0.1446021244532795,0.7482021640426562,0,0.4629997684233528,0.6566666666666666,188,0.007010649876962618,0.014812189418912025,-0.14553017238116442,0.75121060787618,0.048173167670474845,0.0197177583309312,True,False,,TATAMOTORS.NS,upper
-1.4771203860510977,-0.1680330044118635,0.7778486529015243,0,0.7435027144502471,0.7733333333333333,57,0.03312694855751605,0.030740639664699494,-0.19760494449952395,0.8189132338480053,0.16764229743842712,0.037538334977038325,True,True,sparse,TATAMOTORS.NS,lower
0.7599946498769556,0.010266380549992727,0.6781870430985288,0,0.9574469226225348,0.9166666666666666,200,,,,,,,False,True,invalid,HINDUNILVR.NS,upper
-0.7903637555474846,-0.04382636054721982,0.5813260027197825,0,0.8665972494981627,0.9666666666666667,172,0.006388327384614655,0.006827807338084243,-0.03961429228757862,0.5767065320418151,0.161263155368453,0.011839309666768407,True,False,,HINDUNILVR.NS,lower
0.7608651363734645,0.09365087181292553,0.5450292222256098,0,0.7528526449914751,0.82,188,0.01297489013440754,0.015023342864213243,0.08949327047555282,0.5502290525816131,0.1449817244988794,0.027303797428884252,True,False,,INFY.NS,upper
-0.73869914301704,0.2024624768148055,0.5095274049305233,0,0.9577255414936391,0.6966666666666667,188,0.01109887871266785,0.014586326692282624,0.19091141664333486,0.5203180048919457,0.05813627244744775,0.028033483897942225,True,False,,INFY.NS,lower
0.7825165814944043,0.21960507436878982,0.5172954748215559,0,0.9346752309879782,0.9666666666666667,188,0.017943367181816577,0.016961860471791428,0.20498873173155374,0.5327958375314383,0.08753342759337779,0.03183557182432915,True,False,,SBIN.NS,upper
-0.733864682297935,-0.11177857401171867,0.6545664625768648,0,0.26039994230685015,0.23,188,0.010077139925252694,0.010968241973040983,-0.09993728547444636,0.6405765067003721,0.10083462712706076,0.01712245405051485,True,False,,SBIN.NS,lower
0.7821257601571906,-0.14340890364914372,0.7405329822596317,0,0.6323790657930256,0.81,188,0.006678933690110919,0.014611772333577395,-0.15069161353907903,0.7536198025658069,0.04432186430308691,0.01938878475584329,True,False,,TATAMOTORS.NS,upper
-0.7756393104872407,0.0388812584077569,0.5882136645329552,0,0.8236729232283725,0.9366666666666666,184,0.006756531347009534,0.006519535354988049,0.039555260649891594,0.5873079244213729,0.17081241604468836,0.011100710501061458,True,False,,TATAMOTORS.NS,lower
0.762284387014037,0.010396928838045567,0.6754378219230256,0,0.8641320306013167,0.8333333333333334,200,,,,,,,False,True,invalid,HINDUNILVR.NS,upper
-0.7309444389479419,-0.06562843924474288,0.6135633732191466,0,0.9467373625788909,0.9366666666666666,188,0.006259847830271429,0.008688622951043919,-0.058845668396885674,0.6051671012624614,0.10637735855557275,0.014357394493759354,True,False,,HINDUNILVR.NS,lower
0.7616933768636655,0.09376598418416376,0.5437961416438422,0,0.7098651287985909,0.81,188,0.01177242286422136,0.013493084199855572,0.09067762462680957,0.5475517764378767,0.1298271940227778,0.02464257177870873,True,False,,INFY.NS,upper
-0.7387430585287755,0.2113345047258408,0.5038078745840731,0,0.9788497265952196,0.8366666666666667,188,0.011643305926400498,0.01288059348969685,0.19825508051213184,0.5158099028880915,0.05872891281794355,0.024971589664837215,True,False,,INFY.NS,lower
0.7762280884242131,0.2081026151257122,0.5293663577282777,0,0.9648659432366528,0.9166666666666666,188,0.018854570721023513,0.018366132814823587,0.19670152979138522,0.54224936853634,0.09585370170980874,0.03387026991971507,True,False,,SBIN.NS,upper
-0.7362889781497204,-0.11264015009904929,0.6519139688548932,0,0.26146776464790633,0.18666666666666668,188,0.008452956847583562,0.008742973359500509,-0.10354152813763944,0.6410488318336219,0.08163831636677939,0.013638544817416054,True,False,,SBIN.NS,lower
0.7672703870745523,-0.15500234767895227,0.7636292627638872,0,0.4657508216454985,0.6566666666666666,188,0.008042680859083684,0.016415625769754916,-0.1515069123397591,0.7593247758246785,0.05308457682908849,0.021618714516116348,True,False,,TATAMOTORS.NS,upper
-0.785563731502773,0.04068132597183717,0.5981540916225782,0,0.8390468818293558,0.84,176,0.011593938851277652,0.011455026867242079,0.06313000028917094,0.5758658804809925,0.18365178142963853,0.019891830817891046,True,False,,TATAMOTORS.NS,lower
0.7661719831118122,0.016126822116823855,0.6710717478159753,0,0.8836217847552374,0.8666666666666667,200,,,,,,,False,True,invalid,HINDUNILVR.NS,upper
-0.735384895640646,-0.06167217966511765,0.6088190901102661,0,0.9504233880896777,0.9433333333333334,188,0.00693953111938466,0.009563386892423744,-0.057673145690660434,0.6040643597496472,0.12032515017222205,0.015831734780826855,True,False,,HINDUNILVR.NS,lower
0.7644885873535201,0.09525908363660623,0.5417605934496681,0,0.7034609021533511,0.83,188,0.009530806238911293,0.010176206636773237,0.09310356049503925,0.5441778731805504,0.10236778448168231,0.01870014741741519,True,False,,INFY.NS,upper
-0.7356637625034858,0.2023275268300798,0.5114386070575587,0,0.972486302318403,0.83,188,0.011393711418862428,0.013003830845570297,0.18907982002770438,0.5240610573082215,0.060258735250571134,0.02481357928831263,True,False,,INFY.NS,lower
0.770903609843111,0.19687787732753273,0.5427543184770345,0,0.8674785518702468,0.86,188,0.01981752946847703,0.020166886305642354,0.1891126636377585,0.5520180036013862,0.10479218069983562,0.03653302212743535,True,False,,SBIN.NS,upper
-0.7266448684152229,-0.11947176680530816,0.6619979245894123,0,0.2929581914816143,0.24666666666666667,188,0.00918867100893222,0.010272405654014185,-0.10560565777273644,0.6450590035829342,0.08700926003996542,0.015924753298084838,True,False,,SBIN.NS,lower
0.7681394812965336,-0.15503176996394963,0.7607996668678408,0,0.555039091036171,0.7366666666666667,188,0.006937182632487262,0.013989255096590932,-0.15178425828303807,0.7568113445010342,0.045704226867248364,0.01848446777838587,True,False,,TATAMOTORS.NS,upper
-0.7636523134237605,0.055613698895721965,0.5830334278745705,0,0.8259712817202561,0.8633333333333333,184,0.010810131460392097,0.010622456875902596,0.05803844200901381,0.5804078632502016,0.18625809418061667,0.018301710513364242,True,False,,TATAMOTORS.NS,lower
0.7599855477368365,0.010502196162096685,0.6796600074600885,0,0.9667607882544333,0.93,200,,,,,,,False,True,invalid,HINDUNILVR.NS,upper
-0.7398621606286874,-0.05979140620204128,0.6059697513346668,0,0.9315427707252141,0.9733333333333334,188,0.00702015564205617,0.009369336315305423,-0.055934788486994125,0.6015336633424946,0.12550605047211327,0.015575747012205605,True,False,,HINDUNILVR.NS,lower
0.7708743022887778,0.0967421260977664,0.5383379759201786,0,0.5976431311975345,0.8233333333333334,188,0.01096045696853195,0.012786297042968615,0.09207594869782865,0.5439338382430573,0.11903712025960607,0.02350708102514526,True,False,,INFY.NS,upper
-0.7331331812040888,0.2036898625318559,0.5102097547643958,0,0.9744044535212215,0.8533333333333334,188,0.010680652561650543,0.013539440222218873,0.1948419454760847,0.51819784508233,0.05481700558564507,0.026127935670570767,True,False,,INFY.NS,lower
0.7764847376114523,0.20115244671342986,0.5403065575833431,0,0.8785190930257434,0.9566666666666667,188,0.01515062603400873,0.01461491023556407,0.19017757440687758,0.5525396743353792,0.07966567711573491,0.026450426367372278,True,False,,SBIN.NS,upper
-0.7441541150120826,-0.09687737871381433,0.6288211678908995,0,0.3580347553764577,0.3466666666666667,188,0.010806624737487917,0.013062848335741893,-0.10984122159451248,0.645759718841774,0.0983840455957506,0.020228651234060757,True,False,,SBIN.NS,lower
0.7752874145727411,-0.15409289851993624,0.7548402704223857,0,0.6496226866804257,0.65,188,0.005362205550199445,0.01206717391452616,-0.15302629517743735,0.7544553429174145,0.03504107051386917,0.015994550065637984,True,False,,TATAMOTORS.NS,upper
-0.7669678776111779,0.06105676520690337,0.5765548216228134,0,0.7837890160453922,0.91,184,0.009101591755240735,0.008212415628564779,0.06484156353054864,0.5727075482397035,0.14036660832965023,0.014339631999631335,True,False,,TATAMOTORS.NS,lower
0.7577882726857101,0.015355638434975664,0.673328522693345,0,0.9464580819614462,0.9,200,,,,,,,False,True,invalid,HINDUNILVR.NS,upper
-0.7320709465794891,-0.07030220076326638,0.6169294439433834,0,0.9790464706599165,0.95,188,0.007188196281518228,0.009323201502909894,-0.061108071284588034,0.6052753138314398,0.11763086207930326,0.015403240700270587,True,False,,HINDUNILVR.NS,lower
0.7773242404477148,0.09164946226775178,0.5532556518703688,0,0.7074425041450243,0.7766666666666666,188,0.00952878589352982,0.011167351918680169,0.08824036017854896,0.5573976449852043,0.10798669446024431,0.020034802476836033,True,False,,INFY.NS,upper
-0.7499877360631704,0.17007140656774372,0.5140372196001124,0,0.9615156869574996,0.7233333333333334,188,0.011530943167592846,0.013744611390895178,0.15595854068689755,0.5276110114493189,0.07393594719113782,0.026050652530228563,True,False,,INFY.NS,lower
0.7777373180113347,0.1946494881272559,0.5498260618292679,0,0.9260740310013809,0.8333333333333334,188,0.01961600949736127,0.020501721989312983,0.18497500883770382,0.5616658658365149,0.10604680362039731,0.03650163357134492,True,False,,SBIN.NS,upper
-0.7307504110815687,-0.11162795102470324,0.652559074416426,0,0.4099058384542844,0.26,188,0.007504826071145979,0.00897547346160669,-0.11260043123713631,0.6547066671148284,0.06665005917109001,0.013709152167440763,True,False,,SBIN.NS,lower
0.766064754037814,-0.15911964403742465,0.7629574068713995,0,0.7909977668023103,0.72,188,0.004316437676043673,0.00929267640204722,-0.15388076731780645,0.7556945651022766,0.02805053205007558,0.012296867951962652,True,False,,TATAMOTORS.NS,upper
-0.7487921418348348,0.07159630865841418,0.5726670734708826,0,0.6974719137279056,0.76,188,0.011553102972243106,0.009784264009688898,0.06904004992493532,0.5748880050271329,0.1673391214434687,0.017019425964597837,True,False,,TATAMOTORS.NS,lower
1.1974904332219023,-0.04984144013329081,0.7547862449006834,0,0.6868704133636045,0.5366666666666666,101,0.0066315699629865095,0.01022018086786891,-0.04489749817403408,0.746479316383582,0.14770463290035762,0.013691177379796879,True,False,,HINDUNILVR.NS,upper
-0.74176741328439,-0.07500826829817728,0.609331509203836,0,0.9112565850975228,0.93,188,0.008300859282844271,0.012997900400833458,-0.08127447965687142,0.6186413314181997,0.1021336377243246,0.021010397350808334,True,False,,HINDUNILVR.NS,lower
0.774223066316357,0.09102392856971883,0.5547201991890987,0,0.6635082269439592,0.8533333333333334,188,0.005952585080215039,0.007423993951841746,0.09546126177487813,0.5487999961408994,0.062356021133394744,0.013527685620935842,True,False,,INFY.NS,upper
-0.7459884703767067,0.16455333946792927,0.5202343260403078,0,0.9695353845152639,0.7633333333333333,188,0.011060938470138173,0.013527787924125744,0.152046339060442,0.532369093052525,0.07274714939548592,0.025410542885677297,True,False,,INFY.NS,lower
0.7624211997709343,0.19323592584178173,0.5569714062418669,0,0.9634020206324185,0.83,188,0.014247851955658749,0.013106685250031853,0.18955558738820433,0.5609082427701378,0.07516450134933006,0.023366896788026073,True,False,,SBIN.NS,upper
-0.7336827721769986,-0.09819714342355156,0.6319612995588499,0,0.2908488113177966,0.2733333333333333,188,0.0066311144538259495,0.009222982246160171,-0.10723751217578174,0.6440159619533713,0.06183576717630934,0.014321045824664645,True,False,,SBIN.NS,lower
0.7610487088024773,-0.1577572400582638,0.7656807784960364,0,0.7501543282717263,0.7333333333333333,188,0.006034097200964815,0.009814946924646904,-0.15070853945198795,0.7554588284670712,0.040038187766428805,0.012992034012816324,True,False,,TATAMOTORS.NS,upper
-0.7668550370662711,0.08794564445566261,0.5593332237894049,0,0.6798454270211278,0.65,184,0.01371221431658561,0.010888873116810683,0.08083418876754367,0.5655955116221879,0.16963382486190118,0.01925204974321621,True,False,,TATAMOTORS.NS,lower
0.8357417906873176,-0.036288841218698804,0.7235402052328841,0,0.9228987093343402,0.8366666666666667,176,0.005413390996739588,0.007377546919805676,-0.03755559904031897,0.7257393895239748,0.1441433419686491,0.010165559324248811,True,False,,HINDUNILVR.NS,upper
-0.7253701979673105,-0.0971748421186867,0.6353778009481224,0,0.8882327875346047,0.6966666666666667,188,0.008131637456692995,0.012504710901932212,-0.08693915555004306,0.6212718304918328,0.09353249948105774,0.0201275996865282,True,False,,HINDUNILVR.NS,lower
0.7776096365830176,0.09302682264752343,0.5537121404993635,0,0.7480235146001797,0.8733333333333333,188,0.00512430494362317,0.006504043221466229,0.09352970752824773,0.5526003474443942,0.05478798695265528,0.011769886019519454,True,False,,INFY.NS,upper
-0.7480231014948024,0.16771607798202004,0.5144973706787427,0,0.8785666785718994,0.87,188,0.011143730529692968,0.011888407538380295,0.15320597593197727,0.528650866821077,0.07273691339084318,0.022488201684008464,True,False,,INFY.NS,lower
0.7650176732019844,0.19825055534905134,0.5496181722291065,0,0.9535539169207984,0.8366666666666667,188,0.015939822004474264,0.014492488072972392,0.2013008023208743,0.5455896609833927,0.07918409181114543,0.026562981016210498,True,False,,SBIN.NS,upper
-0.7402765284871559,-0.09179032159872583,0.624436075943722,0,0.36969828537235905,0.22666666666666666,188,0.010198710471469375,0.013283111603071183,-0.10890690195870005,0.6464487730296139,0.0936461266603258,0.020547817478778797,True,False,,SBIN.NS,lower
0.7628179236917424,-0.15378802678786502,0.7550738497422996,0,0.7691899535070585,0.7,188,0.004940487831501207,0.006390754239643564,-0.14922687146565564,0.7489025148722049,0.03310722426802341,0.008533492714200825,True,False,,TATAMOTORS.NS,upper
-0.766273092768831,0.05582837649648381,0.5876169914400728,0,0.7736273784327625,0.7766666666666666,184,0.009369008789970622,0.008166191392620453,0.05408033532934886,0.5891972473313521,0.17324239948752979,0.013859859819455944,True,False,,TATAMOTORS.NS,lower
0.8297570100104731,-0.0621361002410054,0.7472897356284913,0,0.8824961970634867,0.8866666666666667,176,0.01046131720472518,0.014003183563449222,-0.05591120442147033,0.7386254384644597,0.18710588408732462,0.018958436366578846,True,False,,HINDUNILVR.NS,upper
-0.7318319787145696,-0.09346483501611244,0.6261427534509392,0,0.8770730540350643,0.7866666666666666,188,0.006952969832492665,0.011830484677489332,-0.08829658100188521,0.6193357575198939,0.07874562034160767,0.019101891571455736,True,False,,HINDUNILVR.NS,lower
0.7789807691668282,0.09616580447206123,0.553868806732933,0,0.8103755998131703,0.8833333333333333,188,0.006941452792505574,0.007865840754437517,0.09504127433490865,0.5548130595272749,0.07303618465471409,0.014177461178302014,True,False,,INFY.NS,upper
-0.7460210420323304,0.1748970582891486,0.5069407498492948,0,0.9070433273679982,0.8166666666666667,188,0.013431031732211265,0.013729689408015716,0.1576320678159634,0.5237619869550539,0.08520493999890107,0.026213603674636047,True,False,,INFY.NS,lower
0.7826945183642908,0.19247947892437275,0.5452677289496161,0,0.6548545038763581,0.84,188,0.016716742267940433,0.01623359086491186,0.19047539702951913,0.5474521329411006,0.08776325788530663,0.029652986245883417,True,False,,SBIN.NS,upper
-0.7505944994893129,-0.091077552110885,0.631265004085854,0,0.4561253399900935,0.23,188,0.008890750606140441,0.012012956099454726,-0.10540194676946635,0.6499583434328899,0.08435090655466827,0.01848265513629574,True,False,,SBIN.NS,lower
0.7544716322193479,-0.15787581630843245,0.7584616542944904,0,0.5852389152014126,0.6,188,0.008347512070631873,0.012599049092721179,-0.14614022542204963,0.7405042457988937,0.05711987562168934,0.01701414812144284,True,False,,TATAMOTORS.NS,upper
-0.7541674971768816,0.07035952996342507,0.5819431489093139,0,0.8142691799109221,0.8333333333333334,188,0.01202380159326218,0.011086250081799158,0.06939204996882427,0.5826395747143028,0.17327344942150597,0.019027629382983472,True,False,,TATAMOTORS.NS,lower
0.8074834368849194,-0.10829885132798073,0.7943472062481994,0,0.946724887147398,0.9466666666666667,180,0.014584706781219262,0.019815466586828923,-0.0944836228788253,0.7733274060944888,0.15436225658177288,0.0256236442345499,True,False,,HINDUNILVR.NS,upper
-0.7473226766712066,-0.0786192507931724,0.6033305722712328,0,0.9166187485998346,0.9233333333333333,188,0.008039418259054744,0.01332133868689251,-0.08286812351163957,0.6100761677027847,0.09701459316596694,0.021835533288733597,True,False,,HINDUNILVR.NS,lower
0.7859048826753167,0.10029031456369905,0.5522417460007166,0,0.8802699625850556,0.9166666666666666,188,0.0034640434506655483,0.005858758869286486,0.09954296022550457,0.552647441516989,0.03479947848469969,0.010601259181064696,True,False,,INFY.NS,upper
-0.7432357021442474,0.1649674427469907,0.5103392753377878,0,0.9175030496540227,0.89,188,0.011770001247888873,0.011750391830734213,0.15817720765393212,0.5166370088353694,0.07441021799763768,0.022743998982540137,True,False,,INFY.NS,lower
0.785445379725102,0.18688657815519158,0.5359322720484123,0,0.6975878075529787,0.73,188,0.015029606536196671,0.014587118845420228,0.18523038494047647,0.5375780465506083,0.0811400663537235,0.02713488519047648,True,False,,SBIN.NS,upper
-0.7552575288437816,-0.09860647036786367,0.6416197038922045,0,0.283625876436721,0.22333333333333333,188,0.005416131727382264,0.008903443446827874,-0.1080933460189359,0.654513054402231,0.050106055791564665,0.013603156195147027,True,False,,SBIN.NS,lower
0.7588159262053402,-0.15728001380745676,0.7535702671748992,0,0.6055692261995964,0.6733333333333333,188,0.008142095863774105,0.00895913010811973,-0.15461077836698775,0.7504541835337447,0.0526618869858411,0.011938277093146625,True,False,,TATAMOTORS.NS,upper
-1.3480224244565444,-0.3403391193517579,1.019758051924379,0,0.8629313619058118,0.6633333333333333,65,0.05993459273371986,0.06969003869586246,-0.30512833068293316,0.9727559338490103,0.19642420825143694,0.07164185337188712,True,True,sparse,TATAMOTORS.NS,lower
0.8056701499875224,-0.09705242817248534,0.7604539445807774,0,0.942120234365078,0.9233333333333333,188,0.014403978949522443,0.019050693638131288,-0.0899075721446303,0.7504785666675221,0.1602087232904496,0.02538472680023103,True,False,,HINDUNILVR.NS,upper
-0.776846891231223,-0.06337040749417233,0.5855951360226267,0,0.9725137388418992,0.96,188,0.012805308664182587,0.020105268920801056,-0.0761257760462977,0.6042369823644654,0.16821249840881428,0.033273813379293894,True,False,,HINDUNILVR.NS,lower
0.7976961221090074,0.11525222396399071,0.542201539730895,0,0.8167935924160028,0.9333333333333333,188,0.006518484367719344,0.007615106841793938,0.10850449627548142,0.5494243280780665,0.060075701843844205,0.013860155646603197,True,False,,INFY.NS,upper
-0.7465355454853904,0.13052247086799454,0.5268352567700738,0,0.8386668801666787,0.88,188,0.012762834672603342,0.01242536377982357,0.1261933311123896,0.5313458744407614,0.10113714844301158,0.023384699390117974,True,False,,INFY.NS,lower
0.7843162073622383,0.18273069957845472,0.5405849534702815,0,0.6373654994510727,0.5733333333333334,188,0.018415327273807236,0.01858619557638147,0.18568811499774596,0.5368774746237944,0.09917342465508108,0.03461906321030645,True,False,,SBIN.NS,upper
-0.7578265130401944,-0.09576401875313575,0.6377283507806626,0,0.21350318172866356,0.17333333333333334,188,0.007429937016343516,0.010972936010679626,-0.09619698103639379,0.6389539720244037,0.07723668834436391,0.017173280579477684,True,False,,SBIN.NS,lower
0.7517727086395478,-0.15922219876520372,0.7542149931224968,0,0.6190194741020438,0.7333333333333333,188,0.00966892362457858,0.011625615469399827,-0.14958948545049175,0.7401079929674408,0.0646363810203412,0.015707998593161094,True,False,,TATAMOTORS.NS,upper
-1.3411668292622634,-0.3948605771285804,1.0960699758788701,0,0.7399162361694993,0.6766666666666666,65,0.059890494663482105,0.06788627444697425,-0.3502893890098448,1.0312077706125486,0.17097432817771027,0.0658318097703346,True,True,sparse,TATAMOTORS.NS,lower
0.8003861672145602,-0.10877873724957363,0.7755221356000639,0,0.990369024072983,0.9433333333333334,188,0.012657854155585218,0.01723755497861649,-0.09987546908547029,0.7621505186562173,0.12673635482392054,0.022616995370991627,True,False,,HINDUNILVR.NS,upper
-0.7653632362643327,-0.07659139667972535,0.6051953279733682,0,0.8892936721793342,0.9,188,0.009473004658348593,0.01560448809725772,-0.08046725631019942,0.6117832308654615,0.11772494695955474,0.025506563525968397,True,False,,HINDUNILVR.NS,lower
0.7968117050380724,0.1224847751187512,0.5280943463148636,0,0.9039847170704224,0.9333333333333333,188,0.00396750311989564,0.005098375866289883,0.1183027482364576,0.5321110119305615,0.03353686067036235,0.00958141375796422,True,False,,INFY.NS,upper
-0.7506307127205086,0.139088115178491,0.5265628986359654,0,0.8931998497214689,0.8366666666666667,188,0.011363105433834208,0.01163421969300658,0.13232645527934342,0.5333947438239912,0.08587175218386209,0.02181165002017553,True,False,,INFY.NS,lower
0.7859586962031708,0.1913891376768196,0.5311564733431109,0,0.8239371830921923,0.6633333333333333,188,0.020668291263190648,0.020348110084292676,0.19333075017360535,0.5289789088427442,0.10690637767436041,0.03846676939188534,True,False,,SBIN.NS,upper
-0.7578635935451011,-0.09572218750421099,0.6352120215879449,0,0.18733933703673666,0.08666666666666667,188,0.00760119992366201,0.011148099626792389,-0.09253948123694623,0.6318707070916318,0.08214006606324678,0.01764300722480818,True,False,,SBIN.NS,lower
0.7540197194390467,-0.16129736149591362,0.7551976707724278,0,0.6008911002882914,0.6566666666666666,188,0.012125393082880104,0.014791531477667905,-0.15657474382838496,0.7488692080677658,0.07744155929614452,0.019751821974780925,True,False,,TATAMOTORS.NS,upper
-1.3423486333042203,-0.3978518947328008,1.0934617741380712,0,0.6431327411143486,0.5866666666666667,65,0.04905274807796971,0.052529317831939475,-0.35134128865767084,1.0248163510556771,0.13961566222183353,0.05125729821275328,True,True,sparse,TATAMOTORS.NS,lower
0.7973905857576123,-0.11015296149024907,0.7692771387315818,0,0.9968010285571386,0.98,188,0.008899583626437882,0.011764860478932385,-0.1053718596444283,0.7623370618043767,0.08445881862463908,0.015432622804353618,True,False,,HINDUNILVR.NS,upper
-0.7562898470966256,-0.07756857571278694,0.6205915217966823,0,0.8837641126277147,0.9533333333333334,188,0.01419254713055707,0.021391825713558313,-0.07693567926453597,0.6210025322374293,0.18447286644508198,0.03444724338242649,True,False,,HINDUNILVR.NS,lower
0.7963293727026941,0.11777628264928519,0.5312653653756433,0,0.8063337399386775,0.98,188,0.0036038668615914365,0.004156378444571323,0.11475791894876299,0.5340907600761603,0.031404077213701614,0.007782157411143111,True,False,,INFY.NS,upper
-0.7498623821855748,0.13563000245954382,0.5307875785984447,0,0.8888728587289824,0.9266666666666666,188,0.014660857171358439,0.01496365353381261,0.12773147850532998,0.5392118335212314,0.11477872326483278,0.02775097341351965,True,False,,INFY.NS,lower
0.8008866323225968,0.2135549616159435,0.5140887593027215,0,0.7868247269158644,0.98,188,0.018044245287142553,0.017291092961992584,0.1986087945901157,0.5305521545558244,0.090853199204244,0.032590750009414436,True,False,,SBIN.NS,upper
-0.7603017567181213,-0.09176723625709954,0.6243615679747256,0,0.13848607806163615,0.07333333333333333,188,0.006853928861237195,0.009669173922455601,-0.08908691074433532,0.6215913155358043,0.07693529873938323,0.015555516181183655,True,False,,SBIN.NS,lower
0.7573291926579974,-0.15371262411220962,0.7404670881953421,0,0.6647714695980764,0.6433333333333333,188,0.012131918805470866,0.014650618013027826,-0.15135195834404772,0.7380965092408779,0.08015699391429806,0.01984918995160116,True,False,,TATAMOTORS.NS,upper
-0.7581230129973193,0.022046002821243672,0.6321460965504968,0,0.42101628516333844,0.8166666666666667,184,0.005158826203450851,0.0052007015423641695,0.02927343959792056,0.6245494243235055,0.17622884471453984,0.008327125534902492,True,False,,TATAMOTORS.NS,lower
0.7981817890404116,-0.1165858376938558,0.7767193396620888,0,0.8968012587762992,0.9,188,0.011512156168909353,0.015971760447044573,-0.10722541870053391,0.7620094433529766,0.10736404888677335,0.020960055517377108,True,False,,HINDUNILVR.NS,upper
-0.7626935867639358,-0.06943393244214677,0.6077123036679031,0,0.98333178757529,0.9533333333333334,188,0.009545397622696444,0.014932740446461996,-0.07555524079187224,0.6170940820182039,0.12633665460247903,0.024198482272978054,True,False,,HINDUNILVR.NS,lower
0.7999359392170075,0.12361522993148127,0.5259875566611656,0,0.8085631139478427,0.9366666666666666,188,0.003502877053130594,0.0050311522435646065,0.11843269106402858,0.5311619316826907,0.029576941348629922,0.009471974267633338,True,False,,INFY.NS,upper
-0.7523756410296643,0.13894667785055947,0.5255243892517656,0,0.8556396314057443,0.83,188,0.01513984952348137,0.014982082523770668,0.1292431965811416,0.536034524374104,0.11714232356171272,0.027949845696535882,True,False,,INFY.NS,lower
0.8050960032618348,0.21673033959360624,0.5076207020943075,0,0.9821005852509449,0.9666666666666667,188,0.01828793820767579,0.01868750594311088,0.2005542817977908,0.5249184679594806,0.0911869700904463,0.03560077750692823,True,False,,SBIN.NS,upper
-0.7599100875724746,-0.10503956327257591,0.6316712407180639,0,0.22962264136418753,0.12333333333333334,188,0.006620627885163841,0.010381639595347833,-0.10111592118759345,0.6273728487310443,0.06547561603206763,0.01654779841185074,True,False,,SBIN.NS,lower
0.7517723460842306,-0.15867916957622943,0.7517961415896208,0,0.6537178984539935,0.6233333333333333,188,0.012428019553752567,0.015062396000565617,-0.15332422900774942,0.7446862789850089,0.08105710900103943,0.020226498356905875,True,False,,TATAMOTORS.NS,upper
-0.7428259129027919,0.028047964299293314,0.6251397884410412,0,0.45551250228332874,0.8166666666666667,188,0.004889700695842613,0.0048181829328337086,0.0263474603351109,0.6267222679619721,0.18558520547327645,0.0076879075505371835,True,False,,TATAMOTORS.NS,lower
0.8021895436850581,-0.12157963683177003,0.7814400942302148,0,0.9766201692470439,0.9533333333333334,188,0.008376983293584066,0.012874730843858822,-0.11267530648951156,0.767146885553621,0.07434621489937276,0.016782614800999244,True,False,,HINDUNILVR.NS,upper
-0.8030834554031919,-0.04658030108974239,0.581626784117607,0,0.9419773880858487,0.9266666666666666,180,0.006178802364164688,0.008918407607008124,-0.04505571200463506,0.5800266927322083,0.13713690712866725,0.015375856947616513,True,False,,HINDUNILVR.NS,lower
0.8028661006282002,0.1272790872097527,0.5135273896582034,0,0.7891144802401311,0.8733333333333333,188,0.006093820144512927,0.007090261748255479,0.12479551230069165,0.515665104338998,0.04883043904275685,0.013749740967728801,True,False,,INFY.NS,upper
-0.7567256069759577,0.13696147246207402,0.5329053748665086,0,0.8255858216203936,0.8133333333333334,188,0.011325861199826303,0.012235460204995689,0.1295508225208316,0.5406556721266959,0.08742407114987176,0.02263078075285716,True,False,,INFY.NS,lower
0.8065281293236825,0.20901285870774886,0.5123483794195721,0,0.9322443737660533,0.8733333333333333,188,0.013233007388102356,0.013887718567969562,0.19992135970596284,0.5216582564525477,0.06619106005308481,0.026622253419677857,True,False,,SBIN.NS,upper
-0.7613153932733707,-0.09891436985493843,0.6250053475084852,0,0.24912951699310504,0.14,188,0.008836893458647601,0.013284968810293543,-0.10185294166876609,0.6295297225844395,0.08676128981893311,0.0211030045487353,True,False,,SBIN.NS,lower
0.7458774004251706,-0.16776239083829356,0.7648839277457917,0,0.6523548807825121,0.61,188,0.012417006466173601,0.015260023508400453,-0.16276870316128814,0.7581567990445016,0.07628619914116752,0.020127793256427422,True,False,,TATAMOTORS.NS,upper
-1.3327592444698726,-0.32716847906957747,0.9910039508606385,0,0.7242599571515715,0.71,69,0.047369265403232254,0.05437059214999144,-0.3007277368353127,0.9584181571032416,0.1575154467844068,0.05672950911847082,True,True,sparse,TATAMOTORS.NS,lower
0.8006613672851546,-0.10700231681524541,0.7536827022533433,0,0.9690250895619233,0.91,188,0.008330685174298193,0.011818870032037404,-0.10500798432560059,0.7511580926288892,0.07933381860877235,0.01573419762187739,True,False,,HINDUNILVR.NS,upper
-0.719807094946223,-0.057262244345063065,0.6254933163828237,0,0.47043870388709863,0.5666666666666667,200,,,,,,,False,True,invalid,HINDUNILVR.NS,lower
0.8010613108793271,0.12308995849389429,0.5178854548672944,0,0.8069720879846973,0.9466666666666667,188,0.005345261662423449,0.0068087873761901105,0.12353857736082614,0.5167599990496381,0.04326795195424439,0.013175917750895624,True,False,,INFY.NS,upper
-0.7571978796440737,0.1465415843752081,0.5250051075662219,0,0.8925510573333988,0.8366666666666667,188,0.014285272489787648,0.014775036152438557,0.13555020902596532,0.5364306701425111,0.10538730658230241,0.027543234754047508,True,False,,INFY.NS,lower
0.8085160740711248,0.2143980150678389,0.5091907266852809,0,0.9712373456231099,0.97,188,0.01394276228846779,0.01346487822982325,0.20102413181451106,0.523042005042789,0.06935864599453459,0.0257433969787718,True,False,,SBIN.NS,upper
-0.7591601142929364,-0.10430134235595104,0.6311644689516864,0,0.1803302063486225,0.09333333333333334,188,0.012480972237879674,0.017584236151105905,-0.09939235881696697,0.6258176000463702,0.125572741513623,0.02809802068337929,True,False,,SBIN.NS,lower
0.7487706140866861,-0.15023708443937694,0.7418140306176876,0,0.7018465486669149,0.49,188,0.011087287792666177,0.013367081088946525,-0.14893761395458022,0.7410075040217864,0.07444249141538165,0.018039062811114108,True,False,,TATAMOTORS.NS,upper
-1.354796203557254,-0.30020094285412124,0.9517828030906552,0,0.7411888253199262,0.6333333333333333,69,0.03637289061308165,0.04871838927049465,-0.28173461581955533,0.9324111819379333,0.12910337345746656,0.0522498975685157,True,True,sparse,TATAMOTORS.NS,lower
0.8031070777013775,-0.1053458480962708,0.752744579352528,0,0.9313445068816593,0.7766666666666666,188,0.008238478988856476,0.01241618893623561,-0.10997169179771658,0.761403033226696,0.07491453577767165,0.016306986223246393,True,False,,HINDUNILVR.NS,upper
-0.9596976071972164,-0.02082873788376056,0.5686699545295393,0,0.8563427354910147,0.8766666666666667,137,0.00450377382903753,0.004919887062452715,-0.023087989311714772,0.5715227800715107,0.19506990485539083,0.008608382986507193,True,False,,HINDUNILVR.NS,lower
0.8058351421623774,0.12818909059616101,0.5099347871401676,0,0.6954180360835818,0.8533333333333334,188,0.005838354841397005,0.006530133754652146,0.1259973575068062,0.5117410300841203,0.046337117647173263,0.012760621570587181,True,False,,INFY.NS,upper
-0.7620316665911313,0.1469948745632399,0.5226689797062287,0,0.9126434764547795,0.7566666666666667,188,0.015252828543081623,0.017642251976345443,0.1414025560371908,0.5281615437850878,0.10786811704018102,0.033403135555611044,True,False,,INFY.NS,lower
0.8116032932296485,0.22388628217623002,0.49907050638747125,0,0.9961590780228988,0.9633333333333334,188,0.01754419611444355,0.016924485545658452,0.20748399500686668,0.5158600555769784,0.08455686072698917,0.0328082878963092,True,False,,SBIN.NS,upper
-1.0647962022173536,0.13629599557432995,0.4134980559181729,0,0.5480841107921877,0.7633333333333333,125,0.014787233171930373,0.0076557921358835854,0.13332706497309407,0.41484760409102356,0.11090945462438515,0.018454468281463455,True,False,,SBIN.NS,lower
0.748020849737218,-0.15082005242864843,0.7417792161600871,0,0.6994612489625349,0.5,188,0.01106956058741806,0.013374825256963183,-0.14701750547566583,0.736969589113465,0.07529416173034349,0.01814840839167909,True,False,,TATAMOTORS.NS,upper
-0.8863068353519384,-0.06605151709696602,0.7180606986574238,0,0.6656044813226988,0.82,148,0.008684709995910235,0.009869974369316041,-0.05486725998421018,0.7053034956517609,0.15828580496914715,0.01399393919103711,True,False,,TATAMOTORS.NS,lower
0.8109083011001507,-0.09978495242548202,0.7432325525126262,0,0.9423789092440328,0.5833333333333334,188,0.010677739338689167,0.01595607875405722,-0.10417782285255171,0.7514849060444252,0.10249531062718424,0.021232733237075318,True,False,,HINDUNILVR.NS,upper
-0.8671357059369244,-0.05560018448800226,0.5986928857086276,0,0.9283021344646141,0.9066666666666666,160,0.00699263715531685,0.008209610890283572,-0.04431804697852052,0.5851095028431498,0.15778302642432962,0.014030896285366532,True,False,,HINDUNILVR.NS,lower
0.8038192057348705,0.12929474213016479,0.5042449606671906,0,0.5856384442389186,0.7166666666666667,188,0.007459523358227104,0.0067865998561795916,0.12278538445708768,0.5108854516472319,0.060752529982987,0.01328399487880859,True,False,,INFY.NS,upper
-0.7582020396573057,0.12061100558581647,0.5514853775055524,0,0.9351733417509799,0.88,188,0.011055075716669553,0.014647506350017337,0.12129262413218177,0.5501554135309856,0.09114383404866944,0.026624306011576317,True,False,,INFY.NS,lower
0.8086381541653203,0.2294068865385327,0.49674492045895224,0,0.9985558615875348,0.93,188,0.018421933686591542,0.01766805351120694,0.20953285504593958,0.5167318341004822,0.08791906550102571,0.03419191929609676,True,False,,SBIN.NS,upper
-0.763466660234109,-0.10115346340415426,0.6301865772445733,0,0.38692052466828275,0.15666666666666668,188,0.01846356049656041,0.02361673959321466,-0.09594696506740567,0.62526104264794,0.19243504533195754,0.037771006994917235,True,False,,SBIN.NS,lower
0.7419120713262035,-0.14636208580018367,0.7240525150077635,0,0.642743950896882,0.5166666666666667,188,0.009800422403268326,0.011346927017148935,-0.14217968597741074,0.7186813418638538,0.06892983091499506,0.015788536863689882,True,False,,TATAMOTORS.NS,upper
-0.753117047284671,0.10331405809591047,0.5874278351594281,0,0.9792991385726572,0.9466666666666667,188,0.009616504809961884,0.01087223440621144,0.08961323881157858,0.6018504430130824,0.10731119491250242,0.01806467761514688,True,False,,TATAMOTORS.NS,lower
0.81180275653583,-0.09114223729330898,0.7312651602322904,0,0.9322524214670784,0.51,188,0.012211132030945825,0.019029835020687384,-0.09980875658970005,0.7461416206005841,0.12234528537101445,0.02550432014545267,True,False,,HINDUNILVR.NS,upper
-0.7888461532803543,-0.06966546872194274,0.6045117724913462,0,0.9531134528677642,0.9833333333333333,188,0.007171459767238255,0.010792986286090168,-0.07530613307396511,0.6124034408371739,0.09523074047484419,0.017623980190405248,True,False,,HINDUNILVR.NS,lower
0.8076154266141903,0.13258714916341371,0.5015117457376923,0,0.5662578762261007,0.8,188,0.008579408021726949,0.007858536240787289,0.1244627936002159,0.5098306094514171,0.06893150221237718,0.015414013872378148,True,False,,INFY.NS,upper
-0.7564822346943739,0.09824116794255211,0.5686225380220256,0,0.9483271960021987,0.8433333333333334,188,0.01289271904357857,0.01760637456547895,0.1016156774932533,0.5642929922087144,0.12687725056659754,0.031200767148565307,True,False,,INFY.NS,lower
0.8032073756031981,0.22665030789970192,0.5087894038279743,0,0.9998310461640693,0.9933333333333333,188,0.014604543468000173,0.013372023618304677,0.21326117643392717,0.521746006190852,0.06848195732290446,0.025629373686321084,True,False,,SBIN.NS,upper
-1.5212819989344322,-0.4618368897393425,0.9331159795701964,0,0.6930849230292404,0.8666666666666667,41,0.07414794196661931,0.07348169257125399,-0.4092579094167557,0.8627878064900112,0.18117655993630985,0.08516774479986496,True,True,sparse,SBIN.NS,lower
0.7519547033288029,-0.13358025853798622,0.7054310283041878,0,0.5916350972169006,0.43666666666666665,188,0.009564468301991553,0.011196069218414978,-0.13637226901872776,0.710661454524959,0.07013498909612034,0.015754434111464,True,False,,TATAMOTORS.NS,upper
-0.7522544191252957,0.0857762344688813,0.601466257569145,0,0.9996018204898184,0.9966666666666667,188,0.010583477016141287,0.01075165432202208,0.08040967275997124,0.6071901803933467,0.13161943503413312,0.017707226651762935,True,False,,TATAMOTORS.NS,lower
0.8092389766301163,-0.10331000862788528,0.7461795542351871,0,0.9282404417525042,0.8633333333333333,188,0.008915510453287433,0.014255223341184274,-0.10818924286239769,0.7551854463305642,0.08240661819364604,0.018876453752764533,True,False,,HINDUNILVR.NS,upper
-0.7715009815564899,-0.10559565907187637,0.6411858620813862,0,0.9909111507842182,0.9,188,0.011948875899464882,0.018526624850198438,-0.09907564695337702,0.633210828514093,0.12060354951860455,0.02925822447018348,True,False,,HINDUNILVR.NS,lower
0.8143404566440314,0.11099767733590207,0.5046927937712065,0,0.7853088621456561,0.8166666666666667,188,0.008019423334188036,0.007444128121370329,0.10295689316381475,0.5134918147145909,0.0778910698336403,0.014497072325363552,True,False,,INFY.NS,upper
-0.7673003073258766,0.08346634699389072,0.5824447024464423,0,0.8688348849931701,0.88,188,0.008909704241304795,0.01276836701993858,0.0857154615362714,0.5792587922477372,0.1039451114439073,0.02204259472690379,True,False,,INFY.NS,lower
0.8045917183010759,0.23163997038184192,0.5038004894686436,0,0.9957860639280653,0.9566666666666667,188,0.019038950177222323,0.018367922090516377,0.21121615175728936,0.5243625489510871,0.09013964660100288,0.035029049608840866,True,False,,SBIN.NS,upper
-1.089335272163042,0.16105021775780676,0.41057823774544433,0,0.46318762178598427,0.54,113,0.031178440800083765,0.019814537798326336,0.15970939551465324,0.4106468787154615,0.19521981626325172,0.04825201004275936,True,False,,SBIN.NS,lower
0.7491130786441277,-0.11201855551734805,0.6926915445143855,0,0.750954264207933,0.43333333333333335,188,0.010501067597595682,0.012707406201659737,-0.11695858306393274,0.7005705476079642,0.08978448972839058,0.018138652936041222,True,False,,TATAMOTORS.NS,upper
-0.7616574504954772,0.07019023258547094,0.6141661326798108,0,0.9982660529651384,0.99,184,0.012506855053463892,0.013000672000941831,0.07902240056972873,0.6038109233868261,0.1582697232758794,0.021531031125951915,True,False,,TATAMOTORS.NS,lower
0.8077696139822665,-0.11143961978881903,0.7737118916814496,0,0.8967104208846647,0.8466666666666667,188,0.005280686622131174,0.00831003570697826,-0.11561524978928867,0.7819742239580368,0.045674650835498196,0.010626994274371707,True,False,,HINDUNILVR.NS,upper
-0.7780591298223195,-0.08285187688349405,0.601984153790781,0,0.9727633820874613,0.9633333333333334,188,0.006583073881525464,0.010154867727988329,-0.08098194384473471,0.6002234732526822,0.08129062796073155,0.016918477885866604,True,False,,HINDUNILVR.NS,lower
0.8141031277611184,0.11317074388784608,0.5053036914095388,0,0.7851563438554428,0.81,188,0.009961532148814688,0.009913885693183924,0.10180882434549292,0.5178823265935454,0.09784545921633653,0.01914312381919435,True,False,,INFY.NS,upper
-0.7671091656858857,0.08072450967369735,0.5827800568875832,0,0.8454753932868058,0.8433333333333334,188,0.006883207330107492,0.010187813283243283,0.07916034030752885,0.5844016753668292,0.08695271437489886,0.017432895110232934,True,False,,INFY.NS,lower
0.8072230946600045,0.2394887705556503,0.4961243354684167,0,0.9992428959788094,1.0,188,0.01985749310964219,0.017400816384474233,0.21648374342643106,0.518789073112689,0.09172740584614116,0.033541215401200926,True,False,,SBIN.NS,upper
-1.516146874335721,-0.4803950634160138,0.9594520633354275,0,0.6322436228357273,0.9466666666666667,41,0.07584255017754261,0.07462195046937406,-0.421563209384247,0.8775730823148565,0.1799078920792033,0.08503217694669371,True,True,sparse,SBIN.NS,lower
0.7504856033931842,-0.111213354021969,0.6910086013707339,0,0.6701179483530584,0.5,188,0.009986395787013564,0.011714646303675674,-0.11482741663794899,0.697010415037401,0.08696873281416193,0.01680698865163613,True,False,,TATAMOTORS.NS,upper
-0.7465970995594955,0.072038897130736,0.6122671089817984,0,0.9997904578042899,1.0,188,0.009068551553382046,0.009513913517706356,0.06856885606215633,0.61608255293428,0.13225465250018256,0.015442595019072535,True,False,,TATAMOTORS.NS,lower
0.8131269169538455,-0.12487740406016754,0.7801391080554556,0,0.9833502500056701,0.9333333333333333,188,0.007004542368848049,0.010702638861849571,-0.12570406392372024,0.7826091908321424,0.05572247700658092,0.01367558527355612,True,False,,HINDUNILVR.NS,upper
-0.7872932951004928,-0.09032196905960181,0.6056692787235336,0,0.9216554257688616,0.9833333333333333,188,0.01179716633649744,0.018491345781186223,-0.09656008168508186,0.6151713772378539,0.12217434895331666,0.03005885215860439,True,False,,HINDUNILVR.NS,lower
0.8121107223585121,0.10875530066873988,0.508245354527187,0,0.8225573281077595,0.85,188,0.00922487775232706,0.009294482984183118,0.09954623246486427,0.518558884581351,0.09266927132466163,0.017923678643458323,True,False,,INFY.NS,upper
-0.7687969598062864,0.07792313779897389,0.5859128929029659,0,0.7795426736804658,0.8866666666666667,188,0.005122444362379023,0.006589750581485147,0.07851197676188916,0.5848018283043392,0.06524410569196716,0.011268347925499758,True,False,,INFY.NS,lower
0.8028304910145784,0.2351370377461366,0.49712337494056613,0,0.9996205781394553,1.0,188,0.023619407424018034,0.02064739702398385,0.21901610303696983,0.5134413433536971,0.10784324083055519,0.04021373987334512,True,False,,SBIN.NS,upper
-1.518780972019883,-0.48152361505883645,0.9584058317186228,0,0.6490311124018138,0.9166666666666666,41,0.0747727219777456,0.06687573519000932,-0.4268645160415265,0.8823772755862139,0.17516733627678285,0.07579040879954194,True,True,sparse,SBIN.NS,lower
0.7478784273981056,-0.10846923642566131,0.6866010213828981,0,0.6470641508125451,0.43666666666666665,188,0.01160523280266622,0.01399519296111051,-0.11156917082670408,0.6918145851910394,0.10401826666355256,0.020229687344549073,True,False,,TATAMOTORS.NS,upper
-0.7515636642085555,0.055310826484214634,0.627591108382428,0,0.9960392655063007,1.0,188,0.005934065083207015,0.006046944639873918,0.05739645301491723,0.6247065706065392,0.10338729551444246,0.00967965574174491,True,False,,TATAMOTORS.NS,lower
0.8107285225958143,-0.1338183613955341,0.7871659654872076,0,0.9230798958529989,0.9066666666666666,188,0.00932526041301598,0.01371283573139449,-0.1346605404328375,0.78983147114471,0.06925012843807579,0.017361723429307162,True,False,,HINDUNILVR.NS,upper
-0.7886299624764074,-0.09308806363337643,0.6108231523988487,0,0.8746687338254101,0.9633333333333334,188,0.009997132467342065,0.016034424426957895,-0.09534556383647146,0.6149221612048854,0.10485156326698802,0.026075534722613532,True,False,,HINDUNILVR.NS,lower
0.8125039800493349,0.10179343755105974,0.5168604293915362,0,0.8551784669579049,0.79,188,0.0065489202527574805,0.006384921539541694,0.09330367926406458,0.526528552463584,0.07018929588328468,0.012126448581758166,True,False,,INFY.NS,upper
-0.7751660098160289,0.0673475810528161,0.5871112501066825,0,0.7850004476244782,0.86,188,0.005127021736024364,0.006554536595245976,0.06529294690380762,0.5895238142520435,0.07852335043698071,0.011118357436295342,True,False,,INFY.NS,lower
0.8074044751623743,0.23958729919801292,0.48855055932559555,0,0.9992771466912579,0.9933333333333333,188,0.023338742305877645,0.020595008769198276,0.2186235499097352,0.5094386825639484,0.10675309795300054,0.04042686405609648,True,False,,SBIN.NS,upper
-1.53146875767063,-0.47643630269134013,0.9495028630108553,0,0.7462552511781372,0.96,41,0.06825101333719003,0.05928901856733966,-0.42566510901604654,0.8778298435104043,0.16033969025922729,0.06754044457504538,True,True,sparse,SBIN.NS,lower
0.7480335287423575,-0.10656454302415155,0.6846749475796312,0,0.5870560099823898,0.3933333333333333,188,0.014932607710039921,0.018228317792115478,-0.10447326631684573,0.6826750159749845,0.14293231950295526,0.026701310431097306,True,False,,TATAMOTORS.NS,upper
-0.7525366105321925,0.05638001939689266,0.6259325770762808,0,0.9903442311903818,1.0,188,0.005869019331308033,0.006045091635538573,0.05417806442479007,0.6284373376379556,0.10832831165779798,0.009619243124648227,True,False,,TATAMOTORS.NS,lower
0.8122763482257268,-0.14522511345407516,0.795998306594523,0,0.9702632903189577,0.9166666666666666,188,0.006966907194179231,0.011712273330588767,-0.14745032489148463,0.8013598557089604,0.04724917850682736,0.014615497770439198,True,False,,HINDUNILVR.NS,upper
-0.7828283205436186,-0.09629722983082835,0.6232801705686783,0,0.8840566506955312,0.8933333333333333,188,0.004811873999035024,0.00784727584614581,-0.09144545275670363,0.6170869814979623,0.0526201503494746,0.012716644418474544,True,False,,HINDUNILVR.NS,lower
0.809445385876787,0.10242527117474821,0.5180557695115049,0,0.8392287290215553,0.7266666666666667,188,0.006402854343479917,0.006883023995494059,0.0929122797475988,0.5290437381043109,0.06891288935913228,0.013010311567157847,True,False,,INFY.NS,upper
-0.776551470839463,0.0727688369096655,0.5820310714631725,0,0.7498855352835021,0.8566666666666667,188,0.006541546510811606,0.008704769258590546,0.07109054406820511,0.5838877822221289,0.09201709842541908,0.014908291241134535,True,False,,INFY.NS,lower
0.8100498334120166,0.24530667234021444,0.4822043157437176,0,0.98629251406152,0.9466666666666667,188,0.02372791803446845,0.02134925481896526,0.21554354600802425,0.5114491755385323,0.11008409842503065,0.041742670479542325,True,False,,SBIN.NS,upper
-1.5158219401365272,-0.4522938276582691,0.9202981417203528,0,0.7491512119469673,0.9466666666666667,41,0.07818892014538555,0.06739048060389094,-0.394600643485197,0.8432903504083452,0.19814696061652293,0.07991373288229993,True,True,sparse,SBIN.NS,lower
0.7409207297133057,-0.11965944621632493,0.6971178389028775,0,0.5673681944780342,0.5033333333333333,188,0.011155381238083349,0.013248801677229045,-0.11046878237118833,0.6848327690809741,0.10098219595449126,0.019346039035994383,True,False,,TATAMOTORS.NS,upper
-0.7616321118216899,0.05878780793074627,0.6222380741953388,0,0.9917448362283394,1.0,188,0.005367946034166186,0.006372325392080892,0.05220331270702952,0.630192469591182,0.1028276698839968,0.010111712847183993,True,False,,TATAMOTORS.NS,lower
0.8069951348064106,-0.14964869995137292,0.7990634019344497,0,0.9269382810373408,0.8633333333333333,188,0.006054990222934406,0.008242134686717782,-0.1460083210347717,0.7934147568044607,0.041470169407610155,0.010388179085591783,True,False,,HINDUNILVR.NS,upper
-0.7920924845456339,-0.08326356511161193,0.6094109393750591,0,0.6693256207619966,0.7466666666666667,188,0.008628480849870713,0.013300630561964198,-0.0811667905216902,0.6073253198099526,0.1063055435770802,0.021900338927286794,True,False,,HINDUNILVR.NS,lower
0.8085555842265207,0.09070184670291409,0.5309036980705557,0,0.8192335736004751,0.72,188,0.007447257170227318,0.008121785895834423,0.08258736219094791,0.5408661262680331,0.0901742841872814,0.015016258832314043,True,False,,INFY.NS,upper
-0.7744712150849514,0.07642699690769571,0.5769089207153287,0,0.7672574277829923,0.8566666666666667,188,0.005718262589756916,0.008741881774741531,0.07359503137171608,0.58018234945066,0.07769901997710608,0.01506747254952511,True,False,,INFY.NS,lower
0.8225159305837266,0.245507090554545,0.48503671144475713,0,0.9805648176520088,0.97,188,0.025959036204704827,0.02405925908531911,0.21398622370736098,0.5165623588940439,0.12131171129543486,0.046575709989927834,True,False,,SBIN.NS,upper
-1.1109712065028792,0.18187153800480704,0.3836423791569745,0,0.6381894496640765,0.54,113,0.028185246121454333,0.017727549121073157,0.15365186933036312,0.3994723923464067,0.18343573957109846,0.044377406341328494,True,False,,SBIN.NS,lower
0.7476397179169085,-0.10719272371440874,0.6852823017875702,0,0.36018144504786165,0.2966666666666667,188,0.013015221575601825,0.015092396975790186,-0.10448995351025936,0.6824112459693367,0.12455953795336454,0.0221162778951412,True,False,,TATAMOTORS.NS,upper
-0.7598898589481227,0.05657291504805556,0.6225503171797844,0,0.9646960006436857,1.0,188,0.004741323139043264,0.0052888527367148585,0.05115743020629388,0.6290558163219641,0.09268100827413842,0.008407604723476342,True,False,,TATAMOTORS.NS,lower
0.8076823453760347,-0.12304791732856502,0.7728446012551325,0,0.9363059933939991,0.9166666666666666,188,0.003966302718066012,0.00837416475211758,-0.12259142658906251,0.7730836146615143,0.032353831788115954,0.010832159012272587,True,False,,HINDUNILVR.NS,upper
-0.794666684511061,-0.08749633599008504,0.6106869962227006,0,0.8080724204691798,0.7733333333333333,188,0.008847767419204844,0.013441932988126872,-0.08364627589457536,0.6060621468468986,0.10577597468411494,0.02217913267850269,True,False,,HINDUNILVR.NS,lower
0.8048859004601162,0.07844690488549699,0.5395327135877181,0,0.8427825449485203,0.7633333333333333,188,0.005781798161191201,0.006707735914529473,0.07479673359079428,0.544213418819921,0.07730013211300826,0.012325561184836267,True,False,,INFY.NS,upper
-0.7722292491198923,0.06964760760175509,0.5885367098565459,0,0.7233706735765555,0.8466666666666667,188,0.005151354523219863,0.008344424863150495,0.06935862068230693,0.588492201947445,0.07427128350926268,0.01417932929908627,True,False,,INFY.NS,lower
0.8233296008308923,0.22922013913366485,0.49436601646607264,0,0.9954135330358855,0.9933333333333333,188,0.024388713016531074,0.023618738901956402,0.20377205150998423,0.5214005382463412,0.11968624567964191,0.045298646081970505,True,False,,SBIN.NS,upper
-1.1222534434131524,0.12514255496809693,0.4173743801558445,0,0.484069683455462,0.4866666666666667,109,0.027508499014499917,0.019901548610989313,0.1377146436753561,0.4088937751722519,0.19974997780081943,0.04867168280047476,True,False,,SBIN.NS,lower
0.7448542635549464,-0.0982724835666155,0.6792297921089968,0,0.26602112108649767,0.2966666666666667,188,0.016647747137062612,0.01986702415423178,-0.09619945878530034,0.6774077330120635,0.1730544601469406,0.02932801456607794,True,False,,TATAMOTORS.NS,upper
-0.7602075503373131,0.05488471000269431,0.6240100069548605,0,0.94333325168687,0.9933333333333333,188,0.0036635062165178366,0.004341684654574393,0.053979392373334684,0.624840495670609,0.06786859534272233,0.006948468633471013,True,False,,TATAMOTORS.NS,lower
0.8167541205087381,-0.11913040329588259,0.7655406111787211,0,0.9100730413926589,0.91,188,0.004357827536121156,0.008660119281626804,-0.12031236186273403,0.768586603914787,0.03622094277297649,0.011267590567986329,True,False,,HINDUNILVR.NS,upper
-0.7988611781089651,-0.07228926328592014,0.5909496829166614,0,0.8770778779901622,0.85,188,0.008986383236462989,0.01314418207005303,-0.07198400799685113,0.5913433469657323,0.12483858898868481,0.022227665053172686,True,False,,HINDUNILVR.NS,lower
0.8134334078806704,0.08283616183493916,0.5353405142564102,0,0.749412733336406,0.7066666666666667,188,0.005680118955975508,0.007119696696051267,0.07634853925607364,0.5435868111025904,0.07439720873967551,0.013097625659154042,True,False,,INFY.NS,upper
-0.7751426670402818,0.06805165978758218,0.5836499525129937,0,0.6005902386413775,0.7266666666666667,188,0.007050891086992053,0.009572706124178527,0.0698241835904912,0.5810558351362198,0.1009806304150752,0.01647467486009774,True,False,,INFY.NS,lower
0.829067164673379,0.2302653470858037,0.49485709430522096,0,0.9955867485816111,0.9866666666666667,188,0.021832439737360505,0.02082085561555391,0.20556312242950434,0.5207160884259622,0.10620795411768551,0.03998504305607581,True,False,,SBIN.NS,upper
-1.100619391220231,0.11980174900239954,0.4062904859086038,0,0.610406720179969,0.6933333333333334,117,0.019676045039652545,0.010865222296727008,0.10750347673996885,0.4136908830391088,0.18302704066934386,0.02626410800805289,True,False,,SBIN.NS,lower
0.7211124392773789,-0.10297800413078972,0.6735530915656032,0,0.36249395490408887,0.2633333333333333,188,0.018516932094479042,0.02296094780196476,-0.09986596494581358,0.6704271375584834,0.18541782728828485,0.03424823694204866,True,False,,TATAMOTORS.NS,upper
-0.7391054150340433,0.1461508978491949,0.5869542007951074,0,0.8638373995547832,0.9233333333333333,188,0.005735595834641801,0.005383475756549076,0.14334458763449978,0.5896999482571489,0.04001264037355931,0.009129177781290462,True,False,,TATAMOTORS.NS,lower
0.8098487547269425,-0.13916502048574064,0.7872468559918451,0,0.9535505027629467,0.9233333333333333,188,0.0035244345974619028,0.007752979525333807,-0.13399967683511368,0.778797385579801,0.026301812196014396,0.009955066066395676,True,False,,HINDUNILVR.NS,upper
-0.8034751847323923,-0.07072904512231365,0.5908917150145677,0,0.7936357698941994,0.69,188,0.007843600682363103,0.01199914526861759,-0.07357099593596267,0.5954445107706844,0.10661266055258635,0.020151575587742554,True,False,,HINDUNILVR.NS,lower
0.8052108773029436,0.06349813137702276,0.5623600263748239,0,0.600816752338295,0.6633333333333333,188,0.007021329479876074,0.009054293508167213,0.06507480382367799,0.5599347811437067,0.1078962668859962,0.01617026420107451,True,False,,INFY.NS,upper
-0.7725436423627736,0.07118063696355578,0.5772329842379259,0,0.842368968003911,0.7033333333333334,188,0.0094283458158116,0.010591312336545684,0.07883924794709114,0.5671140639146887,0.11958947942075943,0.01867580584526093,True,False,,INFY.NS,lower
0.8231415711845547,0.21077103681306514,0.5040809492347887,0,0.9450628022837297,0.9733333333333334,188,0.01185213623195079,0.00889774893767225,0.20429785242796958,0.5102629713059922,0.058014000200954444,0.01743757486560932,True,False,,SBIN.NS,upper
-0.7901702821777954,-0.11452130121600369,0.6124404668119875,0,0.27393681687236837,0.17666666666666667,188,0.0192338006206225,0.026508850821336517,-0.116236192655997,0.6163160376714097,0.165471687659526,0.04301178092229357,True,False,,SBIN.NS,lower
0.7153585245929864,-0.09288038147605293,0.6763437973552633,0,0.4630579392172658,0.36333333333333334,188,0.017300678371559276,0.020696193404235605,-0.08783014290365661,0.6705046582505635,0.19697880283251792,0.03086659106823931,True,False,,TATAMOTORS.NS,upper
-0.7277448798693591,0.13429508306390872,0.5959401070773838,0,0.704686155023889,0.7066666666666667,188,0.00598877122126471,0.006129928173212752,0.13869002430320188,0.5894997893289883,0.04318097728761215,0.010398524613901962,True,False,,TATAMOTORS.NS,lower
0.8087094524448518,-0.12431523070993714,0.7630977941099591,0,0.8941741818662784,0.92,188,0.003955282621042565,0.005682965183791763,-0.12042557957887308,0.757237644289568,0.032844203917739935,0.007504863435671933,True,False,,HINDUNILVR.NS,upper
-0.788569810519922,-0.09390567432805302,0.6279715476683527,0,0.7837348983843112,0.7466666666666667,188,0.00673595656529864,0.010918123637083204,-0.09047189385820815,0.6237142959357603,0.07445357373992649,0.017505007554224225,True,False,,HINDUNILVR.NS,lower
0.814516606998739,0.0708443268391522,0.5520309364497662,0,0.5787945880995362,0.77,188,0.008484454643099434,0.011500936878894622,0.0674139388725322,0.5567233124832246,0.12585606962651052,0.020658263116399567,True,False,,INFY.NS,upper
-0.7750394972627136,0.08479203929391088,0.562005074596464,0,0.8139920668300891,0.84,188,0.006059083891492331,0.008332510640668898,0.08565973977254554,0.5605436158203377,0.07073431696428215,0.014865052882323893,True,False,,INFY.NS,lower
0.8241260659656408,0.20622081952773536,0.50453320729369,0,0.8774188159685302,0.9366666666666666,188,0.009167223404771042,0.00660607092614365,0.204680853657636,0.5052978540666055,0.044787887059655966,0.013073617357054321,True,False,,SBIN.NS,upper
-0.7862942526846658,-0.1174342349530626,0.6174229847586433,0,0.2841425124499053,0.22,188,0.02057900050341633,0.028098357398981734,-0.11495292501247208,0.616078450967673,0.17902109677481107,0.04560840733637678,True,False,,SBIN.NS,lower
0.7201475331340603,-0.10095639472065188,0.6878043985811841,0,0.5742064079666754,0.45666666666666667,184,0.017896647961975886,0.02165105235856346,-0.09457777557050263,0.6800706428326594,0.18922676032243219,0.031836475031500874,True,False,,TATAMOTORS.NS,upper
-0.7364724142895339,0.13952075235543476,0.5873195398714408,0,0.6598373710390965,0.8,188,0.004526645863258849,0.004700737651972935,0.13710488334570411,0.5896184630558116,0.03301593220196092,0.007972507420960633,True,False,,TATAMOTORS.NS,lower
0.8144813509153082,-0.11663678187477722,0.7549168569908145,0,0.9061757116364569,0.8866666666666667,188,0.003966222592165004,0.006769519422731258,-0.1171480897897998,0.7568176909974754,0.03385648251471123,0.008944716031098537,True,False,,HINDUNILVR.NS,upper
-0.7844482543915932,-0.09505828588811141,0.6316692108076397,0,0.8741799221528742,0.7233333333333334,188,0.00923201268496655,0.013768652578395447,-0.08463002559717042,0.6174413001400431,0.1090867163155869,0.02229953252605102,True,False,,HINDUNILVR.NS,lower
0.8085794395728314,0.06400840913785438,0.5614841978454403,0,0.5792815530980844,0.66,188,0.008000718158653533,0.010440947948632909,0.06241522303949135,0.5638077775232585,0.12818534465122194,0.01851863024896972,True,False,,INFY.NS,upper
-0.7742731290904394,0.0819653014535842,0.5650504052289974,0,0.8065361741527632,0.79,188,0.005244173869779414,0.0070338362432818165,0.08906741233083144,0.5557872583215983,0.058878698097947525,0.012655626791385564,True,False,,INFY.NS,lower
0.8221760606670959,0.1964997579719425,0.5140888542251905,0,0.7502321860555022,0.8433333333333334,188,0.006876390034987921,0.005719543496710166,0.19758850516801182,0.5119941900706865,0.034801567434933386,0.011171109938199532,True,False,,SBIN.NS,upper
-0.785178699081909,-0.12308666026178768,0.6258051711864947,0,0.30173576739760977,0.22333333333333333,188,0.012705797691297142,0.018593118751104934,-0.12218965981310954,0.6258675912079849,0.10398422150359193,0.029707750832953198,True,False,,SBIN.NS,lower
0.7370267425282204,-0.0674062654678141,0.6886292945317333,0,0.724058420054458,0.5166666666666667,176,0.012200226682410276,0.016182148347566608,-0.0656703094191564,0.6867857641705827,0.18577991991388734,0.023562148425554475,True,False,,TATAMOTORS.NS,upper
-0.7337373349213168,0.14196584088326133,0.574309878197505,0,0.7717958519965022,0.8266666666666667,188,0.006390337701210034,0.005197817289380293,0.1390538286179771,0.5772974283639712,0.0459558525296538,0.009003707523994245,True,False,,TATAMOTORS.NS,lower
0.8138830177519605,-0.10621636426607273,0.7451822846348117,0,0.9130400923726012,0.8233333333333334,188,0.004659925852197428,0.007706423573591906,-0.10530409331821185,0.7446105244088065,0.04425208235348523,0.010349603205265588,True,False,,HINDUNILVR.NS,upper
-0.7870367668234253,-0.09073520191477491,0.6251057208050145,0,0.8913885993681306,0.89,188,0.00843239338908272,0.010168580767287216,-0.08654099757896849,0.6197110050342972,0.09743812355533507,0.016408584841314217,True,False,,HINDUNILVR.NS,lower
0.8326118593086574,0.08539863400224518,0.5367312524792,0,0.842760014215458,0.71,184,0.013222071889092636,0.017055660620665228,0.07091130656844617,0.5562237272924824,0.18645926389379916,0.030663309523046745,True,False,,INFY.NS,upper
-0.7766753626363516,0.08484788631010358,0.5607053634221149,0,0.7852887430882036,0.8133333333333334,188,0.007295914461883586,0.009658962308831447,0.09323506464974256,0.5500488918153337,0.0782528945173503,0.01756018833408056,True,False,,INFY.NS,lower
0.8257116763053736,0.20360104682343622,0.5068409538047036,0,0.8207538310737507,0.8766666666666667,188,0.00731576021190867,0.004423185289237338,0.19945337469769367,0.5105353760837474,0.03667904770328655,0.008663817258911343,True,False,,SBIN.NS,upper
-0.7894230022195385,-0.11140801249354051,0.611392248845243,0,0.33567919829283566,0.18666666666666668,188,0.02123733735685669,0.029057341034518087,-0.11117313580913457,0.612887410615473,0.1910293821613863,0.04741056849451757,True,False,,SBIN.NS,lower
0.7193361848899997,-0.06422151382737906,0.6956572507579668,0,0.6684659722713032,0.5966666666666667,180,0.008170216261043178,0.010211145210112803,-0.061118757090254626,0.6917523874277512,0.13367770081124422,0.014761271877166549,True,False,,TATAMOTORS.NS,upper
-0.7206424938100232,0.1403736618357593,0.571780993897691,0,0.701888485648442,0.75,188,0.006243680082663849,0.005320867234600512,0.1398481712782785,0.5717480252212547,0.044646130007510006,0.00930631485693072,True,False,,TATAMOTORS.NS,lower
0.8076096957909833,-0.11853661413368138,0.7622349698565014,0,0.9556667297372008,0.9133333333333333,188,0.004595476633606258,0.007503039358014461,-0.11366893016534145,0.7547414973945323,0.04042860456798255,0.009941204087099895,True,False,,HINDUNILVR.NS,upper
-0.7870472416188296,-0.10506173505574375,0.636720927748785,0,0.7088539678403689,0.6966666666666667,188,0.006245916544773333,0.009964569178499753,-0.09764603118600973,0.6260515433324325,0.06396487219461611,0.015916531355060114,True,False,,HINDUNILVR.NS,lower
0.8080825714781504,0.06553259780035481,0.5626459127131214,0,0.5879337011742816,0.5966666666666667,188,0.01152257594519181,0.014919959827307866,0.06676200979547577,0.5611894824023663,0.1725917816820254,0.026586313588014273,True,False,,INFY.NS,upper
-0.7803398401411293,0.079480050406148,0.560086505231878,0,0.8670134985612334,0.8966666666666666,188,0.008158949178418966,0.011372276332847764,0.07901140339584468,0.5604411611647898,0.10326291896011136,0.020291650431770128,True,False,,INFY.NS,lower
0.829066403459025,0.20160559946439066,0.5104280700950585,0,0.8896157690684792,0.91,188,0.008235368664045374,0.006399751064499568,0.19429508974804668,0.517782218499628,0.04238587939029156,0.012359928001090453,True,False,,SBIN.NS,upper
-0.7826458032570774,-0.11344757080409154,0.6159603050754046,0,0.370238262820622,0.26,188,0.018423671705972602,0.02595233312848963,-0.11325994746268565,0.6172724993506821,0.16266712542287878,0.04204355893929128,True,False,,SBIN.NS,lower
0.7180089478451005,-0.06370967365825933,0.6926490813226884,0,0.6576382447661433,0.61,180,0.00812881856643256,0.009935488212272262,-0.06024956177955926,0.6882057849526432,0.13491910940337018,0.014436798244275089,True,False,,TATAMOTORS.NS,upper
-0.7315671962105385,0.13481578708157999,0.5750617891375073,0,0.6753141632402619,0.73,188,0.003642116765657665,0.0034991133042892473,0.13388310761438485,0.57547668700843,0.027203704474135608,0.006080373579814978,True,False,,TATAMOTORS.NS,lower
0.8068875126518791,-0.12122281328398649,0.7636897146356318,0,0.8546627597645267,0.9466666666666667,188,0.003816903815693562,0.004391178171569674,-0.11949708086397666,0.7616384219051877,0.03194139529336607,0.00576543670542653,True,False,,HINDUNILVR.NS,upper
-0.7897853699121534,-0.09527953651202022,0.6234184216198897,0,0.7668846908455629,0.78,188,0.00453632498163622,0.00526200105551181,-0.09439997711485136,0.6227708006467935,0.048054296618887445,0.008449337967601328,True,False,,HINDUNILVR.NS,lower
0.8221153025054188,0.07398948955354571,0.5547950348813917,0,0.6576961051850724,0.8,188,0.010470632664697058,0.013631467040985154,0.06709854291558758,0.5645704761849192,0.15604856155198304,0.02414484528424376,True,False,,INFY.NS,upper
-0.7775357393395413,0.05707193894400854,0.5714495188659434,0,0.8218530993746551,0.8533333333333334,188,0.009532982515252562,0.01329465014142468,0.06481395984191855,0.5611970770353624,0.14708221913429362,0.023689806038830974,True,False,,INFY.NS,lower
0.8148348812841387,0.2091297491323355,0.5210363217547903,0,0.9192937279659235,0.9066666666666666,188,0.00310583608128071,0.00485091911562259,0.209302582955079,0.5198850364152133,0.014838975654483609,0.009330753306084393,True,False,,SBIN.NS,upper
-0.7709462377152716,-0.11405773772784061,0.6184496457179611,0,0.3386466081418835,0.20333333333333334,188,0.011919825991174535,0.017901853775457072,-0.11499368455829395,0.620806029248515,0.10365634426270214,0.028836468467876446,True,False,,SBIN.NS,lower
0.7095374988998728,-0.06190716702538812,0.6858850183970011,0,0.7149076993062679,0.6,180,0.008451836490191602,0.011110378311582887,-0.05704904508249129,0.6796964769144375,0.1481503326912337,0.016346087592742697,True,False,,TATAMOTORS.NS,upper
-0.7119226471889374,0.12567178368614038,0.6000651945859028,0,0.5184658919958114,0.6833333333333333,188,0.009128827184281358,0.00956010433104333,0.12932223888265948,0.5947707091986745,0.07058976520400909,0.01607359613116717,True,False,,TATAMOTORS.NS,lower
0.8126909801253963,-0.12062574015878388,0.7638431166346081,0,0.8227917275111997,0.9333333333333333,188,0.00376431968875593,0.0069782878974478805,-0.11755933086929403,0.7595954692662824,0.032020591991419996,0.009186847589177902,True,False,,HINDUNILVR.NS,upper
-0.7843179812403542,-0.09190911258813134,0.6206146486786276,0,0.8069648407870001,0.7766666666666666,188,0.008656634438914226,0.010491869163764227,-0.08317118199994589,0.608622389053093,0.10408212544218266,0.01723871678086066,True,False,,HINDUNILVR.NS,lower
0.8053765256734333,0.05805821736998045,0.5813814221469022,0,0.5046732942705102,0.5733333333333334,188,0.008745274998003231,0.012061250117767954,0.05755864361229457,0.5821425080737574,0.15193675406151672,0.02071872392636298,True,False,,INFY.NS,upper
-0.7767555073623826,0.06281201353628386,0.5664906740764349,0,0.7785605977100721,0.81,188,0.010750584708881593,0.01514286939245358,0.06885699966459129,0.558611853823615,0.15612912557848013,0.02710803399126344,True,False,,INFY.NS,lower
0.806774961455971,0.21382520957640744,0.5136172384019999,0,0.9053929336526857,0.9166666666666666,188,0.00753235508161951,0.0058898841769619865,0.20647193376606168,0.5206498667989604,0.03648125233980396,0.011312562317644145,True,False,,SBIN.NS,upper
-0.763873087417889,-0.11539802794873266,0.6271696970663132,0,0.3852088199675455,0.21,188,0.01003367373046701,0.014898612434449846,-0.11034281788523548,0.6218576797349703,0.09093181607510328,0.023958234625673744,True,False,,SBIN.NS,lower
0.7127022485529324,-0.061704327696281605,0.6864191936892888,0,0.7279682882521834,0.61,180,0.008723603802633486,0.010901085693642254,-0.05443445144242143,0.6768248209934201,0.16025884286300804,0.01610621418490515,True,False,,TATAMOTORS.NS,upper
-0.7141687781394781,0.13965514567194087,0.5830098989475503,0,0.4501907527335147,0.69,188,0.010460584841575167,0.010172894651039724,0.1388192787808332,0.5835503945946034,0.07535397230056594,0.017432760856548296,True,False,,TATAMOTORS.NS,lower
0.8082166623895927,-0.12509211596334097,0.7747284737241751,0,0.8971728787404155,0.9133333333333333,188,0.0025071649542993363,0.0035154710516907012,-0.12308151947509194,0.7722452970584383,0.02036995286775919,0.004552272470365008,True,False,,HINDUNILVR.NS,upper
-0.7739170042152027,-0.09627466567317089,0.628430424559385,0,0.7978572442273227,0.8466666666666667,188,0.00932582512187272,0.011847069861923479,-0.09039025924950332,0.6203463405376816,0.1031728879591092,0.019097508757253266,True,False,,HINDUNILVR.NS,lower
0.8006697387344078,0.05571953765523699,0.5877264345170652,0,0.42553139339348955,0.5133333333333333,188,0.011275313102547238,0.015579878452886085,0.05895746199759777,0.5829718159675533,0.19124485362952218,0.02672492521748936,True,False,,INFY.NS,upper
-0.7778263649035552,0.07447150037497172,0.5555491884276099,0,0.8090120060055541,0.9466666666666667,188,0.00938841857747387,0.013063327427407033,0.07651228821416811,0.5528103662004107,0.1227046997228398,0.023630756566463535,True,False,,INFY.NS,lower
0.8098047822488031,0.2159689155037827,0.5121368262570603,0,0.9210398182526752,0.9133333333333333,188,0.009394789110171112,0.007700754352721678,0.20363529239914113,0.524773756634756,0.04613536552594692,0.014674427043304213,True,False,,SBIN.NS,upper
-0.7723169902324825,-0.11484095960551753,0.6180600666672752,0,0.46494707028170945,0.3,188,0.014777090177408182,0.021180980454669363,-0.11614724485839101,0.621084383393112,0.12722720132666673,0.0341032244248697,True,False,,SBIN.NS,lower
0.7077983351553548,-0.06526880447251696,0.6918285442343068,0,0.657768939013055,0.5833333333333334,180,0.007737243033780813,0.009637892551742354,-0.05703122892653425,0.6806434556955115,0.13566675350938234,0.01415997219909241,True,False,,TATAMOTORS.NS,upper
-0.7137891682184816,0.13317303576367107,0.5883924087581966,0,0.42184640527018824,0.5933333333333334,188,0.006861757028731065,0.0063552872908693315,0.13329100008768804,0.5876725934383585,0.05147951856780834,0.010814333106028385,True,False,,TATAMOTORS.NS,lower
0.8050600024355292,-0.1207821856148169,0.7713629650915721,0,0.8905399634406025,0.9166666666666666,188,0.00406322964314849,0.006339518475842252,-0.11570284007976267,0.7636178993828694,0.03511780081776206,0.008301951012340242,True,False,,HINDUNILVR.NS,upper
-0.7747645348042307,-0.09664944442053985,0.6302740733225827,0,0.7961183601529455,0.8033333333333333,188,0.007511846640090904,0.009240170418948222,-0.08880654882786837,0.6192023645142265,0.08458661994381447,0.014922698618843756,True,False,,HINDUNILVR.NS,lower
0.7923492045971195,0.05106953478724195,0.5971682367451052,0,0.4988187616837082,0.43333333333333335,188,0.009280330096533111,0.012840711830420197,0.0584918824224979,0.5854619939313728,0.15866011018244286,0.021932613464571427,True,False,,INFY.NS,upper
-0.7751009456343202,0.06662041663808596,0.5644317763847104,0,0.8559072897858291,0.9433333333333334,188,0.008699769467922527,0.012253668819134604,0.07235680502611469,0.5569197541146829,0.12023427875843687,0.02200257489265776,True,False,,INFY.NS,lower
0.8033306090193305,0.21361518991284653,0.513891745902842,0,0.9069946023182892,0.91,188,0.009137949690025482,0.008318780889378756,0.20166127660153568,0.5263081616043428,0.04531335609338464,0.01580591246383398,True,False,,SBIN.NS,upper
-0.7617441709822765,-0.11635803667565783,0.6342049625559778,0,0.3804671471559352,0.17333333333333334,188,0.011630042577448168,0.01661024638044892,-0.11244959441719012,0.6303940601326571,0.10342448635301993,0.02634898893790917,True,False,,SBIN.NS,lower
0.7049827048925511,-0.061034126454808255,0.6846892825369107,0,0.6207539598288254,0.44666666666666666,184,0.009067516033382994,0.012376993296324107,-0.054162648470264356,0.6756403816529492,0.16741268411632929,0.018318906698345676,True,False,,TATAMOTORS.NS,upper
-0.7241759285721612,0.1414548695246422,0.5734710673622571,0,0.5121427113679153,0.59,188,0.008851488044834542,0.008438752095929723,0.13700476458106903,0.5785147055511087,0.06460715016611997,0.014586927296898125,True,False,,TATAMOTORS.NS,lower
0.8070552947421453,-0.1130708763872557,0.7598013051282817,0,0.9047639269800458,0.91,188,0.004559060426992442,0.007367714966485112,-0.10870701294054402,0.7534408037952568,0.04193896864865818,0.009778757443961943,True,False,,HINDUNILVR.NS,upper
-0.7821104368690937,-0.0906830471587661,0.6173404245845957,0,0.7891692267035556,0.7166666666666667,188,0.005646497920309263,0.007114756326323496,-0.08809961658668324,0.6142512526787155,0.06409218902594944,0.011582811071964981,True,False,,HINDUNILVR.NS,lower
0.7812569390096352,0.07911679589848865,0.5881761918577191,0,0.5812942773760363,0.6133333333333333,188,0.0060086920845956,0.006953378141520113,0.08280745557297299,0.5825545010124119,0.07256220249007041,0.011936012871028929,True,False,,INFY.NS,upper
-0.7726352189480488,0.08183778922313095,0.5454577557181864,0,0.8741701906078138,0.92,188,0.008997129368994128,0.011582951508908736,0.07656843610515666,0.551498387102562,0.11750440065921879,0.02100269297202446,True,False,,INFY.NS,lower
0.8043681891292336,0.20797753014954254,0.5186680054162307,0,0.9126082050145219,0.9366666666666666,188,0.007721274164588871,0.005840687500328642,0.20155267061404583,0.5249314786508038,0.038308962902728026,0.011126571041376406,True,False,,SBIN.NS,upper
-0.763979067917617,-0.10329218895600929,0.615770200147606,0,0.38546294434394945,0.25666666666666665,188,0.011080624434270329,0.01604578751848363,-0.1083993614748595,0.6231400054771116,0.10222037529839553,0.02574989106773709,True,False,,SBIN.NS,lower
0.7057199831270001,-0.15299198603638084,0.727546472005955,0,0.9703826345589217,0.9666666666666667,188,0.018357357400003913,0.02211418999882566,-0.14428645010730975,0.7163161347383046,0.12722855205090658,0.030872108860403737,True,False,,TATAMOTORS.NS,upper
-0.7274354083826104,0.1918001961790987,0.5728357286515287,0,0.5702814758358041,0.8633333333333333,188,0.0050852211499563356,0.009576836098935127,0.1966656324644422,0.5663351220832343,0.025857191353979177,0.016910192492751126,True,False,,TATAMOTORS.NS,lower
0.8047364090188253,-0.11768535163786507,0.7687128444733486,0,0.9642961687714652,0.9133333333333333,188,0.0052463725108794134,0.008094218357956066,-0.10915244839744447,0.755278414195379,0.04806462985722587,0.010716866917758285,True,False,,HINDUNILVR.NS,upper
-0.7842625211287898,-0.08559431673085076,0.6103814012595858,0,0.8540990791692116,0.7366666666666667,188,0.00782668377301051,0.010252268330651973,-0.08076697091052189,0.6041127740476531,0.09690449840735464,0.016970785259600236,True,False,,HINDUNILVR.NS,lower
0.8237943850888085,0.04496389419931922,0.5927039021885174,0,0.9662593842516042,0.9833333333333333,176,0.006735648048318979,0.008255394884905586,0.05702539398590447,0.5784782224696476,0.1181166213216814,0.014270882500905063,True,False,,INFY.NS,upper
-0.7735266094567022,0.11536164538835013,0.5384664078280408,0,0.7864471094353565,0.8033333333333333,188,0.008627919687642573,0.01112551566477664,0.11295529376535386,0.5409232138039513,0.07638348444058601,0.020567642828382054,True,False,,INFY.NS,lower
0.8007066067040691,0.205475102037057,0.5208460768017349,0,0.8915809306153409,0.9233333333333333,188,0.011949900401528228,0.010929993545632703,0.19807949130107919,0.5285050061852353,0.06032880900363577,0.02068096462835058,True,False,,SBIN.NS,upper
-0.7691956112927892,-0.09498033019841244,0.6128745047997485,0,0.3305623320663611,0.38333333333333336,188,0.019481966665105037,0.025407058597518604,-0.0990073761914822,0.6191236352623994,0.19677286124316562,0.04103713174571209,True,False,,SBIN.NS,lower
0.7176945857154283,-0.1444079698450213,0.7142753828838933,0,0.9095659830011673,0.6333333333333333,188,0.01716935573351141,0.020223906335315928,-0.14223123171816643,0.7125204410281922,0.12071437699695242,0.028383615243790003,True,False,,TATAMOTORS.NS,upper
-0.7432307425800952,0.18889324679758085,0.5732805147202534,0,0.43795723053120317,0.8166666666666667,188,0.005146585597496867,0.009383011807879984,0.1847691658858348,0.5770557955448885,0.02785413515443095,0.01626014627652869,True,False,,TATAMOTORS.NS,lower
0.8167601500559729,-0.10108687321739629,0.7381299536682133,0,0.9428664402592988,0.8866666666666667,188,0.003981761806039198,0.005965641504084441,-0.1037210124758124,0.7431616444101584,0.038389149190731706,0.008027380676441553,True,False,,HINDUNILVR.NS,upper
-0.7792561960030701,-0.08233895864479814,0.6124355932932636,0,0.8587106189663614,0.8333333333333334,188,0.002257941002635993,0.003973905213909689,-0.0799529170524862,0.6096086246981692,0.028240879801107677,0.006518781046920797,True,False,,HINDUNILVR.NS,lower
0.7809573321374943,-0.025091248215754286,0.6358680278665149,0,0.6565124125264153,0.8633333333333333,188,0.004160121494352642,0.0063842171517667825,-0.023066386021868574,0.6332447705857142,0.18035420402947008,0.010081752503134344,True,False,,INFY.NS,upper
-0.7807691271098208,0.0768610869545756,0.5696861281477802,0,0.9181410094079426,0.9933333333333333,188,0.008234431347103647,0.010645245187517806,0.07672796021951003,0.5694616173479637,0.10731981210431961,0.018693525035380718,True,False,,INFY.NS,lower
0.8173636409752806,0.23320226626465565,0.4918193427374433,0,0.903357579192376,0.9,188,0.02080739562592222,0.01970927936036991,0.2147624311694958,0.5106924635642266,0.09688563564753164,0.03859324423329532,True,False,,SBIN.NS,upper
-1.3207578376088662,-0.2408979904066353,0.7189006216958157,0,0.48309434990495914,0.6466666666666666,65,0.03517917173419067,0.02643375775807978,-0.21794132159370674,0.6957533895979124,0.16141578780372332,0.03799299834302828,True,True,sparse,SBIN.NS,lower
0.7007327570246085,-0.16835111198478148,0.7381137298446553,0,0.9724403563977204,0.99,188,0.011232606355840393,0.012955284415546506,-0.1575119746839941,0.7229808045158634,0.07131270917813415,0.017919264461010456,True,False,,TATAMOTORS.NS,upper
-0.7256782996155665,0.1777537649727006,0.5923238072465513,0,0.6272754223564307,0.8766666666666667,188,0.008321590241388175,0.013402848985657613,0.1813762513198761,0.5871034485314105,0.045880261180994225,0.02282876857714942,True,False,,TATAMOTORS.NS,lower
0.81387296100249,-0.10925213210560286,0.7497931960011353,0,0.9106274613767615,0.9033333333333333,188,0.0022095660460917338,0.004237128125874079,-0.11026931670504841,0.7523302440128302,0.02003790276149908,0.0056320054966203965,True,False,,HINDUNILVR.NS,upper
-0.7768167891700152,-0.08394431957012774,0.6128492113998217,0,0.853209234545463,0.8266666666666667,188,0.007268746714288915,0.008469005814712223,-0.07768923579484416,0.6045635176677202,0.0935618133490917,0.014008463010304107,True,False,,HINDUNILVR.NS,lower
0.7428593273686568,-0.012555849872606734,0.6211814148202773,0,0.6867136842070913,0.9233333333333333,200,,,,,,,False,True,invalid,INFY.NS,upper
-0.7872330912458317,0.07992172778844261,0.5670894309809742,0,0.918139006263613,0.9733333333333334,188,0.010713512974762222,0.013762470503561755,0.07820287497633983,0.5689089660459887,0.13699639058077692,0.024190988511401588,True,False,,INFY.NS,lower
0.8158219349632191,0.23191734162348054,0.49496314369947436,0,0.9085297971362356,0.9466666666666667,188,0.023167393841978228,0.022230597708688796,0.2166767357929824,0.5107294155177193,0.10692145923269888,0.04352715273092782,True,False,,SBIN.NS,upper
-1.3473642243279234,-0.23892175529879872,0.7244135937483199,0,0.5223599804096217,0.6733333333333333,61,0.03151493009751483,0.01970718633251375,-0.2198374017856948,0.7052150832740075,0.14335562742267313,0.027944929880927307,True,True,sparse,SBIN.NS,lower
0.6985054228345849,-0.17050855932083317,0.7314512552127455,0,0.8460247870233324,0.9166666666666666,188,0.012175292888990101,0.0134547460143464,-0.16466716981434867,0.7241461659935462,0.07393879522754283,0.018580151991945768,True,False,,TATAMOTORS.NS,upper
-0.719967089433725,0.19673364476132346,0.5627825631126286,0,0.7033634046411052,0.9233333333333333,188,0.00602575425280182,0.010728963016657423,0.1921563425121803,0.5668805391205128,0.03135860029618257,0.018926320603701922,True,False,,TATAMOTORS.NS,lower
0.8096005058497845,0.024610415304798294,0.6807990505828575,0,0.7720366674755769,0.71,188,0.002802492147037449,0.004583191710547777,0.02084579124600031,0.6870107002263547,0.13443916661995248,0.006671208530413911,True,False,,HINDUNILVR.NS,upper
-0.7709486762859002,-0.07822183760224663,0.5812578780355949,0,0.8503091937305682,0.77,188,0.005657938551004793,0.008822143214479633,-0.07879030767220685,0.5826164936603401,0.07181007410762887,0.01514228168796066,True,False,,HINDUNILVR.NS,lower
1.0646806443488672,0.0563349572609206,0.5505858077508308,0,0.7791331742467336,0.9033333333333333,125,0.009460240824348865,0.011127502125109733,0.06141688529306232,0.5449576271415143,0.1540331985068203,0.02041902226286288,True,False,,INFY.NS,upper
-0.7914710352981423,0.08443099669359738,0.553170546315813,0,0.9746513891224092,0.9833333333333333,188,0.010804796328268796,0.013270459374658162,0.07965507612233244,0.5585372522873109,0.13564477617505855,0.02375930894979725,True,False,,INFY.NS,lower
0.8174050488685886,0.23890996478138793,0.49499158409408894,0,0.891664348888997,0.9,188,0.013679045787383942,0.012885826855188496,0.23109955833821516,0.5019391809221679,0.059191135170640403,0.02567208755210869,True,False,,SBIN.NS,upper
-0.7668347401439022,-0.14874382533524594,0.6428088612973617,0,0.49080619074888554,0.37,188,0.01727345765948665,0.024983341146767136,-0.1473605847674311,0.6428386824396637,0.11721897354410205,0.03886409054183068,True,False,,SBIN.NS,lower
0.7013519913729359,-0.17293309023458295,0.7485407685315291,0,0.8862845178177379,0.82,188,0.011056546840049033,0.011639916047281835,-0.1696836201025398,0.745152132193561,0.06515977312229568,0.015620858329705029,True,False,,TATAMOTORS.NS,upper
-0.7208419953228413,0.17964240302588047,0.5776889577545208,0,0.6710743151091445,0.7833333333333333,188,0.005667102634780842,0.008428387840513444,0.1859200249187746,0.5694104876430804,0.030481398291780152,0.014801953731798866,True,False,,TATAMOTORS.NS,lower
0.8054969827043214,0.019103649094689444,0.6944717903366908,0,0.8665642827591775,0.8166666666666667,188,0.004279800213396948,0.007017016791279835,0.022768581484558334,0.6882441620147096,0.18796947612238155,0.010195533905850295,True,False,,HINDUNILVR.NS,upper
-0.7767137092318029,-0.057588187767842164,0.5524503543211912,0,0.8405456273585576,0.6066666666666667,188,0.005921422436356832,0.008487932932524925,-0.06332555852064363,0.5602988884918322,0.09350760798028201,0.015148937389261454,True,False,,HINDUNILVR.NS,lower
1.06638184374815,0.05538279540372174,0.5532108954021999,0,0.7911237706816455,0.9,125,0.009637716301706458,0.011251596700459481,0.061193138652716396,0.5468202364941106,0.15749665630710497,0.02057640837660656,True,False,,INFY.NS,upper
-0.7893811179425191,0.09310257122166798,0.544815007674495,0,0.9812682692942666,0.9966666666666667,188,0.010560040219115214,0.01249859876036933,0.08740873778973234,0.5510298848443842,0.12081216681559272,0.022682251684183207,True,False,,INFY.NS,lower
0.812340396255361,0.2228138763104297,0.5084882421315923,0,0.869659251664494,0.8666666666666667,188,0.009768853968192609,0.008711443402717517,0.21735544308087942,0.5133566888775499,0.044944140253787665,0.016969571882016955,True,False,,SBIN.NS,upper
-0.7669199839792924,-0.1503234547880365,0.6451617002577549,0,0.4306375124191604,0.3466666666666667,188,0.016573589592801464,0.02393257671515473,-0.14986999397145676,0.6462769592841004,0.11058643593522531,0.037031455324279205,True,False,,SBIN.NS,lower
0.6889617317406462,-0.17525374947789474,0.7436932691630251,0,0.5552346223337103,0.68,188,0.011767973688677196,0.012433408035546078,-0.16867252689672552,0.7354771616231445,0.06976816679933182,0.016905226314647474,True,False,,TATAMOTORS.NS,upper
-0.7111204784539064,0.1822830623604147,0.5706446745396415,0,0.7706893515096385,0.8266666666666667,188,0.004819826338563031,0.006341888146364476,0.18191532634207205,0.570127180995301,0.026494887322198447,0.01112363740324875,True,False,,TATAMOTORS.NS,lower
1.1005876579947778,0.050355443569420955,0.6395322986254368,0,0.49146713261775804,0.49333333333333335,129,0.008712061746881066,0.014937366050228612,0.050789429037636814,0.6385730191045434,0.17153293897231495,0.023391789770975675,True,False,,HINDUNILVR.NS,upper
-0.7731771715436944,-0.07191072138939403,0.5754529612594605,0,0.8691558009394115,0.72,188,0.0036638050997578053,0.005740644260647778,-0.0674104221475559,0.5697453910790903,0.054350713725407326,0.01007580622814168,True,False,,HINDUNILVR.NS,lower
0.7264087537110454,-0.00633024454966051,0.6118169272392386,0,0.7820793716549894,0.92,200,,,,,,,False,True,invalid,INFY.NS,upper
-0.7633441368738513,0.20655939164044143,0.4999448931341749,0,0.6835599285867047,0.77,188,0.006856605220132259,0.009648717728224112,0.20536243372455346,0.5003659587711172,0.03338782445211268,0.019283321269671982,True,False,,INFY.NS,lower
0.81036153029029,0.23000232229893178,0.5052169821303163,0,0.8415341154488463,0.8766666666666667,188,0.013978507938799045,0.011911077404973255,0.2229676940807979,0.5116469383381419,0.06269297159616258,0.02327987578868809,True,False,,SBIN.NS,upper
-0.7671016577028725,-0.13488038250872025,0.6264192959250916,0,0.48129121363123817,0.45666666666666667,188,0.019181846993835638,0.026736693833752392,-0.14499535530266874,0.6402447347828898,0.13229282849003302,0.041760114474377975,True,False,,SBIN.NS,lower
0.6943994441899242,-0.17187961670883775,0.7413453863706926,0,0.45366141001386795,0.51,188,0.010500909823127827,0.010257582785692533,-0.17179450872799396,0.7425558281814574,0.06112482459207066,0.013813887465774527,True,False,,TATAMOTORS.NS,upper
-0.7026410877701154,0.18424380629464154,0.5632312479238895,0,0.6965184277477946,0.6933333333333334,188,0.006008913623491324,0.00861092699789872,0.18738924873176824,0.5586656917174573,0.03206647843189653,0.01541338043740093,True,False,,TATAMOTORS.NS,lower
1.127027829315006,0.04602461894263862,0.6466165839435015,0,0.4434743896697665,0.43666666666666665,121,0.009409997141481123,0.016185203796957724,0.04858370234357648,0.6425150321460793,0.19368625178197751,0.025190388917428534,True,False,,HINDUNILVR.NS,upper
-0.8017186730345606,-0.04434501027305732,0.5424269880370746,0,0.5657124852533328,0.32666666666666666,188,0.009918650348736197,0.012909721061484957,-0.061053125459520345,0.5636548055558532,0.16245931145194817,0.02290359401747312,True,False,,HINDUNILVR.NS,lower
0.7349922347487813,0.020730825251822578,0.57332487780977,0,0.9940414334670727,0.9966666666666667,200,,,,,,,False,True,invalid,INFY.NS,upper
-0.7614702367940236,0.23844068303667404,0.4817441040783847,0,0.7680391609863757,0.7233333333333334,188,0.01398429555220961,0.015416174966120317,0.23153471758670918,0.4880474081036615,0.06039826378517031,0.031587453174162505,True,False,,INFY.NS,lower
0.8082984760323262,0.23095419240547194,0.5106226186110121,0,0.9140490189641421,0.9466666666666667,188,0.017891490446597855,0.01782776056374768,0.22316589353758887,0.5180886710783753,0.08017125449266631,0.03441063511876016,True,False,,SBIN.NS,upper
-0.7589894374369015,-0.13401390179981332,0.62993347546456,0,0.51596131803657,0.41333333333333333,188,0.018777346303142286,0.025047732816700224,-0.13650285892553696,0.6346466738880646,0.13756008537363,0.03946720821615134,True,False,,SBIN.NS,lower
0.6807966809797978,-0.03921484286979956,0.6799923914613831,0,0.7075903487300123,0.7166666666666667,188,0.00535505123837879,0.006666236069032794,-0.04078403955065994,0.682410531319731,0.13130258758946947,0.00976865928263768,True,False,,TATAMOTORS.NS,upper
-0.6914826856347557,0.18705784705939763,0.5533652799455389,0,0.7495540367752211,0.82,188,0.0059956090531808285,0.008740184617705352,0.19716472023227258,0.5412244447710729,0.030409135782640335,0.016148909275362056,True,False,,TATAMOTORS.NS,lower
0.7921072490948465,0.01324351246394254,0.6978459141541272,0,0.6462309715759184,0.71,188,0.002817266095667597,0.005172564191142822,0.015444191885495347,0.6938404459445563,0.18241577755555466,0.007454976352021989,True,False,,HINDUNILVR.NS,upper
-0.7865391898754691,-0.05172502787091987,0.5502007829104152,0,0.8804238470008127,0.5566666666666666,188,0.0052299652457517415,0.006633803274207836,-0.056326475934874665,0.5564319428495738,0.09285090590949856,0.011922038697158039,True,False,,HINDUNILVR.NS,lower
0.7323171674679896,0.013896559327387129,0.5821470119618921,0,0.9527832865840342,0.9866666666666667,200,,,,,,,False,True,invalid,INFY.NS,upper
-0.7555223914327436,0.22520830444984138,0.4951907378745497,0,0.7603568326942606,0.7433333333333333,188,0.00875118010824915,0.011562534971319661,0.22532247793878948,0.4939638533982029,0.038838467426413614,0.023407653531122105,True,False,,INFY.NS,lower
0.8017336069446767,0.23858580642537436,0.5048296030671232,0,0.8801772873597049,0.91,188,0.020821993079723693,0.019869059106438314,0.2323630061473513,0.5105531619899155,0.0896097555667791,0.03891672835759165,True,False,,SBIN.NS,upper
-0.750205035455988,-0.14231605203887643,0.6404777490907807,0,0.5895542004641461,0.47,188,0.01439087496813845,0.020092012187273082,-0.13963990435810444,0.6387341521470611,0.10305703089471445,0.031455984943305926,True,False,,SBIN.NS,lower
0.7306993842191607,-0.030257315169590748,0.6800756726925676,0,0.5672258326214308,0.7433333333333333,176,0.005319392627050457,0.007804955538239379,-0.031704432352540245,0.6823251075386235,0.16778067148764256,0.01143876333674258,True,False,,TATAMOTORS.NS,upper
-0.6943736145799607,0.1911988635039811,0.5572250451441434,0,0.8974084414879183,0.83,188,0.006844166647827523,0.01139657176867071,0.1870348782491269,0.5609262511219422,0.0365929945578454,0.020317415244342,True,False,,TATAMOTORS.NS,lower
0.7953991526571533,0.01091211246863599,0.7007805492252797,0,0.5147813961174299,0.7233333333333334,188,0.002575848595407788,0.004911347112820863,0.01448717491962319,0.694195464760603,0.17780187177142665,0.0070748763012529955,True,False,,HINDUNILVR.NS,upper
-0.7881571496681888,-0.05639751061547772,0.5613303490314914,0,0.6936568314874079,0.5766666666666667,188,0.006742903324494023,0.009075537620147933,-0.06005961054945139,0.5665349387725861,0.11227016192921345,0.016019378221608992,True,False,,HINDUNILVR.NS,lower
1.5752462943330057,0.08095719821896982,0.5411810991891044,0,0.9797335419449743,0.9966666666666667,49,0.013486966395122821,0.012617613455025175,0.06979289961517215,0.5512610466996127,0.19324264412370787,0.02288863561407101,True,True,sparse,INFY.NS,upper
-0.7643256474976796,0.23566977028178296,0.4861903908243742,0,0.8631044795482437,0.8133333333333334,188,0.006315704750920501,0.008665876500459729,0.23065936075566598,0.4902681277557093,0.02738108896347694,0.017675789701793267,True,False,,INFY.NS,lower
0.8090128998125822,0.25811336525866113,0.48190858543305054,0,0.931571611393965,0.8766666666666667,188,0.024628143649555727,0.022945475282434815,0.24014777568116208,0.49871873882513706,0.10255411508250951,0.04600884834686666,True,False,,SBIN.NS,upper
-0.7512344806170478,-0.13342644598965814,0.6384194030522855,0,0.49358093130594005,0.5066666666666667,188,0.012396997354935454,0.01725410538006193,-0.13355772505489585,0.6398536847790236,0.09282126078163838,0.02696570406774116,True,False,,SBIN.NS,lower
0.7157613034792595,-0.011666039829156226,0.6627564068611816,0,0.7464214835110423,0.74,180,0.0027828820734985917,0.003929132750581537,-0.015396946862942138,0.6680012464950423,0.18074234397554992,0.005881924191576273,True,False,,TATAMOTORS.NS,upper
-0.6839246908271106,0.17630919457790495,0.575185863525693,0,0.8787435402938605,0.8033333333333333,188,0.008733495315127581,0.013074720503067471,0.18742602933925565,0.5615818046304637,0.04659702219561541,0.02328195137812822,True,False,,TATAMOTORS.NS,lower
0.8037252526610941,0.02850353759893008,0.6743801563577186,0,0.5072696758386741,0.72,188,0.004840348691199101,0.00860366452307887,0.025084075327276245,0.6800048843154517,0.19296492688675962,0.012652356762431864,True,False,,HINDUNILVR.NS,upper
-0.7962902767471021,-0.0526696864273318,0.554439033319493,0,0.6288616631887172,0.3333333333333333,188,0.0070967043354771015,0.009458212430552717,-0.0651878773523008,0.5709673059922643,0.10886538318267226,0.016565243168281212,True,False,,HINDUNILVR.NS,lower
1.5379321361669693,0.09686537017482827,0.5207482067617357,0,0.9794356789323969,1.0,53,0.015074020453920185,0.018588423910920367,0.07745494088564982,0.5387479702461477,0.1946166162596195,0.03450300435915793,True,True,sparse,INFY.NS,upper
-0.7606430549890796,0.23203085795329526,0.486609521389904,0,0.8577826693739682,0.7833333333333333,188,0.005762015947569605,0.008199052248239785,0.22522776152948923,0.4926712726832589,0.02558306157558008,0.01664203402233006,True,False,,INFY.NS,lower
0.8091706967600629,0.24185121249357933,0.49400678015907884,0,0.8413424768807323,0.94,188,0.011479976125004863,0.009974787200851777,0.2366536497452174,0.4980854423709693,0.048509607404188325,0.02002625684683248,True,False,,SBIN.NS,upper
-0.7527318578411126,-0.12341790173614416,0.627803231973094,0,0.4419635927251654,0.37333333333333335,188,0.015310553592581317,0.019800894416646717,-0.12252995411647778,0.6281424164086811,0.12495354669350107,0.03152293744884522,True,False,,SBIN.NS,lower
0.9592951651905853,-0.04212203816988259,0.6901129816971319,0,0.5156541237896086,0.59,125,0.007292807593077708,0.00967082042763835,-0.0414498909220652,0.68958215482822,0.1759427026566304,0.014024174233171215,True,False,,TATAMOTORS.NS,upper
-0.7024808447715752,0.19100340219890227,0.5609154122970911,0,0.8935229099787277,0.8533333333333334,188,0.006005305712752621,0.01035041129180004,0.1874493053303686,0.5638770525036348,0.03203695730853226,0.01835579416166324,True,False,,TATAMOTORS.NS,lower
0.7950498705688791,0.0328595704838444,0.6730013808648444,0,0.6176889137227305,0.87,188,0.0033952258939329632,0.006201636145854172,0.03534594463625578,0.668814120026474,0.09605698668696705,0.009272585412644748,True,False,,HINDUNILVR.NS,upper
-0.7869142224328719,-0.055529362720718685,0.5611748815953397,0,0.7707825048497792,0.5966666666666667,188,0.006251404016844962,0.008778229515295975,-0.06283825215540918,0.5710090337775772,0.09948403731128384,0.015373188237479688,True,False,,HINDUNILVR.NS,lower
0.8020461136282058,0.021211278633561093,0.5870559479120017,0,0.8958982182924051,0.9766666666666667,176,0.0028171304002779576,0.003341625587200414,0.020300337857287368,0.5879195964119043,0.13877251858355083,0.005683813825489648,True,False,,INFY.NS,upper
-0.7591285917920919,0.2338361698988285,0.48722431133414146,0,0.8948793610584976,0.8133333333333334,188,0.006185914646158277,0.008868126341297687,0.22836223598663916,0.49187759462770436,0.02708816695786132,0.018029132161871558,True,False,,INFY.NS,lower
0.7996114779699314,0.2436852716345702,0.4911879718713465,0,0.8736924284333977,0.8733333333333333,188,0.006539611254733656,0.005517075392949763,0.24735194268380778,0.48651616203985926,0.026438486471514942,0.011339963006404975,True,False,,SBIN.NS,upper
-0.7527376631530612,-0.11782678268414278,0.6288953414246237,0,0.45211647267521526,0.44,188,0.012880094769705827,0.016341749640035867,-0.11150533526952121,0.6229621657495026,0.11551100746402032,0.026232330430615094,True,False,,SBIN.NS,lower
0.8593675238924527,-0.06053073137885705,0.7245189514316935,0,0.7050853024845873,0.7633333333333333,141,0.010147905443774703,0.016963545011308562,-0.053595474893890716,0.7138281347640966,0.18934254375840998,0.023764186290125354,True,False,,TATAMOTORS.NS,upper
-0.6978057736886789,0.17989027580991812,0.5680135858839588,0,0.7286615101482823,0.7566666666666667,188,0.006173324939677032,0.011101776964033016,0.18313524272854353,0.5633414947247949,0.033709102140086517,0.01970701052722271,True,False,,TATAMOTORS.NS,lower
0.8005033401809206,0.03374481288932163,0.6729949871390645,0,0.6858553693877586,0.8366666666666667,188,0.0031836060892882134,0.004910788237853251,0.03286728293902247,0.6741448142651767,0.09686243692763641,0.007284470726606927,True,False,,HINDUNILVR.NS,upper
-0.7969512017889259,-0.06397938108527369,0.5668129778432897,0,0.7082506604609979,0.64,188,0.004297931687059711,0.006436570770471159,-0.06558600127470243,0.5695070471318037,0.06553122538673871,0.011302003530715709,True,False,,HINDUNILVR.NS,lower
0.7204647367680824,0.025918180257878384,0.5878266141173545,0,0.9522549444845514,0.9933333333333333,200,,,,,,,False,True,invalid,INFY.NS,upper
-0.7542702668821673,0.25623956786086904,0.4671146770415978,0,0.9225971496265308,0.79,188,0.007833462167731868,0.008307937383335951,0.24678053187026716,0.47520927839691884,0.03174262487781524,0.017482691492336198,True,False,,INFY.NS,lower
0.8027160646573748,0.23872401094399287,0.5020673160783731,0,0.6473605052918977,0.8466666666666667,188,0.015505571886154028,0.012939926992505334,0.22803820388128349,0.5122669786757679,0.06799549786960801,0.02526012270662921,True,False,,SBIN.NS,upper
-0.7629489220935959,-0.0792152145985264,0.5911566834899644,0,0.6131196576757973,0.6166666666666667,188,0.012776852978702324,0.01474747869422221,-0.07822824152677287,0.5908775951914796,0.1633278608346445,0.02495860151857193,True,False,,SBIN.NS,lower
0.8648421319659986,-0.051810756695250704,0.7281511721589159,0,0.6699842035618678,0.79,137,0.007648680502294446,0.012073712750879718,-0.04113338747643288,0.7108674854233502,0.18594818253650722,0.01698447717558015,True,False,,TATAMOTORS.NS,upper
-0.6946625804585888,0.19532143731592083,0.5398666744156142,0,0.599762175271475,0.7733333333333333,188,0.0032899655199280986,0.004732561650632906,0.19515688076724902,0.5390689199189849,0.016858054599014016,0.008779140083892701,True,False,,TATAMOTORS.NS,lower
0.7887991898841944,0.07300348562018172,0.6675426607786137,0,0.7371932822884135,0.74,188,0.0037644254987797454,0.007434102061001676,0.07289115476166631,0.6672562133894501,0.051644468998243646,0.01114130044863245,True,False,,HINDUNILVR.NS,upper
-0.7867240645573732,-0.05706380725860308,0.5506079779109049,0,0.8156507455999827,0.7433333333333333,188,0.00452601563116185,0.007104134742398782,-0.05890447912571974,0.5533967914742544,0.07683651447179149,0.012837325267282533,True,False,,HINDUNILVR.NS,lower
0.7255306685160521,0.020496459490590733,0.5885440492706834,0,0.9663125302802839,0.9966666666666667,200,,,,,,,False,True,invalid,INFY.NS,upper
-0.7621113421531912,0.2752955809789677,0.4522982197173897,0,0.9239699299463198,0.73,188,0.01133162719495771,0.00982745407865985,0.26041642488270283,0.4647366347470186,0.04351348715783518,0.021146286159572092,True,False,,INFY.NS,lower
0.7770724141359715,0.19873964828399757,0.546345255087928,0,0.7703371945055808,0.6866666666666666,188,0.010909583348169024,0.011501175753743254,0.2042935411042964,0.5386962726170742,0.05340150625997704,0.02135001878585215,True,False,,SBIN.NS,upper
-0.7395237972608582,0.005865745400056328,0.5431440222610295,0,0.9028273446858578,0.9766666666666667,200,,,,,,,False,True,invalid,SBIN.NS,lower
0.8555343604344817,-0.07598777120564024,0.7505177829560328,0,0.7437720050938955,0.7233333333333334,137,0.011213063867108948,0.016908140865051265,-0.06603831152865518,0.7338656617471009,0.16979631837316467,0.02303983074286382,True,False,,TATAMOTORS.NS,upper
-0.6916743891057991,0.18885933436576569,0.5443303757083916,0,0.5822092587154329,0.63,188,0.005566127293696957,0.006468689542664234,0.18705107706097798,0.5454217944379441,0.029757257127740827,0.011859976058951664,True,False,,TATAMOTORS.NS,lower
0.7891909965122863,0.08563388947216735,0.663926731465373,0,0.7252485038264629,0.8466666666666667,188,0.0042973244362982735,0.007522629278965905,0.08194412667159436,0.6687712505944766,0.05244212229022026,0.011248433840112947,True,False,,HINDUNILVR.NS,upper
-0.7704242140608911,-0.05759618787073771,0.5515550327169014,0,0.8598541829292751,0.8466666666666667,188,0.004204994231158902,0.006122348092024868,-0.05386229755841101,0.5472474387942304,0.0780693294025473,0.01118753153717656,True,False,,HINDUNILVR.NS,lower
1.5345835086428408,0.11245465341602026,0.519767383887668,0,0.9510686835016408,0.99,53,0.025228236263608695,0.02359714672444445,0.1265383811746298,0.5069208979264627,0.1993721907590272,0.046549957509086616,True,True,sparse,INFY.NS,upper
-0.7633164854783876,0.26434804135274315,0.4640018000481225,0,0.9683210889016084,0.94,188,0.006969647651821055,0.005353280381924252,0.2559698574640373,0.47078322180762283,0.02722839106364839,0.011371009033966135,True,False,,INFY.NS,lower
0.8061377044891087,0.23630275045541865,0.5017134518451674,0,0.8432719514250069,0.9133333333333333,188,0.004533445455392176,0.006406664769212479,0.22995226367867902,0.5070746334378936,0.01971472333309881,0.012634559531070627,True,False,,SBIN.NS,upper
-0.7587964276773587,-0.04574598756340102,0.5827690820082113,0,0.5827471365469814,0.5066666666666667,188,0.006636450988493696,0.007001580981617079,-0.037406288060111176,0.574064326387119,0.17741533732712741,0.012196509237416862,True,False,,SBIN.NS,lower
0.8713327423593967,-0.08634849063900979,0.7694433605652728,0,0.6388071556134844,0.6266666666666667,129,0.01151208308408702,0.019711230167949637,-0.07222136299639538,0.746338241115085,0.15939994777808497,0.026410585466441774,True,False,,TATAMOTORS.NS,upper
-0.6808445057135887,0.1993732273488073,0.5237851565764956,0,0.6231453849298738,0.8033333333333333,188,0.005766090634901436,0.005156709146251372,0.1948814198999376,0.5277206659498442,0.029587686409433937,0.009771664028455609,True,False,,TATAMOTORS.NS,lower
0.772572210875444,0.07660577380613187,0.67497862861627,0,0.738668707092933,0.8866666666666667,188,0.003168001372326808,0.003624826511473128,0.07575262374339294,0.6757753513891115,0.041820346247738456,0.00536395186711454,True,False,,HINDUNILVR.NS,upper
-0.7670851888564512,-0.05380126178915767,0.5541674339700269,0,0.8221864429199439,0.86,188,0.006353433872190593,0.008683970761975031,-0.05577947937513838,0.5570507631484942,0.11390268974069163,0.0155891907534614,True,False,,HINDUNILVR.NS,lower
0.7493314820216614,0.02187490025890121,0.5831737273363358,0,0.9646808001632833,0.9933333333333333,188,0.004600131664551111,0.005732297975687412,0.025539198942365966,0.5788124194653546,0.18012036609795448,0.009903550241625425,True,False,,INFY.NS,upper
-0.7533290509489101,0.28206531431559945,0.4563161489850519,0,0.9746946093723007,0.96,188,0.009491442389619287,0.004924667474361583,0.27324205338676116,0.46314548279985873,0.03473638821188596,0.0106330894954638,True,False,,INFY.NS,lower
0.7999757969593609,0.22942489901079763,0.5033606125753382,0,0.80280468007011,0.7933333333333333,188,0.006985451668177716,0.004333881754622176,0.22862899774871967,0.5031359914086745,0.030553654310809274,0.008613738119490998,True,False,,SBIN.NS,upper
-1.334484389877582,-0.26246263539797976,0.790185934867172,0,0.5971353440885765,0.6433333333333333,61,0.0437287138933673,0.03934858708239404,-0.25359434631015565,0.7834651603830074,0.17243567455375625,0.050223786033982795,True,True,sparse,SBIN.NS,lower
0.745203093184215,-0.023258446298589433,0.6642511644186624,0,0.29342240786776974,0.3933333333333333,164,0.0058236348950455276,0.007895501683687793,-0.03047452370922336,0.674162256838552,0.19109840861266264,0.011711574604602726,True,False,,TATAMOTORS.NS,upper
-0.6691999393648452,0.21610543862255224,0.5134792226318239,0,0.6153872033962232,0.8066666666666666,188,0.0039516132537942,0.0029359030300943317,0.21710028103224724,0.511389318188022,0.018201786994413757,0.005741033041297434,True,False,,TATAMOTORS.NS,lower
0.7729557272644717,0.09186702333392717,0.6477921548728509,0,0.6696878943131637,0.8366666666666667,188,0.006147213401376984,0.010178329047365124,0.0956657919087228,0.6418226960362138,0.06425716691574068,0.01585847454700493,True,False,,HINDUNILVR.NS,upper
-0.771799751027713,-0.034070062852396846,0.5500053039670955,0,0.7670100092523293,0.5333333333333333,188,0.005848511126039522,0.006081109326877772,-0.036017253416343646,0.5524449961103697,0.1623807744201251,0.011007628378602563,True,False,,HINDUNILVR.NS,lower
0.7716945423698771,0.04648211126526981,0.5546238068988961,0,0.9957529288485021,0.9666666666666667,180,0.006315616293671182,0.0075837290137591796,0.04107641705170106,0.5603772204134337,0.15375281510541308,0.013533256888692773,True,False,,INFY.NS,upper
-0.7567266319868372,0.2731138041207327,0.47811651463454147,0,0.854180634179874,0.9533333333333334,188,0.02243637574047579,0.01902328687955559,0.256262674208597,0.4941404918397838,0.0875522544757732,0.03849772849772097,True,False,,INFY.NS,lower
0.7902556577862139,0.2107108545246857,0.5108161604031336,0,0.7045698963781053,0.8633333333333333,188,0.005444618067758366,0.007687656966352869,0.21768788886797172,0.5022205746891418,0.025011119571054067,0.015307331480869662,True,False,,SBIN.NS,upper
-1.313992716159834,-0.2457647156989099,0.7951761137632267,0,0.6009421497200663,0.64,65,0.037356640213328816,0.029142556966777224,-0.23048506636013597,0.7790456813983972,0.16207834712455993,0.037408020207987995,True,True,sparse,SBIN.NS,lower
0.827948078938952,-0.0828747355922612,0.7510562870889217,0,0.6996132213972489,0.7533333333333333,144,0.014339213914823918,0.019995882461119604,-0.07717607877183245,0.7430512642016006,0.18579866047911736,0.026910501543254778,True,False,,TATAMOTORS.NS,upper
-0.7053262388935998,0.214015391362946,0.5456707727912254,0,0.9678672961555002,0.99,188,0.009291580022541518,0.009520968240577464,0.21608255572994461,0.5425306226856114,0.04300013742966166,0.017549180943843085,True,False,,TATAMOTORS.NS,lower
0.7723580412861956,0.10386884137910318,0.6425167598701975,0,0.7255589157906751,0.8933333333333333,188,0.004922484514936686,0.0044528513700861465,0.10687470520571436,0.6378601953787314,0.04605845737658154,0.006980920478402085,True,False,,HINDUNILVR.NS,upper
-0.802767651165214,-0.05683113693111164,0.5739116387063055,0,0.9588066583979992,0.82,168,0.010200761342064739,0.011614993271882054,-0.0548700129952657,0.5719966495957046,0.185907728577859,0.0203060508781497,True,False,,HINDUNILVR.NS,lower
0.7734391157531473,0.034238792412103994,0.5775798994583207,0,0.8779428012193136,1.0,176,0.0050596186750039435,0.006821467519928554,0.03467132112805093,0.5768881030848935,0.14593090344057907,0.011824593652053154,True,False,,INFY.NS,upper
-0.7548358475422823,0.26455835204238026,0.47186303844425176,0,0.753850526092307,0.9233333333333333,188,0.022791595355568694,0.018805775532573104,0.24753323314631226,0.48824973765554947,0.09207488685508398,0.038516713265851404,True,False,,INFY.NS,lower
0.7939949363282336,0.19826624414704203,0.5061856127724342,0,0.6742248843714189,0.7833333333333333,188,0.012611261866418026,0.013772125752537426,0.1939522518559225,0.5103819073872907,0.06502250474287485,0.02698396099736188,True,False,,SBIN.NS,upper
-1.295340943724546,-0.25332686943034105,0.8071924696597421,0,0.30534138362811847,0.5266666666666666,69,0.04801540694253668,0.0436096474762534,-0.24108971392286374,0.7962112959464801,0.19915990678183831,0.054771449677436204,True,True,sparse,SBIN.NS,lower
0.6956487829511606,-0.02804557021691246,0.6782805365748263,0,0.7437938165380136,0.6966666666666667,184,0.0035904563531286835,0.004466336882888804,-0.02489220353970384,0.6742291049694008,0.1442401394878682,0.006624360745814876,True,False,,TATAMOTORS.NS,upper
-0.7167787477589551,0.23877749817205823,0.5332840652443493,0,0.9988046296852156,1.0,188,0.007370973367042791,0.008278723634310642,0.23827873390722967,0.5325293036133355,0.030934246362791688,0.015546043049043765,True,False,,TATAMOTORS.NS,lower
0.7749706773656853,0.10724555936044174,0.6391432470035624,0,0.7471510449870976,0.8833333333333333,188,0.006510143334433753,0.007636050813584961,0.1144750143454275,0.6288693959816753,0.05686955186652283,0.012142506442438491,True,False,,HINDUNILVR.NS,upper
-0.8271715645554465,-0.07191629811234376,0.5912433366763721,0,0.9226151898482889,0.9033333333333333,156,0.011822029929954224,0.014333838416328449,-0.06972961845263567,0.5890019460270809,0.16954098555084687,0.024335807835024256,True,False,,HINDUNILVR.NS,lower
0.7420129764299428,0.04464290575457864,0.5689089159854999,0,0.9971108574926193,0.9966666666666667,188,0.004813283688624929,0.00617326648074109,0.04544828024679918,0.5676939044643647,0.10590681547066376,0.010874286870884887,True,False,,INFY.NS,upper
-0.7571351487873675,0.2595334114648564,0.4742907041029697,0,0.5243811741287774,0.9166666666666666,188,0.02627252591373143,0.023483197997916965,0.23830577497546057,0.49576462823215595,0.11024711765363493,0.047367634129081,True,False,,INFY.NS,lower
0.8039861654811933,0.21150587104103907,0.49434809485594355,0,0.768485969803141,0.6566666666666666,188,0.01682063398407002,0.01812220863214338,0.19495931990473292,0.512090938467543,0.08627765592079867,0.035388652516462095,True,False,,SBIN.NS,upper
-0.9128664596736888,0.052566301899807946,0.5249592819502333,0,0.7305832319300245,0.7533333333333333,152,0.006129179871218871,0.005613228178972059,0.052428047519745606,0.5246717233590974,0.11690648406934552,0.01069855267985294,True,False,,SBIN.NS,lower
0.8280973635419022,-0.07852914909285962,0.7460201766950338,0,0.5675722235084808,0.6666666666666666,141,0.012290422025258993,0.016976394906653126,-0.0722392962668357,0.7365928842033224,0.1701348290895949,0.023047187992512885,True,False,,TATAMOTORS.NS,upper
-0.702267607430134,0.22320026324664433,0.5441789534202227,0,0.9901564272783888,0.9866666666666667,188,0.011143505652604474,0.01091045262603707,0.22707136886263116,0.5392296535034679,0.049074901946783156,0.020233405846314133,True,False,,TATAMOTORS.NS,lower
0.777639109167983,0.1081850071653637,0.640344287768838,0,0.6063248370518071,0.9,188,0.004545568743062021,0.006731142895049039,0.11076776307697445,0.6361485443709461,0.04103692452048509,0.010581086522636386,True,False,,HINDUNILVR.NS,upper
-0.8297515709475765,-0.06768252426568722,0.5883252900083438,0,0.8532107947799968,0.8433333333333334,156,0.008406722863815542,0.009479863404312732,-0.06549448688204172,0.5859928971043138,0.12835769818884776,0.016177437114653,True,False,,HINDUNILVR.NS,lower
1.013084709780511,0.0850258179333644,0.5414732641313199,0,0.9154065740931387,0.9533333333333334,121,0.013810266889809717,0.013387107092284729,0.07132204942289165,0.5548205386738879,0.19363247502324857,0.024128715355410158,True,False,,INFY.NS,upper
-0.7331966076489081,0.23537955758478302,0.5014018534620691,0,0.6989874906024793,0.8433333333333334,188,0.012148817162321232,0.010220742118541399,0.2235189147992356,0.513127586747329,0.05435252148440354,0.019918519649556543,True,False,,INFY.NS,lower
0.8004953424432214,0.21299972472762907,0.49339882611368746,0,0.8214887751541626,0.8566666666666667,188,0.01753191891491399,0.017853544314986723,0.1997289299231524,0.5074090016372004,0.08777856089187457,0.035185706019253915,True,False,,SBIN.NS,upper
-0.9172365220400546,0.041238613260080506,0.5317761613873746,0,0.6800434900702165,0.7866666666666666,152,0.008835443025046921,0.008111841871770139,0.04790328884713005,0.5257772892842182,0.18444331053781413,0.015428284718289328,True,False,,SBIN.NS,lower
0.8592504701213337,-0.05944149194680961,0.7474668341594701,0,0.6733323237300115,0.7,133,0.007436159918771644,0.01128232518742225,-0.05456322900895876,0.7405977512158866,0.1362851629381954,0.015234079520979563,True,False,,TATAMOTORS.NS,upper
-0.7034052788362182,0.23784063514267534,0.5283554963272087,0,0.9962528412642245,1.0,188,0.0056817769808036106,0.005818614764733399,0.24126955036353046,0.5237885579773162,0.023549497799236055,0.011108708972406183,True,False,,TATAMOTORS.NS,lower
0.774744247706065,0.09808813422631582,0.6515718830235987,0,0.6303760017001565,0.8166666666666667,188,0.00704510424598928,0.009862477358565715,0.10621206091187685,0.6397096381212304,0.0663305421455772,0.015417115229590364,True,False,,HINDUNILVR.NS,upper
-0.830942507641703,-0.0748261259937743,0.6010310086854984,0,0.9352491828982005,0.8333333333333334,152,0.010127547908152252,0.012698913725163075,-0.062301749503285625,0.5845192109534812,0.1625563706209317,0.021725399730137724,True,False,,HINDUNILVR.NS,lower
1.0065096065209167,0.0815426641270855,0.5278016894585691,0,0.8609221512132764,0.8933333333333333,121,0.009414391217571828,0.010426554826519897,0.06724427932021955,0.5414887427536271,0.14000283611802608,0.019255348838729973,True,False,,INFY.NS,upper
-0.7264580579766131,0.22717153918618282,0.5203276373919762,0,0.808443019117608,0.81,188,0.008330088767119617,0.007099184179505923,0.2219832053444526,0.525003790921378,0.03752575956787441,0.013522157681614692,True,False,,INFY.NS,lower
0.7940491759423619,0.2223918999826296,0.48568391536837746,0,0.7501400988470831,0.84,188,0.024546257314834247,0.025485789523395155,0.20175381025976394,0.5079944852600563,0.12166439913370773,0.050169420655529505,True,False,,SBIN.NS,upper
-1.3378609442958134,-0.26200822523749623,0.8108190979160554,0,0.36389458203764685,0.47333333333333333,65,0.047719979527377825,0.04183555933257368,-0.24625945189935391,0.7949533756530996,0.1937792731264919,0.05262643079154053,True,True,sparse,SBIN.NS,lower
0.976363739075642,-0.07612292418558678,0.755780241612951,0,0.4679106569945811,0.6433333333333333,109,0.010486390850455697,0.01617448830054358,-0.06233437995894233,0.735315806506167,0.1682280175896924,0.021996654957588454,True,False,,TATAMOTORS.NS,upper
-0.6914257773309606,0.2284468362135863,0.5275853068409528,0,0.996741938735693,0.99,188,0.013187641307386094,0.00966422229267835,0.23963884026606852,0.515878907200021,0.05503131605223441,0.01873350891161007,True,False,,TATAMOTORS.NS,lower
0.775990234632153,0.09119803554602546,0.6604999302880324,0,0.561501710000698,0.68,188,0.006679115782848591,0.010957859570488745,0.09651903920741134,0.652302890347385,0.06919997490335542,0.016798728879870255,True,False,,HINDUNILVR.NS,upper
-0.778339877145444,-0.01781710841884068,0.5347564521324821,0,0.8238401403340823,0.6266666666666667,180,0.002739319758188877,0.0028040796018885647,-0.01936204473788798,0.5365580522409079,0.14147877357399122,0.005226050635000183,True,False,,HINDUNILVR.NS,lower
0.7006953463261525,0.04414967730739013,0.5553061140334379,0,0.8577641926387682,0.73,200,,,,,,,False,True,invalid,INFY.NS,upper
-0.7255106564642707,0.23507261946022592,0.5086317766688091,0,0.8374017345534571,0.8,188,0.009908848892628436,0.007992113635922485,0.22813938047108728,0.5150349990475883,0.043433310101195395,0.01551761238658638,True,False,,INFY.NS,lower
0.7841086484393465,0.21401248922219282,0.5082079609436766,0,0.6851171730407422,0.8033333333333333,188,0.014801611516111278,0.013331953651668381,0.20719551549736315,0.5149575507690508,0.07143789172367841,0.025889422094819037,True,False,,SBIN.NS,upper
-1.340244012567707,-0.20505521949185748,0.7514187906081035,0,0.18785535584128246,0.31,65,0.0390949542198822,0.035726207013279006,-0.21528275719503834,0.7690183585377705,0.1815981591525326,0.04645689683747041,True,True,sparse,SBIN.NS,lower
0.7039823778262148,-0.02888656501661593,0.7140449574825489,0,0.827923755364239,0.8,172,0.003898008422165367,0.005070433821651726,-0.025876575933343474,0.7100790429539909,0.15063843554193748,0.007140661030005431,True,False,,TATAMOTORS.NS,upper
-0.6972253000004464,0.23874270361920796,0.516885365662202,0,0.9878722352400918,0.9966666666666667,188,0.0061196907443995825,0.003592609560815152,0.2427251934989386,0.5119403155821661,0.0252124239929882,0.007017633464856911,True,False,,TATAMOTORS.NS,lower
0.7709337788604065,0.09125837536016523,0.6637359802535086,0,0.6968225022833296,0.7766666666666666,188,0.007475303424046776,0.011383475172413728,0.09085465902739476,0.6637496260745115,0.08227759237990072,0.017150254484110686,True,False,,HINDUNILVR.NS,upper
-0.8212391969562227,-0.06106405204157164,0.5855181315156839,0,0.9460582946533015,0.88,156,0.010582247704022944,0.012267777478236763,-0.05533405823438172,0.5785437737382728,0.19124290047135345,0.0212045791918604,True,False,,HINDUNILVR.NS,lower
0.703597065515639,0.03945297271615651,0.5615818089353167,0,0.9407940010147647,0.84,200,,,,,,,False,True,invalid,INFY.NS,upper
-0.7310497159622796,0.23433663012538336,0.5096161871210831,0,0.7416779359036831,0.8166666666666667,188,0.007234118057404363,0.005293406748527294,0.22984599088524285,0.513302370544856,0.03147376082047302,0.010312453144886045,True,False,,INFY.NS,lower
0.7797141620312532,0.21613866041289015,0.5039830416357268,0,0.6030760133586078,0.8133333333333334,188,0.013040948526831306,0.011335342474335534,0.21123595210815324,0.5084421378938342,0.061736403198970044,0.022294262034119213,True,False,,SBIN.NS,upper
-1.3350664639839611,-0.24589962768487036,0.8018373942701291,0,0.3731154736009113,0.32,65,0.03889665293855255,0.0353932285429089,-0.25076997602007195,0.814425582764002,0.15510888506186388,0.04345790316189741,True,True,sparse,SBIN.NS,lower
0.8335563286800777,-0.09186937426205005,0.7709863822800244,0,0.8509993947050257,0.9,133,0.015015701165172807,0.023520693600482288,-0.07646950031529184,0.7473455190056821,0.19636193697673088,0.03147231459560047,True,False,,TATAMOTORS.NS,upper
-0.6827631324502885,0.23603614583670463,0.5082083855872475,0,0.9671325771663217,0.9933333333333333,188,0.004723880592458759,0.005047917041698635,0.22938633640695302,0.513480025958193,0.020593556096308144,0.009830795139442638,True,False,,TATAMOTORS.NS,lower
0.7716422125877429,0.09974557575573284,0.6541919634148562,0,0.8189970509056547,0.8366666666666667,188,0.0055064481195742825,0.00896418673370736,0.0989955800278084,0.6545789332042663,0.05562316582008847,0.013694584628442618,True,False,,HINDUNILVR.NS,upper
-0.8320553589164537,-0.058557754249017,0.5776839540386376,0,0.9620361614098015,0.86,152,0.009521750330511225,0.011940530228101084,-0.05078740924252504,0.568046534070727,0.18748246066692292,0.02102033777467076,True,False,,HINDUNILVR.NS,lower
0.9700597569264909,0.07804065805775076,0.5475732335799831,0,0.8990644279838703,0.9333333333333333,129,0.011964686539031412,0.011665436888680346,0.06420747974451205,0.5619409981651219,0.18634409453850453,0.02075918418335568,True,False,,INFY.NS,upper
-0.7224568571718557,0.23478410857674856,0.49868356475772224,0,0.6454834259110058,0.7433333333333333,188,0.0044023223552455346,0.0055220670800469876,0.22633404475905702,0.506527066379848,0.019450552237629502,0.010901820134696911,True,False,,INFY.NS,lower
0.7850643516958039,0.2189324299216573,0.49556762508033636,0,0.5984232723263705,0.75,188,0.021478211768385328,0.021848909203898325,0.2060058952603262,0.5094693507556566,0.10426017516946261,0.042885619601327,True,False,,SBIN.NS,upper
-0.7583970613214536,-0.03133938151138049,0.6091259875040935,0,0.36346677773531755,0.5233333333333333,188,0.007291711888981109,0.008687141239481876,-0.040443180924274826,0.6193902663096383,0.18029516767442985,0.014025310973947387,True,False,,SBIN.NS,lower
0.8354080010563586,-0.07736066538775184,0.752608091865903,0,0.7070246917441466,0.7766666666666666,137,0.011879945896267594,0.018201051542040363,-0.06969953970284916,0.7410238754931457,0.17044508819519633,0.024562030858057565,True,False,,TATAMOTORS.NS,upper
-0.6880596107911395,0.22074651755205416,0.5323378584234806,0,0.9696377381734661,0.9566666666666667,188,0.00854885886764692,0.004978009604857123,0.22594785759295663,0.5261049207573446,0.03783553683740722,0.009462009028676315,True,False,,TATAMOTORS.NS,lower
0.7731951734300276,0.07494209999081301,0.6804202452294961,0,0.6817201538417924,0.62,188,0.005750234132244864,0.009912227603415674,0.08030213118813823,0.6717895438020203,0.07160748203180237,0.014754959417450031,True,False,,HINDUNILVR.NS,upper
-0.9519324878055068,-0.05259840571539978,0.5660166072478128,0,0.8846429313349125,0.8533333333333334,125,0.006847253903425486,0.009083473287384033,-0.04669781600929671,0.5589496799713586,0.1466289651698629,0.016250967574290065,True,False,,HINDUNILVR.NS,lower
0.7309639557842764,0.04324713762020032,0.6139532110105659,0,0.972975753810873,0.9833333333333333,180,0.010154015595932285,0.012550175334348395,0.05341988375331519,0.6016925161087079,0.19007929223562217,0.020858120700806164,True,False,,INFY.NS,upper
-0.7185584724882927,0.2364037323950121,0.48466353803317896,0,0.718482940008585,0.6133333333333333,188,0.008483365830210332,0.010636793696848766,0.2234502523637485,0.4971420489573813,0.037965342893178156,0.02139588374227784,True,False,,INFY.NS,lower
0.777530356240663,0.22393902674123956,0.4920553580663511,0,0.7418006210707185,0.83,188,0.021860035163794516,0.021505879576703968,0.2167493035426329,0.49933884893912356,0.10085399951910261,0.0430687081361834,True,False,,SBIN.NS,upper
-0.7579994635014211,-0.025115752659302652,0.6020086380767908,0,0.38643465160794,0.5866666666666667,188,0.004603281343633727,0.005106545826338247,-0.03068809183252018,0.6081944833109425,0.15000215291112043,0.008396238181208751,True,False,,SBIN.NS,lower
0.7099238342673855,-0.04429919257000278,0.7231345702498683,0,0.5566405643379702,0.73,176,0.00725830003141673,0.009084385302948984,-0.03964984203890203,0.7168529000180532,0.18305995251370233,0.012672593186125453,True,False,,TATAMOTORS.NS,upper
-0.7142389447534687,0.2608386946904628,0.49053817512565556,0,0.9561440931111627,0.97,188,0.009889379519809357,0.012319952941528963,0.250393422905043,0.4987254390509446,0.0394953629776693,0.024702876031237952,True,False,,TATAMOTORS.NS,lower
0.7741246827848987,0.08591679222416929,0.6593574659225696,0,0.48385918723446997,0.5,188,0.007313471675181647,0.01147803112645128,0.08574030122464908,0.6591114280560081,0.08529793711641126,0.017414401364820392,True,False,,HINDUNILVR.NS,upper
-0.8324805330635062,-0.04814317788959212,0.5739386506659148,0,0.9823355758247325,0.93,156,0.008942027394768834,0.009830147337816234,-0.04761404739749583,0.5737817746181854,0.18780225596231426,0.01713220531104444,True,False,,HINDUNILVR.NS,lower
0.7555263019173039,0.030976399132700404,0.6338529926409995,0,0.803633753963625,0.8966666666666666,172,0.006806352772176181,0.008923145909473967,0.0379131136973449,0.6249084061316995,0.17952497996499395,0.014279125835286259,True,False,,INFY.NS,upper
-0.7208742339162695,0.23029712292729082,0.4854546312771894,0,0.8657728731859644,0.78,188,0.00791595242226738,0.007557886540807865,0.21946842910435957,0.49549688476228654,0.036068750725944974,0.015253146126039284,True,False,,INFY.NS,lower
0.7813028393611502,0.2296486264629835,0.48335856112467884,0,0.6902203691051131,0.7766666666666666,188,0.021617596394830133,0.01999866007151095,0.21976358016955447,0.4932298767209245,0.0983675065471559,0.04054632659116709,True,False,,SBIN.NS,upper
-0.7573483650509285,-0.04151886986995511,0.6150659361686965,0,0.341502978146919,0.49333333333333335,188,0.00644140278416074,0.007511464222135165,-0.038018022542683376,0.611471447660587,0.16943019807584433,0.012284243406671969,True,False,,SBIN.NS,lower
0.8980086148365489,-0.07058848238333548,0.7529999223603768,0,0.82678848446407,0.88,125,0.010050475235986348,0.01430819533027796,-0.06312218007474855,0.742809089065607,0.1592225368619925,0.019262277950386576,True,False,,TATAMOTORS.NS,upper
-0.677013952614726,0.22122983959658465,0.514470493097226,0,0.8366141570696514,0.93,188,0.01014787898024517,0.014301755439947744,0.2167607578601012,0.5179136500857761,0.0468160317036461,0.027614169198740785,True,False,,TATAMOTORS.NS,lower
0.7769002591506378,0.08045168004361085,0.6686449539576937,0,0.6860921207236056,0.5566666666666666,188,0.007170285792124897,0.011458794686011258,0.0803006767213839,0.6683838758408157,0.08929295731932348,0.017144031938466447,True,False,,HINDUNILVR.NS,upper
-0.8448131537343629,-0.04278774423966067,0.5610351104685037,0,0.9049843581066502,0.9366666666666666,152,0.005127950751157456,0.006147968530560562,-0.04448615749542689,0.5635398405272628,0.11527067940129032,0.01090955417759429,True,False,,HINDUNILVR.NS,lower
0.7374491103043476,0.06680948753219497,0.5969772788491454,0,0.9345059964065774,0.9233333333333333,188,0.009630967630456603,0.012740351476261864,0.06475993180915364,0.599048527081782,0.1487179784509209,0.02126764475266977,True,False,,INFY.NS,upper
-0.7168081309161131,0.1780118870238048,0.5143144721266947,0,0.5632353149912901,0.5133333333333333,188,0.005024536947922291,0.004318517052822057,0.1811612484591153,0.5097799119745932,0.027735162532315012,0.008471336093611953,True,False,,INFY.NS,lower
0.7808931553097527,0.2379605469865893,0.4782412416557403,0,0.689732944953354,0.8833333333333333,188,0.021151018559785427,0.01921067203044779,0.22360724817705388,0.4920962646915013,0.09459003581644874,0.03903844230987341,True,False,,SBIN.NS,upper
-1.2780121998203802,-0.24833042588417825,0.8156130571686548,0,0.5442016427883555,0.7666666666666667,69,0.04106089727368857,0.04028420316365394,-0.22247075473021924,0.784202601102908,0.18456760969685776,0.0513696366134231,True,True,sparse,SBIN.NS,lower
0.8743800757122505,-0.07383871330232858,0.7668948438400413,0,0.6299310926258509,0.8133333333333334,133,0.011144065784388276,0.017203795064682482,-0.06115188108585914,0.7477310376159201,0.1822358325557204,0.023007998824624697,True,False,,TATAMOTORS.NS,upper
-0.7071125356838519,0.2505354167252364,0.5021278377394494,0,0.937323971008175,0.9933333333333333,188,0.00863553198828681,0.008457598148077436,0.24306280769474678,0.5078212289029306,0.03552798437123296,0.016654675898055724,True,False,,TATAMOTORS.NS,lower
0.7832967343139603,0.08539491011746664,0.6652636969199052,0,0.7653334143257455,0.57,188,0.010015647488887707,0.01659088866005577,0.08678386751843037,0.6627821046062468,0.1154090802955961,0.02503219126531843,True,False,,HINDUNILVR.NS,upper
-0.8444396340188757,-0.027714923750894717,0.5463183604599597,0,0.9764451491731821,0.93,152,0.00446482675425376,0.004733931228490574,-0.03145782102355433,0.5509217845759987,0.14193053395546187,0.008592746330055629,True,False,,HINDUNILVR.NS,lower
0.7781488028775021,0.037512369651152136,0.6361184825399331,0,0.7970901102402117,0.9333333333333333,172,0.009044778312790408,0.011709044404909684,0.04594485320236014,0.6251883757183111,0.19686157890934336,0.018728825858555512,True,False,,INFY.NS,upper
-0.7232696917706158,0.18891306021836723,0.5015214076302135,0,0.7093042942910129,0.66,188,0.0047339639756944895,0.004106109106455042,0.18332877865931552,0.5069584450946797,0.025822261797036873,0.008099498223554007,True,False,,INFY.NS,lower
0.7859824115773676,0.22283012968337373,0.4886868072063598,0,0.8125383049115056,0.9066666666666666,188,0.008382610456881018,0.007070820980714823,0.22023506816233848,0.49030880693775053,0.038062104033682015,0.014421158128209904,True,False,,SBIN.NS,upper
-1.2969495807218363,-0.23023334063564682,0.7955955286255159,0,0.5048245780306975,0.7,69,0.04149917856679289,0.03936424394226168,-0.2100266476877863,0.7724759340271675,0.19759005368015334,0.05095853695720686,True,True,sparse,SBIN.NS,lower
0.7378131912713422,-0.03466583175632221,0.7160182055648003,0,0.8568410860119053,0.9533333333333334,168,0.004795168184613515,0.006746919163481205,-0.03247924792530808,0.7131914551172693,0.14763786154353864,0.009460179339599662,True,False,,TATAMOTORS.NS,upper
-0.710361075222124,0.2777888832361607,0.47982087205067714,0,0.973616186196434,0.9033333333333333,188,0.010915938124545749,0.01118158126037486,0.26384616909769276,0.49055814466562647,0.04137235627923939,0.022793589616294185,True,False,,TATAMOTORS.NS,lower
0.7840002187159665,0.08144692944620709,0.6688969409233738,0,0.7303969613398371,0.62,188,0.006274696636344716,0.011189173266863214,0.08460889209217126,0.6635905102632708,0.07416118731228998,0.016861562854189143,True,False,,HINDUNILVR.NS,upper
-0.8366437753359096,-0.04040788659017998,0.5622565477400223,0,0.9372003998777996,0.9,152,0.00613441282247708,0.0070001622132428165,-0.03828613513654998,0.560018263329224,0.16022539747990572,0.012499881783549507,True,False,,HINDUNILVR.NS,lower
0.7427382541935392,0.07312206535530613,0.5929873812744124,0,0.93219009806942,0.9633333333333334,188,0.014826778198200156,0.01819267776744041,0.07747971149338383,0.5878490970973435,0.19136333885075013,0.03094787003636264,True,False,,INFY.NS,upper
-0.726985257011803,0.17892099293332434,0.5156703255613697,0,0.6150602774233822,0.5333333333333333,188,0.009184234675340087,0.007481693979562156,0.1770240427827968,0.517176057122067,0.051881281277685286,0.014466435040576386,True,False,,INFY.NS,lower
0.7873371683598951,0.21421222009707927,0.4818399671639961,0,0.6694183147231918,0.8466666666666667,188,0.018904193094423292,0.017522434995828833,0.20820067647814344,0.48766552627101456,0.09079793834593251,0.03593125552774543,True,False,,SBIN.NS,upper
-1.306292865738287,-0.269764501965166,0.8381685694157659,0,0.8140058240499644,0.8366666666666667,69,0.04340416083517629,0.04466075528635898,-0.23742526612748902,0.795171733229637,0.1828118789335209,0.05616491741138422,True,True,sparse,SBIN.NS,lower
0.7124428430637214,-0.034307643511988145,0.6999955153592265,0,0.5527117817163172,0.6833333333333333,172,0.006424252359445494,0.007884970149087058,-0.03361574451902793,0.699302898073007,0.19110837913244214,0.0112754716991165,True,False,,TATAMOTORS.NS,upper
-0.6847788328077636,0.2282320078840046,0.5176132468484822,0,0.9672444431707138,0.98,188,0.011460827685676144,0.006643800627713178,0.2333057817749448,0.5117433632322806,0.0491236312587202,0.012982680333991452,True,False,,TATAMOTORS.NS,lower
0.7829770133564037,0.09293156811363651,0.6544636206443901,0,0.7617690276930607,0.5966666666666667,188,0.007797907875660059,0.013559947850121457,0.09238342728696226,0.6546925244584111,0.08440807253618555,0.020711932909604366,True,False,,HINDUNILVR.NS,upper
-0.841053076336858,-0.05254821733642748,0.5795483881286859,0,0.951247193008541,0.9333333333333333,152,0.009702224604873692,0.01261463060819835,-0.05057895646942449,0.5775730307119593,0.1918233068431477,0.021840753842403412,True,False,,HINDUNILVR.NS,lower
0.7598130125052218,0.04156151170602037,0.6295728961340756,0,0.775683386002268,0.9633333333333334,176,0.00858720533121731,0.011480005717505449,0.05153467748929719,0.6170252299493294,0.1666296187980322,0.018605406998339638,True,False,,INFY.NS,upper
-0.7186254961417163,0.1877915393169709,0.5121452588598641,0,0.5848698341547982,0.6633333333333333,188,0.012072483101226538,0.01046159092464023,0.18418787524123784,0.5155546169836982,0.06554439281071472,0.020291915496611426,True,False,,INFY.NS,lower
0.7954035186907423,0.2282984770135153,0.4695266580773596,0,0.6910970743161244,0.88,188,0.024752212704815868,0.022426398771667216,0.21539423751874384,0.48245311966443105,0.11491584844976839,0.046484098439294685,True,False,,SBIN.NS,upper
-0.9053572931898931,-0.05089522471603469,0.6195464168876731,0,0.5419208779698682,0.6766666666666666,152,0.008176670187945509,0.008997351980316256,-0.0432329198252307,0.6120229762941957,0.18913060532792322,0.014701003363934576,True,False,,SBIN.NS,lower
0.7217163629098949,-0.0337144372136785,0.700562113426761,0,0.8706060743521885,0.84,172,0.006170503950661611,0.007991861226677022,-0.03128234719969049,0.697334672782977,0.19725188582408562,0.011460581875524225,True,False,,TATAMOTORS.NS,upper
-0.7061881355966483,0.2382281279436987,0.5215558072838051,0,0.9761420536254154,1.0,188,0.010744379772114022,0.013822712055460297,0.23920747540709056,0.5195240139546957,0.044916570038888666,0.02660649251643786,True,False,,TATAMOTORS.NS,lower
0.7798031257930323,0.09415545447562375,0.6518342049650141,0,0.7681937513118678,0.7166666666666667,188,0.006743433171597135,0.010569639765027809,0.10149641263534097,0.640737047341519,0.06644010691711885,0.01649606440570533,True,False,,HINDUNILVR.NS,upper
-0.8388938182812559,-0.05417182805674749,0.5826651275382604,0,0.9391177556894439,0.9166666666666666,152,0.007437460431483727,0.008332045119177803,-0.051681324116728065,0.5799018483430972,0.14390999300995969,0.014368026243240925,True,False,,HINDUNILVR.NS,lower
0.9660386082512391,0.099523764370409,0.566763737928435,0,0.7202416896417255,0.4666666666666667,133,0.01339567711637739,0.014182129573098865,0.07429600017172013,0.59347846768043,0.18030143321849998,0.023896619854739714,True,False,,INFY.NS,upper
-0.7124683524996096,0.18151226115077462,0.5211617685574561,0,0.6231912077816258,0.5333333333333333,188,0.010218286052780417,0.009366075107724713,0.18439923643018066,0.5170156004709908,0.055413925222570694,0.01811565244459912,True,False,,INFY.NS,lower
0.7988515019261927,0.22834336045400172,0.469113863029043,0,0.8009264567561294,0.91,188,0.025112696428242615,0.02358856216944359,0.2128582198897774,0.4846495500207224,0.11797850823642812,0.04867137848724139,True,False,,SBIN.NS,upper
-1.3193515430965905,-0.2566211731807073,0.8092241858384195,0,0.7997704014281138,0.82,69,0.027768144741879733,0.026047866620377242,-0.22938417781675277,0.774678022585908,0.12105518260074125,0.033624119343397874,True,True,sparse,SBIN.NS,lower
0.7173505299531667,-0.03687649115073799,0.694115623238573,0,0.6977151474483108,0.7866666666666666,172,0.007060398693401244,0.009138818236427369,-0.04156581168962117,0.7010807103095634,0.16986067895210646,0.013035329558616455,True,False,,TATAMOTORS.NS,upper
-0.6850428775147869,0.22338826447781215,0.5261295151957213,0,0.9807953921443913,0.99,188,0.01179295585140629,0.008992371624996848,0.2349104790516662,0.5140897216418118,0.050201912647725784,0.017491832790121193,True,False,,TATAMOTORS.NS,lower
0.7774877201985418,0.09736614312986903,0.6485913460535853,0,0.7485616182633085,0.81,188,0.006842623224928537,0.011914861837669039,0.10162165290067894,0.6420372523534695,0.06733429693643422,0.018557897705179276,True,False,,HINDUNILVR.NS,upper
-0.8239288139421602,-0.07411819944176104,0.6124919350782936,0,0.9171665525718411,0.8166666666666667,152,0.01172770136006905,0.014561033164768466,-0.05951316661676609,0.5925395262172496,0.1970605843406637,0.024573943635433273,True,False,,HINDUNILVR.NS,lower
1.2150236463262518,0.0869879862068351,0.5913588594479555,0,0.7852281951954094,0.8833333333333333,89,0.012864023143112073,0.01663439643364984,0.07747964458981176,0.6010107353846027,0.16603098208447148,0.027677369433727925,True,True,sparse,INFY.NS,upper
-0.7173514588426173,0.1763672190495133,0.528402685515772,0,0.6386364603929484,0.5133333333333333,188,0.010477558457693457,0.009460731413886493,0.178994601210795,0.5245874831180849,0.05853560834495986,0.018034611076320258,True,False,,INFY.NS,lower
0.7905583502540418,0.21661882280693912,0.4807406658613056,0,0.8220025634398294,0.9133333333333333,188,0.026347109624616404,0.026516376582208116,0.20184992679661853,0.49678546056046397,0.13052820348991945,0.053375910032740774,True,False,,SBIN.NS,upper
-0.7637667823800024,-0.07347934691090208,0.6456502436203924,0,0.5265415741160178,0.5833333333333334,188,0.011602729189187626,0.014690717987087945,-0.07659315222270653,0.6500185214709925,0.15148518291294577,0.022600460257406564,True,False,,SBIN.NS,lower
0.7530654330681529,-0.039595743457544234,0.6818650646595639,0,0.8137152624059109,0.74,160,0.008034084431042036,0.011296514044419824,-0.04647925051961491,0.6919455617672922,0.17285310353962144,0.016325726336491316,True,False,,TATAMOTORS.NS,upper
-0.6753132569428654,0.2437367825059256,0.4954684625174429,0,0.986092318005393,1.0,188,0.010485452487031572,0.006516610790394594,0.23922887029844656,0.49844855119411635,0.04383021177857204,0.013073787944703803,True,False,,TATAMOTORS.NS,lower
0.7775062444221614,0.0910049912568486,0.6527921068977114,0,0.6453070107831853,0.7066666666666667,188,0.005604308830600227,0.009887049830220476,0.09843413549002426,0.6416550097409327,0.056934601328643544,0.01540866902936777,True,False,,HINDUNILVR.NS,upper
-0.8239041687025436,-0.07958585990330885,0.6203630274629279,0,0.8671574517968226,0.7366666666666667,152,0.011632002952669357,0.014693777517330113,-0.06358090467060366,0.5982207576097908,0.18294802792523146,0.02456246642195246,True,False,,HINDUNILVR.NS,lower
1.1925108984939987,0.08978908075143513,0.5804210152229283,0,0.926800268653829,0.9733333333333334,93,0.01475905214571592,0.015046889642730116,0.07541683196573896,0.5956959265606483,0.1956996840628887,0.025259345782356498,True,True,sparse,INFY.NS,upper
-0.7184011800057346,0.18265641608488395,0.5176882507854381,0,0.45284169280091724,0.42,188,0.01066302035445715,0.00937381498902523,0.18118903344620566,0.5186385745793579,0.058850249174271736,0.018073886648113283,True,False,,INFY.NS,lower
0.7827733265097413,0.19504267578005624,0.5093768361633,0,0.8467831855644536,0.8266666666666667,188,0.01795326509627046,0.01759706007082426,0.18837229592824456,0.5168124158206154,0.09530734896407374,0.03404922016509751,True,False,,SBIN.NS,upper
-0.7589562821775535,-0.06620892773197788,0.6360338778177079,0,0.6369008199690965,0.6633333333333333,188,0.01036558463946027,0.013123087503611821,-0.06782761818484369,0.6384595799729981,0.15282245475563447,0.020554296168010924,True,False,,SBIN.NS,lower
0.7400076218255832,-0.08426276417340024,0.7331129517332151,0,0.9884842572739143,0.97,152,0.014673362200655335,0.01921483061327671,-0.07357522321838139,0.7180171609291103,0.19943344463622403,0.02676096253855994,True,False,,TATAMOTORS.NS,upper
-0.6601901489800719,0.22440610442985692,0.5014434502263108,0,0.9500645136634747,0.95,188,0.016780985363015644,0.01204324007872906,0.2295369453924793,0.49596883944802667,0.0731079896669461,0.02428225097631074,True,False,,TATAMOTORS.NS,lower
0.7735688486714265,0.07809480891814938,0.6732098533003511,0,0.5745845957689651,0.5633333333333334,188,0.007759192637696955,0.012352795857875014,0.0879070278026612,0.657852823743717,0.08826588668719836,0.01877744569036447,True,False,,HINDUNILVR.NS,upper
-0.9374328018435061,-0.04841010343883921,0.5734001987715908,0,0.8464781639074539,0.9,129,0.00503061964451864,0.005640025324963611,-0.04635420763808055,0.5712514610324498,0.1085256078270195,0.009873104247364345,True,False,,HINDUNILVR.NS,lower
0.6966201168555227,0.05659423539884599,0.5984330211446198,0,0.7261607696079326,0.6633333333333333,200,,,,,,,False,True,invalid,INFY.NS,upper
-0.7206348689320944,0.18095989279685396,0.5247372973517016,0,0.5037615085588187,0.46,188,0.01470158049906005,0.014323982049838563,0.17592361400319856,0.5301081246018988,0.08356797208084318,0.027020868224547433,True,False,,INFY.NS,lower
0.7847960574371242,0.1762808903461573,0.5267649111360972,0,0.8686350902470087,0.8,188,0.018694818119077226,0.02049860850272558,0.16893854695267288,0.5357715882972335,0.11066045819436274,0.03825997601939592,True,False,,SBIN.NS,upper
-0.7628910077488048,-0.08218742263406834,0.6517144763838023,0,0.6178670174377182,0.6766666666666666,188,0.012854555496879014,0.017402777750289797,-0.08095133577622814,0.6511149710450267,0.1587935984710193,0.02672765679935467,True,False,,SBIN.NS,lower
0.7131822877826979,-0.08291049233104493,0.7305557756520262,0,0.9926209765785329,1.0,156,0.012067225965664629,0.015351130974391107,-0.07209816059788997,0.7154471982109364,0.16737215196439104,0.021456692818437987,True,False,,TATAMOTORS.NS,upper
-0.6574563422159115,0.23327716451403488,0.48373602694005746,0,0.8938497530670498,0.9233333333333333,188,0.02087018470202648,0.014452400699050317,0.23768943165780784,0.47934808466960077,0.08780442478413687,0.0301501160842454,True,False,,TATAMOTORS.NS,lower
0.774206247982169,0.07810717754993315,0.6733064765811224,0,0.7427402264747529,0.6833333333333333,188,0.006329230175122118,0.01005365610969358,0.08688429905523248,0.659787198246761,0.0728466422066914,0.015237725108992265,True,False,,HINDUNILVR.NS,upper
-0.9549865858443902,-0.02897339065226239,0.5506745027246747,0,0.8400253105556215,0.6833333333333333,125,0.007949204052960937,0.009829019725899515,-0.04315372277187159,0.5682069140484683,0.18420663850758182,0.017298310368813973,True,False,,HINDUNILVR.NS,lower
0.6890563637202312,0.050618210712874895,0.6050864762836754,0,0.6400280384816428,0.7,200,,,,,,,False,True,invalid,INFY.NS,upper
-0.7263712861817541,0.19957624713125133,0.5035308870171116,0,0.6210667952701282,0.73,188,0.022501283886942308,0.023294601867342855,0.18305112566986734,0.5220242170082491,0.12292348695133674,0.04462360300947249,True,False,,INFY.NS,lower
0.7914649152924627,0.1736084486348537,0.5219419849446736,0,0.7970247591377627,0.7966666666666666,188,0.013837071630159535,0.015353629610817241,0.1674552684578535,0.529195507081151,0.08263144498990614,0.02901315131220734,True,False,,SBIN.NS,upper
-0.7721935240548284,-0.07689310567454495,0.6407479262849982,0,0.7783738162455682,0.9166666666666666,188,0.01253680172135337,0.01743203648923418,-0.08637083444283951,0.6532328898063322,0.14515085272380618,0.026685790771411477,True,False,,SBIN.NS,lower
0.7761900960014948,-0.060843720100787785,0.7335362728283916,0,0.6160212491748638,0.88,156,0.006630474041120806,0.009237816641328783,-0.05527201842924739,0.7254266347008715,0.11996075102632325,0.012734322221012409,True,False,,TATAMOTORS.NS,upper
-0.7068758555334611,0.25738502704947097,0.47846399426397357,0,0.9851129381402094,1.0,188,0.008229897015630157,0.0036729696175959456,0.24989922690216057,0.48385234770671576,0.03293286173119564,0.007591095835524055,True,False,,TATAMOTORS.NS,lower
0.7717099684954181,0.07225569073220478,0.6809085423002479,0,0.7543140745688166,0.6833333333333333,188,0.005889063406835861,0.009388301397941534,0.08043445895620611,0.6679149424784655,0.0732156683976152,0.014056132989842334,True,False,,HINDUNILVR.NS,upper
-0.7446906972586311,-0.015331735197136265,0.5423210941472965,0,0.8276125093414373,0.7766666666666666,184,0.0037099370836919388,0.004200061612970521,-0.019149396326499965,0.5465425892289731,0.19373640208145412,0.00768478361777416,True,False,,HINDUNILVR.NS,lower
0.6903993393569278,0.02111997772081918,0.628433036729299,0,0.9514596245135988,0.9033333333333333,200,,,,,,,False,True,invalid,INFY.NS,upper
-0.7182765824111513,0.18105758223270962,0.5250316562549917,0,0.5838720418276285,0.5633333333333334,188,0.02727663936160115,0.029487080787163035,0.17600323620469668,0.5317412630982185,0.15497804699509724,0.05545381236885188,True,False,,INFY.NS,lower
0.7823833648812555,0.17170903073298877,0.5234987488089577,0,0.8633171922344716,0.8066666666666666,188,0.01784859592247263,0.019479642710743598,0.1675582458419278,0.5286464416350297,0.10652173378619288,0.03684814804014248,True,False,,SBIN.NS,upper
-1.317259840635933,-0.192165154915201,0.7747198349356049,0,0.977467745410645,0.99,69,0.02902403845350249,0.02765502684815847,-0.16993131475444237,0.7469218278352683,0.1707986358338782,0.03702532908705464,True,True,sparse,SBIN.NS,lower
0.6841455055490376,-0.04976520457971154,0.718775625326289,0,0.7100388005353516,0.87,180,0.005994063892041942,0.008057214813928185,-0.04282212334200788,0.70888932159041,0.13997583549070533,0.011365969912188738,True,False,,TATAMOTORS.NS,upper
-0.7004665747583938,0.27111903387171227,0.47212470976074555,0,0.9862654760376581,0.9866666666666667,188,0.009123192780244732,0.004171849579794495,0.26661017538612664,0.47482554340458444,0.03421922072118805,0.0087860679567087,True,False,,TATAMOTORS.NS,lower
0.7740869817222787,0.06975855151363872,0.6801751577439972,0,0.667722853457369,0.6066666666666667,188,0.0074046941270750274,0.01085079817066719,0.0752090329335791,0.6714829214460399,0.09845483785260353,0.016159454935511127,True,False,,HINDUNILVR.NS,upper
-0.8483766985798433,-0.07283953645122351,0.6094024513301435,0,0.9706113976023651,0.8833333333333333,144,0.008010510774732154,0.011071438973196833,-0.06290368948066691,0.5964789283615003,0.12734562260831955,0.01856132423319012,True,False,,HINDUNILVR.NS,lower
0.6886999126159494,0.0144452913598913,0.6351188160095982,0,0.7573947595573771,0.6266666666666667,200,,,,,,,False,True,invalid,INFY.NS,upper
-0.7121241593757327,0.18178276863809734,0.5247508143551,0,0.6748931974891372,0.6233333333333333,188,0.018861076754185108,0.019471064610062747,0.17339019104976586,0.5345151516872644,0.10877821606984392,0.03642752536448148,True,False,,INFY.NS,lower
0.7780791807483128,0.17626823944543715,0.5180398985415173,0,0.8382642443993988,0.7733333333333333,188,0.012185880723811588,0.011662325127436007,0.17077261317545425,0.5242274397832317,0.07135734345013627,0.02224668916566346,True,False,,SBIN.NS,upper
-0.7631894278048356,-0.05291450149439675,0.6421856914546082,0,0.8260943265213215,0.8533333333333334,188,0.010770990634474654,0.014652752023455376,-0.061962767241020206,0.6541199409985342,0.1738300172146595,0.022400711063907314,True,False,,SBIN.NS,lower
0.6761961827430713,-0.039305916618414274,0.7015565903540169,0,0.7504049333570763,0.84,184,0.005018053872855466,0.006600119187906937,-0.03360437358275903,0.6937086532262052,0.1493273596433417,0.009514252218232372,True,False,,TATAMOTORS.NS,upper
-0.6928917523691831,0.25500200567576936,0.488382621945304,0,0.9513564077394906,0.9566666666666667,188,0.012375199710319114,0.006857178797539751,0.26119672172181324,0.48190690645254725,0.04737884593249537,0.014229259974140604,True,False,,TATAMOTORS.NS,lower
0.7722596875277132,0.06882407059466393,0.6811697613601277,0,0.5931174948068182,0.6566666666666666,188,0.005747663095941363,0.009285436559844764,0.07446029365402425,0.672079270232083,0.07719097040817302,0.013815983966412872,True,False,,HINDUNILVR.NS,upper
-0.7252814629083697,-0.03390967558739349,0.5635370143178555,0,0.5743247430197513,0.7233333333333334,188,0.008116937560430632,0.010586384433604235,-0.04126881206136543,0.572679730803157,0.19668449824812065,0.01848569746636631,True,False,,HINDUNILVR.NS,lower
0.8520709952996074,-0.01751564031296637,0.6787586806828734,0,0.8815126255048432,0.9433333333333334,152,0.003046714146693422,0.0045840326304000135,-0.01861298461861528,0.6804691895908929,0.1636874779755394,0.0067365762229297,True,False,,INFY.NS,upper
-0.7165034832810115,0.18294173328907648,0.5163461975402253,0,0.7067966853955849,0.6133333333333333,188,0.015927555956796936,0.015975437440908253,0.17639156346041784,0.5234617894295994,0.0902965807511835,0.030518821924190465,True,False,,INFY.NS,lower
0.7693749660435977,0.1722038945438939,0.5259259860178378,0,0.7879986663402809,0.74,188,0.008715535701504063,0.009311737807639728,0.163860232695717,0.5356880926806843,0.053188836767979905,0.01738276015659492,True,False,,SBIN.NS,upper
-0.7881899261532435,-0.037913320131494274,0.6227659614184324,0,0.800633388595482,0.8733333333333333,180,0.008611264794528192,0.010901889955348297,-0.04365865252481623,0.6298322544592574,0.19724069168709465,0.017309195750249657,True,False,,SBIN.NS,lower
0.688852341006796,-0.05860988642917857,0.7394983761860423,0,0.599616174793903,0.89,176,0.009229102541173591,0.01221499072601474,-0.05089813155718404,0.728523265528108,0.18132494151686654,0.016766781702561347,True,False,,TATAMOTORS.NS,upper
-0.6909069159849037,0.2589700645717613,0.47710295589899815,0,0.9911453001358015,0.9933333333333333,188,0.012436075878255293,0.008250935179451444,0.2466128136581235,0.48676057652375815,0.050427531276699876,0.016950705147218668,True,False,,TATAMOTORS.NS,lower
0.767251532630571,0.0723319004558549,0.6720989944047719,0,0.6863163260212723,0.61,188,0.00565631144357209,0.009745535090569609,0.07867138205106489,0.6618363540004684,0.07189794531537755,0.014724991887213244,True,False,,HINDUNILVR.NS,upper
-0.8288740516260773,-0.06711744777649385,0.6140031821134782,0,0.9717874889863901,0.97,148,0.008784362857760753,0.010645709399415162,-0.06623884005128307,0.6135652140080358,0.13261647584400657,0.01735057493948799,True,False,,HINDUNILVR.NS,lower
0.6840681148301516,0.021181406323965736,0.6318709588163572,0,0.5793836732076258,0.5466666666666666,200,,,,,,,False,True,invalid,INFY.NS,upper
-0.7234900124067604,0.1843777770431322,0.5127062170337615,0,0.5077939725240108,0.43666666666666665,188,0.021633172405822725,0.0202953445314616,0.18742756268059338,0.5092359992026828,0.11542150440527296,0.03985449607783682,True,False,,INFY.NS,lower
0.7756235791342058,0.1767313013212633,0.533055063427708,0,0.77235523957518,0.7266666666666667,188,0.012333711590459933,0.012883659983927771,0.16476649082279476,0.5472380603996316,0.07485569899748466,0.02354306229922786,True,False,,SBIN.NS,upper
-1.4269596274118055,-0.20017538306430338,0.7571199026268471,0,0.9256494656991302,0.8533333333333334,57,0.03537284558376004,0.030793121535311503,-0.20261467207038397,0.7643077549093072,0.17458184778274002,0.040288903173665146,True,True,sparse,SBIN.NS,lower
0.6921311930485046,-0.054335654582830725,0.7477734315375312,0,0.7052219266725627,0.8066666666666666,172,0.00839702182986907,0.01184260230410486,-0.044574072167511046,0.7340551455923511,0.18838350497746095,0.016133123259039556,True,False,,TATAMOTORS.NS,upper
-0.6740367399007532,0.24351071825093723,0.47998001695521764,0,0.9032127080385013,0.9833333333333333,188,0.006877546101100201,0.003579160969465761,0.24140621120182068,0.48078103696994184,0.02848951475592018,0.007444471848511799,True,False,,TATAMOTORS.NS,lower
0.7766037129112282,0.0824592172576229,0.6585409650103462,0,0.6790194169183879,0.5466666666666666,188,0.005728497339501852,0.009619731505202301,0.08071470347450897,0.6607550045848974,0.07097215727973817,0.014558696177653154,True,False,,HINDUNILVR.NS,upper
-0.8328754763214854,-0.06126312612825743,0.6076855519599145,0,0.885826887509887,0.94,148,0.008498641021136946,0.010552848785153666,-0.052602141125277356,0.5970139292275061,0.16156451474572914,0.017676050912325946,True,False,,HINDUNILVR.NS,lower
0.6832483408456638,0.01825506358194036,0.6344743953493833,0,0.7268059446927831,0.5266666666666666,200,,,,,,,False,True,invalid,INFY.NS,upper
-0.7191512871878408,0.18683089664419306,0.5105223714839565,0,0.676076259713247,0.49,188,0.01849354242886605,0.018910246457451308,0.17627698235995326,0.5224021608817543,0.1049118332533306,0.036198636819469956,True,False,,INFY.NS,lower
0.7726921818311748,0.18020959404444825,0.5335491382878373,0,0.8568070672955846,0.7533333333333333,188,0.01254141196493245,0.012682431419357975,0.1702528883386869,0.5451505839001907,0.07366342709763221,0.02326408805431834,True,False,,SBIN.NS,upper
-0.7761848848808336,-0.03600368773821348,0.6097835078705302,0,0.7982238062294542,0.9233333333333333,180,0.006944791010639994,0.00868248327261508,-0.04307115430060853,0.6182421419959677,0.16123991824715717,0.014043822868732035,True,False,,SBIN.NS,lower
0.674155985731251,-0.05684648120962214,0.7388227232620355,0,0.7222783776303634,0.6733333333333333,172,0.007769258044425744,0.010100751405203128,-0.05249013053207866,0.7329961404988837,0.14801366438860386,0.013780087928604353,True,False,,TATAMOTORS.NS,upper
-0.6506382615506996,0.21868779749376405,0.4883158746931927,0,0.757343257606129,0.85,188,0.025298465276444537,0.019152809511710205,0.22256873788237383,0.4846081396632591,0.11366584714676391,0.039522260459340125,True,False,,TATAMOTORS.NS,lower
0.775367024593428,0.08430097668005902,0.6568113213673183,0,0.7275122628345312,0.6366666666666667,188,0.0035404700585385364,0.0056154647823856,0.08430774511311466,0.6563154979773635,0.041994595322676215,0.008556044637268083,True,False,,HINDUNILVR.NS,upper
-0.7274801113030711,-0.013279486909286965,0.5540118318852911,0,0.9600605058790758,0.95,188,0.0029480951728584124,0.003422140649361222,-0.015026137186020486,0.5560377411509321,0.19619767704665908,0.0061545113479755595,True,False,,HINDUNILVR.NS,lower
0.6872128339246542,0.021435803394372392,0.6319615485221903,0,0.67401977044221,0.5333333333333333,200,,,,,,,False,True,invalid,INFY.NS,upper
-0.7186209411809114,0.1744887852136634,0.5232144041760347,0,0.5063954826817068,0.3566666666666667,188,0.02249022989269974,0.022251043317719817,0.17993319147847978,0.5169303379403241,0.12499210655899767,0.04304456762188112,True,False,,INFY.NS,lower
0.778721211935944,0.19351114593483337,0.5152251713882912,0,0.8540698169793574,0.6133333333333333,188,0.014941310496740743,0.016126712843754592,0.1750588711476525,0.5361067368156665,0.08535019988011104,0.03008116002930953,True,False,,SBIN.NS,upper
-1.411454538834744,-0.20858554091024292,0.7634698984727256,0,0.9485710938482418,0.91,57,0.03933008601466057,0.0369291293815851,-0.2055870730887974,0.7628461812755319,0.19130621157591443,0.048409666068905746,True,True,sparse,SBIN.NS,lower
0.7228909880325591,-0.04599357473639836,0.7406138798726144,0,0.694962424509912,0.67,180,0.009303618237695658,0.01291048977338808,-0.05016382153969224,0.7474670568024773,0.18546466551970117,0.017272319205469094,True,False,,TATAMOTORS.NS,upper
-0.6939566936051168,0.18571328161474737,0.5137757346295928,0,0.857836065249909,0.8933333333333333,188,0.006955996313267046,0.00848910248678068,0.19179877892980088,0.5068089428341899,0.03626715451166362,0.01675010364222594,True,False,,TATAMOTORS.NS,lower
0.7706414557682408,0.0791905144183632,0.667396638690698,0,0.5890719710344594,0.6466666666666666,188,0.004406215206276133,0.007325980333540148,0.0789667751850604,0.6672936776826616,0.05579833591997029,0.010978644738842627,True,False,,HINDUNILVR.NS,upper
-0.8267688663124478,-0.03895724584248981,0.5742929247641173,0,0.9154019364500943,0.96,152,0.003136831101075668,0.003922930485113609,-0.03616071428433456,0.5712735639727836,0.08674691016724453,0.006866990989680372,True,False,,HINDUNILVR.NS,lower
0.6807906980943103,0.014946027061291972,0.6371149862183279,0,0.810573118619979,0.6933333333333334,200,,,,,,,False,True,invalid,INFY.NS,upper
-0.7162077460775856,0.18064541523990302,0.5215195736398962,0,0.6786564455694922,0.38,188,0.01688472906991818,0.016408099639029998,0.18329237238546695,0.5181328678550334,0.09211909873269754,0.0316677445889098,True,False,,INFY.NS,lower
0.7778828624979535,0.18471667785920987,0.5243139810707597,0,0.8088223310196662,0.7833333333333333,188,0.012526284751835943,0.013564496790317767,0.17248382291232023,0.5382555851799605,0.0726229498749805,0.025200846794323814,True,False,,SBIN.NS,upper
-1.438768696945157,-0.25928662342103825,0.8281027463258875,0,0.8434211450360318,0.8266666666666667,53,0.0381429236834863,0.05249095581672686,-0.20620961149660988,0.7557732065495605,0.1849716002903064,0.06945331571337143,True,True,sparse,SBIN.NS,lower
0.7491029154620158,-0.04451300554122932,0.7422077996389245,0,0.6794674319648653,0.5866666666666667,172,0.009020897182297219,0.012913239359555932,-0.04541932108262122,0.7439239091793607,0.19861360718605742,0.017358279558749527,True,False,,TATAMOTORS.NS,upper
-0.690140286302266,0.18128850791601905,0.5183456722073627,0,0.8116127525799418,0.9,188,0.009547184711977746,0.007472118723896147,0.1825390003508607,0.5162581947890947,0.05230216102096189,0.014473607692005024,True,False,,TATAMOTORS.NS,lower
0.7913007179405053,0.08053893952466629,0.6424882200000215,0,0.3142084908132401,0.4266666666666667,188,0.005807074690881983,0.008062846681072365,0.07202778780505127,0.6551297588958951,0.08062268829319584,0.01230725127124182,True,False,,HINDUNILVR.NS,upper
-0.8646970671945893,-0.045478233080348575,0.5882869205273202,0,0.7126580494943475,0.9033333333333333,144,0.006948945664498772,0.008261959141559246,-0.03619627888505567,0.5775901633156071,0.19197950614676898,0.01430418923876799,True,False,,HINDUNILVR.NS,lower
0.6772931321670468,0.0022846813715856505,0.6518866472041428,0,0.9175992018000755,0.8033333333333333,200,,,,,,,False,True,invalid,INFY.NS,upper
-0.7076044274207363,0.18503320010589255,0.5167043871181738,0,0.5216199183487178,0.37333333333333335,188,0.018130709640041934,0.016380753307694527,0.19050461544006084,0.5102813514624975,0.09517201799253146,0.032101414131110506,True,False,,INFY.NS,lower
0.7795938317660157,0.19048254206251858,0.5167774395228285,0,0.9375945614753738,0.73,188,0.012320760900887334,0.012732487080709924,0.17566475733842113,0.533217600812303,0.07013791716782444,0.023878594447233784,True,False,,SBIN.NS,upper
-1.3785005353207442,-0.22282153435558233,0.7818939156065896,0,0.928449357567736,0.93,61,0.033521835631423295,0.031373479909455555,-0.2050128094918341,0.7596403858528548,0.1635109244120147,0.041300436470643825,True,True,sparse,SBIN.NS,lower
0.7177398958487449,-0.03180433806032856,0.7319820569075952,0,0.6231690137254372,0.62,180,0.005972278140568402,0.007844724817154904,-0.035757395105951106,0.737990902851291,0.16702213493602852,0.010629839311768946,True,False,,TATAMOTORS.NS,upper
-0.6957211019512324,0.18544384639789563,0.5134514515909716,0,0.6779388902405064,0.78,188,0.008478194073507472,0.010968994027430266,0.1845028410098857,0.513493012486827,0.04595156132873637,0.021361524981016972,True,False,,TATAMOTORS.NS,lower
0.7841874616407691,0.06362411848464902,0.6682390586124333,0,0.25347068519127447,0.4166666666666667,188,0.0030731200340874663,0.0035129639033490896,0.06456393784092089,0.6664593803964581,0.047598081233497784,0.005271084711191968,True,False,,HINDUNILVR.NS,upper
-0.7967286422734252,-0.038788034561224594,0.5798359860205047,0,0.9676937899022152,0.99,164,0.006066766128782307,0.006280749933558384,-0.033937357389946556,0.5743849351690652,0.17876360470374897,0.010934739822802457,True,False,,HINDUNILVR.NS,lower
0.6730089665260566,-0.006004105332120662,0.6631399406676507,0,0.9412048305249204,0.9333333333333333,200,,,,,,,False,True,invalid,INFY.NS,upper
-0.7262421995862409,0.20376277173208263,0.49798942901635224,0,0.9124966194404169,0.8,188,0.019052154400204732,0.017155817370310467,0.19372131330840778,0.508415225219557,0.0983482565307143,0.033743712190099494,True,False,,INFY.NS,lower
0.7782766746069266,0.18971056445624643,0.5133573884286149,0,0.9487025839457288,0.8933333333333333,188,0.011990335108785822,0.012190848870853433,0.1831169019333568,0.5201056110217347,0.06547912468701722,0.02343917923229672,True,False,,SBIN.NS,upper
-1.3781677909923375,-0.24265186244478307,0.8158061344038685,0,0.8877248918091386,0.97,61,0.041833107348635885,0.04021917758104617,-0.2265726362979857,0.7967807059073873,0.18463441210647055,0.05047709712106159,True,True,sparse,SBIN.NS,lower
0.699994271073824,-0.050529516622067415,0.7527663083860976,0,0.7530617223790134,0.7333333333333333,180,0.006455209955096508,0.009020481403572676,-0.04130121745905201,0.7393734722127988,0.15629583797470686,0.012200168954634612,True,False,,TATAMOTORS.NS,upper
-0.6906907275473751,0.18198732154941402,0.5250553824688087,0,0.6596073455310093,0.7266666666666667,188,0.009368867188344676,0.011183260115416807,0.19474615305300635,0.511248644936658,0.04810809641366152,0.02187440496406269,True,False,,TATAMOTORS.NS,lower
0.7919706916887402,0.06960317299064027,0.6558477798947983,0,0.23022590724395475,0.43666666666666665,188,0.004354383195930834,0.006053919024302121,0.06334184571612168,0.6655908073312297,0.06874416839705191,0.00909555670941506,True,False,,HINDUNILVR.NS,upper
-0.8148795783423944,-0.04542543359709466,0.5896810180688354,0,0.9792296208690441,0.9933333333333333,160,0.007983695902431228,0.00874083402675613,-0.04499191928078678,0.5895509869983703,0.17744728954845154,0.014826256034268553,True,False,,HINDUNILVR.NS,lower
0.6766734742728698,0.00033882070577927567,0.655000750650967,0,0.9331737517998702,0.9266666666666666,200,,,,,,,False,True,invalid,INFY.NS,upper
-0.7144608616883977,0.18454469823656472,0.5138336489958408,0,0.5263362357108503,0.4266666666666667,188,0.022171323100687323,0.02057345297042311,0.19247673625810843,0.5050689369806605,0.11518961917070185,0.040733949480388235,True,False,,INFY.NS,lower
0.7766307838306438,0.18937489628387583,0.5106849334455186,0,0.9636588164039126,0.93,188,0.010626115699824475,0.010309143021772382,0.1791389901658016,0.5215860394108226,0.05931771244670063,0.019764989944453974,True,False,,SBIN.NS,upper
-1.3747794973463723,-0.25240037779359814,0.8289166403941204,0,0.8233847163139119,0.9533333333333334,61,0.03962051122405741,0.03765050886806631,-0.22604515116608917,0.79446197013849,0.17527697129046618,0.047391202863481405,True,True,sparse,SBIN.NS,lower
0.6917599188868683,-0.04640625519940676,0.7500551896497001,0,0.5973869026091984,0.6566666666666666,180,0.00677374732209136,0.009882890236775705,-0.03899715991789696,0.7394499527791513,0.17369843340818136,0.01336519133712823,True,False,,TATAMOTORS.NS,upper
-0.6933730648790052,0.1932135965101815,0.514906204483077,0,0.7591876076138897,0.8333333333333334,188,0.012430405983509512,0.010947333324924,0.19755913345288412,0.5096799083631559,0.06291992244071477,0.021478839817902794,True,False,,TATAMOTORS.NS,lower
0.7768929473476766,0.06383642000402365,0.6657131739963221,0,0.24884152047489905,0.41,188,0.004171950430295464,0.005800307284298707,0.0675859977334676,0.6594282602564785,0.061728019899444,0.008795963937128039,True,False,,HINDUNILVR.NS,upper
-0.8128914694588548,-0.05163681046044717,0.6015457052293722,0,0.9859084454975771,0.9866666666666667,160,0.0056445052692686935,0.006227541792471867,-0.05204421307868656,0.6024299665529207,0.10845594256897001,0.01033737037473733,True,False,,HINDUNILVR.NS,lower
0.7343607032796434,-0.02515873510376078,0.6908224606904002,0,0.9334111900851021,0.9466666666666667,180,0.004167828157858447,0.005825566892567765,-0.022654785696674302,0.6871448592277408,0.18397112089032341,0.008477931151716122,True,False,,INFY.NS,upper
-0.7164128301311842,0.19861639928367303,0.4991554982891231,0,0.7552782126283952,0.4633333333333333,188,0.02311041024854977,0.020198636199351756,0.20159947946579695,0.49618923524898967,0.11463526177466161,0.04070752518873319,True,False,,INFY.NS,lower
0.7684362467780382,0.19478948789515624,0.5143714800134771,0,0.9430461932895203,0.9266666666666666,188,0.007753727660537746,0.00782106635246951,0.18681035451867864,0.5223234534079266,0.041505875118414394,0.01497360716181608,True,False,,SBIN.NS,upper
-1.3631657092175165,-0.25982235030147227,0.8369397000923342,0,0.8342735186305751,0.9533333333333334,61,0.039961293044478104,0.038898710328726736,-0.22775625927394347,0.7937015137862174,0.17545639104411642,0.04900924234486421,True,True,sparse,SBIN.NS,lower
0.722425190294366,-0.02766910284083115,0.7241249386200171,0,0.6292494494790946,0.6633333333333333,176,0.006833320205077434,0.01077365065808462,-0.03623794579873,0.7371698215571884,0.18856803741995057,0.014614882754122607,True,False,,TATAMOTORS.NS,upper
-0.7001440492816736,0.20054677971173607,0.5051155316340519,0,0.919869965545839,0.95,188,0.009527220240431875,0.006672506814589741,0.19637988856102587,0.5083800813852016,0.04851423343347564,0.013125035633100659,True,False,,TATAMOTORS.NS,lower
0.7831656808063803,0.06449482325586789,0.6588995841779991,0,0.3013140008409285,0.47,188,0.007328344531733964,0.010395048005234806,0.06772224287266469,0.6535363272181743,0.10821176527474866,0.0159058454951137,True,False,,HINDUNILVR.NS,upper
-0.8221622814803718,-0.039278234626504246,0.5916424976951714,0,0.9643395359054477,0.9733333333333334,160,0.00673126382308564,0.007500317936712866,-0.03583144191714196,0.5878669145068852,0.1878590864431415,0.012758530245606666,True,False,,HINDUNILVR.NS,lower
0.7328625113397317,-0.02286365953827659,0.6884635721971606,0,0.9784307976216939,0.9666666666666667,180,0.0038282077201501077,0.005677883275392351,-0.02292577811731718,0.6887435752109695,0.16698260057888434,0.008243827452350288,True,False,,INFY.NS,upper
-0.7066289647052334,0.18653541991061573,0.5124985765641539,0,0.5288318980251372,0.36666666666666664,188,0.023365015942711415,0.020822859139060432,0.20034778919586396,0.4976647941870296,0.11662227404788866,0.041841132754155755,True,False,,INFY.NS,lower
0.7712696748144292,0.19444700686915603,0.5150991828748097,0,0.880263852583581,0.9366666666666666,188,0.010255170285220876,0.010542452850791053,0.1858089473839966,0.5239593837094372,0.05519201242826702,0.020120744044981074,True,False,,SBIN.NS,upper
-1.365999755974592,-0.26671770639767545,0.8489761453365191,0,0.7483363448238409,0.8466666666666667,61,0.035871695165157945,0.03666696456669574,-0.23030911446255173,0.798333971035857,0.15575455487865694,0.04592935467825069,True,True,sparse,SBIN.NS,lower
0.7180018690548291,-0.03301720916937221,0.7272908372176987,0,0.668224161919018,0.77,176,0.008729211161378455,0.01415947932693324,-0.043939288508923764,0.743968333756495,0.1986652372159654,0.019032368037917104,True,False,,TATAMOTORS.NS,upper
-0.6859151993565967,0.20006647705002983,0.502333898033031,0,0.7496263845138558,0.8233333333333334,188,0.008644208528449252,0.007670310779154043,0.20228951950599294,0.49924384339335925,0.04273186333251698,0.015363856213790033,True,False,,TATAMOTORS.NS,lower
0.7811591514883253,0.06916733164650482,0.6516200411004139,0,0.2658761369867134,0.48,188,0.005658145957934708,0.008014988067034271,0.07127566831282495,0.6480970276878839,0.07938396507573627,0.012366956799599193,True,False,,HINDUNILVR.NS,upper
-0.86368789258456,-0.05054082281673129,0.6025187129288354,0,0.9102299590238022,0.9866666666666667,148,0.008821391845154892,0.009533996381436611,-0.04679465596059951,0.5983104270482053,0.18851276452282803,0.015934865566566182,True,False,,HINDUNILVR.NS,lower
0.7172644707935012,-0.01933423604115835,0.6837908289663934,0,0.9711985344797167,0.9933333333333333,184,0.003319316670567047,0.0050369770762039075,-0.019957774183914246,0.684863862658401,0.16631689369816813,0.007354712779128108,True,False,,INFY.NS,upper
-0.7166013586561727,0.1879325469359202,0.5140641434207522,0,0.47242161646081937,0.4033333333333333,188,0.020947309532485983,0.018826784817182387,0.19817184589974532,0.5027385128451202,0.10570274692831852,0.03744846269316505,True,False,,INFY.NS,lower
0.7666314078158227,0.1934370970281651,0.5202927570468647,0,0.8005849033059436,0.9533333333333334,188,0.007508503220007031,0.006458797526410673,0.18481513257347323,0.5293306801537062,0.04062709968162932,0.012201819479870282,True,False,,SBIN.NS,upper
-0.7329470622813772,-0.049078631831000474,0.6275531086493503,0,0.7211488201050535,0.9333333333333333,188,0.004179785041455409,0.004352268917770461,-0.0446345071923179,0.6227129433328223,0.09364467914923019,0.006989205691766454,True,False,,SBIN.NS,lower
0.7046542067743378,-0.049349927006460265,0.7533298243684449,0,0.7219373774209418,0.8733333333333333,176,0.009096512219738005,0.014250443347378168,-0.04729932691159416,0.7508747008170108,0.19231796497993273,0.018978456914433253,True,False,,TATAMOTORS.NS,upper
-0.686251375974339,0.20916183469288596,0.49434801571374504,0,0.8789549077350441,0.9333333333333333,188,0.00787709781158661,0.0058178658725175315,0.21205388048178164,0.4906179152135437,0.03714667905262206,0.011858241563402476,True,False,,TATAMOTORS.NS,lower
0.7815924663713837,0.06970886309271414,0.6513417719857304,0,0.2474485172858084,0.49333333333333335,188,0.008962353989760087,0.012415393661016905,0.07148816298163459,0.6484356203756951,0.12536834578305042,0.019146686393256316,True,False,,HINDUNILVR.NS,upper
-0.7891699456740748,-0.032174708186525285,0.5834870905646947,0,0.9913568475972062,0.9666666666666667,172,0.006207153666275821,0.0066282064924116976,-0.033558382113522946,0.5853213432150415,0.18496576490548064,0.011324046963269692,True,False,,HINDUNILVR.NS,lower
0.7219008739631915,-0.01853680693982109,0.6877924155334849,0,0.9867153526996149,0.9833333333333333,180,0.0033491171160304777,0.004717218614431871,-0.02190943266428891,0.6929159893865066,0.15286181247729042,0.006807778458872935,True,False,,INFY.NS,upper
-0.7140193227362942,0.18941348413711973,0.5111433835369584,0,0.48541080168210204,0.44666666666666666,188,0.014176700926178456,0.011984138808697498,0.19974315794074848,0.4993887863386867,0.07097464745519512,0.023997612474609513,True,False,,INFY.NS,lower
0.7697731262780281,0.18870268650185898,0.523802351915872,0,0.953252233756083,0.93,188,0.006326006042670146,0.0057487298671944995,0.17866817777236033,0.5346526864711161,0.03540644880066763,0.01075226947350684,True,False,,SBIN.NS,upper
-0.7321008294679257,-0.05954677581684864,0.6420702841086857,0,0.6893146921335787,0.8466666666666667,188,0.008156620890975033,0.01042482123605808,-0.051650413995480864,0.633214070129034,0.15791972766164888,0.016463344014608375,True,False,,SBIN.NS,lower
0.7044787221064942,-0.04301427324723317,0.7463622053574135,0,0.6590292064199863,0.84,176,0.00845831657979109,0.012844095823356985,-0.04585025225287909,0.7512677648183317,0.18447695093085242,0.01709656164403283,True,False,,TATAMOTORS.NS,upper
-0.6850710587109305,0.22267516266032272,0.4812822522484783,0,0.8818237837535204,0.9333333333333333,188,0.00741476144384993,0.005114758603289721,0.21769275447310907,0.4848756595915049,0.034060670145818525,0.010548598174865675,True,False,,TATAMOTORS.NS,lower
0.7772430930927292,0.06729398247676559,0.6548824979264564,0,0.3265506483834394,0.33666666666666667,188,0.014443518178304209,0.0207821550514223,0.07429647327285767,0.6438959217680642,0.19440379331629526,0.03227564273368973,True,False,,HINDUNILVR.NS,upper
-0.7722917551789106,-0.020214416882322738,0.5712396804270674,0,0.9669081856647426,0.9666666666666667,180,0.0030071523948893945,0.003160884957087231,-0.02236518261217409,0.5737653769603619,0.1344568073718491,0.005509019939025353,True,False,,HINDUNILVR.NS,lower
0.7174745361019546,-0.026112177670947607,0.6997736536251987,0,0.9748814591404549,0.9966666666666667,180,0.0030726006638370222,0.003994944965559273,-0.02663896337593306,0.7007512573395264,0.11534230769617264,0.005700945758866036,True,False,,INFY.NS,upper
-0.7144920740450664,0.19553418071004552,0.5055734907015811,0,0.6751456098826125,0.4666666666666667,188,0.014741612998504523,0.011905994351977481,0.20568185120201662,0.4943072685477265,0.07167191560963952,0.024086220997913004,True,False,,INFY.NS,lower
0.7699553349198561,0.18716260335868484,0.5269696162212262,0,0.7381873811705748,0.8633333333333333,188,0.006456424184477647,0.007266869163908512,0.17485904118656673,0.5407671200657475,0.03692359154796587,0.013438074838285737,True,False,,SBIN.NS,upper
-0.8104735944482628,-0.03343167730411556,0.6084576245288307,0,0.7053392522148809,0.8733333333333333,168,0.006202946404163641,0.007239316498696687,-0.03839753553437424,0.6143354808832672,0.16154538832724713,0.011783978959588165,True,False,,SBIN.NS,lower
0.6930531869775678,-0.04957478403189456,0.7507200767307836,0,0.8054792707895525,0.8466666666666667,172,0.008653686540996726,0.012170581538410857,-0.043493362648321994,0.741880391859468,0.19896563577555973,0.016405045217404584,True,False,,TATAMOTORS.NS,upper
-0.6848089818301257,0.2415774846109232,0.4698268576051351,0,0.87555195427913,0.9833333333333333,188,0.015790283790234793,0.011620367645358447,0.2244351411055692,0.48426858320185323,0.07035566270457966,0.02399570777144087,True,False,,TATAMOTORS.NS,lower
0.7830745151517203,0.07604373064342103,0.6394344450863726,0,0.2849275740121844,0.41333333333333333,188,0.01279447727740499,0.017920054514165274,0.07593301243216126,0.6396674791435544,0.1684968787965158,0.028014640134608512,True,False,,HINDUNILVR.NS,upper
-0.7414051073287325,-0.027435238815279407,0.5802097718664292,0,0.9260637394424817,0.9533333333333334,188,0.003548691937297595,0.003998812349192001,-0.025534043596018196,0.5782513127916333,0.1389787925349613,0.006915353569598197,True,False,,HINDUNILVR.NS,lower
0.7220859575300067,-0.02786254225779152,0.701242950894002,0,0.9641522530668212,0.9733333333333334,176,0.004845050571505908,0.0073207869454764716,-0.03129660358058332,0.7068250621777786,0.1548106972989505,0.010357282492711532,True,False,,INFY.NS,upper
-0.7098887177745485,0.19940514584665306,0.5001614719964759,0,0.807415474977798,0.7066666666666667,188,0.008618209087496073,0.00760201394446903,0.20111811233139007,0.4975867841692893,0.04285147945691099,0.015277764670504235,True,False,,INFY.NS,lower
0.7678961452591878,0.17699641522032972,0.5374141160950152,0,0.9559227133194849,0.92,188,0.006375982561511881,0.004617890775947843,0.17436839809115676,0.5396927231232663,0.036566156858980035,0.008556518352996078,True,False,,SBIN.NS,upper
-1.3418243227253208,-0.23819395012674305,0.8039851608755948,0,0.8030144171181726,0.9566666666666667,61,0.03620704456984397,0.03366471026444939,-0.21986084248124171,0.781526230868295,0.16468163459401267,0.04307559811049603,True,True,sparse,SBIN.NS,lower
0.6825172893735367,-0.04921930098553829,0.7359288050445364,0,0.7782416501944269,0.89,172,0.00639655111105,0.010186568124382992,-0.04996611187226618,0.7376803150667249,0.1280177622630429,0.013808919362816937,True,False,,TATAMOTORS.NS,upper
-0.6696496167391014,0.2538114184894893,0.45539200282918046,0,0.9903250129590618,0.9933333333333333,188,0.01623201282922341,0.010612728236208844,0.24791720874435383,0.45946256579921324,0.06547351939262219,0.023098134201133814,True,False,,TATAMOTORS.NS,lower
0.7823400670993346,0.07677930950391168,0.6416904666380403,0,0.38875605142572556,0.47333333333333333,188,0.014054218055062696,0.01964112489701335,0.07685322701639295,0.6416533072242055,0.1828708666111865,0.03061018211825183,True,False,,HINDUNILVR.NS,upper
-0.7733845477468246,-0.03004962551547451,0.5855011992507932,0,0.9028120153945524,0.9866666666666667,176,0.005216675525733661,0.005385069440677925,-0.030598881296896155,0.5862943849945691,0.1704857694063844,0.00918492396763883,True,False,,HINDUNILVR.NS,lower
0.7002450728049623,-0.03290239340499195,0.7101373277900722,0,0.9172801424808538,0.99,180,0.006319139028552593,0.009215690891067711,-0.03162209916725286,0.7085487937114516,0.19983293951488063,0.013006430668988463,True,False,,INFY.NS,upper
-0.7051906190350475,0.192056872748928,0.5084913897753238,0,0.6271566570477687,0.62,188,0.003561239429158177,0.003961039173049723,0.19630910813303218,0.5029857209914039,0.018140978182912743,0.007875052767883424,True,False,,INFY.NS,lower
0.7835288972989561,0.168701321040838,0.5422543699924571,0,0.8467289132390675,0.8533333333333334,188,0.007708630105064431,0.0064385077943383134,0.16426029325863148,0.5470767494389542,0.046929355128043464,0.011768929466024513,True,False,,SBIN.NS,upper
-1.2705415529360469,-0.1537646475005382,0.7191472457909809,0,0.8055422747599433,0.83,73,0.02919573353519257,0.026972426321955848,-0.15376693740669514,0.7215923368199609,0.18987002101286016,0.03737903601780512,True,True,sparse,SBIN.NS,lower
0.6494113330446586,-0.06562144805285824,0.7404144589027468,0,0.9380631136073202,0.9433333333333334,180,0.01122953075551141,0.01458369565825331,-0.06061698397787207,0.7336000566199345,0.1852538375560275,0.019879626954571787,True,False,,TATAMOTORS.NS,upper
-0.6479037564978025,0.22903067850720524,0.47634115911155156,0,0.7334696529192304,0.7,188,0.03574728902378681,0.027213234870730577,0.23259503421302455,0.4736590427704564,0.1536889538843626,0.05745321389205792,True,False,,TATAMOTORS.NS,lower
0.7781914908524021,0.09845738120021642,0.6337900625729964,0,0.4614095895446829,0.5866666666666667,188,0.01516983369081789,0.019538020309521287,0.0932675770975339,0.6413499383704709,0.162648505905424,0.03046389940338047,True,False,,HINDUNILVR.NS,upper
-0.8030766622073938,-0.032496891692964554,0.5852344922830625,0,0.9239119618497935,0.8733333333333333,164,0.004781338771629372,0.005744500409869292,-0.028354411358185855,0.5808393164741814,0.16862762640187012,0.009889999089317236,True,False,,HINDUNILVR.NS,lower
0.7264947067416196,-0.04118629592351851,0.7266651375452946,0,0.8094894083846509,0.9033333333333333,176,0.006733156229187017,0.011138372999162928,-0.03569903831402788,0.7180599926009443,0.18860884385372353,0.015511758013004077,True,False,,INFY.NS,upper
-0.7210258415776898,0.17672415615424897,0.5164384632810666,0,0.6533310810222117,0.6233333333333333,188,0.0033237523943917685,0.0019398813394972576,0.17834737832132486,0.5138095142347479,0.018636395103265722,0.0037754873119303445,True,False,,INFY.NS,lower
0.7812375777489995,0.17450668929826477,0.5369777843750764,0,0.7184496918479786,0.5833333333333334,188,0.006401618625529039,0.009381040940572512,0.16486215312380006,0.5485049171627685,0.03883012635665751,0.017102929209947996,True,False,,SBIN.NS,upper
-0.7377213302998844,-0.03702648754434562,0.6049118029453633,0,0.7128208198386099,0.96,188,0.004201203292897908,0.004768966366600687,-0.034598981903647304,0.6025337074514014,0.12142559831215867,0.007914853938419366,True,False,,SBIN.NS,lower
0.6682569429378307,-0.08499205238401772,0.7902882178755737,0,0.9910163024338753,0.9833333333333333,180,0.009977629517731058,0.013195641829191328,-0.07606831767818982,0.7771009118165088,0.13116667372972665,0.016980602465823762,True,False,,TATAMOTORS.NS,upper
-0.6842965057276443,0.24667874200319345,0.4485064285329992,0,0.9695171992699005,0.9866666666666667,188,0.027105476095551275,0.01933817804587566,0.2327465686367106,0.4602562639201356,0.11645918171738052,0.04201610959295962,True,False,,TATAMOTORS.NS,lower
0.7669457025756325,0.09598543730005366,0.6394842111452851,0,0.5533584823202401,0.5933333333333334,188,0.016500410692471493,0.021202833566597457,0.09494315494214844,0.6411747911605289,0.1737925073650711,0.03306872560839921,True,False,,HINDUNILVR.NS,upper
-0.9724346699015713,-0.053275352590453795,0.6010757400221366,0,0.8363952459481836,0.8133333333333334,121,0.01005376206502422,0.010995710148109942,-0.05814393780436006,0.6077958923072865,0.17291158314279986,0.01809112254026152,True,False,,HINDUNILVR.NS,lower
0.774589019066288,-0.024086236263767366,0.7123114307563339,0,0.645246017610432,0.87,168,0.004924829314715047,0.008108406697548604,-0.02595644705101664,0.7156054481509312,0.18973426554461736,0.011330834058337251,True,False,,INFY.NS,upper
-0.73753066224329,0.16855088063575702,0.5039399367761569,0,0.468091846961577,0.77,188,0.005896715542802751,0.004814388368711497,0.1649881230161485,0.507105267968448,0.03574024043429596,0.00949386365686978,True,False,,INFY.NS,lower
0.7694431805805778,0.16737065447690994,0.539974791851884,0,0.8152874930985852,0.7033333333333334,188,0.006556643922603306,0.006042533119570022,0.16069755870686908,0.5476716326638886,0.04080113952790028,0.011033131257588926,True,False,,SBIN.NS,upper
-0.7983915488790154,-0.05871292450560937,0.624740407107677,0,0.6951926836033595,0.8,168,0.006332744167399128,0.007018678504535204,-0.049236394674953034,0.6142116250436521,0.1286191428721571,0.01142713375013872,True,False,,SBIN.NS,lower
0.6589995874184436,-0.06621108646095097,0.7580060646714306,0,0.9151746163425756,0.89,184,0.011754726413057158,0.015498238543757904,-0.0675516585315671,0.7606156406114465,0.1740108966748044,0.02037591328984504,True,False,,TATAMOTORS.NS,upper
-0.6875982258647377,0.23945147305379147,0.45880714374932885,0,0.9497214710132373,0.9866666666666667,188,0.03218209286918256,0.02452214566867049,0.23084347299662622,0.4666013804616018,0.13941087897054866,0.05255480624352854,True,False,,TATAMOTORS.NS,lower
0.7641105183898532,0.09027241522497956,0.649478543052914,0,0.45190797664590276,0.5866666666666667,188,0.011065978290678444,0.014829513157652132,0.0841453502223435,0.6585240740377997,0.13151026107010527,0.022519317845937595,True,False,,HINDUNILVR.NS,upper
-1.0152052659277628,-0.043294446505793546,0.583902766236553,0,0.5820438337822238,0.6866666666666666,113,0.007145195723566027,0.007939320004626492,-0.044328417996973325,0.5857270163686715,0.1611876632316826,0.013554641748132824,True,False,,HINDUNILVR.NS,lower
1.6351696153238633,0.17773754395144617,0.5110524724181307,0,0.9500333861113569,0.9666666666666667,49,0.0319570982522163,0.03336773621643616,0.16886157810721994,0.5169958730544594,0.18925025288714506,0.0645415898078269,True,True,sparse,INFY.NS,upper
-0.7403326013389107,0.16827800285845715,0.5038532007817297,0,0.6140259256671955,0.83,188,0.006821480183372358,0.00449416312209282,0.16430877450851225,0.5074514791641409,0.041516223273010466,0.008856340395207968,True,False,,INFY.NS,lower
0.7673633373559585,0.1523478108487517,0.556008903442833,0,0.6750334150454731,0.5766666666666667,188,0.010404980696482082,0.011465309391176147,0.15387454276424614,0.5535466926896128,0.06761989237053206,0.02071245178675561,True,False,,SBIN.NS,upper
-1.4109209072656765,-0.20663728921303068,0.744488072050396,0,0.6871819283713638,0.8633333333333333,57,0.027699055699151723,0.041531726851792,-0.1868498449559923,0.7241478382715535,0.14824231844159327,0.05735255162453747,True,True,sparse,SBIN.NS,lower
0.6567097080023513,-0.06481996298076304,0.7558957482686287,0,0.9782712800354739,0.9266666666666666,184,0.012236840842621955,0.01633787708717581,-0.06634913021635522,0.758854217251943,0.1844310386347033,0.021529664724067695,True,False,,TATAMOTORS.NS,upper
-0.6808935411353159,0.21702255750982352,0.4760561439554808,0,0.8965694719576093,0.76,188,0.03726582909257741,0.029739717380168163,0.217209790738907,0.4769187941940391,0.17156605717516452,0.06235803058851139,True,False,,TATAMOTORS.NS,lower
0.7707878207992177,0.09767451512408298,0.6398592998486025,0,0.41802006644804823,0.6433333333333333,188,0.012183254524705773,0.016364521717166867,0.08880458194412205,0.652742294797594,0.13719171788291945,0.025070416911680434,True,False,,HINDUNILVR.NS,upper
-1.0470323052954806,-0.04914442901205947,0.5975740468555397,0,0.6476433517666489,0.5633333333333334,105,0.009161320173397283,0.010921051657596204,-0.04845051666650397,0.5973327788688193,0.18908608024958615,0.018283027252325477,True,False,,HINDUNILVR.NS,lower
0.7642596695583014,-0.0201420953760966,0.7011794704881751,0,0.7588252135470182,0.84,172,0.003903204786617489,0.006576334201351308,-0.023712943433248434,0.7072078551589218,0.16460222036891967,0.009299011684313623,True,False,,INFY.NS,upper
-0.7445265922073316,0.17812948241239163,0.4938612722252145,0,0.6387310261564078,0.9466666666666667,188,0.00780507812001409,0.006630475341802259,0.17087030696137498,0.5008280432058975,0.045678373276374376,0.013239025448673052,True,False,,INFY.NS,lower
0.7712256380077765,0.1466744847636568,0.5570842785837878,0,0.6029953173665387,0.56,188,0.009249522502047114,0.00950640216983623,0.14747878947457282,0.5554660076922971,0.0627176416881658,0.01711428218296937,True,False,,SBIN.NS,upper
-1.4032563315009665,-0.22632261112059007,0.7738513652226302,0,0.7474076014155042,0.85,57,0.03655539764322535,0.044049541888381887,-0.19225546223596326,0.7331012178804247,0.1901396991101474,0.060086574968289036,True,True,sparse,SBIN.NS,lower
0.9738226452248613,0.06743150474548103,0.6517780305526581,0,0.8257946896972975,0.8266666666666667,121,0.012520401948098189,0.01384536532262624,0.0674723750068256,0.6514238014193553,0.18556335227858936,0.02125400557965367,True,False,,TATAMOTORS.NS,upper
-0.6678098256192768,0.22353629621658438,0.4545855797225392,0,0.8267635071283167,0.9666666666666667,188,0.022435599086755527,0.019179285945227848,0.20200726254700077,0.4742469922485313,0.11106332363125919,0.04044155441003053,True,False,,TATAMOTORS.NS,lower
0.763980541065485,0.09279166222663274,0.6444605032934314,0,0.5187149908255491,0.5166666666666667,188,0.01159027667874127,0.015455416064724595,0.08691227281235236,0.6531563282363049,0.1333560263716144,0.023662659550174943,True,False,,HINDUNILVR.NS,upper
-0.7435737041067377,0.036709927493487095,0.5315576234422195,0,0.7874272436872277,0.8933333333333333,188,0.006713599097974758,0.006494930015448033,0.03729638119303602,0.5308952214654564,0.1800066677557887,0.012233920424411715,True,False,,HINDUNILVR.NS,lower
0.7341178956854932,-0.01892412483293773,0.6998300574596547,0,0.9288671948941204,0.9666666666666667,180,0.003015034829925087,0.004260643760557472,-0.019538087067179206,0.7010076084852139,0.15431568486727656,0.00607788510168287,True,False,,INFY.NS,upper
-0.7500049201108963,0.18098566042884356,0.4873299984613608,0,0.7279335112384052,0.8833333333333333,188,0.009047491333485138,0.006844521481328143,0.17102990739420984,0.4971134488279007,0.05290005088777198,0.013768529819060276,True,False,,INFY.NS,lower
0.7795716895887629,0.10998586711868759,0.5709579536825373,0,0.8914970092412903,0.7833333333333333,188,0.010681585519973525,0.012117847376327442,0.10497905443192829,0.5771680203772471,0.10174967340178384,0.020995354452336877,True,False,,SBIN.NS,upper
-1.3350977761435823,-0.21560388045332757,0.7844016333936247,0,0.9305650175178235,0.92,65,0.03443771921739969,0.03559316084508192,-0.2046246037941426,0.7721443051188035,0.1682970517517745,0.04609651349904129,True,True,sparse,SBIN.NS,lower
1.1683018954178213,0.1653690186260115,0.5594205309078103,0,0.7716354215568318,0.8933333333333333,97,0.021275399187631445,0.02647608582861932,0.13981530945982698,0.584411909031035,0.15216786879884425,0.045303808780144526,True,True,sparse,TATAMOTORS.NS,upper
-0.6723545514441065,0.2180088750538654,0.4650488108335827,0,0.7973238462004393,0.9766666666666667,188,0.018746776434791765,0.014585822075174355,0.2130400940702346,0.4691311706826415,0.0879964667526231,0.03109113756614995,True,False,,TATAMOTORS.NS,lower
0.7514106650646365,0.08933397376631474,0.6527935560196758,0,0.7022025081326281,0.5133333333333333,188,0.014258142996148623,0.019053440201081732,0.08960993669610073,0.6524753595618352,0.15911339669136362,0.029201776940448988,True,False,,HINDUNILVR.NS,upper
-0.7480908946990629,0.04447199197327079,0.5251577618807917,0,0.7629492970132198,0.9,188,0.004005661449392999,0.004204162165941658,0.038705930822561026,0.5304322909602804,0.10348957716222643,0.00792591657470813,True,False,,HINDUNILVR.NS,lower
0.7327440415409356,-0.024260201032549215,0.7039119184335475,0,0.9342815499903493,0.9566666666666667,180,0.003575683963630972,0.00580607957946799,-0.02626723261408846,0.7073648962199109,0.1361271152881936,0.008208040190310135,True,False,,INFY.NS,upper
-0.7394766562588297,0.16599713639449454,0.5023428819912105,0,0.721335546539067,0.8233333333333334,188,0.009138445031755897,0.006769306172606756,0.1654753828604399,0.5022858741956813,0.05522540163698635,0.0134769986288716,True,False,,INFY.NS,lower
0.7499069031386866,-0.018201312685406604,0.6502455154754622,0,0.7422805105666689,0.9233333333333333,200,,,,,,,False,True,invalid,SBIN.NS,upper
-1.316461246446304,-0.14236680220591552,0.7214423590089585,0,0.981705163621121,0.9833333333333333,73,0.021182787969753345,0.02376828440766832,-0.11908051912962651,0.6938960544433534,0.177886243238763,0.034253378316441874,True,True,sparse,SBIN.NS,lower
0.7994858846511218,0.04883574003771995,0.6990866216080276,0,0.45762693544575017,0.6433333333333333,148,0.007761262108298248,0.010885571028976344,0.049734373603123154,0.6973150598942554,0.15605425353679997,0.015610692352636363,True,False,,TATAMOTORS.NS,upper
-0.6604813538128655,0.19250372104213873,0.47205718295688487,0,0.47219932182468494,0.4166666666666667,188,0.013085762718973198,0.011232010161387598,0.18662121723116312,0.47736636423344136,0.07011936912602222,0.023529118864779798,True,False,,TATAMOTORS.NS,lower
0.7543538725402462,0.09889669640926482,0.6435918984425711,0,0.6957738970192568,0.66,188,0.011159493917889958,0.01437588661645983,0.09549916478474325,0.6484411806575022,0.11685434919247883,0.022169915828269732,True,False,,HINDUNILVR.NS,upper
-1.2088344164688227,-0.1021476823425554,0.6967016203608896,0,0.667164000994086,0.6766666666666666,73,0.016014363770214757,0.019483837643345398,-0.0856666674119857,0.6744807563763452,0.18693807503702922,0.028887165675638926,True,True,sparse,HINDUNILVR.NS,lower
0.6725931972556808,-0.010683470427112138,0.6864943971118589,0,0.9697947754774839,0.9966666666666667,200,,,,,,,False,True,invalid,INFY.NS,upper
-0.7507768319407927,0.16405321332451916,0.5053906454693422,0,0.6064256057334245,0.84,188,0.008148184535324203,0.005827507463357962,0.16376375080448657,0.5050949843494421,0.049755724314685924,0.011537448457321854,True,False,,INFY.NS,lower
1.1338702412538224,0.08435611594372164,0.5498242997085487,0,0.9825598866882868,1.0,113,0.016693204018334205,0.015523884884625146,0.08588117961481954,0.547929181622877,0.19437555643097018,0.028331917922908848,True,False,,SBIN.NS,upper
-0.7881510006088472,-0.046273632256429185,0.6294238805814222,0,0.6560594432401105,0.9333333333333333,188,0.005345951325305582,0.00561702141706596,-0.04717197650633018,0.6308048640971772,0.11332894205310157,0.00890453077919725,True,False,,SBIN.NS,lower
0.6210327259064434,0.09673384471794502,0.6310613694318234,0,0.7880386190871843,0.5566666666666666,188,0.014657356897913965,0.020339455512167242,0.09024139179240243,0.6387445835164108,0.16242386096387074,0.03184286132301278,True,False,,TATAMOTORS.NS,upper
-0.6520069228076484,0.21309918135457323,0.46253508735112475,0,0.9436514841327363,0.8966666666666666,188,0.02462004979747291,0.016890947663861202,0.22130184402442396,0.4552387786446039,0.11125098750756837,0.03710348960850003,True,False,,TATAMOTORS.NS,lower
0.7561131155652561,0.09794213370464154,0.6369821513599899,0,0.5103465175547226,0.5533333333333333,188,0.013836942788053756,0.01822489947982728,0.09645319608125567,0.6391904337392461,0.14345757233198672,0.028512471765397698,True,False,,HINDUNILVR.NS,upper
-0.7108284457935408,0.031070611923775488,0.5352032803564308,0,0.8190288765362902,0.9633333333333334,200,,,,,,,False,True,invalid,HINDUNILVR.NS,lower
1.2386955062542726,0.09056261627652445,0.5589063820741644,0,0.9172133565681184,0.95,93,0.014367362989269102,0.017006452014955424,0.07725613220552079,0.5731690265676219,0.18597049476076996,0.02967091892611163,True,True,sparse,INFY.NS,upper
-0.7517659059660224,0.15305898703220094,0.5206633773553895,0,0.6713906742691058,0.7433333333333333,188,0.008881719769007632,0.007657574798297551,0.15354126497876,0.5195781249728699,0.0578458122757954,0.014738062060093031,True,False,,INFY.NS,lower
0.9347057994791594,0.04041091801658194,0.5734131108988479,0,0.9574951729614558,0.9866666666666667,156,0.006740019456491787,0.007993226603514715,0.03847685140320917,0.5753018913841785,0.1751707184705464,0.013893968687193595,True,False,,SBIN.NS,upper
-0.791229274675153,-0.04591539616819042,0.6301477056753754,0,0.7858973297814811,0.9466666666666667,188,0.006625777695186164,0.0072226600495631415,-0.046685076481236855,0.6313465682986441,0.14192493137715664,0.011440087422389777,True,False,,SBIN.NS,lower
0.6201356211406489,0.08530852274387861,0.647878009937839,0,0.9698707467072885,0.8333333333333334,188,0.014275081558494584,0.020154199082218258,0.08583068686326438,0.6470025737152892,0.1663167384186104,0.03115010602660441,True,False,,TATAMOTORS.NS,upper
-0.6652035284157674,0.22812734365987863,0.4410189678028136,0,0.9864383359105201,1.0,188,0.02230761727733203,0.01607906558008859,0.21074940470913395,0.45557922906655485,0.10584901176650913,0.035293674955499066,True,False,,TATAMOTORS.NS,lower
0.74700402932387,0.09627365972319774,0.6419932771773517,0,0.47881153484738714,0.5966666666666667,188,0.010352170716787287,0.013460438294753808,0.09174433811607098,0.6485563126254121,0.11283714941971323,0.02075446314402547,True,False,,HINDUNILVR.NS,upper
-0.745312966571455,0.058204923092344214,0.5230567069334383,0,0.8105443160679277,0.8566666666666667,188,0.0077981044025472335,0.008020661231577764,0.04811407518857492,0.5322323459176795,0.16207529192301792,0.015069848990575688,True,False,,HINDUNILVR.NS,lower
1.2284159455926096,0.09596421912941296,0.5513876528163039,0,0.9638799060095157,0.9233333333333333,93,0.013937075909969777,0.01796712199841726,0.08151187205648179,0.5663907786619711,0.1709821385342618,0.031722129593354416,True,True,sparse,INFY.NS,upper
-0.7535882027467732,0.16847004330918625,0.5034915953885607,0,0.8235201977668727,0.9466666666666667,188,0.009065237347483544,0.007175333343958705,0.16373085894175377,0.5080409604545948,0.05536669661668042,0.014123532866922563,True,False,,INFY.NS,lower
1.142856710836971,0.09571190745957381,0.5240416222367779,0,0.9920716997930067,0.9933333333333333,113,0.011224233838639417,0.007939910014755556,0.0952913741019865,0.5238510323155647,0.11778854871733813,0.015156808660070588,True,False,,SBIN.NS,upper
-0.7871141190281669,-0.04988567835351657,0.6352832441338074,0,0.8534760823331048,0.9233333333333333,188,0.004282463976001433,0.004663756635728025,-0.047922393651817975,0.6331882272315675,0.0893624620149656,0.007365513699557894,True,False,,SBIN.NS,lower
0.6414291492011787,0.045211806703366074,0.7001869274704792,0,0.9278753864357798,0.97,172,0.007573880815024272,0.011199419048154463,0.05523289205155618,0.685673230115272,0.13712625144980733,0.016333463803066998,True,False,,TATAMOTORS.NS,upper
-0.663488803890855,0.21864647684799005,0.44526675259568804,0,0.9956703056646697,0.99,188,0.02779025781709414,0.02171652158137083,0.19821300330270272,0.46340823656398406,0.14020400252254886,0.046862613564586986,True,False,,TATAMOTORS.NS,lower
0.7480672304651944,0.09668387064357775,0.6349578790730577,0,0.47703186790176433,0.49,188,0.012182544389915393,0.016207823491235215,0.09259248217034943,0.6410299309071928,0.13157162210843448,0.02528403504569181,True,False,,HINDUNILVR.NS,upper
-0.7859266356747909,0.03856193118813078,0.5455151984888852,0,0.6637673038836434,0.9066666666666666,172,0.006059812807341578,0.006681498591661185,0.034780990332107485,0.5490235170089371,0.174227674577478,0.012169785561033746,True,False,,HINDUNILVR.NS,lower
0.728808109122046,-0.012607240717586485,0.6781860849754198,0,0.8390548448612808,0.9633333333333334,184,0.0028900976552462174,0.004698460199193598,-0.015045569068433117,0.6820819138070592,0.19208949300661243,0.006888410373007705,True,False,,INFY.NS,upper
-0.7500625754108403,0.1637813980787787,0.5116213476969843,0,0.8130482695241041,0.9433333333333334,188,0.007249279763344239,0.005208011827591293,0.1649772625576542,0.5095927585491847,0.04394108140447559,0.010219948454956591,True,False,,INFY.NS,lower
1.1390240470935362,0.10532026470775503,0.5133878355296528,0,0.9591710584447753,0.9833333333333333,113,0.012655945080976979,0.012742037693724258,0.10387723160478611,0.5139647718951182,0.12183559060153037,0.024791655270116248,True,False,,SBIN.NS,upper
-0.7878637415106425,-0.053009573301939665,0.6413468907640456,0,0.8067002718278864,0.9766666666666667,188,0.008880785050344996,0.009862498466932282,-0.04756071639285966,0.6351189749970739,0.18672517692409082,0.01552858393451696,True,False,,SBIN.NS,lower
0.6454312140372338,0.04003194742954812,0.70223371348957,0,0.7944173440973913,0.9133333333333333,172,0.008404344634249309,0.0126024071273079,0.05071914268225938,0.6868984880346153,0.16570356935771507,0.018346825860540487,True,False,,TATAMOTORS.NS,upper
-0.6530071079211097,0.18460322433310045,0.47862573928382635,0,0.8680504138055822,0.8466666666666667,188,0.02006601531778949,0.016260667701405374,0.18354486935283543,0.4794930154006492,0.10932484408467648,0.03391220902080583,True,False,,TATAMOTORS.NS,lower
0.7474178481034865,0.08884629034446088,0.6434633304086366,0,0.6292417807467523,0.37666666666666665,188,0.017521537704221234,0.023718730123028584,0.09294420882254574,0.6377205668194074,0.18851670309558818,0.03719298229535623,True,False,,HINDUNILVR.NS,upper
-0.7781513160799226,0.037639963767971026,0.5419965000660498,0,0.6722186585652723,0.9533333333333334,176,0.006286962431215144,0.0065981417064165035,0.032548566340600604,0.5468143860150583,0.19315629554503377,0.012066510601221995,True,False,,HINDUNILVR.NS,lower
1.248766675464021,0.09644073862326598,0.5526603238431698,0,0.9951716683261812,0.9833333333333333,89,0.016463839658588816,0.019026719804970605,0.09136566717766027,0.5572910927856577,0.18019720498076025,0.03414143830731236,True,True,sparse,INFY.NS,upper
-0.7727642299159075,0.16388745726241305,0.5102251747460936,0,0.860468436087225,0.9666666666666667,188,0.00804733165111294,0.008456137357817235,0.15647433236880806,0.5177389939494821,0.05142908114702588,0.01633281883982288,True,False,,INFY.NS,lower
0.997421121784275,0.03034774712691879,0.5839418773297613,0,0.5592565376711479,0.73,137,0.00538954596126882,0.005650807284360447,0.030882087709183118,0.583212736110169,0.1745200734750017,0.009689101141992203,True,False,,SBIN.NS,upper
-0.7996494602210695,-0.039232695043947975,0.624638386089697,0,0.6272298355274784,0.9533333333333334,188,0.006221235548887149,0.0066709612209005,-0.0364647847983901,0.6217106978305211,0.17060936674081634,0.010730008566490716,True,False,,SBIN.NS,lower
0.6511803826896115,0.049274156742123904,0.6833745331804961,0,0.7470629580409319,0.9033333333333333,172,0.008068456256854333,0.011402349648698995,0.05728043280227627,0.6723536659370986,0.14085883177798514,0.01695885671005944,True,False,,TATAMOTORS.NS,upper
-0.6631521395752781,0.18308796281727713,0.4809263817627945,0,0.80961584972351,0.87,188,0.02044010292306529,0.017687296921192593,0.17484163411320341,0.48894575206021423,0.1169063756334337,0.036174353667911295,True,False,,TATAMOTORS.NS,lower
0.7424346923279802,0.08413961448415821,0.6511744886174511,0,0.6534508172800038,0.37666666666666665,188,0.0155368513998389,0.021372869066268087,0.08510136429615668,0.6498698725026942,0.1825687484877735,0.03288792055412643,True,False,,HINDUNILVR.NS,upper
-1.2088785071754518,-0.09727839109988437,0.685948702782592,0,0.6959981361422566,0.8333333333333334,77,0.016825786405437325,0.02465423231216566,-0.09576036060374095,0.6863767664238486,0.17570719807531754,0.03591938591019763,True,True,sparse,HINDUNILVR.NS,lower
0.9799444628594924,0.062178065229561756,0.5809025186831723,0,0.8342882162984092,0.8433333333333334,133,0.009043195429674645,0.010994977699045422,0.04639448369190654,0.5998221308121188,0.19491958441723914,0.018330396547481493,True,False,,INFY.NS,upper
-0.7750402123603687,0.1580013689460329,0.5150971001191007,0,0.8137213037184678,0.95,188,0.005069980715801719,0.005833170265701597,0.15712179153177613,0.5152586011402994,0.032267837221662536,0.011320859350205574,True,False,,INFY.NS,lower
0.9207598703898523,0.04311185506623806,0.5679141516204793,0,0.6505304642542191,0.8166666666666667,160,0.007857739803633327,0.00905628562404624,0.04557099175659641,0.5649461083508259,0.1724285071810149,0.016030352859991468,True,False,,SBIN.NS,upper
-0.8207717596042436,-0.0315148495741301,0.6165452307963055,0,0.7344335937883275,0.9766666666666667,184,0.004347388999734688,0.005344411734042696,-0.03347524344530378,0.6190589916581354,0.12986874040664148,0.00863312175370653,True,False,,SBIN.NS,lower
0.6253157793793118,0.07281711517172568,0.658688968324269,0,0.7572121407576783,0.8266666666666667,188,0.008206612616582494,0.009623474878756056,0.07222725948837702,0.6592183791444844,0.1136220803404886,0.014598310722559085,True,False,,TATAMOTORS.NS,upper
-0.6708401870261074,0.17161747936118826,0.48299774710176546,0,0.6172595300324202,0.6066666666666667,188,0.014566346594182173,0.013117164747987227,0.16072137637417663,0.4937865251051783,0.09063104122478234,0.0265644439761672,True,False,,TATAMOTORS.NS,lower
0.7423358996820331,0.08148558818419793,0.6586968693007388,0,0.7209271631685039,0.41,188,0.014171085256794367,0.01974927836838292,0.07945419892543443,0.6619300780718692,0.17835537535958024,0.029835897663921626,True,False,,HINDUNILVR.NS,upper
-0.7560891647258515,0.04017135379893491,0.5376058718169996,0,0.7374560758781641,0.91,184,0.009115873190427814,0.008982127747884882,0.04874926161387407,0.5292057804473265,0.18699506451360867,0.016972844798792693,True,False,,HINDUNILVR.NS,lower
0.9590491343490779,0.05989405510111241,0.5839745888623856,0,0.784297774600667,0.9766666666666667,137,0.010306747977201417,0.011740672069620709,0.053971113613052034,0.5910533392490511,0.190967822925015,0.0198639802727411,True,False,,INFY.NS,upper
-0.7761596933376428,0.1485863845944792,0.5259289546832373,0,0.6427142858790047,0.9133333333333333,188,0.005606604565624123,0.005801337781144984,0.14668927861549133,0.5274021738765341,0.03822095408970461,0.010999836478688317,True,False,,INFY.NS,lower
0.914994259809139,0.0437263287041436,0.5674895966479474,0,0.7710738218031398,0.8233333333333334,160,0.006621893932289749,0.0075494562259308855,0.04478976181726155,0.5660685737393698,0.1478438863074925,0.013336645846092066,True,False,,SBIN.NS,upper
-0.8137444396506263,-0.037119699422399705,0.6264087798344904,0,0.6012346052224817,0.95,184,0.005163777361999043,0.005640350294521592,-0.03614203297082939,0.6255180120413217,0.14287452887394275,0.009017086791703963,True,False,,SBIN.NS,lower
0.6333308997370909,0.043855490757733546,0.6890024384305258,0,0.7563579398906155,0.9066666666666666,176,0.010917419705396243,0.015255785705914663,0.054932759687157016,0.674007206954972,0.1987414755813537,0.02263445453126928,True,False,,TATAMOTORS.NS,upper
-0.6618293976312767,0.18377917423096096,0.4790915571739511,0,0.9083581187120299,0.8766666666666667,188,0.017588346627997783,0.01433802511433716,0.17826060730309937,0.4841510589504335,0.09866647436821134,0.029614775291976196,True,False,,TATAMOTORS.NS,lower
0.7374125691287555,0.08100668140599704,0.6515355319258731,0,0.7115620749330145,0.4533333333333333,188,0.010601373182381146,0.01405224177966763,0.08289207272697229,0.6484905099482807,0.1278936761343018,0.02166915528817344,True,False,,HINDUNILVR.NS,upper
-0.7429905262401034,0.05126062120063328,0.5345464384709226,0,0.800452281954612,0.8933333333333333,188,0.00678892050242819,0.007317870070434303,0.05233458274607281,0.5332671194956905,0.1297214738130857,0.013722709812162613,True,False,,HINDUNILVR.NS,lower
0.97508362440531,0.06502918962717708,0.575384059177202,0,0.8882719977999298,0.84,133,0.008445338728558386,0.010493840468276856,0.05561780679593214,0.5861687617366791,0.15184592303479402,0.017902421579344963,True,False,,INFY.NS,upper
-0.775987641848023,0.154833235200925,0.5207287604240978,0,0.8164445669158303,0.9233333333333333,188,0.00503721621285509,0.005676189673974744,0.15315050936785934,0.5218818227630133,0.03289062442391048,0.01087638871030083,True,False,,INFY.NS,lower
0.9090134796615578,0.0519142711417048,0.5587176920528155,0,0.8528851978872839,0.84,160,0.008145341277476306,0.008684793170328692,0.05377261044574056,0.5564341840278255,0.15147748445131828,0.015607942976082437,True,False,,SBIN.NS,upper
-0.7933468940751451,-0.046812432338633914,0.639934450341697,0,0.6596758304053807,0.9533333333333334,188,0.007841214633935433,0.00845599952225463,-0.049118014255093594,0.6430319615310989,0.15964026959252722,0.01315020076236703,True,False,,SBIN.NS,lower
0.629982210270624,0.08723596011213917,0.6378434212476374,0,0.7474490686660495,0.8766666666666667,188,0.007191876944551153,0.008243330062651362,0.07443807380506244,0.6530717271951156,0.09661555721107967,0.01262239596840574,True,False,,TATAMOTORS.NS,upper
-0.6694346490804925,0.1797669729103442,0.4789950682473445,0,0.6883173977469617,0.62,188,0.012871990079021196,0.010268770533082493,0.17512640489342945,0.48295533132548957,0.07350113394860651,0.02126236041804498,True,False,,TATAMOTORS.NS,lower
0.7379800658849912,0.07670310236468754,0.6612453508818201,0,0.7196544025368117,0.44333333333333336,188,0.012805658900554443,0.017431201284352157,0.08096878915231713,0.6546670596928625,0.15815547512894015,0.026626054816733052,True,False,,HINDUNILVR.NS,upper
-0.7505039933622362,0.06946117051476747,0.5124322927342138,0,0.7668603609626992,0.8366666666666667,188,0.008271933950431071,0.007979674825588546,0.06383017110833232,0.5172348471936035,0.1295928322119591,0.015427565862216658,True,False,,HINDUNILVR.NS,lower
0.9567723832227886,0.0630808811999615,0.5754910430898441,0,0.944072364335318,0.7633333333333333,137,0.007637668065532288,0.009418123329242056,0.05321969094301038,0.5867693980565746,0.143512044040063,0.01605080837536436,True,False,,INFY.NS,upper
-0.7723278520037785,0.14872953327526575,0.5253485550671562,0,0.6614844783546765,0.8533333333333334,188,0.006938045055786166,0.0070438550191941176,0.14517204316078744,0.5288895117797847,0.04779187801457786,0.013318197334465227,True,False,,INFY.NS,lower
0.8980097266538697,0.04885578202472352,0.5608148879600185,0,0.8223667029019412,0.7933333333333333,164,0.008339352987256625,0.00880252671454777,0.05007020038373337,0.5592651175367805,0.16655318448523804,0.015739452150927938,True,False,,SBIN.NS,upper
-0.8378073960162576,-0.054826878278540936,0.6529218614279853,0,0.4211686386523932,0.9166666666666666,172,0.009138511844975664,0.009368718032969856,-0.04722699525427526,0.6443759952410196,0.1935018279429944,0.014539209959355362,True,False,,SBIN.NS,lower
0.634424770901989,0.0938411468274703,0.6327895419281024,0,0.9069950857726579,0.9,188,0.009082874216909781,0.010139062645166478,0.0892082438507983,0.6378619136788863,0.10181652285337835,0.015895387808523124,True,False,,TATAMOTORS.NS,upper
-0.67358447642057,0.18357179093079007,0.47411018777079605,0,0.547485008943622,0.52,188,0.01434234919070994,0.011425842433196222,0.17273584164228553,0.4844184776737013,0.0830305292986378,0.0235867183518655,True,False,,TATAMOTORS.NS,lower
0.75684853046571,0.09579997806394139,0.6299871785888649,0,0.80900938030313,0.6166666666666667,188,0.01570694486662683,0.019715673688936317,0.09582428433948463,0.6301013187198746,0.16391401548943885,0.03128968753167215,True,False,,HINDUNILVR.NS,upper
-0.754422190453851,0.07317609422199588,0.5105194922075207,0,0.7676311142196921,0.8733333333333333,188,0.009499166910510608,0.009192423344802603,0.0655839230811069,0.5170970003994609,0.14483984817993603,0.0177769802569568,True,False,,HINDUNILVR.NS,lower
0.9605563326594307,0.06461616716411464,0.5762123688199994,0,0.9543264830699176,0.92,137,0.010376412076538236,0.012253419519780536,0.052412075498898404,0.5903139436983112,0.19797746984817702,0.020757462097944625,True,False,,INFY.NS,upper
-0.7695046712389867,0.14824471123929714,0.5241192747598991,0,0.6789933346380044,0.8533333333333334,188,0.009530542399375045,0.009047036319100124,0.15135581199702183,0.5199523945804541,0.06296779518373977,0.01739973935960564,True,False,,INFY.NS,lower
0.9261309612265531,0.051330731131624605,0.5567938982906968,0,0.6929328391791096,0.78,156,0.009775658792221292,0.011947549604751346,0.050811066821226436,0.5570458500311793,0.1923922775070472,0.021448053853380417,True,False,,SBIN.NS,upper
-0.8236505964109307,-0.035540804515944074,0.637355466116067,0,0.28561417926892196,0.8633333333333333,180,0.005077243016448679,0.00508681677410458,-0.03480467403596256,0.6367068915616317,0.14587815281421682,0.00798925967604293,True,False,,SBIN.NS,lower
0.634632887631182,0.10202581246078832,0.6255054346645658,0,0.8592487968117812,0.9533333333333334,188,0.005607709166563669,0.00508888411216193,0.09980754717313838,0.6275599675122011,0.05618521608374657,0.008109000405563612,True,False,,TATAMOTORS.NS,upper
-0.6744340790672098,0.1798097395391631,0.4798054776897584,0,0.40566218407696,0.38,188,0.016557861089067583,0.013276056827554885,0.1779972437415647,0.4812299492300202,0.09302312671131456,0.027587760431201962,True,False,,TATAMOTORS.NS,lower
0.7613401743569299,0.11163624483286753,0.6072021928922802,0,0.8702045738723695,0.7533333333333333,188,0.016592770781876442,0.019735469223721464,0.1083593338885958,0.611664421457912,0.15312727252146768,0.03226519020679632,True,False,,HINDUNILVR.NS,upper
-1.155272584700113,-0.08032483948219213,0.6763346034996599,0,0.9530410241203476,0.9866666666666667,85,0.015471529847550732,0.019165098226333156,-0.08041981789701146,0.6782592512743499,0.1923845182479641,0.028256301565753393,True,True,sparse,HINDUNILVR.NS,lower
0.9438852029160516,0.054898074539192855,0.5840655050573546,0,0.9644976096509462,0.98,137,0.00967492826496024,0.01133126030702535,0.0509063619464157,0.5886859169222322,0.19005338418428477,0.019248396791592157,True,False,,INFY.NS,upper
-0.7658055671595453,0.16640876151853645,0.5241471817274468,0,0.880338848150362,0.9333333333333333,188,0.01297485633934874,0.011999185189218274,0.1700261158763173,0.5195684079351415,0.07631095675724027,0.023094523791313562,True,False,,INFY.NS,lower
0.968404670347554,0.049387134728336335,0.5621989693018128,0,0.5409481257198324,0.6133333333333333,141,0.009588506734938072,0.011281408298055521,0.05159546262558826,0.5596438812540093,0.1858400795069517,0.020158190725135874,True,False,,SBIN.NS,upper
-0.8080029149376988,-0.0408734200825192,0.6426061418057907,0,0.44427148561591434,0.9466666666666667,184,0.006788830251443443,0.007060216884290256,-0.043714258658354495,0.6462239317312893,0.1553000990248979,0.010925340935799019,True,False,,SBIN.NS,lower
0.6407003195045456,0.11044758774716633,0.6166967551775762,0,0.8907273854912525,0.9666666666666667,188,0.009411908130122295,0.008878016521451645,0.10120493024764714,0.6269363109668217,0.09299850488613977,0.014160954190308397,True,False,,TATAMOTORS.NS,upper
-0.6827499303802931,0.1970418993025071,0.46209036916987617,0,0.5994484224104875,0.6033333333333334,188,0.015062823645204223,0.011123362186561753,0.19093674911567826,0.46735184905688243,0.0788890715175409,0.023800830083373872,True,False,,TATAMOTORS.NS,lower
0.7577402277594808,0.0964295647893975,0.6313587495390012,0,0.8447389611886109,0.5433333333333333,188,0.013552299979398611,0.017194831838225122,0.09664045209807909,0.6310332474493493,0.14023422162080068,0.02724869352801946,True,False,,HINDUNILVR.NS,upper
-1.1923954875676048,-0.0706700984382421,0.6578411890002558,0,0.960185181405262,0.9766666666666667,81,0.015874685748493246,0.024238615793031736,-0.08551043940379215,0.6790529197728697,0.1856461503731642,0.03569473708204026,True,True,sparse,HINDUNILVR.NS,lower
0.965815347960328,0.07591801941721085,0.5620263534117383,0,0.9223252180111527,0.9066666666666666,133,0.009700465254698237,0.011455305418551071,0.0665976254478877,0.5721748946340615,0.14565780285531008,0.020020635868113427,True,False,,INFY.NS,upper
-0.7646232634209448,0.16323025311402473,0.529828912397714,0,0.7452287975103237,0.8266666666666667,188,0.010313490395526943,0.009935116232204446,0.16700960023373937,0.5249147320168883,0.06175387381057073,0.018927104607560818,True,False,,INFY.NS,lower
0.9135295471303023,0.07760354489564256,0.5274614416535576,0,0.8235687229397293,0.8233333333333334,160,0.011018926080595735,0.010683712150285244,0.07043316777897145,0.5344638444821772,0.15644510766182623,0.019989587809705684,True,False,,SBIN.NS,upper
-0.8198531714253836,-0.023864708060828188,0.6237029656724465,0,0.34205854833037797,0.8866666666666667,184,0.0060788941314132055,0.006523122847901223,-0.031874750663957,0.6328026174705154,0.19071183609817757,0.010308305567528889,True,False,,SBIN.NS,lower
0.6383261073506777,0.1057354923590754,0.6245988837331402,0,0.9221025225324324,0.9433333333333334,188,0.00964762675043818,0.00914521911332821,0.10532100429265667,0.6245060180976162,0.09160210633397636,0.014643924480899845,True,False,,TATAMOTORS.NS,upper
-0.6863712573645209,0.19269450107061104,0.46087901610855553,0,0.5846104234173561,0.4766666666666667,188,0.0176525372871956,0.013970096456102003,0.18698614748549455,0.46599393737988554,0.09440558341098054,0.029979137142554693,True,False,,TATAMOTORS.NS,lower
0.7671909713677894,0.1114486955023643,0.6088834098199294,0,0.8312912890338875,0.7566666666666667,188,0.011105073924009678,0.013366181490937191,0.102720102440655,0.6206543435809517,0.10811002500046393,0.021535628347435484,True,False,,HINDUNILVR.NS,upper
-1.19431558385811,-0.06575589030118235,0.6493560569475454,0,0.9806073192202334,0.9833333333333333,81,0.01619921194825176,0.025548163954423435,-0.08480492343194608,0.6758718900827471,0.191017329920449,0.03780030498574592,True,True,sparse,HINDUNILVR.NS,lower
0.9471251731073701,0.07977680441225782,0.5552418044416461,0,0.9314123032194799,0.9766666666666667,137,0.009201665796098674,0.010345955179638763,0.07304797660168215,0.5624247559271183,0.12596741161770472,0.018395269565671012,True,False,,INFY.NS,upper
-0.75843194916794,0.16942808037974869,0.5260949140060621,0,0.8409710161803041,0.8933333333333333,188,0.009716207791964353,0.008254051029724747,0.17232308700859067,0.5221786585070006,0.056383665107179334,0.01580694794240544,True,False,,INFY.NS,lower
0.9085039418872242,0.09402438008270605,0.5056730596127146,0,0.7850340383687383,0.8133333333333334,164,0.014862970418718568,0.013494644603270527,0.0760534798251722,0.5232276222092935,0.19542785548545885,0.025791154313258065,True,False,,SBIN.NS,upper
-0.8188989633731549,-0.04414669657259376,0.6432815552803739,0,0.3668022761534352,0.8966666666666666,184,0.00859508712035736,0.009487306751926754,-0.04844335731971718,0.6485631034768288,0.17742546804460124,0.014628193547836893,True,False,,SBIN.NS,lower
0.6410803487757184,0.09200193149160465,0.646143388749226,0,0.9151584873136823,0.8533333333333334,188,0.006623538377292943,0.006861008528621461,0.09662313692191649,0.6400400333142435,0.06855022412637404,0.010719655122035666,True,False,,TATAMOTORS.NS,upper
-0.6920373046679695,0.18335628122698025,0.4666236950112343,0,0.5566754520357379,0.4033333333333333,188,0.01789990217433357,0.01473032469550293,0.18110424624448776,0.4684852548052863,0.09883755658491537,0.03144245038662039,True,False,,TATAMOTORS.NS,lower
0.773078163822225,0.11253227810572021,0.5981963356851016,0,0.7942643872019992,0.6966666666666667,188,0.012152810784378186,0.014447154810458225,0.10584213019101346,0.6070556399233059,0.11482015350829067,0.02379873214635832,True,False,,HINDUNILVR.NS,upper
-0.713371890857154,0.04963676491038073,0.5346788740746601,0,0.6664901307798142,0.84,200,,,,,,,False,True,invalid,HINDUNILVR.NS,lower
0.9343680615006869,0.0718031580127779,0.562571034438849,0,0.9260227769320489,0.9866666666666667,141,0.01305567646216846,0.01372900498068877,0.06743707027823975,0.5674761229569181,0.1935978901859605,0.02419309673721741,True,False,,INFY.NS,upper
-0.767418706187931,0.17839213566390738,0.5157133065477537,0,0.8899939399661596,0.8566666666666667,188,0.014014647790606365,0.011192558580069999,0.1867187821576033,0.5065181350056951,0.07505751096963531,0.022097053561514864,True,False,,INFY.NS,lower
1.1268743658528837,0.14304609163794768,0.4793470593200948,0,0.9596423843343558,0.99,113,0.008601263893543341,0.007967628476545413,0.15229899483741038,0.47057453175829855,0.056476166096592555,0.016931703204288155,True,False,,SBIN.NS,upper
-0.8279261674789727,-0.04495946642145186,0.6495668143597895,0,0.3422020861788194,0.82,180,0.010294595395607708,0.01123191188090627,-0.051785435163120085,0.6578421418795594,0.19879322004823055,0.01707387075883617,True,False,,SBIN.NS,lower
0.6463289035390886,0.10789648110875366,0.6272486084398625,0,0.9160680256141065,0.97,188,0.006836486767521824,0.005894628317655614,0.10399009981159672,0.631344514997011,0.06574170158977403,0.009336626967159525,True,False,,TATAMOTORS.NS,upper
-0.6838875625539084,0.18308090374540187,0.473807694656004,0,0.5779026276230951,0.38333333333333336,188,0.01850104587949582,0.014742682882580915,0.1826079534174141,0.4739913855473226,0.10131565750615835,0.03110327111646698,True,False,,TATAMOTORS.NS,lower
0.7590328192976378,0.09946041783042411,0.6240188101892428,0,0.8130144213890154,0.65,188,0.012662180818823423,0.015422278921638569,0.09972520999529204,0.6235177349510339,0.12697069827894283,0.02473430635538642,True,False,,HINDUNILVR.NS,upper
-0.7394902575130364,0.047316482623924586,0.5379196921149526,0,0.633262267480933,0.77,188,0.008853741090532816,0.008866475950428335,0.04814342958539251,0.5368631940656344,0.18390337638483112,0.016515335532930955,True,False,,HINDUNILVR.NS,lower
0.9452119900750295,0.06810196888713113,0.5661206285731166,0,0.81829239194771,0.9433333333333334,137,0.0087622519909491,0.010619066213675393,0.06550132427242521,0.5689739793096417,0.13377211454206725,0.01866353543957241,True,False,,INFY.NS,upper
-0.7818362732451716,0.1950397913158758,0.498130253906578,0,0.9302660239865073,0.9733333333333334,188,0.01636306335642386,0.014381646289529938,0.18633550442030625,0.5066193477545409,0.08781505451244599,0.02838747882290337,True,False,,INFY.NS,lower
0.9185822884116477,0.08702821777034453,0.5155664658315745,0,0.8296124804889464,0.7633333333333333,160,0.008702134420522416,0.009333083713679843,0.08328685761601146,0.5187196255981735,0.1044838720630367,0.017992539848462035,True,False,,SBIN.NS,upper
-0.8115061049108281,-0.047635142593183,0.6491049919027898,0,0.344303421862749,0.69,184,0.010108432065653313,0.011305308949245729,-0.0584305464548641,0.6621687735167119,0.17299907238538423,0.01707315299462528,True,False,,SBIN.NS,lower
0.6500654372507515,0.11446433469431118,0.6178384679484087,0,0.9357366685440347,0.9933333333333333,188,0.0072986436500589,0.0064001141517768135,0.10783863226568774,0.6249276502090925,0.0676811530330366,0.010241368016316353,True,False,,TATAMOTORS.NS,upper
-0.6782545147848049,0.17090998815072694,0.48116110604625806,0,0.5159670226286461,0.3,188,0.021292657651366075,0.01795104409152869,0.1737574672163601,0.4781988074218532,0.12254239640492012,0.037538871777871415,True,False,,TATAMOTORS.NS,lower
0.7625700009589274,0.10315396825261258,0.6113099178001228,0,0.705824055303415,0.5333333333333333,188,0.014488939414208448,0.017596876549102115,0.102394615212671,0.6124111571598704,0.1415009760924003,0.028733761715531287,True,False,,HINDUNILVR.NS,upper
-0.7806112267168012,0.06326749535071657,0.5273183482474721,0,0.4345845656268348,0.5066666666666667,176,0.010612466378063715,0.009498706497417414,0.053319875954325496,0.5360177700189023,0.19903392867633832,0.017720879514635593,True,False,,HINDUNILVR.NS,lower
0.9388028661373818,0.08267988748592704,0.5461356581897623,0,0.6848843410464095,0.9366666666666666,141,0.013506834656577154,0.014786138292967068,0.06818917760509798,0.5626120415355894,0.19807883230401405,0.026281232783069406,True,False,,INFY.NS,upper
-0.7629160077775159,0.1672031816238032,0.5311265275170833,0,0.9633261210673428,0.8566666666666667,188,0.011787197592700527,0.010361346807367276,0.18165112009699888,0.5149746203486868,0.06488920595432765,0.020120111160333583,True,False,,INFY.NS,lower
0.9091313045766067,0.08723027034762898,0.5186804411488503,0,0.869689745594738,0.8633333333333333,160,0.014621110287211525,0.014837500823057995,0.08503624385065488,0.5204955505245236,0.17193972717671555,0.028506488716456425,True,False,,SBIN.NS,upper
-0.7833879601740711,-0.07349387258224074,0.6824376276824693,0,0.33028788458585756,0.8666666666666667,188,0.0121452062735761,0.013118518086983987,-0.061334934150786134,0.6680426750532744,0.19801446698505606,0.01963724531455325,True,False,,SBIN.NS,lower
0.6367683844021352,0.10554018059023951,0.6274756592186498,0,0.8941662226939299,0.9466666666666667,188,0.007484847694793902,0.006950726373915809,0.10860107674705029,0.623490119737442,0.0689205598119597,0.011148093678472231,True,False,,TATAMOTORS.NS,upper
-0.6749758396505178,0.17173025587057875,0.47839123114210885,0,0.5371768846478576,0.37,188,0.018990350828254416,0.015939723053663583,0.17122305922407788,0.47876302262879267,0.11091000128844752,0.03329355436267026,True,False,,TATAMOTORS.NS,lower
0.7760073835395689,0.10777948893817985,0.6042024737566003,0,0.7014859760326755,0.58,188,0.017527620934623327,0.021765761516686088,0.10375571110389843,0.6100445883268315,0.16893160924660336,0.035678967695776685,True,False,,HINDUNILVR.NS,upper
-0.74317614710407,0.044197322300137246,0.5415409206234505,0,0.544450788456107,0.66,188,0.005972712645805921,0.005398943193776026,0.036450043543432245,0.5486574338396603,0.16386018853687292,0.009840280587451237,True,False,,HINDUNILVR.NS,lower
0.9651001820280014,0.07621839835934022,0.5628453326708366,0,0.8043898163991317,0.9066666666666666,133,0.00828363603012124,0.008420082549842138,0.06510547736353144,0.5754879675296802,0.12723406836458587,0.014631204957549056,True,False,,INFY.NS,upper
-0.7647440125705625,0.16702365280587955,0.5276916107228183,0,0.9565656058590669,0.92,188,0.013635274494726353,0.012294489835218525,0.17516340920460782,0.5186406559368114,0.07784316244020696,0.023705217586459798,True,False,,INFY.NS,lower
0.892432058551476,0.095044454489222,0.5079142565727262,0,0.8305795655394678,0.8333333333333334,164,0.013781093557312392,0.013231188470969709,0.0858750937106127,0.5164725003231017,0.1604783337875525,0.025618378919513775,True,False,,SBIN.NS,upper
-0.8115943784563764,-0.0746244412201599,0.6842303294582475,0,0.2925438839340362,0.83,180,0.014117118423423544,0.015171382400460941,-0.07243978182500786,0.6823194165342211,0.19488071497397644,0.022235014584770924,True,False,,SBIN.NS,lower
0.6569210371389902,0.12028879955300012,0.6111336512855461,0,0.9412799086711865,0.98,188,0.010649961725749507,0.010254573801193692,0.10777913524159026,0.6249279272280077,0.09881282414958192,0.016409210070972177,True,False,,TATAMOTORS.NS,upper
-0.6787218384835813,0.16666013917863842,0.4833127010030323,0,0.38059866470766746,0.31,188,0.020895829102811216,0.018362732486120015,0.1668989871139018,0.48300031091908074,0.12520044736129038,0.038018054421119954,True,False,,TATAMOTORS.NS,lower
0.7879100703088672,0.12825766457691196,0.5815652596566061,0,0.7866339305765768,0.7333333333333333,188,0.01912083108128953,0.02089934667831537,0.12805090387495463,0.5820168980104341,0.14932209777090358,0.035908487177387455,True,False,,HINDUNILVR.NS,upper
-1.0115513634607547,-0.08158101148227509,0.653671594168926,0,0.517769630913887,0.53,113,0.011245559015421888,0.011040045687269484,-0.08106309062596449,0.6538946963289372,0.13872599158660776,0.016883522041721295,True,False,,HINDUNILVR.NS,lower
0.9567984236302383,0.06872675284013242,0.5650266196225946,0,0.938135432795208,0.9533333333333334,137,0.010125142299650005,0.010417957739141875,0.06330504982067099,0.5713509501167534,0.15994206984927048,0.0182339025684196,True,False,,INFY.NS,upper
-0.7660165349366814,0.1636743432361446,0.5223590291614043,0,0.9671156581074107,0.9766666666666667,188,0.010898601164805712,0.010208491855081308,0.16619919218484494,0.519187873647359,0.06557553238242628,0.019662423135465703,True,False,,INFY.NS,lower
0.896057301989345,0.07067684847825505,0.5319626887389695,0,0.6403683516384866,0.6166666666666667,160,0.014566630316236097,0.016233011546677167,0.07957510285737206,0.5226999304516767,0.1830551009377124,0.031056080727022577,True,False,,SBIN.NS,upper
-0.8255190771053402,-0.07810907913479279,0.6938395295916024,0,0.2670035404569828,0.78,176,0.013737834152921536,0.01499771798009608,-0.0768982184768464,0.6930371932362095,0.17864955311757172,0.021640566927810904,True,False,,SBIN.NS,lower
0.648598086881623,0.10656398081371275,0.6282450185826738,0,0.941950781108983,0.94,188,0.00511872149233903,0.0060065136431609635,0.10272968801548654,0.6320945866198543,0.04982708594711708,0.009502554958199268,True,False,,TATAMOTORS.NS,upper
-0.6696862136072035,0.1622274067013543,0.48763882812547854,0,0.3761013675324605,0.23,188,0.015147543226485302,0.012778577701503226,0.16782829782837838,0.4812904296407075,0.09025618754361282,0.026550657667421523,True,False,,TATAMOTORS.NS,lower
0.7873624624133454,0.12384175484118065,0.5872078774026316,0,0.7927198899475503,0.7466666666666667,188,0.01769928784567039,0.019541374950062137,0.12309402438863104,0.5883035423388562,0.14378672316312588,0.033216483008429165,True,False,,HINDUNILVR.NS,upper
-1.031145448916058,-0.07013143786702514,0.6392039612168323,0,0.4909384628902692,0.49333333333333335,109,0.011575533355043577,0.012294654761146767,-0.0777692837407858,0.6494527711183243,0.148844522024672,0.018930790842062454,True,False,,HINDUNILVR.NS,lower
0.9504627946323968,0.07136029660348654,0.5629451397926298,0,0.7459961145969585,0.9833333333333333,137,0.010209953730924854,0.010832570248604186,0.06486164071466977,0.5704668039887443,0.15741125331267075,0.01898895778504991,True,False,,INFY.NS,upper
-0.7739406105735953,0.17278642443454229,0.511987812402136,0,0.9322928638459286,0.9866666666666667,188,0.012010110879577086,0.010871828572531718,0.16969174403123677,0.514825808306133,0.07077604299715277,0.02111748903406192,True,False,,INFY.NS,lower
0.9062845002963581,0.08100576510075744,0.5168383546280375,0,0.6241300320084485,0.72,160,0.010961662853198124,0.011893551545757927,0.0812144076974002,0.5161793707383967,0.13497188262853266,0.02304150841659764,True,False,,SBIN.NS,upper
-0.7937458255747083,-0.05760687851633095,0.6730899382199478,0,0.46249917996729395,0.77,188,0.011078649639721253,0.012040003979281072,-0.05769182747826768,0.6735869961528823,0.19203149221750032,0.017874459972210897,True,False,,SBIN.NS,lower
0.6380014053334925,0.10092895778068076,0.6348910103531815,0,0.8746140929596073,0.8933333333333333,188,0.0031730641487938724,0.002579584864128856,0.10372071716493024,0.6310041046825162,0.030592382405382326,0.0040880634596602424,True,False,,TATAMOTORS.NS,upper
-0.6670120175478692,0.17214490888175196,0.47734667101985595,0,0.5209728043325375,0.36,188,0.009227065322722371,0.00734299098343584,0.1716694637220204,0.4770825400283137,0.05374901619179832,0.015391447419319889,True,False,,TATAMOTORS.NS,lower
0.7785291442738617,0.11505184436909054,0.6034956954735484,0,0.7852707067070034,0.6666666666666666,188,0.016366853709018185,0.019261104440347447,0.11271715756039895,0.6066938590122314,0.14520284765182806,0.03174764971946523,True,False,,HINDUNILVR.NS,upper
-0.8846832000181551,-0.0815988393243158,0.6494519307564022,0,0.538812806316459,0.8033333333333333,137,0.010539421688069275,0.012670646082629905,-0.07396229461887968,0.6408701469857351,0.14249720506111668,0.019771003446665308,True,False,,HINDUNILVR.NS,lower
0.9661717794308228,0.06809904316229248,0.5720863978058334,0,0.7963929924941012,0.97,133,0.004872793803952421,0.004410999507948399,0.06656792997139555,0.5735448358994694,0.07320030942892745,0.007690766536365242,True,False,,INFY.NS,upper
-0.7879165466575193,0.19158519099689447,0.4928192029666855,0,0.9735557348702392,0.83,188,0.015593389998582017,0.01474845610250242,0.17143732025604774,0.5125724172520898,0.090956794388321,0.028773409021568254,True,False,,INFY.NS,lower
0.9077565859060726,0.08466105495395758,0.5154860093033871,0,0.7915827164571996,0.66,160,0.01533942921472938,0.016145691282287537,0.0812871452206526,0.5185070039701886,0.1887066803247175,0.031138809789014402,True,False,,SBIN.NS,upper
-0.7952116898762445,-0.05095648166208287,0.6613489938719126,0,0.49444867765525724,0.82,188,0.008516803254440219,0.008826657048763157,-0.048976615464350226,0.6593817228625766,0.17389526480626039,0.013386262628847715,True,False,,SBIN.NS,lower
0.6427270223808176,0.10477569850638949,0.6310810907622912,0,0.9182791376675105,0.9,188,0.005345706961787358,0.004728598849968918,0.10033404408407727,0.6357163607769735,0.053279088646291495,0.007438220985546773,True,False,,TATAMOTORS.NS,upper
-0.6743186129595207,0.16636018386225881,0.480306274697915,0,0.38436764776509424,0.25333333333333335,188,0.018742524209043838,0.016200004716884826,0.1660326616222715,0.48038700830893255,0.11288455474404188,0.03372281951729751,True,False,,TATAMOTORS.NS,lower
0.7834803013111176,0.11846264191431742,0.6049341192634565,0,0.8448136375627254,0.6433333333333333,188,0.016056412868232957,0.019434086474755207,0.11348295489624645,0.6116878028812296,0.14148742838110354,0.03177125008133633,True,False,,HINDUNILVR.NS,upper
-0.8496521804499536,-0.12962690750182432,0.6840722844573084,0,0.6572607796145982,0.8766666666666667,144,0.018412041455993875,0.01977931515068365,-0.10752818450283481,0.6571554812293792,0.171229895016125,0.030098379173065,True,False,,HINDUNILVR.NS,lower
0.9567918964831915,0.05890765952741993,0.5798382866499157,0,0.8668938607737715,0.8966666666666666,133,0.007553634165341372,0.007790984951637518,0.0648794214422741,0.5724023864712601,0.11642571455118486,0.01361102783578003,True,False,,INFY.NS,upper
-0.7851104414339345,0.17774886837550932,0.5071129887157753,0,0.985364356288679,0.98,188,0.013517743096011767,0.01237753236836109,0.1668710740851466,0.5179523772692607,0.08100710299882925,0.023897046664110758,True,False,,INFY.NS,lower
0.9058014586836002,0.0842616261437043,0.5160429753950917,0,0.7052629049866055,0.6633333333333333,160,0.009296885689695887,0.010341713100508066,0.08127734713705627,0.518538180641377,0.11438469479290213,0.019943975751750238,True,False,,SBIN.NS,upper
-0.7990497843751679,-0.04941866820082315,0.658426433950702,0,0.500926262825764,0.8266666666666667,188,0.008050597193565441,0.008812326625312021,-0.049067560797447674,0.6583393481195999,0.1640716477854291,0.0133856900952762,True,False,,SBIN.NS,lower
0.6442960620045204,0.11120414486531242,0.6280762225322408,0,0.9181620969180277,0.9333333333333333,188,0.004556065962286186,0.0052073872465280245,0.10663912743838773,0.6327974541532674,0.042724144922107216,0.008229153151705366,True,False,,TATAMOTORS.NS,upper
-0.6713895767906397,0.16375682100811656,0.4828141846758038,0,0.31355028590009537,0.16333333333333333,188,0.021205239906899532,0.01835894229222229,0.17140656338488414,0.47472460689414664,0.1237131078939681,0.0386728255474393,True,False,,TATAMOTORS.NS,lower
0.7810317334307881,0.1042858867334171,0.6244749487014423,0,0.5901796253314067,0.61,188,0.015234648166397137,0.019189193082740984,0.10131711655530902,0.62871536240963,0.15036597152289494,0.030521272303548123,True,False,,HINDUNILVR.NS,upper
-0.8553730120728829,-0.11508622611361605,0.6614738328647833,0,0.6135864936807913,0.8566666666666667,144,0.016467957438424666,0.017163761379071028,-0.09480974584031987,0.6376955019610342,0.17369475633035347,0.026915292733187376,True,False,,HINDUNILVR.NS,lower
0.9503809044920065,0.05625177058663321,0.5840544699315606,0,0.7718259503223177,0.94,133,0.01014751724234859,0.01166988750491293,0.0612524220974431,0.5776367579426559,0.16566717263088374,0.020202812827301603,True,False,,INFY.NS,upper
-0.7749733853723371,0.16404263049229278,0.5264273796881782,0,0.9877197507225814,0.9866666666666667,188,0.010082101862735322,0.008683312514683036,0.16530599391179843,0.5243708368240468,0.06099053648477755,0.016559487559758886,True,False,,INFY.NS,lower
0.9099203907526726,0.08557711837564409,0.5159028852634273,0,0.7868968497489344,0.7233333333333334,160,0.011230779873629894,0.011966510514089174,0.0855253290821522,0.5155469908147517,0.13131523352210342,0.02321128916505718,True,False,,SBIN.NS,upper
-0.8331799180826956,-0.06856489962116208,0.681350189822501,0,0.5100491739468238,0.8833333333333333,176,0.01271506178440073,0.013821101791444886,-0.06552801908825664,0.6781859386801861,0.19404004608890965,0.02037951658883829,True,False,,SBIN.NS,lower
0.635933096641548,0.10993617477494953,0.6284075230696284,0,0.953038584445688,0.9566666666666667,188,0.006794384447010452,0.005958117972778093,0.10954953104268195,0.6282880567801642,0.062021112843944,0.009483099055680167,True,False,,TATAMOTORS.NS,upper
-0.6696132019663009,0.1665694658209082,0.48279131268818143,0,0.35209604819889206,0.23,188,0.023534825157578976,0.020071890469169927,0.17617772119777705,0.47305489808472784,0.13358569779263868,0.04243036088651023,True,False,,TATAMOTORS.NS,lower
0.7812374470388135,0.1109543446441722,0.6117689881510456,0,0.7424022056507837,0.6566666666666666,188,0.014789324159236176,0.018111323854055606,0.10589333952556036,0.6186818898755856,0.13966244552181584,0.02927404835618711,True,False,,HINDUNILVR.NS,upper
-0.7806423643334331,-0.0720747135458562,0.6203882508087472,0,0.6472887591548082,0.4866666666666667,172,0.013083670809260473,0.014990682758825927,-0.06789666790583014,0.6167634674618592,0.19269971982144662,0.024305399568269596,True,False,,HINDUNILVR.NS,lower
0.946262405193148,0.06911459032369005,0.5719938674762932,0,0.986741559703295,0.97,137,0.008576562758646608,0.008630762897980367,0.06362031166741444,0.5780238754856938,0.1348085412626799,0.014931498705677587,True,False,,INFY.NS,upper
-0.7864859360915836,0.1736091934317808,0.5147829766767805,0,0.9482464814943142,0.99,188,0.013301073278660109,0.011340560345865005,0.17152033070041664,0.5164807862992161,0.07754808102843164,0.021957370781497565,True,False,,INFY.NS,lower
0.9113876689719346,0.07847922870643267,0.5213048911411546,0,0.6403502367242948,0.7466666666666667,160,0.013898364119799667,0.014458593695220404,0.07821217278290836,0.521266109422577,0.17770075741751148,0.02773745147917276,True,False,,SBIN.NS,upper
-0.8023480562847427,-0.04677538569664902,0.6580281654063944,0,0.6576355482941924,0.8533333333333334,188,0.00757727027804105,0.007975253362777525,-0.0512560715491208,0.6635958286232734,0.14783163380874992,0.012018238962021453,True,False,,SBIN.NS,lower
0.6372416733445622,0.11897096400945731,0.6156628723603303,0,0.9734805177225047,0.9866666666666667,188,0.010526703019324887,0.010915294850718295,0.11383071654778225,0.6209534941673566,0.09247681481595514,0.01757828046297079,True,False,,TATAMOTORS.NS,upper
-0.6615263662660038,0.16527774934181194,0.48758495094678533,0,0.4741339716290677,0.37,188,0.018964816744922182,0.016067714668286992,0.16965755246580072,0.4827599964376732,0.11178291417893663,0.03328302770325159,True,False,,TATAMOTORS.NS,lower
0.7718462375989659,0.10588123737015563,0.6173559642491896,0,0.7744365461353806,0.5733333333333334,188,0.017935869326768935,0.021374184879685777,0.10983625847016021,0.6120947460757141,0.16329641908439074,0.03491973206357915,True,False,,HINDUNILVR.NS,upper
-0.7741788616602506,-0.07719075847961887,0.6296054811374644,0,0.6252913887253426,0.49333333333333335,172,0.01238172590688709,0.014081072403929052,-0.06927129372042116,0.6216965362326097,0.17874249858007163,0.022649429998056598,True,False,,HINDUNILVR.NS,lower
0.937057467915924,0.05689617444582187,0.5835425838756436,0,0.8761896588801545,0.9666666666666667,137,0.0090491929045653,0.009851693242850054,0.05168830586558993,0.5897162874520424,0.17507231088930778,0.01670581817971755,True,False,,INFY.NS,upper
-0.7837155451324415,0.19100825868003327,0.5016845493581752,0,0.9852872461081483,1.0,188,0.011090010282164397,0.007919008517680806,0.18220305927977706,0.5098182916090878,0.060866210025998124,0.01553300164526625,True,False,,INFY.NS,lower
0.9078708176552457,0.07796282276899907,0.5264247486275837,0,0.39276133919012535,0.65,160,0.013597070483291989,0.013921209260016202,0.07345512440197649,0.5308268224794211,0.1851071486559846,0.02622551914904545,True,False,,SBIN.NS,upper
-0.8847969856335786,-0.05573814756242343,0.6624591484550905,0,0.6834413254498721,0.98,164,0.008798322849377723,0.009387578575630042,-0.05177212602395951,0.65821320668618,0.1699432073906699,0.014262215248263254,True,False,,SBIN.NS,lower
0.6442182203325489,0.1195323618311927,0.6223740188217302,0,0.9831919260007519,0.97,188,0.011718335436957187,0.012299573585011717,0.11493490703045638,0.6270860684654772,0.10195627003282187,0.019613852080897123,True,False,,TATAMOTORS.NS,upper
-0.6715807926416428,0.1372911250384229,0.5018649230223861,0,0.4405396868543239,0.31333333333333335,188,0.01551851249792881,0.014226113980971495,0.14342429323158204,0.4946502059835527,0.1082000201379513,0.02875994697118361,True,False,,TATAMOTORS.NS,lower
0.7746930695418401,0.11774154105663606,0.6055598329927017,0,0.8585472350144994,0.7066666666666667,188,0.013315892807587115,0.01592489112851275,0.10670065318238842,0.6202869971117486,0.12479672019306608,0.02567342366667335,True,False,,HINDUNILVR.NS,upper
-0.7572405470227571,-0.0763191984803551,0.6309964068099595,0,0.6322692994937328,0.5833333333333334,176,0.011620950719836917,0.012235800004587006,-0.062277119924171905,0.616064698726622,0.1866006146074247,0.019861225340886437,True,False,,HINDUNILVR.NS,lower
0.9307124523150806,0.04296995266365969,0.6092327338412824,0,0.8894291841656229,0.97,137,0.007307173091719705,0.007981897234139881,0.04359849824034021,0.6083111575438227,0.1676014475412401,0.013121405063741272,True,False,,INFY.NS,upper
-0.7804988491436884,0.20786956529917733,0.4841812978239957,0,0.9989093982656787,1.0,188,0.01231930779416416,0.008803731162853915,0.20059073174862543,0.4902377862469225,0.06141513654504734,0.01795808326133153,True,False,,INFY.NS,lower
0.9137557652375197,0.053209496879477694,0.5356809263860188,0,0.6540172934388809,0.8,160,0.007370377182297977,0.008991631823748571,0.055121708256937414,0.5332738901263078,0.13371094761492433,0.016861188634243813,True,False,,SBIN.NS,upper
-1.167908738403006,-0.08870652157714609,0.6872559704943861,0,0.49820493529392584,0.7066666666666667,105,0.01630073016422262,0.019432485437774972,-0.10515227279575212,0.7094069236473493,0.1550202214428875,0.02739257895022913,True,False,,SBIN.NS,lower
0.641807576877253,0.1271106449047377,0.6106004380585491,0,0.9642966715102969,0.92,188,0.012687778850069439,0.01257456848801575,0.1354297257532404,0.6009715262569968,0.09368532530542033,0.020923733869882347,True,False,,TATAMOTORS.NS,upper
-0.6668015457057375,0.14209192962940864,0.49969897669506824,0,0.5227327929574549,0.47333333333333333,188,0.009657425726983903,0.009103142199979404,0.1374548222482093,0.5041899213846691,0.07025890300855331,0.01805498609418721,True,False,,TATAMOTORS.NS,lower
0.7633412001943319,0.12514546542444155,0.6068142476571019,0,0.8160808009455454,0.7733333333333333,188,0.01315384566616135,0.01481063183940399,0.11642866921615451,0.6180168721953615,0.11297771094474678,0.02396476903153949,True,False,,HINDUNILVR.NS,upper
-0.7505597015601696,-0.07507186816872967,0.6253679245279786,0,0.6115685637162617,0.5933333333333334,176,0.010245258832604897,0.010513874600728834,-0.06688882232626889,0.6168941007296649,0.1531684509400732,0.017043240351724186,True,False,,HINDUNILVR.NS,lower
0.9282180964857967,0.04477885292361174,0.6065013635395846,0,0.8653847286300375,0.9833333333333333,137,0.005401911486701927,0.0057093283137893336,0.04185852306922518,0.6099546705327534,0.12905161960091396,0.009360250025137323,True,False,,INFY.NS,upper
-0.7742030111721374,0.21258011260520204,0.4801391349028684,0,0.9993636168080701,0.9966666666666667,188,0.008796604181953981,0.005911413603260411,0.20451948637072445,0.4867426647378556,0.04301107883626274,0.012144843487257643,True,False,,INFY.NS,lower
0.9192808011830806,0.04962510226427334,0.5427999940590733,0,0.5514591774667205,0.62,156,0.0071765155626445564,0.009349354942633595,0.0497097563171395,0.5424190336843129,0.14436832224999124,0.01723640615404887,True,False,,SBIN.NS,upper
-0.9101366800929139,-0.04790206516743406,0.6532380402135082,0,0.7300737001668298,0.91,160,0.007019914981318378,0.008994017127696199,-0.05122670907742171,0.6576559966417119,0.1370362011806534,0.013675868595230666,True,False,,SBIN.NS,lower
0.6516647726703448,0.1403966951304922,0.5928289621742076,0,0.9237539153137195,0.9,188,0.00946509556653799,0.009393435956734931,0.14126936210154106,0.5911302844456464,0.06700033719789386,0.015890635355685773,True,False,,TATAMOTORS.NS,upper
-0.6675232640029977,0.15016084444961852,0.49576461595951277,0,0.4232501714971668,0.48,188,0.013559847440052331,0.012751936423716565,0.14494478697100496,0.501120664510405,0.09355180540054066,0.02544683760288918,True,False,,TATAMOTORS.NS,lower
0.7696281195575225,0.12363984675549054,0.6039812588812332,0,0.6876234056408327,0.71,188,0.014489440818967735,0.016171767974630727,0.12100249040417067,0.6072730628222355,0.11974497031524416,0.026630141691404485,True,False,,HINDUNILVR.NS,upper
-0.7640852303331412,-0.07220121539317287,0.6263832648054287,0,0.640173640761811,0.6566666666666666,176,0.010721679210984776,0.010935366139158671,-0.0599991515471191,0.613585913129025,0.17869715066875938,0.017822061633019536,True,False,,HINDUNILVR.NS,lower
0.9295665600952925,0.055182256857421064,0.5951823966480118,0,0.8157984367841503,0.8966666666666666,137,0.008988699673119875,0.010718592352313889,0.05103236288743451,0.6001804598918836,0.1761372079042228,0.017858948916223038,True,False,,INFY.NS,upper
-0.7827447483817523,0.2200239049477316,0.47600832320986075,0,0.9808351060531406,0.9966666666666667,188,0.011039413417259678,0.00733079371837276,0.21065115178808627,0.48354944368914965,0.05240613592421227,0.015160380520428361,True,False,,INFY.NS,lower
0.9043073939855437,0.054806967967659936,0.5371273617749364,0,0.694880253149716,0.78,160,0.010623116687887395,0.012271271211255423,0.055943507770488725,0.5355641849809077,0.1898900375101419,0.022912792390262157,True,False,,SBIN.NS,upper
-0.858991755550304,-0.051747814487043416,0.661227842919997,0,0.9319167461780886,0.9633333333333334,172,0.009460210020558912,0.010331110809685557,-0.052095814252205774,0.661997391250218,0.18159248186112267,0.015605968830352951,True,False,,SBIN.NS,lower
0.6629406882627371,0.15352358294837903,0.5816916199492991,0,0.9713258292357625,0.9233333333333333,188,0.01874536801969368,0.018728664400938996,0.13358177005778119,0.6025710623736723,0.14032877845755098,0.031081253746819082,True,False,,TATAMOTORS.NS,upper
-0.6686273772470251,0.16416890127455927,0.4874494516705054,0,0.5802697479709465,0.5933333333333334,188,0.009995346684371445,0.007909660723010787,0.15993736197057687,0.49126506247149154,0.06249537904255583,0.016100596533798545,True,False,,TATAMOTORS.NS,lower
0.7683102588978333,0.12173261201592026,0.6018603729042277,0,0.6130554881304004,0.5733333333333334,188,0.0131180462646399,0.014841517778522358,0.1207396125495311,0.6028719683229882,0.10864740163701005,0.02461802557121178,True,False,,HINDUNILVR.NS,upper
-0.743368587985074,-0.04859597437113568,0.5987310788598514,0,0.6614262492995875,0.5166666666666667,184,0.007420923211168823,0.0071701282814768535,-0.04626576278148036,0.5965905963645511,0.16039769283048333,0.012018506836990813,True,False,,HINDUNILVR.NS,lower
0.9380371308778482,0.054502194821993324,0.6033222789704173,0,0.9637143010422222,0.95,133,0.009801993027789013,0.011171845922743995,0.05602358914257289,0.601362787526985,0.1749618585347256,0.01857754747830519,True,False,,INFY.NS,upper
-0.777818206170228,0.22009502857312402,0.47787949891827,0,0.9928595925006091,1.0,188,0.011795219916728708,0.007388523587324412,0.21453030725707536,0.4820560751830489,0.05498159918625531,0.015327103659564432,True,False,,INFY.NS,lower
0.9058746548135148,0.06173424370998304,0.5310257334582387,0,0.7686168557472217,0.7833333333333333,160,0.011675675481034249,0.013195868568349405,0.05884721779622514,0.5338116224128576,0.1984065506274062,0.0247200843276932,True,False,,SBIN.NS,upper
-0.8054336540523118,-0.050740794897590626,0.6585678196989839,0,0.9467188439974049,0.97,188,0.00839094170709712,0.011179771795489546,-0.0635867054355453,0.6748890834595542,0.1319606092188014,0.016565346667821862,True,False,,SBIN.NS,lower
0.6563437963156029,0.148970413223092,0.5843755940426383,0,0.978240098110418,0.9666666666666667,188,0.01871942391897776,0.0179606595008356,0.13189994188587575,0.602254018325216,0.14192138549962802,0.029822398283962787,True,False,,TATAMOTORS.NS,upper
-0.6612879297092632,0.17421322687167395,0.4764636775360458,0,0.7143740772376364,0.7333333333333333,188,0.010718746987196673,0.007695246525054618,0.1713875383982071,0.4786463584569307,0.06254099021413391,0.01607710207822677,True,False,,TATAMOTORS.NS,lower
0.764578093501659,0.10758210087480821,0.618679215044191,0,0.5750944100931947,0.42333333333333334,188,0.018476724872574877,0.021815746815146114,0.11530831319036483,0.6082325152141518,0.16023756448241191,0.03586744527919653,True,False,,HINDUNILVR.NS,upper
-0.7294513804351265,-0.055656915473243015,0.6045469165638502,0,0.6424584794270893,0.5833333333333334,188,0.005905643073708942,0.005074510692522817,-0.05689846285042014,0.6062068976816349,0.10379264640782594,0.008370921921575703,True,False,,HINDUNILVR.NS,lower
0.9330647569471957,0.0438510190743827,0.6141924357097119,0,0.9035423813081116,0.96,133,0.008733688912275763,0.009944624993006116,0.048890859695595784,0.6078272568914238,0.1786363991201923,0.01636093925806478,True,False,,INFY.NS,upper
-0.775489597371393,0.2294110194108846,0.4650907500475424,0,0.9920828144046241,0.9966666666666667,188,0.011014931335936425,0.006832200331502821,0.2163404847867266,0.47570932947738837,0.050914792197342414,0.014362132009030217,True,False,,INFY.NS,lower
0.9074659947688692,0.06671862198468995,0.5277624424829086,0,0.7615702527030523,0.8166666666666667,160,0.011692914770557561,0.013242508225207344,0.06608604095537714,0.5281208319755091,0.17693468744944216,0.02507476920560815,True,False,,SBIN.NS,upper
-0.8040412900133859,-0.050939351138486716,0.6596845903546749,0,0.962234350406734,0.99,188,0.00827793054248359,0.01100459885409489,-0.06316157650202457,0.6752601406858325,0.13105957277083677,0.016296828478502685,True,False,,SBIN.NS,lower
0.6583089181078018,0.1570907270310521,0.5776699216327026,0,0.9753231938126579,0.97,188,0.013365795047738011,0.01215225920116139,0.14415657938698326,0.5903506955938006,0.09271719804537001,0.02058481354559933,True,False,,TATAMOTORS.NS,upper
-0.6617382116986656,0.17698174988275533,0.47328817377846605,0,0.7852041733173333,0.7166666666666667,188,0.011909398717828448,0.008772858963348175,0.1738128276907461,0.47580892817665443,0.06851852185405354,0.018437776719719922,True,False,,TATAMOTORS.NS,lower
0.7942665159051348,0.12917578529795254,0.5864741551567662,0,0.88381952431491,0.67,184,0.024925212829325437,0.028238526259336427,0.12691714870800455,0.590248477660085,0.19638962204212523,0.047841759614297485,True,False,,HINDUNILVR.NS,upper
-0.7301524267634901,-0.05698467446051797,0.6132965493251208,0,0.46272824705872795,0.5266666666666666,188,0.008731239319172919,0.008563689103423727,-0.06009031825933805,0.6170401834504343,0.14530190751314598,0.013878656843302755,True,False,,HINDUNILVR.NS,lower
0.9281355147295943,0.05477698618381731,0.6022277297154028,0,0.9163499449735613,0.9833333333333333,137,0.006088170113447886,0.007385412951588972,0.05690818119361288,0.5994015615042553,0.10698231635468314,0.012321310624953109,True,False,,INFY.NS,upper
-0.7750628650930387,0.21911865846837308,0.4792726618885569,0,0.9875161107558474,0.9966666666666667,188,0.010623239794251315,0.006608262705014663,0.21608531521832566,0.48111083801111504,0.049162245439471355,0.013735426528694679,True,False,,INFY.NS,lower
0.9463895373563673,0.051934899993011,0.5462644767320433,0,0.6065141528227314,0.6966666666666667,144,0.010159965536371872,0.01230500363207342,0.05394823507486903,0.5436343167452531,0.18832800811726008,0.022634706873172747,True,False,,SBIN.NS,upper
-0.7994269900616096,-0.05277213806556645,0.6674633191124679,0,0.8901362362200737,0.95,188,0.009348115843265253,0.012816737086850856,-0.06237017376224296,0.6798268375855376,0.14988116563678178,0.018852943411062063,True,False,,SBIN.NS,lower
0.6422958012933484,0.14562769989404586,0.5833139018703293,0,0.993377081814015,0.9666666666666667,188,0.014946853186533084,0.01369537837509304,0.1351182371185333,0.5938397575125642,0.11062053797531038,0.023062413675088333,True,False,,TATAMOTORS.NS,upper
-0.6478391305114641,0.18878668529954581,0.4556918828022256,0,0.7886232919862292,0.8066666666666666,188,0.008992946106441793,0.0060369365113990305,0.18264328379084518,0.4606630576304891,0.049237756940258136,0.013104884970378022,True,False,,TATAMOTORS.NS,lower
0.7591793773267331,0.09917404843290087,0.6264644124645519,0,0.4663551281777727,0.42333333333333334,188,0.02103831052685074,0.025209619141435206,0.10898370157337267,0.6131918011441081,0.19304087026515718,0.04111212622751515,True,False,,HINDUNILVR.NS,upper
-0.7315550903045255,-0.056636412962999955,0.613342235163119,0,0.5075884475014452,0.57,188,0.007030623189677643,0.006647841493183348,-0.057101951496969415,0.614218593124307,0.12312402245675537,0.010823249994982555,True,False,,HINDUNILVR.NS,lower
0.9053884607146104,0.0693537913857461,0.5823197251230985,0,0.9376197288602893,0.98,141,0.011454697164507314,0.012956913859975126,0.06119331991122141,0.5917356138463095,0.1871886557101184,0.02189645736681286,True,False,,INFY.NS,upper
-0.7787948331825502,0.22383331374618626,0.47256216637042103,0,0.9732083175394015,0.9966666666666667,188,0.010157094653191222,0.0062128320501117365,0.2139883901935943,0.48044736258569554,0.04746563198753832,0.012931347749234653,True,False,,INFY.NS,lower
0.7746583919477613,0.015975076570133067,0.5772744961867096,0,0.4049667157984487,0.5066666666666667,188,0.0031799047385197027,0.00422862326944795,0.016965664887362696,0.5759964276581077,0.1874316677427512,0.0073414052466031395,True,False,,SBIN.NS,upper
-0.8028593091240648,-0.06960523365611124,0.6907494764840989,0,0.7527908279507811,0.9166666666666666,188,0.0077153223982157045,0.01069681835677638,-0.07542605630485066,0.6987467505523292,0.10228986842602358,0.01530857666992403,True,False,,SBIN.NS,lower
0.641860965199178,0.14406162122172,0.5896838089291382,0,0.9876747107210171,0.9733333333333334,188,0.010625633582359174,0.010416432202428563,0.135332468220758,0.5981099683854098,0.07851502996218213,0.01741558004189729,True,False,,TATAMOTORS.NS,upper
-0.6435482818810373,0.1781116763156197,0.4625956654124938,0,0.8230499594258784,0.8666666666666667,188,0.01091163410478661,0.008411739034328375,0.1759154289667296,0.4639662764226235,0.06202772291549861,0.018130065223459325,True,False,,TATAMOTORS.NS,lower
0.7571006926713416,0.10100332055518321,0.6267340162345615,0,0.3951558475544973,0.45666666666666667,188,0.01728915365507979,0.021282815289292434,0.10543550246315662,0.6206501160445338,0.16397846656382792,0.03429116404910762,True,False,,HINDUNILVR.NS,upper
-0.7174815617805519,-0.05849455950410364,0.6160963288573965,0,0.562819899460385,0.6333333333333333,188,0.0064893492189518785,0.006019770863556892,-0.05580082032460725,0.6135888186432318,0.11629485047447728,0.009810756947560168,True,False,,HINDUNILVR.NS,lower
0.9016408091930481,0.07669973213475495,0.5710651781667391,0,0.9265085215193926,0.99,144,0.01123300780504355,0.01205056949007655,0.06523999838328677,0.5839968305833749,0.17217974190084917,0.020634648430698378,True,False,,INFY.NS,upper
-0.7821988672208866,0.22517214499609778,0.4750210358184921,0,0.9317321285516367,0.9766666666666667,188,0.012135093360505767,0.009822696377144498,0.21712858915421218,0.48125227998553055,0.05588896814042911,0.02041070054428173,True,False,,INFY.NS,lower
0.7721761603182286,0.016079113858300964,0.579678435642806,0,0.4016025382084649,0.5633333333333334,188,0.0037443025994930417,0.004629448520799757,0.01934548235944827,0.5755447770362782,0.1935490981527972,0.008043593869798964,True,False,,SBIN.NS,upper
-0.8019671752608506,-0.06548955860257666,0.6872853571884757,0,0.7465496474627651,0.95,188,0.007371166555633785,0.010204031998812332,-0.07258321583491394,0.6967019212130378,0.10155468389348041,0.01464619450823962,True,False,,SBIN.NS,lower
0.6547647483027098,0.11326560542015196,0.6425405037177551,0,0.9669690836218875,0.98,188,0.005760786678902183,0.00514220325127303,0.10816885580207679,0.6479049453898048,0.05325734568986836,0.00793666294492111,True,False,,TATAMOTORS.NS,upper
-0.6603667411694738,0.1144753763514455,0.486613345286725,0,0.8072866391038209,0.9233333333333333,188,0.0038550264689334855,0.00374854634373805,0.10979769090623688,0.49058636898355906,0.035110265853613216,0.007640950715966931,True,False,,TATAMOTORS.NS,lower
0.756828187335724,0.11062128528304113,0.6161290363235934,0,0.5392715365295961,0.6033333333333334,188,0.013754893678161417,0.017229020849968833,0.1071239137659094,0.6209759221975357,0.12840169772178106,0.027745070230013665,True,False,,HINDUNILVR.NS,upper
-0.7156121784950025,-0.06319873782279448,0.6254026553935813,0,0.665500394581162,0.63,188,0.008685550713991151,0.00909765490955098,-0.060656421612430754,0.623000065667694,0.14319257633696933,0.01460297560927366,True,False,,HINDUNILVR.NS,lower
0.9531631618032449,0.0961605691919747,0.5553403633290841,0,0.9917069808650889,0.9933333333333333,133,0.010908491661148987,0.01040570475199251,0.09026164606189575,0.5613365233978477,0.12085410502183377,0.01853737309596676,True,False,,INFY.NS,upper
-0.7818220586990766,0.22699381730127233,0.4748614792012875,0,0.9646363590976749,0.99,188,0.009358987183514451,0.008743753979425289,0.22649660794760254,0.4742584052297354,0.04132064870690276,0.01843668704368636,True,False,,INFY.NS,lower
0.8916683633561421,0.08220654572686205,0.5157382751758826,0,0.8722883490687294,0.9033333333333333,160,0.014363368811308256,0.014567080912665438,0.07817820124250667,0.5194199460549317,0.18372598429955733,0.028044900360210425,True,False,,SBIN.NS,upper
-0.7902957207207021,-0.07157689385244187,0.6917509125681858,0,0.7022781665002809,0.9133333333333333,188,0.007765084727427636,0.008487222420500621,-0.07315296178360516,0.6942777980294913,0.10614858888300045,0.0122245336410639,True,False,,SBIN.NS,lower
0.6617728857881222,0.11515139780451417,0.6474154416245556,0,0.9454699524339748,0.96,188,0.006186254350332456,0.007203025621885845,0.11953702073918027,0.6417230771887547,0.05175178195475126,0.011224507526199017,True,False,,TATAMOTORS.NS,upper
-0.6659684534710018,0.11749319681236883,0.49050933952887277,0,0.8094415282787802,0.92,188,0.0014375197753642244,0.0022220625965730084,0.11695070096215197,0.49046056940594734,0.012291671966230629,0.0045305630867712166,True,False,,TATAMOTORS.NS,lower
0.7623512367443189,0.10772369100662327,0.6185782770044931,0,0.7463436739141518,0.7933333333333333,188,0.009235689274457773,0.011080126136100576,0.10084654806691845,0.6277070688536307,0.09158160131086748,0.01765174634693621,True,False,,HINDUNILVR.NS,upper
-0.7192284588493771,-0.0745893153488737,0.6359119777330426,0,0.6646033941241232,0.7266666666666667,184,0.011031205607984205,0.01134497957653568,-0.059277686893112115,0.6194249368102721,0.18609369435987647,0.018315341729384062,True,False,,HINDUNILVR.NS,lower
0.9456635379415628,0.08153743470378055,0.5684915360472329,0,0.9966909615217023,0.9933333333333333,133,0.01288453283167047,0.012217937123277582,0.08428809982674597,0.565285944661146,0.15286299405876583,0.02161372845465704,True,False,,INFY.NS,upper
-0.780826165323074,0.2373282628075815,0.468876540897579,0,0.9389108689600579,0.9266666666666666,188,0.014981325547728725,0.011792156294992306,0.22239353101392378,0.48095137165283325,0.06736403170445837,0.02451839571490051,True,False,,INFY.NS,lower
0.9071388963813993,0.10287907922843645,0.49906356464436663,0,0.8995765480476001,0.69,160,0.0168136994200023,0.01637559969492303,0.0870183762516366,0.5137620896878111,0.19322007847147452,0.03187389592356794,True,False,,SBIN.NS,upper
-0.7931836671133584,-0.06372890417178179,0.6819008093888779,0,0.7268375590033314,0.9133333333333333,188,0.006277777595330561,0.007451597800311144,-0.07156975477169795,0.6920459255592403,0.08771549851192315,0.010767490158423558,True,False,,SBIN.NS,lower
0.6501168765479822,0.11114728921618303,0.6458448565201099,0,0.9467733463200225,0.9133333333333333,188,0.009757204578885117,0.01008592845327962,0.125208119116171,0.6288736174272006,0.07792788413787541,0.016038084622092347,True,False,,TATAMOTORS.NS,upper
-0.6566097937629033,0.11439826121836891,0.49305168525879356,0,0.8289216611870269,0.9133333333333333,188,0.005388192865970683,0.004971786157363628,0.1155113578883712,0.49148459034365555,0.046646429390203116,0.010115853383579584,True,False,,TATAMOTORS.NS,lower
0.7671882387361838,0.10335670303325696,0.6190339981340222,0,0.8553265243333859,0.7033333333333334,188,0.011981055083391283,0.01508623639789819,0.09921882566769367,0.624602174991744,0.12075383673638891,0.0241533519420807,True,False,,HINDUNILVR.NS,upper
-0.7450029607233992,-0.04897429199387787,0.6031914174066,0,0.6325260036786934,0.6166666666666667,180,0.008127512941052016,0.00805985962719874,-0.056194696021138614,0.6111832137563606,0.1446312921006244,0.013187305073039253,True,False,,HINDUNILVR.NS,lower
0.9490138935070538,0.0927382328383268,0.5617681214293055,0,0.9923850184426748,0.98,133,0.007799495171082819,0.007841057449428855,0.08412263061382928,0.5707882262444445,0.09271576729131618,0.013737244308011388,True,False,,INFY.NS,upper
-0.7783870914869981,0.22733620181194875,0.4773104265634128,0,0.8986510142381261,0.9033333333333333,188,0.0118304487860399,0.008887818119244419,0.2094145947265352,0.4925572038583532,0.05649294996157853,0.01804423500292156,True,False,,INFY.NS,lower
0.7647917413506634,0.01809560333016729,0.5893661353413246,0,0.22019588629983988,0.67,188,0.002464529739922247,0.003036026074393667,0.018488930328713668,0.5887977720503218,0.13329751170729814,0.005156313707265615,True,False,,SBIN.NS,upper
-0.7887231436909984,-0.0657617255308285,0.6882731441218107,0,0.7064064616322319,0.92,188,0.008916256727358624,0.009777448204526615,-0.07271707276235095,0.6975157586536768,0.12261570993569876,0.014017529988459962,True,False,,SBIN.NS,lower
0.6708027419718958,0.11005738952618638,0.6441818001439499,0,0.9163393053971223,0.9766666666666667,188,0.008059756917908022,0.00795593888004382,0.11429212638097908,0.6386843612772315,0.07051891033904374,0.012456761489456288,True,False,,TATAMOTORS.NS,upper
-0.6691504824740503,0.108203673703472,0.5066824029333977,0,0.8583549786605864,0.92,188,0.005549623028018534,0.005977032664108135,0.10548624552022784,0.5089810841458712,0.0526099158667581,0.011743132962803427,True,False,,TATAMOTORS.NS,lower
0.7652629006525321,0.0993199500444701,0.6252252857910475,0,0.8593743469562221,0.7733333333333333,188,0.010406228609145118,0.013058868874898013,0.08956776563548297,0.6389268310037629,0.1161827290597871,0.020438754544076357,True,False,,HINDUNILVR.NS,upper
-0.7284312746006022,-0.05877503908589331,0.6124743417376497,0,0.6679357499826674,0.7,184,0.010838489968908745,0.010548263230188407,-0.06385162330306886,0.6184775175999996,0.16974491345373027,0.017055208571798743,True,False,,HINDUNILVR.NS,lower
0.8977583611821878,0.07053912806089749,0.5749964823021507,0,0.9850057872477723,0.9933333333333333,137,0.011589371578221883,0.011697239979942356,0.07290823642513479,0.5721931424733759,0.1589583091965095,0.020442817131557035,True,False,,INFY.NS,upper
-0.7639965824614308,0.25542500316531036,0.4767522215623574,0,0.8165521099665565,0.7966666666666666,188,0.011538705292692292,0.012217343927788608,0.23607453336946696,0.49289242473337297,0.048877380542609865,0.0247870388483392,True,False,,INFY.NS,lower
0.9004578938098003,0.0957665123452282,0.5083244380425114,0,0.9798871567997279,0.8766666666666667,156,0.01566065628539339,0.015943340724016132,0.08691794435058091,0.5164968181504758,0.18017746048447728,0.03086822581487608,True,False,,SBIN.NS,upper
-0.7754760800729478,-0.08612486509623483,0.71283167001577,0,0.5466538000806096,0.89,188,0.012371120235260267,0.014248272597862563,-0.07767804457579257,0.7027735115435817,0.1592614581147811,0.020274344665928014,True,False,,SBIN.NS,lower
0.661077914331619,0.12243308472741304,0.6312179569289809,0,0.9415468901993798,0.9733333333333334,188,0.006159235021606651,0.00876492907164928,0.12761524977689467,0.624595760574263,0.048264095002232714,0.014032962572882406,True,False,,TATAMOTORS.NS,upper
-0.6681888924808772,0.10166503885752154,0.5154183578721598,0,0.7575839603543939,0.79,188,0.007302929649456133,0.006361439309420162,0.10790686065456255,0.5085773440491396,0.06767807837588652,0.012508302343335383,True,False,,TATAMOTORS.NS,lower
0.7674144940153556,0.08921618378313234,0.6431132108319999,0,0.7355203433975098,0.6833333333333333,188,0.011046722373521093,0.014125178966126329,0.08683052282517711,0.646467029548432,0.12722163522550697,0.02184980532958494,True,False,,HINDUNILVR.NS,upper
-0.7216038848353233,-0.06821913796632689,0.624225351715088,0,0.7511570091854392,0.7333333333333333,184,0.011135249481445633,0.011152035812697867,-0.059863087710237135,0.6156229646111513,0.1860119156436738,0.018115041628753176,True,False,,HINDUNILVR.NS,lower
0.9273980940082355,0.08579470772377412,0.5583374461857381,0,0.9024129278020999,0.8533333333333334,133,0.013522339955676543,0.01479219085159839,0.0713096193873492,0.5736524223456833,0.18962852663592017,0.025785981227539896,True,False,,INFY.NS,upper
-0.7588460329615094,0.26311159322983274,0.471290867256971,0,0.9253039899930127,0.92,188,0.00895967334211224,0.006962904088036961,0.24779897327072828,0.48344621787597847,0.03615702221152179,0.014402644361563204,True,False,,INFY.NS,lower
0.9384789153757833,0.05282560453405162,0.5517637881189672,0,0.8426007163280984,0.87,141,0.0084545251987704,0.009774512323362058,0.0526130658131006,0.5517783650072113,0.1606924717498693,0.017714562161364716,True,False,,SBIN.NS,upper
-0.7753433563431883,-0.08941651977263548,0.7204011117946824,0,0.6700775472625046,0.94,188,0.00948973314154023,0.010335700511158827,-0.08144526829586544,0.7106635405469802,0.11651667647407345,0.014543732407837283,True,False,,SBIN.NS,lower
0.6555019277960676,0.11898774453701673,0.6363670164215087,0,0.8810052492204608,0.9633333333333334,188,0.007284364883452861,0.011006790000800556,0.12275061406757348,0.6313335622555729,0.05934279307160884,0.017434190869141438,True,False,,TATAMOTORS.NS,upper
-0.6698377653168004,0.10916384390474752,0.5118438513511008,0,0.7931443704612502,0.81,188,0.0019087616909124199,0.0025654833365639706,0.11168114717684695,0.5087851439758303,0.017091170428059754,0.0050423706676902035,True,False,,TATAMOTORS.NS,lower
0.8165128806688965,0.11340588903125694,0.611847589611927,0,0.884865694352956,0.8133333333333334,180,0.017762184795383586,0.021219088512510063,0.10884177270210654,0.6181150533775251,0.1631927037064215,0.03432870313265624,True,False,,HINDUNILVR.NS,upper
-0.7424861394107077,-0.06086615124754974,0.6180250270119506,0,0.7007244673652746,0.5633333333333334,176,0.010617360645439722,0.010571194162717568,-0.05806615400410955,0.6154924614292009,0.18284935517159862,0.01717518028802332,True,False,,HINDUNILVR.NS,lower
0.902174990023524,0.06692517369949405,0.5763716516907154,0,0.9778300185178883,0.9933333333333333,137,0.004503038039288618,0.004815400350285198,0.06938014862844004,0.5732933640570087,0.06490383026369662,0.008399539517103071,True,False,,INFY.NS,upper
-0.7668168392765354,0.25790949920544814,0.4726380308009438,0,0.9731334099585657,0.9966666666666667,188,0.008479798092273737,0.0045917895372939825,0.25174167395034075,0.4768985611070075,0.033684521209234805,0.009628440543730769,True,False,,INFY.NS,lower
0.7175209632043877,-0.008945586346938116,0.6020484473460591,0,0.6864829692205789,0.84,200,,,,,,,False,True,invalid,SBIN.NS,upper
-0.7781720771341137,-0.09569399098946804,0.7335044913522633,0,0.7278244109268277,0.9666666666666667,188,0.011782082616006715,0.01341245159939736,-0.08366765221905155,0.7181844525528791,0.1408200289516859,0.018675496754303307,True,False,,SBIN.NS,lower
0.6666164071934223,0.11353890374233512,0.6430447253343845,0,0.7545590343596232,0.9433333333333334,188,0.005608773113421694,0.008548934349971718,0.11121596446449578,0.6451665505403995,0.05043136240479753,0.013250739999312772,True,False,,TATAMOTORS.NS,upper
-0.6663841279516522,0.12256720599706794,0.4989159509955884,0,0.9297970029888227,0.9533333333333334,188,0.004691033783299472,0.005418160608661854,0.12104223638837523,0.49980123239502855,0.03875534305805807,0.010840630532845886,True,False,,TATAMOTORS.NS,lower
0.7640876690147188,0.09070996440497879,0.6410993437257083,0,0.7538085813372041,0.6266666666666667,188,0.01299103077049955,0.016875487335944572,0.08808687928194632,0.6449617210619316,0.14747973139246845,0.026165098676721524,True,False,,HINDUNILVR.NS,upper
-0.7131778943031342,-0.07456548951588754,0.6314182332505041,0,0.8158885081078782,0.7033333333333334,184,0.011942787451415818,0.011944946752530772,-0.061053018268735,0.6169719769321454,0.19561335105029784,0.01936059822087915,True,False,,HINDUNILVR.NS,lower
0.6759059231331807,0.01569762597002971,0.6328587302038591,0,0.8119244534874874,0.8866666666666667,184,0.0024872401761199844,0.003432604431779754,0.012555515950146619,0.6369849615500641,0.1980992421978897,0.005388831110766585,True,False,,INFY.NS,upper
-0.7635238071798918,0.25469107733943386,0.47492261955651316,0,0.984778978560566,0.9933333333333333,188,0.007317329950271127,0.0038921377702156573,0.24570610479228214,0.4817649064163621,0.029780821517027104,0.008078914918021766,True,False,,INFY.NS,lower
1.0915914812251273,0.04917504137091294,0.5260175611582953,0,0.9677934130041679,0.9966666666666667,109,0.00787420765693014,0.006842697420514102,0.057981045708481206,0.5171476451120657,0.1358065588960695,0.013231612582737693,True,False,,SBIN.NS,upper
-0.7833882606187603,-0.08231649930369822,0.7283262073039776,0,0.776084306402829,0.9666666666666667,188,0.009612799750951917,0.010727287767027426,-0.07157106062582765,0.71497451603135,0.13431124708483785,0.0150037342261297,True,False,,SBIN.NS,lower
0.6571829779558644,0.107339948982597,0.6468798827077777,0,0.7858819687238517,0.7866666666666666,188,0.0095306754234681,0.01247423643690487,0.12189412502808482,0.6290297612062399,0.07818813777440728,0.019830915813386744,True,False,,TATAMOTORS.NS,upper
-0.6697002824597572,0.12484196680021539,0.49431482994121656,0,0.7864395425639278,0.8666666666666667,188,0.009665113293162258,0.008313195273732631,0.12347463208261622,0.495104014475186,0.07827609888267895,0.01679080529095816,True,False,,TATAMOTORS.NS,lower
0.7626177662246816,0.09190067739463527,0.638291632100396,0,0.7516665952549773,0.5466666666666666,188,0.01475383883303888,0.019548189207448736,0.08941828997831931,0.6421358380336764,0.16499797957035808,0.03044245118429137,True,False,,HINDUNILVR.NS,upper
-0.7194315740393821,-0.05874087072261438,0.61596508001343,0,0.4580579890812394,0.63,184,0.005744672539923059,0.0055529708856448595,-0.053204605391004446,0.6104140985713136,0.10797319927425576,0.009097055273905282,True,False,,HINDUNILVR.NS,lower
0.9199685404286637,0.09609969646583463,0.5462662187547518,0,0.9185083569453647,0.95,133,0.00846358155464228,0.008563838980816757,0.08937315734989838,0.5525389786274597,0.0946993578229932,0.015499067318470774,True,False,,INFY.NS,upper
-0.7625357408429972,0.2652632195688713,0.46461600007644654,0,0.9927685060140037,0.99,188,0.006659845993051946,0.00520624307279283,0.2535800507033146,0.4734158315987101,0.02626328732070098,0.010997188127907833,True,False,,INFY.NS,lower
1.1145538475560728,0.07483152573762844,0.5018214549728024,0,0.9822270847389264,1.0,109,0.009368171927170345,0.010216737990917556,0.07179314292006994,0.5040573456618812,0.1304883759263267,0.020268998906884092,True,False,,SBIN.NS,upper
-0.7818954541273829,-0.08356041044337603,0.7222954400655776,0,0.8775177993118186,0.9966666666666667,188,0.009017845635338582,0.0099882048586339,-0.07557841425083578,0.7122040853435984,0.11931772492913359,0.014024357517651107,True,False,,SBIN.NS,lower
0.6567982263140368,0.10543610763865346,0.6503002663637176,0,0.8494793161529485,0.8733333333333333,188,0.013956112080046625,0.017705337389719675,0.11986254888583854,0.6327446877740798,0.11643429115624783,0.02798180285351254,True,False,,TATAMOTORS.NS,upper
-0.6735887430171892,0.12819184480206586,0.4939981060358115,0,0.8752197235219035,0.94,188,0.009160850687148525,0.008038322205360491,0.12625487350215245,0.49534924912767825,0.07255838691572154,0.01622758499632394,True,False,,TATAMOTORS.NS,lower
0.7707514432761667,0.10166418809575518,0.6220539174603801,0,0.8536597401819872,0.7333333333333333,188,0.015415921691245619,0.01981117240046248,0.0941674026778974,0.6327273033070907,0.16370760598442122,0.0313107589696341,True,False,,HINDUNILVR.NS,upper
-0.7223806663602582,-0.06123967906074526,0.6166802314334925,0,0.5692941364796438,0.7266666666666667,184,0.008292282085049256,0.00796406764402769,-0.048593524826284845,0.6035122795008275,0.17064578888308937,0.013196197960798559,True,False,,HINDUNILVR.NS,lower
0.8967585010540665,0.07971902651951474,0.561588358666862,0,0.9299263243135135,1.0,137,0.011292560263315102,0.011088863019625238,0.07117005822885235,0.5705124922544239,0.15867007780578604,0.01943666961864419,True,False,,INFY.NS,upper
-0.7621230584495567,0.2650983936102289,0.46503548964133384,0,0.9303089203141081,0.98,188,0.006032971058497715,0.004456848549236977,0.25702197439604774,0.47071019119543617,0.02347258765694319,0.009468349183676433,True,False,,INFY.NS,lower
0.7517016752683618,-0.04973884405359172,0.634428508058286,0,0.44244239489428017,0.5166666666666667,188,0.004722879117543487,0.006909950749693213,-0.042970726397567764,0.6253524263387144,0.10990919666461225,0.011049690299680105,True,False,,SBIN.NS,upper
-0.7891970314768332,-0.08446511671605073,0.7150091671515232,0,0.9142206314269582,0.9766666666666667,188,0.011517999900059866,0.01322948907009316,-0.08524530578992663,0.716674737151561,0.13511592740701583,0.018459544057711035,True,False,,SBIN.NS,lower
0.6696501185123871,0.11245071748616761,0.6518234358974824,0,0.9492850324647554,0.9833333333333333,188,0.00420007676383684,0.005556417216932726,0.10688981506948751,0.6577910560254817,0.039293513307804846,0.008447085258402522,True,False,,TATAMOTORS.NS,upper
-0.6798643748519969,0.09311397211897349,0.5235201805382417,0,0.9836089338276708,0.9233333333333333,188,0.00928393767003495,0.01050118826885085,0.08221982622016379,0.5345338126694317,0.1129160321503795,0.01964550758716915,True,False,,TATAMOTORS.NS,lower
0.7689251779940397,0.0987836036233842,0.6238281362537508,0,0.9162968570320414,0.62,188,0.017440472538177015,0.02203953849153196,0.09878615182957834,0.6240296801165809,0.17654772910667968,0.035318092777628166,True,False,,HINDUNILVR.NS,upper
-0.8421197062991597,-0.12951015348644296,0.7055963453065508,0,0.8835961367704992,0.9333333333333333,141,0.016432521911880674,0.019686226690082152,-0.11005784209697168,0.6815391249183844,0.1493080375346779,0.0288849541889324,True,False,,HINDUNILVR.NS,lower
0.6559024806634894,-0.05248422167847188,0.6819276453521358,0,0.6126410628187514,0.89,188,0.009065873161928775,0.011067230195135397,-0.05118770818502183,0.6805617211560118,0.17711032027564697,0.0162619049653827,True,False,,INFY.NS,upper
-0.7595600410431574,0.3015734473954144,0.44898607447543887,0,0.9466187445204455,0.97,188,0.01293715029072075,0.006998906691700198,0.284637858271443,0.4614051933620798,0.04545126187631269,0.015168677424315751,True,False,,INFY.NS,lower
0.771867220992317,-0.033215113501754476,0.6164824986409462,0,0.6218185899369046,0.7833333333333333,188,0.005631440240412559,0.008119448395424115,-0.039845505804848975,0.6257863812271046,0.14133184441615998,0.012974792212247836,True,False,,SBIN.NS,upper
-0.7925843100088822,-0.07776048546330316,0.7038866344083772,0,0.8970649250756714,0.9966666666666667,188,0.008017844416590834,0.010299264986717608,-0.08105651289515863,0.7088450669160724,0.09891670812182998,0.014529641697627315,True,False,,SBIN.NS,lower
0.6545935786675688,0.1005983181545346,0.6753141319887714,0,0.7646628970253823,0.82,188,0.006896420429748519,0.010633959806859095,0.10802761988134112,0.6651792392259216,0.06383941254032541,0.01598660784928872,True,False,,TATAMOTORS.NS,upper
-0.6816060438438887,0.10042812117004053,0.5155554338073514,0,0.9968873439601784,0.9966666666666667,188,0.009370916200199805,0.008189536123525042,0.0940395759248856,0.5215454808950715,0.09964863315843236,0.015702438745027275,True,False,,TATAMOTORS.NS,lower
0.7606705817580152,0.10262961355773076,0.6219913964788654,0,0.8477898947209881,0.7633333333333333,188,0.011409461548595675,0.0142154053902291,0.0963407184098135,0.6305112116801975,0.1184282259114981,0.022545840425088125,True,False,,HINDUNILVR.NS,upper
-0.741296866397566,-0.053573382474768054,0.6265717631133496,0,0.7085734827507204,0.7433333333333333,172,0.00977763221322774,0.01026630604954747,-0.05090831401855528,0.6241050787267176,0.19206352598965834,0.01644964323314926,True,False,,HINDUNILVR.NS,lower
0.6495592043376864,-0.08822748897760536,0.7001654507841084,0,0.5428238767926501,0.8466666666666667,188,0.012799270596802347,0.015833143080020474,-0.08251384727693685,0.692801304396621,0.15511661942847782,0.022853800578900425,True,False,,INFY.NS,upper
-0.7635953961312252,0.3006589308882045,0.45420830851512783,0,0.9569559270064563,0.9633333333333334,188,0.01318114985591205,0.011857853796233747,0.2826059939068694,0.4678048941617729,0.04664143604060087,0.02534786123604457,True,False,,INFY.NS,lower
0.761399409696325,-0.05047169724806453,0.6421596474026319,0,0.48848924218519196,0.51,188,0.0067509488025122195,0.009797925666746785,-0.04489109099711371,0.6348170979017528,0.1503850128992442,0.01543424955753265,True,False,,SBIN.NS,upper
-0.7935894096022628,-0.082442213711827,0.7071206271798756,0,0.9613074065620182,1.0,188,0.006336977488846823,0.008303261848002664,-0.07945665406541681,0.7037107272731209,0.07975388299248982,0.011799254165394438,True,False,,SBIN.NS,lower
0.6617500695836241,0.11760244935094194,0.6551290693377794,0,0.8547013859643826,0.8366666666666667,188,0.008328397973927393,0.009323552053557761,0.11822271243400062,0.653664638294912,0.07044667727540135,0.014263509703145643,True,False,,TATAMOTORS.NS,upper
-0.6772088603127421,0.11363540734619851,0.5077391537895347,0,0.9995205865057228,1.0,188,0.005179040595453848,0.004249797588952018,0.10923900469896937,0.5113187612583482,0.04741017309361278,0.008311444499667647,True,False,,TATAMOTORS.NS,lower
0.754072819570457,0.09688367664544316,0.6347769197802012,0,0.8078192196022176,0.59,188,0.010365063632831949,0.012241279740443053,0.10080845081531122,0.6288914202967973,0.1028193819149916,0.01946485378989174,True,False,,HINDUNILVR.NS,upper
-0.7042461945347699,-0.0468113299313687,0.6244487361237987,0,0.7550488273948588,0.7733333333333333,184,0.008898997201646112,0.00871135505508708,-0.047381396299266694,0.625314488203368,0.18781623207717746,0.013931157969495738,True,False,,HINDUNILVR.NS,lower
0.6583640611189289,-0.09374782544414777,0.7075031772165691,0,0.5280559098143893,0.7933333333333333,188,0.015316325522205328,0.01926956001977752,-0.08560182674391104,0.6967380916860506,0.17892519722475228,0.02765681964736351,True,False,,INFY.NS,upper
-0.7708095300417562,0.30285594373449676,0.4482400393506915,0,0.9632030204620031,0.9833333333333333,188,0.012673273407540481,0.013872883351189861,0.29829937313251836,0.4507009627268452,0.04248508084212305,0.030780682072318828,True,False,,INFY.NS,lower
0.7690723917545531,-0.04103354575917899,0.6296859458054425,0,0.5941254097000672,0.7166666666666667,188,0.005292808803499431,0.00821053460936232,-0.042830769096885914,0.6326340049169891,0.12357488971953473,0.012978332520485265,True,False,,SBIN.NS,upper
-0.7892157144796426,-0.07581636203316039,0.7030598885928531,0,0.9926520525102255,0.99,188,0.005840074652017101,0.008821551757725766,-0.08272081473572586,0.7129917007656873,0.07059981172425209,0.012372586699854101,True,False,,SBIN.NS,lower
0.6620241486746617,0.1173407344737029,0.6513978965814899,0,0.9071204644545012,0.8033333333333333,188,0.011155409579551554,0.011580267833622862,0.12172469032322147,0.6454534872434743,0.09164458445927619,0.01794128916037869,True,False,,TATAMOTORS.NS,upper
-0.6642853824804584,0.12775577417930534,0.4960341890207201,0,0.9971388499952504,1.0,188,0.01332587039861529,0.010191588627957297,0.12183298232957535,0.5010147640018177,0.10937817535144291,0.020341892408786175,True,False,,TATAMOTORS.NS,lower
0.7513314468285786,0.0956765044292205,0.6382564961335746,0,0.7180838604852297,0.6,188,0.011769970080219782,0.014612601851905611,0.09669055817337953,0.6366812230380694,0.12172821302605857,0.022951205554117334,True,False,,HINDUNILVR.NS,upper
-0.7016518395298759,-0.0449525333122624,0.6224036689591804,0,0.94541537529769,0.91,184,0.007852250974270898,0.007741582994853887,-0.041624772388003085,0.61890052739359,0.18864365226168822,0.012508606031360777,True,False,,HINDUNILVR.NS,lower
0.6709370327376306,-0.10192568838372712,0.7154541396761374,0,0.5807368239128619,0.6566666666666666,184,0.011692566852173465,0.014893944102208971,-0.08670942327101368,0.6947103706292209,0.13484769085767057,0.021439069456136613,True,False,,INFY.NS,upper
-0.7781294442241486,0.32754044809961097,0.42791524616454996,0,0.971616284614199,0.95,188,0.008732191714901697,0.008677820001093206,0.3140113790848862,0.43680574584592863,0.027808519112474415,0.019866542244361067,True,False,,INFY.NS,lower
0.764104250176754,-0.050272633730416724,0.6382885738166698,0,0.5889232251608145,0.61,188,0.009443494033527972,0.014006053024266132,-0.04836306177167115,0.6363367009585021,0.19526249445262767,0.022010443186861045,True,False,,SBIN.NS,upper
-0.791829994080183,-0.05767436792345291,0.685931283339305,0,0.9945748895969441,0.99,188,0.007331563143222103,0.01042009356030216,-0.06567678346945972,0.6967590166161409,0.11163095449584248,0.014955089438751982,True,False,,SBIN.NS,lower
0.6732749709963471,0.10417848925331738,0.6744844174139228,0,0.5761025789015743,0.55,188,0.017624734935623953,0.020307538410854975,0.11157789793472002,0.6646516800942662,0.15795900157883866,0.03055365496471512,True,False,,TATAMOTORS.NS,upper
-0.6716875125921268,0.14054526029519215,0.4884459818080865,0,0.8031962737791936,0.99,188,0.015557740720631033,0.011188044480711022,0.1415497258476803,0.48719468010505845,0.10991006537357655,0.022964216786308646,True,False,,TATAMOTORS.NS,lower
0.7509629512988902,0.07864544802730507,0.6433056658258692,0,0.6779452727824177,0.6966666666666667,188,0.013036711780615303,0.01609412127009337,0.07988725073431112,0.6415697094778114,0.1631888696743874,0.025085537520680917,True,False,,HINDUNILVR.NS,upper
-0.6896309202249687,-0.04913346602543463,0.6299238173356053,0,0.8962467677003096,0.9266666666666666,188,0.007010017305725537,0.006802225925443594,-0.04682293558309316,0.6275485969551001,0.1497132916015586,0.010839361047183839,True,False,,HINDUNILVR.NS,lower
0.6600508687904123,-0.08532725851821796,0.6979795179761471,0,0.7196643594026386,0.8966666666666666,188,0.014555267211074469,0.017964870991176198,-0.0793521981767162,0.6904551594083995,0.18342611435160197,0.02601888114845889,True,False,,INFY.NS,upper
-0.7641098656853873,0.2925088953106496,0.45319055447564677,0,0.9733289303456097,1.0,188,0.015173359779472933,0.007830749612812856,0.2882526426515695,0.4556746758798274,0.05263909851269955,0.017184956407427066,True,False,,INFY.NS,lower
0.7609679254417355,-0.0773786517857521,0.6597613488900966,0,0.2790374943739601,0.47,188,0.009929649427581897,0.015651430256294986,-0.0700753498024352,0.6499329324861572,0.14169958535463462,0.024081607860072952,True,False,,SBIN.NS,upper
-0.7874395217373391,-0.059023739485725896,0.6961250917830695,0,0.9893462874681122,0.9866666666666667,188,0.00697705359499862,0.01030993547781571,-0.061548294743993696,0.699983503718232,0.1133589889115425,0.014728826144848063,True,False,,SBIN.NS,lower
0.6724060486269174,0.13163049512586183,0.6389497252973326,0,0.5784714361231129,0.6233333333333333,188,0.018356780746086033,0.019497745423343846,0.1356115710066497,0.6338815005137214,0.13536292851851578,0.03075929034046464,True,False,,TATAMOTORS.NS,upper
-0.6731241097495987,0.1219820312591425,0.5039766041206604,0,0.895649114665267,0.9866666666666667,188,0.016256550594333743,0.012888739593616971,0.11983167096095108,0.5057083673538622,0.13566154178902973,0.025486505999876407,True,False,,TATAMOTORS.NS,lower
0.7715521016853946,0.054221402230955784,0.6400503774240341,0,0.8725335454600686,0.8966666666666666,188,0.009798456411886345,0.012800021668243127,0.04951101764794083,0.6467183884110393,0.19790452505975936,0.019792264608046187,True,False,,HINDUNILVR.NS,upper
-0.7406338365731283,-0.08545246053832635,0.676597416811187,0,0.9607237542798157,0.9666666666666667,176,0.011252855670645037,0.013145390222654084,-0.07403768929815563,0.6626628428729809,0.15198818679290538,0.01983722214948691,True,False,,HINDUNILVR.NS,lower
0.6675524837532412,-0.07865158299864475,0.691917397871205,0,0.791283102881583,0.8933333333333333,188,0.009145221305193673,0.010576076141349307,-0.07443668308454658,0.6866885684588416,0.12285904875981474,0.01540156116341057,True,False,,INFY.NS,upper
-0.7758876808194429,0.3000670675434597,0.4426322051208549,0,0.9794956625430531,0.9933333333333333,188,0.02011970984281759,0.013021341384655053,0.2787281865939468,0.4594212275883312,0.07218397739690514,0.028342924356324493,True,False,,INFY.NS,lower
0.7634680166145432,-0.07241768395187387,0.6461300014341818,0,0.377886140670595,0.5733333333333334,188,0.0037730309901339485,0.005764026851139352,-0.06684199345046442,0.6385873216683492,0.05644700630390416,0.009026215468572595,True,False,,SBIN.NS,upper
-0.7858711906528868,-0.06829055931256564,0.70872236820242,0,0.7938859435745945,0.94,188,0.010348024682323648,0.01589650865567234,-0.07760744589437586,0.7219695253326305,0.13333802226950156,0.022018254064346907,True,False,,SBIN.NS,lower
0.6683112034615386,0.12225420610244983,0.644985967841542,0,0.717197178297596,0.46,188,0.02550148419549315,0.02740888756005857,0.1316751820248393,0.6336206289773192,0.19366961842502978,0.04325756750016422,True,False,,TATAMOTORS.NS,upper
-0.6615299175918861,0.13833713876786424,0.4889565613151069,0,0.9332005973487913,0.9933333333333333,188,0.009257135367355337,0.007181689657271735,0.13214663066754345,0.49389153557610993,0.07005199164044268,0.01454102570007451,True,False,,TATAMOTORS.NS,lower
0.7622196916641099,0.05291980961528274,0.645042692834411,0,0.9194687357675034,0.8866666666666667,188,0.009792821429895605,0.013008123886379293,0.049194170839825246,0.6504754179004515,0.19906463046474407,0.01999787129294921,True,False,,HINDUNILVR.NS,upper
-0.7404209144431086,-0.09650733156900626,0.6962231303612879,0,0.9645410220847049,0.89,172,0.01083501363978191,0.013521329897937575,-0.07928407970128275,0.674432904707695,0.13666062990197403,0.020048443074279425,True,False,,HINDUNILVR.NS,lower
0.6741661541182203,-0.07031298312685785,0.6876477047061973,0,0.9146032653112126,0.8733333333333333,188,0.010602346492711771,0.012592152393154532,-0.06343832674397766,0.67882683194372,0.16712838067461275,0.018549874010725283,True,False,,INFY.NS,upper
-0.7911083940072025,0.28324417199101415,0.447964061053434,0,0.9919534979643486,0.9633333333333334,188,0.022201958216923477,0.01566454238676193,0.2563410374020451,0.46915623750455443,0.0866110146694608,0.03338875368298248,True,False,,INFY.NS,lower
0.7574138991395134,-0.07901958089828057,0.6588607086620835,0,0.2306254956843241,0.45,188,0.009103476564753226,0.012681152047833407,-0.06754861684774648,0.6426515801075425,0.13476923202705982,0.01973254597520146,True,False,,SBIN.NS,upper
-0.8002367806735933,-0.05509122875547014,0.694176351817723,0,0.9388691082639793,0.91,184,0.013298684371901905,0.01899035046060929,-0.06803884326933278,0.7117511758289586,0.19545720912224773,0.026681164483753836,True,False,,SBIN.NS,lower
0.717587747469291,0.16840640902561843,0.577250906901704,0,0.9778949009330337,0.97,180,0.027353833731100115,0.02809170498647615,0.13865264623046913,0.6098631336037307,0.1972831568811234,0.04606230968554681,True,False,,TATAMOTORS.NS,upper
-0.6461720798291888,0.13372290655942234,0.492276585377455,0,0.9999093455711822,1.0,188,0.009849738134944089,0.008995182352394264,0.12316391148750948,0.5012980514280904,0.07997259275268358,0.017943780446245738,True,False,,TATAMOTORS.NS,lower
0.76350403992629,0.054224073531137736,0.6400084593081665,0,0.8755861681165535,0.8833333333333333,188,0.0064851228049123575,0.008177061058952748,0.053036577785957086,0.6415875648248824,0.12227639589267608,0.012745042734321388,True,False,,HINDUNILVR.NS,upper
-0.7340408496527331,-0.10437052953191317,0.7065653890201646,0,0.9294332804042887,0.8333333333333334,172,0.012335873282237769,0.015853649891354075,-0.08700724914816475,0.6843777801640517,0.14177981702918602,0.023165056083356835,True,False,,HINDUNILVR.NS,lower
0.7096275432626266,-0.06367158495317524,0.6887745187501941,0,0.8653340681024702,0.8966666666666666,188,0.006496012125171647,0.008301575488667555,-0.06325403696579569,0.6886728303569081,0.10269717807438208,0.012054454600482316,True,False,,INFY.NS,upper
-0.7989227763889091,0.2033128891651615,0.48430003085742296,0,0.9779691663622346,0.99,188,0.008293266143597131,0.0071609443141372915,0.20545241762484592,0.48160920421645076,0.04036587077345492,0.014868785942535833,True,False,,INFY.NS,lower
0.7614134657591052,-0.0728648444574381,0.6511804421128835,0,0.19412770854811123,0.52,188,0.012315121456324529,0.01975681699827192,-0.06747262476687114,0.6440797764008654,0.18252023948487062,0.030674486943106108,True,False,,SBIN.NS,upper
-0.8204877965588753,-0.055388897351746944,0.691394221468626,0,0.9546271212883439,0.92,180,0.011154450579149036,0.01367181218967592,-0.06337693914066123,0.7021525104524905,0.17600169667985158,0.019471285499146746,True,False,,SBIN.NS,lower
0.6665447176880248,0.12167814478781219,0.6224309270172546,0,0.716097955808642,0.5166666666666667,188,0.024638687643334788,0.025097311193731587,0.13071931400031367,0.6118716485245757,0.18848542732117912,0.041017280084927416,True,False,,TATAMOTORS.NS,upper
-0.6497117816308324,0.12698136121051767,0.4997987173724777,0,0.9988029121832924,0.9866666666666667,188,0.010617908961033326,0.012123739439136957,0.12203341233822625,0.5038378153709665,0.08700820445406234,0.024062781372578508,True,False,,TATAMOTORS.NS,lower
0.7650204261874181,0.04549935734783542,0.6518271456640038,0,0.8610687911928552,0.7533333333333333,188,0.0061572840321261636,0.007929052627148443,0.04814269835237681,0.6476524645384115,0.12789650276960743,0.012242758174898597,True,False,,HINDUNILVR.NS,upper
-0.7221731133587518,-0.08801483695836208,0.6878789183185015,0,0.9564788975704389,0.9833333333333333,176,0.01248898409510365,0.014526638831430143,-0.07539237443971901,0.6722636786887645,0.1656531251520422,0.02160854301050237,True,False,,HINDUNILVR.NS,lower
0.7083853303075562,-0.05722662847171436,0.6822163903270246,0,0.8697498006913194,0.9266666666666666,188,0.0078056692935260805,0.010083044616930251,-0.056251293510760886,0.6813198216878517,0.1387642384506317,0.014799282433847928,True,False,,INFY.NS,upper
-0.7945695702576587,0.20873839840859307,0.48249501175459797,0,0.9593269603490933,0.9966666666666667,188,0.008550003479746375,0.005404355088745914,0.20811264586765046,0.48222442234129903,0.04108353451211426,0.011207136607547352,True,False,,INFY.NS,lower
0.7615470277663164,-0.07465776425083294,0.6405622011567609,0,0.2580697292242855,0.6433333333333333,188,0.011389367549551173,0.019387953348168917,-0.07444256753311503,0.6411919916750424,0.15299534120087027,0.030237359944478497,True,False,,SBIN.NS,upper
-0.8422875826837087,-0.07317140896884733,0.7263362116702283,0,0.9374804602493898,0.9866666666666667,172,0.013240214822696385,0.015911612608893382,-0.06763954318922286,0.7196468042644582,0.19574663341812223,0.022110307853104912,True,False,,SBIN.NS,lower
0.6844292548558465,0.10673051487202667,0.6407334282855093,0,0.5546192182437479,0.42333333333333334,188,0.016459567109933158,0.01875570054889358,0.11894901896705479,0.6255173220662118,0.13837495987034876,0.029984301932833198,True,False,,TATAMOTORS.NS,upper
-0.6796246938206545,0.13361628604275286,0.5018051793471562,0,0.9999782314801735,1.0,188,0.004932237471252283,0.0042738423375843744,0.13301312131826812,0.5017474945288801,0.037080831210947414,0.008517914486883861,True,False,,TATAMOTORS.NS,lower
0.76092363484253,0.050312749722727,0.6478625162084485,0,0.9384905556845515,0.7933333333333333,188,0.0038825252228675395,0.004652770083954032,0.053620546718719735,0.6427616470239926,0.07240740231837414,0.007238717545001841,True,False,,HINDUNILVR.NS,upper
-0.7234820704805872,-0.09522740049290215,0.700174925678809,0,0.9801040798919382,0.98,176,0.016841806098272464,0.019869692553828394,-0.08509276903627701,0.6875526703885079,0.19792285889608113,0.028899156560048378,True,False,,HINDUNILVR.NS,lower
0.7081005508557787,-0.05302999804916024,0.6784277707804509,0,0.8098313738047546,0.88,188,0.00800593954738392,0.01068622941903131,-0.04847955216917479,0.6727304445864845,0.16514050847749634,0.01588486049081864,True,False,,INFY.NS,upper
-0.7869665081783718,0.20217594676369927,0.4862235808501454,0,0.9271284350014571,0.9933333333333333,188,0.012949815451185929,0.0078527275554302,0.2114997579515885,0.4773411158175876,0.06122850902678102,0.016450976315900052,True,False,,INFY.NS,lower
0.7543798833539166,-0.07930768863807502,0.6522121083888986,0,0.2623137873061997,0.45666666666666667,188,0.010735645880366058,0.018029677938321206,-0.07477091291153226,0.646243248915631,0.14358049175169738,0.027899212393448013,True,False,,SBIN.NS,upper
-0.8030466985083329,-0.04667101806016588,0.6968623165936969,0,0.9317512978951838,0.97,184,0.008672608011988011,0.011880751390398299,-0.05295731062271619,0.7052979481232997,0.1637659894799865,0.016845010330118256,True,False,,SBIN.NS,lower
0.7618813026496686,0.1643921215526928,0.5792534714664788,0,0.9588269970252371,0.94,176,0.026169074770609136,0.02689111598994473,0.14242392322532865,0.6031064730509667,0.18374071111494367,0.04458767522098124,True,False,,TATAMOTORS.NS,upper
-0.6813464875155377,0.13875168758646855,0.49940868604633215,0,0.9991504976442624,1.0,188,0.008294397053447608,0.009657808731888732,0.1456572614404738,0.49263308001529654,0.05694461369089496,0.019604466138457836,True,False,,TATAMOTORS.NS,lower
0.7567847115690126,0.055986492914393754,0.639665256209572,0,0.9459554683983926,0.8266666666666667,188,0.0061368849477479795,0.007439900481177423,0.05636847871422888,0.6388941531806426,0.10887084411398934,0.011644965488710914,True,False,,HINDUNILVR.NS,upper
-0.7297674427531582,-0.1082011341721511,0.7135743366240888,0,0.9733360503251461,0.9466666666666667,172,0.01426269279983965,0.01909397277915909,-0.08878897216539255,0.6877818799777206,0.16063584075411158,0.027761668426276247,True,False,,HINDUNILVR.NS,lower
0.7143779081007953,-0.06743129341226962,0.6976864778771551,0,0.9640899134012393,0.9633333333333334,188,0.006830039999873851,0.007825948969399563,-0.06370917370984365,0.6930895888139109,0.10720652191967338,0.011291395777388902,True,False,,INFY.NS,upper
-0.7876091583664352,0.21055145752829058,0.4724945507022082,0,0.9367679573817175,1.0,188,0.013431797620481087,0.007988390244038399,0.21072142467643082,0.47159535355517496,0.06374196170933452,0.016939077144052087,True,False,,INFY.NS,lower
0.7472301363862995,-0.07853175509447753,0.6578460425955632,0,0.42283593117217166,0.6166666666666667,188,0.01225093446555926,0.02053091738023387,-0.07672236697153538,0.6562345339173872,0.15967876581957902,0.03128594428704517,True,False,,SBIN.NS,upper
-0.8611411572717002,-0.07695709129752176,0.7281535659739058,0,0.9293674095614676,0.9833333333333333,164,0.010342895979004943,0.01240654715735981,-0.06452305357325182,0.7122710411770513,0.16029765801902524,0.01741829481467425,True,False,,SBIN.NS,lower
0.7520518460955874,0.16497339986900267,0.57491907931098,0,0.8049200433775973,0.9,180,0.025766026518741457,0.027130534127721012,0.14162129026982517,0.6009341640756463,0.18193609626271273,0.0451472645393367,True,False,,TATAMOTORS.NS,upper
-0.6908611003987157,0.1423829770565146,0.49913894891908306,0,0.9957943266507375,1.0,188,0.010564367919991663,0.008358608931887314,0.1360448396265123,0.5042604523537945,0.07765356754771913,0.016575975226911257,True,False,,TATAMOTORS.NS,lower
0.7653675183485079,0.07039401652738507,0.6132730371099018,0,0.9342326553869656,0.9233333333333333,188,0.010766104558450748,0.013369858366922354,0.06399948681384822,0.6218551767223423,0.16822170633255945,0.02149995473607263,True,False,,HINDUNILVR.NS,upper
-0.7270282229109589,-0.08997636146692484,0.6889039131768737,0,0.9699338269350256,0.9466666666666667,176,0.016980840356349596,0.020138693467311206,-0.08590338768800258,0.6843903869221668,0.19767367547001194,0.029425739399440324,True,False,,HINDUNILVR.NS,lower
0.7175430498438718,-0.06188439539332245,0.6902583368146868,0,0.8417331913582774,0.85,188,0.00732960755355312,0.009982681293978385,-0.05918589379007282,0.6871485820997298,0.12384042625336247,0.014527689365518688,True,False,,INFY.NS,upper
-0.7896335124057898,0.23537175951382622,0.451446656796288,0,0.915606174358141,0.9966666666666667,188,0.0042802838525417535,0.004557860672991216,0.23118188633159176,0.45370931574581946,0.018514788227199253,0.010045772511946683,True,False,,INFY.NS,lower
0.7407400925215223,-0.06708261465097398,0.6452826617138843,0,0.4467465204570037,0.6933333333333334,188,0.01324956450852599,0.02169122157155584,-0.07538258861543018,0.6585242266508456,0.17576423142587072,0.0329391393122812,True,False,,SBIN.NS,upper
-0.812542480209862,-0.05638471816297103,0.6996469968264933,0,0.9968549147559335,0.9733333333333334,180,0.011074533298402479,0.01540644736105037,-0.06565951702417665,0.7123909629478011,0.16866605350849848,0.02162639329538394,True,False,,SBIN.NS,lower
0.6999974945379871,0.11260447373563695,0.6236695691532285,0,0.6585957457529911,0.5033333333333333,188,0.020617107316858032,0.022628708841000017,0.11123011024060274,0.6255571249955035,0.18535543495108167,0.03617368834129383,True,False,,TATAMOTORS.NS,upper
-0.6809188774082067,0.12419223987979108,0.5204141823031903,0,0.9999195901135175,1.0,188,0.005632669297613323,0.005550496343199317,0.12740616226122742,0.5167074788153877,0.044210332966164084,0.010742047412404412,True,False,,TATAMOTORS.NS,lower
0.7699228731912574,0.060054798655966475,0.6168797455437676,0,0.9489717967213991,0.9066666666666666,188,0.007817456617733518,0.00908967703490467,0.056622266623649865,0.6212984454251129,0.13806326915630127,0.01463012977987401,True,False,,HINDUNILVR.NS,upper
-0.7213112060932321,-0.11146352424490963,0.7183085086129302,0,0.9547835551534625,0.9866666666666667,176,0.018151661946576293,0.022152446344177366,-0.09778194539162856,0.7000386124449124,0.18563406585475503,0.031644605931611426,True,False,,HINDUNILVR.NS,lower
0.6723633095321762,-0.011907740178673677,0.6656321255101184,0,0.9212731992694265,0.9633333333333334,200,,,,,,,False,True,invalid,INFY.NS,upper
-0.785773482265813,0.2359053563500579,0.44840857082844787,0,0.8532584772376381,0.9466666666666667,188,0.011052239970658132,0.006311555853027589,0.22286189093472608,0.45785034535570657,0.049592325670304756,0.013785193741138641,True,False,,INFY.NS,lower
0.7449973527451986,-0.064678005172393,0.644870696876986,0,0.5467233870648431,0.7266666666666667,188,0.013212556604903013,0.021252634425226766,-0.07291899817161378,0.6579269639033551,0.18119495775103608,0.032302421496931404,True,False,,SBIN.NS,upper
-0.7622243731460081,-0.0970171358530724,0.7467250071823657,0,0.9589839405855141,0.94,188,0.015651374241613537,0.024404156622734808,-0.09235934941715847,0.7414392634715465,0.16946170199081995,0.032914572367431165,True,False,,SBIN.NS,lower
0.7381225485609411,0.14055830607629125,0.6020694607607716,0,0.5145771318164722,0.61,180,0.018970434382365686,0.020567083027710046,0.13495540215618831,0.6085931635206877,0.14056816306418732,0.03379446882180796,True,False,,TATAMOTORS.NS,upper
-0.6919358200661585,0.1170092422170086,0.5222326422078395,0,0.9781583803176104,0.9966666666666667,188,0.010020156325363357,0.007068977913377007,0.12219331991856924,0.516976571960671,0.08200248190339753,0.013673690762872462,True,False,,TATAMOTORS.NS,lower
1.280210753480504,0.0901459924304557,0.5594684536658051,0,0.9235664578976153,0.9466666666666667,85,0.014122024741490482,0.01583556078082256,0.09064541182277654,0.5578683524350009,0.1557941312149317,0.028385837676298795,True,True,sparse,HINDUNILVR.NS,upper
-0.6916768664555395,0.07560599722212426,0.5982395443110043,0,0.7013780610013416,0.7366666666666667,188,0.009953854885131043,0.014835286933810757,0.0755021595764688,0.5981865408692061,0.13183534911602443,0.02480043543649396,True,False,,HINDUNILVR.NS,lower
0.6759175978148213,-0.005594497361839197,0.6523194776925814,0,0.9961100006659643,1.0,200,,,,,,,False,True,invalid,INFY.NS,upper
-0.777602100878504,0.21789464111062515,0.4636526202996928,0,0.9341523163329805,1.0,188,0.01297234233383346,0.007092123995023338,0.2148852359751039,0.4653089201112322,0.06036869713864118,0.015241753458993285,True,False,,INFY.NS,lower
0.7423872786821489,-0.056352622713355505,0.6399934864728364,0,0.8693975570604924,0.9533333333333334,188,0.00976793442089781,0.015598163613632523,-0.06345243501572365,0.650746664514277,0.15394102494359826,0.023969640144953685,True,False,,SBIN.NS,upper
-0.7639329433703634,-0.11829627835734527,0.7664720872057292,0,0.9738855835887732,0.97,188,0.015760985524406648,0.0267279352790146,-0.11879158522398314,0.7690270085747216,0.1326776148993462,0.03475552176118713,True,False,,SBIN.NS,lower
0.713400250402142,0.12572196334212454,0.6219133800958807,0,0.4250997047883047,0.5066666666666667,188,0.013405338087182904,0.01580463637556637,0.11488514221658978,0.635638104419547,0.11668468752089212,0.024864204988712595,True,False,,TATAMOTORS.NS,upper
-0.6978977804454037,0.08909430694815415,0.5414746134547253,0,0.8814772286726419,1.0,188,0.007124892162299539,0.00757141060062511,0.09134633611804682,0.538807661319629,0.07799865528383639,0.01405215813294097,True,False,,TATAMOTORS.NS,lower
0.7252148559523751,-0.019830990799577577,0.6459741527979393,0,0.9807137376069067,0.9866666666666667,200,,,,,,,False,True,invalid,HINDUNILVR.NS,upper
-0.7036431087537538,0.06824440458900559,0.6118231219418927,0,0.9286351641548455,0.85,188,0.010127386977637686,0.015535611963047055,0.07193963457899302,0.6066188453809719,0.14077616086242062,0.025610169920106257,True,False,,HINDUNILVR.NS,lower
1.2128173811001477,-0.06646470921116115,0.7078880543630326,0,0.9877453424763313,0.9966666666666667,85,0.012331459164548468,0.015639603018841222,-0.06208666157831522,0.7023985173285417,0.1986168504619183,0.022265996311700568,True,True,sparse,INFY.NS,upper
-0.793471473534489,0.26217118221604413,0.4285881549324473,0,0.8493540503212262,0.68,188,0.02685720958237492,0.017905374593306447,0.24047217112591449,0.4441611066954159,0.11168530786649339,0.04031279173315183,True,False,,INFY.NS,lower
0.7386586716686443,-0.09218393956481859,0.6870720789606646,0,0.6624153765117872,0.7333333333333333,188,0.014612077316329452,0.0258971174377753,-0.09381157991756865,0.6913655226935355,0.15575983019975406,0.037457923794495585,True,False,,SBIN.NS,upper
-0.7725137463345341,-0.10616159103902464,0.7344122407443269,0,0.9925320126777513,0.9933333333333333,188,0.01303666018891202,0.022419000074612526,-0.12173623612197458,0.7584421084296208,0.10708938877456298,0.029559276218773026,True,False,,SBIN.NS,lower
0.7112147597494966,0.1390252396908574,0.6063404663236387,0,0.5276111369706902,0.5533333333333333,188,0.017858568805226543,0.020621229213956076,0.12231863550106596,0.6270934491539089,0.14600038066208731,0.032883821243772475,True,False,,TATAMOTORS.NS,upper
-0.689021351334715,0.1067838910983992,0.5264388674632152,0,0.8922160361709492,1.0,188,0.006251147051870921,0.0069139088903254755,0.10002790920301624,0.5324101129308935,0.062494022685642595,0.012986058289547017,True,False,,TATAMOTORS.NS,lower
0.7224857787266001,-0.011977020552579347,0.6433960289475573,0,0.9758994513947126,0.99,200,,,,,,,False,True,invalid,HINDUNILVR.NS,upper
-0.7067288544360357,0.06369729902393065,0.6190095102039119,0,0.8714417614789032,0.7966666666666666,188,0.006184079800757763,0.010377689178359305,0.06694746601188908,0.6140924753716025,0.09237211272400388,0.016899228415210958,True,False,,HINDUNILVR.NS,lower
0.8952039452426992,0.07065228182918235,0.5825223624544451,0,0.7413762695720265,0.97,152,0.011321566158098349,0.012869842030834742,0.05959515546801609,0.5939633335972748,0.18997457376260626,0.02166773786558937,True,False,,INFY.NS,upper
-0.7892048046791983,0.19409121228242018,0.4667429471451422,0,0.8015653729996023,0.9266666666666666,188,0.009975423138792214,0.00600969733660018,0.1923805739437732,0.4674807335887519,0.051852546313653554,0.012855497085216794,True,False,,INFY.NS,lower
0.7480262787818579,-0.0939037490905667,0.7016811966657281,0,0.7422888690097289,0.7633333333333333,188,0.008441703427426358,0.017388369032013733,-0.09869195838405549,0.7110769750170146,0.0855358705034217,0.0244535674735664,True,False,,SBIN.NS,upper
-0.7675194894681924,-0.14372157672518354,0.7632743921459628,0,0.9258752531212737,0.91,188,0.00982493133681677,0.017586084983577326,-0.1479251930491915,0.7706864067710274,0.06641823796280041,0.0228187296426715,True,False,,SBIN.NS,lower
0.7069895899904847,0.11236976628667433,0.6486855084177743,0,0.26320913211664565,0.33666666666666667,188,0.005344948297938865,0.006972789348453797,0.1085891463337711,0.6531958613779886,0.04922174992786635,0.01067488276333396,True,False,,TATAMOTORS.NS,upper
-0.6859131094012906,0.0698364172085217,0.5479184321445096,0,0.958913057032407,0.9733333333333334,188,0.010075207918896805,0.009739421249901221,0.0688810917300463,0.5486315205667628,0.1462695524003494,0.017752208371691523,True,False,,TATAMOTORS.NS,lower
0.8038947174280676,-0.025382436122100838,0.6502438184990482,0,0.8790839311697329,0.9766666666666667,180,0.003660499688703356,0.004948154973877245,-0.027851646335870044,0.6537106075214388,0.13142843802754423,0.007569335484619029,True,False,,HINDUNILVR.NS,upper
-0.7287859966334523,0.08144359852693261,0.5967814942965111,0,0.9098530589839517,0.8566666666666667,188,0.006115778622306108,0.007113819458031659,0.08223182424906049,0.5955318847637047,0.07437239699388053,0.011945320679850878,True,False,,HINDUNILVR.NS,lower
0.9251339819731903,0.08734475659334137,0.573263530129321,0,0.8968085200577208,0.9533333333333334,152,0.016054465393066868,0.013567316181860994,0.10113136538788114,0.5590721329755657,0.1587486112147815,0.024267558940875282,True,False,,INFY.NS,upper
-0.7949356299031317,0.16896004345649251,0.48195747672744405,0,0.9420356744414193,0.8933333333333333,188,0.010255520235011762,0.012939086849441969,0.17282476723580445,0.47753117012738894,0.05934056678122601,0.02709579476253313,True,False,,INFY.NS,lower
0.7659773635278607,-0.08575784038795722,0.691776355120705,0,0.8721596402375127,0.8966666666666666,188,0.012251342740938085,0.024314386116951067,-0.0941094469971896,0.7077328070054308,0.13018184496914004,0.03435531818325232,True,False,,SBIN.NS,upper
-0.7852226417510914,-0.11865896930412873,0.7224025095650345,0,0.9551797407156624,0.9866666666666667,188,0.02226845212515788,0.03401519192266608,-0.12533058636841546,0.7337227370276879,0.17767770018183485,0.046359734736944824,True,False,,SBIN.NS,lower
0.7103272732451967,0.09470377978286867,0.657553719018011,0,0.19241974931426287,0.23666666666666666,188,0.00902671271201399,0.010363316667844284,0.09053588140529456,0.6629394450135132,0.09970314062082683,0.01563237274455635,True,False,,TATAMOTORS.NS,upper
-0.6748031295148768,0.07287909764494832,0.5510330551940485,0,0.8292460712025461,0.95,188,0.006755831989305626,0.007932881965617396,0.07712448336939012,0.5460713242738376,0.08759645210177734,0.014527189888417223,True,False,,TATAMOTORS.NS,lower
0.8759931796543772,-0.04792005538360529,0.6665116300833092,0,0.8436236280299857,0.93,160,0.005983518135267541,0.00764453011994357,-0.04179453124597018,0.6586515297579055,0.14316506311322344,0.011606334546417973,True,False,,HINDUNILVR.NS,upper
-0.7340944062779803,0.09006705858043171,0.5880838605038072,0,0.9341409035603532,0.95,188,0.005817608093539388,0.006949184257260452,0.08866945583984999,0.58957535646243,0.06561005007120307,0.011786761544935206,True,False,,HINDUNILVR.NS,lower
0.9644043741306668,0.10359162438727398,0.5598321475572559,0,0.7450307076317821,0.7333333333333333,144,0.017392304506356475,0.0159144490597702,0.09410535926501636,0.568843621158852,0.18481734509087208,0.027976843174545487,True,False,,INFY.NS,upper
-0.7896124612532778,0.17099405642971713,0.4796310921841447,0,0.977087854744184,0.96,188,0.007850160218406602,0.01037331791591374,0.16504032345997902,0.4846537141869758,0.04756510153507539,0.021403565882662633,True,False,,INFY.NS,lower
0.7589424706348696,-0.09013211236824084,0.6958619732925294,0,0.6309524918027605,0.6933333333333334,188,0.003942884071321922,0.008875143325731777,-0.09385660089213006,0.7030690433580468,0.042009657432160015,0.012623430491417176,True,False,,SBIN.NS,upper
-0.7611552940923961,-0.14041187081833467,0.7571485940916363,0,0.9279744311209758,0.9233333333333333,188,0.010143970076972335,0.017354467389249388,-0.1526964934993283,0.7763348552775823,0.06643223547693716,0.02235435784923071,True,False,,SBIN.NS,lower
0.6967303951250422,0.09514341100390683,0.6544205603096459,0,0.14263741474315683,0.19333333333333333,188,0.002379988685103998,0.003732551063496423,0.09706826283093058,0.6510721170229706,0.024518708489326496,0.005732930206309898,True,False,,TATAMOTORS.NS,upper
-0.6637589167873904,0.09001134537383415,0.5254962780307564,0,0.9562258300711869,0.9666666666666667,188,0.00524472490066835,0.00373814300040649,0.08919564443820278,0.5259062990508373,0.05880022893157918,0.007108001817192762,True,False,,TATAMOTORS.NS,lower
0.7680978735352908,-0.03983115224645775,0.6577344024079694,0,0.9754043451692536,0.9733333333333334,188,0.0066704348982584314,0.008211136607422403,-0.03432884084522179,0.6505387127597052,0.1943098802908774,0.012622056643437376,True,False,,HINDUNILVR.NS,upper
-0.7534795563735518,0.11371883486772004,0.5631784528960213,0,0.8243031381465259,0.9233333333333333,188,0.004568234740181325,0.006101370136019179,0.11401356891225706,0.562229363155193,0.04006746199675885,0.010852101343938514,True,False,,HINDUNILVR.NS,lower
0.7425205911038099,-0.0336082458878022,0.693552234250645,0,0.9905482666064881,0.9966666666666667,184,0.005557428932443637,0.006911844926551291,-0.02977041356951375,0.6887320855516843,0.18667617944592138,0.010035607417155147,True,False,,INFY.NS,upper
-0.7851136418268653,0.17429881525039553,0.47069104994334454,0,0.26061615498212565,0.5033333333333333,188,0.008567848012078468,0.00513849978679336,0.17182560567064462,0.47233936342075816,0.049863624690868684,0.01087883008689179,True,False,,INFY.NS,lower
0.7743625282479647,-0.09097545506060212,0.6951849607973867,0,0.7194871505539427,0.7133333333333334,188,0.005385904780040096,0.010127236412206808,-0.09320755756181015,0.6996016055782789,0.05778398601023956,0.014475719018795867,True,False,,SBIN.NS,upper
-0.7398760086992684,-0.1876475649473238,0.8166933279313786,0,0.6840913250248277,0.79,188,0.009599579341703773,0.012972280978928387,-0.17732648834237308,0.8024835046814998,0.05413505274981176,0.016165168183021175,True,False,,SBIN.NS,lower
0.7035704897322694,0.09752870214606654,0.6589717608804484,0,0.12070744318434679,0.22666666666666666,188,0.004758526472182547,0.008896633195503564,0.09857797588296864,0.6568566736581061,0.04827169503982207,0.013544253132901455,True,False,,TATAMOTORS.NS,upper
-0.656942111159381,0.06324266811807479,0.5381070962022249,0,0.808486148372652,0.9266666666666666,188,0.00452205558353881,0.004200183534672497,0.06487838731076795,0.5360361955777003,0.06970048230196153,0.007835634031745763,True,False,,TATAMOTORS.NS,lower
0.8027470585798921,-0.024206757696786194,0.6340042489773584,0,0.9360588253767348,0.9933333333333333,180,0.0059137544335321045,0.008503848159624619,-0.029652428804082535,0.641574906557399,0.19943568461957,0.01325464562307871,True,False,,HINDUNILVR.NS,upper
-0.7516070514437646,0.11444942650189613,0.5670639785805999,0,0.8975347471053835,0.96,188,0.0077123792493015335,0.007953801312704333,0.1119611103732512,0.5694161023187901,0.06888444152389984,0.013968346066490231,True,False,,HINDUNILVR.NS,lower
0.7363378493804837,-0.030253223826376532,0.6805870708344683,0,0.9801609213069093,1.0,188,0.005261109125359429,0.006289199414040175,-0.027479941048536394,0.6771362866006129,0.191452638182179,0.009287937222703123,True,False,,INFY.NS,upper
-0.7882717739515952,0.18249924582998409,0.46939309817740493,0,0.33986664046406556,0.5466666666666666,188,0.013515733792424016,0.00955057266488754,0.18229032657888347,0.46904492427925565,0.07414399493730311,0.020361743549289477,True,False,,INFY.NS,lower
0.7645320123464077,-0.09340922473980424,0.7122278704872886,0,0.6586108385128215,0.65,188,0.007263338779623331,0.014857344557461837,-0.09616373468803652,0.717744917331205,0.07553094779312337,0.02070003422066107,True,False,,SBIN.NS,upper
-0.7393964742633045,-0.18223882358860943,0.8003284353735061,0,0.748582446957986,0.68,188,0.007702397568594305,0.010259192112875676,-0.17437304860817945,0.7899304771207948,0.04417194737578001,0.012987461909805816,True,False,,SBIN.NS,lower
0.6996528677322804,0.09700369865146602,0.6513043189306115,0,0.19591049309783426,0.18666666666666668,188,0.002435007440153733,0.0025535614614624813,0.0998309538894604,0.646767880045865,0.024391304513997663,0.003948188369836043,True,False,,TATAMOTORS.NS,upper
-0.6590460450749633,0.07740907747053699,0.5280572655587713,0,0.8149642903732333,0.89,188,0.006746071638764241,0.005797401662913764,0.07862953237025731,0.5265396621111822,0.08579563654329539,0.01101037959717042,True,False,,TATAMOTORS.NS,lower
0.9155432235910135,0.05065333630493227,0.5912383327734787,0,0.8238774129696419,0.96,152,0.008560327384222308,0.010531803588506444,0.05105068316732297,0.5904844180709269,0.16768288250592622,0.017835870156497,True,False,,HINDUNILVR.NS,upper
-0.7311586248507767,0.08704892693056746,0.5913705541866221,0,0.9426191848203868,0.9666666666666667,188,0.00531188406181592,0.006854499590665569,0.08857136343773953,0.5888803821013374,0.05997292190066199,0.011639884232188891,True,False,,HINDUNILVR.NS,lower
0.7983479264966039,-0.037527122219246666,0.686801663809131,0,0.9966127344217661,0.9966666666666667,172,0.006564595362960499,0.00943886408557639,-0.03885762513497374,0.6890706454804251,0.16893965214707693,0.013697962626191858,True,False,,INFY.NS,upper
-0.788742217560652,0.1925335992940861,0.4583468912605341,0,0.3229414548043307,0.7066666666666667,188,0.006148628087798919,0.004960428844000581,0.19025092720489303,0.45966681075236177,0.032318516681876214,0.01079135717448907,True,False,,INFY.NS,lower
0.7695509090198833,-0.08535023222355763,0.7029037216327887,0,0.7914570496748297,0.8533333333333334,188,0.010073072750469706,0.019355752817851773,-0.0926740079065963,0.7159121951111284,0.10869360127044553,0.027036489502015475,True,False,,SBIN.NS,upper
-0.7393336203840322,-0.15836226823169766,0.7740056107984132,0,0.792720532116183,0.7933333333333333,188,0.01382461052461263,0.015644431372996606,-0.1613557329526506,0.779642570082046,0.0856778337828944,0.02006615822772309,True,False,,SBIN.NS,lower
0.71913636362348,0.09441146833781283,0.6616024898202595,0,0.14358200335676652,0.2633333333333333,188,0.0032479643825138616,0.0046039223983278315,0.09354905577840354,0.6622678042812143,0.03471936737676837,0.006951753201723462,True,False,,TATAMOTORS.NS,upper
-0.6838364987788466,0.08121253495381639,0.5451343807396682,0,0.6327961680545963,0.6933333333333334,188,0.008261464008082553,0.008216626161908124,0.09279661432549559,0.5320783224242005,0.0890276350905228,0.015442512241519735,True,False,,TATAMOTORS.NS,lower
0.765614182672816,0.05146710019422344,0.6059080701726662,0,0.9317682781598918,0.9866666666666667,188,0.0051393199289285745,0.007279734564016445,0.05188458004256141,0.605162860843467,0.09905291580241345,0.01202938070848606,True,False,,HINDUNILVR.NS,upper
-0.7152235379511829,0.09720867019274781,0.5747385007331042,0,0.9355274985316692,0.9866666666666667,188,0.004831883990100862,0.006809269071887054,0.09457477698166368,0.5775280215698261,0.051090614574026756,0.011790369816990914,True,False,,HINDUNILVR.NS,lower
0.8036016399128767,-0.04127289774637483,0.6980575127627417,0,0.9566323309912882,1.0,172,0.004576167222284034,0.005441400783797622,-0.03759217719212484,0.6933263107144487,0.12173186941468231,0.00784825358741674,True,False,,INFY.NS,upper
-0.7925227203065309,0.1790995406301829,0.45687657161003237,0,0.3196397616683032,0.7066666666666667,188,0.0068152450887392965,0.004727763836943589,0.18077468320241605,0.45466051984030154,0.03770021659562806,0.010398447911465299,True,False,,INFY.NS,lower
0.8684009027054622,0.054042167002788286,0.5811012415149486,0,0.7130720609118275,0.9066666666666666,164,0.007283017964313522,0.008640318813378052,0.04588202325332172,0.591484465609447,0.15873354879682133,0.014607853916157881,True,False,,SBIN.NS,upper
-0.7174262395516959,0.024745027619251257,0.656750405815481,0,0.5529390708430819,0.5933333333333334,188,0.002669799817958532,0.004466716279704136,0.02938126045315031,0.6488606451485011,0.09086740555401243,0.006883937628614364,True,False,,SBIN.NS,lower
0.7091971712468379,0.08888043838289245,0.6606800451544468,0,0.0940229724890379,0.17,188,0.006096979163800897,0.010222450907188227,0.09887122219048312,0.6459781324167871,0.061665855969657506,0.015824762845602084,True,False,,TATAMOTORS.NS,upper
-0.6753318070251744,0.10340704787404474,0.5335921965045904,0,0.6450687273657298,0.8466666666666667,188,0.004561271237275574,0.005083812926572988,0.10667663981558523,0.5296290090623633,0.0427579160496769,0.009598818689302922,True,False,,TATAMOTORS.NS,lower
0.7568737739614009,0.04028753453924112,0.622572197673182,0,0.9724682800590156,0.98,188,0.006485572307010993,0.008500872527956716,0.05084159849819386,0.6091358775676695,0.12756426278766125,0.01395562583235969,True,False,,HINDUNILVR.NS,upper
-0.7116998818355392,0.098077326458569,0.5687441506891342,0,0.9741734144815946,0.99,188,0.005082236280261636,0.008477775722212701,0.09626420437531019,0.5704939229758298,0.05279465804860011,0.014860413463103173,True,False,,HINDUNILVR.NS,lower
0.7465473380143349,-0.04574340190132513,0.6988981347547212,0,0.9685962285710215,1.0,188,0.002120202506172841,0.0023551356972864776,-0.043865986604752584,0.6965363202742604,0.04833362217383501,0.0033812101320819053,True,False,,INFY.NS,upper
-0.7948683726771331,0.18176158164671932,0.45500595185784154,0,0.3648297066309233,0.5733333333333334,188,0.008941088084217752,0.005703234171084466,0.18428351858770745,0.45202316013400634,0.04851810768297913,0.012617127943670876,True,False,,INFY.NS,lower
0.8993520229314393,0.11482433716147235,0.5528013072946665,0,0.9688528564466503,0.9766666666666667,160,0.010774828022686868,0.01084602581741916,0.1016123673040593,0.5667643455801141,0.10603853889221453,0.019136746534311713,True,False,,SBIN.NS,upper
-0.7584168446114469,0.10870704227821038,0.5908587054614419,0,0.6826954921722146,0.7,188,0.002223887967363017,0.004889363196953245,0.10749928850139458,0.5920323001016946,0.020687464926426164,0.008258608717002944,True,False,,SBIN.NS,lower
0.7162557670981314,0.07757734144589139,0.6791405950547384,0,0.2442971834458213,0.18,188,0.008321353981659303,0.013426202972229918,0.08970940074051914,0.6609339645590806,0.09275898607481087,0.020313985192222488,True,False,,TATAMOTORS.NS,upper
-0.6977589670521438,0.11049342850467449,0.5353682196096601,0,0.8028626655109634,0.9666666666666667,188,0.009352383389096202,0.008388536579167265,0.11054541571115462,0.5348693580153001,0.08460217443581203,0.015683337055352378,True,False,,TATAMOTORS.NS,lower
0.7644773086556305,0.06167476138276356,0.6000138730735898,0,0.9093062467111844,0.9866666666666667,188,0.0032184123038654514,0.004812916173414799,0.058119393033472515,0.6040069640209186,0.05537586650729846,0.007968312255361662,True,False,,HINDUNILVR.NS,upper
-0.7242144942188944,0.10833513407354697,0.5616452756529873,0,0.9140110800997397,0.9566666666666667,188,0.007297079360651916,0.010157379031160985,0.10089472306191438,0.5701378685469379,0.0723236896436808,0.017815653745105017,True,False,,HINDUNILVR.NS,lower
0.7520988208872478,-0.032937294743874315,0.6801145236011648,0,0.9562024033371191,1.0,188,0.003296702599343425,0.004186995105543078,-0.03773214566240666,0.6868275635948788,0.08737117033119841,0.006096137176945596,True,False,,INFY.NS,upper
-0.7989743946121087,0.18846795814811798,0.4524843120857249,0,0.42794039239894266,0.7,188,0.006962151348875928,0.004777856988060286,0.18732023573213907,0.45278774747980677,0.03716710557187472,0.01055208960298218,True,False,,INFY.NS,lower
0.827821105178563,0.0844935922005847,0.5475169682813387,0,0.9939378894729555,0.9633333333333334,176,0.01345335433391302,0.013752248549054656,0.08587733500324395,0.5458217331305139,0.15665778132061292,0.02519549417394003,True,False,,SBIN.NS,upper
-1.416001911774684,-0.07251051235149217,0.7219302546178301,0,0.8318918866581111,0.89,65,0.013678361530453466,0.017457394306556018,-0.07285284668892979,0.7235831628050096,0.18775326256399133,0.02412631327354045,True,True,sparse,SBIN.NS,lower
0.7216632945283298,0.07871345925831164,0.6672068726988379,0,0.12521443375392272,0.11,188,0.00808756455646938,0.013677757396611192,0.08166428756984773,0.6625753788132064,0.099034275652124,0.02064332244683968,True,False,,TATAMOTORS.NS,upper
-0.6847529824887498,0.10910651701114842,0.543986573221106,0,0.6078394108543079,0.7566666666666667,188,0.006866134309306441,0.0060829260862290905,0.10510916416440613,0.5478811483832612,0.0653238346118751,0.01110263784974675,True,False,,TATAMOTORS.NS,lower
0.7588629805780208,0.04800614925508267,0.613439767252348,0,0.9673735879864209,0.9566666666666667,188,0.004723514161119071,0.005270240378148722,0.04865428386931717,0.6124255587841814,0.0970831921598981,0.008605519832575693,True,False,,HINDUNILVR.NS,upper
-0.7215490036935635,0.09618090681388815,0.5744701039653832,0,0.9222574090309742,0.9866666666666667,188,0.00421134581422565,0.006263410917173403,0.09298904225693749,0.5780710885813142,0.045288619595662785,0.0108350182746463,True,False,,HINDUNILVR.NS,lower
0.7593265054964287,-0.04672954567997762,0.6758342730934151,0,0.9462614042547707,0.9866666666666667,188,0.0036590511852182214,0.004780862790789523,-0.049340347205681694,0.6798694215014698,0.07415939795419378,0.007032030812491658,True,False,,INFY.NS,upper
-0.8002693448191553,0.17750030515962456,0.4694696296786608,0,0.5060432346809471,0.7133333333333334,188,0.007886289890857948,0.008674860226364947,0.18952301851183737,0.4577995024525563,0.04161124879009297,0.018949037712800012,True,False,,INFY.NS,lower
0.8109319390629887,0.0807340072297201,0.5517990225718983,0,0.9884358985018461,0.98,180,0.012579269907120615,0.01464004455491759,0.07312966277143053,0.5608820918254805,0.17201321201638062,0.026101821590079666,True,False,,SBIN.NS,upper
-0.7135500589967608,-0.013262867746729487,0.6547411242019652,0,0.8438822745523973,0.9133333333333333,200,,,,,,,False,True,invalid,SBIN.NS,lower
0.7274687772119294,0.09027046098929893,0.6617582491385254,0,0.18091422491968556,0.13,188,0.007562238847508667,0.01259322808350446,0.09107866445309169,0.6602282965814471,0.083029742065509,0.019074050533686007,True,False,,TATAMOTORS.NS,upper
-0.6964701023778527,0.11572960727303441,0.5335326269962928,0,0.7380851609500259,0.88,188,0.017067988135181206,0.016957767620424037,0.1038342895440972,0.5460826289377356,0.16437716833571583,0.031053482405906628,True,False,,TATAMOTORS.NS,lower
0.7979470531539125,0.07539911464811885,0.5875896371403135,0,0.9273586532372045,0.9866666666666667,176,0.012379173114760118,0.013827427453506182,0.07423171304289782,0.5886056426960674,0.16676391988915995,0.023491835985894133,True,False,,HINDUNILVR.NS,upper
-0.7139553570636711,0.08488293226258423,0.5866081374841073,0,0.9705739487454386,0.9833333333333333,188,0.003693571642591801,0.004103766091965801,0.08628216247715643,0.5843132168466406,0.04280805103243882,0.007023229842173124,True,False,,HINDUNILVR.NS,lower
0.7624416417881489,-0.05956499661638298,0.6715650360106844,0,0.9200663828343101,0.9566666666666667,188,0.005321316452267527,0.007394695949807797,-0.06238364024578957,0.6762846724817383,0.08529985711483234,0.01093429459716837,True,False,,INFY.NS,upper
-0.8037190571272947,0.18463341634179253,0.4701768054245146,0,0.4527716186487257,0.8333333333333334,188,0.00883451119889023,0.009904117533407305,0.1901688918004357,0.4645052676614245,0.04645612986796977,0.021321862225699758,True,False,,INFY.NS,lower
0.8195327063056439,0.09366041915377113,0.539683649581691,0,0.9774066754635254,0.9833333333333333,180,0.012726582288289727,0.014161941604069484,0.08112203365341754,0.5540882372871155,0.15688192401392465,0.025559000165421477,True,False,,SBIN.NS,upper
-0.7091431821903406,-0.015825180983597198,0.659024919759889,0,0.49583527764020463,0.64,200,,,,,,,False,True,invalid,SBIN.NS,lower
0.7237458651384907,0.08963713245793652,0.6600140186713408,0,0.1537715592309189,0.11333333333333333,188,0.005767347439044068,0.008795288333587274,0.09183091825632544,0.6564385360790442,0.06280397626980108,0.013398494628510435,True,False,,TATAMOTORS.NS,upper
-0.6899373583773212,0.12788158652381437,0.5233403795423299,0,0.7101493707534756,0.9433333333333334,188,0.009987239865697738,0.009283511470148052,0.1119553151659719,0.5391386148966125,0.08920736776827562,0.017219154854520573,True,False,,TATAMOTORS.NS,lower
0.8058460229640471,0.08139408464678521,0.5794110051300655,0,0.9049503738919794,0.8833333333333333,176,0.012930975784366123,0.014767459201153677,0.0724074223179965,0.5891904177095616,0.1785863048916899,0.025063983572443948,True,False,,HINDUNILVR.NS,upper
-0.7196840621410572,0.09623044207869208,0.5655580067040363,0,0.7428124463905766,0.9466666666666667,188,0.005287402086194532,0.006828774868293902,0.08789381503223996,0.5755146873722746,0.060156695697963794,0.011865509081650218,True,False,,HINDUNILVR.NS,lower
0.765066750803842,-0.05348280383039125,0.6581888296792608,0,0.9681855602189502,0.9333333333333333,188,0.00653654722164023,0.008727087433680784,-0.05754436379959932,0.6644715438818617,0.11359142154199171,0.01313387666138135,True,False,,INFY.NS,upper
-0.8079537981818516,0.18199807789610895,0.4750340720095836,0,0.48379366396868484,0.83,188,0.012651197583461574,0.010501824347199741,0.1883952702420927,0.4687093628254027,0.06715241256152736,0.022405833883573176,True,False,,INFY.NS,lower
0.803792989479758,0.08213478454665737,0.5496713357536518,0,0.9741552344047077,0.9666666666666667,180,0.011811089545316357,0.012242540038779856,0.08139946285405475,0.5505107818495606,0.14510031983245222,0.022238510525194943,True,False,,SBIN.NS,upper
-1.377301966857142,-0.10332738762100102,0.777094068527614,0,0.7131069386831634,0.84,65,0.021276470922568586,0.025144185738802328,-0.10840260456113615,0.7872536153240427,0.1962726730227455,0.03193911711546922,True,True,sparse,SBIN.NS,lower
0.7172938038291778,0.09770608806672428,0.6325577375617581,0,0.12337763040682903,0.11666666666666667,188,0.007147578677739172,0.011747844781963036,0.09255071273949338,0.6392690358131347,0.07722877213890354,0.018376996131605376,True,False,,TATAMOTORS.NS,upper
-0.6694129692290963,0.11341538514544491,0.5618479140691938,0,0.4868704094258405,0.8866666666666667,188,0.006492025236451463,0.006623174258122717,0.11301685635235707,0.5616857615131705,0.05744297684038614,0.011791600560363161,True,False,,TATAMOTORS.NS,lower
0.7446497225424673,0.05139972829799748,0.6147588113526766,0,0.9642634157787073,0.8733333333333333,188,0.012903171357877148,0.014443332084473412,0.06574932010769446,0.5976388657071475,0.1962479516786305,0.02416732356539482,True,False,,HINDUNILVR.NS,upper
-0.7137821205887153,0.08092008593050798,0.5896399441222239,0,0.8337589858918801,0.9633333333333334,188,0.005775836812075522,0.00893238471634462,0.0842206537458624,0.5849770059589153,0.06857980637037282,0.015269633631164695,True,False,,HINDUNILVR.NS,lower
0.7644263783427021,-0.04978885013883094,0.6533314673712121,0,0.9691350958956251,0.94,188,0.006007506846111751,0.007707682194395466,-0.05231053461675562,0.6572668973223309,0.1148431332559188,0.011726867895717034,True,False,,INFY.NS,upper
-0.8127749310700179,0.19300451094281001,0.46651539089246025,0,0.6135382980167831,0.9066666666666666,188,0.008689539145391733,0.009318092584450509,0.1953234687547956,0.46376730321589155,0.04448793970283712,0.020092171912324444,True,False,,INFY.NS,lower
0.8408630876046741,0.10804810795527987,0.5239959285868683,0,0.9650950066347133,0.97,172,0.017880308507301528,0.01945498414415329,0.09125072336932205,0.5428580515526084,0.19594701157013147,0.035838068036626015,True,False,,SBIN.NS,upper
-0.9468393612799076,0.05141388129810974,0.5971671135453562,0,0.8395996553700724,0.8033333333333333,141,0.008581585700162368,0.009429813539823261,0.05484347985699753,0.5933005248002816,0.15647409970697618,0.015893822753754214,True,False,,SBIN.NS,lower
0.7004755551365437,0.0882826154972466,0.6487050802982818,0,0.15288139101695186,0.15333333333333332,188,0.0033163227399974774,0.00646773820256117,0.09297606513768374,0.6414775695942887,0.035668560273021815,0.010082563145311765,True,False,,TATAMOTORS.NS,upper
-0.6631779302538447,0.12163681907385235,0.5471215055023042,0,0.5964806145486465,0.86,188,0.003676682552509193,0.0052207247332300795,0.120774384369446,0.5474063396008672,0.030442566669076465,0.009537201636474786,True,False,,TATAMOTORS.NS,lower
0.743128879427579,0.04645784001844956,0.6239651095625619,0,0.9258481035240095,0.9633333333333334,188,0.006046031858692245,0.007326717418112188,0.052346969860373876,0.6163634752697017,0.1154991534338551,0.011887007574607119,True,False,,HINDUNILVR.NS,upper
-0.7135641290637472,0.09208005210688909,0.5815867056681603,0,0.9020504491840118,0.9933333333333333,188,0.0032119794389322363,0.004230625828882426,0.09038748467552847,0.5832959098378805,0.035535661768948755,0.007252966607512484,True,False,,HINDUNILVR.NS,lower
0.7594967858273054,-0.05567430117002667,0.660267690686683,0,0.965265439341472,0.9366666666666666,188,0.008654061326637976,0.011340439637276373,-0.05602779689263091,0.661290440110078,0.15446011198014975,0.017148954193106296,True,False,,INFY.NS,upper
-0.8161099266480522,0.18698699818304718,0.4705990509706005,0,0.5373003113020461,0.8766666666666667,188,0.00840870510868178,0.007960285791866277,0.19214726923445055,0.4652686398940866,0.04376177035752772,0.017109009587640066,True,False,,INFY.NS,lower
0.8339620478070878,0.10461538723247432,0.5291620261575354,0,0.976056318048793,0.9966666666666667,172,0.016301251693360747,0.017500161871342887,0.08800498241389992,0.5479672937711085,0.18523098799547252,0.031936507435583926,True,False,,SBIN.NS,upper
-0.816162239281798,0.044726967139618906,0.6096040611547333,0,0.7133509419884785,0.8,172,0.011511347846668312,0.012778968621526053,0.05922192940419788,0.5934923394598204,0.19437640783936133,0.02153181693606851,True,False,,SBIN.NS,lower
0.7034197229693925,0.10402793174785208,0.6261752313726264,0,0.2021149870331228,0.17666666666666667,188,0.004315314712224398,0.006536588484441725,0.10429947198449158,0.6251801695057293,0.04137426792652765,0.010455527380297924,True,False,,TATAMOTORS.NS,upper
-0.6678224935273119,0.1360011225457926,0.5437401824917003,0,0.7684040815081811,0.8733333333333333,188,0.004047686676435279,0.004579847787818969,0.12957747086497529,0.5495224606948587,0.031237578083904288,0.008334232050652732,True,False,,TATAMOTORS.NS,lower
0.7946458896239783,0.07130293576251878,0.5918518457799413,0,0.9240057687122406,0.98,176,0.0014001462976318323,0.002852806103065336,0.07052874835467564,0.5922879880488741,0.019852133091451354,0.004816586040006047,True,False,,HINDUNILVR.NS,upper
-0.7063228151153066,0.0707501395823446,0.6072090354025244,0,0.8770731493296322,0.9633333333333334,188,0.006769839810028819,0.010854484522139047,0.07606624708081312,0.5995420085614894,0.0889992497308828,0.01810462684197305,True,False,,HINDUNILVR.NS,lower
0.7523779516238556,-0.060108092114596376,0.6658721268735209,0,0.9566068714853689,0.96,188,0.0035118951618981764,0.0043375332132629995,-0.061047207811636243,0.6677361133061906,0.05752752193776097,0.006495879228139379,True,False,,INFY.NS,upper
-0.8062307788269213,0.18002074471869534,0.4848008756956428,0,0.6754781183942824,0.89,188,0.011586508471494719,0.012158819777767576,0.19309626306816904,0.47238097879154833,0.06000379130779142,0.025739435045581405,True,False,,INFY.NS,lower
0.8280073524662366,0.09303681537102734,0.5427551234470676,0,0.9326952865694446,0.98,172,0.012138814911363593,0.013602498004507888,0.0816092971522356,0.5560635559195296,0.14874302129191724,0.024462127782125476,True,False,,SBIN.NS,upper
-0.8157165799091703,0.0665225100646009,0.5853765356461835,0,0.7865213320688461,0.81,172,0.008697768630666496,0.009196551631731342,0.05722636484916105,0.5948322912501675,0.1519888102923229,0.015460746856555735,True,False,,SBIN.NS,lower
0.7088648005632997,0.10508289992475799,0.5631950399172994,0,0.41492421410418034,0.35,188,0.010710992745274156,0.011209446880185322,0.11538130130337469,0.5504221625347184,0.09283126204998227,0.020365180473318003,True,False,,TATAMOTORS.NS,upper
-0.6413665384678103,0.18064554013784048,0.5497428673714745,0,0.9659928676578383,0.98,188,0.016755287799658514,0.02010012663468032,0.1844563936668436,0.5452544330436376,0.0908360320735794,0.03686375579533182,True,False,,TATAMOTORS.NS,lower
0.80293552619186,0.07653540096225897,0.588225484569872,0,0.9320897298516195,0.9166666666666666,176,0.007170413989829241,0.007807624371279679,0.07448802581218088,0.5901370295196737,0.09626262676477607,0.01323018866538946,True,False,,HINDUNILVR.NS,upper
-0.710213165464625,0.07167350158154315,0.5992236105304495,0,0.8950367537295318,0.91,188,0.0064251290745537485,0.01066455616506165,0.07528298158134161,0.5938477167378153,0.0853463569870432,0.017958401935198563,True,False,,HINDUNILVR.NS,lower
0.7572084319116962,-0.04798900262168457,0.6556697739829989,0,0.8747959880029652,0.9333333333333333,188,0.003820273805359374,0.005537995856620945,-0.04923235575197383,0.6578120205304738,0.07759679525874118,0.008418812061182562,True,False,,INFY.NS,upper
-0.8160741474386901,0.17192226444064157,0.48166540296493693,0,0.46114370589854425,0.8233333333333334,188,0.00794237428649001,0.009366602826549967,0.1765659250258377,0.4767018855754647,0.044982483655908866,0.019648763542764597,True,False,,INFY.NS,lower
0.8150304385447628,0.08092945708352417,0.5576753049032019,0,0.9303457893689259,0.9866666666666667,172,0.010491646189542007,0.01235708001349181,0.07976494293857182,0.5587792398834837,0.13153203008371084,0.022114421779385152,True,False,,SBIN.NS,upper
-0.7958456717515062,0.05190323672376562,0.599393020234618,0,0.6730841036429711,0.8333333333333334,176,0.007460131931866543,0.007449053828325454,0.04603059648417444,0.6056563475265818,0.16206894719997608,0.012299142468753034,True,False,,SBIN.NS,lower
0.7069912061658494,0.10375903063559161,0.571641803581364,0,0.4786876912754875,0.23333333333333334,188,0.017373178650457812,0.019461241942215705,0.109954547580761,0.5637980514198125,0.1580032609171049,0.03451810723365466,True,False,,TATAMOTORS.NS,upper
-0.6361517556271493,0.17591775051289638,0.5465456713188419,0,0.9811186520306664,0.99,188,0.016360061373532294,0.01989394781638005,0.18297260897803655,0.538856003281684,0.0894126206691948,0.03691885647749206,True,False,,TATAMOTORS.NS,lower
0.7992090485957706,0.06549486872409568,0.5936033845574729,0,0.8963994315198092,0.9433333333333334,172,0.0045931659655026645,0.0053777533710231374,0.06347529832114084,0.5955352655815584,0.07236145970752036,0.009030117260092773,True,False,,HINDUNILVR.NS,upper
-0.7009897715049002,0.11536891413867602,0.5725094469969536,0,0.8016813826954076,0.9333333333333333,188,0.006041018185854936,0.009100010172547468,0.11625864643274052,0.5708374336735252,0.051961878549231864,0.015941508871572845,True,False,,HINDUNILVR.NS,lower
0.7571017707859372,-0.03531192692171617,0.6400731550171488,0,0.9365067674961917,0.97,188,0.005623909193065182,0.006741567561497208,-0.03681552073143493,0.6423658090695669,0.1527591503186781,0.01049490393380833,True,False,,INFY.NS,upper
-0.8135613655796287,0.17356982497585655,0.48743706691751293,0,0.34227120121820176,0.78,188,0.007783442549514711,0.007591457980557165,0.17311168423210177,0.4872450715168833,0.044961968537370785,0.015580368624601739,True,False,,INFY.NS,lower
0.8207599822577701,0.10083564865646576,0.5377773793078178,0,0.8528516692220722,0.9166666666666666,172,0.016946105068293093,0.01896476683132204,0.08616252837782627,0.5546877896972392,0.19667601938540538,0.03418998370195527,True,False,,SBIN.NS,upper
-0.9561352988506746,0.09616672891472795,0.5652418812397348,0,0.7281819046641573,0.7466666666666667,141,0.016170465879309814,0.01692120831874614,0.0875371671693952,0.5733400218117878,0.18472683723874228,0.029513390623142323,True,False,,SBIN.NS,lower
0.7234475566346453,0.09380595738341763,0.5696774344036197,0,0.41840607450010103,0.26666666666666666,188,0.012350092341453152,0.014131024211664307,0.1015778825603203,0.559534169446351,0.12158248246900044,0.025254979464608755,True,False,,TATAMOTORS.NS,upper
-0.6491720556636456,0.16600041369838653,0.563484381008617,0,0.8681748669126857,0.96,188,0.019121086090712155,0.023615180849108196,0.17192246354950588,0.5568117562959779,0.11121923560043562,0.04241142568915354,True,False,,TATAMOTORS.NS,lower
0.732528304518205,0.0350042682321471,0.6316111528303163,0,0.8948028729048219,0.9,188,0.005356640367786716,0.006920163048962649,0.04407352585244569,0.6197641991195199,0.12153870262917582,0.011165799746316285,True,False,,HINDUNILVR.NS,upper
-0.7029417467327767,0.12404030422749457,0.565058783896695,0,0.8053973764213164,0.9333333333333333,188,0.007332792843779104,0.006945910958199854,0.13027850204280736,0.5570071266041235,0.056285512697363864,0.012470057386601233,True,False,,HINDUNILVR.NS,lower
0.759461880728445,-0.03300145423476995,0.6400270010802322,0,0.9815609742454292,0.9433333333333334,188,0.004280057673326404,0.005248184377633958,-0.03650196952864553,0.6448786440173234,0.11725549486891683,0.00813825104140131,True,False,,INFY.NS,upper
-0.8069274114724881,0.17665106102356315,0.4854414783154287,0,0.49970684005285804,0.8533333333333334,188,0.007591528381283352,0.00718972230910558,0.18495413534586705,0.4772361200700213,0.041045462198682166,0.01506533528392053,True,False,,INFY.NS,lower
0.8172671372443885,0.10002152265674542,0.5431729193980985,0,0.8698999391507618,0.9533333333333334,172,0.014767604286720068,0.016613285770875962,0.08134381579960431,0.564928205763004,0.18154548475628624,0.02940778192223539,True,False,,SBIN.NS,upper
-0.8204232899979597,0.0740335959368375,0.580078230594025,0,0.7292051461638136,0.8366666666666667,172,0.008502330213838182,0.008567022741160715,0.05962882598099664,0.5951437122398616,0.14258755975964085,0.014394880465038217,True,False,,SBIN.NS,lower
0.7210675864044104,0.10471926173169385,0.5557461496046728,0,0.5834360868722319,0.38666666666666666,188,0.010244770775744651,0.012453744926153197,0.09851880698350178,0.5629055078116362,0.10398795975656375,0.022124041303714072,True,False,,TATAMOTORS.NS,upper
-0.6391095591693688,0.16121763908269243,0.566434789045893,0,0.9237341322031225,0.9633333333333334,188,0.02253048019051654,0.02676891908927319,0.16748758087613025,0.5596891752848762,0.13452029534044427,0.047828187131484554,True,False,,TATAMOTORS.NS,lower
0.7383859856436025,0.05405221862459263,0.6078522296068807,0,0.8899119748500544,0.9833333333333333,188,0.0025562870537668408,0.0036007251350523603,0.05379902686508706,0.6078651879429349,0.047515479880751284,0.005923558623256449,True,False,,HINDUNILVR.NS,upper
-0.7093093042057352,0.14481841801588932,0.5429901295956974,0,0.9577319379574579,0.9566666666666667,188,0.004846528922179879,0.003989515130393852,0.14231179085240103,0.5450213291311591,0.03405570650607159,0.007319924641397898,True,False,,HINDUNILVR.NS,lower
0.761094765689913,-0.02616738037925459,0.6392680151957555,0,0.9316503213123065,0.8566666666666667,188,0.005337211886412751,0.0067072950230267995,-0.03161604892646979,0.6464987340914237,0.16881332043394875,0.010374799772353923,True,False,,INFY.NS,upper
-0.7961972509883847,0.15006897749253548,0.5068114706608353,0,0.43921515684568724,0.81,188,0.00963785218283358,0.009108636135411345,0.16454671234618456,0.4920983067599609,0.0585721310361735,0.01850978925387062,True,False,,INFY.NS,lower
0.843619563201676,0.11047682786459476,0.5334016949631428,0,0.6841463547806601,0.85,164,0.011089850277973556,0.011165652830171811,0.11004742202777446,0.5334018941882126,0.10077336720746588,0.020932907705241286,True,False,,SBIN.NS,upper
-0.9255877913203504,0.10784507870937277,0.5452508584584268,0,0.812750676400914,0.71,152,0.013166718682276967,0.011275250677085725,0.09343947829335349,0.5582556987056014,0.14091171647836967,0.020197286836939048,True,False,,SBIN.NS,lower
0.7339607486710926,0.11254800377015517,0.5500697851438823,0,0.507254473145027,0.39666666666666667,188,0.014371169392346658,0.016704972761416078,0.10605813640473911,0.5577069502378552,0.1355027395774333,0.029952957291929098,True,False,,TATAMOTORS.NS,upper
-0.6416038414193881,0.15801689298083887,0.5725527988424035,0,0.8866553522812067,0.8933333333333333,188,0.017994377344292874,0.02218721770184704,0.16381978571796116,0.5658407999266061,0.10984250874828784,0.03921105956412881,True,False,,TATAMOTORS.NS,lower
0.7400726056044471,0.0581851669919323,0.601210438239927,0,0.9206704501799756,0.9833333333333333,188,0.0032234975996875905,0.0040364992659449395,0.06175015803145464,0.5965824300395749,0.052202248227820006,0.006766037675660004,True,False,,HINDUNILVR.NS,upper
-0.7131301332739616,0.15686725642913885,0.5392271385620376,0,0.9638499975022486,0.9266666666666666,188,0.0063670047302318965,0.007859057811755435,0.15091474133284677,0.5447454525382956,0.04218941272473283,0.014427027579331038,True,False,,HINDUNILVR.NS,lower
1.2878516524962755,-0.05853598329561338,0.6671442491164916,0,0.931520132443854,0.9033333333333333,77,0.009281303021975214,0.011438635445397211,-0.05013858778350292,0.6558262146982418,0.1851129355880997,0.017441564570950707,True,True,sparse,INFY.NS,upper
-0.7972999132972255,0.1476117474226532,0.5165362899591909,0,0.45991194142934955,0.8866666666666667,188,0.00754326528361254,0.008689743096699707,0.15976010486641712,0.5037461539803997,0.04721619842299072,0.0172502417249927,True,False,,INFY.NS,lower
0.8416560741489874,0.11454651143618524,0.5289314664992664,0,0.5256708355709493,0.8066666666666666,164,0.013656649674131218,0.014675385774204849,0.10787394860601647,0.5360503944233492,0.12659820637535724,0.027376876601728797,True,False,,SBIN.NS,upper
-0.928090272625667,0.10096095034412164,0.556684894111067,0,0.7408100275421541,0.78,148,0.009488188372588618,0.00750588658112976,0.11077967707982429,0.5469935809363584,0.0856491710953447,0.013722074089169818,True,False,,SBIN.NS,lower
0.7338837688258306,0.11252429666524594,0.540138847115571,0,0.5509315166362428,0.43,188,0.013825060516397397,0.01585097634025903,0.10119895547216129,0.5538723440820198,0.13661266646248987,0.02861846456758112,True,False,,TATAMOTORS.NS,upper
-0.6442436486602874,0.15894181598411,0.5733289623548348,0,0.8103959437412669,0.9266666666666666,188,0.015779661534798275,0.019808785898125302,0.16461159417730192,0.5666760053723986,0.09585995843769386,0.03495610430081057,True,False,,TATAMOTORS.NS,lower
0.7437980871096634,0.061216341018034026,0.5965987613372682,0,0.8287149938160308,0.97,188,0.005012370571796095,0.0069193846230713955,0.06891336460505733,0.5870246794171919,0.07273436543373475,0.01178721227201036,True,False,,HINDUNILVR.NS,upper
-0.7185968683382936,0.15030078470450542,0.5486858191292366,0,0.9446211505983965,0.91,188,0.008294693252763831,0.011784998018574114,0.1450732942182166,0.5536807297544961,0.057175875999123216,0.02128482566288945,True,False,,HINDUNILVR.NS,lower
0.7591303817134045,-0.012419905727741636,0.618712065630626,0,0.8894097415245802,0.9366666666666666,188,0.0028700477914316417,0.0037863826863908895,-0.014366674201980602,0.6212370433708646,0.19977106415661136,0.00609490799984608,True,False,,INFY.NS,upper
-0.7937987383665223,0.1510489952176684,0.5159336175924187,0,0.452243035622385,0.8033333333333333,188,0.010369183647517932,0.012593281283738775,0.16281958384216336,0.5036365391205297,0.06368510940746958,0.025004700921189425,True,False,,INFY.NS,lower
0.8576593332061295,0.12530741462113856,0.5199711591522215,0,0.6947600940176205,0.7233333333333334,160,0.016113905710462197,0.01747783540560568,0.11151647371015215,0.5347355248464677,0.14449797172895645,0.03268500832027908,True,False,,SBIN.NS,upper
-0.8981552940234798,0.10111040988148638,0.5542518071169371,0,0.7885398003386334,0.8966666666666666,156,0.02022806128353255,0.01812053982416705,0.1020407376196502,0.5532174949267027,0.19823513405577198,0.032754820053222805,True,False,,SBIN.NS,lower
0.7275702741323817,0.10753267733074909,0.6056431579701106,0,0.10946549444155529,0.12666666666666668,188,0.010829716382144838,0.017446278969611255,0.10880279024945239,0.6034824051217387,0.09953527259698765,0.028909341071838637,True,False,,TATAMOTORS.NS,upper
-0.671620683076799,0.09447442460828159,0.5785306170617277,0,0.6949111865902693,0.78,188,0.008532341114151068,0.010098411584090536,0.10971727088113292,0.5613526026056123,0.07776661110837187,0.017989426533916116,True,False,,TATAMOTORS.NS,lower
0.7460851233612731,0.05703428482752522,0.5935748802728185,0,0.8124079120427463,0.9233333333333333,188,0.0069665257872149194,0.008432617240929214,0.05991265863645564,0.5898951670705531,0.11627800840398436,0.014295111349792658,True,False,,HINDUNILVR.NS,upper
-0.7106156330540708,0.14039615030062158,0.5583163526709409,0,0.9710437417910752,0.9933333333333333,188,0.007317703076710998,0.009060988103356272,0.1338126464109984,0.5650202043192145,0.05468618046289332,0.01603657333618362,True,False,,HINDUNILVR.NS,lower
1.350667361679607,-0.05143470073854031,0.6717670876405201,0,0.7784851524156825,0.6733333333333333,69,0.008625983383676643,0.01238892138854777,-0.05448774999562169,0.6766526778405787,0.1583104789840833,0.01830912905716061,True,True,sparse,INFY.NS,upper
-0.791870262610257,0.14858960559256965,0.5172783253534879,0,0.450882846615295,0.8766666666666667,188,0.008465884977947369,0.010623290052001568,0.15616421544497686,0.509059712823755,0.054211423607580675,0.02086845526311562,True,False,,INFY.NS,lower
0.8869430173997878,0.12578471621035567,0.52729516857861,0,0.7243903711946147,0.77,156,0.00829772781271644,0.008743228214574881,0.11768115011083559,0.5354261529337638,0.0705102482411067,0.016329475135596766,True,False,,SBIN.NS,upper
-0.9152020449337164,0.08964977649237492,0.5431086656156214,0,0.8383180510183273,0.85,156,0.015649487638027464,0.014321186416271206,0.08014780934609354,0.5516757341926881,0.1952578094539291,0.02595942737563813,True,False,,SBIN.NS,lower
0.7285942284266224,0.08977050103457522,0.6246116888445918,0,0.060254883748954935,0.05333333333333334,188,0.0076752405684417475,0.013022639407521082,0.09786583454277274,0.6122369639092758,0.07842614146232853,0.021270586329290915,True,False,,TATAMOTORS.NS,upper
-0.6829772519008733,0.09142649970428726,0.5815533907301715,0,0.4358702916717746,0.6666666666666666,188,0.009366031569270964,0.01203046776783164,0.10493846327989544,0.5658647961681291,0.08925259989526976,0.021260321611620354,True,False,,TATAMOTORS.NS,lower
0.7383820763258306,0.06130732416406157,0.5924297778649535,0,0.6322459378668941,0.9633333333333334,188,0.006800429680318152,0.008814086890671808,0.06643909370239408,0.5860092076117004,0.10235583114997839,0.015040867320473054,True,False,,HINDUNILVR.NS,upper
-0.7097431223407554,0.15363041885521828,0.5515719216768484,0,0.9736382828727147,0.99,188,0.0101714819386227,0.011470817839219346,0.14883414674003306,0.5559695606244809,0.06834104590916662,0.020632096512647257,True,False,,HINDUNILVR.NS,lower
1.2655950615977187,-0.06429189522583086,0.6871933921305577,0,0.9240409978025198,0.91,77,0.008991000188733214,0.01151115232394597,-0.05205942510250522,0.6691612922698184,0.1727064492926191,0.017202358063593548,True,True,sparse,INFY.NS,upper
-0.786724267427077,0.17303853276227749,0.5102480200711794,0,0.36999413799501724,0.8466666666666667,188,0.006311872188074236,0.007451241075828605,0.17441573598579296,0.5081373539502483,0.036188660332240705,0.014663832271460665,True,False,,INFY.NS,lower
0.8882266133018494,0.13107166357248723,0.5132050881228594,0,0.8437212098131243,0.9,160,0.01851852034947002,0.01867756813603794,0.12048265389335444,0.5244631305611633,0.15370277972822496,0.035612737467219095,True,False,,SBIN.NS,upper
-0.9148754572615854,0.0741809234380972,0.5596594174163451,0,0.8067945066012474,0.9466666666666667,156,0.012825610262322,0.01297684743846291,0.0679390034597168,0.5657913528767177,0.1887812261201984,0.022935746796280593,True,False,,SBIN.NS,lower
0.9074968841214734,0.18233365418907127,0.5046922047385412,0,0.3669282460961113,0.21333333333333335,156,0.03628143265652987,0.03471510888958572,0.18322311286463067,0.5047544689127276,0.19801776156460013,0.06877622753217408,True,False,,TATAMOTORS.NS,upper
-0.6939944165842645,0.10895025383902172,0.5745447922619349,0,0.7310906320861673,0.85,188,0.002963285230940336,0.005116181105542864,0.10633709154299992,0.5768433702782879,0.027866898645361907,0.008869272458452504,True,False,,TATAMOTORS.NS,lower
0.7349595246994646,0.048345937026531005,0.6038418654685842,0,0.9476550246872814,0.9566666666666667,188,0.008801535432883536,0.010625788521646938,0.054948600954994285,0.5957192414463589,0.16017757828478033,0.01783690638811549,True,False,,HINDUNILVR.NS,upper
-0.7044208924894306,0.1470735515535439,0.5542441806834868,0,0.9993612220243073,0.9833333333333333,188,0.008207421862388414,0.010641829687467819,0.14043656462916956,0.5607538998460339,0.05844219630150165,0.01897771821223635,True,False,,HINDUNILVR.NS,lower
0.7103342973571541,-0.009328928226010797,0.6119537290733162,0,0.8637591653363459,0.9566666666666667,200,,,,,,,False,True,invalid,INFY.NS,upper
-0.7852759355679079,0.17334953514386792,0.5145520881407251,0,0.3726686274519583,0.7766666666666666,188,0.005228796571381653,0.0075049322222838786,0.1766129524880866,0.5105839779472944,0.02960596152014811,0.01469872224637523,True,False,,INFY.NS,lower
0.8848663895424328,0.11603911814830789,0.5231122390981812,0,0.6478542005128549,0.88,160,0.013266064093966362,0.013539767604799984,0.11120178486674508,0.5278773716705542,0.11929721197273212,0.02564945586785927,True,False,,SBIN.NS,upper
-0.9457327102860313,0.08652920711699286,0.5559039236529151,0,0.6431264628456406,0.8366666666666667,148,0.01565755556022419,0.01658901042892209,0.0977763195846696,0.544565625396523,0.1601364627485377,0.030462830099153935,True,False,,SBIN.NS,lower
0.7678249731601553,0.10328414146008019,0.5380671503139671,0,0.6219055476037072,0.54,184,0.015029909503014612,0.01667373542652558,0.0974361130222985,0.5449086181582089,0.1542539772397859,0.03059914004827342,True,False,,TATAMOTORS.NS,upper
-0.6861026998492248,0.11854454792189137,0.6016921269197748,0,0.5276613045942836,0.6733333333333333,188,0.008616908048578332,0.008685218517320804,0.12276887566238788,0.5961158546531825,0.07018804481352602,0.014569681889566593,True,False,,TATAMOTORS.NS,lower
0.7346764289426604,0.044398518490291305,0.6124750796262521,0,0.8991782737670859,0.9466666666666667,188,0.009086261216310692,0.011719355844667842,0.052512725260498015,0.6023340539286478,0.1730296693028235,0.01945657160451764,True,False,,HINDUNILVR.NS,upper
-0.7068422890174861,0.13370101024183445,0.5620741437942816,0,0.9852840959938852,1.0,188,0.0070406727721661665,0.007414659963985044,0.1318702750923454,0.5634232636218256,0.05339089672275876,0.013160017186229736,True,False,,HINDUNILVR.NS,lower
0.7067540312280671,-0.014554197151880718,0.6207376336886542,0,0.8316487258906775,0.92,200,,,,,,,False,True,invalid,INFY.NS,upper
-0.7820904201374806,0.18192380614453652,0.5104021012564282,0,0.5202144515952631,0.7966666666666666,188,0.0057353452178142365,0.008349766738540139,0.1889929546386092,0.5028699748260943,0.030346871529219707,0.016604225725318857,True,False,,INFY.NS,lower
1.015495841424187,0.037512123457807106,0.5736608787775452,0,0.4299668903219819,0.4866666666666667,125,0.006947952438304854,0.009644678123964875,0.035827916601196254,0.5760123932371913,0.19392560768707362,0.016743872301641,True,False,,SBIN.NS,upper
-0.9438285591438836,0.12016626664242835,0.5294622421939863,0,0.7211724836563058,0.8833333333333333,156,0.01828596740038183,0.0160994503815647,0.0988683045616738,0.5490112423463681,0.18495275742740705,0.029324445196266483,True,False,,SBIN.NS,lower
0.7549417738604112,0.06944974832235112,0.5549636789439369,0,0.6012670483205376,0.49,188,0.00892164953777032,0.010122549169720156,0.0674452638266388,0.5574252646117482,0.13227983269372603,0.01815947290292964,True,False,,TATAMOTORS.NS,upper
-0.699232450681923,0.13021942905271022,0.5974700991400402,0,0.8223865829001767,0.8933333333333333,188,0.0022456941617810377,0.004581458524060711,0.13337576630075426,0.5931371131315202,0.01683734651123705,0.007724113607781777,True,False,,TATAMOTORS.NS,lower
0.7179571382363621,0.0376491504891312,0.6157260352358285,0,0.9598078386732868,0.95,188,0.007103406684743517,0.009448437284869118,0.04812917466417859,0.6025171345367794,0.1475904222003248,0.015681607354315473,True,False,,HINDUNILVR.NS,upper
-0.6980606743152341,0.14083790322050208,0.5542422826535474,0,0.9883339617990162,0.9233333333333333,188,0.009225679232736459,0.009741026987957757,0.12344837154149046,0.5732725278165497,0.07473309181972344,0.016991965156849947,True,False,,HINDUNILVR.NS,lower
0.904960772551708,0.04114842043510811,0.5557680960802911,0,0.8291962496787842,0.8066666666666666,148,0.006693444491731214,0.007232152280528601,0.040327896565379696,0.5562592059303683,0.16597550088249152,0.013001406670507929,True,False,,INFY.NS,upper
-0.7835366654450041,0.19468464878101815,0.5077874842386982,0,0.561916822214142,0.5933333333333334,188,0.008223632184691498,0.010969269483991705,0.188979031026029,0.5121774544746108,0.043516107077497646,0.021416931131954288,True,False,,INFY.NS,lower
0.9145318813037566,0.04944577462210895,0.5567562729013479,0,0.5069276209095075,0.56,152,0.008632822197735835,0.012274643219580791,0.05139058047693159,0.5541265531733959,0.1679844912778531,0.022151335155791547,True,False,,SBIN.NS,upper
-0.9280960331097231,0.10435273263260693,0.5404845324931085,0,0.8944975246116393,0.95,160,0.016837880219419975,0.014215081004931905,0.09497290886225414,0.5495284750148621,0.17729138391377788,0.025867778272763153,True,False,,SBIN.NS,lower
0.7720150199326222,0.07640063584115526,0.5453723664125918,0,0.5716206171677152,0.43666666666666665,184,0.011530124836419865,0.014027212755014878,0.06914509553563329,0.5546699983222749,0.16675258135918128,0.025289293714371466,True,False,,TATAMOTORS.NS,upper
-0.6985444782227619,0.13029352343634015,0.6005187166383089,0,0.9160623876580355,0.9333333333333333,188,0.005188996446613013,0.005970541132177871,0.12887282682058956,0.6013692719986492,0.040264469803181865,0.00992824427668602,True,False,,TATAMOTORS.NS,lower
0.730480610106829,0.032950952887695034,0.6185350272972958,0,0.6846821521832666,0.9366666666666666,188,0.005649044390690935,0.007412934671336745,0.03380568027380023,0.6172355516352717,0.16710335878184995,0.01200989562509539,True,False,,HINDUNILVR.NS,upper
-0.7046250684271296,0.14834197023126838,0.5512552254272353,0,0.888340607994067,0.9066666666666666,188,0.00893043558210455,0.009098464856331742,0.1345026540240792,0.5657529034867048,0.06639597547678155,0.01608204684313226,True,False,,HINDUNILVR.NS,lower
0.9161933459972831,0.052675030087590405,0.5435647294519717,0,0.9220759324464088,0.7333333333333333,144,0.010933473091786411,0.010549815114494739,0.056548456128587804,0.5393851860888156,0.19334694360982935,0.019558963039759802,True,False,,INFY.NS,upper
-0.7838199855390928,0.18870260453338683,0.5164655608200661,0,0.6323847185776605,0.5733333333333334,188,0.009501663029176407,0.012500151472534951,0.18348677502225944,0.5205099806228036,0.051783909277301504,0.02401519989573725,True,False,,INFY.NS,lower
0.8991815018826242,0.047882317251270776,0.5635781632348784,0,0.45555729609802187,0.51,156,0.006378063603350822,0.00934331838804695,0.04024729259043509,0.5734289487638521,0.1584718277459566,0.016293767946753957,True,False,,SBIN.NS,upper
-0.9577141265447559,0.13847711453070238,0.511181550077864,0,0.8179363345992594,0.9166666666666666,152,0.021401093940586632,0.01824831245475688,0.10946385174089872,0.5375430264775034,0.19550830383860462,0.03394763063872484,True,False,,SBIN.NS,lower
0.7474503439188681,0.07056368944618774,0.551260379399735,0,0.40823335028183894,0.22666666666666666,188,0.012296855573738823,0.01497844721546076,0.06951717812564659,0.5527568018408372,0.17688942699341162,0.027097716201051007,True,False,,TATAMOTORS.NS,upper
-0.6993905734436034,0.14362055478917815,0.5875970375573436,0,0.947016600630442,0.9366666666666666,188,0.009503814686248313,0.00908776291454918,0.13712254896289575,0.5941312099520566,0.0693089069962585,0.01529588516705538,True,False,,TATAMOTORS.NS,lower
0.7456777670183172,0.024034378407353015,0.6312629057095609,0,0.6956377226268317,0.84,180,0.005987471173266911,0.008588567207821437,0.031670852081084694,0.620760672637442,0.18905299003031892,0.013835552811320087,True,False,,HINDUNILVR.NS,upper
-0.7106849473293287,0.14700784115182897,0.553897525745965,0,0.954566003928859,0.9533333333333334,188,0.007094642583665624,0.007432286399693508,0.13637282158197106,0.5648745596577402,0.05202387089397034,0.013157410156022353,True,False,,HINDUNILVR.NS,lower
0.7092832593829994,0.009870555947834727,0.5872111191937761,0,0.9360592333120312,0.9433333333333334,200,,,,,,,False,True,invalid,INFY.NS,upper
-0.7814982534147217,0.14606813754126616,0.5452542873684904,0,0.6380293405263842,0.7766666666666666,188,0.008658611742475692,0.011902448174881,0.14446334626592564,0.5461562167451703,0.05993638778914336,0.021793119975604586,True,False,,INFY.NS,lower
0.8964125536805017,0.04229129688727483,0.5746996543796425,0,0.6901719918310399,0.6966666666666667,156,0.005751312215473741,0.008237263763229386,0.0366372453636832,0.5821123340779045,0.1569798872318025,0.014150642650050015,True,False,,SBIN.NS,upper
-0.9556114775395412,0.134870095476754,0.512330221088792,0,0.8169964565707646,0.93,152,0.021013931579330264,0.017770039745670367,0.1114088850364282,0.5338482860162038,0.18861987251968687,0.03328668439756712,True,False,,SBIN.NS,lower
0.7404819060167425,0.06948455009634281,0.5512948382218383,0,0.3962394441002115,0.23333333333333334,188,0.011573882445984509,0.013875346495536461,0.07233781881557111,0.5475248340443298,0.1599976476414947,0.025341948674046023,True,False,,TATAMOTORS.NS,upper
-0.698562107353199,0.13937598707306956,0.5982872856882953,0,0.971765365749861,0.9533333333333334,188,0.006753397638117646,0.006130405388556385,0.13125174999746184,0.6067745702903458,0.05145376822564699,0.010103266662263511,True,False,,TATAMOTORS.NS,lower
0.8653914568308323,0.0577081529242785,0.5838116053338069,0,0.6459448301876431,0.83,152,0.0039253262966953886,0.004953632659312069,0.05460504137151592,0.5873302205315925,0.07188577243502033,0.008434152375961538,True,False,,HINDUNILVR.NS,upper
-0.6996284031338931,0.12764378249897773,0.581108422776206,0,0.9905549385812298,0.9933333333333333,188,0.006128046375288074,0.00991275826326305,0.13361577366618274,0.5733688831075344,0.045863192260264696,0.017288622355388097,True,False,,HINDUNILVR.NS,lower
0.7040532920681267,-0.0027099787373045135,0.5997296172447052,0,0.8599777729867258,0.97,200,,,,,,,False,True,invalid,INFY.NS,upper
-0.7800011083825887,0.1396320679210474,0.5518263842725161,0,0.5516790585268823,0.7366666666666667,188,0.00903881723463194,0.012462573562585642,0.1360061894253384,0.5550344472916434,0.06645886196969915,0.02245369345787692,True,False,,INFY.NS,lower
0.897301302255573,0.03165207129724679,0.5928112595472388,0,0.5271419810414428,0.68,156,0.004454692226705812,0.0068268679510903076,0.028372968456944286,0.5972715458554851,0.15700474426630123,0.011430090524421566,True,False,,SBIN.NS,upper
-0.9519022944969235,0.10439824943895815,0.525627080930023,0,0.9704603128468238,0.9466666666666667,152,0.019757145698825068,0.016965802329069114,0.10060873272137048,0.5294566392109052,0.19637603218580346,0.032043798778152485,True,False,,SBIN.NS,lower
0.7351628363402528,0.06149663298506667,0.5697911337709116,0,0.38868369863514496,0.25666666666666665,188,0.010855169584977193,0.01381667605700605,0.06174021660000628,0.5694655259161704,0.17582004768631815,0.02426253247227233,True,False,,TATAMOTORS.NS,upper
-0.6928156153224031,0.12076101126186899,0.6069204363035465,0,0.948165845650244,0.95,188,0.00725925320881159,0.0060944953448686875,0.11275091122254421,0.6153017570259766,0.06438309443595149,0.009904888416501804,True,False,,TATAMOTORS.NS,lower
0.8533302024812259,0.07023860185197425,0.5672679635787637,0,0.583840225528461,0.8866666666666667,156,0.011282993455587762,0.012371823346128501,0.06506037624423813,0.5733130391965681,0.17342340104208964,0.021579525118896527,True,False,,HINDUNILVR.NS,upper
-0.6983242702781342,0.1404349023690909,0.5704950226365959,0,0.9857676947522899,1.0,188,0.007478739395669597,0.010148799398037141,0.15160842537544547,0.5573664884693145,0.04932930926402038,0.018208484768834517,True,False,,HINDUNILVR.NS,lower
0.6986833757048566,0.001758612973985209,0.5964962932374376,0,0.939585011769889,0.94,200,,,,,,,False,True,invalid,INFY.NS,upper
-0.7775564117125089,0.13830868343239938,0.5556108876673989,0,0.7666582226435696,0.9,188,0.0038684249804091957,0.006726556651043899,0.14309498913227642,0.5498526959032262,0.027033963477879754,0.01223337919196813,True,False,,INFY.NS,lower
0.9157479635472074,0.024485681744074412,0.6106614645598349,0,0.3155442629173121,0.7066666666666667,152,0.005265774078461064,0.008584423907008715,0.027560523250283173,0.6059581801385213,0.1910621260714163,0.014166693423264608,True,False,,SBIN.NS,upper
-0.7679222190049373,-0.05645479273531136,0.6767267412788109,0,0.19675541453086742,0.27,188,0.005841809460404782,0.008937412739729558,-0.05313164107735024,0.672191622879919,0.10994970684988023,0.013295929765502073,True,False,,SBIN.NS,lower
0.770599523002554,0.07634653067844241,0.5527301641901968,0,0.46788930356074576,0.47333333333333333,184,0.013087358161341118,0.016221672005079735,0.07141669231980578,0.5591812611999708,0.1832534650330899,0.029009684051593786,True,False,,TATAMOTORS.NS,upper
-0.7032686078956369,0.10179341262083583,0.6050167284693488,0,0.9404058711922889,0.7833333333333333,188,0.009383491562663547,0.010294986750445835,0.08611540072072806,0.622627783001627,0.10896413875437666,0.016534736910497876,True,False,,TATAMOTORS.NS,lower
0.710525275294195,0.02803545759929027,0.6201326085565523,0,0.5055673178986686,0.5466666666666666,188,0.005621551285268876,0.00850046605662079,0.03370680395307916,0.6120349938135861,0.16677788927468004,0.013888856035446406,True,False,,HINDUNILVR.NS,upper
-0.7042027987401351,0.1421707966979674,0.5663506455286562,0,0.981199952350572,1.0,188,0.005220275547417592,0.008574674705998738,0.1441070913518406,0.5634460469587074,0.03622497086158285,0.015218270853259587,True,False,,HINDUNILVR.NS,lower
0.7172572046088939,0.049613569032844564,0.5903070067707884,0,0.8099192138618184,0.92,188,0.007804483190133701,0.010552760485249172,0.05356876477745404,0.5852100717207036,0.14569090337713758,0.01803243111297861,True,False,,INFY.NS,upper
-0.7756266007346924,0.1478438651152731,0.537580390617421,0,0.6641241797809316,0.7166666666666667,188,0.00789179616223544,0.010898301263630257,0.14880390596176732,0.5358912231906173,0.05303486881530124,0.02033677841442447,True,False,,INFY.NS,lower
0.9085776894954063,0.024711124091096485,0.6139077045774621,0,0.49747618620309064,0.7966666666666666,152,0.004675132043177649,0.00766953554769334,0.026259450943125772,0.6114846186170034,0.17803610109527057,0.012542482981198646,True,False,,SBIN.NS,upper
-0.76450184222613,-0.04837630046115941,0.6711878511552045,0,0.2551167127713917,0.29,188,0.006147746826681326,0.009530858991801316,-0.044886955137928064,0.6663067325613369,0.13696062560234606,0.014304011025258313,True,False,,SBIN.NS,lower
0.7621913012127408,0.07788833101403544,0.5555788838635605,0,0.5069491909702105,0.51,188,0.01205314112186588,0.015009909292089089,0.0687048386728062,0.56780886646765,0.17543363175525903,0.026434791554274428,True,False,,TATAMOTORS.NS,upper
-0.7035888245485097,0.10137851308442049,0.608017604953152,0,0.824338174127401,0.8966666666666666,188,0.008631584604957903,0.009338708286993553,0.08982050858373254,0.6208574748464686,0.09609813816551685,0.015041629544504751,True,False,,TATAMOTORS.NS,lower
