Date,Actual,VaR_5%,ES_5%
2015-05-22,-1.410882832842545,-2.186636777095654,-3.2565411755639255
2015-05-25,-1.5867434048181148,-2.2733144827356755,-3.219937228401594
2015-05-26,-0.32619532139497,-2.359757992763831,-3.462367736312106
2015-05-27,-0.3306527528911799,-2.126700516827968,-3.1568522086013973
2015-05-28,1.2701354231103699,-2.222945870450012,-3.2241818102588558
2015-05-29,0.26110576187532003,-2.097126994839308,-3.1694270221271954
2015-06-01,0.61450378154734,-2.0985810675839143,-3.1572803767503745
2015-06-02,-3.16038379574734,-2.06384143316708,-3.2244979010276205
2015-06-03,-1.386232572771175,-2.4871587180311545,-3.915201200924345
2015-06-04,0.21542979318396502,-2.3124797992554047,-3.30645959980071
2015-06-05,-0.367164545878555,-2.0653491070622403,-3.1672255662314632
2015-06-08,-0.84499471297375,-2.0516576683473953,-3.0590975473007056
2015-06-09,0.31789144537415004,-2.1534556229447093,-3.072107797789853
2015-06-10,1.434973429552765,-2.0208665798713903,-2.9652476031306225
2015-06-11,-1.999554525689685,-1.9954754559413093,-3.1268181079722708
2015-06-12,-0.578729027803715,-2.301851234920324,-3.3802350801586702
2015-06-15,0.16647704683793985,-2.1399788939074678,-3.196115901174888
2015-06-16,1.30894729460708,-2.1741799267715156,-3.271296164261674
2015-06-17,-0.08484753677754,-2.008990768854121,-3.0619114176512605
2015-06-18,0.8974410777815649,-2.0999923162234695,-3.2886380554885672
2015-06-19,0.06510071036847997,-1.9850786367057047,-3.1450684727704736
2015-06-22,2.52345075398408,-1.9069757398266383,-2.908378162565173
2015-06-23,-0.83063353436973,-1.959503599450316,-3.0071434914082746
2015-06-24,-1.28430317771145,-2.196090629510969,-3.3661401268694746
2015-06-25,0.230561230821285,-2.2319027786360275,-3.3321313372469215
2015-06-26,0.8170864796662051,-2.0313671105815043,-3.0979622790455053
2015-06-29,-1.8142421661124049,-2.0579285443601534,-3.1224085566098565
2015-06-30,0.2996723130793651,-2.21880938754232,-3.1337279812675285
2015-07-01,1.601066260674005,-2.0305733973583315,-3.0971450296990626
2015-07-02,-0.454797871417805,-1.9329142087769327,-2.990684388676141
2015-07-03,0.40476070206660497,-2.0711542719606384,-3.195699713925532
2015-07-06,-0.09552024550542998,-1.941325175223725,-3.0950909629273955
2015-07-07,0.243673487281375,-2.002458384359612,-3.1352577378566293
2015-07-08,-2.21418920204082,-1.9487996802717154,-2.890832771667075
2015-07-09,-0.9540389612496151,-2.2162118679795544,-3.3161100800519296
2015-07-10,0.493505596329485,-2.108753700083119,-3.1609839655666327
2015-07-13,1.24894380678804,-2.018514470809052,-2.9689923529463162
2015-07-14,0.08322508290879993,-1.9315913333624155,-3.0503634974866025
2015-07-15,0.62412626318711,-2.2096161641191094,-3.304229075958142
2015-07-16,1.0241273799143,-1.9726858489289447,-2.9318799437232212
2015-07-17,0.44046987886342504,-1.9019920187500046,-2.823864175012577
2015-07-20,-0.70770945543112,-1.9315621018787192,-2.991217150802334
2015-07-21,4.682365348369775,-2.0258616319622127,-3.04806583799623
2015-07-22,0.36887939616803,-3.3588836790111487,-5.809311335705463
2015-07-23,0.04451728029061494,-2.4371403703177723,-3.734343764243099
2015-07-24,-1.7509810415276899,-1.95759134994686,-3.0894439129419227
2015-07-27,-1.955942502194405,-2.161869414145779,-3.115292683530515
2015-07-28,0.029753385578785,-2.187603267669215,-3.2784664611053422
2015-07-29,-0.042348907512015144,-2.029312541464444,-3.264531805871322
2015-07-30,-0.08753660868779001,-2.1165880464025295,-3.196164080822685
2015-07-31,2.8438424343731503,-1.9715432336724519,-3.002847437160239
2015-08-03,2.0843961463418847,-1.9070970621398518,-2.889531570038112
2015-08-04,0.30959495719883523,-2.0096680358548022,-2.9993490847093844
2015-08-05,0.8001157813100901,-2.1662743460261895,-3.250299880911346
2015-08-06,0.6630195644164351,-2.3648524753377953,-3.4514091835470153
2015-08-07,-0.9625809564611648,-2.1061922084834848,-3.167338909907825
2015-08-10,-0.18298549186811996,-2.2896306833460907,-3.2358001655070656
2015-08-11,-1.4751352772392052,-2.1301101393377806,-3.087644693078574
2015-08-12,-0.8068682205106152,-2.6523702242052165,-3.7504682289265667
2015-08-13,1.16279376991279,-2.728373773130263,-3.8601174600575616
2015-08-14,1.3640179371744348,-2.23412970440112,-3.2263988238259653
2015-08-17,1.742412916988655,-2.2024515543164016,-3.2280450320441423
2015-08-18,1.8570834027673648,-2.273302349180836,-3.4300532305057976
2015-08-19,-0.7296580140545299,-2.3386877939696933,-3.421638798121275
2015-08-20,-3.1331877522800653,-2.4395899829319383,-3.4102829208881023
2015-08-21,0.105061776137795,-2.7709608772306202,-3.9991836486990264
2015-08-24,-6.89241546901788,-2.408260861788847,-3.391043941486735
2015-08-25,1.300227649787655,-3.5611502641134787,-5.032336381567764
2015-08-26,-2.512015106760945,-2.821329689202228,-4.320427489473012
2015-08-27,1.60491585719558,-2.9271855705476897,-4.305532046217036
2015-08-28,1.18744268197604,-2.5915779388970646,-3.930676307244904
2015-08-31,-1.07735332666718,-2.542394367833996,-3.629315996650783
2015-09-01,-1.943448174070695,-2.564204425151034,-3.8985687846239943
2015-09-02,-1.343189449647645,-2.6717072420252097,-3.8847951348645093
2015-09-03,0.3627804241596056,-2.831372360842093,-4.1314027250834915
2015-09-04,-2.721161924196715,-2.491830407717152,-3.734372141732898
2015-09-07,-1.62031305991744,-2.7770854534262788,-4.121745368959573
2015-09-08,1.6155939624214428,-2.591684458344894,-3.9663564687123753
2015-09-09,2.109802177196975,-2.3107204345131684,-3.4640565628257085
2015-09-10,-1.2951894306920249,-2.3906486565849603,-3.5968155098932644
2015-09-11,1.05357060814924,-2.4836287886877684,-3.520523214325377
2015-09-14,1.5176036334114498,-2.3452541955815107,-3.5568202327900744
2015-09-15,-0.52700069474903,-2.231701107170294,-3.332522579819262
2015-09-16,0.9416692998245151,-2.3315172813617884,-3.5177950946963756
2015-09-18,1.21299730208831,-2.1788585152679705,-3.4886245954196338
2015-09-21,0.676083193702675,-2.1307274671658734,-3.194088805674556
2015-09-22,-1.384303897065835,-2.1844741457554466,-3.1871404056478556
2015-09-23,0.793397316317735,-2.4074339188419605,-3.473442783939773
2015-09-24,0.9097585519904602,-2.19099741467245,-3.325533036673302
2015-09-28,-1.474792769739345,-2.274314728317531,-3.515832296156367
2015-09-29,1.2407778249628598,-2.2043132844314877,-3.2913738975508213
2015-09-30,0.7644581262917902,-2.0066163431009523,-3.0492884330442114
2015-10-01,0.051921418721435075,-2.3719676940220817,-3.6520363825016875
2015-10-05,1.3902124943883498,-2.131098439020245,-3.1257841129962154
2015-10-06,-1.141287097069225,-1.9872337810676313,-2.9534605114544257
2015-10-07,-0.22208914690300996,-2.079519483032016,-2.987723657694701
2015-10-08,-0.09771100453279499,-2.0255124985995163,-3.0469749331959948
2015-10-09,1.563856078152875,-1.9626480179369465,-2.9027221951590207
2015-10-12,-1.717811339546505,-2.1103110067695585,-3.3195634820134683
2015-10-13,-1.21107538426674,-1.9886745563612231,-3.058749474377965
2015-10-14,0.010282561981475008,-1.9664400098683996,-2.901262231185346
2015-10-15,0.94158527325048,-1.868878239680278,-2.7444273363096845
2015-10-16,1.898258593381385,-1.8016062799381245,-2.7136527392001617
2015-10-19,0.322763993928775,-1.8783687407128649,-2.8022257313770207
2015-10-20,0.69431732477172,-2.102354495497769,-3.1634396381611873
2015-10-21,-0.45089092284964005,-1.9213953412026574,-2.8662698547970336
2015-10-23,1.217988937303165,-2.079767462558607,-3.0798133134468855
2015-10-26,-0.32830746634561503,-1.9051878978368224,-2.8574788658273866
2015-10-27,-0.60944002639953,-1.9781002294231957,-2.952139951289531
2015-10-28,-1.210215397316235,-2.041548332017216,-2.9232303576155156
2015-10-29,-1.419379411498395,-2.1032000976478757,-3.105048294822656
2015-10-30,-0.39986650231138,-2.0910734157517763,-3.113849081338978
2015-11-02,-0.21915685554449998,-1.9193615064899983,-2.8626545142650457
2015-11-03,0.427207032707815,-1.951921957745277,-2.9049553443250833
2015-11-04,0.2609815473568451,-1.90654577475693,-2.8531926562286327
2015-11-05,-1.6936237001013852,-1.9049359972099384,-2.9173281474352457
2015-11-06,2.589465312524005,-2.043436334468136,-2.963832046532073
2015-11-09,0.4710145408756651,-1.931228483230756,-2.952188225209936
2015-11-10,-2.3793661625971003,-1.9872766986059394,-2.879899301035923
2015-11-13,-0.33566195454258496,-2.221691878841191,-3.281621963677436
2015-11-16,0.7033337853191801,-2.086353802324521,-3.076858123815632
2015-11-17,-0.96387025441578,-2.0372529487638413,-3.0131684183674143
2015-11-18,-3.3953457137634553,-2.0967572347426233,-3.0705805955266396
2015-11-19,1.9425666397321648,-2.348676950960864,-3.4281684292060346
2015-11-20,0.023886016319839998,-2.2038822498411927,-3.425778186205832
2015-11-23,0.010252395510690002,-1.991718979648481,-2.960686924124975
2015-11-24,-0.8676342748953499,-2.0220420192099335,-2.970860495638009
2015-11-26,0.764682642598415,-2.0874847145203543,-3.045270093615339
2015-11-27,2.121361904475865,-1.924145170180682,-2.906664390925076
2015-11-30,0.7896714431172751,-1.961628415993476,-2.9548027553503338
2015-12-01,-0.10000592601388503,-2.1457109516345643,-3.1045314602591216
2015-12-02,-1.98709315197409,-1.9931003567375338,-2.9501823719897726
2015-12-03,-0.859877483607585,-2.090016425751203,-3.0359677684466733
2015-12-04,-0.41295026356565995,-2.044906296922917,-3.04729809029614
2015-12-07,-0.644325535071155,-2.008177567266669,-2.9733746633823985
2015-12-08,-0.657398803953155,-2.070626753923079,-3.0218843560759088
2015-12-09,-1.11118520465346,-1.9839121405958016,-2.9464971785546132
2015-12-10,0.39731685241972503,-2.0156272367828123,-3.0774368200417572
2015-12-11,-0.753047449587195,-2.0399789902362477,-2.9684432891230554
2015-12-14,0.4890540666091751,-2.0040285815595014,-3.045230715324131
2015-12-15,0.474412539401945,-1.945455844795176,-2.8591978538058775
2015-12-16,1.04038359170208,-1.8520398836651615,-2.8883158124570336
2015-12-17,1.29637326928792,-1.8494564785320962,-2.807984928248138
2015-12-18,-2.0555040924721,-1.843318309147768,-2.7589750531947232
2015-12-21,1.792851047980165,-2.0190131710829733,-2.996524181464325
2015-12-22,-1.3584288721264302,-1.991995260544927,-3.016712320937613
2015-12-23,1.066604234740065,-1.931371782579322,-2.8826476921434456
2015-12-24,-0.49960022073902,-1.938843898474925,-2.9703506652569565
2015-12-28,0.512862177180625,-1.977618708555047,-2.978990633199749
2015-12-29,-0.155406263613874,-1.810776296814834,-2.664999456138706
2015-12-30,-1.368457064761555,-1.8429359684362547,-2.7107134992736093
2015-12-31,0.571665267492475,-1.9739300728431426,-3.0643694796256704
2016-01-01,0.733973351427795,-1.9118727663539734,-2.9561916413752316
2016-01-04,-2.789674052248055,-1.7816075217392306,-2.676224261046804
2016-01-05,-0.8981002793951651,-2.13303910844364,-3.1631592885883997
2016-01-06,-0.42637013470515506,-2.018444156912548,-2.997579162360164
2016-01-07,-2.58713683147125,-1.9382546473124473,-2.876276467564645
2016-01-08,0.447906188124625,-2.204919826149578,-3.2114958635031274
2016-01-11,-1.48394042343919,-1.9686350431118977,-3.050010128372695
2016-01-12,-1.48689775949271,-2.1728222623100004,-3.076105063177786
2016-01-13,1.94280248411508,-2.1371537860027625,-3.1078499068355967
2016-01-14,1.016360930514055,-2.0770809872457345,-3.1142955694025423
2016-01-15,-2.786656309521445,-2.547515360395748,-3.8288417737397182
2016-01-18,-1.255543456969135,-2.499783866338108,-3.6083499712243756
2016-01-19,0.8769718100331599,-2.2592413268762908,-3.2923705593768333
2016-01-20,-3.42240261114456,-2.216648665189725,-3.282102163910718
2016-01-21,1.257984024058195,-2.687466688055884,-3.8390837816041805
2016-01-22,2.46394831464927,-2.387164737920542,-3.5946376781425964
2016-01-25,-0.38734547772012495,-2.3223878295469014,-3.3770764042630685
2016-01-27,0.43206085895344,-2.4325528824009797,-3.4211732586598194
2016-01-28,-0.16245159998676495,-2.304468290387104,-3.393663066971885
2016-01-29,0.0733247651560398,-2.2041669268709567,-3.4437900971976942
2016-02-01,-1.666409352744065,-2.5794998388375627,-3.833495247825282
2016-02-02,-0.885467183162825,-2.510333455532378,-3.5431836693094563
2016-02-03,-1.7637211399913948,-2.3788083402351847,-3.44632942040855
2016-02-04,-0.029625658879130046,-2.3126281922281495,-3.3374372532570424
2016-02-05,1.401713760994315,-2.3274953984573195,-3.410513223521705
2016-02-08,0.13285253151103027,-2.1321933593741687,-3.161589384241397
2016-02-09,-3.414478247501035,-2.1419306425612663,-3.088369547145094
2016-02-10,-2.428834824382845,-2.4560208832082653,-3.571130378823042
2016-02-11,-2.8836115250486403,-2.632822511812852,-3.6119081086100557
2016-02-12,0.45532416233689493,-2.6056016236199757,-3.6294799644650375
2016-02-15,4.373056581396126,-2.3699387797099734,-3.469511726557752
2016-02-16,-4.113110808143349,-2.582312150518272,-3.733875017639824
2016-02-17,1.667654947875075,-3.5501242574903755,-4.814645824931485
2016-02-18,1.41697144769708,-3.0315605269118033,-4.244750588570128
2016-02-19,1.68118773352865,-2.9528143648163407,-4.278409363436178
2016-02-22,0.04922426116095499,-2.7019211056938235,-4.052109676867439
2016-02-23,-2.116584859842985,-2.7108139086386527,-3.8201525479345264
2016-02-24,-0.6344038553828049,-2.8306878397319504,-3.979088500803585
2016-02-25,-2.13384633973382,-2.6156375343372775,-3.70012492063735
2016-02-26,1.81876285354121,-2.6673086998871316,-3.6479190021834396
2016-02-29,-0.7767371567875851,-2.5130045273947808,-3.593423529841848
2016-03-01,2.902645033311695,-2.400691764800346,-3.532891837340021
2016-03-02,6.91015378813651,-2.5349158189625127,-3.7506869480742724
2016-03-03,1.011672333553725,-2.9377325892010413,-4.199396488357161
2016-03-04,1.58010843899103,-3.000782703667967,-4.264897573667633
2016-03-08,-1.6670115538319998,-2.84659224464921,-4.09752571164151
2016-03-09,0.656278081807695,-3.0966807846481808,-4.190087371275466
2016-03-10,-2.34811424481854,-2.8022806268998415,-3.9189010804080744
2016-03-11,-0.08904434236895,-2.8314803591432565,-3.915178003259263
2016-03-14,0.377193286223465,-2.5917153679649907,-3.7914306383091807
2016-03-15,0.6683655817874848,-2.420591223069882,-3.5467187621927816
2016-03-16,0.7623133844601999,-2.2832240208087757,-3.4594310664235874
2016-03-17,0.7113959803959,-2.26007541810696,-3.3058043626381277
2016-03-18,2.64167684423626,-2.148437181160056,-3.0305804778171397
2016-03-21,1.4931547054174898,-2.198825613939999,-3.2446476630157353
2016-03-22,-0.030037350465004997,-2.085981717557374,-3.084826597220385
2016-03-23,0.51608930307211,-2.1018830027645383,-2.944756512857112
2016-03-28,-2.2769179294307103,-2.1311727666628872,-3.0392788304090352
2016-03-29,-0.00084852019685,-2.390259471706459,-3.3061950419917574
2016-03-30,2.442144110857585,-2.1770729982870742,-3.067383626254742
2016-03-31,-0.33283771344831004,-2.1372109161352797,-3.1462511721978244
2016-04-01,-0.171116164042955,-2.363231232870499,-3.288604737326573
2016-04-04,1.31852016377289,-2.1950542121627614,-3.1311937022851497
2016-04-05,-3.701374314532705,-2.402605230070619,-3.541952535742242
2016-04-06,-0.9249090551431101,-2.775388134397166,-3.7851978571018825
2016-04-07,-1.325407461718115,-2.417573905893282,-3.4728146325506675
2016-04-08,-0.35598012189927,-2.347444566435948,-3.3949741170949794
2016-04-11,2.159382136004655,-2.2167900330172716,-3.298643465325128
2016-04-12,-0.19149018931275502,-2.182400953953941,-3.1883950679664776
2016-04-13,0.67640006272687,-2.2580569778699005,-3.2184349086962687
2016-04-18,1.3774932184554947,-2.2324065612471533,-3.177387098190403
2016-04-20,0.34445006597391004,-2.757732553547436,-4.210640133073161
2016-04-21,1.1470283236385148,-2.153611810495492,-3.171349075017717
2016-04-22,0.8528876137484149,-2.2690096830276882,-3.2730693486119646
2016-04-25,-0.590965299823935,-2.1868555325025896,-3.107843645079995
2016-04-26,1.645797897091535,-2.3067826699626393,-3.337173810680836
2016-04-27,-0.8852365364190049,-2.138245279708512,-3.1418282181862076
2016-04-28,-2.321933013773975,-2.3550891251281207,-3.2634631602951996
2016-04-29,-0.843864835608725,-2.3685935511486638,-3.481952374993877
2016-05-02,-1.0926578643823301,-2.2452527754664158,-3.266562667093709
2016-05-03,-1.5043545430717349,-2.197538224743844,-3.1174603913264463
2016-05-04,-0.6595268724074899,-2.209190831802414,-3.185768828372381
2016-05-05,0.262203896338995,-2.213867022620058,-3.261066155487796
2016-05-06,0.635578959080245,-2.0406173604074342,-2.9506685607446315
2016-05-09,1.9033406097160053,-2.0517582029269485,-2.8842772706417237
2016-05-10,0.78164980458943,-2.071087206772434,-2.9284638385896344
2016-05-11,-1.655155968115555,-1.9341499352544802,-2.788654727632352
2016-05-12,1.27503188526246,-2.1940048390604656,-3.0649546871456894
2016-05-13,-1.0914288870499949,-2.029904138461082,-2.8514506251937957
2016-05-16,-1.9063253221863248,-2.102288622783915,-2.9554672146431895
2016-05-17,-0.01673297166543,-2.441111238254941,-3.406257192223282
2016-05-18,0.687329161194595,-2.1757974830970648,-3.1095610919774885
2016-05-19,-2.22587367687471,-2.1625255559747134,-3.089483182925343
2016-05-20,-0.564774567418185,-2.4561323120926803,-3.414370804276786
2016-05-23,-1.437446127157555,-2.2656603313355395,-3.1161894443696663
2016-05-24,0.31502389174078,-2.3419743009409704,-3.2196472875243627
2016-05-25,2.4973734419971003,-2.0623014165647477,-2.9777478964420174
2016-05-26,3.563593414412385,-2.1190605247819185,-3.080532045021062
2016-05-27,3.63063692334974,-2.210218758924893,-3.176284272594504
2016-05-30,1.54651651524497,-2.3748818053925165,-3.350239776656824
2016-05-31,0.75763911601857,-2.411076413649151,-3.490136343271868
2016-06-01,-1.2809012267814501,-2.4247478028750225,-3.372781444560015
2016-06-02,0.709685396224135,-2.5948111194952004,-3.617242995483889
2016-06-03,-0.13056706732518997,-2.339270570231504,-3.3747692153975084
2016-06-06,0.57561892841075,-2.39190087547245,-3.233335331690225
2016-06-07,2.38054877885124,-2.2272170084293004,-3.18955951490062
2016-06-08,-0.642713326985185,-2.237595994942556,-3.32638873488017
2016-06-09,-1.77014439574045,-2.420393500564975,-3.423694399361926
2016-06-10,-1.168894898454275,-2.3860055340834965,-3.4909715711260105
2016-06-13,-1.005111068083865,-2.3206946631319694,-3.3144541518707333
2016-06-14,1.19044623719863,-2.32132489796535,-3.271528346845722
2016-06-15,2.6029177063863753,-2.1665351909283252,-3.1547118204964244
2016-06-16,-0.177821239784055,-2.2066816373969873,-3.2094630556404358
2016-06-17,-0.8685688741845599,-2.3041703184088194,-3.2673271102691377
2016-06-20,1.795435029253785,-2.2972339559495123,-3.185472890857629
2016-06-21,-0.55170730351094,-2.1829208342483883,-3.179945890920517
2016-06-22,-0.5320203256749501,-2.1537123058989605,-3.093930599161807
2016-06-23,1.58215669535306,-2.061310130211215,-2.930783853385629
2016-06-24,-2.1779506115307203,-2.0655318397484588,-3.0525964087394932
2016-06-27,0.17636807827038004,-2.2632935154228893,-3.1174323113023865
2016-06-28,-0.591836105625015,-2.1410938505408335,-3.1032914247432237
2016-06-29,1.057870492725745,-2.1589253564868502,-3.201717293138553
2016-06-30,0.10929058542066,-2.023438661124986,-2.9743277363907015
2016-07-01,0.250755576761575,-1.956315161872231,-2.9093374342601668
2016-07-04,1.25837543636801,-1.9327691820201678,-2.755577578875602
2016-07-05,-0.24827184278047498,-1.912012215894549,-2.8581325746389465
2016-07-07,-1.558062935897675,-1.9455571577464468,-2.6968204040446664
2016-07-08,-0.35820520407128,-2.115297112718398,-2.9612903865383324
2016-07-11,2.1669816958533,-1.963413777983324,-2.851203263043718
2016-07-12,0.50684718541091,-1.9334883013082123,-2.8894578945122853
2016-07-13,0.94783475083353,-1.9408399510927645,-2.8322988230914024
2016-07-14,0.19490729244280003,-1.9547678000295652,-2.8830816675317275
2016-07-15,-4.72248514938583,-1.9415654056288718,-2.6480689428114155
2016-07-18,-0.161228894744665,-2.4950498167811537,-3.5905095442116064
2016-07-19,0.41598434360179,-1.9090753165013548,-2.7626667326510916
2016-07-20,0.15899372568040498,-1.8498850019034245,-2.6654802028529576
2016-07-21,-1.352019852471785,-1.8412941170867514,-2.627288599964343
2016-07-22,-0.8248277745189,-2.016331132457327,-2.8821049618682677
2016-07-25,1.80175078380709,-1.9987914767857544,-2.9027904022014743
2016-07-26,-0.33901829184479,-1.8656327271027284,-2.7707280977494717
2016-07-27,0.4051808625838801,-2.0287513250660356,-2.92559245873703
2016-07-28,0.017295407724379985,-1.9323128157811569,-2.8149583016746855
2016-07-29,-0.51718465216704,-1.981281948319857,-2.8412515515669736
2016-08-01,0.06816917723481986,-1.9785067444560973,-2.9447115011557887
2016-08-02,0.09786644122593999,-1.9730561098832535,-3.084355181471583
2016-08-03,-0.25717130030497,-1.8916938762842102,-2.7318334976135183
2016-08-04,-0.8285042592587,-1.9762100176484596,-3.0857249979597547
2016-08-05,1.37139948398168,-1.9344686946520409,-2.850508992936379
2016-08-08,0.60574111331029,-1.8638167337018097,-2.6566955760138034
2016-08-09,0.623011895844765,-1.9281275593125229,-2.772454655423038
2016-08-10,-0.8306702483060049,-1.8647907313433054,-2.657506617133439
2016-08-11,-1.17997472124484,-1.905901628308769,-2.7557800374097394
2016-08-12,2.7426015347757806,-2.0156069947888557,-2.8951946608523023
2016-08-16,0.19559090633519505,-2.15769522273276,-3.1614875997735243
2016-08-17,-0.9886917808943,-2.278746931217558,-3.247072404556703
2016-08-18,-0.046705734409115074,-2.2337547440635968,-3.248822024912215
2016-08-19,1.890060506790875,-2.1432275135879393,-3.0321823429447567
2016-08-22,-1.008059339311165,-2.1274026611358523,-3.153749902733349
2016-08-23,1.167797103663145,-2.2438359140964117,-3.1766635456888492
2016-08-24,0.77770504298964,-2.1730542675736326,-3.115871464293444
2016-08-25,-1.85740966409537,-2.1289913646825216,-3.071704923338057
2016-08-26,-1.4878723988960099,-2.149761335065647,-2.9919744547240206
2016-08-29,0.61912010901427,-2.1558669728783504,-3.0353826728107562
2016-08-30,1.4914096519969302,-1.9609448002608538,-2.8458040414035772
2016-08-31,-0.169616439987275,-1.9942746012870558,-2.9683011923356606
2016-09-01,-0.017104489848724994,-1.9890707734872948,-2.844116951660317
2016-09-02,0.23778760597488008,-1.9487124136899707,-2.784087871522888
2016-09-06,1.7017998915849302,-1.9014615083526782,-2.742560441900682
2016-09-07,1.7170249463162102,-1.9004420778903366,-2.792623642362009
2016-09-08,-0.5086568888622349,-1.8653426678276674,-2.7902719745854814
2016-09-09,-0.90191406780069,-1.8976545582672646,-2.762184734415353
2016-09-12,-1.310937775107765,-2.0505957761643243,-2.8602177937596216
2016-09-14,0.5405593965787749,-2.2845706483364374,-3.1923468741639915
2016-09-15,-0.464666805478835,-2.0413911735658457,-2.9275843960529015
2016-09-16,0.5206847790236799,-2.07764544224281,-2.9022072289250485
2016-09-19,0.314217572244265,-2.0845189599643077,-3.0268499705866456
2016-09-20,-0.7586046920176049,-1.9715898261532636,-2.8474061582291887
2016-09-21,-0.38678268937019505,-1.9746346923904425,-2.8938671118965575
2016-09-22,1.470321585554285,-1.9884579455252305,-2.8239936531915615
2016-09-23,-1.42704740230717,-1.846237187112752,-2.6871106101726805
2016-09-26,-0.8928606066218899,-2.0118602956035567,-2.88561587482081
2016-09-27,-0.3438325907831701,-2.0009924411525533,-2.800054929274256
2016-09-28,0.9063463692094901,-1.971965685265928,-2.7358237147639812
2016-09-29,-1.7689227643381749,-1.8096559537591526,-2.6049947826123097
2016-09-30,1.13410661237823,-2.0962609067673923,-2.9999843888828845
2016-10-03,0.8983769373518049,-1.91717830467785,-2.7211185844945223
2016-10-04,1.39580123061027,-1.9478646433573585,-2.778819481993416
2016-10-05,-0.15699213245678503,-1.9173646016214283,-2.8024132317059465
2016-10-06,-1.4639376996639952,-1.9569110150877869,-2.744498417387051
2016-10-07,-0.35939704743366996,-1.9819947125785098,-2.8203802763020667
2016-10-10,0.4443930015261799,-1.9144761656454876,-2.8242103623069226
2016-10-13,-0.29715534239526487,-2.0004462770700533,-2.9428365282799995
2016-10-14,-0.7235944634274349,-2.120752015581649,-3.119665909685573
2016-10-17,-0.01406024072402498,-1.9174373727172713,-2.7465858912501226
2016-10-18,1.5330576239380451,-1.863363544609086,-2.7088369627851403
2016-10-19,-0.160631595537825,-1.9332524439973129,-2.7746818713307
2016-10-20,0.6831905476253449,-1.9556386441635254,-2.788561933841411
2016-10-21,0.28516203798970996,-1.901066954184093,-2.81834593754619
2016-10-24,0.3111506371493499,-1.9336814536699078,-2.746779773534955
2016-10-25,-0.770318789699385,-1.888165791227939,-2.7130210231471166
2016-10-26,-0.666725717002115,-1.9281018525062075,-2.7833231103803318
2016-10-27,-1.1818767457786699,-1.9304761879279506,-2.8470151969272046
2016-10-28,0.20657273463555004,-1.8921994266172812,-2.6470735424606953
2016-11-01,-0.22136141377343496,-1.8124277257194659,-2.689993491574992
2016-11-02,-1.97543373427194,-1.8263708851483693,-2.699516836552066
2016-11-03,-1.81623194099005,-2.043423423195993,-2.865417652255567
2016-11-04,-0.35902392999268,-2.0288934985992255,-2.8637384178283782
2016-11-07,2.34453867165099,-1.9811304329239183,-2.827354697958605
2016-11-08,0.22728947341715502,-1.881998751021619,-2.8606408340270604
2016-11-09,0.18177256138713016,-1.9532301377900956,-2.822494948550325
2016-11-10,2.9410332259733654,-1.99310640838138,-2.874858181655965
2016-11-11,-2.456715447548195,-2.2358275235219023,-3.1950617644680035
2016-11-15,1.05180101742662,-2.585906605286643,-3.67174878664174
2016-11-16,0.750564927293625,-2.3672781847939324,-3.335722839905714
2016-11-17,-0.548303654373605,-2.38650585732607,-3.4184281243350703
2016-11-18,-0.828022348544045,-2.243526628440423,-3.2064973509180557
2016-11-21,-3.9480035713946298,-2.1687842249660663,-3.0668713666982583
2016-11-22,0.16982926903461498,-2.777983783498009,-3.871559696861967
2016-11-23,0.581745744759365,-2.4373062555913,-3.4856310764969622
2016-11-24,1.138791562223925,-2.399694704642694,-3.3033542892855317
2016-11-25,2.32150704953832,-2.3071080120984906,-3.3423549137054835
2016-11-28,-1.323435410474895,-2.6828051562384925,-3.899793470236287
2016-11-29,-0.534129808212435,-2.3330752208672942,-3.345660382981654
2016-11-30,1.2570455910648,-2.211517190308522,-3.290838845170567
2016-12-01,-0.5227483868049154,-2.1147078244436472,-3.147577056440965
2016-12-02,-0.87620857309431,-2.194542866886304,-3.1601948727646514
2016-12-05,0.399985154572125,-2.1254506135295106,-3.0835468571511884
2016-12-06,0.67790403710922,-2.0321809132400324,-3.0418975442818335
2016-12-07,-0.68519196169551,-2.0221326262755284,-2.9862872186311646
2016-12-08,1.76958432643001,-2.050634861645119,-3.0481155986860915
2016-12-09,1.52008847443664,-1.9976047537442951,-2.983343089902591
2016-12-12,-1.175876451424075,-1.9343064038140525,-2.860970117833975
2016-12-13,1.124969251224385,-2.119172600070656,-3.0397725025689657
2016-12-14,-0.13439947869812496,-1.9710167863060373,-2.9501503165194536
2016-12-15,0.10174974875887,-2.0360191879411236,-3.026404989126395
2016-12-16,0.518205219330625,-1.9793745678774213,-2.9229592455274633
2016-12-19,-0.671149605030205,-1.9566342802781636,-2.955067790619453
2016-12-20,-0.9462910274833201,-1.8970180059781891,-2.810892427504195
2016-12-21,-0.36949296354488004,-2.1082776547876443,-2.968915848746762
2016-12-22,-1.94708919564175,-1.9848752406831334,-2.885084277399512
2016-12-23,0.05977424963273001,-2.0898683572360928,-2.9195036267666254
2016-12-26,-1.29253579314228,-1.9061103713126686,-2.73944947780638
2016-12-27,1.74054035264108,-2.0345508566598287,-2.8164426862811873
2016-12-28,-0.223947452557415,-1.9456016995573824,-2.8675545820733594
2016-12-29,-0.32909674587592497,-1.8769952721711378,-2.7881721768194105
2016-12-30,1.42339470626491,-1.909752012504753,-2.832295696810167
2017-01-02,-1.808896672126135,-1.8280526156373207,-2.713674327952349
2017-01-03,-0.09729651901835995,-2.0486949595202004,-3.0405210623690424
2017-01-04,-0.21419235942515497,-1.9036008710539074,-2.8062454423423002
2017-01-05,0.42157019685041,-1.9205084274217203,-2.787216693774345
2017-01-06,-1.102296923808455,-1.8689747877564755,-2.699099805674834
2017-01-09,0.135482334908,-1.9371789201377108,-2.8223742675612593
2017-01-10,0.262656277791175,-1.8817688732691173,-2.7280167644679314
2017-01-11,0.69455550221572,-1.891795572967057,-2.74516608670035
2017-01-12,1.3930951791330002,-1.8387235341366626,-2.8374682851718593
2017-01-13,-1.29707637683053,-1.9744823655434112,-2.9781320017090094
2017-01-16,-0.08600238030121488,-1.887578461825172,-2.8117061108893995
2017-01-17,0.035781019557035,-1.8299246239014373,-2.657082625768006
2017-01-18,0.21556766112163503,-1.8255830984212935,-2.656924667670648
2017-01-19,0.39209416709241,-1.797684286944617,-2.626845048216875
2017-01-20,-1.935814702338745,-1.817164661042712,-2.661289371726742
2017-01-23,0.824002661666015,-2.0055745643387617,-2.7415422105696057
2017-01-24,-0.22932088491496502,-1.8804676638361213,-2.7333881246201446
2017-01-25,0.36089819092194,-1.9308277542054093,-2.7441543726446636
2017-01-27,1.67475040290371,-1.8815990861595016,-2.705885829872941
2017-01-30,-0.09069977636121995,-1.941410494283831,-2.8539780479076535
2017-01-31,-1.7916123611087849,-1.896790257925057,-2.688304247163528
2017-02-01,1.307056737296755,-2.0543039660907687,-2.9664986233693287
2017-02-02,1.5116323675686099,-1.992905162999653,-2.9143924782617896
2017-02-03,0.7822295720794751,-1.9669528487995567,-2.902443433204355
2017-02-06,-0.13558066971166,-1.9246876699905355,-2.7400018667871158
2017-02-07,0.526005927134115,-1.9525896050400855,-2.774795914270707
2017-02-08,-0.432156066561035,-1.9123287681373826,-2.8497881934142235
2017-02-09,0.260557753989265,-1.8792229524936035,-2.720820393675883
2017-02-10,1.25549960296635,-1.9716376111994391,-2.7921200463097238
2017-02-13,-0.03569498587011488,-1.970543913354117,-2.8848959677294252
2017-02-14,-0.09772411615542997,-1.9034660971037796,-2.65975947925816
2017-02-15,-0.53141737142659,-1.8857457778106397,-2.713503417598402
2017-02-16,1.807085572410065,-1.8832194497163164,-2.705931546058636
2017-02-17,-0.8093926022077751,-1.9339918437993793,-2.8750360533630275
2017-02-20,0.5605468725755101,-1.904849718567605,-2.7179709138318766
2017-02-21,0.359849376649285,-1.824577081047959,-2.6363647826785965
2017-02-22,-0.8757107613970201,-1.8006336855830516,-2.61795191382318
2017-02-23,0.594642807354465,-1.8286495794964142,-2.63308779870343
2017-02-27,-0.23276460476412003,-1.8970630929347834,-2.7651248528603336
2017-02-28,0.176761661599205,-1.8127294713170512,-2.695699396263221
2017-03-01,1.0971663539618,-1.7906033906329113,-2.611417744068849
2017-03-02,-0.9158681420193301,-1.8741673617319385,-2.814435231930622
2017-03-03,-0.03814186704957001,-1.871205399358256,-2.648230688647011
2017-03-06,1.02814654551506,-1.8836862020941552,-2.664161754961881
2017-03-07,-1.0678673640128449,-1.7763900175395706,-2.643172504371141
2017-03-08,-0.20128638120143,-1.8516885446413571,-2.6599310134052074
2017-03-09,0.802479991048215,-1.8458235110031123,-2.671690381897646
2017-03-10,0.28647980428378506,-1.7887994118583408,-2.614527624409915
2017-03-14,1.10526438666664,-1.8236077823513075,-2.614146586041629
2017-03-15,-0.627321865153315,-1.837560363379944,-2.657922730692621
2017-03-16,1.1784408379690399,-1.8507687807785624,-2.7615261948949965
2017-03-17,-0.37717728431937003,-1.8270648529738194,-2.65296016602501
2017-03-20,-0.95747532246906,-1.9056724231338509,-2.757962312923707
2017-03-21,0.26873775277047507,-1.9048643559477145,-2.6950634701770086
2017-03-22,-1.14835858326765,-1.8318348602494454,-2.6107944563018592
2017-03-23,0.803075535581475,-1.8988835764498038,-2.715351940847281
2017-03-24,1.0311937577485948,-1.825747687247533,-2.7212534467636615
2017-03-27,0.406848656581985,-1.8739394593069145,-2.6937699202111123
2017-03-28,0.77714738203488,-1.8686483454574423,-2.645077228740608
2017-03-29,0.9533607973694151,-1.855946573652853,-2.7262703689797525
2017-03-30,0.14001317726311502,-1.8372195984704138,-2.6425897922966315
2017-03-31,0.24337761455513499,-1.8582739472774015,-2.6902857972275487
2017-04-03,-0.70486816495347,-1.8353038745294308,-2.6435567974306777
2017-04-05,0.07030712868935995,-1.842812100896904,-2.5781339878472065
2017-04-06,-0.57957264175075,-1.8007223344856798,-2.574448761350033
2017-04-07,-1.49501073488351,-1.945652573821921,-2.770677035819282
2017-04-10,-1.4721931487380748,-1.866392942861078,-2.6506442263945544
2017-04-11,1.5980553475871702,-1.846183849368618,-2.7134806220092718
2017-04-12,-0.6562453318444399,-1.816177068294597,-2.5941470609739445
2017-04-13,-1.7303669608349799,-1.9438509480027646,-2.7233364171843064
2017-04-17,-0.633944050061015,-1.899503616816777,-2.700166553081815
2017-04-18,-0.05283065627535502,-1.8403987746164445,-2.5224550990083663
2017-04-19,-1.2755463758671401,-1.7967580957030238,-2.6523655278159186
2017-04-20,0.57052131296133,-1.9381865647658345,-2.665470799115943
2017-04-21,-0.6530404475811251,-1.8309771211169867,-2.645911793425293
2017-04-24,0.83155538833576,-1.8332577801093441,-2.6755472999209955
2017-04-25,0.15086433415611,-1.881542541202444,-2.6901246945599255
2017-04-26,-0.749193353884575,-1.8188745740409278,-2.5985875307298705
2017-04-27,-0.17599967883616485,-1.862802708416654,-2.616853240945605
2017-04-28,1.00511152595861,-1.9079692680979266,-2.7007163946909536
2017-05-02,-0.05265523781550496,-1.8481283440296503,-2.6622753816189526
2017-05-03,0.88956789847739,-1.9211599053720154,-2.764263771377814
2017-05-04,1.74994057537898,-1.836964188883602,-2.566133955449894
2017-05-05,-0.84159558824788,-1.8371789778975025,-2.6381069913167092
2017-05-08,1.316928778887925,-1.8757619330700444,-2.632521011249366
2017-05-09,-0.42587176495165996,-1.8183403745800955,-2.6002514379796713
2017-05-10,-0.50559441786664,-1.8796060177583522,-2.6187089036966817
2017-05-11,0.6398051371389749,-1.8365571985194844,-2.5399882120774264
2017-05-12,1.02238241512407,-1.8549446872011586,-2.489826109520271
2017-05-15,-0.07890229905553003,-1.8589436774836712,-2.5661923985904895
2017-05-16,1.18279435659184,-1.7894508806734362,-2.4615855378913456
2017-05-17,-0.09093755188444999,-1.8125859082076876,-2.5537531315786954
2017-05-18,-0.3022590812207401,-1.7865778155848444,-2.5624288901996635
2017-05-19,0.6286451254549,-1.833225664916565,-2.5539884309715872
2017-05-22,-2.0926573373856048,-1.8051986975920906,-2.5535378371812074
2017-05-23,-1.150898060464505,-2.094974669200422,-2.846741873812401
2017-05-24,-1.12728794109359,-2.0767888411150603,-2.8951050808777268
2017-05-25,2.683080033121255,-2.032776128388431,-2.876721723235131
2017-05-26,0.7915324462500801,-2.056135965618312,-2.9200912580946286
2017-05-29,-1.309990337231705,-2.0131653031485524,-2.7964181911835237
2017-05-30,1.404375711945835,-2.0242262460625375,-2.8156372692885854
2017-05-31,-1.065809953738595,-1.9540220998996314,-2.7443050612238866
2017-06-01,0.32297419218881,-1.9482635206338494,-2.7659187839418298
2017-06-02,-0.17009015903805,-1.9210030460480034,-2.720540115696108
2017-06-05,-0.5201145487625,-1.8732247607126176,-2.667937307754525
2017-06-06,1.071632005893415,-1.8499013387999659,-2.5862486351640115
2017-06-07,-0.36768230612600494,-1.7962354488610286,-2.554057941557532
2017-06-08,-0.589602160588105,-1.7585274738141559,-2.43506636893207
2017-06-09,-0.42073389363405,-1.8324394334452339,-2.552978788238431
2017-06-12,0.16969601774891996,-1.7726243619151225,-2.493918022133989
2017-06-13,-0.50821942575542,-1.8387840394160235,-2.5541444690724004
2017-06-14,0.10335711526741,-1.7919326521226666,-2.425260835119924
2017-06-15,-0.375401972550555,-1.781387701256574,-2.4221235991586227
2017-06-16,-0.28406678988336,-1.7411307958228561,-2.3939309766386216
2017-06-19,-0.05160046787166994,-1.671700244415695,-2.2950322188402184
2017-06-20,0.947207704860345,-1.6554239242463948,-2.32905370066925
2017-06-21,0.12710595987122,-1.7259621233011928,-2.4340798943445217
2017-06-22,0.445074230661195,-1.697229703509945,-2.3910132187904227
2017-06-23,-0.786676537836685,-1.678126192385838,-2.3728564344380865
2017-06-27,-2.50192678114811,-1.8085775505312784,-2.4872575570590496
2017-06-28,-0.71139690181572,-2.060510681657652,-2.7606238716807145
2017-06-29,-0.4231869711742551,-1.9590346416292101,-2.664932320669712
2017-06-30,0.5064918182185201,-1.9457724104107232,-2.6682700308043867
2017-07-03,1.0850555816448,-1.8311855901346583,-2.5190168037421508
2017-07-04,0.19782595514567003,-1.889766288144585,-2.567073986139287
2017-07-05,-0.24130476822139002,-1.777061247767097,-2.4377872440111057
2017-07-06,0.8918848755073299,-1.7872615709443795,-2.4228206081949537
2017-07-07,-0.77664078698217,-1.7588259928213106,-2.411023384869707
2017-07-10,2.107590955899975,-1.8346505398880135,-2.5520718322801574
2017-07-11,0.5955989470012449,-1.8137575111140287,-2.510114942287891
2017-07-12,0.56377360660999,-1.928606229082551,-2.6394094574345845
2017-07-13,0.431939966033315,-1.8116020244399038,-2.455445817202455
2017-07-14,0.234565790691385,-1.769605275254448,-2.4830071326295453
2017-07-17,0.85294768700377,-1.771755359468341,-2.458210971676344
2017-07-18,-0.26377697169587,-1.7103142202742019,-2.341587149570704
2017-07-19,0.10108065292230001,-1.7414161387492857,-2.3662675251838907
2017-07-20,-0.935745491299805,-1.7472272223784917,-2.4117588249554456
2017-07-21,0.494693378402905,-1.7518687909768056,-2.456461567428848
2017-07-24,1.19673117676263,-1.6961711269052753,-2.347923453755352
2017-07-25,0.428726385751595,-1.6751933975186277,-2.3694895727820304
2017-07-26,-0.04062742011310501,-1.6680105140605626,-2.2385403370945323
2017-07-27,-0.741281776689635,-1.650704198175053,-2.300177626226072
2017-07-28,1.4617234388036198,-1.6584470603623451,-2.3505764370588396
2017-07-31,2.88088218758909,-1.6441898660036882,-2.3001385936271204
2017-08-01,-0.8433044415171299,-1.8272269056531394,-2.4653132050329623
2017-08-02,-0.821149245545655,-1.8832069894769767,-2.5998653589174783
2017-08-03,-1.64842960805725,-1.8508899049134107,-2.534462811073535
2017-08-04,0.7631526930778,-1.97063876461234,-2.643347980222059
2017-08-07,0.17116777854695508,-1.8944055799986856,-2.5379770969458595
2017-08-08,-1.4557546725197,-1.8446443983423746,-2.5423197164241262
2017-08-09,0.06172821631365999,-1.9962089326558836,-2.7602670469666117
2017-08-10,-0.32483735051192497,-1.9394687589066886,-2.592120378991337
2017-08-11,-2.5422347476749647,-1.9736697248881363,-2.6701704079347564
2017-08-14,-0.66664082621673,-2.6526225554923206,-3.4060894374003703
2017-08-16,0.553568055708435,-2.328632814050896,-3.1265911460748694
2017-08-17,1.8884411381404602,-2.2076730729781935,-2.977077768340638
2017-08-18,-5.40877944841173,-2.2042114612754165,-2.925046966377943
2017-08-21,-3.5072358615684305,-2.4173841183700384,-3.3752939033155256
2017-08-22,-0.022364468848855013,-2.571836244301791,-3.558089314562001
2017-08-23,1.9065218977554999,-2.0138164629657704,-2.7849557276160293
2017-08-24,1.3045180733720299,-2.0306820052657484,-2.8229586728486558
2017-08-28,1.3872006632112452,-2.0098017000779156,-2.779690479709351
2017-08-29,-1.147613710332105,-2.1065402836872074,-3.0329007876237966
2017-08-30,-0.11541021000098999,-1.929060304234031,-2.649510077876528
2017-08-31,-0.42787251479381505,-1.8788176198008524,-2.536182820851555
2017-09-01,0.290503260443295,-1.8245267510745495,-2.5698610193328624
2017-09-04,-1.103127178871965,-1.7504849807750849,-2.467471323191713
2017-09-05,-0.12215553036043,-1.8383553679322775,-2.5702738502956843
2017-09-06,-0.7680748497163299,-1.7230507559554855,-2.39708302794117
2017-09-07,-0.0007226417793449996,-1.755594620583546,-2.5234568582466586
2017-09-08,-1.082828540177825,-1.7530990354486875,-2.4377708509817246
2017-09-11,-0.47425208478428504,-1.7198233009292747,-2.390800151340201
2017-09-12,0.762734701259155,-1.6833392822971327,-2.366873665610793
2017-09-13,-0.026106551305705,-1.666637434846598,-2.323360739967166
2017-09-14,0.63310413837591,-1.7021832745183323,-2.4014364598315834
2017-09-15,0.3854642266888699,-1.6701468551302452,-2.329789666702723
2017-09-18,-0.15622058105165001,-1.6997147633125655,-2.43210190607836
2017-09-19,-0.31013459778104,-1.6743139004087775,-2.3209181543651756
2017-09-20,0.44299228848573,-1.6717429095117697,-2.374409321379176
2017-09-21,-0.46068330090947496,-1.6554521479971247,-2.379826680710012
2017-09-22,-1.8762445376291401,-1.673280687388519,-2.3333276318012377
2017-09-25,-0.759945617425035,-1.866347453302901,-2.6285651005601047
2017-09-26,0.48901307508645503,-1.85444661895431,-2.5758658103751078
2017-09-27,-1.88125482998705,-1.7427237293033941,-2.4065753353194275
2017-09-28,0.21588280333255996,-2.062349530055719,-2.7818441356859847
2017-09-29,0.473874631166465,-1.9491519277409635,-2.7143660983962348
2017-10-03,-0.30241449512174,-1.8549624376159308,-2.570267274915049
2017-10-04,0.157544731087415,-1.8680777414608494,-2.542114286503411
2017-10-05,-0.12557327512560498,-1.7769214333944812,-2.4391499785665527
2017-10-06,1.951065401608925,-1.7559814021713007,-2.419574085796776
2017-10-09,0.22282257882960002,-1.8386199781530865,-2.6485413085742566
2017-10-10,0.640649228633875,-1.763595147151574,-2.4305632120847758
2017-10-11,-1.27677855067933,-1.7430627857490233,-2.434237030619551
2017-10-12,-0.292343679160195,-1.8432477264410245,-2.597748519442718
2017-10-13,0.329563997270975,-1.7451385101244654,-2.4250948143744475
2017-10-16,0.46624578740317,-1.7705573818110847,-2.4717337417600165
2017-10-17,-0.63351124702881,-1.7552235687624114,-2.4675711952287873
2017-10-18,-1.8269388219069103,-1.6788358393350782,-2.399348074783405
2017-10-19,-0.06510228677698501,-1.9830110468955249,-2.7379202438171277
2017-10-23,1.327212754011195,-1.890822357147915,-2.518667187219083
2017-10-24,1.002118477597925,-1.8163077746758494,-2.4894698175762406
2017-10-25,12.693319659879458,-1.9046668106446127,-2.7184577106892447
2017-10-26,-0.04170181307524001,-5.368110905388773,-7.230686251474522
2017-10-27,-1.549232184368515,-5.0716251764624,-6.723752541611277
2017-10-30,0.03344852557773001,-4.826057202572566,-6.36697120793597
2017-10-31,-1.50279211210895,-4.322486875605387,-5.713011177335722
2017-11-01,2.527290384593035,-4.023491569552424,-5.356053322560629
2017-11-02,-1.09157919638073,-3.685843271541917,-4.951284644208102
2017-11-03,1.8686454596149151,-3.5554134735165057,-4.812573783233878
2017-11-06,0.722133002220785,-3.289742392012956,-4.411647003622468
2017-11-07,-0.40381717956535534,-3.0564347519578425,-4.128464962355933
2017-11-08,-1.3883811232273051,-3.2739568142351527,-4.339682052732261
2017-11-09,0.78125590603807,-3.097240223144884,-4.073650008971143
2017-11-10,3.4617103520834798,-2.7784486403306383,-3.7960241580479073
2017-11-13,-0.903858300468545,-2.895012606530068,-3.9178456425528174
2017-11-14,-0.445300181030325,-2.884662877893668,-3.840947993247588
2017-11-15,-0.492468445999215,-2.6911844309098814,-3.5583159495536174
2017-11-16,3.170202184584645,-2.5170326879296696,-3.3500599292416946
2017-11-17,-0.27949194580123504,-2.640842917455133,-3.598225024992332
2017-11-20,-1.20961333401694,-2.363434784642101,-3.2679946675790634
2017-11-21,-0.058267950196234986,-2.33499187974985,-3.182518888710935
2017-11-22,0.7008500824834111,-2.1884713912288754,-2.9917596141059457
2017-11-23,1.222400078428955,-2.0837713275069603,-2.834342844073024
2017-11-24,0.53254180370167,-2.104590524788427,-2.8894078559465766
2017-11-27,-0.051265866432344986,-2.018875487043213,-2.742407639210772
2017-11-28,-1.25508588777477,-1.8922443537857891,-2.579831039891295
2017-11-29,-0.57072014027721,-1.9426153663261951,-2.6943016378380937
2017-11-30,-1.65391833344147,-1.83087994032957,-2.4971556430162534
2017-12-01,-2.094620279416085,-1.998608951569506,-2.733733483024659
2017-12-04,1.501422988214425,-2.196819213384629,-3.0233447112689826
2017-12-05,0.818558111122715,-2.010268498107725,-2.902033079650855
2017-12-06,-0.7597009886479099,-1.9262537248996425,-2.6514880892891783
2017-12-07,1.113512439622095,-1.982311946052895,-2.716597315261676
2017-12-08,-0.421811031941505,-1.89758843397097,-2.6597229984704307
2017-12-11,1.011163653581555,-1.9123547362094637,-2.6911036844565484
2017-12-12,0.26582127607552497,-1.8276074404234652,-2.520368550846454
2017-12-13,-1.15033835667584,-1.8889695734635912,-2.598676068798656
2017-12-14,0.575200037826365,-1.9243956091862737,-2.643194956740321
2017-12-15,0.201903240609135,-1.8890828767799392,-2.551638915220833
2017-12-18,0.7447528327274249,-1.8903178583805371,-2.5999912728846817
2017-12-19,-0.48515246021723507,-1.7769833445385528,-2.4218738660905137
2017-12-20,0.2282664904899,-1.808752620033146,-2.5306371643087995
2017-12-21,0.185993392809265,-1.8231172020732858,-2.568120371669833
2017-12-22,1.32622400252881,-1.77392682540567,-2.4674049467798667
2017-12-26,-0.6045891880983549,-1.8030643072783368,-2.4398757751114775
2017-12-27,-0.429146396656775,-1.7901238100964763,-2.4614537004539976
2017-12-28,-1.08330440623058,-1.7359761368853728,-2.337154432279924
2017-12-29,0.66663067563435,-1.8202818228916564,-2.5131286969931046
2018-01-01,-0.86332932656407,-1.7555536155723377,-2.420936844641307
2018-01-02,-0.8173929081179651,-1.8283700085974846,-2.5294923392055506
2018-01-03,-0.4755528671436601,-1.7854431630644996,-2.437805737597836
2018-01-04,0.6345311913663698,-1.762547514515852,-2.4135257494494415
2018-01-05,-0.5173904263078399,-1.7107106426368348,-2.421671298678217
2018-01-08,1.0844926373241548,-1.7817215096535561,-2.4124181721595677
2018-01-09,0.009266873595925013,-1.9069109620090843,-2.649622306085953
2018-01-10,-0.007944623681909957,-1.742564627682934,-2.400263839679814
2018-01-11,1.28902662758377,-1.7090995051034534,-2.39393064400496
2018-01-12,0.131273378411775,-1.8332359163528977,-2.5668300515033917
2018-01-15,0.182904591797675,-1.6951678396248702,-2.3631071958576997
2018-01-16,0.8149469828742697,-1.6668900444478947,-2.3219367683272467
2018-01-17,3.101177349108105,-2.0273688033943618,-2.8773855735418885
2018-01-18,-0.6047502716245301,-1.9720059494360023,-2.8086205356404523
2018-01-19,0.576756068303315,-1.8744418432385281,-2.566537496363733
2018-01-22,-0.16101156497635,-1.8902615399707197,-2.722203119112782
2018-01-23,3.02199582887384,-1.8359484241322395,-2.609294186593378
2018-01-24,2.1894010137318003,-2.0198818256512423,-2.9318081237107774
2018-01-25,-3.045825635147485,-2.019726331867282,-2.8049388295941875
2018-01-29,0.15008000488279996,-2.619562916705849,-3.5224864739594386
2018-01-30,-0.28872675851324997,-2.4034304701211604,-3.2687720674557803
2018-01-31,-0.9268565184019449,-2.2696505148187396,-3.0391554592411905
2018-02-01,-1.40887160811465,-2.2124369051043704,-2.9699073117362613
2018-02-02,-1.5009288181616,-2.19287207054043,-2.9917206991271987
2018-02-05,-0.10379078044834,-2.2601979101960565,-3.0467763745034637
2018-02-06,-2.4240396960623602,-2.130360652213064,-2.9685568553800894
2018-02-07,0.23826186846407,-2.2999376247709846,-3.0295973219511945
2018-02-08,2.57081395640505,-2.0703691777943236,-2.8221427002041355
2018-02-09,-1.9552931428116649,-2.181481847524831,-3.0990264214418275
2018-02-12,-1.594515695660235,-2.1709358911593064,-3.044660600987169
2018-02-14,-2.45129266305389,-2.216096315105958,-2.9893634797522464
2018-02-15,1.2054546969261999,-2.50991353274415,-3.4129270660775024
2018-02-16,-0.6745960250142149,-2.3733754228749806,-3.228529959415491
2018-02-19,-0.419454297501655,-2.471651579871095,-3.56327154169184
2018-02-20,0.442900411855995,-2.2924542110012247,-3.101326313264781
2018-02-21,1.129735946176445,-2.2086856792291876,-3.0180128448477954
2018-02-22,0.45014409639326,-2.144866903761348,-2.9278141798699533
2018-02-23,0.4086704530202301,-2.057726941529323,-2.857723777548575
2018-02-26,-1.033825076097405,-1.9994287810721398,-2.787242420540726
2018-02-27,-0.7569617983500151,-1.9949347878359363,-2.7660304542615797
2018-02-28,1.039069176986125,-2.0608027241932976,-2.882068957976618
2018-03-01,-1.61138710702002,-2.011988601987761,-2.7660841842429256
2018-03-05,0.047484357010335015,-2.110225893309775,-2.9178867622516718
2018-03-06,-1.5336797355721998,-1.9409253497071235,-2.737940905152974
2018-03-07,-2.28352290347203,-2.1345107994494716,-2.8957866363702944
2018-03-08,2.56185610422827,-2.374049439205699,-3.2467293657308183
2018-03-09,-0.40508040550543006,-2.3895830593133884,-3.312711505994969
2018-03-12,0.87240149579374,-2.3083002752608546,-3.1469551621367953
2018-03-13,0.28219583046598,-2.2824866018573293,-3.2108170257426654
2018-03-14,0.33235060821929,-2.128675023590327,-2.9067318324238935
2018-03-15,-0.5839921466107001,-2.000115750803788,-2.7224905727791477
2018-03-16,-0.726895485259115,-2.0639293538030126,-2.884428780004638
2018-03-19,-1.9543144888195552,-1.9784110112105606,-2.6868038913462096
2018-03-20,1.0015164114528,-2.103716966446316,-2.8883875914389607
2018-03-21,-0.094792316926435,-1.955309644367907,-2.7618116881830623
2018-03-22,-1.5838485001754499,-1.8904391546446773,-2.6020220023242193
2018-03-23,-1.14659297660538,-2.048020435761332,-2.7995037827861764
2018-03-26,1.899713004278135,-2.1628117052663915,-2.9215965560891264
2018-03-27,1.51334207995329,-2.3186772095627606,-3.094506818992105
2018-03-28,-1.853771273823865,-2.2096516823518906,-3.00453555518779
2018-04-02,-0.520199197886115,-2.2811751338938713,-3.1227691619810516
2018-04-03,1.0207891297135652,-2.1788969525389814,-2.98467171743017
2018-04-04,-1.360414576257,-2.139725602350602,-2.9688290314721897
2018-04-05,3.3970629502535203,-2.075857325528384,-2.8665464966453036
2018-04-06,-0.8264212390964251,-2.2690226464737444,-3.1455357353311655
2018-04-09,-0.52112278843452,-2.1920626571926043,-3.0073429283735114
2018-04-10,0.6024074216013751,-2.025421072245321,-2.7555885068558363
2018-04-11,-0.71627365238959,-1.9769152290511323,-2.6931774361481846
2018-04-12,1.0409180655682853,-1.9923437092506169,-2.7270882551361075
2018-04-13,-0.18546795671908,-2.170826625837531,-2.9434072176520556
2018-04-16,-2.04986111178563,-1.9787633167278118,-2.686731182505975
2018-04-17,-0.5252162704991901,-2.1525334356999584,-2.893061365825156
2018-04-18,-0.31039769015131996,-1.9513750349361791,-2.6406374705851725
2018-04-19,0.24455368644565,-1.8814505175228093,-2.553301570334472
2018-04-20,0.957452532190185,-1.8575843590573111,-2.5284500668274577
2018-04-23,0.649385803756935,-2.1369011058063707,-2.9371759007176106
2018-04-24,-1.800540170144,-1.8727646571422165,-2.5138659681016486
2018-04-25,-0.458901815322075,-1.9980465189856418,-2.713855896914459
2018-04-26,-0.16136824249235493,-1.9033240279055186,-2.566528472713694
2018-04-27,2.34637786457791,-1.9363489322182847,-2.62514524367402
2018-04-30,1.376778183805075,-1.9952217701554447,-2.7048319537267336
2018-05-02,-1.21019404388655,-2.012129421872599,-2.7216948677621557
2018-05-03,-0.42299700798406004,-2.0731476188088114,-2.7762337968510566
2018-05-04,-0.390812720601345,-2.0169540068579366,-2.708793178696801
2018-05-07,1.35173656330389,-1.9475611968639506,-2.678135942943213
2018-05-08,-0.028076360999715,-1.9025483851269236,-2.564267466397075
2018-05-09,-0.191176985254675,-1.9695703830073341,-2.697462236524238
2018-05-10,-0.12553425640815,-1.8331916773886094,-2.5232636700541407
2018-05-11,1.02449826563015,-1.8121626652144505,-2.5037705465153293
2018-05-14,1.005667753693875,-1.7789541143000376,-2.480265224777989
2018-05-15,-0.896258471953415,-1.8293214133287063,-2.547194639307182
2018-05-16,-1.1906939332705249,-1.9571669421060236,-2.615397173504137
2018-05-17,-0.37945401192673,-1.9823990288855386,-2.72064937389723
2018-05-18,-0.78682770562021,-1.9187279869492346,-2.6538569986814
2018-05-21,1.002138817417615,-1.907702146640001,-2.637243382139576
2018-05-22,2.5011284120366453,-1.8866410822722461,-2.5599064851763753
2018-05-23,1.422447067140215,-1.971072508105689,-2.6402637931299
2018-05-24,2.49740541511999,-2.0045413745182303,-2.766444921202224
2018-05-25,0.008576757697284998,-2.0117504791746694,-2.841812372239203
2018-05-28,0.377170655435375,-1.8903466282865717,-2.5540304512690666
2018-05-29,-1.350439546329945,-1.901008652262572,-2.5727328953808684
2018-05-30,0.33037700010022997,-2.0600707734694095,-2.8075488620025335
2018-05-31,1.2697810258251698,-2.008527614445703,-2.6979064375194506
2018-06-01,-0.9799718840968801,-2.0101174074180976,-2.6564767252778063
2018-06-04,0.05752042753108,-2.014946175182631,-2.7324510400640656
2018-06-05,-0.6495453915451801,-1.945557465109293,-2.6676952125380122
2018-06-06,1.911992844499565,-1.8771640127905067,-2.5668140898634983
2018-06-07,0.5098023178521001,-1.913638159105348,-2.6736884276977366
2018-06-08,0.91984301036941,-1.9069701758088977,-2.6024601947543164
2018-06-11,0.27598494025764503,-1.8623536663156866,-2.525649748903259
2018-06-12,1.4347285167552353,-1.8355419037083724,-2.526559927804691
2018-06-13,1.49350673627062,-1.863008220225352,-2.53975025919393
2018-06-14,-1.47969897349288,-1.8464600871504762,-2.492007768307108
2018-06-15,0.7287652994725152,-1.9065509698825813,-2.615148502686811
2018-06-18,-0.6516812281665151,-2.0968419981337965,-2.8637701074771678
2018-06-19,-1.801862776396045,-1.995232091855242,-2.756670921337724
2018-06-20,0.190627037725675,-1.9469157395883179,-2.6095090244924486
2018-06-21,-0.7214796103512351,-1.7923845582586913,-2.4705576424441777
2018-06-22,0.86440178354824,-1.8955375612176624,-2.5849769198918966
2018-06-25,0.1265846222214,-1.9196928027417266,-2.6301968435881546
2018-06-26,0.015773776201644968,-2.0094624674522956,-2.700063861291689
2018-06-27,-1.385430542965605,-1.8832545840516322,-2.5175323537196155
2018-06-28,-0.140378652129185,-2.0079881172787633,-2.64135331429306
2018-06-29,1.13287744164798,-2.027828786092795,-2.734139858705682
2018-07-02,0.9444790388686101,-1.9929882691995233,-2.656867447860768
2018-07-03,0.44713298802560497,-1.9935963717011371,-2.6753121121706034
2018-07-04,-0.32650010998839,-1.9226605015655254,-2.585279643455898
2018-07-05,-2.522692854850715,-1.8702631878864646,-2.5049687974560957
2018-07-06,0.15573235332468,-2.024607571870382,-2.7853908420691296
2018-07-09,1.4037833694192,-1.8091407604138925,-2.459781122833093
2018-07-10,0.516888398694515,-1.7866166123023055,-2.4193389181332043
2018-07-11,-0.16279286593982,-1.8136156182457353,-2.424690807965224
2018-07-12,-0.29874032479805,-1.8872890798262278,-2.5685128268281994
2018-07-13,-0.07806324029657496,-1.8605777100695362,-2.5212990382698854
2018-07-16,-0.6245147592248149,-1.8993562263243813,-2.565149449802171
2018-07-17,1.2729812569727,-2.040495882419363,-2.7405793373962006
2018-07-18,-0.105433325520675,-2.010808997299648,-2.685848302235041
2018-07-19,-0.09658760207267003,-1.961547316393225,-2.6318851525122033
2018-07-20,1.427559344253665,-1.8987718159860327,-2.5980237894633667
2018-07-23,1.20914820913381,-1.9203918539153915,-2.5853429429188663
2018-07-24,0.8694621625151651,-1.8526222807405353,-2.5320095270448832
2018-07-25,1.16726463633765,-1.793177925186422,-2.4850277872997117
2018-07-26,2.452525999729525,-1.8706769924410793,-2.515807746424869
2018-07-27,-0.158091959029315,-2.003056299739904,-2.7371561260652206
2018-07-30,0.9993147045216451,-1.940105236667487,-2.61349951734127
2018-07-31,-0.14088802013642998,-2.006999998106875,-2.6664884089632563
2018-08-01,-0.13454522808647007,-2.0084469780406886,-2.6461753908015173
2018-08-02,-0.21850423975399502,-1.9684996686850074,-2.604909040997737
2018-08-03,1.28650487512678,-1.9180456920474105,-2.539876505836927
2018-08-06,1.39550444449377,-1.917022063946769,-2.5569558953760234
2018-08-07,-0.4589453984389001,-1.8605765680786197,-2.5112673622644106
2018-08-08,0.568472209758765,-1.9208670532785355,-2.647337560141541
2018-08-09,2.01676934449151,-1.8181906092165798,-2.465371540257589
2018-08-10,-1.8839132136459997,-1.9426271623741453,-2.641350418240745
2018-08-13,-0.8869687818792349,-2.2196652999384,-3.0173073365125394
2018-08-14,0.111359985025335,-2.431025287518378,-3.2678151612366184
2018-08-16,0.37441127740727004,-2.321916719742476,-3.1398067271407033
2018-08-17,1.608444539907155,-2.2855920020879363,-3.0425615970348265
2018-08-20,-0.7277872132273749,-2.1508103820830544,-2.8977532045605603
2018-08-21,-0.11658899612790499,-2.152684402427056,-2.925544221143953
2018-08-23,-0.2629996744425199,-2.0743210127567946,-2.7587608379234245
2018-08-24,-1.01985741766521,-2.0675909956798213,-2.8031430236397097
2018-08-27,2.56899176313855,-2.0868650322618927,-2.8614768530372583
2018-08-28,-0.10461725567277502,-2.0986576528869394,-2.80151830262598
2018-08-29,0.19225636915175015,-1.919783688193321,-2.575791394475153
2018-08-30,0.03790851751575999,-1.9049440633289205,-2.617612642983044
2018-08-31,1.03323222337771,-1.8406588538183022,-2.4478077941471783
2018-09-03,-0.765882498389735,-1.8789262228590142,-2.551871775301237
2018-09-04,-0.27383425015086504,-1.769700330341622,-2.4094096030590006
2018-09-05,-0.46889938274357007,-2.1050002794303264,-2.806953678102851
2018-09-06,-0.20560080346379497,-2.0252110638637126,-2.7503439378940087
2018-09-07,-0.429213376712225,-1.9562043662752708,-2.627934136281473
2018-09-10,-1.3128097033947201,-1.9201923679025552,-2.6126201004038556
2018-09-11,-0.16104613425641995,-2.084304836337131,-2.823279124510389
2018-09-12,1.0576233451429298,-2.0037368064520185,-2.7105224938644383
2018-09-14,0.30587498748921493,-1.9587294509115385,-2.620906549403083
2018-09-17,-1.45988369536945,-1.9294880866268553,-2.6635884678913944
2018-09-18,-2.53120286952464,-1.9693544495449276,-2.701739783596566
2018-09-19,-0.376621762118555,-2.248341714511791,-3.019754310024966
2018-09-21,-1.180042791397355,-2.2336585120312087,-2.9859981879322115
2018-09-24,-0.25867525815624004,-2.1650955405832875,-2.908294228409496
2018-09-25,1.77419421472968,-2.243784410353394,-2.9821581666399393
2018-09-26,-1.8967126074399798,-2.180951429336302,-2.8799514045686494
2018-09-27,0.76521346777265,-2.1600570527009473,-2.9793724160010306
2018-09-28,0.38912371187347,-2.132899782645727,-2.8973265688920917
2018-10-01,2.672456837747145,-1.9707973808886101,-2.719587956993003
2018-10-03,-1.624536368757045,-2.064045100089625,-2.8356753606544953
2018-10-04,-1.54815895684216,-2.0325719011663432,-2.7539717583275105
2018-10-05,-1.239408184249655,-2.037054578953307,-2.781563683212616
2018-10-08,0.7067089135146251,-2.4784503384674945,-3.4204518288475385
2018-10-09,-0.29918582095599505,-2.3018645090976264,-3.190727781300663
2018-10-10,1.679711106101705,-2.2855394778314997,-3.1333992126771277
2018-10-11,-5.0248872247655445,-2.510831645410321,-3.3632277016493273
2018-10-12,0.707306857972945,-3.0135273781092047,-4.20785779866294
2018-10-15,1.347538169384945,-2.838592777321258,-3.751653733088803
2018-10-16,1.076252019639075,-2.6738684845152805,-3.812792971295209
2018-10-17,-1.00074065623804,-2.6131906803478726,-3.5490702899594297
2018-10-19,-1.57928245078825,-2.6992620606664426,-3.6673314352299364
2018-10-22,-0.40786013432330004,-2.620103179342739,-3.6696409540201493
2018-10-23,-2.5820049350492598,-2.284490396730164,-3.214250262996661
2018-10-24,-0.586835952915135,-2.5093973700426964,-3.3758330116629005
2018-10-25,-0.7565762486869649,-2.2885357088483373,-3.2067645741747164
2018-10-26,-1.4728604502436051,-2.2770678972166367,-3.172956361512835
2018-10-29,4.711340182163389,-2.293581296043694,-3.2346721313700417
2018-10-30,2.108911223014685,-2.538620279884891,-3.4794483164734658
2018-10-31,3.479157258959455,-2.503714259684497,-3.4942792490011234
2018-11-01,-0.6627804213038999,-2.5983930340050168,-3.509898545757677
2018-11-02,-0.43112745112327,-2.4329067417488384,-3.248236641970701
2018-11-05,1.936803415701375,-2.1596784371087923,-2.957094196376023
2018-11-06,-1.428343644300075,-2.1909147163478315,-3.021988286964743
2018-11-07,0.69185165198829,-2.2076454380194557,-3.1358530636944035
2018-11-09,-1.77769006157696,-2.203529602414233,-3.1114191143503276
2018-11-12,-0.58938490318133,-2.2048935072956923,-3.104712420882367
2018-11-13,0.13077042371022002,-2.149477499609423,-3.1109574608647845
2018-11-14,0.0404196107754049,-2.0767653173747282,-2.811995688662346
2018-11-15,0.56068579182811,-2.1276929495589223,-2.9758284289698955
2018-11-16,0.5298295721372701,-2.0031291751557685,-2.8523698159487476
2018-11-19,-0.40965055707160003,-1.9991447609779331,-2.707616386843334
2018-11-20,-1.618820712716615,-1.9199812158407235,-2.670977441379022
2018-11-21,-1.1382899532231248,-1.977124226387359,-2.7702088214158147
2018-11-22,-0.630431571885355,-2.0826970907901443,-2.931324877974158
2018-11-26,0.70650979902429,-1.9389168095293792,-2.6874502533201348
2018-11-27,1.905634464248555,-1.9682215127296474,-2.6558634793597307
2018-11-28,1.2620821679245249,-2.066920154816623,-2.8382103414642588
2018-11-29,-0.07901955786714998,-2.3720755129259445,-3.317905462413575
2018-11-30,0.17530670929556502,-1.9352552121129254,-2.6724788583146943
2018-12-03,0.592991847011185,-1.850293227649515,-2.5761588667393522
2018-12-04,0.35271660697249496,-1.8341635922612123,-2.5588961422810925
2018-12-05,-0.7082092579999051,-1.9344689152412717,-2.7607246014341458
2018-12-06,-1.7653316037723048,-1.816677304442146,-2.493429580122018
2018-12-07,1.0129061458637398,-1.9181651669275093,-2.6686826423663885
2018-12-10,-1.22427137878211,-1.9993940204160923,-2.78184589931755
2018-12-11,1.6637370355812449,-1.837265636636031,-2.5225010393552667
2018-12-12,1.001737104802055,-1.864112305715988,-2.5671475344219257
2018-12-13,2.0518435520608653,-1.8403343407466077,-2.5660641025571755
2018-12-14,0.625851974155375,-2.0695549453610402,-2.867014948615486
2018-12-17,-0.780050656446395,-1.804117850767158,-2.5625004009322714
2018-12-18,-0.7402127012733899,-1.7905415204951456,-2.48710576783212
2018-12-19,0.46375328156683004,-1.8656180068966002,-2.5833540315368646
2018-12-20,-0.95297562142066,-1.8646437365823239,-2.5410238625945794
2018-12-21,-1.9547083466412951,-1.9306106670021124,-2.6318148907126813
2018-12-24,0.412772254487605,-1.9994298961007555,-2.7934280641606968
2018-12-26,-0.19550119657439,-1.8554065788308494,-2.5406044783241986
2018-12-27,0.6390598706066151,-1.8414886298377924,-2.5476493676390572
2018-12-28,0.46288784119164506,-1.8664582230529438,-2.585568084239059
2018-12-31,0.33821880884362,-1.8105098862797933,-2.491380053436481
2019-01-01,1.08206038123737,-1.7855220382406152,-2.444757380745219
2019-01-02,-0.660615022947135,-1.7730467343671872,-2.4618464834271925
2019-01-03,-0.47115747140936504,-1.8447801268681705,-2.5807670378893692
2019-01-04,0.5036317840715598,-1.8459970822297442,-2.5208302627441115
2019-01-07,0.5718269125292251,-1.8120946117934793,-2.4375957002793838
2019-01-08,1.37315034635167,-1.9071139675132005,-2.621142249850015
2019-01-09,0.44943233780625,-1.910510306782576,-2.6634769862761902
2019-01-10,0.30645053561367,-1.8811122364854391,-2.5966444594321128
2019-01-11,-0.18154067201414498,-1.7309220651949322,-2.384569393676752
2019-01-14,0.93859429961993,-1.7959672794376793,-2.463210409795517
2019-01-15,1.9368816087125251,-1.9462860626541993,-2.6593417626417355
2019-01-16,0.945033674976135,-2.1011776523965673,-2.9621496815881465
2019-01-17,-1.19216132110391,-1.826011607946027,-2.4385630627397714
2019-01-18,-0.5774944163250201,-1.8112820665400375,-2.4261268672540957
2019-01-21,0.526344000542185,-1.7783306081832204,-2.491010584170929
2019-01-22,-0.354075315067845,-1.8773750327077845,-2.5957337671175864
2019-01-23,-1.55161496802665,-1.8037625044168977,-2.4441446092336387
2019-01-24,0.541630001082455,-1.824049861357721,-2.4937496225412032
2019-01-25,-0.57496255089082,-1.7724446067997341,-2.4054203461538526
2019-01-28,-0.83477309866537,-1.745284041373306,-2.3615633444754995
2019-01-29,-0.18131189827367347,-1.8062929736517184,-2.464724128686696
2019-01-30,1.068377108126785,-1.755267109332467,-2.4168729825562774
2019-01-31,2.6700244804833497,-1.7626260126293862,-2.407958257769404
2019-02-01,-1.1025374515265152,-2.115239248315751,-2.838618920286962
2019-02-04,-0.155176582417725,-2.0197048276357186,-2.753585980634979
2019-02-05,0.053582554633575,-1.9286311012648667,-2.6147901319067492
2019-02-06,1.323582564184055,-1.9273858462181581,-2.672213691556669
2019-02-07,-0.24040051461766498,-1.8551389689506887,-2.546171432696433
2019-02-08,-0.44745177229887,-1.8465465831098797,-2.561504454349564
2019-02-11,-0.8462010864157,-1.8125020160732317,-2.4341317805579243
2019-02-12,-1.73360135734594,-1.8359625023850488,-2.443404062645059
2019-02-14,-2.227838790632365,-1.9663242947436783,-2.6107527597276023
2019-02-15,-0.6547489282397699,-2.058013664279226,-2.7803526430986696
2019-02-18,-0.63442331338469,-2.114159287242663,-2.7930695848294027
2019-02-19,-0.57889877013255,-1.9659146674225676,-2.683789281317836
2019-02-20,2.02416822893237,-2.0235943852828076,-2.754107711868163
2019-02-21,-0.43581842979569,-2.1352979931730096,-2.890816351490485
2019-02-22,0.649510881894145,-1.9114179965804359,-2.566617214883068
2019-02-25,1.1912910138976849,-1.826784645467772,-2.517779221983461
2019-02-26,-1.536414389758105,-2.0651588444164806,-2.8104295784099302
2019-02-27,-0.24717477677761993,-1.8009470868024824,-2.4879850948509357
2019-02-28,0.19620677519369498,-1.7793913186978054,-2.3791982993111978
2019-03-01,1.23440954132545,-1.8399976732336685,-2.4621044660694356
2019-03-05,-0.00048307211936993166,-1.8409142925377042,-2.4513962798575277
2019-03-06,0.297541168310055,-1.7713606198002088,-2.3859915403443073
2019-03-07,-0.004206859042344968,-1.7213178323965441,-2.3406876052396655
2019-03-08,-0.8362178398955751,-1.7486618336893873,-2.3178408437922493
2019-03-11,1.004470408285345,-1.7283866787572026,-2.3299566154106777
2019-03-12,-0.381572866176825,-1.814781667610518,-2.3785022408922183
2019-03-13,1.18351495558822,-1.7400752523968945,-2.343743977275444
2019-03-14,-0.220716570873965,-1.7547646710708178,-2.3874745155030035
2019-03-15,1.8160259976595552,-1.7771009991521027,-2.401463384078229
2019-03-18,-0.49234652751103497,-1.8479839466076253,-2.4849792644431394
2019-03-19,1.5222850050045151,-1.7691790743019844,-2.37889068584653
2019-03-20,1.2665555481931248,-1.814883078349636,-2.4499091937900377
2019-03-22,-0.675414884833675,-1.8858637136542205,-2.5552952836718754
2019-03-25,-1.21507325934118,-1.817312396819263,-2.4616752402171023
2019-03-26,1.0774550086577248,-1.8377051719979864,-2.4422452382726716
2019-03-27,0.9993925520703899,-1.9023500653102565,-2.5594000667846766
2019-03-28,2.1768284577125145,-1.8521606813194014,-2.447016736263552
2019-04-01,1.743219441728685,-2.0194107958075325,-2.6878444936008288
2019-04-02,1.242909518747335,-2.070883141088982,-2.7699583214300914
2019-04-03,-1.712037235680555,-1.8574816754650254,-2.4748922455938205
2019-04-04,-0.15731774839818502,-2.0670001097998947,-2.739647418281073
2019-04-05,0.012853547860265047,-1.955884740759363,-2.617271902305907
2019-04-08,-0.15398915170485994,-2.042084987867846,-2.7255923621694036
2019-04-09,-0.12451851909967998,-1.9842098456550814,-2.6320817625961634
2019-04-10,-1.137410301540495,-1.896133525944153,-2.5584145982887168
2019-04-11,-0.029540122907020017,-1.8473075393315068,-2.4416415473656823
2019-04-12,0.39439071510026996,-1.844323760639391,-2.46146182693425
2019-04-15,-1.3172698209391551,-1.8591383901933238,-2.41938958508554
2019-04-16,-0.21046621616479497,-1.8255062727391065,-2.464191233666608
2019-04-18,-1.27926067460977,-1.7676457486172725,-2.3686034296460723
2019-04-22,0.15735143141054003,-1.7903026459964768,-2.430967708038953
2019-04-23,-0.286765211690295,-1.7508822258063816,-2.372875344653451
2019-04-24,1.456153311412865,-1.8221711537558185,-2.448236692938249
2019-04-25,-1.276756857730805,-1.822288781997938,-2.4193745560359576
2019-04-26,1.6626689770454002,-1.8089305327989047,-2.4280026496434304
2019-04-30,0.48672538071393,-1.890977829809798,-2.5075018738521386
2019-05-02,-1.6778101203094,-1.9021109196051031,-2.5274710426671425
2019-05-03,-0.19576577159194003,-1.846579921195138,-2.493420349088957
2019-05-06,-0.5626365867562699,-1.7358944139271275,-2.280342106621998
2019-05-07,-0.11107608951266501,-1.7074119084171089,-2.3119077392601426
2019-05-08,-1.55284622028158,-1.8038366914926027,-2.4037413031198223
2019-05-09,0.29374271030048,-1.8505087877193949,-2.4581353835228175
2019-05-10,1.148697269329205,-1.7599692841138186,-2.390811513203126
2019-05-13,0.011393783324310014,-1.8819196172885686,-2.5392007794124485
2019-05-14,0.8388480218632401,-1.8707563098419788,-2.4910393300312843
2019-05-15,-0.24950781466056998,-1.8852365105821949,-2.528564440134639
2019-05-16,1.7544630244111499,-1.8202490992172489,-2.4023001081441997
2019-05-17,-0.08025508878077503,-1.9441102259412018,-2.629875058467548
2019-05-20,3.731288369411225,-1.7744604318417803,-2.349151291411261
2019-05-21,-1.9630577489852699,-2.3591316331016476,-3.112709710039058
2019-05-22,0.554811443553795,-2.3610643493972865,-3.0797867421855925
2019-05-23,-0.45569078172513505,-2.312112882393569,-3.017088681971629
2019-05-24,2.463322360975605,-2.162303519945862,-2.848831783874189
2019-05-27,0.8079754002569199,-2.2200368142159324,-2.9356215839778588
2019-05-28,1.16402946465206,-2.181022053132168,-2.8747776357344517
2019-05-29,-1.6293043669835852,-2.277649394689732,-3.011827350490325
2019-05-30,1.0912717327178099,-2.19319397667258,-2.9168923262435027
2019-05-31,0.13675282572632497,-2.216167188923274,-2.8706673653071295
2019-06-03,0.8821786287701,-2.043647794946579,-2.6875193281532903
2019-06-04,-1.0626811197136599,-1.9877090580324448,-2.6591898469049666
2019-06-06,-2.22864126330951,-1.9833257093654182,-2.6389377351699914
2019-06-07,0.9958771062433349,-2.237541148547354,-2.947273301033506
2019-06-10,1.292604930648595,-2.2328245064342274,-2.901089624950118
2019-06-11,0.49779409327630997,-2.2173360684476107,-2.923998105150641
2019-06-12,-0.521465687791005,-2.017041418717173,-2.6692211223524724
2019-06-13,0.318308650711025,-1.9582329413524369,-2.6494316629319985
2019-06-14,-0.5394836002389101,-1.9280602038382757,-2.5500089967103787
2019-06-17,-0.866143224554035,-1.8644340392070362,-2.459457101632005
2019-06-18,0.968538450143035,-1.847908059589348,-2.447953872016905
2019-06-19,-0.06025610005738999,-1.8955732240312266,-2.5433014418272544
2019-06-20,1.12018097177638,-1.8107497227373581,-2.3819157047928154
2019-06-21,0.29963436489140005,-1.8707361835140672,-2.467382324932446
2019-06-24,0.22663907813418005,-1.749353694289411,-2.3330858669790104
2019-06-25,0.6460644939055851,-1.7123481786089862,-2.31212787570761
2019-06-26,-0.37453668730873996,-1.7527610446777575,-2.33986763054551
2019-06-27,-0.033220314716620014,-1.7340437247323486,-2.28099659293271
2019-06-28,-0.025263377449385005,-1.733792707313902,-2.3433929996492866
2019-07-01,-0.006329865132339997,-1.634252491412473,-2.207528923258096
2019-07-02,0.997635123180955,-1.615887268197057,-2.156971427403641
2019-07-03,-0.36549652489764994,-1.6813004908969102,-2.2783136405490767
2019-07-04,0.341031562814035,-1.6327521737937598,-2.2199757644225673
2019-07-05,-0.6479860513092053,-1.5810801718551686,-2.1222933370007695
2019-07-08,-2.142660501101685,-1.6449121899079444,-2.236949830447729
2019-07-09,0.44105178298376996,-2.0342262983601613,-2.721586040683233
2019-07-10,-0.62046822226189,-1.9766372593396455,-2.6566332503999024
2019-07-11,1.549987822843415,-1.9832414105303406,-2.6719217833895885
2019-07-12,0.41754568571796497,-1.9924715756475049,-2.6237512796641345
2019-07-15,3.0033035542721596,-1.9107540000349559,-2.56748371751591
2019-07-16,0.94521844884851,-2.9000330680261825,-3.985476065930463
2019-07-17,1.681677515870995,-1.8403936032904828,-2.4725266155718364
2019-07-18,-1.280215163066395,-1.935443911301286,-2.543905098197708
2019-07-19,-1.5256317216390451,-1.8978010254085769,-2.605022756284877
2019-07-22,-0.7923048935433099,-1.9693033944530693,-2.6052109724308674
2019-07-23,-0.8893097611182952,-1.9396961346551231,-2.6225007004540504
2019-07-24,-0.619246768550465,-2.0321176878157803,-2.6921057620011863
2019-07-25,0.7683979348023351,-2.018709439906014,-2.6521114680756184
2019-07-26,-0.28413848476752995,-1.930793225174773,-2.57132100628706
2019-07-29,0.456738145982625,-1.8604640751221504,-2.4849429435028414
2019-07-30,-2.34206519392362,-1.7899815513016895,-2.34744415799152
2019-07-31,0.764721368974645,-2.3374674325327893,-3.125393933720524
2019-08-01,-3.905452599183465,-2.2353586115067174,-3.0150650372659253
2019-08-02,-0.9537114053549248,-2.628000838617557,-3.55332207552419
2019-08-05,-1.2763512905879348,-2.6674867642739706,-3.6357505651720703
2019-08-06,0.046089920482275004,-2.600315626461882,-3.448500530709706
2019-08-07,-1.83870350647926,-2.3909999645357574,-3.166815816869306
2019-08-08,1.570078451078555,-2.5769441662085986,-3.4568768528541187
2019-08-09,-0.44252937857807495,-2.494812469947393,-3.3580215469743306
2019-08-13,-3.006811221726405,-2.3580481361007792,-3.2026870125493705
2019-08-14,1.76956509123997,-2.4498121744652805,-3.476008496878759
2019-08-16,0.18191843783429998,-2.3618620882919648,-3.3531785185708647
2019-08-19,-0.5012838784584099,-2.2298449924146504,-2.937196327448409
2019-08-20,0.40946793905780987,-2.153098845025367,-2.9299089627849417
2019-08-21,-0.7020348781559399,-2.2276337381299873,-2.979691633844592
2019-08-22,-1.8562611032906902,-2.15715020206356,-2.9013322030596873
2019-08-23,0.8793178512861399,-2.2868185542514152,-3.183254956784115
2019-08-26,1.67259937782328,-2.1703216266544123,-2.9728967921018548
2019-08-27,-0.15588751606496498,-2.1773458143314657,-3.049353019390649
2019-08-28,0.984494570829135,-2.1630492247389386,-3.047612752352551
2019-08-29,-1.58285243770289,-2.204153819638662,-3.0454829976220466
2019-08-30,0.371649636983035,-2.2788745909144614,-3.0402905646170013
2019-09-03,-1.045013184525725,-2.2312975080408526,-2.9350889839877543
2019-09-04,1.6638838401495248,-2.1384314356774925,-2.8730220826636343
2019-09-05,0.44199179709933495,-2.2270155377022434,-2.994063709941501
2019-09-06,0.48314980764145,-2.1308356202393193,-2.910255418921395
2019-09-09,0.07178274076594504,-2.0241491995364287,-2.813572235127517
2019-09-11,0.7415098481988801,-1.9879799882609177,-2.7842392630082395
2019-09-12,0.08844268545102998,-2.0228197354595547,-2.8046714884701216
2019-09-13,1.5873600147418148,-1.8542079175970339,-2.4954925145917004
2019-09-16,-1.3110673741603,-1.9293203711791018,-2.546503961495275
2019-09-17,-1.71052125444416,-1.9387321884903521,-2.590701016425931
2019-09-18,1.07929760173378,-2.2059505167399385,-2.866313630035955
2019-09-19,-1.69970748700191,-2.1394655457467713,-2.755444661265638
2019-09-20,3.8403624807284347,-2.195347946604671,-2.9470347192280704
2019-09-23,-0.6326448572596599,-2.835553771364123,-3.71798976899212
2019-09-24,0.09678875695554523,-3.227491037093267,-4.170694639812448
2019-09-25,-3.924708646023075,-3.110539261877674,-4.057320529969863
2019-09-26,-0.356568886460345,-3.6165773427914707,-4.709285282596744
2019-09-27,-0.13779027489723,-3.396635207657907,-4.353873421160346
2019-09-30,-0.40734968101243996,-3.0365792713109157,-3.9358091645409288
2019-10-01,-3.5765601377377205,-3.28476821059896,-4.275444449478193
2019-10-03,-0.856320099271535,-3.395577488365962,-4.3953319168431015
2019-10-04,-0.33603615884867993,-3.104157361485461,-4.044725352108488
2019-10-07,-0.4167006768957,-2.967089273783119,-3.8548052193104203
2019-10-09,1.9486883662732302,-2.683846015767429,-3.4784082828978207
2019-10-10,-1.35850274649082,-2.7361196889308492,-3.5898396413155105
2019-10-11,2.0659360565381997,-2.728416886819615,-3.5706536890825036
2019-10-14,-1.616477093530365,-2.9082578492837055,-3.8263474700940634
2019-10-15,-0.56139610487049,-2.6260139676712355,-3.4819557932389475
2019-10-16,-0.26189700823341,-2.391503914463673,-3.1526971505747325
2019-10-17,1.6761501133701402,-2.2004675748236093,-2.9006407711572755
2019-10-18,0.6775747929911801,-2.3162063426912645,-3.0085477464520336
2019-10-22,-8.148689063486291,-2.2003858922453334,-2.8744758693900114
2019-10-23,2.07690771220448,-5.0888017507359145,-7.849245248791613
2019-10-24,-3.5937029352229946,-2.1531879783245764,-2.9519140715809424
2019-10-25,3.66793598916552,-2.427467781250032,-3.3152012637096817
2019-10-27,0.9306605343833101,-2.7797284869444256,-3.7009621008853775
2019-10-29,-0.06593447165028998,-2.6686674828511463,-3.5047596094855744
2019-10-30,2.38020905389092,-2.4943126582316606,-3.3398337953145347
2019-10-31,5.594704944444224,-2.5306503639194595,-3.311120533049575
2019-11-01,0.351184622608625,-3.0795071279768593,-4.150720236291585
2019-11-04,1.630061698152595,-2.6697647336950436,-3.4547228108930774
2019-11-05,-0.14462220124380998,-2.653971314483394,-3.586198844674978
2019-11-06,0.8911758312995699,-2.485671150636708,-3.3948121772617585
2019-11-07,0.6389151350542499,-2.427549657366482,-3.308417605340476
2019-11-08,-1.175730500216855,-2.2970611979508844,-3.131865737393428
2019-11-11,0.08927117312801502,-2.1684438586007952,-2.902259025315796
2019-11-13,-2.767068391013035,-2.0831008351354763,-2.8753718711407235
2019-11-14,0.8683030101777749,-2.364125183024846,-3.288814985601185
2019-11-15,2.4334373763104002,-2.2443132557659418,-3.051201911087911
2019-11-18,0.58685565454473,-2.373718838572335,-3.1611638719242436
2019-11-19,1.3480365257797948,-2.30572562873547,-3.0853902907042365
2019-11-20,-0.232193188623645,-2.1786177419430426,-2.9562795023466504
2019-11-21,0.403805363801095,-2.0430217227306033,-2.8348587386268256
2019-11-22,-1.735965485968955,-2.005494904438114,-2.6677003463030817
2019-11-25,1.3741608347018202,-2.038967896412759,-2.8408451755830892
2019-11-26,-0.6294196010318149,-2.034959525117362,-2.8104535882262724
2019-11-27,1.557009691913515,-1.8802533356025208,-2.6001209486274672
2019-11-28,1.26639199349412,-1.909159332235717,-2.615374303140544
2019-11-29,-1.471314193711,-1.9699189729699702,-2.7260668484787773
2019-12-02,-0.755162700340245,-1.9088688403240655,-2.6363950179700884
2019-12-03,0.07269805086419495,-1.884742412381604,-2.5704509870611054
2019-12-04,1.57202931499403,-1.9156928337614834,-2.621811792154927
2019-12-05,-0.41183305899329997,-1.8975044423759628,-2.5637524046624662
2019-12-06,-2.4517837051224896,-1.8530911724763013,-2.485012620248526
2019-12-09,-0.3681958144857,-2.3385777748204806,-3.13732817784843
2019-12-10,-0.7123049709492549,-2.262058024829184,-3.0312701048371045
2019-12-11,0.35695001820771,-2.1478245965030776,-2.9186350176109452
2019-12-12,0.09444680438210007,-2.0768359421848723,-2.8964772745562115
2019-12-13,2.28615991904783,-2.114706735248721,-3.0041893845880994
2019-12-16,0.08406724821649,-2.1868127925243144,-2.9885445543978357
2019-12-17,1.245483117708475,-2.059789118146303,-2.7754336403865825
2019-12-18,-0.713669111228465,-2.039596162331731,-2.8173340888581904
2019-12-19,0.07384634269780499,-2.037804856797063,-2.7603534607681963
2019-12-20,1.504427214790485,-1.969022349516113,-2.681720469569168
2019-12-23,-0.5099313280876849,-1.956348948921441,-2.6265603076167
2019-12-24,-0.320030029601325,-1.9197499417379815,-2.6370322662905674
2019-12-26,-0.546272130312315,-1.8856859430607642,-2.5431435953787234
2019-12-27,1.6550814281374797,-1.8622559638537648,-2.5330652245834333
2019-12-30,-0.699872479325085,-1.8888230062954108,-2.6440231276028388
2019-12-31,-0.21681651625957,-1.8555023394980397,-2.5402518141269272
2020-01-01,0.49305078939068,-1.76513732967231,-2.4626675461018364
2020-01-02,0.573741378479105,-1.7433325896417784,-2.4127626146161716
2020-01-03,-0.06893544368581006,-1.7146532002078612,-2.387074507006272
2020-01-06,-2.7340936648355747,-1.8296055059012952,-2.590161734545987
2020-01-07,-0.840705325536345,-2.218025206446672,-2.992974796610554
2020-01-08,-0.45140654779012,-2.105119440973805,-2.848379334150347
2020-01-09,2.246870455987425,-1.9565631317764929,-2.7496246132929185
2020-01-10,1.03267408439493,-2.1696828776332895,-2.93086756069779
2020-01-13,2.11591323150483,-1.9859864458820777,-2.702651309730212
2020-01-14,-0.28189657804566504,-2.1199178308618563,-2.90676324942685
2020-01-15,-1.099834496299755,-1.9748355983753554,-2.7288442506368034
2020-01-16,-0.18254495009691,-1.9579106585793942,-2.7210838536942776
2020-01-17,-0.7710881620842,-1.8947395791619512,-2.6353064757596925
2020-01-20,-0.593858018003885,-1.952593489514029,-2.652936148859755
2020-01-21,-0.43644791189029,-1.8970383012423246,-2.581398586964734
2020-01-22,0.89136437183987,-1.8197464814993507,-2.4934528235197257
2020-01-23,2.01298806157239,-1.809471100026795,-2.4781342061693477
2020-01-24,0.029227290085369978,-1.9671407005276282,-2.745737347331493
2020-01-27,-1.5240633286336949,-1.76380807663579,-2.4301492651586867
2020-01-28,-0.18066141179814502,-1.8646274503786775,-2.67859759565752
2020-01-29,0.9600812461180099,-1.8463063752455735,-2.562980990775053
2020-01-30,-1.4899715778860951,-1.8693199696104188,-2.646125272253499
2020-01-31,0.9267342323667249,-1.8488982122140873,-2.5653347193716938
2020-02-03,-3.8558136610569402,-1.8599582596352477,-2.706989635266551
2020-02-04,2.6635973362179204,-2.1144027927887232,-3.050208491728426
2020-02-05,0.559689264207705,-2.276119605875884,-3.3626359716037433
2020-02-06,0.8817752443652151,-2.295729952258631,-3.2373439680637404
2020-02-07,0.16630082555665004,-2.3924012607524707,-3.2527168301201193
2020-02-10,-0.585212185499745,-2.2855199178333185,-3.140264549066139
2020-02-11,0.93265676521866,-2.059213585321919,-2.9494724412044717
2020-02-12,-0.16141933262417507,-2.1504082247610725,-2.9302256166426504
2020-02-13,1.831365263981485,-2.0715473672179083,-2.8246411560685933
2020-02-14,-1.61195856536103,-2.0846463943458393,-2.8985528815057195
2020-02-17,-0.630345207963825,-2.0191804801104714,-2.754052101717404
2020-02-18,1.04694861444787,-2.0744896473499845,-2.8570505864632105
2020-02-19,0.614145977612205,-2.1029776446258786,-2.8791064560577153
2020-02-20,0.9106194228684249,-1.9490352784590186,-2.724507984165199
2020-02-24,-0.7946159944220551,-1.9692551052337934,-2.7037685003540357
2020-02-25,0.752492649880945,-1.9109972682505931,-2.7003668939598153
2020-02-26,-0.7760659733209851,-1.8677666713647714,-2.6554957002615156
2020-02-27,-1.27534383786048,-1.8644683290766026,-2.5285054306661374
2020-02-28,-6.091336440385215,-1.8725100387903946,-2.622005366685058
2020-03-02,-2.00800899625764,-2.4170992001116574,-3.5113343875358205
2020-03-03,0.82428527626849,-2.8908960861793966,-4.144449288064032
2020-03-04,-0.010771811300520073,-2.7341559711486436,-3.983819312834022
2020-03-05,0.28346483792556,-2.6424482635072586,-3.7576556713856393
2020-03-06,-4.2690100051835405,-2.4627689202432914,-3.4242156272959345
2020-03-09,-5.6459217076530095,-2.8001069095233753,-4.062518799124503
2020-03-11,-3.001987515260515,-3.4403735058775426,-4.694882734634317
2020-03-12,-11.275445366867661,-3.4629980912579272,-4.981236172048232
2020-03-13,7.351791856301929,-5.348502403583348,-7.764328754903467
2020-03-16,-8.84432961540909,-5.812349368593535,-8.128898498831125
2020-03-17,-4.3485520532076745,-6.450982180254718,-9.053769203199261
2020-03-18,-1.884413226409415,-6.142599938182093,-8.789290955464432
2020-03-19,-1.7164050614435298,-5.94446698706813,-8.231493663317266
2020-03-20,5.00747153686548,-5.4381950874469664,-7.952396748670357
2020-03-23,-12.51918802866225,-5.026125998012368,-7.139003677169988
2020-03-24,6.119954128979665,-6.838548866802833,-10.104737234316993
2020-03-25,3.167289905150515,-6.8947529992421215,-9.83105535893395
2020-03-26,3.69154515953147,-6.091931316730789,-8.82954583312037
2020-03-27,1.5719214115385602,-5.584646037725286,-7.588944022740287
2020-03-30,-4.396773914368935,-4.953088430438683,-6.89258208592271
2020-03-31,3.7604783023959705,-5.021613791063616,-7.213940651330144
2020-04-01,-5.798318394109425,-4.7095756369970205,-7.007272647372026
2020-04-03,-4.491897010008985,-4.935759319697429,-7.014617585343942
2020-04-07,7.367631347513855,-5.003567665021776,-7.264038889727502
2020-04-08,-1.5028448198333297,-5.088317978188417,-7.231824734077673
2020-04-09,1.6480164720507,-4.618602843578304,-6.448726013286453
2020-04-13,-1.054535225948295,-4.230281240952479,-5.982948190514344
2020-04-15,-0.18507841791500498,-3.5873314875627424,-5.147489928110988
2020-04-16,0.45487060980430516,-3.321874074930956,-4.674387471035621
2020-04-17,1.63552583836916,-3.4133889339454853,-4.731790250070136
2020-04-20,1.72070250764,-3.1435644963248928,-4.353607599565509
2020-04-21,-3.6171307303925597,-2.959843971892438,-4.267915223666563
2020-04-22,1.73614874158614,-3.1409703443369,-4.569695964602439
2020-04-23,2.30263652599876,-2.9693139174527112,-4.242123325483026
2020-04-24,-3.489695578557495,-3.0184169273328707,-4.280230120739516
2020-04-27,0.817896919225315,-2.960628581597463,-4.5209499172913405
2020-04-28,0.636745977542885,-2.839914729489013,-4.21838705143042
2020-04-29,2.7346054619408804,-2.6683554604241393,-3.8961380013622207
2020-04-30,2.9038551090986253,-2.696343818266777,-3.8736687661629827
2020-05-04,-6.165067297861265,-2.676810477726301,-3.821791499923934
2020-05-05,-2.41995564933771,-3.622164105583617,-5.388898162205094
2020-05-06,-0.37728269528196,-3.7436373633765716,-5.589907956253799
2020-05-07,-0.17375648484487502,-3.401114259463927,-4.867935329024204
2020-05-08,-0.5244977611464451,-3.1973036829072217,-4.571063497601758
2020-05-11,0.27973551624280496,-3.078499111027372,-4.343990989748972
2020-05-12,0.782873221159895,-2.851118820157908,-4.163078676159657
2020-05-13,2.5821622766340995,-2.5082663531976994,-3.6271462211895633
2020-05-14,-4.460936979850279,-2.656420049548032,-3.837961595006159
2020-05-15,-0.9099997388184999,-3.096507880727672,-4.508171953950577
2020-05-18,-2.57043380408897,-2.9436667570819792,-4.251453653497588
2020-05-19,-0.4587356654162151,-3.523462457821064,-5.188513991004269
2020-05-20,0.26693972668085,-3.2687795674112903,-4.8341106422565865
2020-05-21,-0.2773632601521,-2.9977978018667923,-4.350920683557015
2020-05-22,1.113496284078855,-2.9101911858313136,-4.3522062603918075
2020-05-26,-0.6775385650993151,-2.9157482954760536,-4.187295921770201
2020-05-27,4.119727016348485,-2.54884268659876,-3.7460568317775986
2020-05-28,0.011757894903045019,-2.8293352773569027,-4.07247664183922
2020-05-29,0.473499058571195,-2.5374455576558446,-3.7823031032852685
2020-06-01,3.25619798634724,-2.3968837650892927,-3.514300427623411
2020-06-02,0.6661658987536849,-2.6285432304685203,-3.9808926218255865
2020-06-03,0.8826733303915801,-2.460443226138621,-3.6091042409813543
2020-06-04,0.19635437679770001,-2.312923622506851,-3.4581885672329236
2020-06-05,3.5041402931662553,-2.2415628766799705,-3.282186391664053
2020-06-08,0.947649670084615,-2.5999240460246953,-3.830529389292262
2020-06-09,-0.8589466780998949,-2.5202452973802933,-3.817619753310927
2020-06-10,0.7512506247841149,-2.3280638337325334,-3.573135806653947
2020-06-11,-3.73056818864778,-2.2101361986796055,-3.2461116944454087
2020-06-12,-0.2911263542581749,-2.6853410959143273,-4.059200776525017
2020-06-15,-1.870875993456925,-2.6646162358080963,-4.003477394874523
2020-06-16,0.7521202913848151,-2.594388516335062,-3.834937731966971
2020-06-17,0.18885191558497497,-2.5830506450339996,-3.8434964167890837
2020-06-18,2.62348802388175,-2.425681252059053,-3.6463020810321294
2020-06-19,0.7436912830632898,-2.445503040496255,-3.6827540106956356
2020-06-22,0.72849761963618,-2.4647582096194713,-3.532871272600626
2020-06-23,2.4396356420256646,-2.3333513543912696,-3.3155656253933325
2020-06-24,-2.535273490669265,-2.3204177276851303,-3.3429856741865684
2020-06-25,-0.7891776251063451,-2.3311304980831116,-3.284046586508617
2020-06-26,3.118047735796915,-2.3578712674487186,-3.4569134605067853
2020-06-29,-2.582067487115315,-2.722480478481901,-3.801105389967657
2020-06-30,0.06250812017441001,-2.47085579240182,-3.7592235568891503
2020-07-01,1.4723684755064748,-2.501014964528912,-3.5858349392980444
2020-07-02,1.8351017764812798,-2.5495134578395944,-3.635354925531733
2020-07-03,0.19888428939025002,-2.488476682569482,-3.478302146728479
2020-07-06,0.9839036761692349,-2.3271555497148353,-3.3373537896927523
2020-07-07,2.081257071200005,-2.1992659787007116,-3.168988558256393
2020-07-08,-0.37253023046592504,-2.327958183968415,-3.2750570972338156
2020-07-09,2.291403302290595,-2.232764790866115,-3.191819440541691
2020-07-10,-0.8771802031199201,-2.3051332086008904,-3.3531105382079542
2020-07-13,0.2158597793743149,-2.1437153512479252,-3.1242926386968644
2020-07-14,-2.6292280389740648,-2.283204137845348,-3.42935554418478
2020-07-15,2.347527391853725,-2.357988127347625,-3.571679489975604
2020-07-16,5.26075064724721,-2.757460418789996,-4.043618799380646
2020-07-17,0.08805207509514495,-3.489309716038449,-5.061833398629646
2020-07-20,2.36836583042041,-2.915420958329292,-4.245274537254023
2020-07-21,1.07865173418103,-2.982158236254007,-4.215157035410474
2020-07-22,-1.63752617350666,-2.637504328054593,-3.9682049260214916
2020-07-23,1.0567152398413748,-2.4818700871563677,-3.7605995649315465
2020-07-24,-0.8008268739158999,-2.5246820483987564,-3.6717029170068924
2020-07-27,0.10189598780992504,-2.604858067998608,-3.842031556715659
2020-07-28,1.3641707698076448,-2.6305467283348043,-3.7783351429201093
2020-07-29,0.005903157836285033,-2.6399711700269557,-3.8381541995273465
2020-07-30,-0.8499532492954001,-2.305681057835507,-3.34444162031805
2020-07-31,1.532429667029045,-2.3397570279218347,-3.4444267518506555
2020-08-03,-0.26474941601172003,-2.2687626242265515,-3.206444945492145
2020-08-04,-0.539075158030905,-2.105070538251874,-3.0485461563575744
2020-08-05,-0.310997289945715,-2.0278044042409555,-2.9249869598663856
2020-08-06,1.2344682392736,-1.9400133724843405,-2.8590074594136787
2020-08-07,-1.116760839013435,-2.120444404300224,-3.0065820538920205
2020-08-10,0.8430193647358101,-1.9425641929920876,-2.8895939281800147
2020-08-11,0.16882366286523004,-1.9668357829894272,-2.824550944927205
2020-08-12,2.41283097697527,-1.8435412033926941,-2.6231928330443197
2020-08-13,-0.54224430871578,-2.0131899502937722,-2.770173718826753
2020-08-14,-1.229505265448195,-1.8554730691512569,-2.624262913876887
2020-08-17,-0.6686418091985051,-1.975049113700387,-2.83409569770535
2020-08-18,1.0372762843278798,-1.9709191296126045,-2.852665488505595
2020-08-19,0.06910034242710006,-1.9263288709188973,-2.718743696566945
2020-08-20,-0.8038079046752149,-1.8649285861917422,-2.7463842807468684
2020-08-21,0.5948994471560498,-1.8449925246623686,-2.6632894732043524
2020-08-24,0.6889708073546951,-1.9357694043289508,-2.706255061801742
2020-08-25,1.094575923000555,-1.7904559188052829,-2.584735476048694
2020-08-26,1.12712673649669,-1.8711563774344129,-2.7488324035141343
2020-08-27,1.165586768144255,-1.8821037172239026,-2.6525761449450376
2020-08-28,1.4619495984449897,-1.8463110612210134,-2.616857904455839
2020-08-31,-3.29915695749879,-2.036459875153282,-2.9914682551518625
2020-09-01,0.63420471201081,-2.5047501124060503,-3.796499029279102
2020-09-02,0.10994382232836503,-2.5524546486810102,-3.7621314278525575
2020-09-03,-0.10083200041556495,-2.502857181019535,-3.6509384667225815
2020-09-04,-2.4448411013596347,-2.397099606244352,-3.585976059883216
2020-09-07,0.633554081178475,-2.450067458022933,-3.508720069117085
2020-09-08,-0.17023641780025012,-2.361963035767103,-3.495048574845322
2020-09-09,-2.925392148712135,-2.360657815691431,-3.436062299935186
2020-09-10,1.498256205239985,-2.5468182444209013,-3.7501682681288147
2020-09-11,1.434750246583415,-2.5224194240780236,-3.7140968763944464
2020-09-14,0.6527608601611499,-2.433717912686735,-3.4856372984588555
2020-09-15,0.620447491854125,-2.5723175729688856,-3.691131121885226
2020-09-16,0.4831832858965799,-2.3426137817653663,-3.332991035934664
2020-09-17,-0.23901951989155001,-2.303111970482368,-3.464248929351992
2020-09-18,-1.1740664678827049,-2.227949896059293,-3.204447828360434
2020-09-21,-1.41204600565985,-1.985285312631016,-3.0401734854371827
2020-09-22,-0.011448263187295027,-2.299892165870901,-3.2692209877268392
2020-09-23,-0.044379463884899883,-2.145074301824124,-3.2441187492083365
2020-09-24,-4.292131313049355,-2.1495050627891223,-3.1055928064846294
2020-09-25,3.44634184824137,-2.597690142094063,-3.8318612270061667
2020-09-28,1.3150438068731751,-2.906307916604428,-4.120543080236695
2020-09-29,-0.6602504173895,-2.7965133807105316,-3.9506090798060884
2020-09-30,0.05729479057148001,-2.5138483144868986,-3.6526605906382636
2020-10-01,1.7682991225807752,-2.30314262570162,-3.3687488075368552
2020-10-05,1.09384669718724,-2.4377988534832205,-3.479557137671316
2020-10-06,1.084328894824915,-2.3346002208606764,-3.3449991178510206
2020-10-07,0.273467178792075,-2.2459078530542755,-3.196468446173638
2020-10-08,1.4661812082806849,-2.103119843249732,-3.1700432476179534
2020-10-09,2.33999074281761,-2.143245933717563,-3.2879791482889846
2020-10-12,1.2308162036345198,-2.245592663269018,-3.2528185185751353
2020-10-13,0.36170557006010007,-2.145652729931327,-3.1261124395485846
2020-10-14,0.19279845840989507,-2.142845228732779,-3.104934479175575
2020-10-15,-3.113279419800885,-2.1150093933365466,-3.130540348222133
2020-10-16,1.65837013934579,-2.3444929881120333,-3.4217146285981226
2020-10-19,1.94202530266513,-2.5317067591938147,-3.5503236129249345
2020-10-20,0.27911883775908997,-2.466131332715332,-3.4940789187077175
2020-10-21,0.646743603211225,-2.352545094030241,-3.4532156141383035
2020-10-22,-0.9580294841526751,-2.2813850891055836,-3.2901527315989476
2020-10-23,0.12022315637243002,-2.0805354795606092,-3.060707623960713
2020-10-26,-1.97670218444374,-2.0878003240240237,-3.0221917933329996
2020-10-27,-1.504204072729295,-2.1171295490475877,-3.088038822886154
2020-10-28,-1.750449904053725,-2.1375354296845352,-3.0409529353507194
2020-10-29,-0.540597635404265,-2.1499465976717445,-3.2031088254375404
2020-10-30,-0.5217956994099551,-2.1412182379264144,-3.0824691293113
2020-11-02,2.31360303938415,-2.1036230393928124,-3.0299038153624354
2020-11-03,1.7142832319311703,-2.2106058328499176,-3.1613382273622763
2020-11-04,2.00261663964111,-2.3732090819504523,-3.3126732734512188
2020-11-05,3.19492440115219,-2.3892061876894948,-3.3138775654443022
2020-11-06,0.52034664453416,-2.615806693471382,-3.669251928017717
2020-11-09,1.12652853631569,-2.3570171745764736,-3.412116852735228
2020-11-10,0.6617214240037899,-2.3143894677228385,-3.228336804243036
2020-11-11,1.95748319004614,-2.7434006414729044,-3.917767555502679
2020-11-12,-1.817381984997105,-2.7810134069058052,-4.004508918209988
2020-11-13,0.868540410445635,-2.6947810747783625,-3.927403378771402
2020-11-14,0.45327830327458,-2.5642557125104934,-3.8354213367670638
2020-11-17,1.8138098073833349,-2.4908602442761674,-3.4606795049908725
2020-11-18,1.8092928097050551,-2.4502247541037634,-3.531005688208926
2020-11-19,-3.1168139419202,-2.6869674176390554,-3.7932909594689836
2020-11-20,0.92173823140885,-2.92398863252027,-4.017274573401109
2020-11-23,0.7860508505860553,-2.922668096612413,-4.0947605526044395
2020-11-24,1.076068105379605,-2.9872345276455445,-4.151518637567669
2020-11-25,-1.256341216224375,-2.7150949474925565,-3.8452013456554455
2020-11-26,0.39167425522198995,-2.533982079851497,-3.6086340598501385
2020-11-27,-0.8414786245969099,-2.5027738235769164,-3.6405746604332276
2020-12-01,2.463412872018485,-2.2552600864790637,-3.35286347143272
2020-12-02,-0.08837083973037,-2.5072637558261226,-3.5639332930318712
2020-12-03,1.2208206468064349,-2.2399487858014435,-3.2385799826713293
2020-12-04,1.74790000190562,-2.2964028934466083,-3.2877384146589144
2020-12-07,1.53277161812773,-2.357972879343421,-3.373283985172563
2020-12-08,0.8535870117440549,-2.2728809843766,-3.2825219858191943
2020-12-09,0.65253520493993,-2.247848978463119,-3.1928214323636497
2020-12-10,-0.46614474967390507,-2.1673921807526395,-3.12542004181863
2020-12-11,0.339855525594035,-1.9316262389545222,-2.8196711248195467
2020-12-14,0.37814506249278,-1.8943562114008343,-2.7690149536112205
2020-12-15,-1.080620334899235,-1.8598646215156402,-2.6077130456233384
2020-12-16,0.24694088623621,-1.7829066097157515,-2.645643425528055
2020-12-17,-0.59610652594612,-1.8062059740119256,-2.5375146171571488
2020-12-18,1.99830512350003,-1.7203369439255745,-2.5247651029430616
2020-12-21,-3.7126544472311744,-1.9401560886108395,-2.8483570276058083
2020-12-22,2.338805846944255,-2.5230413286026483,-3.6979533579400066
2020-12-23,2.3824225814984255,-2.7599444194193214,-3.9816624195020616
2020-12-24,0.043643398533050104,-2.6737839191424126,-3.90391235679979
2020-12-28,1.7122010875409799,-2.4831855053003307,-3.6801934229549396
2020-12-29,0.8896715781129401,-2.431028777123884,-3.5666392063594166
2020-12-30,-0.32042086477389997,-2.3269903728106525,-3.519579895338705
2020-12-31,0.006282376058064976,-2.2221381628520738,-3.0761071855451627
2021-01-01,0.9875549003089801,-2.110501398976673,-3.083982360195647
2021-01-04,1.385197407060725,-2.047899785678706,-3.0398520115766896
2021-01-05,0.339325086494115,-2.092840129965,-2.9749394351515313
2021-01-06,0.128010252906265,-1.9852816201014118,-2.8801271845776903
2021-01-07,-0.3214543759280601,-1.9741323425581083,-2.8384353567886436
2021-01-08,1.6442996254437752,-1.8471895707189114,-2.7219446908675065
2021-01-11,1.76918497669496,-2.1891140806082894,-3.2114695532431314
2021-01-12,1.5773695747624747,-2.438836230030567,-3.706313150001707
2021-01-13,2.9447755040377297,-2.271966820432057,-3.2851959564198134
2021-01-14,-0.530496764217045,-2.4711756461594043,-3.542009214988409
2021-01-15,-1.497318086319185,-2.2673548558687573,-3.287389929955543
2021-01-18,-2.809546364180065,-2.178656369401554,-3.350114753956227
2021-01-19,0.874774809175,-2.331440228582466,-3.5187269253802924
2021-01-20,1.51549159600301,-2.3687868956316405,-3.3436903437911676
2021-01-21,-1.27966244977611,-2.3185082439453475,-3.2417457080971936
2021-01-22,-1.8845523326093148,-2.3733486607515717,-3.4409023937319585
2021-01-25,-1.077831077861845,-2.5231664501934308,-3.612620530831017
2021-01-27,-1.86997419407403,-2.4136091332561116,-3.4365156476357934
2021-01-28,0.23846555623494492,-2.329634820319705,-3.473288757273831
2021-01-29,-1.52139389836833,-2.397973650513438,-3.771353308414127
2021-02-01,5.702358526330015,-2.297674194588652,-3.60429337814287
2021-02-02,3.8894947572342056,-3.490293566069431,-4.966727935823406
2021-02-03,0.950255494678015,-3.570658920546558,-5.301049396967297
2021-02-04,2.565139867816085,-3.2865601225449876,-4.621817297516981
2021-02-05,4.7990822153248045,-3.3672308702744713,-5.067837959664721
2021-02-08,1.721027019190415,-4.222679981977361,-5.997872188534222
2021-02-09,-0.207495984648125,-3.8194679097067334,-5.576387073149803
2021-02-10,-0.6718021961346949,-3.5412221226786,-5.055804036615433
2021-02-11,-0.41710167203049997,-3.2998433605822326,-4.584310668176013
2021-02-12,1.0420028620758552,-2.9765895141852123,-4.260857002693206
2021-02-15,1.7192250022812998,-2.8014179864976065,-4.355567227412086
2021-02-16,-1.308791431544695,-2.750194855578117,-4.177493412067275
2021-02-17,0.80085672956254,-2.6608009205038523,-3.7990269676164488
2021-02-18,0.85042250773204,-2.619142491381085,-3.689204898153023
2021-02-19,-1.96558160378863,-2.501619296134631,-3.6162628788148314
2021-02-22,-2.2947140120997798,-2.5962164146109337,-3.7047542064065917
2021-02-23,0.8224153297014599,-2.527162820134167,-3.7889666372276207
2021-02-24,1.64117181499845,-2.4823921501218145,-3.720792911652042
2021-02-25,0.132737560041295,-2.4690241789928424,-3.5868983502826
2021-02-26,-2.9854611548491548,-2.272320832484941,-3.3434491599213714
2021-03-01,1.1549882735291601,-2.649510335097865,-3.7942410120491026
2021-03-02,1.36335749872466,-2.5699338498528874,-3.6740822061175735
2021-03-03,2.8323850716283347,-2.543719534440638,-3.5716476141242444
2021-03-04,-1.66769257482469,-2.5738463309163793,-3.941853939905906
2021-03-05,-2.05565146776085,-2.479558880114051,-3.6354778930897984
2021-03-08,1.48771629427971,-2.542261649585562,-3.831890827565438
2021-03-09,0.10816240228845497,-2.4563492918354037,-3.6044204937782527
2021-03-10,0.845732613093595,-2.330891218917539,-3.463842770508385
2021-03-12,-0.6142514900639251,-2.2224019234909167,-3.2751042108278754
2021-03-15,0.320543032138265,-2.1451924320144684,-3.309757898771457
2021-03-16,-0.32455851989943996,-1.9963246093669693,-2.982911600935554
2021-03-17,-1.28461533570846,-1.9936033549874548,-2.921169998772487
2021-03-18,-1.97481186562308,-2.2031995360272667,-3.271647833173447
2021-03-19,0.82268317108425,-2.1989016641378507,-3.385623185599091
2021-03-22,0.4082579012047949,-2.233927428833111,-3.3290302822380218
2021-03-23,0.797957146865005,-2.2506206549474825,-3.24998704444531
2021-03-24,-2.40747870525596,-2.1204829116373465,-3.117146895112405
2021-03-25,-1.392630690400075,-2.270625273678692,-3.450218557762856
2021-03-26,0.37060996280778497,-2.211848601420203,-3.337400482279104
2021-03-30,2.305752490673745,-2.158699444120194,-3.3031194806332165
2021-03-31,-0.14381789057726513,-2.255171547448531,-3.325609377962641
2021-04-01,1.486935849790845,-2.0812695419640836,-3.0922619343683064
2021-04-05,-1.4779589333089849,-2.054738465324274,-3.0161245514406065
2021-04-06,-0.38531147448683506,-2.473598630945609,-3.628316291304138
2021-04-07,1.80224538627807,-2.327278940487157,-3.4528533636369128
2021-04-08,-0.07684368094723498,-2.277648551115059,-3.3629364379744024
2021-04-09,-0.325266094662385,-2.261599043302639,-3.3612842594137464
2021-04-12,-4.077024625841105,-2.193885049588968,-3.2184494987111822
2021-04-13,0.8008568523789401,-2.816842448968671,-4.208276960487332
2021-04-15,-1.0712607549652151,-2.9942648920948085,-4.199041455716373
2021-04-16,-0.668078455080835,-2.8000529542352988,-4.174149393262546
2021-04-19,-0.98004421180042,-2.6780442498036354,-3.974666402746973
2021-04-20,-0.662427658671255,-2.753540695216626,-4.006612564605244
2021-04-22,1.064113501049645,-2.5607464310769403,-3.787042908525529
2021-04-23,-0.674057641674045,-2.4417414127223545,-3.6308334682175385
2021-04-26,1.51735929099218,-2.3723906803430266,-3.412404051007362
2021-04-27,1.4386902165193,-2.3400073725490023,-3.500739200628008
2021-04-28,1.7220346257004449,-2.1948882910011283,-3.2580276455076764
2021-04-29,-0.5405048775682301,-2.333031466351374,-3.527399659067131
2021-04-30,-0.901409970239315,-2.190833706316633,-3.3073339948547162
2021-05-03,-0.496852694482995,-2.1629162623434315,-3.3627292691802877
2021-05-04,-0.7165203580414599,-1.9697540684606676,-3.0183347471950754
2021-05-05,1.004729626631335,-2.0294567954982496,-3.142058975048623
2021-05-06,0.76471077256763,-2.0230982111130777,-3.061777374585874
2021-05-07,0.044828899145210044,-1.9937392285549607,-2.8741570062523816
2021-05-10,-0.003692675748690033,-1.8395502812137028,-2.7218759522724003
2021-05-11,0.07281883748331996,-1.8324444084430787,-2.787187025000884
2021-05-12,0.27912855503020007,-1.8632280181837693,-2.769355933586755
2021-05-14,-1.396701721112685,-1.8128192391257076,-2.728499267818089
2021-05-17,3.538488751903705,-1.7852064886860908,-2.823881921519853
2021-05-18,0.286030240818565,-2.3257321641956983,-3.5197075389343477
2021-05-19,0.16838171074590003,-2.269420661184934,-3.352511072010492
2021-05-20,0.10544475644281,-2.146809456393296,-3.2664836680012694
2021-05-21,2.6835805306986247,-2.0132572131324995,-3.0563596891429015
2021-05-24,1.09556292387239,-2.2376430099158777,-3.4000095885804202
2021-05-25,0.536461203936005,-2.1317169986155156,-3.2928013341023408
2021-05-26,1.437573215407205,-2.093799824226739,-3.087076967371838
2021-05-27,1.56766021573443,-2.178148587880303,-3.257514570890331
2021-05-28,-0.272048590047885,-2.0785768218468834,-3.121322436366074
2021-05-31,0.40465133440264,-2.0767397886334393,-3.2297090624963465
2021-06-01,0.7214342322673,-1.97331065316057,-2.9919174333851317
2021-06-02,0.23123431666680005,-1.9337477272636847,-2.8978976101726213
2021-06-03,1.13055134606451,-1.879448742601874,-2.8935545572442543
2021-06-04,-0.8369446593602401,-1.8816523025656082,-2.961775114118922
2021-06-07,-0.011796962782435,-1.8897254006140598,-2.8532239234400567
2021-06-08,0.24380506091533505,-1.8815135185757268,-2.7908126121057752
2021-06-09,-0.5944760805350049,-1.8290200226557116,-2.72154553677849
2021-06-10,1.582096284037305,-1.890872036044441,-2.712910065296259
2021-06-11,0.47966962563627,-1.9462073545934997,-2.7575708188149575
2021-06-14,0.59947963396967,-1.8666075012341323,-2.7792233810941425
2021-06-15,0.31331783071174,-1.8564237302464317,-2.762370056705836
2021-06-16,-0.18821977615538502,-1.8405601459438548,-2.6831520375219204
2021-06-17,-0.17964430578138008,-1.7832385394544634,-2.5826807990139042
2021-06-18,-0.6154198030432549,-1.8096232989739753,-2.718724054794465
2021-06-21,0.72281032876452,-1.8213452941687605,-2.6410297724232983
2021-06-22,0.252246656695765,-1.7991285187935977,-2.6267260074118486
2021-06-23,-0.26466892327328,-1.813968995175754,-2.506576258060746
2021-06-24,1.6331367623264899,-1.6972469134167965,-2.517313018495459
2021-06-25,1.849947333555605,-1.9150354087791353,-2.7715458045005494
2021-06-28,-0.315889557160615,-1.9874872027344046,-2.88538178134619
2021-06-29,-0.89803986598343,-1.79677175365858,-2.700716409090659
2021-06-30,0.29101294273195,-1.828355677485019,-2.7713267749558774
2021-07-01,-0.506519620393305,-1.8596737187930552,-2.7154416551386222
2021-07-02,0.710046602440865,-1.7795253983770305,-2.7110445569590826
2021-07-05,1.3169697071215,-1.813405494957924,-2.659083346795841
2021-07-06,-0.8695176371260249,-1.7904758525877258,-2.6486902325525072
2021-07-07,0.43612863458425,-1.8131567471527879,-2.6066630545992866
2021-07-08,-1.1030388707389849,-1.832662768503941,-2.7068020372351813
2021-07-09,-0.013698725373390008,-1.9064267525874592,-2.647527587333892
2021-07-12,-0.04912975094440997,-1.8108008921515342,-2.6467263760231288
2021-07-13,0.09887695000017,-1.785884381633182,-2.613559477101898
2021-07-14,1.2501683274555297,-1.664983514881861,-2.541789588546557
2021-07-15,0.198852365430965,-1.738510631164597,-2.5340349457617375
2021-07-16,-1.0055980798439201,-1.714264079006319,-2.6335543738657243
2021-07-19,-0.6887481425197051,-1.7267857904048272,-2.6119237326046525
2021-07-20,-0.5546270133897949,-1.743826017753046,-2.642849022872605
2021-07-22,1.4150490892396899,-1.7762874505347055,-2.7641666183010933
2021-07-23,0.8128618042995199,-1.8530599427629997,-2.862614008385056
2021-07-26,-0.236075848625115,-1.7587428172952517,-2.654202766789479
2021-07-27,0.73729074485895,-1.8017813368866813,-2.5867954229955474
2021-07-28,-0.42512859134998493,-1.7484367892809918,-2.669470271872692
2021-07-29,2.20506313984854,-1.6737270714070767,-2.5078589187884086
2021-07-30,-1.317834199770175,-1.942532568065668,-2.8133874934834115
2021-08-02,1.0069815782535398,-1.9600889934154102,-2.8665887211311567
2021-08-03,2.03572889227293,-1.911930001181466,-2.9073646304695795
2021-08-04,0.9766693051854551,-1.987931651082466,-2.9929958050868097
2021-08-05,-1.549982056284005,-1.9618871743131594,-2.9944316444905152
2021-08-06,-0.807980102033005,-2.0759782190941984,-3.259041439738785
2021-08-09,0.13646446087991998,-2.1108822438031076,-3.1470659395019225
2021-08-10,-0.39070795432211003,-2.058795231711955,-3.079896548464275
2021-08-11,0.19618831887342003,-1.9784193612308005,-3.0859007090525883
2021-08-12,0.252635171272215,-1.8783562790930042,-2.9496221973911556
2021-08-13,1.1362044711644952,-1.857086861697587,-2.8316111126372268
2021-08-16,-0.9700889252549749,-1.9161337292423068,-2.7655990901730014
2021-08-17,0.6851715319430349,-1.907004900416026,-2.831483704158388
2021-08-18,-0.44994909348328005,-1.92279173368219,-2.8738781100300286
2021-08-20,-1.5876465061532699,-1.7919305585223722,-2.736221518669929
2021-08-23,0.5101177447878801,-1.9768205098799378,-3.018945312889259
2021-08-24,0.461962286972205,-1.8828247184086184,-2.770690213226159
2021-08-25,0.26339458532663995,-1.8880254059258026,-2.8854129426569206
2021-08-26,-0.8917258758854951,-1.9129367913873618,-2.798563382509885
2021-08-27,-0.3434688546691249,-1.8399783668056622,-2.740796819930846
2021-08-30,0.9118433119759799,-1.8528586615448048,-2.784211447381299
2021-08-31,0.641428289054645,-1.9378072332160854,-2.81916931902732
2021-09-01,-0.398285328945035,-1.8669958253782415,-2.6591072127582
2021-09-02,0.31967597085314997,-1.8227249310623017,-2.6496325738242947
2021-09-03,0.532333284278005,-1.8840276439351664,-2.628354775822459
2021-09-06,0.8265089412746549,-1.8351439327883172,-2.6275022484723745
2021-09-07,-0.917706181676235,-1.8226811139538408,-2.575571566803352
2021-09-08,-0.13263746283264505,-1.7636024713757403,-2.5685439737221056
2021-09-09,0.061240556275145006,-1.7031510073433265,-2.5037047213086656
2021-09-13,0.07244673377624,-1.7455434673867507,-2.578140117656013
2021-09-14,-0.152889889526785,-1.6356574532441799,-2.48926924817678
2021-09-15,1.9820961505655599,-1.617075684159251,-2.419215856693936
2021-09-16,1.9180608060082247,-1.7684487006326848,-2.5717896096310406
2021-09-17,-1.3686922161844701,-1.8896441805567605,-2.722641256836512
2021-09-20,-1.9698456184777302,-1.9734939992269231,-2.8863741873442432
2021-09-21,1.05242568726129,-2.180568829006449,-3.333979877329907
2021-09-22,-0.03942683206183,-2.192196473613723,-3.2920751152439154
2021-09-23,1.973726319635575,-2.0381875568010632,-2.884114894512966
2021-09-24,-0.4087923113369699,-2.14280570724281,-3.0103066796840725
2021-09-27,-0.5660336068256151,-2.0767989092945798,-3.177196086048473
2021-09-28,-1.1897677771299051,-2.0355049625562684,-3.1023357831216845
2021-09-29,1.821242743673225,-2.0476104406400246,-2.9957832607714834
2021-09-30,-1.273042503716205,-2.1882239420228062,-3.2696598851760355
2021-10-01,-0.450097093170505,-2.1536345472759897,-3.186646142736788
2021-10-04,1.66388712827917,-2.055178667388567,-2.9199293004844207
2021-10-05,0.583785482827395,-2.076746797912306,-2.9663288674566193
2021-10-06,-1.3854097425677852,-2.019297784954164,-2.856414068341404
2021-10-07,0.59514806565242,-1.9660756945899753,-2.919112278255762
2021-10-08,0.9729158162242151,-1.9217962474059729,-2.793178904740049
2021-10-11,0.24984884987393996,-1.9147868887192738,-2.7916144075102847
2021-10-12,1.27225203661264,-1.9825302944659606,-2.967788174021589
2021-10-13,0.57378672058322,-2.033603658129251,-3.0298645761520713
2021-10-14,1.106627140784525,-2.0336578910915195,-3.0463400483945997
2021-10-18,2.9218042458382394,-1.8910538937409325,-2.757636963748418
2021-10-19,-0.15866458411844508,-2.1076274503603525,-3.0024409395514122
2021-10-20,0.6378534751740249,-2.1464380233501825,-3.110791921196524
2021-10-21,-1.0654585312753249,-2.043920827826871,-2.986321346864658
2021-10-22,-0.974566009634905,-2.0529073699924396,-2.989663886143293
2021-10-25,-0.00575090852035498,-2.175282569976362,-3.3016697729673377
2021-10-26,0.92199720131578,-2.1402356156577635,-3.2553584837880276
2021-10-27,1.3753330853088301,-2.085371318528178,-3.0679067290679947
2021-10-28,-2.47414596111968,-2.0402467144492533,-3.066463708636196
2021-10-29,-0.9925002438998449,-2.1817230901183455,-3.25042369740131
2021-11-01,2.290432255575605,-2.231172346839126,-3.2382734088029776
2021-11-02,0.515099189542465,-2.224835976599201,-3.337415426638654
2021-11-03,0.702310332890495,-2.087938597367937,-3.0431944619764675
2021-11-04,0.44637403676439,-2.059919659525397,-2.991792057554176
2021-11-08,0.15240609306472996,-1.9361156958905112,-2.879760511067634
2021-11-09,0.704305986807525,-2.032804514799194,-2.984180916891538
2021-11-10,-0.5183355725502551,-1.887097645435351,-2.796144933562108
2021-11-11,-1.628638944886575,-1.890740273636844,-2.79212195664957
2021-11-12,1.506337888854045,-1.9927804116732126,-2.875622722537306
2021-11-15,-0.27674182512942,-1.9773040272635216,-2.8171220854195895
2021-11-16,-0.9992863630922351,-1.9266879119813982,-2.796695580528043
2021-11-17,0.17159132960550497,-1.9284361057370207,-2.809864824988428
2021-11-18,0.338219293703465,-1.9030037926340813,-2.847770937712962
2021-11-22,-2.32258086295682,-1.865532149606198,-2.7248267481805817
2021-11-23,0.03542058206948495,-2.038600368336458,-2.966300434508647
2021-11-24,-1.181335430637105,-2.0187618734046686,-2.9069194284052275
2021-11-25,0.50800647205382,-2.102693157372923,-3.0183535124975323
2021-11-26,-2.9872724913736746,-2.1724185967834018,-3.0893001060200396
2021-11-29,-0.43845856263403005,-2.3531250043161034,-3.3425836460438227
2021-11-30,-0.013395652933665014,-2.3337034175123406,-3.3883721307484005
2021-12-01,1.64187418337228,-2.2809842909454616,-3.182382907294829
2021-12-02,1.141547326874095,-2.254504525336536,-3.1839075696349397
2021-12-03,-0.76974563128629,-2.1788224960266196,-3.0631669646855992
2021-12-06,-2.00973465784778,-2.134250904016787,-2.982839780791356
2021-12-07,1.690150237970815,-2.1280640702208466,-3.0006630956805327
2021-12-08,2.737328760692805,-2.3144099263444358,-3.27161953804917
2021-12-09,-0.008659658522495006,-2.2916768100256917,-3.147830368476029
2021-12-10,0.4960267417900351,-2.1841525232748653,-3.1181291937267805
2021-12-13,-1.11898680112024,-2.1311457318849016,-3.016436775206538
2021-12-14,0.29129982009926003,-2.0731501727480763,-2.929944746947221
2021-12-15,-0.900135756240015,-2.004876996608144,-2.851258193153178
2021-12-16,0.6889739030789499,-2.0654469806979985,-2.9847675980407464
2021-12-17,-0.03589461361044499,-2.0105978207655997,-2.8468251110887413
2021-12-20,-2.635035341832145,-2.187813427925846,-3.0502771088001235
2021-12-21,-0.005709180829670035,-2.3222615091772045,-3.2576416287717
2021-12-22,1.45249617916281,-2.2659010132436115,-3.116284534840032
2021-12-23,1.5418915818955647,-2.2344770467876445,-3.150573411096808
2021-12-24,-0.369337085868355,-2.2049546221669334,-3.102593097105965
2021-12-27,0.191272855134425,-2.10840281417839,-3.041724169871413
2021-12-28,0.92470157570651,-2.041590928023752,-2.9307568377882105
2021-12-29,-0.807622697891875,-2.06798255331773,-2.9315300221895804
2021-12-30,-0.10477842532809503,-1.997791942509782,-2.8229395969954405
2021-12-31,0.8244054088530799,-1.8919357913048584,-2.6782964947736354
2022-01-03,1.394055255028845,-1.9166456003491983,-2.7436972851360233
2022-01-04,1.3493284470209148,-1.9124272946269973,-2.799961817501182
2022-01-05,-0.5438410341060149,-2.006733338990818,-2.7714150963292385
2022-01-06,-0.804244924662245,-2.0852967084106626,-2.9864542902091715
2022-01-07,-0.142153488677845,-2.0623362551490576,-2.9924703182964185
2022-01-10,2.2409790577674897,-2.0658570836093513,-2.9504157856015465
2022-01-11,0.358675487121055,-2.157533104243556,-3.0527507918878576
2022-01-12,1.00846377347382,-1.9604164693749115,-2.769785868983774
2022-01-13,0.62037209344191,-1.973867533248828,-2.8226479004603875
2022-01-14,0.55653150325773,-1.925538983465445,-2.769603154580016
2022-01-17,0.81501253213519,-1.8606019257818474,-2.68860224456733
2022-01-18,-1.19107349856578,-1.836007876054719,-2.62916555466688
2022-01-19,-0.5376606328417349,-1.9289216026302132,-2.737762650780378
2022-01-20,-1.6029701544705701,-2.081232487370757,-2.9448479452035268
2022-01-21,-1.9107656760180198,-2.0891543766160297,-3.088253441350396
2022-01-24,-2.246033687428215,-2.206639232908964,-3.244980414962944
2022-01-25,1.60886521253078,-2.355589823116186,-3.333578537769554
2022-01-27,0.0896596385796351,-2.376119015008803,-3.409660645032733
2022-01-28,-0.2967516377566549,-2.4739570444112196,-3.649701008057486
2022-01-31,2.85979152508181,-2.4694371589148534,-3.501615347897536
2022-02-01,0.46147596744224006,-2.4745022851131475,-3.556074332813669
2022-02-02,1.12242761580787,-2.34586460152136,-3.428816999891785
2022-02-03,-1.349353573747155,-2.309430372247443,-3.2309381129858212
2022-02-04,-0.842287258439585,-2.3574250386378717,-3.3771562332122667
2022-02-07,-0.47782784464902506,-2.2287882313831653,-3.04335675157892
2022-02-08,-0.11145894664665999,-2.2573426896432087,-3.2985365415885135
2022-02-09,0.94459172993271,-2.235366338552674,-3.200161057309713
2022-02-10,1.4137233000840048,-2.0786303837690165,-2.9151395808232965
2022-02-11,-2.405486806970115,-2.14228815671861,-3.0006403635187042
2022-02-14,-3.8862090683392747,-2.260451130918004,-3.13183306569341
2022-02-15,3.91946993482129,-2.8367692976699725,-3.94091669574135
2022-02-16,-0.9203200056371301,-2.931834045796839,-4.051769849054429
2022-02-17,-0.610006298402345,-2.6637533836460916,-3.8324964255447433
2022-02-18,-0.29161577213202494,-2.655831215409045,-3.8139460439106316
2022-02-21,0.35501532693257,-2.5391392103155934,-3.529517848963178
2022-02-22,-1.2260925135048752,-2.4184677643199075,-3.459336099564181
2022-02-23,0.274539703822475,-2.4207635121694038,-3.35518462290339
2022-02-24,-4.573964089117375,-2.353025885517855,-3.3050908058767052
2022-02-25,1.56562988860913,-2.7777231383448835,-4.0394994923281455
2022-02-28,0.64168375282492,-2.877965975836972,-4.1333866036133715
2022-03-02,-1.3092400524454502,-2.714371491588503,-3.8835007089691436
2022-03-03,-0.20024698489659998,-2.6005443336003924,-3.8214965866637445
2022-03-04,-0.51530070432757,-2.5609749375483655,-3.6840544402133464
2022-03-07,-1.9221218303355903,-2.48879745341104,-3.521048254549409
2022-03-08,1.0901288116518,-2.7159275474358466,-3.952619271200845
2022-03-09,2.2568168020954453,-2.589527224831633,-3.7075412635441944
2022-03-10,2.192088460008755,-2.534006891752657,-3.7128645380328043
2022-03-11,0.068800678531245,-2.5552231168341386,-3.6727614551746144
2022-03-14,3.399663200718595,-2.359393664721401,-3.3889165069337666
2022-03-15,-1.306009016438845,-2.569165929993704,-3.5463389737170696
2022-03-16,2.04881079118321,-2.550782598789484,-3.722313654224535
2022-03-17,-0.009563416857284901,-2.5988472368350375,-3.7571799044100715
2022-03-21,-1.1803969418635052,-2.3397195633524897,-3.4988480162005753
2022-03-22,1.233316011844285,-2.4099268993783727,-3.5064605723496407
2022-03-23,-0.708818780868985,-2.3555308969052886,-3.371615220962645
2022-03-24,0.017336023416574975,-2.3021713122838605,-3.373496219452531
2022-03-25,0.09846032460810494,-2.2264727771242887,-3.322174679096577
2022-03-28,0.617476496787675,-2.083665196823694,-3.02801660270585
2022-03-29,0.06992463479086503,-2.0374253736987273,-3.0039835905739545
2022-03-30,0.40286297479366506,-2.0310379102256473,-2.9300313160447837
2022-03-31,0.00018221333303999887,-1.93855387205115,-2.8265783589650177
2022-04-01,1.375936989695595,-1.8881763052924756,-2.744202254690026
2022-04-04,-0.132519039522985,-1.9238191199203138,-2.813759908553862
2022-04-05,-0.877200589351065,-1.9411900021561528,-2.855928189206739
2022-04-06,-0.4293977955161549,-1.9215584576685192,-2.8547075958463104
2022-04-07,-0.3932156280482,-1.9722688882364054,-2.8938874063949
2022-04-08,0.210831947145345,-1.8793884036345283,-2.787343488497709
2022-04-11,-1.458218815951745,-1.8666508680000813,-2.7589462067381163
2022-04-12,-0.8862785707259551,-1.9480824545327007,-2.8898343497013212
2022-04-13,0.6453626003074799,-1.9662026848862708,-2.8861665480527825
2022-04-18,-4.57315145487502,-1.9852058270645725,-2.8398190085221633
2022-04-19,-1.640943403891985,-2.8802573400243636,-4.443278083983995
2022-04-20,0.57112682847519,-3.03407028299265,-4.600210626669432
2022-04-21,1.65247930877805,-2.9128215262424324,-4.43958167596458
2022-04-22,-2.5848752937811597,-2.7432861260206622,-4.034084330571826
2022-04-25,-1.3616193090868949,-2.8111060704256765,-4.224718108765225
2022-04-26,1.7081163725285,-2.7220016167613803,-4.013449473251919
2022-04-27,-1.722640835303125,-2.6889025721567283,-3.951791095149445
2022-04-28,1.970657784375075,-2.5629687446774083,-3.8608511741894933
2022-04-29,-1.593571371401545,-2.5777625135242497,-3.9167051652821465
2022-05-02,-1.390936074102575,-2.5779166219577316,-3.72486848989593
2022-05-04,-1.34652553110248,-2.481884448435289,-3.7444756509850006
2022-05-05,1.6259870274691248,-2.42265865448054,-3.6205560406788817
2022-05-06,-0.9426021318036698,-2.4349900559239006,-3.542880334334641
2022-05-09,0.044667197663375124,-2.5366012058334975,-3.7474566243592755
2022-05-10,-0.6290949508463349,-2.4532325407191813,-3.668736661226582
2022-05-11,-0.7105250815068549,-2.4180580041505704,-3.453310706508543
2022-05-12,-2.07141879863339,-2.3311946146931777,-3.518327222840597
2022-05-13,-2.130185942646465,-2.3919132024735252,-3.5157837776529726
2022-05-16,0.63938133553964,-2.682388302355359,-3.8130797027401915
2022-05-17,2.309604076853155,-2.557749044244833,-3.664228150951731
2022-05-18,-1.310627539659095,-2.600308626318631,-3.7149535811436585
2022-05-19,-3.9546465127834303,-2.4514262626949708,-3.562383059586533
2022-05-20,2.60916682459727,-2.926717513895529,-4.339904068281668
2022-05-23,0.290758906474685,-3.005806633593599,-4.28788894093335
2022-05-24,-0.817209831531425,-2.8373427501384465,-4.054341486365914
2022-05-25,-1.1649246937009,-2.7095418659393116,-3.956832113576201
2022-05-26,2.0798937054667554,-2.628415181275992,-3.7736880063291984
2022-05-27,1.3016382749482,-2.617521206039035,-3.751179796685192
2022-05-30,2.789481720969905,-2.5628180737146695,-3.7203076375878035
2022-05-31,-0.92837145016258,-2.6426366956288208,-3.7685340704303827
2022-06-01,-0.8186671380325449,-2.464871221328158,-3.5923744366801746
2022-06-02,1.151339714369155,-2.39187338152042,-3.4900052896279385
2022-06-03,-0.12040499177473502,-2.340309727086853,-3.3919902208901767
2022-06-06,0.18743823050988997,-2.3181364568272373,-3.352750627608243
2022-06-07,-0.801299281029855,-2.2354079578967307,-3.223586392419481
2022-06-08,0.622371892962725,-2.159246615436543,-3.113285924189269
2022-06-09,0.033888464448750044,-2.124103530206663,-3.0907563073064193
2022-06-10,-1.8259915279811902,-2.0877902589403887,-2.95048371746812
2022-06-13,-3.5657190594599446,-2.1814716554524196,-3.1212266400511024
2022-06-14,0.811905409188865,-2.5803719038242363,-3.874484217498573
2022-06-15,-0.27967527230139505,-2.534765892851818,-3.7339126864569687
2022-06-16,-1.9786654145915201,-2.5063241378232757,-3.614183132307911
2022-06-17,-0.423522734218835,-2.4709973946616004,-3.5373206504436636
2022-06-20,0.2390235522458899,-2.3751058660234468,-3.4476936335509016
2022-06-21,3.061137447329985,-2.4780192151091045,-3.558540050799037
2022-06-22,-0.78321720173453,-2.539590413640806,-3.7739053602211006
2022-06-23,0.94312036672643,-2.313456789516446,-3.294361525817776
2022-06-24,-0.07756230804105502,-2.3062798232454074,-3.265791315822307
2022-06-27,1.9082102082392498,-2.1415714461377218,-2.9892198816497353
2022-06-28,0.5174029965016049,-2.1864510735544687,-3.0991098051163766
2022-06-29,-1.1319278421233951,-2.133530418824002,-3.0842300455576077
2022-06-30,0.6889998734402001,-2.1550508975232527,-3.172708333182315
2022-07-01,0.6968334566766851,-2.0147103580791343,-2.79741278021306
2022-07-04,0.9917307475035599,-2.025855461644945,-2.9006897051739897
2022-07-05,-0.54403836229246,-1.8772718884238626,-2.661140615797792
2022-07-06,1.348318786059655,-1.9255405344025693,-2.8022825049466498
2022-07-07,0.939188907327435,-2.014377516674934,-2.843119684199899
2022-07-08,0.707271734937995,-1.848747749511384,-2.6133882055200304
2022-07-11,-1.41829777254521,-1.885181565740976,-2.6805309585292045
2022-07-12,-1.52059524229626,-1.9575719263984057,-2.9263885528724676
2022-07-13,0.36245823911249997,-2.051549740151209,-2.8515411108573945
2022-07-14,-1.283222338276085,-1.964293294691538,-2.7843625560292278
2022-07-15,0.026376428261184998,-2.046716818726961,-3.0165239321543726
2022-07-18,3.194895643315365,-1.9587496024987174,-2.736695833078861
2022-07-19,0.5807710110638451,-2.2467116911306806,-3.1697491769463575
2022-07-20,2.096672676819715,-2.073924347071755,-2.9383276248997423
2022-07-21,0.9154180453917149,-1.9813916421622892,-2.725278093129815
2022-07-22,-0.71439879767385,-2.064725485224864,-2.937331245111919
2022-07-25,0.30778106169602004,-1.9024853263996877,-2.723573568498355
2022-07-26,-2.124137372919645,-1.8721240100311511,-2.675551418481198
2022-07-27,2.024149431657825,-2.158708013748362,-3.292209603320478
2022-07-28,1.95178951622286,-2.2384986554112434,-3.1146542918273914
2022-07-29,0.666647900107505,-2.2936552629554225,-3.3269067751714134
2022-08-01,0.55197070366107,-2.1228881528211248,-2.9122025249811063
2022-08-02,0.5354027957843549,-2.023834070006405,-2.852621270115079
2022-08-03,0.6081357274974649,-1.9256974711583867,-2.6708052229182493
2022-08-04,0.36005634871107484,-1.9425233607788621,-2.709717603790896
2022-08-05,0.31403678521514494,-2.0735601497989458,-2.985595871446204
2022-08-08,-0.9279402113688051,-1.9720393656388249,-2.8046890258841866
2022-08-10,-1.0767807181523,-1.9810107480923742,-2.91122668326681
2022-08-11,1.50996951465322,-1.9807315185685306,-2.922530516257498
2022-08-12,-0.24055667055251007,-1.9635323064037329,-2.848151473957718
2022-08-16,-0.37588385576529504,-1.9973305417337732,-2.9185459132664766
2022-08-17,0.51471070235229,-1.9692937229836263,-2.7869673960937225
2022-08-18,-0.33457110533834006,-1.9491405977776874,-2.7909532163399438
2022-08-19,-0.69501590587372,-1.8500080404744734,-2.592810943162123
2022-08-22,-1.5533324780910198,-2.0583699771741957,-2.927082966975059
2022-08-23,-0.04043488836303499,-2.087898855330091,-2.994247328316769
2022-08-24,-0.40880966832468,-2.168544706084571,-3.0829140144167506
2022-08-25,-0.527461107282965,-1.9725906349552906,-2.738244059448149
2022-08-26,0.43745916997580997,-2.049001582024907,-2.9886472858025455
2022-08-29,-2.8664730500824698,-2.095335564080518,-3.0082441953203625
2022-08-30,2.6238410263741203,-2.4904961393406633,-3.544665640423476
2022-09-01,-0.779689053399045,-2.4661581897088327,-3.4472138937380277
2022-09-02,-0.06616591637328995,-2.384920954626325,-3.4888684364797937
2022-09-05,0.48934315766768494,-2.3671825424582247,-3.4827620201241025
2022-09-06,-0.31475800456898,-2.258015040706507,-3.253134174782032
2022-09-07,-0.37479001474097,-2.150812926046243,-3.1618515675948857
2022-09-08,1.71728907067412,-2.142133054389396,-3.0916723735191054
2022-09-09,1.989054363793295,-2.0970935527061747,-3.0451036039884127
2022-09-12,0.945363443207155,-2.0131134698311053,-2.7825594388390598
2022-09-13,0.56254185055558,-2.06793047391496,-2.962591871706563
2022-09-14,-1.0859818277915254,-1.8709975360509001,-2.6054630169809294
2022-09-15,-1.42995659106334,-2.4125694846148895,-3.5054094374579545
2022-09-16,-2.897117279376045,-2.402416242530633,-3.4681164211725775
2022-09-19,1.4003010225784749,-2.888089639690155,-4.216301056704517
2022-09-20,0.09405986172192998,-2.729089197456734,-3.954215245700857
2022-09-21,-0.7888988584373899,-2.6412078866455975,-3.7744120612436247
2022-09-22,-0.5498531990312,-2.5623287657518845,-3.707706300106277
2022-09-23,-1.585460135879425,-2.3832898998001886,-3.476427061354607
2022-09-26,-0.12830572187436495,-2.511172717873087,-3.730579043822007
2022-09-27,-0.15026083781728994,-2.4269469720641776,-3.5560745303100387
2022-09-28,-1.056462182549905,-2.3046016194420162,-3.3678359663750834
2022-09-29,-0.15479243682330002,-2.3519452687109634,-3.366067599413709
2022-09-30,1.3672981756171652,-2.333246395648453,-3.30971572946859
2022-10-03,-1.7348021794376849,-2.2217114802866713,-3.186677790590404
2022-10-04,2.4933696105343754,-2.3015157405869324,-3.320769415019402
2022-10-06,1.32261601442088,-2.3833093104345777,-3.381266373687824
2022-10-07,-0.80102400914674,-2.221934999930731,-3.247630870480054
2022-10-10,0.44479210668717994,-2.170107376062428,-3.0856539575357016
2022-10-11,-1.6626109661642199,-2.025806817335912,-2.7637673184352507
2022-10-12,0.774865975645315,-2.258130342703668,-3.290355638074282
2022-10-13,-1.47931277659708,-2.2262308272542075,-3.218838821263253
2022-10-14,2.42647683532748,-2.1636334036012457,-3.1490718357128316
2022-10-17,2.06593672201148,-2.1139591777311417,-2.9497965348478905
2022-10-18,2.1591404672765497,-2.1486595557212667,-2.9863981455986313
2022-10-19,-1.421604656281915,-2.274904813086993,-3.274327039921487
2022-10-20,0.697730417682615,-2.28306941300263,-3.281388790279003
2022-10-21,0.47492429273135,-2.2428865915653864,-3.204340231137091
2022-10-24,1.427805001980135,-2.1361966733391253,-3.0502687353233977
2022-10-25,0.97817342825734,-2.113084981114976,-3.0869282401790525
2022-10-27,0.5614009508712251,-2.0258230342340355,-2.9604214732549274
2022-10-28,-1.12596317282239,-1.9603685861831142,-2.854948628486864
2022-10-31,1.06626412053925,-1.9714046428750553,-2.8025301513765957
2022-11-01,1.40587118594715,-1.9841876692215206,-2.942469644197019
2022-11-02,-0.895198725930775,-1.9475461303411639,-2.832844711139681
2022-11-03,0.22245206220240998,-1.8855872487166205,-2.778122261621653
2022-11-04,0.21757989267284494,-1.9818066647678736,-2.869049730492424
2022-11-07,1.4554184411374798,-1.9348043298054587,-2.8333074991605813
2022-11-09,0.23807635970428997,-2.0157626958791717,-2.9068672689542145
2022-11-10,-1.1094281183055,-2.0038716267590755,-2.86764487051317
2022-11-11,1.85008080286718,-1.9609719439283817,-2.8048906258608906
2022-11-14,-0.25121312817460495,-2.0793532454480173,-2.970737670212915
2022-11-15,0.969140718320505,-2.032020958318039,-2.8463992313019726
2022-11-16,0.18366122737516002,-1.9149255623254549,-2.7580324442173367
2022-11-17,-0.541126201418265,-1.8949186122014912,-2.7818718809465564
2022-11-18,0.492360142330145,-1.9109510424440936,-2.8012151319021403
2022-11-21,-1.180170228855625,-1.9225568773325,-2.795736338737006
2022-11-22,0.61791030060967,-1.9131143119633744,-2.811643180517679
2022-11-23,0.648553464659665,-1.843612931456951,-2.712063722572401
2022-11-24,1.59172654182711,-1.8732983462103965,-2.6671492885264936
2022-11-25,0.018890554774945,-1.834880395406995,-2.624808187348891
2022-11-28,-0.277198381935365,-1.8016745910185596,-2.683427124138142
2022-11-29,0.1696121229056437,-1.7827702150237708,-2.661445573513545
2022-11-30,-0.322962618609395,-1.7509317224207328,-2.610082653575399
2022-12-01,1.13957173297743,-1.6865223192391625,-2.5089189706917883
2022-12-02,-0.627949241514475,-1.7215995991529944,-2.493059428636102
2022-12-05,0.852477451943185,-1.7230695178583606,-2.501475470922767
2022-12-06,-1.50644187849987,-1.6746193209013849,-2.4233888856242998
2022-12-07,-0.38618627951851503,-1.7487864119344398,-2.593093214950881
2022-12-08,0.831632242888005,-1.7718861228045986,-2.6254242511480204
2022-12-09,-1.199546593200775,-1.721476877510572,-2.5981130560486627
2022-12-12,-0.9897400781786301,-1.966198466569535,-2.9291078433336626
2022-12-13,1.1007313637025251,-1.9650076386762487,-2.9627729294046414
2022-12-14,0.934421546668025,-1.996382685990513,-2.9428519051287494
2022-12-15,-2.0161785785420854,-1.8863360443672248,-2.7683851138787765
2022-12-16,-1.63093737768836,-2.0905081544742874,-3.076526145046631
2022-12-19,-0.39910312798469993,-2.145340895108477,-3.136402483994027
2022-12-20,-0.001654893060191852,-2.0600548086939736,-2.9912204287059763
2022-12-21,-0.8479240706575649,-2.08666258020291,-3.1013935022989494
2022-12-22,0.41232900039705506,-2.013541638110804,-2.946251763574109
2022-12-23,-2.488381890629385,-1.9622324162836045,-2.893455658060323
2022-12-26,2.149460524682405,-2.201244440136555,-3.1079674488256344
2022-12-27,0.81296228925631,-2.2735534129867103,-3.2923435711532165
2022-12-28,-0.226032723153275,-2.1830599474599257,-3.178917466370254
2022-12-29,1.130778907316655,-2.211305254648991,-3.166905419224478
2022-12-30,-0.153985885684335,-2.0845064500871544,-3.0047149669244995
2023-01-02,0.39873076211904507,-2.0679860428079313,-3.006819967768353
2023-01-03,-0.03126407684844999,-2.042557669662755,-2.956774561032631
2023-01-04,-1.5110468182722552,-1.9992000502387683,-2.8636353228611626
2023-01-05,-0.668210621716365,-2.010722382922499,-2.9671078973134235
2023-01-06,-1.282305564215375,-2.0572517196032214,-2.9453364603425634
2023-01-09,1.80922989751867,-2.008887434420081,-2.938446966794883
2023-01-10,-1.540993121355605,-2.1294640905627364,-2.945785223621701
2023-01-11,0.181054419620645,-2.0764220316777537,-3.024537942814404
2023-01-12,0.16569646600244,-2.0210945766293675,-2.936971539588839
2023-01-13,1.20754033903006,-2.01189138206731,-2.8571096768834594
2023-01-16,0.96239377303806,-1.8755034461563573,-2.7432037227809833
2023-01-17,-0.3835937781684301,-1.845275979463233,-2.796316335697844
2023-01-18,0.06462236144868,-1.9202615825915668,-2.8675599712354534
2023-01-19,-0.346202574588975,-1.8730805047418746,-2.7806002825569855
2023-01-20,-0.23682934289078994,-1.8605077531620582,-2.702881663005651
2023-01-23,1.422185142158845,-1.8020556363584654,-2.655408378077396
2023-01-24,-0.384738079272525,-1.7643761800755753,-2.6086211414576206
2023-01-25,-2.493339147814275,-1.7903093517593935,-2.6115382384375043
2023-01-27,-3.372700499646635,-2.1905266551059803,-3.1467512024446775
2023-01-30,0.4802821826617851,-2.7894920684340168,-4.061399632571234
2023-01-31,1.237209527697115,-2.6095342176501504,-3.6940340001830148
2023-02-01,-1.857432248382945,-2.483459714387019,-3.590104522390102
2023-02-02,1.1126123086634951,-2.8146325751064443,-3.9695285278078507
2023-02-03,1.993219978275295,-2.7629464807704673,-3.7900105826242636
2023-02-06,-0.8222934124185299,-2.7198874134438094,-3.8865712774377816
2023-02-07,-0.082251054409375,-2.6462021793570143,-3.801823016469814
2023-02-08,1.1328794014344301,-2.6333770945931727,-3.7435942044963757
2023-02-09,0.921598036171725,-2.493834985108829,-3.6270612592738356
2023-02-10,-0.05812880805240497,-2.4378738211118836,-3.3766094286022876
2023-02-13,-2.720136025354085,-2.3086814767683648,-3.3710948991942624
2023-02-14,1.12696094303481,-2.5695581943904,-3.61967678110662
2023-02-15,0.24837232509621499,-2.432140555440386,-3.462300127040542
2023-02-16,-0.05016529129475003,-2.30032038506302,-3.4108260675919344
2023-02-17,-1.4146489878536999,-2.2664096011899804,-3.271241901508587
2023-02-20,-0.28157181296821,-2.2740953179423533,-3.3289342815430114
2023-02-21,-0.570397034810295,-2.2901004475715916,-3.2220128260134353
2023-02-22,-1.2462995031585,-2.1411999561122075,-3.140271979960923
2023-02-23,0.09163297141180005,-2.15234678503127,-3.076230150285974
2023-02-24,0.0031879104006563366,-2.1262879063089573,-3.0995326924486335
2023-02-27,-0.71730893151779,-2.0771211228867985,-3.000203280021489
2023-02-28,-1.192224619232235,-2.173753289547571,-3.1961326311743243
2023-03-01,1.596899873831305,-2.196557692033119,-3.165800916335168
2023-03-02,-1.08079377595886,-2.1128945054597845,-3.037576159923159
2023-03-03,2.749746822897805,-2.106367749771542,-3.1051667758664543
2023-03-06,0.987036357631795,-2.4132601310827297,-3.3959688085831985
2023-03-08,-0.21645730335851004,-2.247407146826612,-3.2521879497539774
2023-03-09,-0.938758324376245,-2.2058614726760464,-3.2516861049342234
2023-03-10,-1.3439114490655502,-2.2553847197635406,-3.2882375186962745
2023-03-13,-2.86466016576632,-2.1751228485578284,-3.166551378101244
2023-03-14,-0.9647392543726301,-2.4233637593230197,-3.5751220090825884
2023-03-15,-0.76501261869064,-2.4622300717669106,-3.6094960164171876
2023-03-16,0.11626732119855998,-2.4092463672993345,-3.59492653964062
2023-03-17,1.09036855828482,-2.3676200910769327,-3.360357189201477
2023-03-20,-1.614206955596845,-2.317455008329361,-3.329989393763902
2023-03-21,-0.20889357507585,-2.370720140168105,-3.4045296216459273
2023-03-22,-0.080903436127755,-2.3206449187459794,-3.2391286438410196
2023-03-23,-1.382713384751535,-2.237235650692909,-3.200645252763833
2023-03-24,-0.5054596880563951,-2.2122904217894366,-3.1948428654557883
2023-03-27,0.77235728291152,-2.202841342828214,-3.333667609506203
2023-03-28,-0.611588885570465,-2.0980990684986174,-3.10972216874082
2023-03-29,1.035347202932535,-2.063683904347077,-3.0131010273795313
2023-03-31,2.276311203149705,-2.075289323006518,-2.9090178745707953
2023-04-03,-0.31679297042881,-1.9681225789098418,-2.7121320218750418
2023-04-05,0.09084481110559,-2.034357925996878,-2.9481643727819753
2023-04-06,0.38460031981389503,-2.0120426401778597,-2.841014401292833
2023-04-10,0.07193878740558501,-2.0125854491723816,-2.879296244067159
2023-04-11,-0.20895944764696994,-1.9059220636398835,-2.766165112834638
2023-04-12,0.4136556454461349,-1.8803224345717644,-2.7578314413434843
2023-04-13,-0.9402218456790601,-1.9285636358410756,-2.819028916152491
2023-04-17,-3.9222315428598598,-2.0056472502078617,-3.0095214638201906
2023-04-18,0.21145095391684,-3.532085533898219,-5.507965694222935
2023-04-19,-1.600703428488595,-3.3586275687391733,-5.213665060361832
2023-04-20,0.056346005539874955,-3.194809222363385,-5.057400287926047
2023-04-21,0.009518480200504997,-3.0818409472761683,-4.7788659646608815
2023-04-24,1.0002801311180949,-2.975492372136419,-4.534694495980246
2023-04-25,0.58781659684913,-2.8413610900937574,-4.269417810103133
2023-04-26,0.51137337777169,-2.641840218882258,-4.0016690394412935
2023-04-27,0.61448315326516,-2.514453035479536,-3.737423195338287
2023-04-28,1.445589552334275,-2.4075772362198804,-3.5979810705693
2023-05-02,0.7161720460926,-2.496996255345712,-3.6396070447134763
2023-05-03,-0.744846793746085,-2.369075925420383,-3.555739805805699
2023-05-04,0.998804941996755,-2.1885965768217943,-3.5016807742517413
2023-05-05,-0.8731987986193901,-2.2277304851560475,-3.261570183285609
2023-05-08,0.8694789317347351,-2.1500031405807314,-3.197018910741376
2023-05-09,-0.671819628059845,-2.0308715314073447,-3.0496166741753004
2023-05-10,-0.40747128168923996,-2.0914905100644154,-3.1479054565956006
2023-05-11,-0.17469477786512502,-2.004102869777825,-2.9820461173007833
2023-05-12,-0.027650550715874966,-1.9858176289976297,-2.979999631418913
2023-05-15,0.8485194496910349,-1.8757737129119234,-2.8151787626911955
2023-05-16,0.61251278270044,-1.8691791665016808,-2.9236520142537823
2023-05-17,-0.692915994035285,-1.8304765090055708,-2.762761683082483
2023-05-18,-1.07878579450085,-1.7850866273237116,-2.714249427939365
2023-05-19,0.993257741251405,-1.9600210568327172,-2.9007359621119777
2023-05-22,1.10657992165423,-1.9504498833110977,-2.920698785182939
2023-05-23,0.6636361307491501,-1.8748212453228612,-2.8385342516163328
2023-05-24,0.04060914654028,-1.7906903652699264,-2.687418859340041
2023-05-25,0.09439597341606998,-1.7961307671977136,-2.7459375037301017
2023-05-26,0.9066026769685451,-1.7651191075842871,-2.681786371566082
2023-05-29,0.646203004613975,-1.7796499874835536,-2.672124845198455
2023-05-30,0.172966934940125,-1.7048198889434676,-2.59489366515279
2023-05-31,-0.352130548757225,-1.7329772496962892,-2.6007530224888296
2023-06-01,0.294940869560835,-1.6309066830573438,-2.4521025054673324
2023-06-02,0.26501772062733503,-1.6343833752956158,-2.3904468687066727
2023-06-05,0.21125321748030498,-1.6082236860513122,-2.424235937698849
2023-06-06,-1.144838108104645,-1.6033006900956988,-2.337415287951523
2023-06-07,0.7152511388822049,-1.650002841455464,-2.5631840999155533
2023-06-08,-0.29857236162521,-1.6346489383429261,-2.503907924388665
2023-06-09,-1.50076029591602,-1.60416140162059,-2.4888247253838274
2023-06-12,1.0121856873067547,-1.7006190907504897,-2.6211796460391183
2023-06-13,0.301970408381385,-1.745370193947028,-2.630221539737752
2023-06-14,-0.15779653380921999,-1.755943061369405,-2.5931449027408897
2023-06-15,-1.4049226547136349,-1.6181156508792842,-2.43624611350019
2023-06-16,0.6055937650325649,-1.7899899718730994,-2.6528888860064765
2023-06-19,-0.11962624355191502,-1.7014888395101555,-2.6068594489526777
2023-06-20,0.23429659039454503,-1.6856101417940323,-2.502296726546252
2023-06-21,-0.248228614994775,-1.6645828596789305,-2.4938216039149856
2023-06-22,-0.9907613022875499,-1.658625219331914,-2.4882654721239197
2023-06-23,-1.397095941470205,-1.7129252046514145,-2.5173498446745617
2023-06-26,0.43140601628092,-1.745677854877513,-2.6187842218205004
2023-06-27,1.15095904938211,-1.7165232870591818,-2.5844154733388662
2023-06-28,0.877734176309265,-1.750104855773282,-2.6167328661450093
2023-06-30,1.8704215899670398,-1.7150740754019347,-2.573115515964313
2023-07-03,1.020413669354145,-1.7719446408705026,-2.6473195668882816
2023-07-04,0.7509078590599501,-1.7344441103348005,-2.5778080295020263
2023-07-05,0.19427011877788497,-1.7386698713597686,-2.482854499562378
2023-07-06,0.03425931832980497,-1.6285434131871983,-2.551643506688166
2023-07-07,-0.41958419565126004,-1.603461087383789,-2.4735152841161296
2023-07-10,-0.12378265296223499,-1.549642077838585,-2.308925833023006
2023-07-11,0.3834772014856399,-1.60086933116902,-2.396864198149458
2023-07-12,-0.5110558308049901,-1.5691239941836244,-2.3906981854210736
2023-07-13,0.8721139818726651,-1.6438668582840639,-2.4523972818969297
2023-07-14,2.073699301443935,-1.6471060050032273,-2.576044508690071
2023-07-17,1.3034694820688548,-1.7237722241858902,-2.6556004757173266
2023-07-18,1.0698918831227,-1.7869124610529519,-2.6870523064874012
2023-07-19,0.753814773419645,-2.020927558475366,-2.9002414857910535
2023-07-20,-0.160395024996,-1.8769777160849557,-2.8399601822667475
2023-07-21,-3.8296803033541096,-1.8731687994258641,-2.8393576531352256
2023-07-24,0.3942477397614,-3.1754580016771388,-4.946873660709554
2023-07-25,-0.73082132248699,-3.0464012609765296,-4.6665595004727605
2023-07-26,0.9841986495193351,-2.7634558634615,-4.40344523394484
2023-07-27,0.272804601308375,-2.561242766961075,-4.123475443272272
2023-07-28,-0.5101926552002849,-2.3854461824564677,-3.818884518228697
2023-07-31,0.8994657138709101,-2.2893125710245705,-3.7485114290642376
2023-08-01,-0.32860330945683003,-2.103553834736808,-3.283239645569024
2023-08-02,-1.413960156006885,-2.1384642353244607,-3.420734198451085
2023-08-03,-0.39487796814337506,-2.2103778903906437,-3.426508305213207
2023-08-04,-0.9657501017957,-2.1127528160843223,-3.484843765902575
2023-08-07,0.05544901624336995,-2.242376654477791,-3.308227952269247
2023-08-08,0.35512375369500504,-2.12425481895686,-3.2387906496522865
2023-08-09,0.20751904043815,-1.996262267850177,-2.9347207299563265
2023-08-10,-0.199119633554975,-1.967780256844428,-2.9528624549700306
2023-08-11,-0.5812303935983599,-1.9014510204040296,-2.94955887542381
2023-08-14,-0.3916107340019349,-1.8853589303132359,-2.871790880219237
2023-08-16,1.291301353955145,-2.034571809267969,-3.053562284887896
2023-08-17,0.35223523297864506,-1.9879623028414506,-2.957073723145894
2023-08-18,-0.742550217513445,-1.8926136509155125,-2.9309158076946424
2023-08-21,0.48489029326619004,-1.9753823617228818,-2.880049954700724
2023-08-22,-0.33939556139139504,-1.9078701756804461,-2.907135436205002
2023-08-23,0.882763001629645,-1.8139958963750882,-2.7795124502868376
2023-08-24,0.5570318480395449,-1.7838677864197727,-2.773880623892576
2023-08-25,-0.733418128314095,-1.7004296010314814,-2.6673088758405736
2023-08-28,0.09683223398356,-1.7871659266559716,-2.69592247878911
2023-08-29,0.244854149997545,-1.7074378935802903,-2.5710128474536713
2023-08-30,-0.03878674965292506,-1.687399120738429,-2.5064370180738855
2023-08-31,-0.525550574433755,-1.7723112481923249,-2.718352033294164
2023-09-01,1.016834826043105,-1.7639843770224775,-2.628544106153714
2023-09-04,1.25449024016427,-1.6850087815511001,-2.582007713561052
2023-09-05,0.24674145024535496,-1.6802557740144874,-2.5962183366289318
2023-09-06,-0.26768189074676,-1.6793902187450873,-2.5889179903761437
2023-09-07,0.361611095963735,-1.646120476961127,-2.5572832103062346
2023-09-08,0.49430450063336,-1.6902987871293553,-2.4949037407927115
2023-09-11,0.9345654177565401,-1.553440793643674,-2.2895946670284073
2023-09-12,0.54399259959401,-1.6159357212815504,-2.4738060434139744
2023-09-13,0.591994954450925,-1.6839693804179376,-2.4847892410895693
2023-09-14,0.357352799976525,-1.5557811312151433,-2.4408660716503645
2023-09-15,0.27946314256754,-1.6226729842192558,-2.4698714043433685
2023-09-18,-0.23107361437295998,-1.5796885633265778,-2.348088556969683
2023-09-20,-0.28848764898398005,-1.6228801972573665,-2.428815124653628
2023-09-21,-0.7046002806331799,-1.5420646221178538,-2.307351236419971
2023-09-22,0.656181493870865,-1.6960007721735415,-2.5467744169594764
2023-09-25,-1.08458823236611,-1.709362849232358,-2.5374628110346857
2023-09-26,-0.43054263258765,-1.7274728454565944,-2.6561962969473383
2023-09-27,-0.17580075558030503,-1.729939259068813,-2.674666355233794
2023-09-28,-0.9309619192676201,-1.6844749418491847,-2.4995937848482273
2023-09-29,0.584477289377765,-1.7653635553957694,-2.69682905889857
2023-10-03,0.31568113420143,-1.7057777348194394,-2.473939939189302
2023-10-04,-1.044818346284245,-1.7265546613484768,-2.605473540543492
2023-10-05,1.157553945823865,-1.8700319875943365,-2.745034966906386
2023-10-06,0.69533352490093,-1.7992881284701288,-2.7947301165389966
2023-10-09,-0.885883930652505,-1.7709165441938994,-2.636552075039747
2023-10-10,1.219807840324195,-1.809076326697284,-2.731143794600278
2023-10-11,-0.30475967620329497,-1.7300771757448283,-2.522597214003027
2023-10-12,-1.17225607941239,-1.7258107621671137,-2.610446416062139
2023-10-13,-2.03776037113729,-1.78239537915903,-2.7529036098512254
2023-10-16,0.061289570462954995,-2.0010030092511117,-2.9997332676464783
2023-10-17,0.35797644504942,-1.8397972742856235,-2.7591812506211437
2023-10-18,-0.39659746125598,-1.8179713145206293,-2.7983619652504745
2023-10-19,-0.36682820159933505,-1.7799110857393368,-2.7168853138575106
2023-10-20,-0.9378219177138399,-1.6997520314237609,-2.448680798642361
2023-10-23,-1.56536573822261,-1.7811246530568674,-2.6162011722627594
2023-10-25,-0.45318692158959506,-1.8436142798293196,-2.7337358006180557
2023-10-26,-1.22231133918033,-1.903247278940603,-2.9434683695748745
2023-10-27,2.03982873475196,-1.8634692136687416,-2.7017719938283133
2023-10-30,0.239883866508155,-1.837626276721915,-2.629545593161176
2023-10-31,-0.28411965368667497,-1.8243280425057824,-2.6457538326403056
2023-11-01,-0.44831805523864,-1.7403639331047929,-2.4794258470300026
2023-11-02,1.0879779124053601,-1.7137441053733704,-2.424307551282355
2023-11-03,1.2109743964860051,-1.6697839133904737,-2.3919047730512477
2023-11-06,0.18060629567447,-1.685533194769233,-2.460768917207045
2023-11-07,0.503512100257125,-1.687442249709713,-2.4223202238898605
2023-11-08,-0.428386927229575,-1.6674841549189476,-2.4035123384588513
2023-11-09,-0.754031905236715,-1.6283630941406257,-2.367709317667334
2023-11-10,-0.11754479443319998,-1.6241079215919392,-2.4513513415662618
2023-11-13,0.330748258501955,-1.6337629660504223,-2.431831889305099
2023-11-15,1.6145795230734499,-1.6029398565394148,-2.267759882785087
2023-11-16,1.200519165723799,-1.5689751288368752,-2.421500423764088
2023-11-17,-2.137241541242655,-1.6445105224717151,-2.4515939010698378
2023-11-20,0.029069553357375003,-1.970199771474839,-2.83802247302463
2023-11-21,-0.116490096321105,-1.8322485134181354,-2.723160590987734
2023-11-22,0.421412236453265,-1.8545096029338066,-2.69884039819846
2023-11-23,-0.204744244279295,-1.7957083755030692,-2.6544726274197092
2023-11-24,-0.37481106338563,-1.7794702251315313,-2.6082249617624047
2023-11-28,0.5485383433073701,-1.7815077825965016,-2.590730010501771
2023-11-29,0.94856663127623,-1.6576281419573007,-2.3338205083754766
2023-11-30,-0.49236624326816997,-1.6725889105851912,-2.4766726867863427
2023-12-01,0.517901341663815,-1.6354626253342983,-2.3028998806315752
2023-12-04,2.3809182358632848,-1.6257467267647758,-2.4093952681680983
2023-12-05,0.7700691464140649,-1.7182895349402123,-2.562458766369016
2023-12-06,0.7114092475699101,-1.811068559412432,-2.6493146732068333
2023-12-07,-0.019337855397540016,-1.7467577156146563,-2.562902708350236
2023-12-08,1.05377853277488,-1.7463437562572761,-2.4700012398429294
2023-12-11,-0.080803754932215,-1.685519360095364,-2.431064804116592
2023-12-12,-0.57077583837344,-1.699034352450456,-2.4626121957249056
2023-12-13,-0.3202122748459151,-1.650231387573706,-2.4828798696984897
2023-12-14,2.083477967334015,-1.7883325388723417,-2.636755003480315
2023-12-15,4.433367834611319,-1.8352793258596973,-2.737464386173579
2023-12-18,-0.42778491252722,-2.1658163591385504,-3.2484824097247897
2023-12-19,0.3354468729786999,-2.144270237851423,-3.106396174424428
2023-12-20,-2.174672090217325,-2.0032277557657427,-2.8688758149846034
2023-12-21,0.557206068214905,-2.1683289753788504,-3.1783369758570705
2023-12-22,0.32140687312742,-2.1560017000692078,-3.174285004170413
2023-12-26,-0.50797294969352,-2.091595127890934,-2.9959472882920357
2023-12-27,1.56025796376371,-2.0214969428281395,-2.977751701709349
2023-12-28,0.07705785296825499,-1.9832441206203701,-2.9253163265524873
2023-12-29,-1.358852263530445,-1.9101065561106938,-2.704649732210339
2024-01-01,0.21854251723738502,-1.9571326292710778,-2.8701232073419924
2024-01-02,-0.69764490470075,-1.8830654904537383,-2.762716897536031
2024-01-03,-1.15637392274102,-1.8929236255319897,-2.8417043479857074
2024-01-04,0.701572262229935,-2.0943564269877255,-3.0883713824625043
2024-01-05,0.5895866279877601,-1.9647638210722393,-2.9369477576294294
2024-01-08,-1.4973097577919399,-1.9500617182400561,-2.889391896305806
2024-01-09,0.08521194774689,-1.9376475904087644,-2.8680067639962945
2024-01-10,-0.600946072074085,-1.9013440564663333,-2.8307777295150025
2024-01-11,-0.9774819588404601,-1.8657534625551964,-2.70992709349692
2024-01-12,4.886275763767349,-1.827352397774416,-2.613354941055259
2024-01-15,1.7156485991402548,-2.2872961334065955,-3.330581059660245
2024-01-16,-0.8764186607969601,-2.282295599636879,-3.4787075140490122
2024-01-17,-0.5987290007645449,-2.237961573093555,-3.384079083908439
2024-01-18,0.25646692656137,-2.1741353546519333,-3.247051921418615
2024-01-19,0.45897943233429495,-2.042573129170144,-2.985628277168667
2024-01-23,-2.353876738615135,-1.896208074860488,-2.74682104395609
2024-01-24,2.08128026931505,-2.088927124927005,-3.1282743912756796
2024-01-25,-0.639199347325385,-2.152372425450937,-3.169443180417283
2024-01-29,0.44959765264619,-2.0728588756657653,-3.012803061902874
2024-01-30,0.148387154665585,-1.9905150019163165,-2.8102737968648834
2024-01-31,1.370369938173445,-1.9417458709081012,-2.755915651443756
2024-02-01,0.439035869650115,-1.9530913454099461,-2.7029591509803996
2024-02-02,1.237655585837715,-1.8202335356107922,-2.55008391917903
2024-02-05,-0.70026174675356,-1.7595780093184998,-2.5189530401396696
2024-02-06,1.80115118357894,-1.8021719930851086,-2.517771419180278
2024-02-07,0.8433785326545351,-1.8446471814004943,-2.714892028095801
2024-02-08,1.7189870728963752,-2.101847175398182,-2.9784397064527584
2024-02-09,1.127153596747385,-2.126503263692881,-3.0949793664368643
2024-02-12,-0.8897277648130901,-2.219079417881842,-3.233897748665874
2024-02-13,0.522734908368005,-2.2417955513894987,-3.1707970277460955
2024-02-14,1.5084480423055249,-2.149116469759464,-3.144869327995654
2024-02-15,1.51958617430095,-2.280736794359954,-3.2678171368110043
2024-02-16,0.28735793583777003,-2.166393578074539,-3.084652950494672
2024-02-19,0.24468153634563,-2.1559808930367153,-3.2261354887567713
2024-02-20,-0.37242183908161,-2.127150956546945,-3.0583763901873753
2024-02-21,-0.14469900944015512,-2.1066053850287725,-2.9229796445343426
2024-02-22,0.40893183564661495,-2.1531683650519136,-3.0792711844432707
2024-02-23,-0.583196982174345,-1.967356974756855,-2.770663089140253
2024-02-26,-0.51032592586986,-2.0077761997375,-2.7781452881970745
2024-02-27,-0.496050705479075,-1.9781183525742312,-2.833871846941697
2024-02-28,-0.26311667028201,-1.9110517457040925,-2.6547995544687417
2024-02-29,0.45490494500793,-1.8658364408458985,-2.6034085857088867
2024-03-01,0.810639554786425,-1.8151868048486923,-2.5478389609331287
2024-03-04,-0.343448184484035,-1.8677589760549225,-2.556593202581485
2024-03-05,-0.181673088530665,-1.8435763847545106,-2.5603272001872472
2024-03-06,0.3395441713945102,-1.900629681885866,-2.607295082074622
2024-03-07,0.22998649534770998,-1.8304935626423802,-2.609114852106047
2024-03-11,-1.41155156397673,-1.7368979327476244,-2.3976828136453388
2024-03-12,-0.528717779416435,-1.8962929310690098,-2.6169842859879253
2024-03-13,-0.874264250025185,-1.821524763440295,-2.5633939665963226
2024-03-14,0.8669140358071601,-1.9052996866425431,-2.6523967763167375
2024-03-15,-1.208322764251495,-1.801685742038251,-2.5195799139556967
2024-03-18,-1.033565697459725,-1.8659886837911088,-2.596114583574543
2024-03-19,-1.793687690846435,-1.8048946552789245,-2.534666119006659
2024-03-20,0.64415919993978,-1.9169673482115284,-2.678473731178814
2024-03-21,0.535678817257795,-1.8460175548029576,-2.6283481185388653
2024-03-22,-1.3357686614662998,-1.8463250663997883,-2.5255431942174136
2024-03-26,-0.9870189867713499,-1.8653401418210185,-2.550641600045079
2024-03-27,-0.7537967488193751,-1.8877406241502417,-2.5869675140577084
2024-03-28,1.7585417540988,-1.7855234486984073,-2.4035490434546456
2024-04-01,0.30701789102534,-1.7895964022688529,-2.495085827574548
2024-04-02,0.10819741186132498,-1.843738007285405,-2.531668378176852
2024-04-03,0.228215960236695,-1.8083576900361844,-2.415311590072285
2024-04-04,-0.5639315154195099,-1.7523853441338595,-2.452244585195648
2024-04-05,0.10134428683569502,-1.7513604448541913,-2.4505358582395003
2024-04-08,0.15036612213828,-1.6677557515097143,-2.32248913065161
2024-04-09,0.34326827998317005,-1.6742788145364345,-2.3402152839224484
2024-04-10,1.3604023090684152,-1.6855620030524165,-2.3072192492885897
2024-04-12,-1.562170566985825,-1.6463651371988621,-2.297488353845646
2024-04-15,-1.139664257128,-1.7743955785160923,-2.4408764413133412
2024-04-16,-2.247436047362285,-1.7285935504995091,-2.4045791152467917
2024-04-18,-0.29168520228850003,-2.310369906410892,-3.230526370187029
2024-04-19,0.09522995330296996,-1.782668934424386,-2.4396045337426098
2024-04-22,1.78797135576826,-1.7026769065729923,-2.3088855355234696
2024-04-23,0.783957930746655,-1.706303643178313,-2.332895066459479
2024-04-24,-0.39902145142810497,-1.6376098403639299,-2.208834217859913
2024-04-25,2.76605310126585,-1.713986738576793,-2.3211267929301997
2024-04-26,-0.99217316727927,-1.69810977973583,-2.3484683728156948
2024-04-29,1.70529421058827,-1.789597008914797,-2.4129799858077323
2024-04-30,-0.512449271805405,-1.7892121494529747,-2.448240758881575
2024-05-02,0.014255069988705016,-1.8272120595437062,-2.5176885605148964
2024-05-03,0.149615351689385,-1.7436202848007871,-2.4083724521620726
2024-05-06,-1.105065056472725,-1.691491710995136,-2.367593369959577
2024-05-07,0.15843882262084508,-1.8063223018211871,-2.4874170774069744
2024-05-08,0.07597290192718509,-1.7777329571164615,-2.523129769569498
2024-05-09,0.9792524780481949,-1.8673822615986595,-2.5528003663713132
2024-05-10,-0.661096641795505,-1.7807196560265337,-2.458341173656957
2024-05-13,-0.5766947569828901,-1.8371812415805047,-2.562889104226636
2024-05-14,0.6216440314791399,-1.770662429739666,-2.401793023962454
2024-05-15,-0.038819751465555025,-1.6761151386215047,-2.3639304167983948
2024-05-16,0.6509220379598448,-1.7346861526021675,-2.428364746498899
2024-05-17,0.049682223714094975,-1.7749179908856243,-2.490663229209458
2024-05-21,0.4238666081761451,-1.723607984139804,-2.412688445548768
2024-05-22,0.82484131216494,-1.727780585711956,-2.381627463069418
2024-05-23,1.409951888354755,-1.6890396354298383,-2.289174097466067
2024-05-24,-0.459264375715265,-1.653964847075657,-2.3369979045063456
2024-05-27,0.519646817759595,-1.6401716201367278,-2.2771241345306072
2024-05-28,-0.29950103685166,-1.5877224691749623,-2.226140061978038
2024-05-29,-1.06572995365751,-1.6094466662039493,-2.1867294170391007
2024-05-30,-0.6223319707326,-1.7169766164651437,-2.3721240328501634
2024-05-31,-0.17232264027851502,-1.766396176296575,-2.4139292698526855
2024-06-03,4.30472869870611,-1.678418568542899,-2.337310624545632
2024-06-04,-8.214169047788035,-1.9798291358992053,-2.6325262314906053
2024-06-05,2.2206726681565,-3.4548379110615803,-4.882246262922012
2024-06-06,3.14544984782865,-3.3006865058999653,-4.743730967471744
2024-06-07,2.830686173524505,-3.3469079923168894,-4.692154518684624
2024-06-10,-1.00465193932458,-3.4043091783916863,-4.752729927541993
2024-06-11,0.09137414274071504,-3.348739607115639,-4.690719421949926
2024-06-12,-0.14193180085490503,-2.8270942313075835,-4.133312609118648
2024-06-13,0.578919017503865,-2.6277698793522486,-3.7937309470026923
2024-06-14,-0.44855096486932505,-1.611556905652564,-2.368179901159877
2024-06-18,0.6497995041037901,-1.59752312997845,-2.3291177263121305
2024-06-19,0.89055809772113,-1.7184603937919052,-2.6040683286427977
2024-06-20,-0.3879051206989949,-1.6954897170082888,-2.484789369462407
2024-06-21,0.12413164167559487,-1.6589247221092527,-2.4277352898311677
2024-06-24,-0.39707851059608,-1.63045128865423,-2.405643725421848
2024-06-25,1.05239970208438,-1.7534118287438207,-2.6092386797431026
2024-06-26,0.14314215967174998,-1.742856729028988,-2.5076416675630497
2024-06-27,0.968598600152975,-1.7165162085439607,-2.4767231674371577
2024-06-28,0.08220654838467498,-1.749773807241635,-2.5006503896534515
2024-07-01,0.3477007396650749,-1.6159485837272303,-2.4087612637497995
2024-07-02,-0.005357180176394971,-1.674636473561174,-2.4561367554847893
2024-07-03,1.0237765318068,-1.73062470847362,-2.5006459850363614
2024-07-04,0.670564001319355,-1.6781703127095056,-2.4063467693746357
2024-07-05,1.1066467928588601,-1.6885882170051285,-2.3771197893854703
2024-07-08,0.22516031574488504,-1.7777614401193287,-2.539747131765697
2024-07-09,0.15843209582954,-1.6881828051330874,-2.383635411067817
2024-07-10,-0.988441022587485,-1.6983180524868677,-2.4563599792591404
2024-07-11,0.58624264881784,-1.7270354414558005,-2.4930114714166143
2024-07-12,1.93008105578935,-1.6438926750426717,-2.3326920493211603
2024-07-15,1.106089317847895,-1.827011332045054,-2.647345951296779
2024-07-16,0.516550757463595,-1.8183545924052804,-2.6568529685373514
2024-07-18,1.6427473997072999,-1.7297487581435258,-2.484147242098538
2024-07-19,0.74727923125749,-1.8001918126631842,-2.563904140618428
2024-07-22,-0.21389713383667003,-1.6893485175645326,-2.4155030794248096
2024-07-23,-0.026937878395835058,-1.7420975817100048,-2.412102719645001
2024-07-24,-0.77389257178909,-1.7381395910594624,-2.49483300056828
2024-07-25,-0.45453634464396997,-1.699571127146113,-2.3958509101083982
2024-07-26,2.274792283160065,-1.7306021631453212,-2.4442455232285125
2024-07-29,0.31966754949682,-1.8655036279391812,-2.5994994612343643
2024-07-30,0.23020206067672,-1.7067188717121489,-2.4760695552689977
2024-07-31,-0.260543869205415,-1.6229618289950543,-2.3473734871355463
2024-08-01,-0.9825537815549099,-1.6057524446920255,-2.3234490283806757
2024-08-02,-1.719990364140735,-1.67298717383275,-2.382929917484839
2024-08-05,-4.12145694328156,-1.885961588050328,-2.703400588008352
2024-08-06,-0.8896698306695949,-2.920449075745786,-4.156059517719152
2024-08-07,1.826320874037925,-2.2403273681499054,-3.1312699860924877
2024-08-08,-1.409269368565105,-1.9989635663263876,-2.9056594539924494
2024-08-09,1.7809938536218701,-2.3367855219709117,-3.3587211975998423
2024-08-12,0.03212313301462999,-2.0105543356583464,-2.847402486833729
2024-08-13,-0.9333348923650902,-1.851222255261503,-2.6421657202006
2024-08-14,1.053094711857925,-1.894057264811165,-2.7151152171764914
2024-08-16,1.5329928422976051,-1.820832080867532,-2.5885706899264287
2024-08-19,0.255517852019455,-1.7828187155490596,-2.670049559375159
2024-08-20,0.601937272024055,-1.6643944893607479,-2.4728599782063085
2024-08-21,-0.27702023677376997,-1.7033919930755843,-2.492301258638399
2024-08-22,0.49154873985379005,-1.626274069132272,-2.304679932887101
2024-08-23,-0.787627902194165,-1.5264403114753173,-2.2249678890356264
2024-08-26,0.357447889349635,-1.765892104751698,-2.523089553715121
2024-08-27,0.68635184268847,-1.6035127121358252,-2.3009887462017895
2024-08-28,0.6159413088382849,-1.5939113257875503,-2.252615052074796
2024-08-29,0.16557413844744004,-1.5926660001030637,-2.2963375613020953
2024-08-30,0.334436473192665,-1.6157339579243142,-2.3776424282035236
2024-09-02,0.93216530802758,-1.5299617991900618,-2.2340626033646163
2024-09-03,-0.43437989040873504,-1.5796816214589477,-2.3407159329669747
2024-09-04,-0.9922907885162449,-1.7152656963915467,-2.436703169933855
2024-09-05,0.415118265293135,-1.6703273252833002,-2.3262968745780173
2024-09-06,-3.080429940785555,-1.5565318990222807,-2.2756064463605563
2024-09-09,-0.07795076441149001,-2.341926938071119,-3.2954491480084718
2024-09-10,0.361516584608935,-1.9300698970132262,-2.7877212488705774
2024-09-11,-0.961993098838875,-1.8434769009897167,-2.643832507537919
2024-09-12,2.27442033480838,-1.9149737247460372,-2.7117270757826506
2024-09-13,0.03332633868161,-1.9669723257449483,-2.776478792019243
2024-09-16,-0.17828774463869002,-1.8951239668240882,-2.67333347888931
2024-09-17,-0.11001772075617999,-1.7928992752976602,-2.5730159407471174
2024-09-18,-0.945980656618465,-1.7432308429486527,-2.4969789148152093
2024-09-19,-0.12277430472956499,-2.2851683817248354,-3.287918910833331
2024-09-20,-0.22097522084184995,-1.7416809395636454,-2.497880259502099
2024-09-23,1.02792535314992,-1.736570537250314,-2.4835342694387883
2024-09-24,-0.16833176632974997,-1.8085094278239982,-2.5838150930334525
2024-09-25,-0.410604127404805,-1.748642726674062,-2.5370950332830615
2024-09-26,0.6790225598646249,-1.66772351410802,-2.453415467782859
2024-09-27,0.220604326339645,-1.6954300708497672,-2.4709118619871018
2024-09-30,-1.750958557601995,-1.6686589102221485,-2.3656328477309536
2024-10-01,1.3316412332935652,-1.9720756668263617,-2.7472538570246097
2024-10-03,-0.467455818427165,-1.802795729738754,-2.6175701150258055
2024-10-04,0.809654100417025,-1.7845211904960154,-2.5287590738242645
2024-10-07,-1.2398386018582,-1.6454384745508737,-2.3323962879962155
2024-10-08,1.062841265673005,-1.920107048402546,-2.8402973677822256
2024-10-09,1.117917231904725,-1.8526377854967444,-2.6241627314471243
2024-10-10,-0.89053628840649,-1.908161821423366,-2.66268630718721
2024-10-11,0.583691436167025,-1.9900131352685237,-2.7973948902786434
2024-10-14,0.947679082611455,-1.7104090250266044,-2.418058068016266
2024-10-15,-0.02085183276563,-1.6479447683758717,-2.3419616319701713
2024-10-16,-0.9608151562534248,-1.6740223809237385,-2.3784597471296784
2024-10-17,1.580995293514945,-1.8834225135608909,-2.6732307606685723
2024-10-18,-1.7273605721929397,-1.702115472959312,-2.4297661566649884
2024-10-21,-1.114052531293785,-2.6730936965714482,-3.8562221619418535
2024-10-22,-1.49903529870525,-2.0940119006307065,-2.9904047877110953
2024-10-23,0.306121726859125,-1.9223033064874493,-2.7600777484926486
2024-10-24,0.27199988763786004,-1.8360058109930661,-2.624036119081447
2024-10-25,-0.8981278908696199,-1.790942046043214,-2.512268603845335
2024-10-28,0.794199711994425,-1.7891456207800087,-2.5282735635355484
2024-10-29,2.36535650981901,-1.8063398174027299,-2.5026808925507877
2024-10-30,-1.640909977844085,-2.2690588464520425,-3.2068153078192108
2024-10-31,-1.397099297096045,-2.3861334206403986,-3.4106144440375363
2024-11-01,0.16324996709882,-2.371945887822885,-3.2947991169481683
2024-11-04,0.603356609729855,-1.9671350874677922,-2.7226863149500202
2024-11-05,0.8838557424199451,-1.7607161419652042,-2.532996269114414
2024-11-06,2.2713650489144097,-1.9107748722869156,-2.781861975758402
2024-11-07,-0.28940270890591496,-1.973634444290886,-2.9221056110357675
2024-11-08,-0.22566454050286988,-1.8902547630834634,-2.6686058599011266
2024-11-11,1.08322497894144,-1.8250521469224332,-2.64448041244319
2024-11-12,-1.01798136949379,-1.7097601960910391,-2.4328239281401496
2024-11-13,-1.1144863957844149,-1.8872528932723898,-2.6372676732612605
2024-11-14,-0.37593985809801,-1.9024183513189714,-2.6808004919153596
2024-11-18,-0.8236723113516748,-1.8076342321825487,-2.6093931298491033
2024-11-19,-0.33293876268859,-2.306410173617313,-3.250239254551524
2024-11-21,-1.150801285901465,-1.9051096712383553,-2.7046229126381176
2024-11-22,4.03656890748454,-1.981461001639953,-2.805651095853161
2024-11-25,1.3795285044466898,-2.4331692962872893,-3.471827068880184
2024-11-26,0.60340536875865,-2.4261254234881386,-3.3374039066844943
2024-11-27,-0.30761389129858,-2.0977287295920592,-2.9579559561861744
2024-11-28,-1.5106897367698648,-1.9473096967787957,-2.7404128744499165
2024-11-29,0.038269159038565,-2.4111083074116135,-3.38973107327867
2024-12-02,0.43506798003397007,-1.8273221383596043,-2.5297801764819616
2024-12-03,1.36437811776784,-1.7083505559088548,-2.4577069956045863
2024-12-04,0.26017481176750495,-1.7724857431027334,-2.485692198479729
2024-12-05,1.5258005288125098,-1.7296360835627713,-2.426235708013764
2024-12-06,-0.426870552407585,-1.708522918851139,-2.4757500491912365
2024-12-09,-0.292762261541665,-1.6847655285263594,-2.492990913455436
2024-12-10,1.1907120581573,-1.6976860356529717,-2.4358744904283065
2024-12-11,0.3113996102169851,-1.6964423846070575,-2.4366788580532805
2024-12-12,-0.136161323050155,-1.672517298908232,-2.4055189185291357
2024-12-13,0.776220516894055,-1.634892252755757,-2.3589697933842397
2024-12-16,-0.5285824854913951,-1.6409187892685573,-2.3144698115048024
2024-12-17,-0.69485750806844,-1.7007351793193375,-2.456346399604316
2024-12-18,-0.6698401055029349,-1.7014319300273482,-2.467856931526122
2024-12-19,-1.1596198555950852,-1.7070958394987574,-2.4816244152123694
2024-12-20,-1.886375058809685,-1.8845962355349488,-2.720285232662533
2024-12-23,0.6161716843791699,-2.101293201272663,-2.964230087811985
2024-12-24,-0.95502331587618,-1.827230323311057,-2.624129677509729
2024-12-26,-0.018608562361945,-1.822634113168134,-2.581426639172949
2024-12-27,-0.549513856617935,-1.7562098705574138,-2.457946717654114
2024-12-30,-0.9959858714911949,-1.7504091794928314,-2.4852276732145264
2024-12-31,-0.266727330100415,-1.8290675648570274,-2.5212641546246943
2025-01-01,-0.04374303726639499,-1.8360076802602228,-2.6239076579098377
2025-01-02,2.464074191071385,-1.697602319047999,-2.404272908772731
2025-01-03,-0.9793302755697,-1.8583915702617333,-2.647042751198723
2025-01-06,-1.106199165586245,-1.8026145164983578,-2.5768013959351457
2025-01-07,-0.029829474995515026,-1.9112007809703448,-2.609482234269858
2025-01-08,-0.43083351723735497,-1.7829028035471082,-2.533335055452407
2025-01-09,-1.110267769860905,-1.7711265817278101,-2.4260866890895487
2025-01-10,0.13440767423680988,-1.820746448279654,-2.544926003623382
2025-01-13,-1.05454352781984,-1.9344736450197173,-2.764702998386309
2025-01-14,0.6945832396990901,-1.998828061501633,-2.81314809564674
2025-01-15,0.616350779597,-2.0381984121794647,-2.8163343286491873
2025-01-16,0.28229416443967503,-1.8752594487772702,-2.6111001517774484
2025-01-17,-3.1629121691639703,-1.8933615838870774,-2.613604512645732
2025-01-20,0.922419784585555,-3.104893793317123,-4.393975758801587
2025-01-21,-1.661865699158125,-2.1423149488588424,-3.141179599339742
2025-01-22,1.154280096137555,-2.0968909560668245,-2.935010261739121
2025-01-23,-0.2617423457808301,-2.0150246048678104,-2.8781505507400778
2025-01-24,0.14987486104558,-1.8906607667541795,-2.712385452507636
2025-01-27,-1.1075263031833797,-1.76060983503414,-2.5435913350867887
2025-01-28,0.42533422810262,-2.1227420537969746,-3.0048386836024092
2025-01-29,1.7882929003531,-1.7967351471973405,-2.5731044999748636
2025-01-30,-0.29650588811522494,-1.7916755825629027,-2.520902931359491
2025-01-31,1.2015963577722548,-1.8113010448754847,-2.550672573685897
2025-02-01,-1.210893368502415,-1.7553337838319027,-2.486622845225105
2025-02-03,-0.009020430995914985,-1.7672026101840017,-2.538477749267008
2025-02-04,2.1286540036815498,-1.7317643110632015,-2.44703904259671
2025-02-05,-0.897122995483215,-1.7738817353758674,-2.57428620576224
2025-02-06,-0.42109108997392497,-1.8145036510151062,-2.578734155335204
2025-02-07,-1.32466719303568,-1.8310495450201936,-2.5587538688236493
2025-02-10,-0.64422606735297,-2.0078794211543753,-2.7481364410883966
2025-02-11,-0.512112391946855,-1.9091365239313665,-2.721406091833855
2025-02-12,-0.19432915140562504,-1.8038299391217807,-2.5707924998765104
2025-02-13,-0.9134215064301199,-1.7393243814153594,-2.5141892285870813
2025-02-14,-0.023923512765300026,-1.7299020980781894,-2.517349510124879
2025-02-17,0.0015805023995800194,-1.6861241925186505,-2.4347229276737434
2025-02-18,0.13049778039836,-1.6350065297528547,-2.4463266172670637
2025-02-19,-1.020291548375,-1.6814861726132861,-2.426321480058335
2025-02-20,0.55939544297945,-1.8218333225234051,-2.7292139253453365
2025-02-21,-0.8092581675404099,-1.7142132812553919,-2.547453178346927
2025-02-24,-1.81156184409593,-1.7637292664909687,-2.5478884527264745
2025-02-25,-0.28341293815846996,-1.9982514942690937,-2.9378208064846794
2025-02-27,-0.59103319717397,-1.8306175991168947,-2.597204719591875
2025-02-28,-3.3036386315967703,-1.736670601980628,-2.457394441668954
2025-03-03,1.08500201965559,-2.4699989956824053,-3.5453027105283716
2025-03-04,0.87272343168458,-2.084019120606767,-3.1053230677825048
2025-03-05,1.6710944469738949,-2.0696195409282994,-2.9880810627377596
2025-03-06,0.24316681383503502,-1.960556652899932,-2.788810418490083
2025-03-07,-0.829697059085855,-1.8179869013763315,-2.535357174500763
2025-03-10,0.192698958465855,-1.8206681741118407,-2.5773788583050825
2025-03-11,-1.119870329576095,-1.7465014843331312,-2.449094727050945
2025-03-12,-2.643657488401055,-1.899885613932247,-2.7866345590764143
2025-03-13,-0.016099446835249998,-2.360541326271075,-3.5044765014025407
2025-03-17,-0.0021340322456749883,-1.9789190330364768,-2.893976225158565
2025-03-18,0.0,-1.7904961991414434,-2.554628545620087
2025-03-19,1.3849052248665048,-1.756878445059233,-2.5156322680974306
2025-03-20,1.203412224726945,-1.8201331031684875,-2.599402001685107
2025-03-21,-0.47405765923849996,-1.7782963279412802,-2.5620071982283026
2025-03-24,1.8056874181100748,-1.7816572233361072,-2.594838194791342
2025-03-25,0.5966223499172799,-1.9579506176289252,-2.797080384623453
2025-03-26,-1.47429691432118,-1.8414900828633738,-2.6794126390701223
2025-03-27,0.6682709941352399,-1.927898077876411,-2.7631653388952953
2025-03-28,-1.088340911932765,-1.7863619981689547,-2.5656178143633026
2025-04-01,-1.412639457836505,-1.8821421585326212,-2.6848277243102494
2025-04-02,1.04331890739134,-2.001514783897176,-2.8670354598203653
2025-04-03,-1.552149571598955,-1.7822554495519074,-2.553179989060367
2025-04-04,-2.281131618032295,-2.1034584994571306,-3.0431035728632305
2025-04-07,-3.28473628616083,-2.3272554163515413,-3.274220852421881
2025-04-08,2.566309345678915,-2.8050538008944708,-3.9659100930167246
2025-04-09,-2.63376424904114,-2.3017534134363005,-3.260224834879381
2025-04-11,0.983127253727035,-2.637488699965443,-3.646497189885281
2025-04-15,1.219674429397655,-2.071759728318125,-2.911236291136159
2025-04-16,0.08300963531465011,-1.829700501493389,-2.5716413897777155
2025-04-17,1.863861914273285,-1.7747018341013971,-2.5319051109017647
2025-04-21,2.29005124826728,-1.9061800774643343,-2.6676887050358076
2025-04-22,-0.6335551095348001,-1.907473761595476,-2.751553426580662
2025-04-23,1.2510458995762401,-1.9774614000703337,-2.7571025187066356
2025-04-24,-0.1218655042290229,-1.9761954229272878,-2.8117110145703617
2025-04-25,-0.6168667697257901,-1.7736685961477119,-2.4883779290082333
2025-04-28,1.221366435965775,-1.864459306837845,-2.6110523975737148
2025-04-29,0.22235819680350505,-1.8898964540021692,-2.689510681197222
2025-04-30,-1.406005544318585,-1.707613484672998,-2.401283811964109
2025-05-02,0.7339192852825649,-2.1566286197012183,-3.0205550936859016
2025-05-05,-0.365887859200385,-1.8562317366206935,-2.620861673640843
2025-05-06,-0.9205725358375101,-1.751292101963215,-2.4305308516733595
2025-05-07,0.023051204530270014,-1.9366818847571008,-2.667814594671477
2025-05-08,-0.35686218829054006,-1.7264722791238207,-2.4141629773648705
2025-05-09,0.536179433787335,-1.715695977658788,-2.3709377200816735
2025-05-12,5.22488197898124,-1.718141762990327,-2.346703778769359
2025-05-13,-1.81841448683023,-2.35425482418794,-3.3031459457083723
2025-05-14,0.687420321145655,-2.4012942517459157,-3.4297863898711456
2025-05-15,1.080982464556425,-2.0120832811855665,-2.7934476423638466
2025-05-16,-0.7054483276025499,-1.7599947636974616,-2.4951735958012318
2025-05-19,-0.77295093573541,-1.8689364564325244,-2.646369434485188
2025-05-20,-0.565899063396605,-1.8472199609927387,-2.629871259649242
2025-05-21,0.34466197617916006,-1.817417688115419,-2.6073039358688432
2025-05-22,-0.791607662524175,-1.6734854407952282,-2.4226758142310687
2025-05-23,0.889043715323555,-1.776985195946574,-2.5173755380945257
2025-05-26,0.74523246030147,-1.725262724997962,-2.3967174816777743
